time,open,high,low,close,EMA,EMA,EMA,EMA
2007-09-28,1136.24,1136.24,1136.24,1136.24,,,,
2007-10-01,2452.08,2452.08,2452.08,2452.08,,,,
2007-10-02,1695.25,1695.25,1695.25,1695.25,,,,
2007-10-03,1073.19,1073.19,1073.19,1073.19,,,,
2007-10-04,1512.07,1512.07,1512.07,1512.07,,,,
2007-10-05,2313.25,2313.25,2313.25,2313.25,,,,
2007-10-08,654.08,654.08,654.08,654.08,,,,
2007-10-09,2003.99,2003.99,2003.99,2003.99,,,,
2007-10-10,1273.84,1273.84,1273.84,1273.84,,,,
2007-10-11,1492.6,1492.6,1492.6,1492.6,,,,
2007-10-12,1663.52,1663.52,1663.52,1663.52,,,,
2007-10-15,677.73,677.73,677.73,677.73,,,,
2007-10-16,796.55,796.55,796.55,796.55,,,,
2007-10-17,1733.47,1733.47,1733.47,1733.47,,,,
2007-10-18,1454.7,1454.7,1454.7,1454.7,,,,
2007-10-19,215.33,215.33,215.33,215.33,,,,
2007-10-22,1949.53,1949.53,1949.53,1949.53,,,,
2007-10-23,2153.35,2153.35,2153.35,2153.35,,,,
2007-10-24,1977.56,1977.56,1977.56,1977.56,,,,
2007-10-25,2071.85,2071.85,2071.85,2071.85,,1515.009,,
2007-10-26,2577.93,2577.93,2577.93,2577.93,,1616.2395714285715,,
2007-10-29,1817.25,1817.25,1817.25,1817.25,,1635.3834217687074,,
2007-10-30,966.4,966.4,966.4,966.4,,1571.6707149335925,,
2007-10-31,2860.57,2860.57,2860.57,2860.57,,1694.4230277970598,,
2007-11-01,252.69,252.69,252.69,252.69,,1557.115120387816,,
2007-11-02,1808.9,1808.9,1808.9,1808.9,,1581.0946327318336,,
2007-11-05,850.31,850.31,850.31,850.31,,1511.4960962811829,,
2007-11-06,2446.26,2446.26,2446.26,2446.26,,1600.5212299686893,,
2007-11-07,275.83,275.83,275.83,275.83,,1474.3601604478617,,
2007-11-08,2492.06,2492.06,2492.06,2492.06,,1571.2839546909224,,
2007-11-09,1187.72,1187.72,1187.72,1187.72,,1534.754054244168,,
2007-11-12,1476.85,1476.85,1476.85,1476.85,,1529.2393824113901,,
2007-11-13,3649.45,3649.45,3649.45,3649.45,,1731.1642031341148,,
2007-11-14,1427.75,1427.75,1427.75,1427.75,,1702.2676123594372,,
2007-11-15,823.6,823.6,823.6,823.6,,1618.5849826109193,,
2007-11-16,2282.41,2282.41,2282.41,2282.41,,1681.8064128384508,,
2007-11-19,476.22,476.22,476.22,476.22,,1566.9886592347889,,
2007-11-20,2145.2,2145.2,2145.2,2145.2,,1622.0564059743328,,
2007-11-21,656.71,656.71,656.71,656.71,,1530.1186530243963,,
2007-11-23,1288.12,1288.12,1288.12,1288.12,,1507.071162260168,,
2007-11-26,476.46,476.46,476.46,476.46,,1408.91771823539,,
2007-11-27,2747.03,2747.03,2747.03,2747.03,,1536.356983165353,,
2007-11-28,3944.11,3944.11,3944.11,3944.11,,1765.6667942924623,,
2007-11-29,1376.41,1376.41,1376.41,1376.41,,1728.5947186455612,,
2007-11-30,2861.48,2861.48,2861.48,2861.48,,1836.4885549650317,,
2007-12-03,1203.87,1203.87,1203.87,1203.87,,1776.2391687778859,,
2007-12-04,867.43,867.43,867.43,867.43,,1689.6859146085635,,
2007-12-05,2696.35,2696.35,2696.35,2696.35,,1785.5586846458432,,
2007-12-06,2679.44,2679.44,2679.44,2679.44,,1870.6902384890961,,
2007-12-07,1495.08,1495.08,1495.08,1495.08,,1834.917834823468,1648.2014000000004,
2007-12-10,1903.13,1903.13,1903.13,1903.13,,1841.4142315069473,1658.1986000000004,
2007-12-11,272.21,272.21,272.21,272.21,,1691.9662094586665,1603.8461058823534,
2007-12-12,2438.24,2438.24,2438.24,2438.24,,1763.0399037959364,1636.5674350634376,
2007-12-13,1219.76,1219.76,1219.76,1219.76,,1711.298960577276,1620.2220454531068,
2007-12-14,463.92,463.92,463.92,463.92,,1592.500964331821,1574.8768672000438,
2007-12-17,561.25,561.25,561.25,561.25,,1494.2865867764094,1535.1267939765125,
2007-12-18,2332.82,2332.82,2332.82,2332.82,,1574.1469118453228,1566.4088804872376,
2007-12-19,1381.34,1381.34,1381.34,1381.34,,1555.784348812435,1559.1512773308755,
2007-12-20,1732.65,1732.65,1732.65,1732.65,,1572.628696544584,1565.955148808096,
2007-12-21,3646.49,3646.49,3646.49,3646.49,,1770.1392968736711,1647.5447508156217,
2007-12-24,894.98,894.98,894.98,894.98,,1686.790792409512,1618.0324076463817,
2007-12-26,969.75,969.75,969.75,969.75,,1618.5011931324157,1592.6095681308373,
2007-12-27,234.34,234.34,234.34,234.34,,1486.6763175959952,1539.3440948708044,
2007-12-28,1043.81,1043.81,1043.81,1043.81,,1444.4985730630433,1519.9113852680277,
2007-12-31,842.22,842.22,842.22,842.22,,1387.138708961801,1493.3352525124187,
2008-01-02,770.78,770.78,770.78,770.78,,1328.4378795368675,1464.9997524138926,
2008-01-03,1420.5,1420.5,1420.5,1420.5,,1337.2057005333563,1463.254664083936,
2008-01-04,276.2,276.2,276.2,276.2,,1236.1575385777985,1416.7035007865268,
2008-01-07,2166.07,2166.07,2166.07,2166.07,,1324.7206301418178,1446.09042232431,
2008-01-08,860.42,860.42,860.42,860.42,,1280.5015225092636,1423.1229547821804,
2008-01-09,3083.89,3083.89,3083.89,3083.89,,1452.25280607981,1488.251074202487,
2008-01-10,3469.66,3469.66,3469.66,3469.66,,1644.3868245483995,1565.9533850180758,
2008-01-11,1023.41,1023.41,1023.41,1023.41,,1585.246174591409,1544.6771738408963,
2008-01-14,2600.93,2600.93,2600.93,2600.93,,1681.9779674874653,1586.0988532981162,
2008-01-15,332.6,332.6,332.6,332.6,,1553.4657801077067,1536.9420355217194,
2008-01-16,2527.43,2527.43,2527.43,2527.43,,1646.224277240306,1575.7847007953774,
2008-01-17,646.75,646.75,646.75,646.75,,1551.0362508364674,1539.3519674308527,
2008-01-18,2621.62,2621.62,2621.62,2621.62,,1652.996607899661,1581.7938510610154,
2008-01-23,5091.21,5091.21,5091.21,5091.21,,1980.4455023854075,1719.418013764505,
2008-01-24,3252.06,3252.06,3252.06,3252.06,,2101.5516450153686,1779.5216210678577,
2008-01-25,1279.98,1279.98,1279.98,1279.98,,2023.3067264424765,1759.9317535750006,
2008-01-28,3242.7,3242.7,3242.7,3242.7,,2139.4394191622405,1818.0795279446083,
2008-01-29,2697.46,2697.46,2697.46,2697.46,,2192.584236384884,1852.565036652663,
2008-01-30,1787.49,1787.49,1787.49,1787.49,,2154.0038329196573,1850.01307443099,
2008-01-31,4114.69,4114.69,4114.69,4114.69,,2340.7358488320706,1938.8239342572256,
2008-02-01,3927.32,3927.32,3927.32,3927.32,,2491.8391013242544,2016.8041721294912,
2008-02-04,1093.85,1093.85,1093.85,1093.85,,2358.697282150516,1980.6098908695112,
2008-02-05,312.93,312.93,312.93,312.93,,2163.862302898086,1915.2106794628637,
2008-02-06,1192.25,1192.25,1192.25,1192.25,,2071.327797860173,1886.8592802682415,
2008-02-07,2687.88,2687.88,2687.88,2687.88,,2130.047055206823,1918.2718575126241,
2008-02-08,1537.47,1537.47,1537.47,1537.47,,2073.6111451871257,1903.3384513356584,
2008-02-11,2258.55,2258.55,2258.55,2258.55,,2091.2243694550184,1917.268315989162,
2008-02-12,2552.3,2552.3,2552.3,2552.3,,2135.136334268826,1942.1715192837046,
2008-02-13,2973.48,2973.48,2973.48,2973.48,,2214.978588147985,1982.614989115716,
2008-02-14,638.97,638.97,638.97,638.97,,2064.8825321338913,1929.923028758237,
2008-02-15,1493.79,1493.79,1493.79,1493.79,,2010.4927671687587,1912.8197727285021,
2008-02-19,1705.8,1705.8,1705.8,1705.8,,1981.4744083907817,1904.7013502685609,
2008-02-20,2638.07,2638.07,2638.07,2638.07,,2044.007321877374,1933.4609051599898,
2008-02-21,796.54,796.54,796.54,796.54,,1925.200910270005,1888.875771624304,
2008-02-22,2539.28,2539.28,2539.28,2539.28,,1983.684633101433,1914.3818197959,1739.6131
2008-02-25,3214.71,3214.71,3214.71,3214.71,,2100.92514423463,1965.375081764688,1768.8229396039603
2008-02-26,2950.56,2950.56,2950.56,2950.56,,2181.8427495456176,2004.0097844405827,1792.223673473189
2008-02-27,1939.68,1939.68,1939.68,1939.68,,2158.779630541273,2001.487047795854,1795.1436007311456
2008-02-28,1140.42,1140.42,1140.42,1140.42,,2061.792999061152,1967.7197125881735,1782.1787769542912
2008-02-29,256.36,256.36,256.36,256.36,,1889.846999150566,1900.6075669964805,1751.9645437472755
2008-03-03,1809.39,1809.39,1809.39,1809.39,,1882.1844278028932,1897.0304075064225,1753.1016814948541
2008-03-04,1518.76,1518.76,1518.76,1518.76,,1847.572577535951,1882.1962738787197,1748.4612521583224
2008-03-05,2682.21,2682.21,2682.21,2682.21,,1927.0618558658605,1913.5693611775935,1766.9513263730091
2008-03-06,414.13,414.13,414.13,414.13,,1782.9731076881594,1854.7678176020015,1740.162785256712
2008-03-07,1464.55,1464.55,1464.55,1464.55,,1752.6470974321442,1839.4651580881975,1734.7051063407375
2008-03-10,536.68,536.68,536.68,536.68,,1636.8407072005114,1788.3755440455232,1710.9818369082477
2008-03-11,4463.39,4463.39,4463.39,4463.39,,1906.03587794332,1893.2780717300125,1765.4849688506586
2008-03-12,1285.87,1285.87,1285.87,1285.87,,1846.972460996337,1869.4581473484434,1755.987642734804
2008-03-13,2910.73,2910.73,2910.73,2910.73,,1948.2827028062097,1910.2923376485044,1778.8538280271841
2008-03-14,478.56,478.56,478.56,478.56,,1808.3091120627612,1854.14597146621,1753.1054353929824
2008-03-17,1571.37,1571.37,1571.37,1571.37,,1785.7434823424983,1843.0567176832214,1749.506713900052
2008-03-18,4631.86,4631.86,4631.86,4631.86,,2056.8021983098793,1952.4215522838795,1806.5830165951006
2008-03-19,747.05,747.05,747.05,747.05,,1932.0638937089384,1905.152079645296,1785.6021647813363
2008-03-20,4522.72,4522.72,4522.72,4522.72,,2178.7930466890393,2007.8018020121472,1839.8025179539832
2008-03-24,3263.48,3263.48,3263.48,3263.48,,2282.096566051988,2057.044084286181,1867.994151261825
2008-03-25,2448.29,2448.29,2448.29,2448.29,,2297.9245121422746,2072.3870613729973,1879.4851581675314
2008-03-26,1131.55,1131.55,1131.55,1131.55,,2186.8412252715816,2035.491490338762,1864.674560976095
2008-03-27,876.7,876.7,876.7,876.7,,2062.065870483812,1990.0486867960656,1845.1107082834992
2008-03-28,849.9,849.9,849.9,849.9,,1946.621501866306,1945.3369735883766,1825.4035655452121
2008-03-31,2540.32,2540.32,2540.32,2540.32,,2003.1642159742769,1968.6696412907932,1839.5603266235248
2008-04-01,3865.54,3865.54,3865.54,3865.54,,2180.533338262441,2043.0567141813503,1879.6787359973164
2008-04-02,2246.31,2246.31,2246.31,2246.31,,2186.7977822374464,2051.0274312722777,1886.9387610270726
2008-04-03,2095.73,2095.73,2095.73,2095.73,,2178.1246601195944,2052.780473183169,1891.0732410067344
2008-04-04,1764.64,1764.64,1764.64,1764.64,,2138.745168679633,2041.4808467838288,1888.5696124719475
2008-04-07,2146.22,2146.22,2146.22,2146.22,,2139.457057376811,2045.588264557012,1893.67160034379
2008-04-08,1235.36,1235.36,1235.36,1235.36,,2053.3525757218767,2013.8146071234037,1880.6357270696556
2008-04-09,842.35,842.35,842.35,842.35,,1938.018997081698,1967.8748186087605,1860.0756136623356
2008-04-10,2230.51,2230.51,2230.51,2230.51,,1965.8752830739172,1978.1742374868484,1867.4109480452596
2008-04-11,333,333,333,333,,1810.3633513525917,1913.6576007226583,1837.0265728364425
2008-04-14,1230.57,1230.57,1230.57,1230.57,,1755.1449369380591,1886.8698516747108,1825.0175317901762
2008-04-15,2240.8,2240.8,2240.8,2240.8,,1801.3978000868153,1900.7494653345261,1833.250847992351
2008-04-16,3578.24,3578.24,3578.24,3578.24,,1970.6208667452138,1966.533407870427,1867.8050886261658
2008-04-17,1836.04,1836.04,1836.04,1836.04,,1957.8036413409077,1961.4160193264888,1867.176076970202
2008-04-18,3311.51,3311.51,3311.51,3311.51,,2086.7280564512976,2014.3608813136852,1895.7767487133665
2008-04-21,1472.62,1472.62,1472.62,1472.62,,2028.2415748845074,1993.1161408700113,1887.3974071546859
2008-04-22,957,957,957,957,,1926.2185677526495,1952.4841353456973,1868.9736961219198
2008-04-23,2028.43,2028.43,2028.43,2028.43,,1935.9529898714447,1955.4624045478267,1872.131246693763
2008-04-24,2821.88,2821.88,2821.88,2821.88,,2020.326990836069,1989.4395651537943,1890.938152699827
2008-04-25,2486.79,2486.79,2486.79,2486.79,,2064.752039327872,2008.9435037752141,1902.7371991810185
2008-04-28,1699.8,1699.8,1699.8,1699.8,,2029.994702249027,1996.8202291173627,1898.7186407813942
2008-04-29,1438.73,1438.73,1438.73,1438.73,,1973.68377822531,1974.9343377794269,1889.6099548253271
2008-04-30,2011.1,2011.1,2011.1,2011.1,,1977.2472279181377,1976.3525990429787,1892.0156982941326
2008-05-01,3176.06,3176.06,3176.06,3176.06,,2091.419872878315,2023.3999481001167,1917.4423181298923
2008-05-02,2172.11,2172.11,2172.11,2172.11,,2099.104646889904,2029.2317148412885,1922.4852425233598
2008-05-05,1380.83,1380.83,1380.83,1380.83,,2030.697537662294,2003.8041966122184,1911.7593961367586
2008-05-06,2645.96,2645.96,2645.96,2645.96,,2089.2939626468374,2028.9867771372294,1926.2980219558326
2008-05-07,625.99,625.99,625.99,625.99,,1949.9316804899956,1973.9672956808674,1900.549348253737
2008-05-08,1944.23,1944.23,1944.23,1944.23,,1949.3886633004722,1972.801127222794,1901.4143116546531
2008-05-09,1094.51,1094.51,1094.51,1094.51,,1867.9716477480463,1938.3583379199395,1885.4360084535708
2008-05-12,2313.07,2313.07,2313.07,2313.07,,1910.361967010137,1953.0529129034712,1893.9040082861734
2008-05-13,1821.03,1821.03,1821.03,1821.03,,1901.8541606282192,1947.8755437700017,1892.4609586171402
2008-05-14,2336.16,2336.16,2336.16,2336.16,,1943.2166215207699,1963.102385190786,1901.247078248484
2008-05-15,2950.99,2950.99,2950.99,2950.99,,2039.1950385187918,2001.843075967618,1922.034066798019
2008-05-16,1741.53,1741.53,1741.53,1741.53,,2010.8459872312878,1991.6347200473192,1918.4597288416226
2008-05-19,1877.67,1877.67,1877.67,1877.67,,1998.1625598759272,1987.1655153395811,1917.6520114388181
2008-05-20,1035.36,1035.36,1035.36,1035.36,,1906.4670779829817,1949.839808855676,1900.1808824994355
2008-05-21,759.64,759.64,759.64,759.64,,1797.2454515084119,1903.1653065476103,1877.5959145291497
2008-05-22,1943.66,1943.66,1943.66,1943.66,,1811.1896942218964,1904.7533337418217,1878.9041142414437
2008-05-23,584.57,584.57,584.57,584.57,,1694.3687709626681,1852.981438300966,1853.273735741613
2008-05-27,1949.65,1949.65,1949.65,1949.65,,1718.6812689662236,1856.7723622891633,1855.182176618017
2008-05-28,2190.24,2190.24,2190.24,2190.24,,1763.5916243027737,1869.8495245523334,1861.8169850018185
2008-05-29,2129.81,2129.81,2129.81,2129.81,,1798.4695648453667,1880.0440530012615,1867.1237773780201
2008-05-30,2051.68,2051.68,2051.68,2051.68,,1822.5848443839031,1886.7748744521925,1870.778356043802
2008-06-02,841.86,841.86,841.86,841.86,,1729.1824782521028,1845.7978205521065,1850.4037351320435
2008-06-03,1747.13,1747.13,1747.13,1747.13,,1730.891766037617,1841.9284942559455,1848.3587106739833
2008-06-04,1501.43,1501.43,1501.43,1501.43,,1709.0382645102247,1828.5756121282614,1841.4888352150926
2008-06-05,3429.6,3429.6,3429.6,3429.6,,1872.9012869378223,1891.3608822408785,1872.9365810524175
2008-06-06,482.49,482.49,482.49,482.49,,1740.4811643723153,1836.1110437216284,1845.4029853880131
2008-06-09,1612.76,1612.76,1612.76,1612.76,,1728.3172439559044,1827.3521792619567,1840.7961935981514
2008-06-10,1931.67,1931.67,1931.67,1931.67,,1747.684173102961,1831.4430741928604,1842.5956749130394
2008-06-11,670.56,670.56,670.56,670.56,,1645.1009185217267,1785.9182477539248,1819.3870476870386
2008-06-12,2560.23,2560.23,2560.23,2560.23,,1732.2560691387052,1816.2834145086729,1834.0572051585823
2008-06-13,3149.17,3149.17,3149.17,3149.17,,1867.200253030257,1868.5534766848034,1860.0990426801945
2008-06-16,2014.84,2014.84,2014.84,2014.84,,1881.2611813130898,1874.2902030893208,1863.163220052864
2008-06-17,1280.37,1280.37,1280.37,1280.37,,1824.0334497594622,1850.999214732877,1851.622760249837
2008-06-18,1087.22,1087.22,1087.22,1087.22,,1753.860740258561,1821.047088664921,1836.486071928058
2008-06-19,2281.03,2281.03,2281.03,2281.03,,1804.0673364244124,1839.085634207473,1845.2889219888884
2008-06-20,753.73,753.73,753.73,753.73,,1704.035209145897,1796.5226681601212,1823.6738938306926
2008-06-23,1471.99,1471.99,1471.99,1471.99,,1681.9356654177163,1783.7958968597243,1816.7098563290947
2008-06-24,2315.71,2315.71,2315.71,2315.71,,1742.2951258541243,1804.6552734534605,1826.591047292875
2008-06-25,3151.93,3151.93,3151.93,3151.93,,1876.5460662489695,1857.4895764552855,1852.8353829900457
2008-06-26,555.91,555.91,555.91,555.91,,1750.7712027966868,1806.4472401237056,1827.1536922377675
2008-06-27,2336.08,2336.08,2336.08,2336.08,,1806.514897768431,1827.2171522757171,1837.2314409063265
2008-06-30,2167.27,2167.27,2167.27,2167.27,,1840.87252655239,1840.5525580688263,1843.7668579180825
2008-07-01,2702.78,2702.78,2702.78,2702.78,,1922.9589525950194,1874.3653989288723,1860.7770191474274
2008-07-02,891.66,891.66,891.66,891.66,,1824.740004728827,1835.8279323042107,1841.586583124706
2008-07-03,1420.91,1420.91,1420.91,1420.91,,1786.2800042784625,1819.5566408413004,1833.2563537559
2008-07-04,1525.73,1525.73,1525.73,1525.73,,1761.465718156704,1808.034027474975,1827.1667229884563
2008-07-07,1801.95,1801.95,1801.95,1801.95,,1765.3213640465417,1807.7954381622308,1826.66738193918
2008-07-08,4048.35,4048.35,4048.35,4048.35,,1982.752662708776,1895.6603229401826,1870.661097148305
2008-07-09,896.62,896.62,896.62,896.62,,1879.3114567365114,1856.4822710601754,1851.3731546305169
2008-07-10,2741.42,2741.42,2741.42,2741.42,,1961.4170322854152,1891.1857114107568,1868.9978446378334
2008-07-11,1764.1,1764.1,1764.1,1764.1,,1942.6249339725184,1886.2019580220997,1866.9206595955
2008-07-14,1433.2,1433.2,1433.2,1433.2,,1894.1082735941834,1868.4371753545663,1858.3321316827178
2008-07-15,1976.3,1976.3,1976.3,1976.3,1823.7723500000002,1901.936057061404,1872.667090046544,1860.6681290751392
2008-07-16,4826.68,4826.68,4826.68,4826.68,1853.6520281094529,2180.483099246032,1988.5107335741304,1919.401037410285
2008-07-17,4739.24,4739.24,4739.24,4739.24,1882.364346237717,2424.1742326511717,2096.3824695124,1975.2394327090913
2008-07-18,2838.18,2838.18,2838.18,2838.18,1891.8749497577396,2463.60335335106,2125.472568747208,1992.3273647346539
2008-07-21,2124.44,2124.44,2124.44,2124.44,1894.1890298596527,2431.30208160334,2125.4320758551603,1994.9434565220865
2008-07-22,3772.16,3772.16,3772.16,3772.16,1912.875308169507,2559.0028357363553,2190.0096415078992,2030.1358633236293
2008-07-23,3816.74,3816.74,3816.74,3816.74,1931.8192354514024,2678.787327570988,2253.802988899746,2065.514163059795
2008-07-24,731.52,731.52,731.52,731.52,1919.8759594767616,2493.333296373751,2194.1056167860306,2039.098437058611
2008-07-25,2124.69,2124.69,2124.69,2124.69,1921.9139101287342,2458.2244110048223,2191.383435735598,2040.7933194930938
2008-07-28,877.62,877.62,877.62,877.62,1911.5229259483488,2307.6906575757916,2139.863301000869,2017.7601844536266
2008-07-29,3851.26,3851.26,3851.26,3851.26,1930.8237923568229,2454.6972616161925,2206.9768970400505,2054.067111494149
2008-07-30,3636.07,3636.07,3636.07,3636.07,1947.7914163134715,2567.208950986079,2263.0197638227937,2085.3939013655518
2008-07-31,1462.08,1462.08,1462.08,1462.08,1942.958466897417,2461.9585747016904,2231.610361319939,2073.0510518335605
2008-08-01,1662.72,1662.72,1662.72,1662.72,1940.1700244407264,2385.840615206291,2209.300935385824,2064.9256844705196
2008-08-04,1158.46,1158.46,1158.46,1158.46,1932.3918152423112,2268.9472232818825,2168.091486939321,2046.9758689364498
2008-08-05,4028.27,4028.27,4028.27,4028.27,1953.2463245433828,2436.5017734455128,2241.0396639220926,2086.209416086223
2008-08-06,2445.21,2445.21,2445.21,2445.21,1958.1414854932,2437.331128355464,2249.046343768285,2093.318338539961
2008-08-07,1102.25,1102.25,1102.25,1102.25,1949.6251523042129,2310.1805447025627,2204.0739381303133,2073.6932229253084
2008-08-08,3473.87,3473.87,3473.87,3473.87,1964.791767704171,2421.008111873747,2253.869862125203,2101.4194957386685
2008-08-11,3138.67,3138.67,3138.67,3138.67,1976.472148125025,2489.3568631238663,2288.567906747744,2121.9591096844374
2008-08-12,1341.47,1341.47,1341.47,1341.47,1970.1537187904476,2380.034304731117,2251.4268123654797,2106.503879789696
2008-08-13,1762.05,1762.05,1762.05,1762.05,1968.0830350213885,2321.178656661487,2232.2355648217354,2099.6830108829695
2008-08-14,2571.51,2571.51,2571.51,2571.51,1974.0872834291358,2345.0197369794405,2245.540444632648,2109.0261195783564
2008-08-15,2273.69,2273.69,2273.69,2273.69,1977.068404987055,2338.2264286956843,2246.644348764701,2112.286790477795
2008-08-18,575.45,575.45,575.45,575.45,1963.121953196139,2170.342959296095,2181.107315479811,2081.8543787851654
2008-08-19,982.18,982.18,982.18,982.18,1953.361336746426,2057.1845822202768,2134.0905580100143,2060.0786485121916
2008-08-20,2495.19,2495.19,2495.19,2495.19,1958.7526667290488,2098.8993839135837,2148.2513204409943,2068.694714878287
2008-08-21,1768.5,1768.5,1768.5,1768.5,1956.8596053685608,2067.432775921814,2133.359111796249,2062.750265078717
2008-08-22,2235.31,2235.31,2235.31,2235.31,1959.6302560614108,2083.4210829768795,2137.357185843455,2066.1672895326037
2008-08-25,284.67,284.67,284.67,284.67,1942.9639848568197,1912.1114560267006,2064.702786398614,2030.8901154824532
2008-08-26,1822.06,1822.06,1822.06,1822.06,1941.7609601318761,1903.5351268813006,2055.187383010433,2026.7548656709196
2008-08-27,2215.65,2215.65,2215.65,2215.65,1944.4862242101658,1933.2603528926054,2061.480034657083,2030.4953633804064
2008-08-28,2588.77,2588.77,2588.77,2588.77,1950.8970080488707,1995.6898430933097,2082.158072513668,2041.5503066798042
2008-08-29,724.87,724.87,724.87,724.87,1938.6977343369417,1874.6593818463277,2028.9310892778376,2015.4774293198082
2008-09-02,2306.87,2306.87,2306.87,2306.87,1942.3611399654299,1915.822297860963,2039.8306544041968,2021.2475792342675
2008-09-03,2150.17,2150.17,2150.17,2150.17,1944.42888981652,1938.1411266361094,2044.1576875648166,2023.8004984573513
2008-09-04,327.16,327.16,327.16,327.16,1928.3366620571517,1784.7143526707657,1976.824444915216,1990.2036569037405
2008-09-05,2752.6,2752.6,2752.6,2752.6,1936.5382873103144,1876.8939381306927,2007.2470157028545,2005.3006141927754
2008-09-08,4059.07,4059.07,4059.07,4059.07,1957.6580058445402,2084.7202297372933,2087.7106621458797,2045.9693149018294
2008-09-09,445.95,445.95,445.95,445.95,1942.6161351396195,1928.6468745242178,2023.3278910813353,2014.285764111694
2008-09-10,3222.78,3222.78,3222.78,3222.78,1955.3540840437029,2051.8976483790543,2070.3652286859888,2038.2163430401754
2008-09-11,4026.36,4026.36,4026.36,4026.36,1975.9611080830691,2239.9416818667632,2147.0709059924206,2077.5855243661126
2008-09-12,3163.01,3163.01,3163.01,3163.01,1987.7725398434366,2327.8529502604047,2186.911654777032,2099.0790783390607
2008-09-15,231.11,231.11,231.11,231.11,1970.293310591263,2128.1631454736994,2110.2135506681284,2062.0895916392774
2008-09-16,5134.58,5134.58,5134.58,5134.58,2001.7787502868723,2414.48856019049,2228.8161565242804,2122.9309858642423
2008-09-17,627.43,627.43,627.43,627.43,1988.1036383437192,2244.2925068390145,2166.0166994056813,2093.3171049560397
2008-09-18,8613.45,8613.45,8613.45,8613.45,2054.027482738309,2850.8789347591082,2418.8572209976155,2222.4286474321575
2008-09-19,7424.51,7424.51,7424.51,7424.51,2107.4651197259877,3286.462845734431,2615.157329978101,2325.440159364194
2008-09-22,1131.29,1131.29,1131.29,1131.29,2097.7519344550824,3081.2082889978187,2556.9664542926853,2301.793621555002
2008-09-23,1224.9,1224.9,1224.9,1224.9,2089.0668405799074,2904.4170233789787,2504.7285541243446,2280.468995385596
2008-09-24,1610.23,1610.23,1610.23,1610.23,2084.3022949024953,2781.1611163905045,2469.6501794528017,2267.1969360710295
2008-09-25,3157.81,3157.81,3157.81,3157.81,2094.983963609933,2817.032438639028,2496.6368390821035,2284.8328383270486
2008-09-26,1977.45,1977.45,1977.45,1977.45,2093.81447143471,2737.072206387692,2476.276570882805,2278.7460494492852
2008-09-29,171.12,171.12,171.12,171.12,2074.683183161728,2492.6958057793404,2385.87827398544,2237.0108801532597
2008-09-30,4554.36,4554.36,4554.36,4554.36,2099.3565843242977,2689.0447766574985,2470.9167730448344,2282.8989815363634
2008-10-01,1878.98,1878.98,1878.98,1878.98,2097.163782490225,2611.895750309165,2447.7035662587623,2274.900585862376
2008-10-02,415.04,415.04,415.04,415.04,2080.4262324156953,2402.6713931368636,2367.9912695427324,2238.0716633700517
2008-10-03,1737.05,1737.05,1737.05,1737.05,2077.0095534861857,2339.2788795047813,2343.248474658704,2228.150442313219
2008-10-06,711.55,711.55,711.55,711.55,2063.4228912624426,2184.257081456707,2279.2602991818917,2198.1187503862247
2008-10-07,412.34,412.34,412.34,412.34,2046.9942057772441,2015.5030736989254,2206.0477384296605,2162.7567949330323
2008-10-08,3309.73,3309.73,3309.73,3309.73,2059.558741043142,2138.762780965694,2249.329395746144,2185.469135627428
2008-10-09,473.88,473.88,473.88,473.88,2043.780843122315,1980.2025161118186,2179.7039292462955,2151.576281456588
2008-10-10,4023.82,4023.82,4023.82,4023.82,2063.482725280302,2174.832752672598,2252.0222065307544,2188.6504144970513
2008-10-13,6519.8,6519.8,6519.8,6519.8,2107.8241907003985,2588.6391571799695,2419.386041568764,2274.4157528238425
2008-10-14,3447.59,3447.59,3447.59,3447.59,2121.1551937780064,2670.4439993533056,2459.7077654288128,2297.6469260352515
2008-10-15,238.61,238.61,238.61,238.61,2102.4234008050908,2438.8407613196573,2372.6058922747416,2256.87391759891
2008-10-16,5943.57,5943.57,5943.57,5943.57,2140.6437649761842,2772.624498336833,2512.64370042083,2329.8778004187334
2008-10-17,2851.19,2851.19,2851.19,2851.19,2147.713876767466,2780.1069270666585,2525.920025894523,2340.2008142718278
2008-10-20,4350.39,4350.39,4350.39,4350.39,2169.6310521230134,2929.657695917453,2597.4678680163065,2380.006540721891
2008-10-21,840.59,840.59,840.59,840.59,2156.4067630471627,2730.6988677348386,2528.570696721549,2349.523044866012
2008-10-22,442.05,442.05,442.05,442.05,2139.3484867979373,2512.732308902949,2446.746355673645,2311.7513014033184
2008-10-23,3117.24,3117.24,3117.24,3117.24,2149.078750610893,2570.3044699598113,2473.0402240786,2327.7015726626587
2008-10-24,1001.68,1001.68,1001.68,1001.68,2137.66184761974,2420.911663296972,2415.3398231343413,2301.4437197386455
2008-10-27,670.71,670.71,670.71,670.71,2123.0653118225287,2254.2257906020222,2346.9229673251516,2269.1519629121376
2008-10-28,6451.48,6451.48,6451.48,6451.48,2166.1341146899663,2653.964286735163,2507.8859882143615,2351.9703398841743
2008-10-29,3508.98,3508.98,3508.98,3508.98,2179.495765290066,2735.3943546651476,2547.1445769118377,2374.8814222627057
2008-10-30,4830.72,4830.72,4830.72,4830.72,2205.8761059339463,2934.9491780303715,2636.6965542878443,2423.5118891485927
2008-10-31,4065.19,4065.19,4065.19,4065.19,2224.3767416957976,3042.591161075098,2692.715905100086,2456.020366591195
2008-11-03,2086.93,2086.93,2086.93,2086.93,2223.0091124251926,2951.575812401279,2668.9595950961607,2448.711646460676
2008-11-04,4676.82,4676.82,4676.82,4676.82,2247.4251411572804,3115.8847826487763,2747.6992188178797,2492.8326039565045
2008-11-05,444.14,444.14,444.14,444.14,2229.4820054243723,2861.432898586988,2657.363563177963,2452.2644335811283
2008-11-06,409.14,409.14,409.14,409.14,2211.3691496490055,2627.881193959656,2569.197933249415,2411.8065240052642
2008-11-07,3737.91,3737.91,3737.91,3737.91,2226.5586108465277,2733.5982231063554,2615.02977900434,2438.065998777437
2008-11-10,1448.94,1448.94,1448.94,1448.94,2218.8211122311395,2611.2498209057503,2569.3007680629935,2418.4793453362995
2008-11-11,747.88,747.88,747.88,747.88,2204.1848822586903,2433.786028438536,2497.8725026487587,2385.3981701811254
2008-11-12,315.05,315.05,315.05,315.05,2185.387520246166,2232.001644777723,2412.2716201919447,2344.401176712192
2008-11-13,6954.48,6954.48,6954.48,6954.48,2232.841176761129,2681.7614881322256,2590.397439007947,2435.6898662822477
2008-11-14,983.33,983.33,983.33,983.33,2220.40822972868,2520.006108310109,2527.3751864978312,2406.930264969728
2008-11-17,964.71,964.71,964.71,964.71,2207.9137199801357,2371.882669423432,2466.094198792034,2378.3714478416146
2008-11-18,2805.34,2805.34,2805.34,2805.34,2213.858260079836,2413.1643199545338,2479.3979557021503,2386.826270656632
2008-11-19,255.68,255.68,255.68,255.68,2194.3738992830217,2207.6896228160067,2392.1933299883403,2344.6253544060055
2008-11-20,846.59,846.59,846.59,846.59,2180.963114215529,2078.0610873097203,2331.58143469468,2314.9612879821243
2008-11-21,6856.67,6856.67,6856.67,6856.67,2227.48756084025,2533.166698042128,2509.035888236065,2404.8961139626763
2008-11-24,7201.24,7201.24,7201.24,7201.24,2276.9776348617397,2977.745107752401,2693.0438926189645,2499.8732206168806
2008-11-25,4428.63,4428.63,4428.63,4428.63,2298.387111131772,3115.9246212997914,2761.106092908417,2538.0664241690215
2008-11-26,4949.82,4949.82,4949.82,4949.82,2324.769527936431,3290.5813240331445,2846.938010833577,2585.82392072013
2008-11-28,1718.03,1718.03,1718.03,1718.03,2318.732318703233,3140.814531268083,2802.6671084479467,2568.639882686068
2008-12-01,114.49,114.49,114.49,114.49,2296.799559313151,2852.5931473377896,2697.248398312733,2520.042855306146
2008-12-02,5203.18,5203.18,5203.18,5203.18,2325.718767678194,3076.458561877048,2795.520225829881,2573.174283913945
2008-12-03,4586.62,4586.62,4586.62,4586.62,2348.215297353038,3220.2834607459004,2865.7594326600815,2613.044496113669
2008-12-04,1315.41,1315.41,1315.41,1315.41,2337.9386277276344,3038.8669406748622,2804.9614156930197,2587.3487635173587
2008-12-05,5058.43,5058.43,5058.43,5058.43,2365.0081936208917,3231.2062796582086,2893.332732724666,2636.2810652298863
2008-12-08,5608.94,5608.94,5608.94,5608.94,2397.2861220425743,3457.6571101669506,2999.8271353629143,2695.145598591671
2008-12-09,1736.69,1736.69,1736.69,1736.69,2390.713026300857,3293.755480627241,2950.292345740839,2676.1662798076773
2008-12-10,3661,3661,3661,3661,2403.352697680948,3328.7311491389323,2978.163234143159,2695.6679376332677
2008-12-11,824.83,824.83,824.83,824.83,2387.646004171685,3090.2643730304626,2893.7187935885254,2658.6216418385493
2008-12-12,3548.96,3548.96,3548.96,3548.96,2399.2013673142555,3133.9496708370853,2919.414527173289,2676.2521043764
2008-12-15,1409.9,1409.9,1409.9,1409.9,2389.3575726146114,2969.7544640906963,2860.2178790488465,2651.175825081818
2008-12-16,5464.01,5464.01,5464.01,5464.01,2419.9511291060085,3207.302610367773,2962.3273739881074,2706.875511713861
2008-12-17,2308.95,2308.95,2308.95,2308.95,2418.8466402591825,3121.7452189041755,2936.704731870927,2698.9957986106165
2008-12-18,1252.16,1252.16,1252.16,1252.16,2407.2378179680463,2943.6894837704444,2870.6441541504983,2670.3455847767427
2008-12-19,3374.63,3374.63,3374.63,3374.63,2416.8636108240858,2984.731437697069,2890.408304968126,2684.2918108207678
2008-12-22,761.39,761.39,761.39,761.39,2400.39123658703,2772.984634106872,2806.917391047807,2646.2145472401585
2008-12-23,1060.3,1060.3,1060.3,1060.3,2387.0569954269604,2609.871811810979,2738.4225913988735,2614.8102987799575
2008-12-24,775.41,775.41,775.41,775.41,2371.0207069152493,2435.1611630670764,2661.441705461663,2578.386530487285
2008-12-26,1141.27,1141.27,1141.27,1141.27,2358.7843814733064,2311.9334332511644,2601.8271287768916,2549.928777408329
2008-12-29,999.63,999.63,999.63,999.63,2345.260457279542,2186.9521538939107,2538.9958688248566,2519.229791717075
2008-12-30,2822.45,2822.45,2822.45,2822.45,2350.008611933477,2247.475758284967,2550.1117171062347,2525.234152277133
2008-12-31,2863.17,2863.17,2863.17,2863.17,2355.1146953968255,2306.11330511497,2562.388512513833,2531.925951241942
2009-01-02,3100.69,3100.69,3100.69,3100.69,2362.533355144121,2381.7872760564014,2583.4983747681927,2543.188605672795
2009-01-05,2573.97,2573.97,2573.97,2573.97,2364.6372023566173,2400.0903926224582,2583.124713012577,2543.79813823373
2009-01-06,3914.29,3914.29,3914.29,3914.29,2380.0566331789396,2544.299879039367,2635.3272732865935,2570.9365909419726
2009-01-07,631.74,631.74,631.74,631.74,2362.660447774174,2362.151319130856,2556.755223353786,2532.536658448072
2009-01-08,2757.86,2757.86,2757.86,2757.86,2366.5927816271674,2399.8378601660124,2564.641685183049,2536.998506795635
2009-01-09,675.11,675.11,675.11,675.11,2349.762107183116,2235.5780639597256,2490.5424034111647,2500.129427453147
2009-01-12,408.12,408.12,408.12,408.12,2330.4422852210946,2061.534438820704,2408.8787797479818,2458.703498196649
2009-01-13,2898.22,2898.22,2898.22,2898.22,2336.0918147213824,2141.218777980637,2428.0686315225707,2467.4067952620617
2009-01-14,280.64,280.64,280.64,280.64,2315.639557858483,1964.020799125338,2343.8557440118816,2424.104482484595
2009-01-15,3249.99,3249.99,3249.99,3249.99,2324.936577183274,2086.4940563514965,2379.390420717298,2440.458651148266
2009-01-16,3362.23,3362.23,3362.23,3362.23,2335.2579047734903,2207.992717651354,2417.9331493166196,2458.71154914533
2009-01-20,303.2,303.2,303.2,303.2,2315.038423133953,2026.583887398844,2335.002437578713,2416.0281521325514
2009-01-21,5850.1,5850.1,5850.1,5850.1,2350.213165192322,2390.7282790751447,2472.84940081092,2484.0295748626
2009-01-22,1479.78,1479.78,1479.78,1479.78,2341.552138672995,2303.971300115607,2433.9055027399036,2464.143444667301
2009-01-23,3916,3916,3916,3916,2357.218286546896,2457.4978429617395,2492.026855573633,2492.8930794263642
2009-01-26,2872.5,2872.5,2872.5,2872.5,2362.3454677752848,2497.0218579177645,2506.9473710413336,2500.410048150595
2009-01-27,3290.62,3290.62,3290.62,3290.62,2371.5820302849834,2572.6026333541677,2537.679631000497,2516.057769969395
2009-01-28,5385.6,5385.6,5385.6,5385.6,2401.5722588393614,2840.5071444632945,2649.362782725968,2572.8803883858427
2009-01-29,544.58,544.58,544.58,544.58,2383.094723925537,2621.847416419171,2566.8222814425967,2532.7160242593905
2009-01-30,794.84,794.84,794.84,794.84,2367.2911943342383,2447.846710093536,2497.3327802095537,2498.3026376403927
2009-02-02,2055.46,2055.46,2055.46,2055.46,2364.1883963806636,2410.476547227485,2480.0044358876103,2489.533476498999
2009-02-03,3193.13,3193.13,3193.13,3193.13,2372.436571541055,2485.014971301058,2507.9701442841747,2503.466080924761
2009-02-04,2467.61,2467.61,2467.61,2467.61,2373.3835708292036,2483.3573549866715,2506.3873935279325,2502.7560595203104
2009-02-05,4873.73,4873.73,4873.73,4873.73,2398.2626397761765,2711.0118926069886,2599.2243584876214,2549.7060385397103
2009-02-06,5867.46,5867.46,5867.46,5867.46,2432.7820164948216,3011.6259980729897,2727.3904620763424,2615.404136786449
2009-02-09,2696.05,2696.05,2696.05,2696.05,2435.4015984202465,2981.571141113657,2726.1614243478584,2617.0010845728557
2009-02-10,283.36,283.36,283.36,283.36,2413.988249182234,2724.598651483785,2630.365290059707,2570.7903700268585
2009-02-11,3530.33,3530.33,3530.33,3530.33,2425.096127299824,2801.3349703900913,2665.6580237828557,2589.7911547788017
2009-02-12,2610.6,2610.6,2610.6,2610.6,2426.9419369784328,2783.1697351148446,2663.498885595293,2590.2032111198155
2009-02-13,1358.62,1358.62,1358.62,1358.62,2416.3118679537715,2647.4983317705737,2612.327164591556,2565.8154247610073
2009-02-17,418.71,418.71,418.71,418.71,2396.435232451744,2435.2327763638523,2526.302962058554,2523.298485656829
2009-02-18,2118.03,2118.03,2118.03,2118.03,2393.6650311338162,2405.0229881387236,2510.292257664101,2515.273367128971
2009-02-19,1575.08,1575.08,1575.08,1575.08,2385.5199064459175,2325.9807987921786,2473.6172671674694,2496.655676690774
2009-02-20,1980.87,1980.87,1980.87,1980.87,2381.4935392176,2293.113103669114,2454.293844925608,2486.442098934521
2009-02-23,1704.64,1704.64,1704.64,1704.64,2374.7586781308573,2237.0680461768175,2424.8956549285253,2470.960869252649
2009-02-24,6650.24,6650.24,6650.24,6650.24,2417.300780836023,2657.3701370171207,2590.5954331666226,2553.7188718417055
2009-02-25,2959.85,2959.85,2959.85,2959.85,2422.699280529197,2686.1777430154903,2605.07600441499,2561.7610723992957
2009-02-26,3207.01,3207.01,3207.01,3207.01,2430.5033672901004,2735.780815109253,2628.6812591438143,2574.5382788864385
2009-02-27,1617.78,1617.78,1617.78,1617.78,2422.416567615572,2629.30454700361,2589.0380725107234,2555.5925703936377
2009-03-02,211.62,211.62,211.62,211.62,2400.418591818402,2399.048875860409,2495.805991235793,2509.177271970001
2009-03-03,3726.02,3726.02,3726.02,3726.02,2413.608655581403,2525.4270781594178,2544.0496778539973,2533.2731675745554
2009-03-04,4864.72,4864.72,4864.72,4864.72,2437.9978231875584,2748.216880239473,2635.0563571538405,2579.44043158298
2009-03-05,573.87,573.87,573.87,573.87,2419.4492876334534,2541.1362249785707,2554.225519618396,2539.72616561104
2009-03-06,3465.46,3465.46,3465.46,3465.46,2429.8573544231704,2629.1670606948974,2589.960205123557,2558.057528668247
2009-03-09,2919.11,2919.11,2919.11,2919.11,2434.725539951298,2656.78067396205,2602.8680402167506,2565.2070825560045
2009-03-10,8163.26,8163.26,8163.26,8163.26,2491.7258828373547,3181.207276441855,2820.922626874917,2676.0596155746975
2009-03-11,4574.1,4574.1,4574.1,4574.1,2512.4460233066347,3313.8637263045352,2889.6746807229597,2713.6445736821292
2009-03-12,6653.4,6653.4,6653.4,6653.4,2553.6495454627875,3631.9147999898178,3037.271752067157,2791.659532619117
2009-03-13,3897.9,3897.9,3897.9,3897.9,2567.0251718760933,3657.2467238003114,3071.0218794370726,2813.565284448441
2009-03-16,4642.09,4642.09,4642.09,4642.09,2587.672583101207,3751.0413215336152,3132.632393968952,2849.7736946573827
2009-03-17,5624.48,5624.48,5624.48,5624.48,2617.8895723240803,3929.464052816128,3230.3519079309535,2904.718373971098
2009-03-18,8156.18,8156.18,8156.18,8156.18,2672.996939763642,4332.008428738402,3423.5216370317003,3008.7077131003834
2009-03-19,3414.24,3414.24,3414.24,3414.24,2680.3724926018144,4244.601911715697,3423.157651265751,3016.7380554152273
2009-03-20,1717.82,1717.82,1717.82,1717.82,2670.7948558595076,4003.956015361821,3356.281664941604,2991.0169058030447
2009-03-23,7391.3,7391.3,7391.3,7391.3,2717.7650562987164,4326.5602043749805,3514.517678081149,3078.151224500014
2009-03-24,1192.69,1192.69,1192.69,1192.69,2702.5901801166397,4028.0963753868873,3423.4656122740453,3040.8153586683306
2009-03-25,4851.29,4851.29,4851.29,4851.29,2723.970277826922,4106.495768207184,3479.4587255182005,3076.666341664997
2009-03-26,4710.01,4710.01,4710.01,4710.01,2743.731867102276,4163.9733140922135,3527.715638242977,3109.0097804439083
2009-03-27,771.53,771.53,771.53,771.53,2724.107967927129,3840.88347465486,3419.6299269393307,3062.7230521182864
2009-03-30,315.92,315.92,315.92,315.92,2700.1458985945205,3505.1726675448735,3297.9158121573964,3008.3309124723796
2009-03-31,4749.47,4749.47,4749.47,4749.47,2720.53718318562,3623.6771753977428,3354.839505798283,3042.8089142055996
2009-04-01,5144.46,5144.46,5144.46,5144.46,2744.6558181787977,3768.5136348836722,3425.0207016493305,3084.4257673896473
2009-04-02,6865.61,6865.61,6865.61,6865.61,2785.660337400899,4063.4751934661795,3559.9457721728863,3159.300702688862
2009-04-03,4607.03,4607.03,4607.03,4607.03,2803.7834186207906,4115.242317897972,3601.0078987543416,3187.9686095663105
2009-04-06,1770.83,1770.83,1770.83,1770.83,2793.505275151927,3891.964954288641,3529.2362164502497,3159.906458881829
2009-04-07,930.25,930.25,930.25,930.25,2774.965421667828,3609.8968634040084,3427.3151883541614,3115.754845834664
2009-04-08,3628.27,3628.27,3628.27,3628.27,2783.456014487054,3611.64668593696,3435.195769203018,3125.903660768631
2009-04-09,7088.58,7088.58,7088.58,7088.58,2826.2930690692724,3942.783192038202,3578.4657390381935,3204.3724991692525
2009-04-13,4690.1,4690.1,4690.1,4690.1,2844.838411665598,4013.956221367897,3622.0592394680684,3233.7928457203566
2009-04-14,2519.76,2519.76,2519.76,2519.76,2841.6038006042486,3871.6518193328593,3578.831818312458,3219.6535814486665
2009-04-15,4208.54,4208.54,4208.54,4208.54,2855.205155822117,3903.736407967825,3603.526256810009,3239.235490726911
2009-04-16,4931.03,4931.03,4931.03,4931.03,2875.8601293960264,4001.5738929232703,3655.585227131185,3272.7363720986555
2009-04-17,3987.98,3987.98,3987.98,3987.98,2886.92599875527,4000.2792364543875,3668.6203162632955,3286.8996122551175
2009-04-20,326.82,326.82,326.82,326.82,2861.452307225367,3650.425975839684,3537.5693234686564,3228.2841743886797
2009-04-21,6521.44,6521.44,6521.44,6521.44,2897.870095213174,3923.855882902571,3654.5838598032187,3293.4951808364285
2009-04-22,3145.98,3145.98,3145.98,3145.98,2900.338850484685,3849.7724654832787,3634.638610399171,3290.574088146598
2009-04-23,4391.34,4391.34,4391.34,4391.34,2915.1746828181704,3901.3503259134427,3664.3131746972426,3312.3714329357745
2009-04-24,5473.34,5473.34,5473.34,5473.34,2940.6290640836614,4051.0636282074006,3735.255403140488,3355.1628897093233
2009-04-27,1321.8,1321.8,1321.8,1321.8,2924.521312202232,3791.1337588543147,3640.61009321341,3314.898278031911
2009-04-28,1959.65,1959.65,1959.65,1959.65,2914.9206026280804,3616.706734201523,3574.690089557982,3288.061678466923
2009-04-29,5338.22,5338.22,5338.22,5338.22,2939.033034442726,3780.660378563283,3643.8481252615907,3328.658872952726
2009-04-30,3961.2,3961.2,3961.2,3961.2,2949.2038500204103,3797.8546282239226,3656.29329681996,3341.1844398249495
2009-05-01,2831.71,2831.71,2831.71,2831.71,2948.034756985381,3705.8408541073586,3623.9566969446673,3331.095837056139
2009-05-04,6411.34,6411.34,6411.34,6411.34,2982.4955056720937,3963.5074394304675,3733.265846084092,3392.0907709758194
2009-05-05,3626.11,3626.11,3626.11,3626.11,2988.8996299937644,3931.374349960899,3729.0636560415787,3396.724815114912
2009-05-06,6440.42,6440.42,6440.42,6440.42,3023.243116262483,4170.331078536052,3835.3913558046543,3456.996006894815
2009-05-07,3103.32,3103.32,3103.32,3103.32,3024.0399011752943,4068.7109758183324,3806.682675184864,3449.992521609769
2009-05-08,7131.63,7131.63,7131.63,7131.63,3064.911444447182,4360.417549549919,3937.0727663540847,3522.89623405314
2009-05-11,923.18,923.18,923.18,923.18,3043.6006838059166,4033.061592449927,3818.8808931637286,3471.416704665949
2009-05-12,1845.01,1845.01,1845.01,1845.01,3031.6744083451613,3824.675726502315,3741.4741914710335,3439.2106313062272
2009-05-13,632.51,632.51,632.51,632.51,3007.8021256750603,3520.659943025904,3619.5540270996203,3383.6324009833315
2009-05-14,4888.76,4888.76,4888.76,4888.76,3026.5181244245623,3650.9551865472463,3669.3268103506157,3413.436907894553
2009-05-15,1089.99,1089.99,1089.99,1089.99,3007.249187863124,3407.0537402094133,3568.176347199611,3367.4280582332744
2009-05-18,5219.39,5219.39,5219.39,5219.39,3029.26053922767,3579.6571935228026,3632.9298237800185,3404.1005719316254
2009-05-19,2952.11,2952.11,2952.11,2952.11,3028.4928721706783,3519.8907941396787,3606.231007161194,3395.1502635765437
2009-05-20,3608.07,3608.07,3608.07,3608.07,3034.259808765995,3528.288813745424,3606.303124527422,3399.3664959809685
2009-05-21,1424.74,1424.74,1424.74,1424.74,3018.2446862907113,3327.950831483955,3520.751629447915,3360.264981209068
2009-05-22,1521.93,1521.93,1521.93,1521.93,3003.3559829445353,3155.9488475331023,3442.366467508781,3323.862308313839
2009-05-26,4498.23,4498.23,4498.23,4498.23,3018.230351273445,3283.7851477680447,3483.7728805476527,3347.1171140898027
2009-05-27,1214.01,1214.01,1214.01,1214.01,3000.2779099672416,3086.663705123469,3394.7625715065683,3304.8773692563414
2009-05-28,4021.83,4021.83,4021.83,4021.83,3010.442607380503,3175.7271617783767,3419.3534510553304,3319.0744510532454
2009-05-29,4251.8,4251.8,4251.8,4251.8,3022.794422232438,3278.210289228055,3451.998413759043,3337.544263903676
2009-06-01,4252.42,4252.42,4252.42,4252.42,3035.029502608235,3370.9921664444305,3483.387495572414,3355.6606151135043
2009-06-02,3060.28,3060.28,3060.28,3060.28,3035.2807513385014,3341.400531544961,3466.7950447656526,3349.8114940221476
2009-06-03,748.89,748.89,748.89,748.89,3012.530594608765,3094.494766635917,3360.210533206215,3298.308098100917
2009-06-04,4052.82,4052.82,4052.82,4052.82,3022.881732970867,3185.7638364801155,3387.3716887667556,3313.248927841493
2009-06-05,1822.03,1822.03,1822.03,1822.03,3010.93295950847,3055.8844234820094,3325.985740187667,3283.7198401614633
2009-06-08,1957.78,1957.78,1957.78,1957.78,3000.4538255830125,2951.303049817056,3272.330613121484,3257.4636057028206
2009-06-09,2344.43,2344.43,2344.43,2344.43,2993.926225328455,2893.505616501146,3235.942353783387,3239.3837323225666
2009-06-10,2286.15,2286.15,2286.15,2286.15,2986.8836758226994,2835.662224453418,3198.695594811489,3220.5078168310306
2009-06-11,3488.56,3488.56,3488.56,3488.56,2991.875480043369,2897.842964981664,3210.062826387509,3225.8157808541787
2009-06-12,2270,2270,2270,2270,2984.6926394459224,2838.048396888172,3173.197617509568,3206.8887356887494
2009-06-15,468.59,468.59,468.59,468.59,2959.6567922872564,2612.385692422632,3067.1345736856633,3152.664998348378
2009-06-16,1074.52,1074.52,1074.52,1074.52,2940.8992122644977,2465.922293144286,2988.99282569799,3111.5136122424697
2009-06-17,1676.99,1676.99,1676.99,1676.99,2928.323001197189,2390.7858842734017,2937.5417344941475,3083.1072040792524
2009-06-18,2847.5,2847.5,2847.5,2847.5,2927.518792230053,2434.282466723554,2934.010686082612,3078.441714889564
2009-06-19,3964.07,3964.07,3964.07,3964.07,2937.832734595923,2579.976517511787,2974.405168981333,3095.9789086541273
2009-06-22,373.22,373.22,373.22,373.22,2912.3141999233267,2369.809230129712,2872.3979074526533,3042.0628906609763
2009-06-23,3074.34,3074.34,3074.34,3074.34,2913.926396939015,2436.907398688787,2880.317205199608,3042.702041340957
2009-06-24,3606.66,3606.66,3606.66,3606.66,2920.8192686112634,2548.312408337474,2908.801236368251,3053.869525670839
2009-06-25,3930.82,3930.82,3930.82,3930.82,2930.8690271325445,2679.9797980196195,2948.880403569496,3071.234881598149
2009-06-26,3075.06,3075.06,3075.06,3075.06,2932.303763180977,2717.606483922513,2953.828623037359,3071.3106265169977
2009-06-29,2828.6,2828.6,2828.6,2828.6,2931.2718849403705,2728.1772949775113,2948.917696643737,3066.504475496859
2009-06-30,1417.56,1417.56,1417.56,1417.56,2916.210075139969,2603.3566002177486,2888.8644536381003,3033.852109645436
2009-07-01,2334.8,2334.8,2334.8,2334.8,2910.4249002629545,2577.7797811493915,2867.1364358483706,3020.009493612853
2009-07-02,261.45,261.45,261.45,261.45,2884.066941056358,2357.1769448494497,2764.9526540503953,2965.3845531452716
2009-07-06,1854.29,1854.29,1854.29,1854.29,2873.820404329429,2309.282950101883,2729.2403931072427,2943.382680805761
2009-07-07,742.11,742.11,742.11,742.11,2852.6093555301313,2160.0283834255133,2651.3137110246057,2899.7931227700033
2009-07-08,1927.21,1927.21,1927.21,1927.21,2843.4014017437617,2137.8552040516547,2622.9174870628563,2880.5340510319834
2009-07-09,2941.22,2941.22,2941.22,2941.22,2844.3747211293958,2214.366136999116,2635.399938550587,2881.7357529917463
2009-07-10,1236.66,1236.66,1236.66,1236.66,2828.3775597251233,2121.251266808724,2580.5473919407605,2849.1599955067613
2009-07-13,4267.05,4267.05,4267.05,4267.05,2842.692708384575,2325.613050922179,2646.684749119554,2877.2370252987066
2009-07-14,2750.2,2750.2,2750.2,2750.2,2841.772382928012,2366.0499032153048,2650.7441707227085,2874.7214406393264
2009-07-15,5262.47,5262.47,5262.47,5262.47,2865.8589263814647,2641.8994362424187,2753.164791478681,2922.0035903296366
2009-07-16,2867.39,2867.39,2867.39,2867.39,2865.8741609448334,2663.374728028855,2757.6442114206934,2920.9221330953865
2009-07-17,2192.94,2192.94,2192.94,2192.94,2859.1782986468747,2618.5714205975355,2735.498948227725,2906.5066453113195
2009-07-20,3708.02,3708.02,3708.02,3708.02,2867.6244847299904,2722.328428159675,2773.637028689383,2922.378196889313
2009-07-21,1977.58,1977.58,1977.58,1977.58,2858.7683207028263,2651.4000064301817,2742.4191059956815,2903.6693217033862
2009-07-22,2680.98,2680.98,2680.98,2680.98,2856.999282685883,2654.217148674926,2740.0097292899686,2899.259632164705
2009-07-23,4884.57,4884.57,4884.57,4884.57,2877.1741156939834,2866.6317059439807,2824.110132062911,2938.5727087555033
2009-07-24,2751.08,2751.08,2751.08,2751.08,2875.919447876133,2855.6267815683636,2821.246205315346,2934.8599818494536
2009-07-27,2683.6,2683.6,2683.6,2683.6,2874.0058215291065,2839.243278561853,2815.8483149108224,2929.884536664316
2009-07-28,2938.8,2938.8,2938.8,2938.8,2874.6505397228466,2848.7248710797717,2820.669949620202,2930.061080492745
2009-07-29,2580.61,2580.61,2580.61,2580.61,2871.7247632081912,2823.1901214531267,2811.2558339488214,2923.141257116651
2009-07-30,4218.11,4218.11,4218.11,4218.11,2885.12163123597,2956.039633695686,2866.4265855586714,2948.7842025202817
2009-07-31,4043.48,4043.48,4043.48,4043.48,2896.6475851540204,3059.6053828675253,2912.585542987743,2970.4613470248305
2009-08-03,5308.15,5308.15,5308.15,5308.15,2920.6426340579605,3273.7524892610945,3006.5292471843018,3016.7522114401804
2009-08-04,3942.86,3942.86,3942.86,3942.86,2930.8139511320105,3337.477014093371,3043.2481002358977,3035.0909795304738
2009-08-05,5610.07,5610.07,5610.07,5610.07,2957.4732152998513,3553.9144413225736,3143.907782579588,3086.080663104128
2009-08-06,3633.88,3633.88,3633.88,3633.88,2964.203631068012,3561.530208815662,3163.1223793411727,3096.9281747258283
2009-08-07,5450.06,5450.06,5450.06,5450.06,2988.938520311116,3741.390188928456,3252.8062076023034,3143.5248445332377
2009-08-10,2602.3,2602.3,2602.3,2602.3,2985.091370855284,3632.905409030508,3227.29616024535,3132.8075208791142
2009-08-11,765.57,765.57,765.57,765.57,2963.00658109553,3359.8258462656977,3130.7578794514147,3085.9315303666567
2009-08-12,4454.93,4454.93,4454.93,4454.93,2977.8515902388576,3464.1214799546788,3182.6861979043006,3113.0404109534556
2009-08-13,3987.63,3987.63,3987.63,3987.63,2987.8991366046403,3513.9794342447094,3214.2526215158964,3130.3590166771496
2009-08-14,1098.99,1098.99,1098.99,1098.99,2969.1040208175295,3283.980440507118,3131.301146162332,3090.133887634038
2009-08-17,321.9,321.9,321.9,321.9,2942.763682301932,3001.8775414112024,3021.128552195182,3035.317375007621
2009-08-18,3864.33,3864.33,3864.33,3864.33,2951.9334964083805,3084.0158708006115,3054.195275638508,3051.7334665916287
2009-08-19,2329.26,2329.26,2329.26,2329.26,2945.7377402252127,3012.1343592957915,3025.766441299743,3037.4270613125864
2009-08-20,3965.01,3965.01,3965.01,3965.01,2955.879752760285,3102.88442031524,3062.5995220330865,3055.7950402964957
2009-08-21,5294.23,5294.23,5294.23,5294.23,2979.1469193994863,3311.583999332836,3150.114442737671,3100.1204850430995
2009-08-24,2864.24,2864.24,2864.24,2864.24,2978.0035669676504,3268.979808920185,3138.9036802773703,3095.449584349177
2009-08-25,2614.32,2614.32,2614.32,2614.32,2974.384825007773,3206.631255689691,3118.331771246885,3085.922265847213
2009-08-26,2097.95,2097.95,2097.95,2097.95,2965.6640804803324,3101.0425646716253,3078.316799825439,3066.3584586027137
2009-08-27,3791.79,3791.79,3791.79,3791.79,2973.8842388835133,3166.828034702899,3106.296141008755,3080.7234396204817
2009-08-28,3527.57,3527.57,3527.57,3527.57,2979.393549939399,3201.184412350242,3122.8166844986076,3089.5718863606703
2009-08-31,935.86,935.86,935.86,935.86,2959.0598827758226,2985.4392302216474,3037.053677263368,3046.9241262347164
2009-09-01,412.51,412.51,412.51,412.51,2933.721077972083,2740.398351152919,2934.1303958020594,2994.757509873633
2009-09-02,2606.6,2606.6,2606.6,2606.6,2930.4661418728583,2727.6556510431174,2921.2860665549197,2987.0712225494026
2009-09-03,3910.31,3910.31,3910.31,3910.31,2940.215832003477,2840.2893985628207,2960.0713188468835,3005.3531785385235
2009-09-04,3348.14,3348.14,3348.14,3348.14,2944.2747789487157,2888.6561225092187,2975.289698499947,3012.141036389246
2009-09-08,2914.85,2914.85,2914.85,2914.85,2943.981995078579,2891.1507775083405,2972.919514245047,3010.2144812132215
2009-09-09,3115.1,3115.1,3115.1,3115.1,2945.684661794215,2912.4792748884984,2978.4952195687706,3012.291422179296
2009-09-10,4606.82,4606.82,4606.82,4606.82,2962.2133716271087,3073.845058232451,3042.3510933111716,3043.8662455024783
2009-09-11,2170.94,2170.94,2170.94,2170.94,2954.340004745247,2987.8541003055507,3008.178109259753,3026.5805772747062
2009-09-14,3000.73,3000.73,3000.73,3000.73,2954.8015967378315,2989.0803764669267,3007.8860265436842,3026.068684655405
2009-09-15,3288.58,3288.58,3288.58,3288.58,2958.1227748797437,3017.604150136743,3018.893633345893,3031.2669285236148
2009-09-16,5783.44,5783.44,5783.44,5783.44,2986.2353840849205,3281.017088218958,3127.3072163519364,3085.7654051865134
2009-09-17,3080.59,3080.59,3080.59,3080.59,2987.174235984573,3261.928794102867,3125.4751686518603,3085.6629219154934
2009-09-18,2966.64,2966.64,2966.64,2966.64,2986.9699152285075,3233.8060518073557,3119.24633850865,3083.306032372612
2009-09-21,1915.13,1915.13,1915.13,1915.13,2976.304841445139,3108.2178563971315,3072.026089939683,3060.1738337117686
2009-09-22,4065.02,4065.02,4065.02,4065.02,2987.1378280974263,3199.341870073595,3110.967027589107,3080.071777598664
2009-09-23,1143.62,1143.62,1143.62,1143.62,2968.7943671213325,3003.558834828491,3033.8161637620833,3041.7261978442352
2009-09-24,809.44,809.44,809.44,809.44,2947.3082540156474,2794.5951362733967,2946.5857259674917,2997.522510758211
2009-09-25,1233.66,1233.66,1233.66,1233.66,2930.2570276075317,2645.934647104502,2879.4121680864137,2962.5945402481475
2009-09-28,3286.55,3286.55,3286.55,3286.55,2933.8022313129295,2706.9456330945495,2895.378357573221,2969.009499847194
2009-09-29,2750.24,2750.24,2750.24,2750.24,2931.975741449119,2711.0689061331636,2889.686657276232,2964.677430543289
2009-09-30,2498.23,2498.23,2498.23,2498.23,2927.65986342475,2690.7985341204812,2874.335415814419,2955.4408477602537
2009-10-01,401.95,401.95,401.95,401.95,2902.528421997638,2472.8129594423403,2777.3791249981673,2904.8766725570804
2009-10-02,2015.26,2015.26,2015.26,2015.26,2893.6998804852237,2429.2364871144982,2747.4921004884354,2887.2605008232767
2009-10-05,3793.6,3793.6,3793.6,3793.6,2902.6541105301467,2559.17586929407,2788.515939684967,2905.2078176386576
2009-10-06,3819.37,3819.37,3819.37,3819.37,2911.7756616691504,2679.19435793273,2828.941589109086,2923.3100390715554
2009-10-07,2182.71,2182.71,2182.71,2182.71,2904.521276975925,2631.910133367708,2803.5991738499065,2908.644691763208
2009-10-08,3837.79,3837.79,3837.79,3837.79,2913.8075329264134,2746.755834951736,2844.1556768361847,2927.043608757996
2009-10-09,2129.48,2129.48,2129.48,2129.48,2906.003278867444,2687.9676601944275,2816.129179705354,2911.250269970709
2009-10-12,2533.27,2533.27,2533.27,2533.27,2902.294490022992,2673.23454969972,2805.0366628541638,2903.765512149507
2009-10-13,2047.94,2047.94,2047.94,2047.94,2893.7934503212705,2613.682687823556,2775.3465976441967,2886.818472304962
2009-10-14,4790.51,4790.51,4790.51,4790.51,2912.666251810611,2820.9995746975032,2854.3726134228555,2924.5153342395174
2009-10-15,2460.99,2460.99,2460.99,2460.99,2908.171960747819,2786.7129485358364,2838.945844269018,2915.336614749626
2009-10-16,1290.97,1290.97,1290.97,1290.97,2892.0803989493334,2644.2612391514713,2778.2409091996446,2883.1709392100292
2009-10-19,2928.15,2928.15,2928.15,2928.15,2892.439300452325,2671.2982639941883,2784.1196970741685,2884.0616136811177
2009-10-20,1196.57,1196.57,1196.57,1196.57,2875.5649790547895,2530.847953137599,2721.862846208515,2850.6459381626796
2009-10-21,1517.77,1517.77,1517.77,1517.77,2862.054581253249,2434.3643385530654,2674.64351890622,2824.2523552287653
2009-10-22,3779.87,3779.87,3779.87,3779.87,2871.1870729820726,2562.5077348813447,2717.985733851074,2843.1754769074037
2009-10-23,912.41,912.41,912.41,912.41,2851.6967538479225,2405.35556965455,2647.1788423275025,2804.942497166663
2009-10-26,818.81,818.81,818.81,818.81,2831.4690249539135,2254.255991592212,2575.4781034126986,2765.6131407871253
2009-10-27,1597.66,1597.66,1597.66,1597.66,2819.192318237954,2191.7230400120015,2537.13229543573,2742.4853558210434
2009-10-28,942.48,942.48,942.48,942.48,2800.518563827626,2072.747512391811,2474.5969113009955,2706.8416854087454
2009-10-29,5001.64,5001.64,5001.64,5001.64,2822.420269660187,2351.6896540687817,2573.696640269584,2752.283236192731
2009-10-30,494.42,494.42,494.42,494.42,2799.2560878725235,2174.806829871755,2492.1563798668553,2707.5730730998052
2009-11-02,3273.74,3273.74,3273.74,3273.74,2803.9773208290158,2279.4671317887305,2522.8067179112923,2718.7842993750564
2009-11-03,3630.42,3630.42,3630.42,3630.42,2812.200631069523,2408.129309713613,2566.242532895163,2736.8364914666395
2009-11-04,2370.3,2370.3,2370.3,2370.3,2807.803609864851,2404.5265183123165,2558.5585119973134,2729.5783431207656
2009-11-05,4047.77,4047.77,4047.77,4047.77,2820.1415838960465,2561.0258975206675,2616.9589625072226,2755.681148207483
2009-11-06,2117.23,2117.23,2117.23,2117.23,2813.147438782653,2518.7596215663184,2597.361748291253,2743.0385512132757
2009-11-09,4364.22,4364.22,4364.22,4364.22,2828.580996605711,2694.5177528457166,2666.6503071817924,2775.1411541595476
2009-11-10,1807.05,1807.05,1807.05,1807.05,2818.416509077296,2609.997014479458,2632.940491213879,2755.9710322950023
2009-11-11,2827.4,2827.4,2827.4,2827.4,2818.505897046676,2630.7020607195095,2640.5663543035307,2757.3854672990615
2009-11-12,751.42,751.42,751.42,751.42,2797.93787817059,2451.722816841461,2566.4821835465295,2717.663378837694
2009-11-13,2659.35,2659.35,2659.35,2659.35,2796.558894308196,2471.496834285131,2570.1240587015677,2716.50865846467
2009-11-16,4011.47,4011.47,4011.47,4011.47,2808.6475620265223,2618.160945305595,2626.647428948565,2742.151457306954
2009-11-17,2105.12,2105.12,2105.12,2105.12,2801.6472877775022,2569.2999028955383,2606.1953729113666,2729.536973003846
2009-11-18,2321.2,2321.2,2321.2,2321.2,2796.8667177498655,2545.671340715011,2595.0190837775876,2721.4510923503044
2009-11-19,517.72,517.72,517.72,517.72,2774.1886409563344,2352.533117789772,2513.556374609839,2677.812852897823
2009-11-20,1284.06,1284.06,1284.06,1284.06,2759.3614903000525,2250.7737732383653,2465.3408305074927,2650.2137865038067
2009-11-23,3208.1,3208.1,3208.1,3208.1,2763.826550098062,2341.947699596616,2494.4686410758263,2661.2610382562066
2009-11-24,1541.46,1541.46,1541.46,1541.46,2751.663698853305,2265.7107758255097,2457.0957531904996,2639.086760270935
2009-11-25,2051.69,2051.69,2051.69,2051.69,2744.698786426904,2245.3278447945086,2441.1974883595,2627.455141255669
2009-11-27,122.8,122.8,122.8,122.8,2718.610241288328,2043.1823357664603,2350.279939796382,2577.8580097456556
2009-11-30,2530.09,2530.09,2530.09,2530.09,2716.7344179919264,2089.5544942648926,2357.331314706328,2576.9121085625734
2009-12-01,3421.13,3421.13,3421.13,3421.13,2723.7433292556884,2216.3712090968074,2399.048910208041,2593.6292945316313
2009-12-02,2176.22,2176.22,2176.22,2176.22,2718.295335929761,2212.547284420921,2390.3105215724313,2585.3637639468466
2009-12-03,1508.54,1508.54,1508.54,1508.54,2706.257969403097,2145.498971618929,2355.731285432336,2564.040521096414
2009-12-04,4529.22,4529.22,4529.22,4529.22,2724.396895080678,2372.5200219409357,2440.966136984009,2602.9549662232175
2009-12-07,1754.27,1754.27,1754.27,1754.27,2714.743891149527,2313.6390674703703,2414.0368767101263,2586.1493233277083
2009-12-08,684.13,684.13,684.13,684.13,2694.5387778047557,2158.4477277112874,2346.197391348945,2548.485574350922
2009-12-09,2191.14,2191.14,2191.14,2191.14,2689.5298347420216,2161.5612774530696,2340.116709335261,2541.409424363775
2009-12-10,2599.71,2599.71,2599.71,2599.71,2688.636105043096,2203.289727219444,2350.296838380937,2542.5638912080567
2009-12-11,2573.77,2573.77,2573.77,2573.77,2687.493158724259,2238.5735627223544,2359.060491777763,2543.181833956412
2009-12-14,2725.09,2725.09,2725.09,2725.09,2687.8672566474006,2284.9084615107017,2373.4145901394195,2546.7839758582654
2009-12-15,1542.64,1542.64,1542.64,1542.64,2676.471960561357,2214.216227081111,2340.8351944476776,2526.899936732359
2009-12-16,2629.79,2629.79,2629.79,2629.79,2676.007463441343,2253.794681644815,2352.1667554497294,2528.9373637277577
2009-12-17,823.4,823.4,823.4,823.4,2657.573558332474,2117.566616726261,2292.2151179811126,2495.1643466242376
2009-12-18,6182.14,6182.14,6182.14,6182.14,2692.6438711848873,2504.6688437047123,2444.761191785775,2568.1737655029656
2009-12-21,3319.69,3319.69,3319.69,3319.69,2698.8831361482216,2582.2899062090255,2479.0721254412347,2583.0552750969664
2009-12-22,2081.26,2081.26,2081.26,2081.26,2692.7376323059507,2534.5727722843562,2463.471649933735,2573.1187349960364
2009-12-23,1847.32,1847.32,1847.32,1847.32,2684.325516561613,2469.1201273048937,2439.308840132412,2558.7464828178972
2009-12-24,990.57,990.57,990.57,990.57,2667.4722278396066,2328.3058294663324,2382.4955522840824,2527.693483158137
2009-12-28,1412.29,1412.29,1412.29,1412.29,2654.9828524382174,2241.066226660015,2344.448275723922,2505.6062854718375
2009-12-29,915.31,915.31,915.31,915.31,2637.672674802016,2114.803728882871,2288.4036374602388,2474.1152699179397
2009-12-30,785.05,785.05,785.05,785.05,2619.238618336324,1988.1605166083118,2229.448592853955,2440.668432889862
2009-12-31,386.62,386.62,386.62,386.62,2597.023507706112,1835.6328483599011,2157.180804898898,2399.9942064960032
2010-01-04,3609,3609,3609,3609,2607.092925539882,2004.5249580399104,2214.114890981294,2423.9349152782606
2010-01-05,3757.78,3757.78,3757.78,3757.78,2618.542548171326,2171.501628702776,2274.6507776094786,2450.3476892331464
2010-01-06,3336.89,3336.89,3336.89,3336.89,2625.690284010417,2282.4909973977497,2316.3072177032245,2467.9029825156586
2010-01-07,3637.16,3637.16,3637.16,3637.16,2635.7546592938957,2411.507092883678,2368.1053660285884,2491.0565868222793
2010-01-08,2209.52,2209.52,2209.52,2209.52,2631.5135184053993,2392.2702268947564,2361.886332066683,2485.4816049050064
2010-01-11,2679.39,2679.39,2679.39,2679.39,2631.989901306838,2419.614967190494,2374.3374562993617,2489.3213751049075
2010-01-12,804.98,804.98,804.98,804.98,2613.81069830876,2265.840208410447,2312.794026640563,2455.9680805483745
2010-01-13,3030.85,3030.85,3030.85,3030.85,2617.9603431017076,2338.698283799928,2340.9530844193646,2467.351880933555
2010-01-14,2304.01,2304.01,2304.01,2304.01,2614.8364590907454,2335.3946377237444,2339.504336010762,2464.1173882418016
2010-01-15,867.96,867.96,867.96,867.96,2597.45460377641,2195.6389579405304,2281.796714990732,2432.5103112469146
2010-01-19,3966.64,3966.64,3966.64,3966.64,2611.078339062217,2364.305723850956,2347.86900067737,2462.8891169647977
2010-01-20,1067.36,1067.36,1067.36,1067.36,2595.7179575790105,2240.7870834841983,2297.6529614351202,2435.254877024901
2010-01-21,942.48,942.48,942.48,942.48,2579.2678286478763,2117.1387898190364,2244.508923731782,2405.6949784699523
2010-01-22,795.46,795.46,795.46,795.46,2561.518497019539,1991.2646193600806,2187.6834757423003,2373.8091373121315
2010-01-25,2633.05,2633.05,2633.05,2633.05,2562.230253268101,2052.3870365638822,2205.1488296347593,2378.942619741594
2010-01-26,1547.46,1547.46,1547.46,1547.46,2552.1330368176723,2004.298747367322,2179.3571108255533,2362.4776173704736
2010-01-27,3209.08,3209.08,3209.08,3209.08,2558.669822520979,2119.039819046625,2219.7384005971003,2379.2420209868997
2010-01-28,1926.41,1926.41,1926.41,1926.41,2552.378680008332,2100.694121994565,2208.2353260638806,2370.275050274288
2010-01-29,1819.71,1819.71,1819.71,1819.71,2545.088444386359,2073.9337294236543,2192.999038767258,2359.3727720510346
2010-02-01,3812.83,3812.83,3812.83,3812.83,2557.7027882233106,2239.542898049973,2256.5218215606988,2388.1541032975488
2010-02-02,4096.79,4096.79,4096.79,4096.79,2573.017088838004,2416.423574426166,2328.689201107338,2421.9884774896764
2010-02-03,1123.89,1123.89,1123.89,1123.89,2558.5979138246903,2293.325138766531,2281.4421736129325,2396.283557143346
2010-02-04,312.91,312.91,312.91,312.91,2536.2527604533,2104.7141731697184,2204.244833471249,2355.0286352197154
2010-02-05,3516.57,3516.57,3516.57,3516.57,2546.0071608467997,2239.1766328678405,2255.7085654919842,2378.0294543242753
2010-02-08,1002.62,1002.62,1002.62,1002.62,2530.6500746692195,2121.409334499475,2206.5678374334752,2350.793623545577
2010-02-09,4206.85,4206.85,4206.85,4206.85,2547.3286808914163,2320.0227312138104,2285.010275181182,2387.547215158536
2010-02-10,2018.14,2018.14,2018.14,2018.14,2542.0631218775716,2291.271994907733,2274.5447741936846,2380.232220798961
2010-02-11,3405.88,3405.88,3405.88,3405.88,2550.65831469471,2397.4251382498537,2318.9108614802067,2400.5420778128428
2010-02-12,1848.22,1848.22,1848.22,1848.22,2543.6688787275984,2345.1198869879627,2300.45239632412,2389.6050069650637
2010-02-16,3801.75,3801.75,3801.75,3801.75,2556.187098839762,2483.8465644176804,2359.3268121545466,2417.5682741538744
2010-02-17,2932.69,2932.69,2932.69,2932.69,2559.933396363744,2526.5935582826633,2381.811643050447,2427.768704368649
2010-02-18,2969.66,2969.66,2969.66,2969.66,2564.0102779919657,2568.790362255743,2404.8645197935666,2438.4992250742207
2010-02-19,2193.54,2193.54,2193.54,2193.54,2560.3240065691602,2533.0522325171005,2396.5772837232307,2433.648547349979
2010-02-22,1971.89,1971.89,1971.89,1971.89,2554.4689418271787,2479.608210372615,2379.922880439967,2424.504813739088
2010-02-23,646.69,646.69,646.69,646.69,2535.486066784122,2305.044571289509,2311.952963559968,2389.3005600016804
2010-02-24,3165.76,3165.76,3165.76,3165.76,2541.757449204181,2387.0174692619366,2345.4355924399692,2404.6759944570927
2010-02-25,2250.9,2250.9,2250.9,2250.9,2538.863345232,2374.0539007608,2341.7283143050686,2401.6309252599226
2010-02-26,2627.55,2627.55,2627.55,2627.55,2539.7457995082987,2398.1963864026284,2352.9370078617326,2406.1045703042805
2010-03-01,3158.97,3158.97,3158.97,3158.97,2545.9072343390617,2470.6510162690447,2384.5461448083315,2421.0127966348887
2010-03-02,2520.54,2520.54,2520.54,2520.54,2545.6548240471307,2475.4023480529454,2389.879237168789,2422.983632345089
2010-03-03,2156.13,2156.13,2156.13,2156.13,2541.778955151139,2444.995457762189,2380.712600417072,2417.699402001622
2010-03-04,2621.3,2621.3,2621.3,2621.3,2542.5702093287396,2461.786366546742,2390.147400400716,2421.731097011491
2010-03-05,3941.14,3941.14,3941.14,3941.14,2556.4863266488514,2602.6771887803857,2450.9706396006877,2451.8184020211643
2010-03-08,2344.17,2344.17,2344.17,2344.17,2554.373726383689,2578.057456515587,2446.78237922419,2449.686750495993
2010-03-09,3409.82,3409.82,3409.82,3409.82,2562.8856296037516,2657.272936847436,2484.5485604310848,2468.6992900901314
2010-03-10,4171.32,4171.32,4171.32,4171.32,2578.8899516972465,2801.4678952429185,2550.6964600220226,2502.4145516725052
2010-03-11,3550.33,3550.33,3550.33,3550.33,2588.5560218296123,2872.788095695974,2589.8977753152767,2523.1653526294854
2010-03-12,1872.53,1872.53,1872.53,1872.53,2581.431384796482,2777.525419915405,2561.7657056950698,2510.281484260585
2010-03-15,1479.35,1479.35,1479.35,1479.35,2570.4654008681587,2653.8896656377474,2519.3180309619297,2489.8669994237416
2010-03-16,3648.95,3648.95,3648.95,3648.95,2581.1965909092714,2748.6573165293903,2563.6173238653832,2512.819138049014
2010-03-17,2705.86,2705.86,2705.86,2705.86,2582.4370228405223,2744.581381621829,2569.1954680275253,2516.641729374776
2010-03-18,1389.32,1389.32,1389.32,1389.32,2570.56521166798,2615.508869086417,2522.9258418303675,2494.318526812899
2010-03-19,1312.51,1312.51,1312.51,1312.51,2558.047249362826,2491.4137386972343,2475.458553915451,2470.916377767099
2010-03-22,3270.13,3270.13,3270.13,3270.13,2565.132649866678,2565.5771921546407,2506.622140036414,2486.742390088543
2010-03-23,3420.92,3420.92,3420.92,3420.92,2573.6479468829302,2647.038411949437,2542.4769580742013,2505.240956621443
2010-03-24,2254.3,2254.3,2254.3,2254.3,2570.470355371657,2609.6347536685385,2531.175900894821,2500.271828767553
2010-03-25,2818.3,2818.3,2818.3,2818.3,2572.9363219848747,2629.5076342715347,2542.4356694871813,2506.5694163167104
2010-03-26,3026.5,3026.5,3026.5,3026.5,2577.4493934079105,2667.316431007579,2561.4185844092526,2516.865071439152
2010-03-29,2576.46,2576.46,2576.46,2576.46,2577.439548697384,2658.663437578286,2562.008443844184,2518.045169034416
2010-03-30,1495.44,1495.44,1495.44,1495.44,2566.6733840337283,2547.8802530470207,2520.1822303600984,2497.795561726804
2010-03-31,1545.35,1545.35,1545.35,1545.35,2556.5109623020494,2452.401181328257,2481.953515444016,2478.935253573798
2010-04-01,3372.53,3372.53,3372.53,3372.53,2564.6305547169545,2540.0324973922325,2516.878083465819,2496.630199047584
2010-04-05,3140.42,3140.42,3140.42,3140.42,2570.359802928726,2597.2122595453534,2541.3307076436304,2509.3785119377308
2010-04-06,2688.64,2688.64,2688.64,2688.64,2571.5367203125197,2605.919663398177,2547.107542637998,2512.9282443746074
2010-04-07,2250.83,2250.83,2250.83,2250.83,2568.345608667619,2572.1016002173983,2535.4888154757236,2507.7381801295655
2010-04-08,3085.67,3085.67,3085.67,3085.67,2573.493115049036,2621.01287638717,2557.064548202166,2519.1823745824454
2010-04-09,3183.33,3183.33,3183.33,3183.33,2579.561143755016,2674.5668881598203,2581.623977684434,2532.333812709526
2010-04-12,2613.48,2613.48,2613.48,2613.48,2579.89864481218,2668.7490892874566,2582.873233461515,2533.9406679033964
2010-04-13,1874.82,1874.82,1874.82,1874.82,2572.882936903601,2593.1367950696035,2555.106439992436,2520.888773489468
2010-04-14,4508.27,4508.27,4508.27,4508.27,2592.1405196209785,2775.5304336344034,2631.7010894044975,2560.242857182746
2010-04-15,2158.73,2158.73,2158.73,2158.73,2587.8279771371876,2716.7875351930315,2613.1532035454975,2552.292107535563
2010-04-16,612.13,612.13,612.13,612.13,2568.1692907975143,2516.343960412743,2534.6817053672426,2513.8730559011956
2010-04-19,3922.92,3922.92,3922.92,3922.92,2581.649397356743,2650.303583230577,2589.1224228038213,2541.7749755863206
2010-04-20,4246.97,4246.97,4246.97,4246.97,2598.2197516119,2802.3670514943315,2654.1360532821027,2575.541213693522
2010-04-21,2177.34,2177.34,2177.34,2177.34,2594.0318933869057,2742.8406656377283,2635.4381688396675,2567.6560411451355
2010-04-22,3406.94,3406.94,3406.94,3406.94,2602.120531263653,2806.088221291278,2665.6931426106607,2584.2755254788954
2010-04-23,3293.57,3293.57,3293.57,3293.57,2609.000625479935,2852.5150573587753,2690.3157644690664,2598.320960617927
2010-04-26,2046.07,2046.07,2046.07,2046.07,2603.399325723916,2775.710766181749,2665.0512246859657,2587.3852980314336
2010-04-27,491.05,491.05,491.05,491.05,2582.3809244729314,2558.124026545392,2579.7962746982807,2545.873707971405
2010-04-28,4574.09,4574.09,4574.09,4574.09,2602.1989252244443,2750.1207859220212,2658.0038717689363,2586.0364068234567
2010-04-29,4876,4876,4876,4876,2624.823811540619,2952.5854729770667,2744.984112091723,2631.382220549725
2010-04-30,846.84,846.84,846.84,846.84,2607.1324303312595,2752.038285074489,2670.547088088126,2596.044750835869
2010-05-12,329720.5,453252.31,329720.5,453252.31,7091.164047939904,45656.826067448346,20340.42014345722,11519.931191413376
2010-05-13,6317.4,151221.91,6317.4,108527.1,8100.47684348279,51644.47120388184,23798.721314302034,13440.865227226972
2010-05-14,142.33,282.3,142.33,282.3,8022.684039070026,46752.83585113119,22876.508713741172,13180.299579163071
2010-05-17,103.88,2272.87,103.88,2272.87,7965.47195907928,42516.64862721393,22068.522881829755,12964.31087462519
2010-05-18,207,1591.26,207,670.42,7892.884377396899,38531.29351986022,21229.381592346235,12720.867490969245
2010-05-19,118.66,2744.38,118.66,2744.38,7841.655478119318,35123.0160417783,20504.47956911697,12523.31328322728
2010-05-20,1.12,279.99,1.12,86.18,7764.486567889275,31786.17451398989,19703.761938955522,12277.03341623268
2010-05-21,22.2,7480.61,22.2,7480.61,7761.661925422714,29471.35884599085,19224.422647231775,12182.054734723122
2010-05-24,163.75,1898.6,163.75,1688.99,7701.237329149852,26825.418955896483,18536.75862185014,11974.271274629595
2010-05-25,3.76,3709.4,3.76,3709.4,7661.51755473045,24623.8933410492,17955.293577856017,11810.610457310197
2010-05-26,314.98,4299.27,314.98,4170.1,7626.777081549052,22675.913022854038,17414.697751273427,11659.313220531776
2010-05-27,272.97,5465.85,272.97,5465.85,7605.275319543589,21036.859401629845,16946.115486517607,11536.670384481642
2010-05-28,32.11,1164.61,32.11,877.7,7538.334271587932,19116.93945861748,16315.981545869858,11325.601663996857
2010-06-01,34.4,1117.32,34.4,365.91,7466.966865900489,17331.127129225337,15690.48854407104,11108.578066689988
2010-06-02,154.16,5002.99,154.16,5002.99,7442.449683155211,16157.018831203877,15271.37095410747,10987.675332696126
2010-06-03,162.79,3295.49,162.79,3295.49,7401.186402725805,14932.111323470175,14801.728563750314,10835.35483105858
2010-06-04,4.33,206.13,4.33,50.83,7328.048528071817,13514.846435520634,14223.261953407164,10621.799883908905
2010-06-07,69.25,1138.14,69.25,777.82,7262.872124807421,12301.796298804384,13695.989719940217,10426.869589178035
2010-06-08,155.14,4839.74,155.14,4839.74,7238.761357396402,11591.124270346823,13348.685809354325,10316.23335968936
2010-06-09,154.73,3032.94,154.73,3032.94,7196.912388666089,10776.059101742365,12944.146758007097,10172.009728804424
2010-06-10,204.43,5201.48,204.43,5201.48,7177.057340022646,10245.14680633833,12640.512767497014,10073.58339754097
2010-06-11,39.31,2672.93,39.31,2672.93,7132.240152559734,9523.983300972775,12249.62716877164,9927.035805510455
2010-06-14,148.12,2345.31,148.12,2109,7082.257663479538,8817.794415165845,11851.95551509432,9772.223215302327
2010-06-15,116.46,4531.96,116.46,4531.96,7056.881567325512,8409.619708959573,11564.896867443562,9668.455626880499
2010-06-16,17.88,1743.47,17.88,1743.47,7004.011800486453,7774.748308106281,11179.742872641853,9511.52521842742
2010-06-17,106.64,1628.77,106.64,1628.77,6950.526807446787,7189.417040667588,10805.194916851977,9355.431055686282
2010-06-18,296.18,2831.51,296.18,2830.95,6909.535993442341,6774.324941556389,10492.479429916606,9226.233411019228
2010-06-21,189.26,2184.3,189.26,2184.3,6862.518719875751,6337.179709027208,10166.668471880661,9086.789185058451
2010-06-22,49.04,844.12,49.04,315,6797.369279876987,5763.6387843579505,9780.32853180691,8913.090389314719
2010-06-23,104.49,1958.54,104.49,1947.56,6749.112471121992,5400.202709657194,9473.161138402718,8775.159094476803
2010-06-24,28.78,592.48,28.78,430.58,6686.241501260081,4926.905308737461,9118.550113367317,8609.919904487164
2010-06-25,158.11,4947.57,158.11,4947.57,6668.941287317195,4928.873374571989,8954.982265784285,8537.39812420029
2010-06-28,55.4,1774.44,55.4,1774.44,6620.239781970755,4628.451148422276,8673.392373008432,8403.47816134484
2010-06-29,7.35,173.58,7.35,173.58,6556.093913493434,4204.177705715392,8340.066397596336,8240.509880922169
2010-06-30,136.3,2131.42,136.3,1721.99,6507.993377040763,3967.7788765996406,8080.53398984746,8111.430279319749
2010-07-01,189.9,2952.51,118.22,2887.56,6471.96916433389,3864.900888352056,7876.887951029913,8007.987303491635
2010-07-02,124.4,1659.51,124.4,1233.32,6419.843302002209,3614.2741370804315,7616.355874518936,7873.835475699721
2010-07-06,158.06,2431.25,158.06,2431.25,6380.1558064598985,3501.6051716442,7413.0183892436835,7766.061505883886
2010-07-07,116.45,4887.2,116.45,4887.2,6365.3005248035815,3633.566583868562,7313.966687704716,7709.054347351532
2010-07-08,158.87,3775.24,158.87,3775.24,6339.528778288123,3647.059290166794,7175.193092108452,7631.15703354259
2010-07-09,39.33,2940.36,39.33,2940.36,6305.706203379784,3579.754595865195,7009.121206143415,7538.26996357145
2010-07-12,79.49,1782.25,79.49,1782.25,6260.696688918293,3408.5636819732717,6804.145864726026,7424.289370233401
2010-07-13,180.52,4453.76,180.52,4453.76,6242.717219376817,3508.1061884520077,6711.973870030888,7365.467006466403
2010-07-14,24.06,1579.98,24.06,1579.82,6196.320232119337,3324.459884789912,6510.712933951246,7250.899739011623
2010-07-15,63.25,2170.67,63.25,2170.67,6156.264010904219,3214.575133857539,6340.515171835511,7150.301130318323
2010-07-16,47.74,263.32,44.42,234.48,6097.3407869151215,2930.7565496806305,6101.062812155687,7013.3541772427125
2010-07-19,110.63,2790.46,110.63,2790.46,6064.436500478155,2917.3949735205706,5971.23525089468,6929.732510366619
2010-07-20,19.74,4027.12,19.74,4027.12,6044.164694503248,3023.0830712805164,5894.995437134104,6872.255034913815
2010-07-21,146.65,1468.47,146.65,886.32,5992.842856746996,2819.5818263966576,5698.576792540609,6753.7216678858185
2010-07-22,169.73,4486.53,169.73,4486.53,5977.854669117673,2978.3387953112615,5651.045545774311,6708.826783373228
2010-07-23,58.51,3481.8,58.51,3481.8,5953.018304250831,3026.2874814720935,5565.977092998848,6644.925262910392
2010-07-26,75.6,3697.31,75.6,3697.31,5930.5734455020665,3090.1943879985606,5492.696030528305,6586.55664384286
2010-07-27,208.04,2401.67,208.04,2401.67,5895.459978382643,3024.6206367606023,5371.479323448763,6503.687601390526
2010-07-28,101.47,1123.69,101.47,1123.69,5847.979680090279,2843.579623735783,5204.8993499801845,6397.152995422396
2010-07-29,129.32,2329.24,129.32,2207.88,5811.759782775947,2783.036802427613,5087.369179392726,6314.197094522942
2010-07-30,13.08,2086.69,13.08,2086.69,5774.694411803052,2716.718059339269,4969.6954860832075,6230.484082750211
2010-08-02,175.82,3959.28,175.82,3959.28,5756.630586809987,2835.0572917831482,4930.071349374062,6185.509744477929
2010-08-03,46.75,1208.87,46.75,1208.87,5711.3792376875,2680.1823116133246,4784.141884692726,6086.962422805099
2010-08-04,97.73,2798.4,97.73,2798.4,5682.394369650809,2691.4411390787222,4706.269653920463,6021.8423748287605
2010-08-05,27.25,1452.81,27.25,1452.81,5640.308953037367,2573.4762686902727,4578.683000825543,5931.36648621829
2010-08-06,24.7,1307.7,24.7,1307.7,5597.198416191224,2452.9261478626277,4450.409157655914,5839.808734015948
2010-08-09,93.83,2489.64,93.83,2489.64,5566.277436925639,2456.422705209044,4373.516249512545,5773.468759084939
2010-08-10,17.32,853.41,10.1,796.06,5518.8125868069765,2298.2929237605636,4233.223847570876,5674.906209400088
2010-08-11,4.56,129.82,4.56,129.82,5465.190770022828,2091.771692926224,4072.3060496269204,5565.102522085235
2010-08-12,51.91,1663.41,51.91,1663.41,5427.362105644491,2050.975341218965,3977.839537876845,5487.841284024142
2010-08-13,138.29,1580.92,138.29,1580.92,5389.089049866934,2006.2081658647776,3883.842693254224,5410.4765061226735
2010-08-16,80.61,1501.5,80.61,1501.5,5350.4065717588055,1958.1407214967035,3790.4174895971955,5333.0710307539075
2010-08-17,146.92,3189.3,146.92,3189.3,5328.903023781106,2075.393986116065,3766.844254711031,5290.62011925383
2010-08-18,43.14,2570.6,43.14,2570.6,5301.457222549453,2122.556463628821,3719.9327153105987,5236.75833471415
2010-08-19,65.28,436.9,65.28,436.9,5253.053668096225,1962.0177528070285,3591.186334318026,5141.71163501684
2010-08-20,62.6,972.83,50.53,972.83,5210.464377866412,1867.8093953968353,3488.505693756535,5059.159523432348
2010-08-23,110.48,1232.22,110.48,924.18,5167.814782066746,1777.9399291685652,3387.943901844514,4977.278740790123
2010-08-24,4.9,703.35,4.9,544.06,5121.8072717974255,1660.4275549620352,3276.4190429486507,4889.492231071507
2010-08-25,11.11,2430.31,11.11,2430.31,5095.026204416356,1733.7496925846986,3243.2382961663507,4840.795553228507
2010-08-26,118.16,1263.92,118.16,859.43,5052.880968551517,1650.481150433775,3149.7556178853174,4761.956631382398
2010-08-27,102.32,3859.22,102.32,3859.22,5041.00374498384,1860.837231344844,3177.577750517266,4744.080658483736
2010-08-30,24.19,324.65,24.19,226.46,4993.097837073553,1705.1822569310493,3061.8476426538436,4654.6228236622765
2010-08-31,38.62,2708.42,38.62,2708.42,4970.364724266851,1800.7287086519018,3047.987735098791,4616.084153886786
2010-09-01,156.36,4407.64,156.36,4407.64,4964.765473279122,2049.005974494578,3101.3074317615833,4611.956546879127
2010-09-02,77.81,3346.91,77.81,3346.91,4948.667408868384,2172.6158816855705,3110.938905025835,4586.906120208253
2010-09-03,201.9,3293.11,201.9,3293.11,4932.194200819942,2279.3296072393255,3118.082869534626,4561.286395055615
2010-09-07,19.71,555.9,19.71,555.9,4888.648984891385,2115.1934541689134,3017.605109945033,4481.9718129753055
2010-09-08,87.27,2479.93,87.27,2479.93,4864.681631807889,2149.9302680575884,2996.519811515816,4442.327420639161
2010-09-09,144.98,2480.15,144.98,2480.15,4840.954948904328,2181.379766337818,2976.2700149857837,4403.472422210662
2010-09-10,61.16,1962.68,61.16,1962.68,4812.315397173937,2160.551217162788,2936.5213869471254,4355.13989899857
2010-09-13,169.64,3294.34,169.64,3294.34,4797.211164366236,2268.5311012425223,2950.553489419787,4334.133960404539
2010-09-14,34.15,1606.49,34.15,1606.49,4765.462695069059,2205.4795677908533,2897.845117285678,4280.12120871336
2010-09-15,19.91,1925.91,19.91,1925.91,4737.20843939673,2178.853894667915,2859.730014647024,4233.503164976461
2010-09-16,54.73,1720.44,54.73,1720.44,4707.190842984822,2135.195428509066,2815.0519748569445,4183.739537947225
2010-09-17,441.12,1923.69,214.1,1923.69,4679.494317183978,2115.0520543653456,2780.0966032939273,4138.9860817502495
2010-09-20,116.9,3680.36,116.9,3680.36,4669.552682187123,2264.129001568646,2815.4010502235774,4129.904377161136
2010-09-21,89.64,1484.6,89.64,1265.5,4635.681511220087,2169.0214776097273,2754.6206168814765,4073.18349840547
2010-09-22,99.02,1276.67,99.02,1276.67,4602.258511108444,2084.0356225992773,2696.6617691606343,4017.80699348655
2010-09-23,11.72,1029.53,11.72,967.51,4566.091859256619,1977.6998490183937,2628.851895860217,3957.4050728234497
2010-09-24,156.32,3869.23,156.32,3869.23,4559.157910408294,2157.8455776833084,2677.494174453934,3955.6590317774408
2010-09-27,71.83,1695.39,71.83,1420.55,4527.927980951495,2087.626951237279,2628.202246043976,3905.458852930363
2010-09-28,71.1,3118.19,71.1,3118.19,4513.900737359938,2185.775813024205,2647.417452081467,3889.869370694118
2010-09-29,67.66,2085.84,67.66,2085.84,4489.740929027998,2176.2581165457095,2625.394806901802,3854.146016818987
2010-09-30,156.31,1949.37,156.31,1852.64,4463.501118788914,2145.4373435413563,2595.0906968272216,3814.51223430772
2010-10-01,3421.3,3421.3,3421.3,3421.3,4453.130958402955,2266.9480727278938,2627.4910616575266,3806.7258534303396
2010-10-04,51.41,779.31,51.41,779.31,4416.575525981035,2125.268256277618,2555.0133729650747,3746.7770246495406
2010-10-05,181.18,4567.37,181.18,4567.37,4418.075968508587,2357.8493747273687,2633.929319123307,3763.0263904980648
2010-10-06,115.66,1760.71,115.66,1760.71,4391.634516085615,2300.978958086667,2599.685424255726,3723.3765609832517
2010-10-07,112.71,1824.08,112.71,1824.08,4366.08670995541,2255.5600096974604,2569.269525265305,3685.7667280924943
2010-10-08,63.99,3007.88,63.99,3007.88,4352.572215328988,2327.2095325834166,2586.4699360392146,3672.343228526306
2010-10-11,68.05,1442.08,68.05,1442.08,4323.612093783426,2242.9114818611865,2541.5918993317946,3628.1796002386563
2010-10-12,100.32,2902.35,100.32,2902.35,4309.470182402496,2305.7151502553593,2555.739275828587,3613.806736867594
2010-10-13,188.4,3954.4,188.4,3954.4,4305.937145761675,2462.732754992944,2610.5887159921717,3620.5511579197205
2010-10-14,70.06,1467.21,70.06,1467.21,4277.691104510315,2367.9210640412352,2565.750334972871,3577.910738951013
2010-10-15,226.16,1536.5,220.36,1536.5,4250.415571132103,2288.7381055611177,2525.3875767386407,3537.4867639222803
2010-10-18,144.56,3622.79,144.56,3622.79,4244.170540573575,2415.790666936249,2568.422965886145,3539.175936913918
2010-10-19,13.48,756.97,13.48,542.76,4207.340584945977,2237.406793894702,2488.9852025180608,3479.840967866118
2010-10-20,121.51,3595.32,121.51,3533.9,4200.639683603231,2360.8823373333016,2529.9622533997053,3480.911443749957
2010-10-21,150.67,2025.15,150.67,2025.15,4178.993020084791,2328.9078290158445,2510.165694442854,3452.0844844677795
2010-10-22,94.48,1956.29,94.48,1956.29,4156.876572123749,2293.420416728621,2488.445078974507,3422.464791706041
2010-10-25,226.13,2832.84,226.13,2832.84,4143.702078868786,2344.7937103735144,2501.9507621519774,3410.7890532564165
2010-10-26,20.47,2069.34,20.47,2069.34,4123.061660173574,2318.560023671275,2484.985634224449,3384.2257056671806
2010-10-27,81.22,1675.2,81.22,1675.2,4098.7048277340355,2257.2876404644867,2453.229334843098,3350.383612485652
2010-10-28,152.46,1913.75,152.46,1913.75,4076.96398367698,2224.5697699440593,2432.0732824963097,3321.9354221394015
2010-10-29,40.92,1930.78,40.92,1930.78,4055.6089191627816,2196.589791854149,2412.414722398415,3294.387790017829
2010-11-01,111.4,1801.76,111.4,1801.76,4033.1825617581767,2158.9869545347065,2388.467478382791,3264.830804076882
2010-11-02,144.07,2715.45,144.07,2715.45,4020.0707949745133,2211.9834350552105,2401.2903223677795,3253.9519762733794
2010-11-03,96.74,3019.27,96.74,3019.27,4010.1125781090955,2288.867869811857,2425.5248195298273,3249.304808426382
2010-11-04,247.66,5338.35,247.66,5338.35,4023.328870864229,2579.294739353585,2539.753257979638,3290.6720399426913
2010-11-05,147.63,4001.8,147.63,4001.8,4023.114653243689,2714.77143084372,2597.0884243333776,3304.7537817260045
2010-11-08,68.58,1964.66,68.58,1964.66,4002.632517390518,2643.3322469538416,2572.2873096536373,3278.217271196777
2010-11-09,159.08,1096.19,159.08,929.72,3972.0562734363834,2480.1310805772855,2507.872905353495,3231.712374737435
2010-11-10,106.01,3293.3,106.01,3293.3,3965.3024796708473,2557.575739569925,2538.673967888652,3232.931931673327
2010-11-11,24.12,1459.77,24.12,1459.77,3940.371808231336,2453.022811991837,2496.364008363607,3197.8198142144493
2010-11-12,30.51,433.72,30.51,433.72,3905.4797504379894,2260.708258468805,2415.4760080356223,3143.0851644280247
2010-11-15,115.4,1826.58,115.4,1826.58,3884.79418078189,2219.3627100432045,2392.3820469361863,3117.01575523143
2010-11-16,24.33,344.96,24.33,344.96,3849.571950127344,2040.848166229566,2312.0909862720223,3062.1235620585303
2010-11-17,79.33,1892.25,79.33,1892.25,3830.0961098275693,2026.6959599219883,2295.626633869198,3038.9577489484604
2010-11-18,169.59,3564.71,169.59,3564.71,3827.4554520183397,2173.173487548466,2345.3946090115824,3049.3686846128476
2010-11-19,87.37,2301.31,72.55,2301.31,3812.269925132585,2185.3769649248025,2343.66580081505,3034.555641353187
2010-11-22,29.24,1392.04,29.24,1392.04,3788.1880353302704,2109.821063503393,2306.3471419595576,3002.0305791481737
2010-11-23,10,371.31,10,371.31,3754.1892489090737,1944.2485812649745,2230.4633324709475,2949.9371023333583
2010-11-24,131.47,3016.68,131.47,3016.68,3746.850848422416,2046.3849068587865,2261.2953586485573,2951.2587438713117
2010-11-26,29.35,308.44,29.35,308.44,3712.6378051545316,1880.8663443008068,2184.7127955643,2898.9256994382163
2010-11-29,56.35,1978.15,56.35,1978.15,3695.3792200286157,1890.1314543673966,2176.612293777465,2880.692517271123
2010-11-30,56.02,1951.51,34.65,1951.51,3678.0272874910174,1895.9770301419303,2167.784752845015,2862.292863463774
2010-12-01,224.61,4525.79,224.61,4525.79,3686.4627373667286,2146.4354082236514,2260.255546851093,2895.2334008209273
2010-12-02,174.79,4366.17,174.79,4366.17,3693.225993711338,2357.8387026785417,2342.8404273667365,2924.3608582304137
2010-12-03,37.44,2891.71,37.44,2891.71,3685.2507101918222,2408.6835881377283,2364.364724332747,2923.7143065822866
2010-12-06,83.73,1710.54,83.73,1619.35,3664.6944842197645,2333.50896069604,2335.1484606334234,2897.8853104123405
2010-12-07,923.48,5153.17,923.48,5153.17,3679.505185869319,2602.048107296417,2445.659109236034,2942.5444131764525
2010-12-08,161.53,3028.68,161.53,3028.68,3673.029313373107,2642.67971612533,2468.522673579719,2944.2500683610774
2010-12-09,221.69,3402.44,221.69,3402.44,3670.33688239427,2715.037838399108,2505.146882458946,2953.3231363143236
2010-12-10,164.81,3648.19,164.81,3648.19,3670.1165154052724,2803.909472837288,2549.972102754674,2967.0828761892876
2010-12-13,166.52,2570.63,166.52,2570.63,3659.1763510728815,2781.6923801861176,2550.7822163721376,2959.2323241855393
2010-12-14,60.09,1568,60.09,1568,3638.368626186584,2666.102629692202,2512.24173729872,2931.6831692511723
2010-12-15,87.75,1214.35,87.75,1173.4,3613.8415751797525,2523.9404744834205,2459.738139757594,2896.8656807511493
2010-12-16,84.59,2649.29,84.59,2649.29,3604.244047068511,2535.8785245326185,2467.17154604161,2891.9631920234037
2010-12-17,155,3605.72,155,3590.22,3604.1045043116105,2636.291998386655,2511.2126618831153,2905.7900595080887
2010-12-20,93.65,2434.88,93.65,2434.88,3592.470429641843,2617.1099033022115,2508.219224162209,2896.465107834661
2010-12-21,108.48,2933.95,108.48,2933.95,3585.917987555855,2647.2851506067627,2524.9145487048672,2897.207382927044
2010-12-22,70.01,2084.2,70.01,2084.2,3570.9755200179857,2593.6579934061187,2507.631625226245,2881.1082268294786
2010-12-23,23.2,858.33,23.2,858.33,3543.984022306364,2428.388660700774,2442.9531301193333,2841.0532124368156
2010-12-27,7.61,1251.19,7.61,1251.19,3521.1701514376437,2316.2745025387953,2396.217321095046,2809.5707725865814
2010-12-28,67.84,1231.37,67.84,1231.37,3498.3860703288115,2212.9502642017674,2350.5370339932792,2778.3192721393225
2010-12-29,51.21,1207,51.21,1207,3475.586208932505,2117.145477134932,2305.6924444249153,2747.204039027653
2010-12-30,352.43,881.02,309.96,881.02,3449.7696297391467,1999.4192412173197,2249.8229368004086,2710.2498996409668
2010-12-31,1.06,1049.55,1.06,1049.23,3425.8836632740804,1908.9250277680512,2202.7408608474516,2677.3584164797594
2011-01-03,185.22,3788,185.22,3788,3429.486810903194,2087.8845489329988,2264.9078859122574,2699.3513191237244
2011-01-04,137.61,1909.16,137.61,1850.49,3413.775399849431,2065.275544272713,2248.656204111777,2682.5421840915715
2011-01-05,32.83,3642.16,32.83,3642.16,3416.047883433019,2215.4550162467403,2303.3034117936677,2701.544517079857
2011-01-06,159.58,1657.88,159.58,1657.88,3398.5536756376655,2162.3526337470507,2277.9926897625433,2680.8778929792657
2011-01-07,120.1,1966.3,120.1,1966.3,3384.3023952830617,2143.6809543425697,2265.7694470267575,2666.7278356925476
2011-01-10,43.19,1844.71,43.19,1844.71,3368.9830679668125,2115.2075301194677,2249.2573118492373,2650.4502547877446
2011-01-11,145.76,2679.58,145.76,2679.58,3362.123335947242,2168.957289155709,2266.1327113845614,2651.027081425611
2011-01-12,151.8,3660.91,151.8,3660.91,3365.0963375796077,2311.048023521832,2320.829859957716,2671.0247629815394
2011-01-13,74.67,1536.14,74.67,1536.14,3346.8977670564277,2237.2472593768957,2290.0577085868254,2648.5517973779447
2011-01-14,104.79,3595.93,104.79,3595.93,3349.3756997225328,2366.645615626715,2341.2683866814596,2667.311761786302
2011-01-18,68.72,1823.56,68.72,1823.56,3334.1934539541494,2314.9231760432185,2320.966097007677,2650.6038061073655
2011-01-19,140.75,674.21,140.75,423.57,3305.2320265516205,2134.794302134341,2246.558406928945,2606.504126778507
2011-01-20,613.64,2538.28,613.64,2507.16,3297.291011362052,2170.25770193107,2256.7780772454566,2604.536916347249
2011-01-21,304.3,2737.91,304.3,2737.91,3291.725031149494,2224.3198255566826,2275.6459957848506,2607.17796750869
2011-01-24,94.78,2450.15,94.78,2450.15,3283.351150242534,2245.827461217951,2282.489290067798,2604.0685028055477
2011-01-25,38.34,1571.55,38.34,1571.55,3266.318302976439,2181.6105601495747,2254.6093179082764,2583.6225918589034
2011-01-26,124.49,2529.99,124.49,2529.99,3258.991653195579,2214.7895544210437,2265.408560343246,2582.560560336945
2011-01-27,89.98,2652.97,89.98,2651.47,3252.9466616214936,2256.378168285706,2280.548224643511,2583.9251036966093
2011-01-28,100.81,687.42,100.81,580.54,3226.355550560583,2096.774533210877,2213.8812354418046,2544.2541115442014
2011-01-31,135.46,2880.87,135.46,2880.87,3222.9178833908263,2171.450291952698,2240.0376575813416,2550.9197727017417
2011-02-01,149.36,4146.38,149.36,4146.38,3232.106561168032,2359.5388355762507,2314.796180813446,2582.51304452943
2011-02-02,48.9,1364.5,48.9,1364.5,3213.5234113056636,2264.773232188036,2277.529663918801,2558.393974340728
2011-02-03,70.86,2589.12,70.86,2589.12,3207.3104420389404,2295.6634005510805,2289.7488927847303,2559.002410492397
2011-02-04,56.51,2095.33,56.51,2095.33,3196.245960028603,2276.5840290700253,2282.1246224794468,2549.820778601458
2011-02-07,111.49,3079.41,111.49,3079.41,3195.0834131626466,2353.0436453490706,2313.390715715547,2560.3076938766767
2011-02-08,60.03,2300.25,60.03,2300.25,3186.179598106302,2348.01567912535,2312.8753935306236,2555.158036572188
2011-02-09,40.81,1412.15,40.81,1412.15,3168.527562304249,2258.885614446745,2277.5528290784423,2532.524214065808
2011-02-10,59.34,1900.66,59.34,1900.66,3155.9119646693807,2224.7688892613405,2262.7727181341897,2520.0120514110395
2011-02-11,26.77,2940.82,26.77,2940.82,3153.7717461154566,2292.964233141213,2289.3628076191235,2528.3448820761673
2011-02-14,92.49,2090.12,92.49,2090.12,3143.188146651621,2273.6457347468117,2281.5493641830794,2519.6671616390154
2011-02-15,39.32,1420.33,39.32,1420.33,3126.0452795207593,2192.3775695328295,2247.776055783743,2497.8981089332924
2011-02-16,96.7,2731.45,96.7,2731.45,3122.118958331498,2243.7178010058933,2266.7436614392823,2502.5228988554054
2011-02-17,42.89,2531.32,42.89,2531.32,3116.2403617311847,2271.1084866243796,2277.119204127938,2503.093138482031
2011-02-18,144.5,1820.79,144.5,1820.79,3103.350308380626,2228.221011707772,2259.2239412209597,2489.582185244763
2011-02-22,29.19,449.6,29.19,449.6,3076.944832675346,2058.8285344022697,2188.2582964671965,2449.186498408233
2011-02-23,93.41,2093.8,93.41,1987.98,3066.1093617034517,2052.081054935387,2180.4042456253455,2440.0536964595553
2011-02-24,53.99,1835.45,53.99,1835.45,3053.863994920333,2031.4495258939214,2166.876628149842,2428.0813460346135
2011-02-25,87,3286.55,87,3286.55,3056.1792785529665,2150.9829043802147,2210.7853878302403,2445.080725321057
2011-02-28,127.05,2455.89,127.05,2455.89,3050.206250905673,2180.021675391623,2220.397333405525,2445.2947703642044
2011-03-01,94.31,473.5,94.31,470.17,3024.5342484090993,2017.1786586876588,2151.760967389622,2406.183388772834
2011-03-02,77.88,2422.07,77.88,2422.07,3018.5395792707004,2055.7397388126437,2162.3613216096364,2406.497975133768
2011-03-03,163.51,3809.25,163.51,3809.25,3026.4073446510915,2222.7407160685825,2226.945191350435,2434.275242952901
2011-03-04,40.92,991.78,40.92,991.78,3006.1622964456083,2105.506362157289,2178.5073407092414,2405.7109807162096
2011-03-07,81.6,813.46,81.6,813.46,2984.344363147642,1982.4543276661186,2124.976072446134,2374.1812583257897
2011-03-08,129.54,3390.09,129.54,3390.09,2988.3816331660737,2116.514867888393,2174.5883833305993,2394.298263111418
2011-03-09,57.3,1686.73,57.3,1686.73,2975.429875622133,2075.582975708546,2155.456682023517,2380.287010376538
2011-03-10,4.55,805.97,4.55,805.97,2953.843210193057,1954.6674542124942,2102.5356356696534,2349.1124161116563
2011-03-11,1154.39,2973.46,1154.39,2973.46,2954.0384021314344,2051.695315716066,2136.6895323100593,2361.475734604495
2011-03-14,37.68,1191.97,37.68,1191.97,2936.5053832047533,1969.8167142192979,2099.6417075135864,2338.317205206386
2011-03-15,3.36,1056.37,3.36,884.47,2916.087120685303,1866.4503604841266,2051.987915062073,2309.5281516379428
2011-03-16,75.29,639.45,75.29,502.57,2892.072024957091,1736.5569928189716,1991.2264281968937,2273.746802100558
2011-03-17,173.68,3372.12,173.68,3372.12,2896.848621723687,1892.3248982647838,2045.3791172872116,2295.4967664153983
2011-03-18,378.99,3885.05,378.99,3885.05,2906.6814712587748,2082.108241287185,2117.5230734720267,2326.973068070539
2011-03-21,191.17,2761.89,191.17,2761.89,2905.240760101971,2146.849361164596,2142.7923647084176,2335.5852845443897
2011-03-22,82.01,1095.64,82.01,1095.64,2887.2347823895134,2046.7341839108249,2101.727566092401,2311.0319125732135
2011-03-23,23.08,1855.21,23.08,1855.21,2876.965879082155,2028.4937854431273,2092.0602105593657,2302.0057360866153
2011-03-24,76.96,3036.47,76.96,3036.47,2878.5529847629296,2124.4915201628296,2129.0958885766454,2316.5495828967814
2011-03-25,67.81,2270.3,67.81,2270.3,2872.500716257826,2138.378042052084,2134.6333047108947,2315.6337495720927
2011-03-28,92.66,1275.55,92.66,1275.55,2856.6106593796385,2056.2039428090284,2100.943763349683,2295.0380317587837
2011-03-29,22.42,2142.44,22.42,2142.44,2849.5044836644183,2064.41690063674,2102.5710667477347,2292.0162885556397
2011-03-30,85.05,2600.94,85.05,2600.94,2847.031205219996,2115.514338671336,2122.114946483118,2298.1335897723598
2011-03-31,37.03,1405.35,37.03,1405.35,2832.686118600892,2047.8796397502565,2094.00651720927,2280.4547068065704
2011-04-01,137.53,2847.99,137.53,2847.99,2832.838396027749,2124.0806264407083,2123.5744969265534,2291.693029444064
2011-04-04,61.89,1432.87,61.89,1432.87,2818.908362236428,2058.2510429701647,2096.4880460666886,2274.686632821409
2011-04-05,119.73,2382.07,119.73,2382.07,2814.561711865916,2089.090943639673,2107.687338377799,2276.8130361318763
2011-04-06,81.45,2488.99,81.45,2488.99,2811.3221923448623,2127.176568054942,2122.640383931611,2281.0145601688687
2011-04-07,81.21,1524.29,81.21,1194.87,2795.2380909284957,2038.3854663354236,2086.2572316205674,2259.5067470962176
2011-04-08,109.48,1018.41,109.48,1018.41,2777.5582094267197,1941.24494573205,2044.3808695962314,2234.9305738863914
2011-04-11,72.13,1053.77,72.13,1053.77,2760.4060879398867,1856.7235223289977,2005.5333845140262,2211.5412555916114
2011-04-12,39.09,1557.5,39.09,1557.5,2748.436873134515,1828.2260440119503,1987.9634478664173,2198.5899435996985
2011-04-13,124.76,1690.88,124.76,1690.88,2737.9139191729773,1815.1454683917646,1976.313116577538,2188.5362813501997
2011-04-14,20.85,1772.55,20.85,1772.55,2728.308308036928,1811.0887571163585,1968.3224061235169,2180.2989292442553
2011-04-15,193.21,2176.37,193.21,2176.37,2722.816384573874,1845.8774469148004,1976.4811352951438,2180.2211286651614
2011-04-18,2.73,1033.87,2.73,353.54,2699.241495175129,1703.7500710181528,1912.8363848914125,2144.049225127237
2011-04-19,119.31,2651.79,119.31,2651.79,2698.7693409942817,1794.039588064043,1941.8149580329257,2154.1034978969947
2011-04-20,192.69,3052.89,192.69,3052.89,2702.292929641105,1913.9301034865152,1985.3865283061443,2171.901250413886
2011-04-21,111.08,2114.48,111.08,2114.48,2696.444044769054,1933.0300936306567,1990.449017392178,2170.764195950245
2011-04-25,39.62,1103.06,39.62,1103.06,2680.5894771594117,1853.9853228086893,1955.6494480826807,2149.6215386046956
2011-04-26,99.89,2634.71,99.89,2634.71,2680.1329649488703,1928.3400539697664,1982.2792736480658,2159.2272507115335
2011-04-27,99.28,2577.96,99.28,2544.09,2678.7793036060953,1986.9829059726458,2004.3110668383376,2166.8482952518993
2011-04-28,68.75,2478.4,68.75,2478.4,2676.7854796896167,2033.784533975251,2022.9027897074225,2173.0176359399807
2011-04-29,58.67,1970.13,58.67,1968.23,2669.735176409123,2027.541245025227,2020.758758738504,2168.962435228298
2011-05-02,126.31,1583.6,126.31,1583.6,2658.9278612209728,1985.2611264513957,2003.6152780036607,2157.3710998772426
2011-05-03,77.31,1962.47,77.31,1962.47,2651.9979322536,1983.0905429798343,2002.0017376897918,2153.511672156901
2011-05-04,80.48,1081.91,80.48,1081.91,2636.3751667585393,1897.2638246008025,1965.9197087607804,2132.2918370646853
2011-05-05,15.83,1173.43,15.83,1173.43,2621.8184984325835,1828.3272698769165,1934.84168096624,2113.3044739544935
2011-05-06,162.88,2983.26,162.88,2983.26,2625.4149312840004,1938.320863221972,1975.9561248499167,2130.5313160544047
2011-05-09,53.24,1925.49,53.24,1925.49,2618.450504107045,1937.098876248451,1973.9770611303122,2126.4710919741196
2011-05-10,64.54,2578.57,64.54,2578.57,2618.0536831706568,1998.191364224789,1997.6865881448098,2135.4235455983944
2011-05-11,29.15,519.84,29.15,519.84,2597.1759350794064,1857.3959962033805,1939.7318199822682,2103.4317922202085
2011-05-12,20.32,2005.93,20.32,2005.93,2591.292890949263,1871.5420918030586,1942.327827041787,2101.5010636613924
2011-05-13,30.65,614.42,30.65,612.49,2571.6033099447927,1751.6323687741958,1890.1773240205405,2072.015696064137
2011-05-16,36.54,1195.86,36.54,1195.86,2557.914321786138,1698.701666986177,1862.9491936667937,2054.666078320293
2011-05-17,21.38,1774.76,21.38,1774.76,2550.121741469858,1705.9453177493983,1859.4907939151547,2049.123383700089
2011-05-18,41.98,2610.09,41.98,2610.09,2550.7184405597104,1792.0543351065985,1888.926056898874,2060.23163352781
2011-05-19,60.13,1667.64,60.13,1667.64,2541.9315904048876,1780.205350810732,1880.2481723146045,2052.457541774784
2011-05-20,35.4,974.77,35.4,974.77,2526.3379427391674,1703.4972221620908,1844.7392243806985,2031.1171944129073
2011-05-23,7.46,325.76,7.46,322.8,2504.412192065146,1572.002248622844,1785.0553332285142,1997.2891311572062
2011-05-24,70.68,1838.33,70.68,1838.33,2497.78450856201,1597.3667963730493,1787.144535847004,1994.1414255897366
2011-05-25,27.88,2119.05,27.88,2119.05,2494.0160059892537,1647.0509110041874,1800.1604364020234,1996.6148627067716
2011-05-26,45.69,2345.27,45.69,2345.27,2492.5359462281667,1713.5479670990267,1821.5372820333166,2003.51892483139
2011-05-27,64.24,2040,64.24,2040,2488.0331009920656,1744.6386368991193,1830.1044474437747,2004.2413223594813
2011-05-31,109.21,3187.38,109.21,3187.38,2494.991776604085,1882.0425762420602,1883.3309397008816,2027.6698110256302
2011-06-01,29.67,257.52,29.67,206.63,2472.222007682651,1722.4794737428165,1817.577961673396,1991.609616747895
2011-06-02,68.92,1727.41,68.92,1727.41,2464.81094292959,1722.949047672072,1814.0419631764,1986.3779411687287
2011-06-03,15.62,764.65,15.62,718.75,2447.4372022039224,1627.3110431318748,1771.0893371694824,1961.276397779249
2011-06-06,27.93,356.24,27.93,201.38,2425.088374321296,1491.508086643125,1709.5321082608752,1926.426964159858
2011-06-07,96.93,1779.22,96.93,1779.22,2418.6618233330246,1518.9092212485416,1712.2649667604487,1923.511974770554
2011-06-08,44.88,845.91,44.88,845.91,2403.012551459064,1454.814057320109,1678.2902621816077,1902.1733218048005
2011-06-09,47.19,2555.71,47.19,2555.71,2404.531929056486,1559.661289956289,1712.6988793509563,1915.1146421651015
2011-06-10,18.78,737.37,18.78,734.71,2387.9167854837847,1481.0945004366424,1674.3463742783697,1891.7402928152976
2011-06-13,65.07,1706.26,65.07,1706.26,2381.1341309018567,1502.5388337283907,1675.5978890125514,1888.067415729846
2011-06-14,106.13,3066.16,106.13,3066.16,2387.9503087038283,1651.4551352780677,1730.1297365022551,1911.3959817549976
2011-06-15,10.6,291.96,10.6,289.98,2367.074982249064,1521.7908366801564,1673.6532762472648,1879.2887345915324
2011-06-16,39.26,1844.78,39.26,1844.78,2361.878017251561,1552.5517093772844,1680.3641281591367,1878.6053933124922
2011-06-17,374.38,2736.22,374.38,2736.22,2365.602813099804,1665.282022769924,1721.770240780347,1895.5878607716509
2011-06-20,29.92,2046.61,29.92,2046.61,2362.428755258015,1701.5989729823123,1734.5090548673923,1898.5783981821132
2011-06-21,90.64,3075.21,90.64,3075.21,2369.521105951965,1832.4190707935206,1787.0855625196514,1921.8780338616752
2011-06-22,30.98,1129.95,30.98,942.22,2355.319104897717,1747.6382069084234,1753.9535796757434,1902.4788648743154
2011-06-23,20.58,1563.19,20.58,1563.19,2347.4372232569435,1730.071711012383,1746.472654982577,1895.7602734906657
2011-06-24,47.8,852.75,47.8,852.75,2332.564713572795,1646.5172623445371,1711.4247077283583,1875.1066047086722
2011-06-27,39.24,2404.96,39.24,2404.96,2333.285064681523,1718.7499040260097,1738.6221701703835,1885.5987511500846
2011-06-28,69.18,2606.91,69.18,2606.91,2336.0077008538465,1803.3365798330565,1772.6726733009566,1899.8821422164194
2011-06-29,161.23,3004.33,161.23,3004.33,2342.6576739796787,1917.7169055632417,1820.9729606224878,1921.7523968259952
2011-06-30,72.27,2761.95,72.27,2761.95,2346.8297369251545,1998.1200574143616,1857.8740209902335,1938.3899731264705
2011-07-01,43.59,2973.16,43.59,2973.16,2353.061878846297,2090.9810043272796,1901.61072604944,1958.8804687081247
2011-07-05,41.7,1273.27,41.7,1266.64,2342.2517108975776,2012.4723372484912,1876.7099132631874,1945.1727366544985
2011-07-06,24.67,1517.07,24.67,1517.07,2334.0409476050645,1965.2911622724444,1862.6063872528664,1936.695454740548
2011-07-07,118.65,2946.37,118.65,2946.37,2340.133773997054,2058.727242056021,1905.1069210860874,1956.6890100922203
2011-07-08,9.1,546.39,9.1,546.39,2322.2855772408643,1914.6951237649714,1851.8239045729074,1928.7622970210873
2011-07-11,7.21,114.73,7.21,114.73,2300.3198501041393,1743.2698738825932,1783.702574981813,1892.8408653969072
2011-07-12,22.71,1238.16,22.71,1065.2,2288.0301003518593,1678.6917906556796,1755.526003413899,1876.4519373692458
2011-07-13,90.15,2419.07,90.15,2416.96,2289.312984925473,1749.003048688472,1781.4645915153146,1887.15506732233
2011-07-14,83.3,703.21,83.3,703.21,2273.5308656724833,1649.4037107181414,1739.1800977304003,1863.71061054367
2011-07-15,312.49,2201.69,312.49,2201.69,2272.8160311881797,1702.0024049354613,1757.3177409566592,1870.4032717210232
2011-07-18,15.61,309.62,15.61,309.62,2253.2817423206357,1569.3945568463698,1700.5452805269863,1839.496672281003
2011-07-19,110.61,2870.27,110.61,2870.27,2259.4209289642113,1693.2874561943345,1746.4168381533789,1859.9080253051416
2011-07-20,86.69,2026.29,86.69,2026.29,2257.101218228249,1725.0019841758265,1757.3922562650112,1863.2027178733565
2011-07-21,119.57,3536.31,119.57,3536.31,2269.8296638180177,1897.5075094924143,1827.1537364114813,1896.333555143191
2011-07-22,71.12,1464.16,71.12,1464.16,2261.8130502476893,1856.2363181121843,1812.9186879247566,1887.7756629621376
2011-07-25,22.32,662.06,22.32,662.06,2245.895109449205,1742.5052401967382,1767.7869746728054,1863.5040656757587
2011-07-26,66.44,1485.66,66.44,1485.66,2238.330580996974,1718.0437887494297,1756.7231717444602,1856.022004969308
2011-07-27,61.31,289.46,61.31,266.17,2218.7070926288447,1579.7700945828174,1698.2701061858538,1824.5397870491238
2011-07-28,1205.16,1441.17,599.13,1441.17,2210.9704051400004,1566.57008557493,1688.1877490805261,1816.948306117458
2011-07-29,70.2,2025.47,70.2,1305.32,2201.958958322687,1541.6891250439844,1673.1733275479564,1806.8170525309738
2011-08-01,134.19,1629.03,134.19,1629.03,2196.258172667735,1550.007303611224,1671.4422166637228,1803.2965168372912
2011-08-02,200.69,471.74,179.24,276.85,2177.159583884971,1428.7542270768217,1616.752325814165,1773.0698531375429
2011-08-03,225.89,3231.58,125.25,3231.58,2187.6513293189514,1600.451919736172,1680.078901272433,1801.9512421843242
2011-08-04,12.88,148.2,12.88,82.41,2166.703654400355,1455.8764988089174,1617.4252188695925,1767.9009205569118
2011-08-05,137.75,2961.12,137.75,2961.12,2174.6082946550778,1599.2330227318776,1670.1191318550987,1791.5290211399433
2011-08-08,4.98,163.02,4.98,116.23,2154.126918588858,1457.9946396145558,1609.1823031548988,1758.3547830975683
2011-08-09,144.53,8479.87,144.53,8479.87,2217.0696358168298,2126.744673936979,1878.6210363645107,1891.454094323359
2011-08-10,6.88,1131.99,6.88,479.66,2199.781977749001,1969.879466895362,1823.7598192521768,1863.4977756238866
2011-08-11,112.72,6578.4,112.72,6578.4,2243.3503162788616,2408.7861843338987,2010.216296928562,1956.862176106582
2011-08-12,114.27,2809.81,114.27,2808.66,2248.975288256186,2446.8694048735274,2041.5278146960695,1973.7294597480359
2011-08-15,135.5,4240.74,135.5,4240.74,2268.793842601896,2617.714223457001,2127.7714298060278,2018.6207575748074
2011-08-16,9.56,800.02,9.56,707.2,2253.2555954118275,2435.7604878896677,2072.0627462842226,1992.6520297020388
2011-08-17,79.16,2123.79,79.16,2123.79,2251.9673805321077,2406.0490128525566,2074.0912660377826,1995.2488211930875
2011-08-18,8.41,185.15,8.41,185.15,2231.4020334621364,2194.5348211523133,2000.0151379578695,1959.405280179363
2011-08-19,39.02,1022.86,39.02,772.24,2216.883008253558,2059.0781715187595,1951.8670933320707,1935.8970568094746
2011-08-22,108.23,2103.77,108.23,2103.77,2215.7575056838705,2063.3345361360207,1957.8240700641463,1939.2212735063167
2011-08-23,46.75,4127.79,46.75,4127.79,2234.7827046322896,2259.9493422183045,2042.9207731988856,1982.55926809035
2011-08-24,85.62,3485.89,85.62,3485.89,2247.2315334419186,2376.7055953403706,2099.50780170089,2012.3281934746997
2011-08-25,161.73,1554.95,161.73,1554.95,2240.3431599748346,2298.443157688907,2078.152593791051,2003.2711995445077
2011-08-26,13.57,3773.34,13.57,3773.34,2255.5968598755826,2438.9095236232965,2144.630531289441,2038.32206688026
2011-08-29,83.9,3506.76,83.9,3492.46,2267.9039557972187,2539.2476642306015,2197.4865888859335,2067.1168774370867
2011-08-30,12.61,2146.17,12.61,2146.17,2266.6926726549577,2501.811696208639,2195.474173635505,2068.682285804669
2011-08-31,92.13,3196.81,92.13,3196.81,2275.9475714345103,2568.0020108554354,2234.742245257642,2091.0214484620024
2011-09-01,49.19,820.89,49.19,530.77,2258.582620474963,2373.979914583489,2167.9198042671464,2060.125380175626
2011-09-02,5.25,180.06,5.25,180.06,2237.900803355809,2165.035160813633,2089.9645178252977,2022.8963627464059
2011-09-06,10.43,891.43,10.43,891.43,2224.503083919433,2043.7394312123345,2042.96316418509,2000.4910882365762
2011-09-07,107.1,3701.79,107.1,3701.79,2239.202456218742,2201.6490091921123,2108.015196962145,2034.180175598228
2011-09-08,19,577.54,19,577.54,2222.668501430496,2046.9719606976255,2047.9965617871592,2005.335815685392
2011-09-09,4.67,188.43,4.67,153.56,2202.080357137655,1866.6470120597564,1973.704931913153,1968.6669876520177
2011-09-12,14.87,2472.44,14.87,2472.44,2204.7705028377777,1924.3415823397797,1993.263169877343,1978.6426908668293
2011-09-13,64.26,3052.73,64.26,3052.73,2213.20791076974,2031.8071459264675,2034.8108887056824,1999.9117464932287
2011-09-14,71.37,3663.07,71.37,3663.07,2227.634399219792,2187.1655129810897,2098.6641871878123,2032.845573295343
2011-09-15,99.72,3446.36,99.72,3446.36,2239.7610221131276,2307.088797459081,2151.515003376526,2060.8359579825637
2011-09-16,448.99,2484.9,404.72,2484.9,2242.2002159229473,2324.023197701073,2164.5889248127405,2069.2332657452853
2011-09-19,10.36,493.31,10.36,487.51,2224.7406117844107,2149.1171788723996,2098.821123839692,2037.91201295825
2011-09-20,63.61,1378.03,63.61,1336.69,2215.9042872890436,2071.743161836933,2068.933628787155,2024.0264285432352
2011-09-21,50.68,647,50.68,229.86,2196.14265258965,1896.325717852463,1996.813094324914,1988.49838045327
2011-09-22,9.97,290.27,9.97,290.27,2177.1787455987082,1743.3680304379427,1929.8898357239368,1954.8700956918192
2011-09-23,61.58,3450.35,61.58,3450.35,2189.8471162892683,1905.9377418248052,1989.5157245190765,1984.4835591434664
2011-09-26,94.3,4114.89,94.3,4114.89,2209.001771848579,2116.3141473653,2072.86373532225,2026.6698252990413
2011-09-27,163.56,3560.07,163.56,3560.07,2222.44523680531,2253.814704759081,2131.185549623338,2057.03418519411
2011-09-28,54.36,531.47,54.36,129.45,2201.6194135535156,2051.4942566867876,2052.6861163047756,2018.86420132888
2011-09-29,93.22,3379.32,93.22,3379.32,2213.337827349003,2177.953851288046,2104.710974488902,2045.8039201144468
2011-09-30,3.45,327.32,3.45,267.27,2193.973968370406,1995.9839606891844,2032.6544656854157,2010.5854266468339
2011-10-03,23.06,509.53,23.06,179.26,2173.9270632124917,1822.9626310997382,1959.9723297761839,1974.321556812243
2011-10-04,27.73,5874.43,27.73,5874.43,2210.747987956646,2208.8166662330964,2113.4804737065297,2051.5514269743767
2011-10-05,44.8,4251.59,44.8,4251.59,2231.0548736486194,2403.36650754423,2197.3279061101953,2095.11654723231
2011-10-06,56.03,4606.49,56.03,4606.49,2254.691044060076,2613.1877925400177,2291.804850968619,2144.8467146138482
2011-10-07,79.31,1060.97,79.31,892.09,2241.1328247161946,2449.2737170600158,2236.9140724992617,2120.0396509581283
2011-10-10,92.41,3481.94,92.41,3481.94,2253.47916476877,2547.6228868638236,2285.7386186757612,2147.0079747015316
2011-10-11,19.56,2291.85,19.56,2291.85,2253.8609641243042,2523.263564305364,2285.9782806884764,2149.876133618333
2011-10-12,118.88,3917.49,118.88,3917.49,2270.414486869336,2656.0470343715197,2349.9591324261833,2184.8783883981678
2011-10-13,24.11,1349.43,24.11,1349.43,2261.2504621243675,2531.6073168123276,2310.7226958604506,2168.33485595464
2011-10-14,105.39,3076.65,105.39,3076.65,2269.363890361936,2583.5161437825823,2340.7590607286684,2186.3212944505876
2011-10-17,54.34,442.94,54.34,442.94,2251.1905183185336,2379.651749136622,2266.334783837348,2151.798892580279
2011-10-18,98.13,4553.23,98.13,4553.23,2274.0963838079015,2586.659201599801,2356.01694917706,2199.351983816313
2011-10-19,63.27,972.96,63.27,704.8,2258.481494416778,2407.434515733153,2291.263343326979,2169.756895027871
2011-10-20,55.4,2825.57,55.4,2825.57,2264.1241661141235,2447.256942806186,2312.2165455494505,2182.743293146131
2011-10-21,279.18,3603.6,279.18,3603.6,2277.4522838642315,2557.384853015121,2362.859033959276,2210.879069519475
2011-10-24,85.67,3620.87,85.67,3620.87,2290.8196243232937,2658.6691527279663,2412.1927973334223,2238.7996820042376
2011-10-25,11.8,451.8,11.8,441.75,2272.420921593709,2447.533995325303,2334.9205307713273,2203.214539786332
2011-10-26,103.91,3653.6,103.91,3653.6,2286.163997000737,2562.3974243419407,2386.633451133236,2231.935043948979
2011-10-27,231.71,6128.01,231.71,6128.01,2324.3913204136647,2901.9795744046132,2533.354100108403,2309.0850430787023
2011-10-28,59.41,2842.68,59.41,2388.01,2325.024342101091,2853.0300911279833,2527.654331476701,2310.6479135127875
2011-10-31,6.3,304.25,6.3,260.24,2304.4792242692392,2606.0977014967466,2438.7361223991834,2270.045776611544
2011-11-01,2.29,342.17,2.29,342.17,2284.9537593511373,2390.4855394494375,2356.5178430894116,2231.8700186588403
2011-11-02,104.81,3562.08,104.81,3562.08,2297.6614831386883,2502.0659642637766,2403.794790419239,2258.2108103685664
2011-11-03,109.24,3978.65,109.24,3978.65,2314.387737037806,2642.693015286274,2465.5538182459354,2292.2789131335453
2011-11-04,10.11,1274.13,10.11,1274.13,2304.0369137836983,2512.3536804971054,2418.831315569624,2272.1175485170393
2011-11-07,53.71,2158.56,53.71,2158.06,2302.5844071788856,2478.6114252116668,2408.6049894688545,2269.85898319987
2011-11-08,75.42,3143.26,75.42,3143.26,2310.9493384507373,2541.9112894772225,2437.4149898818405,2287.1540528394767
2011-11-09,3.49,97.37,3.49,64.54,2288.5970067248595,2305.971166669868,2344.3610687100036,2243.141893377309
2011-11-10,110.02,2560.95,110.02,2560.95,2291.306986757448,2330.2548650822614,2352.8547522900035,2249.4351232114213
2011-11-11,89.27,3052.83,89.27,3052.83,2298.884330172797,2399.0715445982364,2380.304762004121,2265.343932652779
2011-11-14,16.94,453.14,16.94,453.14,2280.518714947197,2213.7447308269757,2304.729673298077,2229.458706263615
2011-11-15,16.38,2173.41,16.38,2173.41,2279.4529565895136,2209.9033278910733,2299.5798821883486,2228.3488308920582
2011-11-16,7.45,722.81,7.45,598.43,2262.7263600065335,2056.429677615733,2232.868122102531,2196.073210478354
2011-11-17,54.58,518.65,54.58,305.72,2243.253659906966,1889.6954226047108,2157.2936859416473,2158.6404736371987
2011-11-18,208.13,1816.93,208.13,1816.93,2239.01163344023,1882.7653823566432,2143.946090414524,2151.873929604779
2011-11-21,3.12,244.8,3.12,244.8,2219.168731614954,1726.768679275058,2069.469773143366,2114.110089414585
2011-11-22,141.33,902.47,122.8,902.47,2206.0672516983873,1648.264043153624,2023.7050761573519,2090.117216356871
2011-11-23,10.27,161.27,10.27,136.61,2185.475637253627,1504.2969914247074,1949.701347680593,2051.4339051418833
2011-11-25,42.87,687.04,42.87,687.04,2170.5658299177703,1426.462992241402,1900.185216399001,2024.4162040499648
2011-11-28,149.98,3680.54,149.98,3680.54,2185.5904485255537,1641.136992980316,1970.0030510500208,2057.210734662837
2011-11-29,45.9,1806.9,45.9,1806.9,2181.8223843611204,1656.9239460298097,1963.6068529696279,2052.2540864516914
2011-11-30,256.64,5550.56,256.64,5550.56,2215.342161631159,2027.746427360304,2104.2716822649368,2121.5274708783904
2011-12-01,47.36,1638.37,47.36,1638.37,2209.6011450975157,1990.6629580878941,2086.001028058469,2111.9599962075313
2011-12-02,110.69,2402.13,110.69,2401.37,2211.509292907491,2029.7779144604756,2098.3684387228427,2117.6908873717384
2011-12-05,149.49,3497.57,149.49,3497.57,2224.30591685866,2169.567636892811,2153.239088184692,2145.0152262356646
2011-12-06,41.8,1770.9,41.8,1770.9,2219.7944151983747,2131.5992905220673,2138.245398451959,2137.6070039339684
2011-12-07,26.49,2547.75,26.49,2547.75,2223.057654848142,2171.232691424728,2154.304402434235,2145.7286474204243
2011-12-08,8.96,184.83,8.96,112.42,2202.056285148161,1975.1552922414205,2074.230504299559,2105.4651098477425
2011-12-09,96.57,3332.33,96.57,3332.33,2213.3027897735524,2104.410026313666,2123.5677394250665,2129.7594641081832
2011-12-12,2.13,308.03,2.13,308.03,2194.34485156685,1933.3262142837932,2052.37018101624,2093.6856133337637
2011-12-13,88.23,1010.7,88.23,697.93,2179.4551515512594,1815.669431971051,1999.254879799917,2066.0468883172534
2011-12-14,20.7,891.53,20.7,891.53,2166.6399759139335,1727.6561527357128,1955.8146884352145,2042.7891281525553
2011-12-15,100.36,2244.39,100.36,2244.39,2167.413607994392,1776.8689000942163,1967.131367320108,2046.781224624782
2011-12-16,407.59,3270.61,407.59,3246.3,2178.1487959745473,1916.8147191328624,2017.2948431114762,2070.534071661915
2011-12-19,54.14,367.72,54.14,293.45,2159.3955741240543,1762.208555405923,1949.693084558085,2035.3442880646492
2011-12-20,118.13,3812.64,118.13,3812.64,2175.8457674163524,1957.487740605359,2022.749826340121,2070.5382625584184
2011-12-21,34.11,2368.27,34.11,2368.27,2177.760436397284,1996.6098605477057,2036.2996370718809,2076.4339405275587
2011-12-22,44.56,2701.88,44.56,2701.88,2182.975556433132,2063.778445257448,2062.4008277749444,2088.8190110121614
2011-12-23,50.13,1616.56,50.13,1616.56,2177.3395807472302,2021.1862123757862,2044.9168737445546,2079.467347427762
2011-12-27,13.62,758.44,13.62,758.27,2163.219485416412,1900.9084778638066,1994.4601335977093,2053.305023716321
2011-12-28,11.45,92.49,11.45,84.89,2142.5395900391345,1727.9543371148727,1919.5750303193677,2014.3265083952058
2011-12-29,30.98,1987.82,30.98,1987.82,2141.000091630785,1752.7034478658372,1922.2513036401767,2013.8016270408452
2011-12-30,18.81,967.01,18.81,967.01,2129.3185981817223,1677.8755004500433,1884.7908603601697,1993.0730799707294
2012-01-03,147.12,3052,147.12,3052,2138.499507652551,1808.744500407182,1930.5637677970258,2014.041929872299
2012-01-04,16.97,1806.41,16.97,1806.41,2135.195134442078,1808.5221670350693,1925.6949925892993,2009.9304065084912
2012-01-05,25.48,2580.82,25.48,2580.82,2139.629212706336,1882.074341603158,1951.3861693505032,2021.2351509340656
2012-01-06,34.07,1205.22,34.07,1205.22,2130.3316085998053,1817.6120233552383,1922.1247509446011,2005.076435073985
2012-01-09,59.11,2187,59.11,2187,2130.895473190852,1852.7918306547394,1932.5120156134403,2008.678881904203
2012-01-10,153.24,3163.04,153.24,3163.04,2141.1655679849728,1977.5773705923832,1980.7680150011486,2031.5375179061
2012-01-11,28.51,2567.83,28.51,2567.83,2145.410985218953,2033.791906726442,2003.7900536285545,2042.1571710168703
2012-01-12,115.96,2207,115.96,2207,2146.023811236675,2050.287915609638,2011.759071133317,2045.4213854521797
2012-01-13,9.87,812.25,9.87,812.25,2132.75243003034,1932.3795426944341,1964.7194997163242,2021.002150096691
2012-01-17,150.87,2036.47,150.87,2036.47,2131.794395900685,1942.2929195806785,1967.533244825488,2021.308444154182
2012-01-18,38.5,3424.89,38.5,3424.89,2144.661018827046,2083.492641525376,2024.6844901264494,2049.102138329347
2012-01-19,186.09,2952.05,186.09,2952.05,2152.694740032747,2166.2123899515304,2061.0517650234515,2066.9822940059935
2012-01-20,88.39,2075.91,88.39,2075.91,2151.93071276874,2157.612162337099,2061.6344409048847,2067.1590802633004
2012-01-23,98.04,2184.49,98.04,2184.49,2152.2546857760162,2160.1719564002324,2066.4523059674384,2069.482464812542
2012-01-24,18.72,1897.34,18.72,1897.34,2149.7182212409316,2135.140341504972,2059.82045083146,2066.0737031330855
2012-01-25,25.72,3316,25.72,3316,2161.32301505943,2247.603166123546,2109.082393936109,2090.824718912628
2012-01-26,133.35,1500.76,133.35,1500.76,2154.750248740431,2176.4752455403514,2085.226613781752,2079.14026903317
2012-01-27,35.04,1890.19,35.04,1890.19,2152.1178084544563,2149.2099840603178,2077.578119123644,2075.3986795473647
2012-01-30,15.15,1064.46,15.15,1064.46,2141.2953426986905,2045.900461768859,2037.8479968050694,2055.3800918335555
2012-01-31,105.46,2030.36,105.46,2030.36,2140.191508442982,2044.4204177908725,2037.5543498715374,2054.884644470515
2012-02-01,132.75,3628.55,132.75,3628.55,2155.001045672405,2195.2899018107896,2099.946336151085,2086.0463346790198
2012-02-02,77.52,2347.02,77.52,2347.02,2156.9116820338736,2209.740387352619,2109.6354994392777,2091.2141300319104
2012-02-03,146.56,3832.5,146.56,3832.5,2173.584202610651,2364.2889218904647,2177.198813186757,2125.6950383481103
2012-02-06,15.93,1601.54,15.93,1601.54,2167.8922204951223,2291.646167424706,2154.6239577676683,2115.315730658049
2012-02-07,56.55,1806.06,56.55,1806.06,2164.291899893181,2245.3998657652105,2140.95478295325,2109.191854803434
2012-02-08,79.4,2353.12,79.4,2353.12,2166.170786461408,2255.658926168524,2149.2749875433183,2114.022115104356
2012-02-09,98.32,2243.51,98.32,2243.51,2166.9403308747274,2254.5018855810454,2152.970478227894,2116.586231636943
2012-02-10,29.91,797.7,29.91,797.7,2153.3160489754764,2115.758848859041,2099.822616336604,2090.4696725946274
2012-02-13,109.16,2663.72,109.16,2663.72,2158.3946952543274,2167.9456251581796,2121.9362392253647,2101.821164226417
2012-02-14,28.73,1276.74,28.73,1276.74,2149.6220117194584,2083.068898952639,2088.791288667507,2085.482923350646
2012-02-15,87.37,1300.5,87.37,1300.5,2141.173036478469,2008.5385276238162,2057.877904798193,2069.938707046673
2012-02-16,66.61,3367.14,66.61,3367.14,2153.3717127324144,2137.9291440405955,2109.2215163747346,2095.62586136258
2012-02-17,207.03,1938.06,207.03,1938.06,2151.229307630599,2118.8939874653006,2102.5093000463135,2092.5057452959945
2012-02-21,91.38,1885.63,91.38,1885.63,2148.586528450195,2096.6783696114626,2094.004229456262,2088.4091958841927
2012-02-22,32.32,1061.05,32.32,1061.05,2137.765269460641,1998.0470963151329,2053.496220457977,2068.0654494310406
2012-02-23,34.99,2535.84,34.99,2535.84,2141.7262120530722,2049.265468094644,2072.4116627929584,2077.328311818545
2012-02-24,77.51,1722.03,77.51,1722.03,2137.5501303411015,2018.1001854189635,2058.6712054285285,2070.2927016835242
2012-02-27,14.88,2008.38,14.88,2008.38,2136.2648554123343,2017.1744534743004,2056.6990012940764,2069.0667075907813
2012-02-28,56.7,1912.75,56.7,1912.75,2134.0408270002713,2007.2292674291289,2051.053942419799,2065.971327242449
2012-02-29,63.03,1165.45,63.03,1165.45,2124.403107328627,1927.0598133882595,2016.3243760503951,2048.1392217525
2012-03-01,82.06,2598.19,82.06,2598.19,2129.117404768143,1990.976974017949,2039.1426358131248,2059.031316371262
2012-03-02,43.66,1156.93,43.66,1156.93,2119.443898253037,1911.5439288733824,2004.546061859669,2041.1679239678708
2012-03-05,17.56,985.44,17.56,985.44,2108.1602773748973,1823.343554694965,1964.581118257329,2020.2624205229624
2012-03-06,6.5,156.66,6.5,156.66,2088.7423641671867,1664.6117875811588,1893.6822508746886,1983.359402294785
2012-03-07,65.47,2805.31,65.47,2805.31,2095.8723903943787,1773.2497125734294,1929.4323586835244,1999.6356517542943
2012-03-08,99.72,2913.57,99.72,2904.05,2103.913958649161,1880.9449780426266,1967.652658342994,2017.5448467690608
2012-03-09,64.82,2281.18,64.82,2281.18,2105.677799856632,1919.062599181424,1979.9478482118964,2022.7653448528417
2012-03-12,60.02,1107.05,60.02,1107.05,2095.741204833183,1841.7280659260502,1945.716560046724,2004.632367727043
2012-03-13,80.57,3911.62,80.57,3911.62,2113.8096505562357,2038.86063107595,2022.8108125939114,2042.3944990591808
2012-03-14,123.83,1890.75,123.83,1890.75,2111.590151545726,2024.7548566877645,2017.6319571980716,2039.3916376916723
2012-03-15,78.32,3317.06,78.32,3317.06,2123.5848764059674,2147.8315370032155,2068.5899196608925,2064.692001301738
2012-03-16,320.78,2988.53,320.78,2988.53,2132.1912955462067,2227.8980572886235,2104.6660012428183,2082.985823058139
2012-03-19,63.11,1938.5,63.11,1890.12,2129.7826259387816,2195.7287184992306,2096.2524325666295,2079.166697849067
2012-03-20,38.83,1472.55,38.83,1472.55,2123.242997819988,2126.8545548326374,2071.793513642448,2067.154486010472
2012-03-21,81.07,1597.59,81.07,1597.59,2118.012619732227,2076.4484067533385,2053.1972974211753,2057.856179356799
2012-03-22,7.59,410.82,7.59,410.82,2101.02562849111,1917.8171299196872,1988.7903445811291,2025.2416015477536
2012-03-23,30.52,2326.59,30.52,2326.59,2103.2700500981637,1956.7478794511455,2002.037389891673,2031.20889656661
2012-03-26,117.23,2934.31,117.23,2934.31,2111.5391043260424,2049.8490337891317,2038.5971000919994,2049.092086733608
2012-03-27,53.77,908.21,53.77,881.25,2099.2974216959324,1938.5538877139763,1993.2109393040778,2025.966500857695
2012-03-28,62.24,1057.48,62.24,1057.48,2088.9310791914954,1854.642088884074,1956.5156083509767,2006.7885503456616
2012-03-29,17.19,1389.52,17.19,1389.52,2081.9717649706845,1810.3447470855906,1934.28048645486,1994.5654107348564
2012-03-30,81.04,2330.74,81.04,2330.74,2084.4470707918717,1859.9061997441058,1949.827918358591,2001.2223332945623
2012-04-02,50.49,2721.24,50.49,2721.24,2090.783318843694,1941.9379902446672,1980.079372540607,2015.4801088728877
2012-04-03,33.56,1035.43,33.56,1035.43,2080.282290795498,1855.6038959356513,1943.034299107642,1996.0731760239196
2012-04-04,8.2,552.33,8.2,552.33,2065.0787854144482,1731.4825725132084,1888.4968756132248,1967.4842022412677
2012-04-05,23.43,1034.34,23.43,1034.34,2054.8226780968917,1665.0880417976648,1855.0005275499611,1949.0060992265892
2012-04-09,6.15,354.45,6.15,321.58,2037.5764822949325,1537.134894959792,1794.8663892146685,1916.7798398359637
2012-04-10,61.8,319.41,61.8,319.41,2020.4802983915004,1421.1610954398118,1737.0053543435051,1885.1487538986178
2012-04-11,131.03,2861.37,131.03,2861.37,2028.8473600990476,1558.3238482550678,1781.0980855457206,1904.4798676828036
2012-04-12,70.87,3094.9,70.87,3094.9,2039.454849053286,1704.6644341355375,1832.61972924981,1928.0525435702727
2012-04-13,20.26,497.66,20.26,446.15,2023.601069460716,1584.8059165988195,1778.248367318445,1898.707938747099
2012-04-16,103.28,1899.68,103.28,1899.68,2022.3680239934451,1614.793924541789,1783.0103921294863,1898.7271874847802
2012-04-17,101.58,2944.68,101.58,2944.68,2031.5452575855502,1741.4497412520948,1828.5660630263692,1919.4391243662697
2012-04-18,19.01,1027.22,19.01,909.19,2020.3775435797238,1662.1869087518953,1792.5120997704332,1899.434191210502
2012-04-19,90.68,1294.65,90.68,1294.65,2013.1563739918658,1627.1833936326673,1772.9880958578672,1887.4582666320762
2012-04-20,226.44,1847.26,226.44,1847.26,2011.505663802892,1648.143070429556,1775.9007195497154,1886.6622613522331
2012-04-23,5.14,519.95,5.14,519.95,1996.6643139143061,1540.6961113410268,1726.647750155609,1859.5986522165454
2012-04-24,81.41,2451.88,81.41,2451.88,2001.1938232285916,1627.4755293085482,1755.0882305416635,1871.3269957370098
2012-04-25,125.24,2968.81,125.24,2968.81,2010.8218448880086,1755.2216693744008,1802.6851626772846,1893.059332455089
2012-04-26,42.99,2581.9,42.99,2581.9,2016.5042145906154,1833.9529389577913,1833.2426072781755,1906.699741713404
2012-04-27,73.03,2059.51,73.03,2059.51,2016.9321328533954,1855.434563818954,1842.1158383653058,1909.7256874220493
2012-04-30,30.33,1231.85,30.33,1231.85,2009.1203703374413,1796.0455577409584,1818.1838447039213,1896.3024064829988
2012-05-01,75.6,2665.32,75.6,2665.32,2015.6497198863224,1878.8335998608673,1851.4048704018066,1911.5304776417513
2012-05-02,26.62,1165.72,26.62,1165.72,2007.19270774815,1810.918018921737,1824.5152676409514,1896.7619533320137
2012-05-03,43.89,756.7,43.89,756.7,1994.7499942382183,1710.5163028339525,1782.640159106012,1874.1864691076173
2012-05-04,28.27,500.21,28.27,499.34,1979.870292803012,1595.1661787545286,1732.3146626704822,1846.9617865510309
2012-05-07,49.94,1809.4,49.94,1808.37,1978.1638222278577,1615.4713045874305,1735.2972249186987,1846.197592757941
2012-05-08,17.3,992.06,17.3,992.06,1968.3518438972324,1556.0987993886276,1706.1506670787496,1829.283977059764
2012-05-09,11.58,1378.9,11.58,1366.07,1962.3589897291006,1538.0008184944727,1692.8141703305635,1820.1114230585806
2012-05-10,98.82,2172.19,98.82,2172.19,1964.4468604780648,1598.3997881616658,1711.6132224744629,1827.0832760673215
2012-05-11,14.76,1059.58,14.76,1059.58,1955.4432101250493,1547.0836178605548,1686.0432921813467,1811.885191392721
2012-05-14,20.11,490.42,20.11,434.74,1940.3118348999244,1441.146130445264,1636.9725748409016,1784.6149895829642
2012-05-15,67.24,1029.47,67.24,776.67,1928.7333091795272,1377.8626894504769,1603.235218964788,1764.655682858549
2012-05-16,95.59,1165.94,95.59,1165.94,1921.1433260036115,1357.679576169479,1586.0863868485217,1752.7999267623402
2012-05-17,45.6,898.34,45.6,534.35,1907.3443874364114,1279.2672355819097,1544.8418226583835,1728.6722054403137
2012-05-18,200.52,1329.47,200.52,1329.47,1901.5943935315715,1284.0484512407754,1536.395868828643,1720.7672112731789
2012-05-21,74.85,2896.53,74.85,2896.53,1911.4942503123518,1437.6181225511777,1589.734462207912,1744.049642733116
2012-05-22,65.75,1928.83,65.75,1928.83,1911.6667453341195,1484.4002061177323,1603.0323264350527,1747.7086597086977
2012-05-23,21.18,2481.43,21.18,2481.43,1917.3360314501979,1579.3554245827102,1637.4792940258349,1762.2377951600106
2012-05-24,79.34,1950.25,79.34,1950.25,1917.6635336248228,1614.678717479595,1649.7448119071746,1765.960809117238
2012-05-25,40.25,1546.81,40.25,1546.81,1913.973448713133,1608.2150301005859,1645.7081526166971,1761.6211891347186
2012-05-29,94.15,2914.23,94.15,2914.23,1923.926250218475,1732.5974081862444,1695.4541074160425,1784.4451259835362
2012-05-30,17.98,253.15,17.98,253.15,1907.3016109128184,1591.6976550256497,1638.893162027178,1754.122450221486
2012-05-31,77.56,2007.09,76.63,2007.09,1908.2945302072183,1631.2588307374926,1653.3322537123868,1759.1317086329416
2012-06-01,14.25,334.17,14.25,334.17,1892.6315995583902,1507.7265611434457,1601.6004006256264,1730.9146450956557
2012-06-04,71.69,1337.27,71.69,1323.94,1886.9729766772123,1490.223079129784,1590.711757463837,1722.8557412323753
2012-06-05,47.49,2612.52,47.49,2612.52,1894.1923500436083,1597.1085001650426,1630.7826689358435,1740.4728552673778
2012-06-06,114.77,3796.28,114.77,3796.28,1913.1185953168062,1806.553404911229,1715.7041328991438,1781.1819076383208
2012-06-07,140.99,3824.06,140.99,1780.58,1911.7998033236042,1804.0797473006357,1718.2482845501577,1781.1699886751858
2012-06-08,20.65,2559.76,20.65,2559.76,1918.247168464663,1876.0492951767658,1751.2487439795632,1796.5876126618157
2012-06-11,99.22,511.67,99.22,341.8,1902.5611269874028,1729.9303146837406,1695.9762442156587,1767.779937163562
2012-06-12,71.87,2869.01,71.87,2869.01,1912.1775336840456,1838.41409423767,1741.9775679719073,1789.5864730613132
2012-06-13,21.56,1072.34,21.56,989.12,1902.9928816075874,1757.528942405511,1712.4537417769307,1773.7356518125744
2012-06-14,43.42,2817.35,43.42,2817.35,1912.0909623876114,1858.4642812240338,1755.7830068052863,1794.401282469751
2012-06-15,293.79,3396.27,293.79,3396.27,1926.8589130106202,2004.9219687265067,1820.1158300678242,1826.1214550941124
2012-06-18,13.52,1502.95,13.52,1502.95,1922.6409138761862,1957.1151145620775,1807.6779543788898,1819.7220203397735
2012-06-19,80.4,3077.22,80.4,3077.22,1934.129262991846,2063.79177031807,1857.4639169522666,1844.6229704320551
2012-06-20,52.75,1803.05,52.75,1803.05,1932.8249917182952,2038.9592207639682,1855.3300378560994,1843.7997432947866
2012-06-21,47.29,244.43,47.29,242.42,1916.005041551944,1867.860247357876,1792.0786638225268,1812.0892533285532
2012-06-22,85.75,3437.95,85.75,3437.95,1931.1487724817755,2017.392604752364,1856.6226377902708,1844.284515638879
2012-06-25,7.29,340.48,7.29,340.48,1915.3212225068326,1857.686642394996,1797.1660637592797,1814.5062083985051
2012-06-26,72.1,2073.9,72.1,2073.9,1916.8991207903466,1878.2783907383296,1808.018374984406,1819.6427191232872
2012-06-27,64.2,2479.26,64.2,2479.26,1922.4947514292487,1935.5147344775362,1834.3415759654097,1832.7044474574795
2012-06-28,13.07,1943.28,13.07,1943.28,1922.7015698229875,1936.2542835749136,1838.6136710255896,1834.8940623593116
2012-06-29,170.5,3717.89,170.5,3717.89,1940.564141267535,2105.933875615398,1912.3107819657625,1872.1811106294242
2012-07-02,70.62,1980.39,70.62,1980.39,1940.960418468853,2093.977316032979,1914.980555222007,1874.32386091399
2012-07-03,45.87,1537.75,45.87,1537.75,1936.9483745039888,2041.0032859346002,1900.1872001152617,1867.6590319850002
2012-07-05,26.51,859,26.51,859,1926.2225200313123,1928.4315444170193,1859.3563295225063,1847.6855858070794
2012-07-06,4.87,403.86,4.87,403.86,1911.0746342598566,1783.2342544725414,1802.2780420902511,1819.0949801475333
2012-07-09,34.26,868.5,34.26,868.5,1900.7007573020471,1696.1167064275373,1765.6592953416139,1800.2713171743148
2012-07-10,71.57,568.95,71.57,568.95,1887.4495059856088,1588.7674962915814,1718.7295190537075,1775.8887168342294
2012-07-11,47.98,1708.71,47.98,1708.71,1885.6710034384882,1600.1905918828595,1718.3365967378759,1774.5584452137496
2012-07-12,20.17,1162.35,20.17,928.77,1876.1496004191997,1536.2457736083015,1687.373200787371,1757.810159169913
2012-07-13,74.48,2722.56,74.48,2722.56,1884.5715944448793,1649.2280808837013,1727.9687615408075,1776.914116414073
2012-07-16,44.89,1061.91,44.89,1059.96,1876.3665039528905,1593.1073112757297,1701.7723395195994,1762.7170051979529
2012-07-17,82.77,2383.78,82.77,2383.78,1881.415394460822,1668.4094721066126,1728.5177379698112,1775.0152823227459
2012-07-18,26.9,2007.55,26.9,2007.55,1882.6704651627044,1700.708570001221,1739.4601796180539,1779.619930197543
2012-07-19,97.38,1970.76,97.38,1970.76,1883.546977947155,1726.4277538106285,1748.5307608095027,1783.4048820748194
2012-07-20,30.82,872.02,30.82,872.02,1873.4820328929545,1645.055586781045,1714.1577897973652,1765.3576566871993
2012-07-23,74.83,1132.12,74.83,1132.12,1866.1052962472536,1596.2045785161836,1691.3327784327628,1752.8182971488388
2012-07-24,74.19,775.1,74.19,775.1,1855.249522155241,1518.0041424670233,1655.4020812393212,1733.4575387894558
2012-07-25,89.07,1745.5,89.07,1745.5,1854.1574871089201,1539.670414613021,1658.9353329554262,1733.6960033678824
2012-07-26,166.42,3404.46,166.42,3404.46,1869.5833827595777,1717.2694227451143,1727.3872806826644,1766.780438944756
2012-07-27,94.38,4033.69,94.38,4033.69,1891.1167819360994,1937.8809062931987,1817.8305245774618,1811.6697371834737
2012-07-30,76.43,1620.38,76.43,1620.38,1888.422883608377,1907.6427247414654,1810.0873667508947,1807.8818215956821
2012-07-31,65.88,1291.09,65.88,1291.09,1882.4792728262041,1848.9234176232305,1789.734528839095,1797.6483201779458
2012-08-01,121.35,1421.9,121.35,1368.96,1877.3696283204708,1803.2126159448276,1773.2335669238364,1789.1594425506598
2012-08-02,23.62,760.78,23.62,760.78,1866.2592837600682,1703.9333191881774,1733.5295054758428,1768.795493193221
2012-08-03,120.93,3210.07,120.93,3210.07,1879.6305346679283,1847.3749078369224,1791.4330542807118,1797.3355824369196
2012-08-06,71.99,1996.19,71.99,1996.19,1880.7903303428743,1861.5477737572155,1799.4627384265661,1801.2732936757925
2012-08-07,90.89,2513.59,90.89,2513.59,1887.0868444688158,1923.6470333993855,1827.4677290765048,1815.378574989143
2012-08-08,34,1869.11,34,1869.11,1886.9079703944992,1918.4530302184917,1829.1007593087988,1816.4425636032195
2012-08-09,48.76,1911.45,48.76,1911.45,1887.1521696940565,1917.7860749595877,1832.3301412966891,1818.3238989774131
2012-08-10,22.62,1637.19,22.62,1637.19,1884.6649839259564,1891.0626392491508,1824.6775867360348,1814.7370890966722
2012-08-13,45.87,831.17,45.87,831.17,1874.1824467724643,1790.120483130184,1785.7165049032492,1795.260513074956
2012-08-14,81.19,1307.32,81.19,1307.32,1868.5420244165193,1744.1394847368333,1766.9558576521413,1785.5983246972341
2012-08-15,39.46,1613.24,39.46,1613.24,1866.0017057656087,1731.672867142849,1760.9277848030376,1782.1852885646156
2012-08-16,64.97,2259.7,64.97,2259.7,1869.9191017281398,1781.9611655101967,1780.487479516644,1791.641025424722
2012-08-17,120.2,1697.77,120.2,1697.77,1868.2061753427852,1773.9429592711303,1777.243656790501,1789.782193238094
2012-08-20,30.6,1286.1,30.6,1286.1,1862.4140740955934,1727.4817250548322,1757.9831212300892,1779.808288421498
2012-08-21,81.25,1547.04,81.25,1547.04,1859.27602360708,1710.2967988591338,1749.710841966164,1775.1990153834486
2012-08-22,73.9,1451.68,73.9,1451.68,1855.220341780144,1685.6666275392163,1738.023357967491,1768.7926982471427
2012-08-23,26.29,643.44,26.29,643.44,1843.1628259415356,1586.4069487259576,1695.0985204001383,1746.5084864006647
2012-08-24,30.54,1707.87,30.54,1707.87,1841.8166286684855,1597.9748583711046,1695.5993627373878,1745.7433678580771
2012-08-27,65.92,969.76,65.92,969.76,1833.1394482837245,1538.144871859571,1667.1350740025882,1730.3773605737588
2012-08-28,27.78,1101.53,27.78,1101.53,1825.8597522809014,1496.5625031110403,1644.9544828652317,1717.9249375921002
2012-08-29,44.47,1329.35,44.47,1329.35,1820.9193567358177,1480.6375028147509,1632.5778364783598,1710.2303843724546
2012-08-30,26.24,439.48,26.24,421.26,1806.992397962327,1379.7444073085842,1585.0751762243065,1684.7062183452774
2012-08-31,93.36,2157.58,93.36,2157.58,1810.480831813448,1453.8239875649094,1607.5263457841377,1694.070055605767
2012-09-04,75.25,1624.68,75.25,1624.68,1808.6320673177918,1470.0959887492038,1608.1990381063283,1692.695995098722
2012-09-05,68.95,1644.96,68.95,1644.96,1807.0034895335352,1486.7497041064225,1609.6406444550998,1691.7507278690443
2012-09-06,102.88,3586.69,102.88,3586.69,1824.7118130207637,1686.744018001049,1687.1719917313703,1729.2742778122315
2012-09-07,123.52,2695.9,123.52,2695.9,1833.3803521946863,1782.8541115247585,1726.729952839944,1748.4153812218904
2012-09-10,58.42,1061.11,58.42,1008.02,1825.1678113768287,1709.0603866176386,1698.545248807005,1733.7540865442293
2012-09-11,69.09,2573.54,69.09,2573.54,1832.6143008158651,1791.3917783683396,1732.8587684616323,1750.3835105730564
2012-09-12,116.97,2083.48,116.97,2083.48,1835.11047692715,1819.2097042380215,1746.6086206788232,1756.9794806607185
2012-09-13,32.33,4098.64,32.33,4098.64,1857.6331587487705,2036.2983038344005,1838.8451453580851,1803.3489958951598
2012-09-14,176.79,3781.78,176.79,3781.78,1876.778898462713,2202.534655850172,1915.0386690695327,1842.5258474615923
2012-09-17,29.08,873.78,29.08,873.78,1866.7988099207955,2075.9865933882506,1874.2049957726883,1823.342761373244
2012-09-18,23.23,1021.8,23.23,1021.8,1858.3908615633748,1975.5878702084171,1840.7773488796417,1807.4706274846649
2012-09-19,71.22,2046.1,71.22,2046.1,1860.2586141846348,1982.3033111409488,1848.8292175510283,1812.1959615938795
2012-09-20,24.87,992.63,24.87,992.63,1851.625493645484,1888.0487100799062,1815.2527776470663,1795.9669326514263
2012-09-21,382.82,2267.81,382.82,2267.81,1855.7666330121956,1924.216451977058,1833.0001197001225,1805.3103597276356
2012-09-24,22.83,1062.22,22.83,1055.82,1847.8069650220245,1841.512027979243,1802.5224679471764,1790.4689664657021
2012-09-25,74.69,632.57,74.69,336.35,1832.7675922357357,1698.1632634097912,1745.0255084198361,1761.6745314861832
2012-09-26,31.68,961.94,31.68,961.94,1824.102641069211,1628.0467621326682,1714.316272795529,1745.8382041300213
2012-09-27,92.34,2486.26,92.34,2473.19,1830.5612217550895,1708.5365943105094,1744.0760268035474,1760.2412099888327
2012-09-28,14.45,755.47,14.45,755.47,1819.863796662999,1617.768347233318,1705.3071630073298,1740.3447503850934
2012-10-01,99.28,2122.31,99.28,2122.31,1822.873211621576,1665.8199332110974,1721.660215438415,1747.9084186942996
2012-10-02,69.98,1487.13,69.98,1487.13,1819.5324831477294,1648.8018443338499,1712.4629520878889,1742.7444896112443
2012-10-03,55.41,1813.24,55.41,1813.24,1819.4698713751152,1664.4626210639594,1716.4149931824816,1744.1404403120116
2012-10-04,71.57,2836.57,71.57,2836.57,1829.5902706649151,1776.0918952483444,1760.3426405086589,1765.7727088206846
2012-10-05,106.87,1474.82,106.87,1474.82,1826.0602182204882,1747.399333796121,1749.1456742142016,1760.0112690420572
2012-10-08,12.32,776.04,12.32,776.04,1815.6122558501352,1654.8889210536333,1710.9846673822722,1740.526689457066
2012-10-09,43.51,786.29,43.51,786.29,1805.3702433541139,1572.1652142866205,1674.7221314064968,1721.630913428213
2012-10-10,43.25,852.08,43.25,852.08,1795.884768295864,1503.585670068847,1642.4616556650656,1704.4120834593375
2012-10-11,193.9,2517.81,193.9,2517.81,1803.0681039347112,1600.1784633956236,1676.789041717416,1720.5189728957862
2012-10-12,49.94,599.62,49.94,599.62,1791.0934959353608,1504.887181167469,1634.5471185128115,1698.322953630523
2012-10-15,62.27,2144.66,62.27,2144.66,1794.6115706026706,1565.8179258181863,1654.5515452377992,1707.161310984374
2012-10-16,114.78,2577.26,114.78,2577.26,1802.399117163838,1662.1457424069304,1690.7361905225914,1724.3909879945845
2012-10-17,65.25,2566.88,65.25,2566.88,1810.0058921174316,1748.3109097967465,1725.0947712864113,1741.073938727365
2012-10-18,56.03,2149.94,56.03,2149.94,1813.3883210515864,1786.5612993399136,1741.7553684908657,1749.170296376328
2012-10-19,42.99,361.43,42.99,361.43,1798.9409745734613,1650.8345089265886,1687.6249618833808,1721.6902905074899
2012-10-22,66.49,1523.38,66.49,1523.38,1796.1990743289493,1638.6959842669135,1681.1839829859935,1717.763354061797
2012-10-23,5.96,398.01,5.96,398.01,1782.2867452311489,1520.5354143367313,1630.8634346336016,1691.629624278395
2012-10-24,80.89,1071.22,80.89,1071.22,1775.211454233824,1477.7434701141854,1608.9166332754212,1679.3442851837735
2012-10-25,100.33,1834.97,100.33,1834.97,1775.8060666295073,1511.7650443890248,1617.781471186189,1682.425982506867
2012-10-26,32.03,865.53,32.03,865.53,1766.7485933297112,1450.2188496853082,1588.281413492613,1666.2498244374242
2012-10-31,85.26,1969.95,85.26,1969.95,1768.7704978736942,1499.7170544771836,1603.2488090419222,1672.2636893000495
2012-11-01,84.07,3039.27,84.07,3039.27,1781.4122839645033,1646.3411445269758,1659.5633655500822,1699.333121195098
2012-11-02,89.57,906.11,89.57,906.11,1772.70280850217,1575.8429402863114,1630.0161747441966,1683.6257326565812
2012-11-05,44.73,1510.62,44.73,1510.62,1770.0950193628448,1569.6312316876151,1625.3339718130517,1680.1998765643716
2012-11-06,54.46,2512.73,54.46,2512.73,1777.4844221552544,1659.4501620030803,1660.133816055677,1696.6856215828989
2012-11-07,17.06,397.69,17.06,368.89,1763.4685572581873,1536.5396703837393,1609.4968036613368,1670.3926389772969
2012-11-08,85.39,987.59,85.39,811.79,1753.9991188775089,1467.5158922519547,1578.2141839099118,1653.390606522301
2012-11-09,30.05,1821.51,30.05,1821.51,1754.670868938429,1501.2296167993875,1587.7551963056014,1656.7197034228493
2012-11-12,63.08,1092.28,63.08,1092.28,1748.0799150186438,1462.282034247065,1568.3247964504799,1645.542679592694
2012-11-13,16.57,1163,16.57,969.7,1740.3348412373637,1415.3694595568684,1544.8493142367356,1632.1596562344228
2012-11-14,75.16,483.45,75.16,328.85,1726.2902159514197,1311.8914157895476,1497.1630666196088,1606.3515442297808
2012-11-15,67.67,1597.34,67.67,1597.34,1725.007129225535,1339.0769952381622,1501.0915738109966,1606.173097809389
2012-11-16,118.26,2623.33,118.26,2623.33,1733.9456652531417,1461.38680521548,1545.1009238576241,1626.3148186448466
2012-11-19,119.83,3011.07,119.83,3011.07,1746.6533700764935,1608.975680909244,1602.5899072357565,1653.7357133251467
2012-11-20,29.18,1634.79,29.18,1634.79,1745.5403017175233,1611.434187489316,1603.8526559716092,1653.3605506850447
2012-11-21,44.78,1838.46,44.78,1838.46,1746.4648758297867,1633.0556934427145,1613.0529439727227,1657.0258863150439
2012-11-23,82.16,1373.84,82.16,1373.81,1742.7568671150625,1608.3656274005511,1603.6708677384984,1651.4176509424688
2012-11-26,19.19,1101.41,19.19,1101.41,1736.375306248246,1560.084139076689,1583.9743631213023,1640.5264103297466
2012-11-27,63.44,1006.16,63.44,957.19,1728.6222186238854,1502.6656496408139,1559.394584175369,1626.994996263811
2012-11-28,26.85,2586.47,26.85,2586.47,1737.1580174435483,1605.8851115797838,1599.6720514626093,1645.99450128829
2012-11-29,98.65,2385.14,98.65,2385.14,1743.6055993595328,1680.0998628578996,1630.4747161111343,1660.6310458172347
2012-11-30,43.49,2144.78,43.49,2144.78,1747.5973844405326,1724.3551140142902,1650.6435507734427,1670.2181538208538
2012-12-03,87.67,982.91,87.67,941.71,1739.5786044958506,1649.8174841081673,1622.8422350568371,1655.7922497847974
2012-12-04,43.5,1503.64,43.5,1503.64,1737.2309566899219,1635.8958189550085,1618.1676376036278,1652.7793339474747
2012-12-05,119.51,2873,119.51,2873,1748.5321412004698,1753.7152647688172,1667.376749854466,1676.9421194138613
2012-12-06,51.61,1675.51,51.61,1675.51,1747.8055527308134,1746.2671443146442,1667.6957008405655,1676.9137606135869
2012-12-07,92.55,2168.93,92.55,2168.93,1751.9958457384669,1786.5207496180115,1687.3519478664257,1686.656656443021
2012-12-10,65.93,1564.21,65.93,1564.21,1750.1273298604722,1765.348297273439,1682.522851871664,1684.2319701768224
2012-12-11,130.22,2378.74,130.22,2378.74,1756.3821822996715,1823.7665546759686,1709.8254851315987,1697.9846044307467
2012-12-12,97.94,2022.13,97.94,2022.13,1759.0264391922121,1842.6583113734953,1722.072721008791,1704.4033251350884
2012-12-13,53.98,961.78,53.98,925.56,1750.7332407922897,1755.31561505221,1690.836928028054,1688.9806850334035
2012-12-14,50.69,1436.49,50.69,1436.49,1747.606442376446,1724.9512707615233,1680.8625386936205,1683.9808694881876
2012-12-17,76.51,2688.39,76.51,2688.39,1756.967472800561,1816.707340212807,1720.3734195291647,1703.8701592012928
2012-12-18,112.31,3579.4,112.31,3579.4,1775.10112978762,1984.582831621111,1793.2764226848838,1741.009363969584
2012-12-19,86.46,1427.34,86.46,1336.61,1770.7380339688377,1922.8711333714814,1775.3679355207707,1733.0014557721665
2012-12-20,68.38,2636.22,68.38,2636.22,1779.3497948248692,1990.8091206694355,1809.1268400101524,1750.8869714994503
2012-12-21,25.04,1044.26,25.04,1044.26,1772.0354685082038,1900.6615853675846,1779.1320619705386,1736.8943582024315
2012-12-24,21.96,428.11,21.96,428.09,1758.662876781754,1760.4166724754336,1726.150020324635,1710.977440218225
2012-12-26,48.14,1002.56,48.14,1002.56,1751.1394650724828,1688.2398465253923,1697.773941096218,1696.9493720950918
2012-12-27,42.13,920.8,42.13,860.47,1742.2770823354433,1609.4046230467834,1664.9384924257781,1680.3854241328127
2012-12-28,8.84,508.52,8.84,376.5,1728.6872606206628,1491.985135137566,1614.4114927228065,1654.565910783648
2012-12-31,26.2,2997.34,26.2,2997.34,1741.3106709627457,1635.3522651244643,1668.6439832042652,1681.1554967087243
2013-01-02,234.47,3671.58,234.47,3671.58,1760.517330953166,1829.2787160649916,1747.190493666843,1720.5698433085515
2013-01-03,44.25,1972.19,44.25,1972.19,1762.623526665075,1842.8893145349923,1756.0140037191236,1725.5524206687783
2013-01-04,54.57,2648.85,54.57,2648.85,1771.441700529104,1919.6474750554692,1791.0271800438638,1743.8355410515746
2013-01-07,61.57,1293.63,61.57,1293.63,1766.6873552502075,1860.0267631454244,1771.5214082774378,1734.9205798426326
2013-01-08,44.02,1204.1,44.02,1204.1,1761.0894711183646,1797.557547607765,1749.2695883449892,1724.4092812318875
2013-01-09,81.04,1787.97,81.04,1787.97,1761.3569390674356,1796.6444478355968,1750.7872515471465,1725.6679093263056
2013-01-10,217.2,3015.01,217.2,3015.01,1773.83109887771,1912.6792623274448,1800.3646142315722,1751.1994358742995
2013-01-11,48.25,1346.94,48.25,1346.94,1769.5834262520611,1858.7993325819739,1782.5832568107262,1743.194298530254
2013-01-14,56.63,1227.51,56.63,1227.51,1764.1896608167172,1798.6765390027383,1760.8156781122664,1732.9827282623282
2013-01-15,24.33,2022.83,24.33,2022.83,1766.7631965299836,1820.0244876691443,1771.0907495588442,1738.7222781977277
2013-01-16,24.21,1276.21,24.21,1276.21,1761.8820701963518,1768.2326317006543,1751.6836613408502,1729.5636192235154
2013-01-17,79.72,2230.53,79.72,2230.53,1766.5452336769852,1812.260952491068,1770.4619491314052,1739.483745575525
2013-01-18,171.76,2059.48,171.76,2059.48,1769.4600074712441,1835.805623682395,1781.7959903419382,1745.820305069079
2013-01-22,63.89,2553.72,63.89,2553.72,1777.2635894864557,1904.1784214269287,1812.0675201324505,1761.8183188300873
2013-01-23,76.09,1543.02,76.09,1543.02,1774.9328075015158,1869.7823812910308,1801.5166369900014,1757.4856788532538
2013-01-24,70.41,1921.76,70.41,1921.76,1776.393774591053,1874.732630691885,1806.2320629903936,1760.7386357076448
2013-01-25,95.18,2395.37,95.18,2395.37,1782.5527420080575,1924.3171420545627,1829.3355115005743,1773.3055934164042
2013-01-28,60.67,1283.5,60.67,1283.5,1777.5870430826042,1863.2869380493662,1807.930197324081,1763.6064727546932
2013-01-29,75.27,2294.35,75.27,2294.35,1782.7289630519315,1904.3405629970457,1827.0054837035289,1774.116245571432
2013-01-30,62.75,1171.31,62.75,1171.31,1776.6451922752954,1834.5281284258986,1801.2919353229984,1762.1794882333838
2013-01-31,39.7,1855.65,39.7,1855.65,1777.4313097650934,1836.5397352424798,1803.4236241338613,1764.0303894564852
2013-02-01,122.65,2915.15,122.65,2915.15,1788.7518937475302,1939.2645223622435,1847.0207369129255,1786.8248371900202
2013-02-04,16.08,499.73,16.08,499.73,1775.92580525253,1802.1659964229823,1794.1858060535951,1761.3378107110098
2013-02-05,72.97,2647.42,72.97,2647.42,1784.597389279868,1882.6663777160315,1827.6459705220816,1778.8839926771284
2013-02-06,30.68,2169.06,30.68,2169.06,1788.4228878939987,1909.9419607906952,1841.0347559918039,1786.6102502478784
2013-02-07,67.32,1160.86,67.32,1160.86,1782.1784810492823,1838.600821667772,1814.361236148988,1774.2191561835639
2013-02-08,59.43,1802.56,59.43,1802.56,1782.3812822328714,1835.1683624613174,1813.8984425745177,1774.780361011612
2013-02-11,31.94,1284.62,31.94,1284.62,1777.42843365344,1782.7351850840491,1793.1424252186544,1765.0742152490059
2013-02-12,96.44,2216.23,96.44,2216.23,1781.7946183932067,1824.020405552235,1809.7340948179228,1774.0079931648672
2013-02-13,70.18,1534.22,70.18,1534.22,1779.3311893544683,1796.4203669282126,1798.9296205113376,1769.2597160724936
2013-02-14,86.86,1916.2,86.86,1916.2,1780.693068067359,1807.8279510302875,1803.5284589226576,1772.1694246651175
2013-02-15,188.05,1469.21,188.05,1469.21,1777.5937340567386,1775.5786223607363,1790.417931121769,1766.1702281370954
2013-02-19,180.5,2473.05,180.5,2473.05,1784.5136969019452,1842.00446785019,1817.1878161758173,1780.1678473819054
2013-02-20,57.65,448.59,57.65,335.07,1770.0913715596373,1698.486899483505,1759.0655488748048,1751.552048423848
2013-02-21,27.45,945.06,27.45,897.65,1761.410362887402,1622.2167185803141,1725.2845469581457,1734.6430969699104
2013-02-22,118.11,2732.88,118.11,2732.88,1771.076727435786,1727.9941739536175,1764.7980941362575,1754.4101643566448
2013-02-25,98.26,626.14,98.26,340.96,1756.8467102473703,1595.8956811961302,1708.9613061309142,1726.4210521911666
2013-02-26,108.4,2663.83,108.4,2663.83,1765.8714195981427,1697.6037115584036,1746.407137263035,1744.9836056131237
2013-02-27,50.55,2962.02,50.55,2962.02,1777.7733955225392,1818.0243104576032,1794.0782299193866,1769.083336195042
2013-02-28,33.96,1760.34,33.96,1760.34,1777.5999289004244,1812.530566604498,1792.7551620794106,1768.910200824843
2013-03-01,22.48,1861.41,22.48,1861.41,1778.4338599561415,1817.185750737403,1795.4475086645318,1770.7418800164303
2013-03-04,39.13,1967.21,39.13,1967.21,1780.3122295088167,1831.4737744766978,1802.1832926384718,1774.632337837887
2013-03-05,125.97,2793.55,125.97,2793.55,1790.3941973744006,1923.1000816693934,1841.0604184173553,1794.8089252074337
2013-03-06,110.51,2401.3,110.51,2401.3,1796.472862077143,1968.642931034213,1863.030598087263,1806.8186494607519
2013-03-07,87.17,2236.21,87.17,2236.21,1800.8483559868232,1994.1255090309546,1877.665084436782,1815.3214484813311
2013-03-08,138.64,2343.79,138.64,2343.79,1806.2507604048649,2027.4268891232446,1895.9444928902417,1825.78617227378
2013-03-11,28.86,1853.56,28.86,1853.56,1806.721499107304,2010.8681377781736,1894.2823559141539,1826.336149060438
2013-03-12,47.32,1331.09,47.32,1331.09,1801.988847374893,1946.127362751681,1872.1963811724224,1816.5292946235975
2013-03-13,39.65,1550.39,39.65,1550.39,1799.485376256735,1908.4380901086638,1859.5765230872294,1811.259209581546
2013-03-14,69.94,2463.67,69.94,2463.67,1806.094178483036,1961.3173196221244,1883.2664633583183,1824.1782351343866
2013-03-15,188.38,2414.53,188.38,2414.53,1812.1482662593244,2004.480432039065,1904.100327540345,1835.8683690921214
2013-03-18,14.81,897.49,14.81,797.25,1802.0497760477888,1889.5061051782016,1860.6944323426844,1815.3016687140596
2013-03-19,67.59,1364.85,67.59,1364.85,1797.6995295199501,1839.5388570659918,1841.2495526429714,1806.3818336900188
2013-03-20,98.7,2410.05,98.7,2410.05,1803.7925690272143,1893.8732516311354,1863.5554525393254,1818.335658765464
2013-03-21,17.58,662,17.58,662,1792.4314489373912,1776.5519895710272,1816.4356308711165,1795.437922948326
2013-03-22,62.73,1758.37,62.73,1758.37,1792.092529047467,1774.8203715166437,1814.1585473075434,1794.7039046721216
2013-03-25,65.44,945,65.44,945,1783.66374766391,1695.78985994363,1780.073898393522,1777.878084777624
2013-03-26,63.17,1916.09,63.17,1916.09,1784.981421816508,1716.7708256632843,1785.4078631624036,1780.6149543859879
2013-03-27,6.7,1318.79,6.7,1318.79,1780.3427012014183,1678.8678898858286,1767.1091234305447,1771.4699057842852
2013-03-28,51.37,1932.68,51.37,1932.68,1781.8584952193146,1703.040471801464,1773.602098982288,1774.6621848776656
2013-04-01,41.9,582.15,41.9,582.15,1769.9210972569333,1596.2889982965628,1726.8784872574925,1751.0480822068207
2013-04-02,79.19,1342.24,79.19,1341.38,1765.657006736964,1572.0119508397472,1711.7608995219045,1742.9358429552005
2013-04-03,37.53,540.72,37.53,540.72,1753.468578809233,1473.7936698073904,1665.8377269916339,1719.1295886392559
2013-04-04,49.86,2276.39,49.86,2276.39,1758.6717770300365,1550.23141554002,1689.780953384119,1730.1644482701618
2013-04-05,6.77,1683.38,6.77,1683.38,1757.92260511929,1562.9122331076371,1689.5299356043495,1729.2380235519408
2013-04-08,38.48,2144.46,38.48,2144.46,1761.768748351934,1618.2977347164335,1707.370330286532,1737.460240907348
2013-04-09,68.47,2014.01,68.47,2014.01,1764.2786115524123,1655.9846171243921,1719.3954153733346,1742.9364737606677
2013-04-10,73.26,2505.61,73.26,2505.61,1771.655043278259,1736.9013202554024,1750.2273598684978,1758.0389198248129
2013-04-11,51.47,2027.3,51.47,2027.3,1774.1987741909131,1764.5583373739355,1761.092953599145,1763.3708224025393
2013-04-12,23.89,910.86,23.89,910.59,1765.6056520596603,1683.2280195287988,1727.7398965952568,1746.4840734440731
2013-04-15,111.87,549.72,111.87,549.72,1753.5072873625493,1575.2748748117704,1681.5430379052468,1722.785774960032
2013-04-16,123.09,3051.52,123.09,3051.52,1766.4228367420264,1715.8696486392207,1735.2676246540607,1749.0973437727048
2013-04-17,23.77,339.5,23.77,339.5,1752.2245995605138,1584.786824959295,1680.5316393735093,1721.1845250841363
2013-04-18,55.03,1596.23,55.03,1596.23,1750.6724144902598,1585.8766511536478,1677.2256927314108,1718.7101780527673
2013-04-19,173.6,2383.03,173.6,2383.03,1756.9645297689638,1661.7960177104433,1704.9042930164535,1731.8650260121185
2013-04-22,71.85,1719.98,71.85,1719.98,1756.5965244976308,1667.3373493570678,1705.4954972118867,1731.6296789623736
2013-04-23,87.75,2722.44,87.75,2722.44,1766.2069073384503,1767.823316084966,1745.3756737918127,1751.2496853195544
2013-04-24,83.71,2360.33,83.71,2360.33,1772.1185799022467,1824.2525240768741,1769.4915297215455,1763.3106816498603
2013-04-25,96.81,2573.71,96.81,2573.71,1780.0946139330701,1895.6294265457432,1801.0295089481515,1779.3581929043185
2013-04-26,38.64,1115.48,38.64,1069.79,1773.026906331746,1816.9780525890058,1772.3534497737141,1765.3073375992824
2013-04-29,68.47,2120.11,68.47,2120.11,1776.4804694528232,1845.8477618662432,1785.990961547294,1772.3331328943461
2013-04-30,55.99,2143.81,55.99,2143.81,1780.1354896572727,1874.225117878982,1800.0230807023022,1779.6891104607948
2013-05-01,27.33,650.46,27.33,575.36,1768.1476738397873,1750.5236780809837,1751.9970775375061,1755.8410092635513
2013-05-02,70.76,2408.91,70.76,2399.22,1774.4270004682471,1812.304280168509,1777.3783686144666,1768.5811872979364
2013-05-03,118.85,2725.03,118.85,2725.03,1783.885736781996,1899.2305392000796,1814.541177688409,1787.5207677474823
2013-05-06,58.07,2024.29,58.07,2024.29,1786.2778190030706,1911.1409640381673,1822.7666217006283,1792.209267396047
2013-05-07,90.71,2227.15,90.71,2227.15,1790.6646068736868,1941.237062701199,1838.6247933986429,1800.8219551703826
2013-05-08,46.43,2327.42,46.43,2327.42,1796.0054565565356,1978.0163900629896,1857.7932328732059,1811.2496392264145
2013-05-09,55.35,1135.29,55.35,1135.29,1789.4311734067194,1897.7567338665144,1829.4597727605312,1797.8642998357925
2013-05-10,52.69,1989.04,52.69,1989.04,1791.4173308852594,1906.4503782601796,1835.7178208875691,1801.6499572647867
2013-05-13,35.05,1186.1,35.05,1186.1,1785.3942728665006,1837.8455803306388,1810.2426122253114,1789.4608492001375
2013-05-14,63.08,2545.67,63.08,2545.67,1792.959205474794,1905.2574298229588,1839.082901941966,1804.4352878298378
2013-05-15,47.95,2348.52,47.95,2348.52,1798.4871735795225,1947.4729126969628,1859.0608273560065,1815.2092425262765
2013-05-16,41.2,1039.42,41.2,980.93,1790.352276329975,1855.4212067258236,1824.6243243224376,1798.6888614861523
2013-05-17,146.03,2663.13,146.03,2663.13,1799.0366317893781,1932.3458537043166,1857.5068998392048,1815.8065077933572
2013-05-20,65.17,1938.67,65.17,1938.67,1800.4260185377425,1932.9481533515245,1860.6897665121771,1818.2394482330928
2013-05-21,87.94,1684.46,87.94,1684.46,1799.2721278060237,1909.2826149370935,1853.7787952764054,1815.590350248279
2013-05-22,71.83,1370.09,71.83,998.16,1791.30086285273,1822.5090325621322,1820.2251170302718,1799.4036106394021
2013-05-23,22.05,1478.58,22.05,1478.58,1788.189212476086,1789.753886603834,1806.8272693035944,1793.0506678544634
2013-05-24,21.66,1033.95,21.66,1032.71,1780.6720063817966,1717.6544688320403,1776.4697293309046,1777.9944170058602
2013-05-28,126.56,2158.83,126.56,2158.83,1784.4347724874503,1759.6711860861317,1791.4642497493005,1785.5357156790114
2013-05-29,43.79,1262.72,43.79,1262.72,1779.243580721406,1712.3425016969763,1770.729181131681,1775.1829292299221
2013-05-30,94.87,2256.58,94.87,2256.58,1783.993196833631,1764.1746443925024,1789.7821544206345,1784.715544492696
2013-05-31,29.97,773.05,29.97,468.32,1770.9019212432465,1640.7599163551213,1737.960109149237,1758.6483059878901
2013-06-03,85.69,2136.13,85.69,2136.13,1774.5360314796321,1687.9380195593953,1753.5746146727963,1766.1231910178328
2013-06-04,97.47,1125.27,97.47,1067.48,1767.500648081825,1628.8467796013576,1726.6689435091573,1752.2886723838162
2013-06-05,31.83,353.93,31.83,353.93,1753.4352684989212,1507.426133925038,1672.8360437637002,1724.5984016435427
2013-06-06,49,2863.68,49,2863.68,1764.4824797576384,1636.5931687893199,1719.535806753359,1747.154472898126
2013-06-07,84.32,2380.46,84.32,2380.46,1770.6116093122887,1707.4376289046227,1745.454402566953,1759.6951764050937
2013-06-10,84.5,1425,84.5,1425,1767.1726878265943,1680.5388071041825,1732.8875632506017,1753.0675491495472
2013-06-11,52.64,618.52,52.64,599.42,1755.5532580969764,1577.5751111894986,1688.437854887833,1730.2230432257938
2013-06-12,93.91,652.87,93.91,588.53,1743.9410863746184,1483.3803386952607,1645.3042135196827,1707.6152601916197
2013-06-13,74.34,2874.19,74.34,2874.19,1755.1873442216372,1615.8384016766645,1693.495812989499,1730.7157500888154
2013-06-14,62.38,914.3,62.38,911.63,1746.7937388064965,1548.7709348503156,1662.8344085585381,1714.4962302850765
2013-06-17,91.97,2168.08,91.97,2167.53,1750.9801692661333,1607.700369626476,1682.6263925366347,1723.4671960220057
2013-06-18,46.3,2382.3,46.3,2382.3,1757.2619586266694,1681.471762995383,1710.0645732214725,1736.513390160184
2013-06-19,29.41,755.31,29.41,281.04,1742.5731829189413,1548.097309376775,1654.024393879454,1707.692134909487
2013-06-20,13.5,238.5,13.5,238.5,1727.6072806013399,1423.3737561027965,1598.5136333351618,1678.599221346923
2013-06-21,413.1,2587.85,413.1,2587.85,1736.1669096500827,1534.2762555215777,1637.3111379102534,1696.6041872608453
2013-06-24,19.7,690.45,19.7,416.68,1723.0376866684899,1427.838516900475,1589.443250149067,1671.2591538497395
2013-06-25,122.09,3144.69,122.09,3144.69,1737.1834808309925,1591.3481819575727,1650.433318770672,1700.4360022883586
2013-06-26,98.67,2422.67,98.67,2422.67,1744.0042422157587,1670.521688437804,1680.71711019143,1714.7376656093813
2013-06-27,79.46,2601.87,79.46,2601.87,1752.5402199051541,1759.2215276342035,1716.840752929021,1732.3046425280074
2013-06-28,30.62,2047.98,30.62,2047.98,1755.4799192095804,1786.722334526184,1729.8266057553337,1738.5556397056707
2013-07-01,96.46,2062.27,96.46,2054.67,1758.4569349388382,1812.2411598094047,1742.5655623923794,1744.8153300085287
2013-07-02,45.12,1256.65,45.12,1256.65,1753.463831108601,1759.3277160180328,1723.510050141698,1735.14868981034
2013-07-03,14.38,847.05,14.38,847.05,1744.444788012993,1672.4441240163153,1689.1390677832,1717.5625771408284
2013-07-05,74.92,1651.53,74.92,1651.53,1743.5202627591325,1670.4523026814281,1687.6642023799373,1716.2550013558614
2013-07-08,76.9,2057.28,76.9,2057.28,1746.642250194365,1707.2930357593873,1702.1589395415083,1723.0079716260423
2013-07-09,94.96,2333.57,94.96,2333.57,1752.482327306859,1766.93846092516,1726.920157598704,1735.0983088215662
2013-07-10,44.8,1249.41,44.8,1249.41,1747.4766325077858,1717.6500360751447,1708.1942690654214,1725.480718547872
2013-07-11,132.83,2847.87,132.83,2847.87,1758.4258202440267,1825.2900326394167,1752.8874349844245,1747.7062488736567
2013-07-12,51.99,1403.53,51.99,1403.53,1754.8945185500563,1785.1224104832818,1739.187143416408,1740.8908776088317
2013-07-15,63.32,1561.24,63.32,1561.24,1752.9676079177175,1763.8002761515406,1732.208824066745,1737.3334344878647
2013-07-16,53.43,1119.07,53.43,1119.07,1746.6601690329642,1702.3973927085367,1708.1641642994216,1725.0905942009763
2013-07-17,102.38,1962.45,102.38,1962.45,1748.8073315301485,1727.164307688676,1718.1361578563071,1729.7907804544222
2013-07-18,71.01,2344.41,71.01,2344.41,1754.7337262412914,1785.949611718326,1742.695916371746,1741.9614580691862
2013-07-19,109.72,1664.71,109.72,1664.71,1753.8379677712287,1774.4029820308663,1739.6376451414815,1740.431726226232
2013-07-22,48.8,1727.09,48.8,1727.09,1753.5718188381816,1769.8969837422123,1739.1455806261292,1740.1675336276928
2013-07-23,93.52,1681.73,93.52,1681.73,1752.8569748696425,1761.500128147716,1736.8939892290261,1739.0103547439762
2013-07-24,73.01,868.51,73.01,868.51,1744.05750248288,1676.453449276505,1702.8397151416134,1721.7727239569667
2013-07-25,43.74,1921.25,43.74,1921.25,1745.820611910911,1699.7674064882663,1711.4048243517461,1725.7227690271259
2013-07-26,18.6,1313.88,18.6,1313.88,1741.522695374484,1663.0162249179552,1695.8156155536385,1717.5674666701532
2013-07-29,70.18,1002.2,70.18,1002.2,1734.1662506443897,1600.0813463543404,1668.615003178986,1703.4017742608432
2013-07-30,68.38,1398.55,68.38,1398.55,1730.8267854638486,1580.8878847967842,1658.0242187405943,1697.3651054635989
2013-07-31,69.65,1675.52,69.65,1675.52,1730.2764691905766,1589.9004671970904,1658.7103278095906,1696.932529117785
2013-08-01,119.01,2764.03,119.01,2764.03,1740.56257397475,1701.7223274640342,1702.0561973072538,1718.0631721055515
2013-08-02,42.1,1543.23,42.1,1543.23,1738.5990657759962,1686.6278200865072,1695.8277189814792,1714.6011290935603
2013-08-05,27.54,1095.81,27.54,1095.81,1732.2031546737476,1630.3594562687447,1672.2976123547544,1702.3478394085394
2013-08-06,30.17,679.46,30.17,679.46,1721.7280984083372,1539.797603290769,1633.362804027117,1682.092634667776
2013-08-07,16.26,826.51,16.26,826.51,1712.820455638105,1471.86545059641,1601.721517594681,1665.1504042783151
2013-08-08,80.95,2312.63,80.95,2312.63,1718.7887098108602,1551.9382648253234,1629.6002816105758,1677.9717824114177
2013-08-09,37.04,1379.5,37.04,1379.06,1715.4083246386128,1535.4736681752925,1619.775172527808,1672.052737215152
2013-08-12,34.83,1325.99,34.83,1325.99,1711.5335154382287,1515.5228426347885,1608.254185369855,1665.2000097455452
2013-08-13,56.75,1259.58,56.75,1259.58,1707.0364655333708,1491.1473338124276,1594.5806879043703,1657.1679303446433
2013-08-14,38.05,1104.05,38.05,1104.05,1701.0366002046806,1454.280921068387,1575.344190339493,1646.215100040789
2013-08-15,10.06,820.96,10.06,820.96,1692.2796191081165,1393.9646428713977,1545.7604966006893,1629.8734148914664
2013-08-16,49.73,1049.51,49.73,1049.51,1685.8839015050507,1361.1594387884074,1526.2996928124269,1618.3810700421304
2013-08-19,20.12,402.02,20.12,400.92,1673.0981910423138,1269.708063665702,1482.1671558393905,1594.2729300412961
2013-08-20,60.54,2151.07,60.54,2151.07,1677.8541294399026,1353.64729569754,1508.3986399241203,1605.298614594934
2013-08-21,15.3,959.35,15.3,582.17,1666.9517997937344,1280.1732675358694,1472.07594816239,1585.0386420286977
2013-08-22,63.95,2027.45,63.95,2027.45,1670.538846561956,1351.342480151501,1493.8553227442571,1593.7992629786245
2013-08-23,60.08,1630.75,60.08,1630.75,1670.1429376409415,1377.9527201370722,1499.2237414601686,1594.530960741424
2013-08-26,36.8,943.38,36.8,864.59,1662.1274855251113,1329.0610325049702,1474.3361437558483,1580.0766842910987
2013-08-27,13.17,330.55,13.17,229.98,1647.8772617885431,1224.3866484568778,1425.5378636085602,1553.3420964833542
2013-08-28,32.06,1474.65,32.06,1474.65,1646.1536074423884,1248.2212533657466,1427.463829741558,1551.7838371470502
2013-08-29,42.26,1546.64,42.26,1546.64,1645.163422293708,1276.6420863785327,1432.1374050458105,1551.6819789857225
2013-08-30,37.99,720.82,37.99,720.82,1635.9659753057108,1223.7066495805773,1404.2426048479356,1535.2292665305597
2013-09-03,245.13,2423.22,245.13,2423.22,1643.7993486857536,1337.946016287189,1444.2025026970362,1552.8132414507465
2013-09-04,75.24,2431.85,75.24,2431.85,1651.6406486988305,1442.1273480693615,1482.933777101074,1570.2199099368704
2013-09-05,72.1,1821.67,72.1,1821.67,1653.3324830401357,1478.2742673008509,1496.2175505480907,1575.1991196410909
2013-09-06,83.63,1780.68,83.63,1780.68,1654.5996225123731,1507.0748132721983,1507.3729407226754,1579.2680479650296
2013-09-09,81.24,2581.93,81.24,2581.93,1663.8267904475733,1609.4419739129412,1549.5124332433547,1599.122740084534
2013-09-10,118.04,2591.2,118.04,2591.2,1673.054384572473,1702.9427383021848,1590.3629260573407,1618.7678343402856
2013-09-11,46.24,1822.02,46.24,1822.02,1674.5366295021001,1714.283429892453,1599.447517192347,1622.792629699884
2013-09-12,45.54,896.73,45.54,896.73,1666.797260054318,1636.4211984741241,1571.8899674985296,1608.4151518840447
2013-09-13,79.23,1634.43,79.23,1634.43,1666.4751977652204,1636.2315605242075,1574.342517792705,1608.9302973912913
2013-09-16,108.39,1960.56,108.39,1960.56,1669.40141470288,1667.1199833314258,1589.4883014086772,1615.8932617993846
2013-09-17,59.42,1917.23,59.42,1917.23,1671.867370775488,1690.939984918909,1602.3409170397094,1621.860325922169
2013-09-18,41.72,3342.24,41.72,3342.24,1688.4879939518514,1848.20665302187,1670.5722536263875,1655.927250161334
2013-09-19,100.38,1337.08,100.38,1337.08,1684.9913969971067,1799.5279241626442,1657.4941260331957,1649.6134432274462
2013-09-20,232.26,961.62,232.26,961.62,1677.7936716538518,1719.7271694804876,1630.2049446201293,1635.9898106882888
2013-09-23,34.48,949.73,34.48,949.73,1670.5492570105298,1646.3941057204413,1603.5196526742418,1622.4005075063426
2013-09-24,43.58,1517.38,43.58,1517.38,1669.0251848014698,1634.1070480327803,1600.1416270791735,1620.320893496316
2013-09-25,42.18,1525.18,42.18,1525.18,1667.5938894303108,1623.7330434582298,1597.2019554290098,1618.4369154072801
2013-09-26,66.06,1524.83,66.06,1524.83,1666.1733532170738,1614.3137059860173,1594.3638395298328,1616.5833131219874
2013-09-27,18.27,744.72,18.27,744.72,1657.0046631353118,1531.495257796873,1561.044473273761,1599.318693060166
2013-09-30,26.22,958.83,26.22,958.83,1650.057651561826,1476.955709435266,1537.4282194198881,1586.635748643133
2013-10-01,95.1,2455.8,95.1,2454.52,1658.062252043798,1570.0570704414313,1573.3926029720494,1603.8215754026749
2013-10-02,32.58,1731.94,32.58,1731.94,1658.7973540135115,1585.4744923041521,1579.6101479535378,1606.3585739095527
2013-10-03,47.3,660.05,47.3,619.7,1648.4580768591482,1493.4959692275663,1541.9666127396736,1586.8207803667892
2013-10-04,39.24,2027.59,39.24,2027.59,1652.2305338058234,1544.3620673963694,1561.0106671420392,1595.5488837258627
2013-10-07,12.43,657.55,12.43,657.55,1642.3332150614867,1459.903775263382,1525.5808370580376,1576.9746484045584
2013-10-08,58.64,434,58.64,397.48,1629.946615906646,1358.7205585716313,1481.3415885459576,1553.618318733181
2013-10-09,63.45,1801.7,63.45,1801.7,1631.6556048030973,1400.9090768029046,1493.9046635049397,1558.5308272731181
2013-10-10,98.03,2968.3,98.03,2968.3,1644.9555490339121,1550.1844028216756,1551.7240884655303,1586.4470485152347
2013-10-11,49.5,1919.36,49.5,1917.53,1647.6677326256145,1585.1696977910399,1566.069418329627,1593.0031465644379
2013-10-14,14.05,1686.1,14.05,1686.1,1648.0501432462552,1594.7821075252266,1570.7764999637593,1594.8466486126667
2013-10-15,34.96,885.61,34.96,873.1,1640.3391965472874,1526.0504782371097,1543.4166372200825,1580.5546357688515
2013-10-16,95.51,2853.36,95.51,2853.36,1652.4090552881105,1652.4609088811944,1594.7869651722363,1605.7587023872902
2013-10-17,53.22,2599.53,53.22,2582.66,1661.6652835937014,1741.0512985115568,1633.5270841850897,1625.1032825380369
2013-10-18,169.08,2264.05,169.08,2264.05,1667.6591613688884,1790.8606986533132,1658.2534730405764,1637.7556927848084
2013-10-21,372.58,1198.7,372.58,1193.93,1662.945438370193,1734.0101559244263,1640.0447093919263,1628.9670652049113
2013-10-22,83.41,2431.1,83.41,2431.1,1670.588767341634,1800.3996648840048,1671.0664854942038,1644.8508856959031
2013-10-23,49.05,1116.94,49.05,1116.94,1665.0798243830106,1735.3082682283853,1649.3360350826663,1634.3972047910338
2013-10-24,83.72,2073.22,83.72,2073.22,1669.1409206578066,1767.49033792092,1665.9589356676597,1643.0867650922014
2013-10-25,56.81,1878.92,56.81,1878.92,1671.228274681112,1778.1026866903562,1674.3103499552026,1647.7567301398806
2013-10-28,39.66,1409.61,39.66,1409.61,1668.625107768862,1743.0081451007984,1663.9299440746065,1643.0409533054276
2013-10-29,82.21,2102.89,82.21,2102.89,1672.9461514726545,1777.2826074721509,1681.144063914818,1652.1468750221518
2013-10-30,73.61,1207.06,73.61,1207.06,1668.310468373424,1722.975692474803,1662.5525319965898,1643.3332735365645
2013-10-31,53.93,1277.21,53.93,1277.21,1664.4189214244348,1680.5218170010123,1647.4410601535862,1636.0833077239593
2013-11-01,68.51,1907.27,68.51,1907.27,1666.8353500669778,1702.116882048535,1657.6304303436416,1641.453341234376
2013-11-04,81.36,2309.49,81.36,2309.49,1673.229923698152,1759.9619409010554,1683.1935507223222,1654.6817899228042
2013-11-05,27.57,1020.52,27.57,1020.52,1666.7352975917029,1689.5388989104788,1657.2063526547802,1642.124130716412
2013-11-06,69.15,1731.19,69.15,1731.19,1667.3766379141734,1693.505670442814,1660.1076721585143,1643.887811296285
2013-11-07,65.77,565.4,65.77,414.38,1654.9090096762216,1571.684178019689,1611.2556065836707,1619.5411219636853
2013-11-08,60.7,2771.11,60.7,2771.11,1666.015487191881,1685.9152086844804,1656.7400925999973,1642.3444660832163
2013-11-11,27.62,1386.46,27.62,1386.46,1663.233840553156,1657.3956650002442,1646.1408732823504,1637.2774469528556
2013-11-12,39.1,1218.97,39.1,1214.08,1658.764648109841,1615.1751254764115,1629.197309624219,1628.8972994884425
2013-11-13,46.88,2595.86,46.88,2595.86,1668.0889799694444,1708.5736849548484,1667.1056504232693,1648.0450757361962
2013-11-14,68.67,2097.37,68.67,2097.37,1672.3604329050718,1745.601905435339,1683.9787621713763,1656.9425989889448
2013-11-15,126.43,2184.62,126.43,2184.62,1677.4575430254192,1787.4131525367352,1703.6117518901458,1667.3916564347082
2013-11-18,79.22,1037.15,79.22,952.53,1670.2443336420818,1707.9004713427605,1674.1575655415127,1653.2359800696645
2013-11-19,39.38,968.39,39.38,968.39,1663.2607084317128,1637.47090264345,1646.4804061085122,1639.6746735336314
2013-11-20,90.41,1084.96,90.41,1084.96,1657.5064725269197,1584.8508166774072,1624.4599980258254,1628.6902245527674
2013-11-21,74.4,2280.96,74.4,2280.96,1663.709990213219,1651.146929374797,1650.2050961424598,1641.6064577299403
2013-11-22,57.52,1876.31,57.52,1876.31,1665.8254131961721,1672.591031339102,1659.0719551172654,1646.2540526263772
2013-11-25,58.52,1315.62,58.52,1315.62,1662.3407822190957,1638.5937902591877,1645.6032509950196,1639.7068436634786
2013-11-26,49.19,1640.5,49.19,1640.5,1662.1234610029853,1638.775334044027,1645.4031235050188,1639.7225497295483
2013-11-27,53.87,1555.22,53.87,1555.22,1661.059744973105,1630.817683182691,1641.8665304263907,1638.0492319131215
2013-11-29,55.01,780.88,55.01,776.32,1652.2563644261088,1549.4369514510063,1607.923529233199,1620.985286726723
2013-12-02,40.58,997.78,40.58,981.36,1645.580778710426,1495.3343846461485,1583.3524104397402,1608.3194394648076
2013-12-03,22.55,1097.19,22.55,1097.19,1640.1241540466408,1457.4158718227059,1564.2872178734758,1598.1980644259006
2013-12-04,22.04,1699.85,22.04,1699.85,1640.7184410710524,1480.5048364110196,1569.6034054078493,1600.2109740412293
2013-12-05,34.88,1072.33,34.88,1072.33,1635.062834692236,1441.631042467113,1550.102487548718,1589.7578854463534
2013-12-06,92.75,2118.89,92.75,2118.89,1639.8770353420646,1506.1318955654833,1572.4078801938663,1600.235749100881
2013-12-09,68.3,1881.4,68.3,1881.4,1642.2802489207504,1541.8717150354373,1584.5252182254794,1605.8033580295764
2013-12-10,57.45,1187.5,57.45,1187.5,1637.7550723145737,1508.1220278892051,1568.9556018244803,1597.5201232171096
2013-12-11,50.62,440.01,50.62,440.01,1625.8372108985084,1406.397072852138,1524.6832252823438,1574.5991306781568
2013-12-12,40.26,1240.36,40.26,1203.72,1621.637039645787,1387.094494485268,1512.0964321340166,1567.2549894766091
2013-12-13,67.65,1432.83,67.65,1421.39,1619.6445317886148,1390.3607331057185,1508.5393171483688,1564.366573843409
2013-12-16,88.68,2141.41,88.68,2141.41,1624.836227989723,1461.8892347146977,1533.357775299413,1575.7931763415593
2013-12-17,38.59,1318.33,38.59,1318.33,1621.7864147758949,1448.2169266466312,1524.9253135229656,1570.6948956219244
2013-12-18,59.89,3309.28,59.89,3309.28,1638.5773957233985,1625.4610288707615,1594.9000071103003,1605.1223234313911
2013-12-19,38.74,1467.13,38.74,1467.13,1636.8714514873448,1610.3818832640225,1589.8894185961708,1602.389802175324
2013-12-20,306.92,3369.74,306.92,3369.74,1654.1139246068738,1777.9397991436394,1659.6874806120072,1637.3868357956146
2013-12-23,69.93,1947.34,69.93,1947.34,1657.031596998845,1794.07315160615,1670.967971568399,1643.5245222155033
2013-12-24,46.77,922.48,46.77,920.65,1649.7044169292049,1710.8899943103263,1641.5437373892462,1629.210175240939
2013-12-26,48.13,1232.94,48.13,1232.94,1645.5575073080188,1665.3709472331525,1625.5200614131973,1621.363241077752
2013-12-27,45.26,1139.73,45.26,1139.73,1640.5243977825658,1615.309904639519,1606.4694707695426,1611.8259491752224
2013-12-30,36.8,988.35,36.8,988.35,1634.035100292192,1555.5994375309933,1582.2294915236782,1599.479890775713
2013-12-31,40.45,1601.1,40.45,1601.1,1633.7073878514736,1559.9328244328035,1582.9695114639262,1599.511972146491
2014-01-02,56.97,936.69,56.97,936.69,1626.7718914549416,1500.5763649630128,1557.6252168967135,1586.3867845792338
2014-01-03,77.36,1405.85,77.36,1405.85,1624.5736636792706,1491.5548063951069,1551.6732476066463,1582.8117987459816
2014-01-06,79.13,1358.59,79.13,1358.59,1621.9270600605714,1478.8914915003347,1544.1013555436407,1578.3717631272493
2014-01-07,178.88,2036.6,178.88,2036.6,1626.0531589654413,1532.006587547922,1563.4150278752627,1587.445589599977
2014-01-08,54.81,1768.98,54.81,1768.98,1627.4753165876757,1554.5754839719293,1571.4763993311346,1591.0403303999774
2014-01-09,75.05,1688.14,75.05,1688.14,1628.0789452783456,1567.2959140698408,1576.0514424946196,1592.9630961346313
2014-01-10,71.78,2097.51,71.78,2097.51,1632.7499010467202,1617.792493682237,1596.500797690909,1602.9541239339455
2014-01-13,67.11,628.54,67.11,628.54,1622.7577627278474,1523.5779704744048,1558.541550722638,1583.6587947471348
2014-01-14,81.57,2586.77,81.57,2586.77,1632.3499242927444,1624.8343542387472,1598.8642350080247,1603.522382969964
2014-01-15,106.49,2519.73,106.49,2519.73,1641.1795767873439,1710.0625109779141,1634.9766179488865,1621.6651080596675
2014-01-16,47.09,1485.23,47.09,1485.23,1639.6278397048827,1688.6498908847796,1629.104201558734,1618.9634227515553
2014-01-17,122.33,1175.38,122.33,1175.38,1635.008458215282,1639.7670441338482,1611.3110956152543,1610.1795925980591
2014-01-21,116.18,2027.58,116.18,2023.09,1638.8699660937368,1676.2739923115769,1627.459287944068,1618.3560363089887
2014-01-22,74.75,1843.91,74.75,1843.91,1640.9101654360877,1692.239326377141,1635.9475511619476,1622.822451431583
2014-01-23,30.15,886.09,30.15,886.09,1633.3995170237883,1615.4632000555084,1606.5413726850084,1608.2336900170963
2014-01-24,22.68,265.38,22.68,265.38,1619.7873825260392,1486.8838476692695,1553.9468090503021,1581.64252783854
2014-01-27,65.12,1260.53,65.12,1118.71,1614.80153792379,1451.8196717007677,1536.8786988914667,1572.475547089262
2014-01-28,91.6,2687.03,91.6,2687.03,1625.4704778449463,1569.4587505864088,1581.9826714839583,1594.5459322954152
2014-01-29,23.9,816.39,23.9,816.39,1617.4199258265887,1497.737917197227,1551.9594294649794,1579.1369039331298
2014-01-30,87.75,2406.71,87.75,2406.71,1625.2735584054287,1584.3066869879674,1585.479059682039,1595.52448999386
2014-01-31,13.9,1115.13,13.9,1115.13,1620.197503097912,1539.6231929891135,1567.0339985180374,1586.0117278157638
2014-02-03,55.25,250.49,55.25,250.49,1606.5685727188284,1416.8486031806265,1515.4048221055652,1559.565753007531
2014-02-04,108.17,2808.34,108.17,2808.34,1618.5264973683923,1549.3715933539002,1566.108162415151,1584.2939559182728
2014-02-05,39.76,1599.87,39.76,1599.87,1618.340860578657,1554.1809654154335,1567.4321560459293,1584.6023924347426
2014-02-06,98.26,2915.03,98.26,2915.03,1631.2432400753867,1683.7856353758684,1620.279130318638,1610.9474935746487
2014-02-07,98.99,3000.58,98.99,3000.58,1644.8684814676715,1809.1946224829285,1674.4085761884953,1638.464968949408
2014-02-10,42.33,1488.83,42.33,1488.83,1643.3158597615254,1778.6837060559828,1667.1309849654172,1635.5019002573406
2014-02-11,72.67,2947.24,72.67,2947.24,1656.2902293161371,1889.9747816696988,1717.331338496185,1661.476912133433
2014-02-12,73.86,1603.03,73.86,1603.03,1655.7602767856283,1862.6467072249657,1712.848933064962,1660.3195475367313
2014-02-13,23.61,2293.7,23.61,2293.7,1662.1079357230847,1903.699401774969,1735.6274062781008,1672.8617347142217
2014-02-14,39.81,1918.49,39.81,1918.49,1664.6590010392729,1905.108030177353,1742.798488384842,1677.7256607594848
2014-02-18,81.52,1860.85,81.52,1860.85,1666.6111502826632,1900.8929796842717,1747.4279594285736,1681.351885298901
2014-02-19,60.04,1145.7,60.04,1102.18,1660.994919931592,1824.8250768571982,1722.124117882355,1669.8831350949622
2014-02-20,65.27,2450.13,65.27,2450.13,1668.8470102805313,1884.3779266803222,1750.6733681614783,1685.3335680633788
2014-02-21,103.51,1609.58,103.51,1609.58,1668.2572887852027,1858.2066955679106,1745.1402949002438,1683.8334974086586
2014-02-24,67.66,2340.13,67.66,2340.13,1674.9425893943053,1904.1041531328715,1768.473224511999,1696.829467757002
2014-02-25,59.2,1421.99,59.2,1421.99,1672.4256482063022,1858.1885195011694,1754.8856470801559,1691.3871020588435
2014-02-26,52.38,1963.28,52.38,1963.28,1675.3197213584783,1868.1972319296294,1763.05797464564,1696.7711198398565
2014-02-27,79.14,2422.7,79.14,2422.7,1682.7563410464536,1921.0070193649028,1788.9262893654186,1711.1459491499584
2014-02-28,57.25,2082.58,57.25,2082.58,1686.734685911663,1936.394922282531,1800.44212115501,1718.5010788697612
2014-03-03,49.78,845,49.78,845,1678.3592164001043,1832.4525487318137,1762.973802678343,1701.2040278030331
2014-03-04,109.82,3196.81,109.82,3196.81,1693.4681794209987,1962.3913536144983,1819.2026731615451,1730.8199876485176
2014-03-05,50.86,1790.35,50.86,1790.35,1694.432177635715,1946.0064627940699,1818.071195782661,1731.9987997742894
2014-03-06,85.79,2052.31,85.79,2052.31,1697.9931509925736,1956.1306091946346,1827.2570312421647,1738.341595818363
2014-03-07,78.25,1469.74,78.25,1469.74,1695.7219753608067,1909.807694033241,1813.2367555071778,1733.0227523368112
2014-03-10,22.7,1039.82,22.7,1039.82,1689.1955875462713,1826.9517231729324,1782.906686663759,1719.2959651618248
2014-03-11,51.34,949.69,51.34,948.61,1681.8265767249154,1743.300130489796,1750.18916953969,1704.0348569407986
2014-03-12,27.86,1604.54,27.86,1604.54,1681.057556060986,1730.0848799669582,1744.4774374008787,1702.064661753852
2014-03-13,62.02,546.08,62.02,546.08,1669.7642470454537,1617.3225104462956,1697.4814594635893,1679.1738763725878
2014-03-14,38.5,1417.14,38.5,1417.14,1667.2505729454988,1598.2575094514102,1686.487676739527,1673.9850867414475
2014-03-17,74.55,2053.28,74.55,2053.28,1671.0916617719117,1641.5929847417522,1700.8716894164083,1681.495877103003
2014-03-18,42.96,2235.15,42.96,2235.15,1676.7041825503006,1698.1222242901567,1721.8237800275297,1692.4593250811615
2014-03-19,40.41,930.42,40.41,930.42,1669.2784692910936,1625.0077267387132,1690.788337673509,1677.369437455792
2014-03-20,43.26,2029.44,43.26,2029.44,1672.8621661140678,1663.525086096931,1704.068795019646,1684.341131763598
2014-03-21,338.17,2586.19,338.17,2586.19,1681.9500052572114,1751.3979350400805,1738.661783450248,1702.1995251940218
2014-03-24,67.58,1125.85,67.58,1125.85,1676.4166718715676,1691.8219412267395,1714.6299488051404,1690.7866633089916
2014-03-25,91.53,1794.26,91.53,1794.26,1677.5892423007062,1701.5779468241928,1717.752695910821,1692.83564027317
2014-03-26,70.69,779.99,70.69,694.13,1667.8035781982117,1605.630523317127,1677.6106294045144,1673.05929096083
2014-03-27,59.98,1876.59,59.98,1876.59,1669.8810550320602,1631.436187763115,1685.4137419768863,1677.0896020309124
2014-03-28,69.27,2099.06,69.27,2099.06,1674.1514922954227,1675.9717889285325,1701.6351638601457,1685.4454514956467
2014-03-31,73.88,2376.12,73.88,2376.12,1681.136253566115,1742.6525709353389,1728.0855495911203,1699.1221752284061
2014-04-01,88.58,2306.26,88.58,2306.26,1687.3563903465517,1796.329468941497,1750.759057450292,1711.144706412002
2014-04-02,43.17,2020.85,43.17,2020.85,1690.6747347212129,1817.7123766613545,1761.350859118908,1717.2774845028534
2014-04-03,43.2,1198.44,43.2,1198.44,1685.7768766642853,1758.734055074559,1739.275923467186,1707.0034749087376
2014-04-04,143.12,960.78,143.12,960.78,1678.5629773939938,1682.7384307817438,1708.746671566512,1692.2267724352973
2014-04-07,33.15,643.83,33.15,643.83,1668.2671268726606,1583.794770707292,1666.9852334658644,1671.4664403078657
2014-04-08,76.59,2413.91,76.59,2413.91,1675.6864589435793,1662.853363973264,1696.2764007809285,1686.1682929750366
2014-04-09,67.12,2314.19,67.12,2314.19,1682.0397280088173,1724.885424547239,1720.5083066326567,1698.6043663814714
2014-04-10,58.72,494,58.72,400.34,1669.2864968843514,1598.7382412570257,1668.7370004901995,1672.8961611065909
2014-04-11,18.86,664.6,18.86,653.96,1659.1837456715718,1508.759361137309,1628.941824000388,1652.719207421312
2014-04-14,80.78,2241.37,80.78,2241.37,1664.976643724591,1578.531802933756,1652.958615216059,1664.3756587595037
2014-04-15,42.81,2300.6,42.81,2300.6,1671.301254234794,1647.3002026543506,1678.356316580135,1676.9741605662462
2014-04-16,80.22,2316.3,80.22,2316.3,1677.719152202607,1711.014469068222,1703.3737159299335,1689.6340781787958
2014-04-17,75.57,1986.14,75.57,1986.14,1680.788016359795,1737.2169005855342,1714.462589815034,1695.5054825712948
2014-04-21,46.75,1504.71,46.75,1504.71,1679.0359962965133,1715.0733862440547,1706.2369980575818,1691.7273542035464
2014-04-22,64.68,2197.82,64.68,2197.82,1684.1980261841102,1761.0492542208115,1725.5147628396373,1701.7489907539712
2014-04-23,46.04,1406.15,46.04,1406.15,1681.4313791574027,1727.249325247401,1712.990654492985,1695.8955453925064
2014-04-24,125.22,1445.09,125.22,1445.09,1679.0797236433987,1700.3770085571723,1702.4847464736522,1690.9290989490905
2014-04-25,24.89,709.92,24.89,709.92,1669.4363433086385,1606.0477696469654,1663.560638768803,1671.5031761976234
2014-04-28,63.79,1619.05,63.79,1619.05,1668.9349866588013,1607.2860772996353,1661.8151235229677,1670.4644994412347
2014-04-29,105.73,2327.67,105.73,2327.67,1675.4895639059775,1675.8940699377652,1687.9270794632434,1683.478469749329
2014-04-30,51.41,2221.23,51.41,2221.23,1680.9198170014404,1727.8308251817875,1708.8409194842927,1694.1270149028076
2014-05-01,53.79,1692.93,53.79,1692.93,1681.0393213098837,1724.5069370692363,1708.2169618574578,1694.1033116374053
2014-05-02,57.42,1781.53,57.42,1781.53,1682.0392285605317,1729.9377049674042,1711.0919829610868,1695.8345331891398
2014-05-05,11.69,1090.31,11.69,1090.31,1676.1513755400288,1669.0207806847943,1686.7475914724168,1683.8439483735133
2014-05-06,50.13,759.05,50.13,759.05,1667.0259887187349,1582.356896810052,1650.3672937676163,1665.5311969205725
2014-05-07,180.05,2122.13,167.65,2122.13,1671.5543868409366,1633.7638590186184,1668.8677920512391,1674.572757377591
2014-05-08,56.48,1333.16,56.48,1333.16,1668.187278514161,1605.1349200644643,1655.7027805982493,1667.8121087166485
2014-05-09,40.17,1353.89,40.17,1353.89,1665.0599424095426,1581.2068324392772,1643.8669852806709,1661.5958293361207
2014-05-12,87.54,2433.27,87.54,2433.27,1672.703823579597,1662.3557055402985,1674.8239662500564,1676.8765059829302
2014-05-13,54.96,1287.03,54.96,1287.03,1668.8662730962178,1626.6104002507461,1659.6163597304464,1669.1567731911891
2014-05-14,31.35,832.93,31.35,832.93,1660.548499234564,1551.021790703056,1627.1972867998406,1652.5978271874033
2014-05-15,33.55,660.46,33.55,660.46,1650.5973698889463,1466.2063820646697,1589.2860206508274,1632.9515335797319
2014-05-16,78.35,1783.95,78.35,1783.61,1651.9208786462702,1496.4352980585106,1596.9065688605988,1635.93486954845
2014-05-19,41.74,1581.11,41.74,1581.11,1651.2162927890934,1504.4995553862716,1596.287095571948,1634.8492285672926
2014-05-20,44.09,545.63,44.09,545.63,1640.215434154376,1413.1786453494838,1555.0848565299107,1613.2805309719006
2014-05-21,70.61,1893.88,70.61,1893.88,1642.7394596851782,1458.959726744771,1568.3709405875613,1618.8369561011698
2014-05-22,49.44,1645.93,49.44,1645.93,1642.7712063549775,1476.766419435745,1571.4124723292257,1619.3734520199584
2014-05-23,51,1537.58,51,1537.58,1641.7245276847786,1482.5581890132933,1570.0857087084717,1617.7537797027314
2014-05-27,101.39,1908.06,101.39,1908.06,1644.37463188692,1523.0821710120272,1583.33960248461,1623.50241772842
2014-05-28,55.35,1288.44,55.35,1288.44,1640.832993758692,1500.7352975823103,1571.7749121910958,1616.8675183674611
2014-05-29,73.28,1842.6,73.28,1842.6,1642.8406256615906,1533.2938406697092,1582.3955038698764,1621.3374684987984
2014-05-30,31.59,1508.21,31.59,1508.21,1641.5010174460524,1530.9049034630702,1579.4862684239988,1619.097320607733
2014-06-02,42.39,1230.63,42.39,1230.63,1637.4127486157433,1502.3072936094445,1565.8056304465872,1611.404898417481
2014-06-03,28.25,1304.48,28.25,1304.48,1634.099984947925,1483.4665989799737,1555.5575665075053,1605.3271776567387
2014-06-04,42.37,1497.96,42.37,1497.96,1632.7453582320252,1484.846922886643,1553.2988384091718,1603.2010949308628
2014-06-05,75.06,2225.67,75.06,2225.67,1638.6451059113085,1555.4015016593437,1579.6663349421456,1615.527211862925
2014-06-06,72.92,1881.05,72.92,1881.05,1641.057094907216,1586.4156443584538,1591.4853021993163,1620.7850888557384
2014-06-09,78.28,1572.58,78.28,1572.58,1640.375730778786,1585.097963943363,1590.743917799343,1619.8305326407733
2014-06-10,39.38,1257.85,39.38,1257.85,1636.5695046018827,1553.9314911868523,1577.6892543562317,1612.662601301352
2014-06-11,24.17,971.26,24.17,971.26,1629.9495095312172,1498.438968216676,1553.9077149697127,1599.961559691424
2014-06-12,37.66,856.78,37.66,856.78,1622.2562805806579,1437.3285902912783,1526.5693732061945,1585.245093162881
2014-06-13,51.15,1677.61,51.15,1677.61,1622.8070638584622,1460.2125340730613,1532.4925350412457,1587.0741012190615
2014-06-16,46.56,1431.16,46.56,1431.16,1620.9001278996716,1457.4456260661032,1528.5187101376673,1583.9866932741295
2014-06-17,34.21,1937.77,34.21,1937.77,1624.0530619504211,1503.190804535998,1544.567780328347,1590.992303308305
2014-06-18,40.44,2366.12,40.44,2366.12,1631.43681257778,1585.3745374373316,1576.7855144331177,1606.3413666091308
2014-06-19,52.51,1589.78,52.51,1589.78,1631.0223169302399,1585.7941053004429,1577.295102102407,1606.0134187554845
2014-06-20,280.9,2175.5,280.9,2175.5,1636.4400053189936,1641.9565714623054,1600.7541177062342,1617.2903807603263
2014-06-23,41.14,1317.47,41.14,1313.24,1633.2240848680583,1610.6502313230383,1589.479054266774,1611.26958114131
2014-06-24,24.75,669.55,24.75,621.57,1623.1578750683761,1516.4521140541774,1551.5218364523907,1591.6715696335614
2014-06-25,69.93,1981.05,69.93,1981.05,1626.7189907393376,1560.6995317633034,1568.3660781601402,1599.3820336012136
2014-06-26,39.13,1241.76,39.13,1241.76,1622.8885530205382,1530.3243382620365,1555.5579966636642,1592.3004091734667
2014-06-27,30.68,2369.71,30.68,2369.71,1630.3196121944632,1610.2658298561282,1587.4855262062656,1607.6946584967645
2014-06-30,30.87,1583.66,30.87,1583.66,1629.8553374462595,1607.7319412984018,1587.3355055707257,1607.2187246651454
2014-07-01,93.56,2007.47,93.56,2007.47,1633.612697272665,1645.8022326033158,1603.8113680973638,1615.1444924935583
2014-07-02,61.71,1385.66,61.71,1385.66,1631.1455062550265,1621.0267818791906,1595.2564124857024,1610.6002451174484
2014-07-03,72.27,1326.6,72.27,1326.6,1628.1152027102003,1592.9861359859344,1584.720866898028,1604.9764778873998
2014-07-07,19.1,555.54,19.1,555.54,1617.442812633482,1494.181742082512,1544.360832902027,1584.1955575331938
2014-07-08,16.82,836.17,16.82,836.17,1609.668953801308,1431.5139571222728,1516.5886433764572,1569.3831702553086
2014-07-09,70.43,1894.64,70.43,1894.64,1612.5044865993048,1475.621199301104,1531.4141867734588,1575.8238995571837
2014-07-10,17.89,800.71,17.89,800.71,1604.4269295187146,1411.3439422248084,1502.7591206254801,1560.4751094669425
2014-07-11,37.28,1290.98,37.28,1290.98,1601.3080545981304,1399.8807096319695,1494.4540570715396,1555.138572645815
2014-07-14,81.2,1728.86,81.2,1728.86,1602.5772281842187,1431.212070619401,1503.6464469903028,1558.5786009102542
2014-07-15,70.89,1209.54,70.89,1209.54,1598.666409993331,1410.1004448461247,1492.1128608338204,1551.6669454466848
2014-07-16,108.21,2097.68,108.21,2097.68,1603.6317193466311,1475.5842120036366,1515.8605917815137,1562.47908514081
2014-07-17,20.27,592.55,20.27,512.52,1592.7748863183065,1383.8638108604332,1476.5139019077287,1541.6878161281206
2014-07-18,133.87,2350.99,133.87,2350.99,1600.319315310164,1475.9710669689634,1510.8070822250727,1557.7136019473658
2014-07-21,24.79,953.83,24.79,953.83,1593.8865858045904,1426.2433463052525,1488.9648437064425,1545.7555108196952
2014-07-22,72.63,1880.72,72.63,1880.72,1596.7406496274302,1469.5268371333236,1504.327791012072,1552.3884710014834
2014-07-23,43.03,1377.24,43.03,1377.24,1594.5565635614857,1460.7376145491976,1499.3439560704223,1548.9201844469985
2014-07-24,74.21,1692.24,74.21,1692.24,1595.5285380534112,1482.7854607826073,1506.9085068127588,1551.7582005965628
2014-07-25,27.42,830.55,27.42,830.55,1587.9168113066112,1420.6677978509304,1480.3846438004937,1537.4768500897
2014-07-28,36.91,1117.61,36.91,1117.61,1583.2371415423663,1391.805150436556,1466.1581871808664,1529.162655038419
2014-07-29,69.14,1131.78,69.14,1131.78,1578.7450306812482,1367.0408503949793,1453.0453170953422,1521.2936915723117
2014-07-30,84.25,1510.42,84.25,1510.42,1578.0651796296934,1380.6960075002194,1455.2953046602306,1521.0783709471175
2014-07-31,8.14,448.14,8.14,448.14,1566.8221430164626,1291.8811496430556,1415.7990182029666,1499.832066571927
2014-08-01,46.28,1320.32,46.28,1320.32,1564.3693853745078,1294.589611581812,1412.054742979321,1496.2773721843641
2014-08-04,57.3,2079.23,57.3,2079.23,1569.4923765648111,1369.3172676216395,1438.2184785487593,1507.820988576753
2014-08-05,30.73,725.33,30.73,725.33,1561.0927509273504,1307.985146895769,1410.2620676252786,1492.3261175158273
2014-08-06,35.95,1618.29,35.95,1618.29,1561.6618777837946,1337.537990048553,1418.4200257576206,1494.8204518224445
2014-08-07,76.08,931.54,76.08,931.54,1555.39200835311,1298.8715148058336,1399.3266914141846,1483.6663834695248
2014-08-08,47.05,2256.47,47.05,2256.47,1562.3679087675068,1390.0713705386113,1432.9401544959812,1498.9694253810194
2014-08-11,84.75,1953.03,84.75,1953.03,1566.255093754895,1443.6864781063625,1453.335834711825,1507.960723888326
2014-08-12,37.61,877.28,37.61,877.28,1559.3996201851944,1389.7430040009947,1430.7454098211654,1495.4719966826165
2014-08-13,54.96,1752.71,54.96,1752.71,1561.3231065515108,1424.3112893342334,1443.3714721811198,1500.5658185304856
2014-08-14,56.93,1572.9,56.93,1572.9,1561.4382995211474,1438.4625951119253,1448.451022291664,1501.9981785595849
2014-08-15,133.2,1267.3,133.2,1267.3,1558.5115502721808,1422.1613955774562,1441.3470606331673,1497.3506898752366
2014-08-18,81.54,2069.43,81.54,2069.43,1563.5953159411142,1483.8060245700794,1465.9777641377489,1508.678993046024
2014-08-19,73.49,1725.78,73.49,1725.78,1565.209093891949,1506.8511650872147,1476.1660871127392,1512.9780228866969
2014-08-20,33.58,1649.69,33.58,1649.69,1566.0496999228749,1520.454863650337,1482.9709464416514,1515.6851907503267
2014-08-21,57.06,1517.95,57.06,1517.95,1565.5710959435428,1520.216305207448,1484.342674032175,1515.730038458241
2014-08-22,24.67,800.8,24.67,800.8,1557.9614332973383,1451.7004666162625,1457.5370789720896,1501.5730079937214
2014-08-25,56.98,1480.73,56.98,1480.73,1557.1929613242305,1454.4651840813804,1458.4466052869095,1501.1602751621626
2014-08-26,55.56,1527.92,55.56,1527.92,1556.9016880772233,1461.4608808355347,1461.1710521384032,1501.690170703506
2014-08-27,51.97,1165.87,51.97,1165.87,1553.0108255092907,1433.3093683750076,1449.5906187212108,1495.0402663331397
2014-08-28,14.27,777.82,14.27,777.82,1545.2974839619346,1370.8818094821497,1423.2466728890065,1480.8378848215923
2014-08-29,47.43,1559.74,47.43,1559.74,1545.441190589179,1388.868303817183,1428.5993523835552,1482.400302943937
2014-09-02,53.77,1254.84,53.77,1254.84,1542.5496364539633,1376.1037034536419,1421.7852601332197,1477.8941583311857
2014-09-03,75.45,1284.41,75.45,1284.41,1539.9810828574066,1367.3709697913903,1416.3979950299563,1474.062788859281
2014-09-04,70.33,1164.37,70.33,1164.37,1536.2436591473827,1348.0375440969722,1406.5145442444677,1467.93025838682
2014-09-05,31.64,1667.41,31.64,1667.41,1537.5487968673092,1378.453968468689,1416.745738587822,1471.8803522801504
2014-09-08,44.93,917,44.93,917,1531.3741819731072,1334.505971471671,1397.1478664863387,1460.8926225320286
2014-09-09,31.13,621.17,31.13,621.17,1522.317423943524,1266.5692122838927,1366.717361918247,1444.26445178882
2014-09-10,41.44,1548.73,41.44,1548.73,1522.5802356455786,1293.4416682568553,1373.8551124312569,1446.3330765058731
2014-09-11,49.42,1779.18,49.42,1779.18,1525.1334671316922,1339.7024617562024,1389.7502060614038,1452.9241046938757
2014-09-12,49.91,859.76,49.91,859.76,1518.5128356179441,1293.9936558746592,1368.9662764119369,1441.1782808385515
2014-09-15,38.86,1040.59,38.86,1040.59,1513.757384517268,1269.859974362787,1356.0887753761747,1433.2458396338277
2014-09-16,149.17,2179.73,149.17,2179.73,1520.383977706151,1356.514262518712,1388.3884312437756,1448.0277041955342
2014-09-17,73.81,1570.41,73.81,1570.41,1520.881749072259,1376.8852851359775,1395.5265319793139,1450.4511159936424
2014-09-18,62.69,1668.94,62.69,1668.94,1522.3549654994008,1404.700019884932,1406.2486287644388,1454.7776285482237
2014-09-19,291.8,1571.72,291.8,1571.72,1522.8461598725412,1420.6066846577958,1412.7377021462255,1457.0933190720211
2014-09-22,34.14,496.78,34.14,496.78,1512.636546341471,1332.623190880863,1376.8177922581383,1438.0772137438623
2014-09-23,47.24,883.48,47.24,869.08,1506.2329986166803,1288.4762203207808,1356.906506287231,1426.809942184578
2014-09-24,42.91,1950.97,42.91,1950.97,1510.6582424115393,1351.570866004516,1380.2031138838101,1437.189349270032
2014-09-25,24.19,221.81,23.88,221.23,1497.8281106462503,1243.9193549564668,1334.753187849151,1413.1109463141897
2014-09-26,66.23,2117.47,66.23,2117.47,1503.9937015850935,1327.1146544844223,1365.447964796243,1427.0586503475722
2014-09-29,20.15,820.15,20.15,820.15,1497.1892866439482,1278.8323064382869,1344.063730882665,1415.0406572713828
2014-09-30,77.99,1072.16,77.99,1072.16,1492.9601395131626,1259.1492296346405,1333.4008394755017,1408.2509412858108
2014-10-01,27.3,573.51,27.3,573.51,1483.8113819060666,1193.8502553837225,1303.6011987117565,1391.7214176959928
2014-10-02,59.23,2120.98,59.23,2120.98,1490.1513681557574,1282.1483262995584,1335.6552693505112,1406.1621817020127
2014-10-03,84.73,2401.34,84.73,2401.34,1499.2179217064463,1388.7380095091244,1377.446827415197,1425.868673153458
2014-10-06,112.11,1624.86,112.11,1624.86,1500.4680916397156,1411.225818127303,1387.149304771464,1429.809095467251
2014-10-07,18.79,575.38,18.79,572.97,1491.239254906982,1331.3919306866076,1355.2207045843477,1412.8419846659192
2014-10-08,44.35,3385.47,44.35,3385.47,1510.0873220223355,1527.0184134783592,1434.8383240124124,1451.9039255636237
2014-10-09,34.23,306.38,34.23,306.38,1498.110134738531,1410.7671360042298,1390.5850564040825,1429.220283473255
2014-10-10,118.65,882.88,118.65,642.24,1489.594013994864,1337.5740754323983,1361.2381914470595,1413.6365154836856
2014-10-13,81.43,1148.65,81.43,975.7,1484.4806407212834,1303.10987777217,1346.1190466844298,1404.964505276088
2014-10-14,329.47,2845.87,320.35,2845.87,1498.0268035001761,1450.0394132224394,1404.9328095595502,1433.4972873498289
2014-10-15,14.49,2417.58,14.49,2417.58,1507.1765865499256,1542.1861357726832,1444.6444640866266,1452.984073738941
2014-10-16,17.8,3051.76,17.8,3051.76,1522.5455757384834,1685.9550752229038,1507.668602749896,1484.6430029718333
2014-10-17,164.76,3158.63,164.76,3158.63,1538.8250227460608,1826.2098299635795,1572.4121869557825,1517.7912603387276
2014-10-20,51.01,2442.68,51.01,2442.68,1547.818604609284,1884.921274728953,1606.5403364869283,1536.1058888468717
2014-10-21,91.01,3183.77,91.01,3183.77,1564.096727946505,2008.6211533261956,1668.3924801541075,1568.7329009489138
2014-10-22,128.9,741.61,128.9,732.48,1555.8219346336045,1887.0839006284627,1631.6900299519857,1552.1734375637868
2014-10-23,90.53,2846.83,90.53,2846.83,1568.667786030285,1978.4882910447996,1679.3425777970058,1577.8102011763851
2014-10-24,48.48,1885.08,48.48,1885.08,1571.8161662687896,1969.5922633262471,1687.4107120010449,1583.8947516481398
2014-10-27,53.3,1098.41,53.3,1098.41,1567.1056571516872,1886.6225239618427,1664.312644863749,1574.2811922095627
2014-10-28,229.28,2977.99,229.28,2977.99,1581.1443073292824,1990.5622835845243,1715.8294038887,1602.0774062252149
2014-10-29,47.05,1368.24,47.05,1368.24,1579.0258565100855,1931.2934946717123,1702.1984468734568,1597.4469625375868
2014-10-30,60.59,2031.98,60.59,2031.98,1583.5328629129704,1940.8826856553587,1715.1310567999878,1606.051577140803
2014-10-31,88.88,3293.08,88.88,3293.08,1600.543282187468,2069.6633822596104,1777.0114075137137,1639.4580805637572
2014-11-03,59.47,1637.01,59.47,1637.01,1600.9061351010257,2028.4582982348857,1771.5211562386662,1639.4096037209106
2014-11-04,77.97,1158.16,77.97,1158.16,1596.500700920916,1945.5727460220394,1747.46777756264,1629.8799085977241
2014-11-05,143.16,2215.3,143.16,2215.3,1602.6579078769269,1971.2610559247023,1765.8141392268503,1641.472385655195
2014-11-06,172.62,2088.45,172.62,2088.45,1607.4916600373554,1982.4219077413973,1778.4665259238366,1650.323427523409
2014-11-07,48.48,2300.88,48.48,2300.88,1614.3910465046454,2012.7512498612641,1798.9533288287842,1663.205735889282
2014-11-10,70.56,1628.67,70.56,1628.67,1614.5331256439026,1976.1720832078104,1792.2755512276553,1662.5218599310786
2014-11-11,50.47,1491.39,50.47,1491.39,1613.3078209111275,1930.0023609975428,1780.4761178461786,1659.133110229473
2014-11-12,41.9,1540.11,41.9,1540.11,1612.5794843846486,1892.869755188253,1771.0499955777009,1656.7762169576022
2014-11-13,115.25,1089.34,115.25,1089.34,1607.3731213559456,1816.3431118369908,1744.3162702609284,1645.5398562257685
2014-11-14,47.73,1863.07,47.73,1863.07,1609.9173689046427,1820.7932916620393,1748.9732792703037,1649.8473838252582
2014-11-17,47.77,1516.94,47.77,1516.94,1608.9922209553426,1791.8548829323213,1739.8739349851937,1647.2155544425798
2014-11-18,70.9,2194.77,70.9,2194.77,1614.8208555727024,1830.2277512244812,1757.7129963583234,1658.0582167308455
2014-11-19,37.09,1179.96,37.09,1179.96,1610.4938818854118,1768.297489203102,1735.0560161089775,1648.5909253104328
2014-11-20,41.52,2019.21,41.52,2019.21,1614.5607089313282,1792.1939188028066,1746.1993095949,1655.929916888444
2014-11-21,315.27,2917.66,315.27,2917.66,1627.526871031514,1899.3811646311108,1792.138944512747,1680.9146710094649
2014-11-24,75.63,1598.97,75.63,1598.97,1627.2427230610513,1870.770577523386,1784.5636917867569,1679.292004256802
2014-11-25,67.59,1486.21,67.59,1486.21,1625.8394123838268,1834.145760616397,1772.8635470108056,1675.468598231915
2014-11-26,38.67,1446.78,38.67,1446.78,1624.0577266884654,1797.2537834148354,1760.0759569319505,1670.9401111382138
2014-11-28,44.27,712.73,44.27,712,1614.9825254278837,1693.8962802324702,1718.9749390130505,1651.9511980463678
2014-12-01,58.15,826.16,58.15,826.16,1607.1335450753675,1611.2547297341398,1683.962588463519,1635.5988970949545
2014-12-02,165.25,2058.73,165.25,2058.73,1611.6270421392942,1653.8714221404123,1698.6593497002439,1643.9777308158466
2014-12-03,57.6,2488.29,57.6,2488.29,1620.3500566453708,1733.3398581270396,1729.6252575551362,1660.6967856511765
2014-12-04,92.9,975.81,92.9,975.81,1613.936722748402,1661.194157353036,1700.063874905915,1647.1346710838263
2014-12-05,73.74,1622.05,73.74,1622.05,1614.0174518752835,1657.4661423670325,1697.004507262546,1646.6379449237506
2014-12-08,32.8,765.8,32.8,765.8,1605.5774772297584,1572.545557379696,1660.4866834483284,1629.1956093807062
2014-12-09,21.77,2221.34,21.77,2221.34,1611.7044675060793,1634.3355042959154,1682.4809311562371,1640.921240878118
2014-12-10,67.57,351.08,67.57,225.73,1597.9136767846257,1500.1825991248759,1625.353443659914,1612.8976519498383
2014-12-11,176,1998.47,176,1998.47,1601.899311841495,1547.638542065364,1639.9854654771723,1620.5327479508317
2014-12-12,29.02,686.95,29.02,675.41,1592.6805127186942,1464.5691571067578,1602.1589766349302,1601.8174460112111
2014-12-15,91.45,825.68,91.45,825.68,1585.0486668209958,1403.722570715638,1571.7088206884623,1586.4483876743554
2014-12-16,92.58,2210.67,92.58,2210.67,1591.2737547133243,1480.5747068379583,1596.7661218379344,1598.8092116808039
2014-12-17,73.1,4454.71,73.1,4454.71,1619.7656576515,1763.825687139105,1708.842352354094,1655.3617025386097
2014-12-18,145.25,4019.4,145.25,4019.4,1643.6426162818334,1978.642288363952,1799.4524561833452,1702.1743420923005
2014-12-19,274.28,4211.6,274.28,4211.6,1669.1944310451981,2191.304927567385,1894.0464775094886,1751.8659392785917
2014-12-22,57.84,1722.69,57.84,1722.69,1669.7267252636539,2146.6749344657296,1887.3266156463715,1751.2881979067383
2014-12-23,63.37,1977.39,63.37,1977.39,1672.7880513804334,2130.5525597547075,1890.858513072004,1755.7654613145257
2014-12-24,48.5,595.32,48.5,592.87,1662.042598132867,1984.1066016828306,1839.9570027554548,1732.7378284172084
2014-12-26,34.47,1070.43,34.47,1070.43,1656.155905614132,1897.089782474942,1809.779473235633,1719.6228219138975
2014-12-29,33.3,1330.14,33.3,1330.14,1652.9119662547876,1843.094565096376,1790.9700821283534,1711.9102907868896
2014-12-30,22.1,827.36,22.1,827.36,1644.6975188293668,1746.3579398491022,1753.1814514566533,1694.394443444575
2014-12-31,30.19,639.61,30.19,567.29,1633.977046005194,1634.0657551015686,1706.6759043407062,1672.0755435743854
2015-01-02,63.1,1263.86,63.1,1257.26,1630.2286176867344,1598.1794927109431,1689.0517512293059,1663.8613743946946
2015-01-05,21.3,444.19,21.3,429.6,1618.2820642769161,1486.8862076908533,1639.6614864752155,1639.4205550997501
2015-01-06,72.02,1204.66,72.02,1204.66,1614.1664218463,1460.0075212441054,1622.602604652658,1630.8114351967847
2015-01-07,100.75,2642.06,100.75,2642.06,1624.3942186438492,1572.583947792286,1662.5813260388284,1650.836159252294
2015-01-08,93.79,3158.6,93.79,3158.6,1639.659947811572,1723.633095621592,1721.2487250176978,1680.6928689700703
2015-01-09,38.49,1010.76,38.49,948.15,1632.779251813447,1649.77756270525,1690.9311279581802,1666.1870695845244
2015-01-12,39.38,1036.5,39.38,1036.5,1626.846124929731,1591.3701757809404,1665.2671621558986,1653.7180187016625
2015-01-13,103.92,1375.63,103.92,1375.63,1624.346461995107,1570.8234923732318,1653.9088420713535,1648.2113252620256
2015-01-14,20.3,1353.98,20.3,1353.98,1621.6562484429169,1550.171731194829,1642.1469266960064,1642.38496238555
2015-01-15,98.66,1207.74,98.66,1207.74,1617.537678806669,1517.55918536675,1625.1113609432218,1633.7781314472222
2015-01-16,92.68,3420.32,92.68,3420.32,1635.4758113558564,1698.7745010461072,1695.511699729762,1669.1551981512375
2015-01-20,97.91,1533.23,97.91,1533.23,1634.458440098584,1683.0083580893352,1689.1477115050654,1666.4636100690348
2015-01-21,41.27,2624.88,41.27,2624.88,1644.3133809931255,1772.7104192236843,1725.8430953676118,1685.4421524439053
2015-01-22,101.23,3293.13,101.23,3293.13,1660.7195165056316,1917.5122840595238,1787.305326921823,1717.2775553658082
2015-01-23,40.99,1101.9,40.99,1101.9,1655.1591233065706,1839.8349236729025,1760.426686650379,1705.0918612001487
2015-01-26,53.08,2452.38,53.08,2452.38,1663.0916693433212,1898.1725499897689,1787.5621107033053,1719.8896461268785
2015-01-27,17.33,1144.6,17.33,1144.6,1657.932548255328,1826.403735705029,1762.347910283568,1708.4977719461483
2015-01-28,64.02,689.55,64.02,381.09,1645.227647277663,1688.7548084950263,1708.1809334097024,1682.212469531373
2015-01-29,66.07,2350.08,66.07,2350.08,1652.2411035236564,1751.7381600669285,1733.3534458250083,1695.4375691446132
2015-01-30,15.11,1164.57,15.11,1164.57,1647.3886547323762,1695.8173829176972,1711.0482126554002,1684.9253400526406
2015-02-02,72.32,3146.07,72.32,3146.07,1662.3009069240939,1833.9366797826783,1767.3235768649924,1713.8588976753606
2015-02-03,128.51,3975.59,128.51,3975.59,1685.318708845247,2037.9036626605184,1853.9222601251888,1758.6456521768387
2015-02-04,41.83,1569.17,41.83,1374.97,1682.2306619910655,1974.7671233595167,1835.139818551652,1751.0481145099707
2015-02-05,97.33,2993.71,97.33,2993.71,1695.2802076428957,2071.809302087182,1880.5739433143324,1775.6552805592783
2015-02-06,92.93,1843.91,92.93,1843.91,1696.759111049434,2050.1046066503077,1879.136141615731,1777.0068591620648
2015-02-09,42.75,1465.14,42.75,1465.14,1694.454443277798,1994.3936917312308,1862.900998807271,1770.831277792519
2015-02-10,75.95,2165.1,75.95,2165.1,1699.137483643193,2010.6514353758755,1874.7519400305152,1778.63857922237
2015-02-11,50.43,1443.53,50.43,1443.53,1696.5941255969922,1956.6398701019825,1857.8412757155932,1772.0027657724222
2015-02-12,153.44,3049.02,153.44,3049.02,1710.051099471649,2060.6760729494126,1904.5541668640012,1797.2902357571268
2015-02-13,79.28,2253.02,79.28,2253.02,1715.4537750987968,2078.9945421923258,1918.2194936536482,1806.3145875243124
2015-02-17,41.46,1843.68,41.46,1843.68,1716.7296579336346,2056.583633412104,1915.296376255466,1807.0544966822467
2015-02-18,35.21,1595.51,35.21,1595.51,1715.523492183051,2012.6718588014276,1902.7557340493693,1802.865496747945
2015-02-19,32.57,1237.93,32.57,1237.93,1710.7713181314784,1938.8869198679583,1876.6841366356684,1791.6786552281837
2015-02-20,56.51,2123.06,56.51,2123.06,1714.8736930754437,1956.4272132138672,1886.3459351989757,1798.2406620553484
2015-02-23,33.86,1026.26,33.86,1026.26,1708.0218155324044,1867.8398595744513,1852.6170749950943,1782.9539162720741
2015-02-24,58.43,1902.79,58.43,1902.79,1709.959807417654,1871.1684443768845,1854.5846406815613,1785.3269080290627
2015-02-25,49.92,1687.82,49.92,1687.82,1709.7395108264336,1853.7066877695622,1848.0448508509119,1783.396078167101
2015-02-26,53.25,1106.63,53.25,1106.63,1703.7384211664692,1782.556527029604,1818.96975866068,1769.9947696885445
2015-02-27,47.45,1529.53,47.45,1529.53,1702.0050040404346,1758.4587625505942,1807.619179889673,1765.2330910808505
2015-03-02,63.41,1781.3,63.41,1781.3,1702.7940089753556,1760.6341184981566,1806.5870551881171,1765.5512476931108
2015-03-03,40.26,1244.88,40.26,1244.88,1698.2376506770934,1711.5146786411892,1784.5593275336812,1755.2409259566136
2015-03-04,21.76,985.97,21.76,985.97,1691.1504103718487,1642.4151854372665,1753.2420990029486,1740.0078383139085
2015-03-05,38.01,1419.96,38.01,1419.96,1688.4519983283476,1621.228977300384,1740.172212767539,1733.6702573571974
2015-03-06,38.02,667.59,38.02,667.59,1678.2941674992098,1530.4062175574904,1698.1101652080276,1712.5597572115103
2015-03-09,51.57,1460.27,51.57,1460.27,1676.1247727977252,1523.7265777901105,1688.7830999057521,1707.5639204350448
2015-03-10,12.84,428.9,12.84,428.9,1663.7145760534693,1419.457379905338,1639.3759195172913,1682.2438428026676
2015-03-11,53.8,1958.27,53.8,1958.27,1666.6454757942308,1470.772867533401,1651.8815697322996,1687.7097073016246
2015-03-12,95.51,2347.8,95.51,2347.8,1673.4231327515022,1554.2992611016487,1679.172488566327,1700.7808022065428
2015-03-13,22.6,860.42,22.6,860.42,1665.3335493410395,1488.2155219491108,1647.0645478382357,1684.139994242057
2015-03-16,52.02,2401.17,52.02,2401.17,1672.6553050689895,1575.163567477767,1676.6373106681087,1698.3386082174618
2015-03-17,27.51,1425.87,27.51,1425.87,1670.1997298941737,1560.9451324798845,1666.8032984850456,1692.9431902329577
2015-03-18,22.85,3366.35,22.85,3366.35,1687.0768470096546,1732.888453196086,1733.452188740534,1726.0799587431961
2015-03-19,24.56,806.93,24.56,806.93,1678.3191669399068,1644.7019338440778,1697.117985260513,1707.8789694611526
2015-03-20,342.73,4512,342.73,4512,1706.5149961245843,1917.777940144642,1807.5055152502969,1763.4061185807336
2015-03-23,64.75,1915.25,64.75,1915.25,1708.591961337275,1917.5371839403904,1811.7307891620499,1766.4129281137884
2015-03-24,42.88,1121.55,42.88,1121.55,1702.7507477916306,1841.7288807079722,1784.6648758615772,1753.6433651808422
2015-03-25,61.79,862.83,61.79,862.83,1694.3933274155945,1748.5004158786414,1748.514488572888,1736.0034965633997
2015-03-26,75.68,1234.8,75.68,1234.8,1689.820259481111,1699.5765667473422,1728.3688223543434,1726.078674849273
2015-03-27,45.56,1321.02,45.56,1321.02,1686.1506051579158,1663.5235603904525,1712.3943587326044,1718.0577109908716
2015-03-30,71.46,2347.74,71.46,2347.74,1692.7335842110708,1728.687030829457,1737.3098740764237,1730.5266672088742
2015-03-31,15.74,1076.06,15.74,1076.06,1686.5975286467815,1666.5320755123657,1711.3785064655835,1717.56693122454
2015-04-01,57.72,1806.09,57.72,1806.09,1687.7865084612413,1679.82330641595,1715.0926826826194,1719.3198632794995
2015-04-02,50.9,2282.67,50.9,2281.6,1693.695100416851,1737.1353724715736,1737.308655910752,1730.4541234125786
2015-04-06,51.43,2442.05,51.43,2442.05,1701.1414178256384,1804.2700989028524,1764.9455713652321,1744.5451308697552
2015-04-07,57.2,1278.34,57.2,1278.34,1696.9344385437912,1754.1815180549618,1745.8629999391446,1735.313346100057
2015-04-08,70.48,1802.35,70.48,1802.35,1697.983349603057,1758.7689925259178,1748.0781764121193,1736.6408045931253
2015-04-09,54.39,1771.46,54.39,1771.46,1698.7144605522803,1759.977659904402,1748.9951106704675,1737.330293611083
2015-04-10,105.56,1994.89,105.56,1994.89,1701.6614808452925,1782.3502637230304,1758.6380475069197,1742.4304858168043
2015-04-13,42.95,1089.42,42.95,1089.42,1695.569525812006,1716.356905273218,1732.3942025066483,1729.4995851075607
2015-04-14,90.83,2154.69,90.83,2154.69,1700.1378887392498,1758.1029142948162,1748.9548220161914,1737.9191972836486
2015-04-15,75.25,2668.24,75.25,2668.24,1709.770745567715,1844.7826367429288,1785.0052211528114,1756.3413913968436
2015-04-16,50.28,1279.53,50.28,1279.53,1705.4897431242553,1790.9490522912213,1765.1826634605443,1746.899581666213
2015-04-17,28.31,630.65,28.31,629.86,1694.786959610581,1680.3691425492002,1720.6602060699347,1724.7799859896543
2015-04-20,71.33,1879.21,71.33,1879.21,1696.622014738834,1699.306367068324,1726.8778450475843,1727.838006069067
2015-04-21,61.65,1180.81,61.65,1180.81,1691.489556880736,1649.9257606808646,1705.4634197516007,1717.005768325125
2015-04-22,59.82,2282.95,59.82,2282.95,1697.3747354192362,1710.2137834731632,1728.1099523103615,1728.2125847939344
2015-04-23,53.22,2201.25,53.22,2201.25,1702.3884196439205,1756.9791374281,1746.6644639844649,1737.5796623227675
2015-04-24,64.83,1634.19,64.83,1634.19,1701.7098284036824,1745.2849338635192,1742.2537006909565,1735.5323422767722
2015-04-27,70.08,1331.07,70.08,1331.07,1698.0218699121035,1705.835892543184,1726.128849683468,1727.5231869841627
2015-04-28,65.96,2119.09,65.96,2119.09,1702.211602549794,1745.1934265866903,1741.5390908723516,1735.276985261704
2015-04-29,27.48,1734.64,27.48,1734.64,1702.534273171189,1744.1883383403388,1741.268538289122,1735.2643716921655
2015-04-30,50.95,1216.07,50.95,1216.07,1697.6938326421223,1693.891353736497,1720.6725171797448,1724.9832950249938
2015-05-01,73.04,2330.43,73.04,2330.43,1703.9897149043898,1754.5140819520686,1744.5845753295587,1736.9723386878652
2015-05-04,73.93,1845.8,73.93,1845.8,1705.4007625172815,1763.2079789090144,1748.553807669576,1739.127341882165
2015-05-05,63.35,740.6,63.35,740.6,1695.8007549300448,1665.8167428224417,1709.0262073688082,1719.354523231033
2015-05-06,84.91,1223.49,84.91,1223.49,1691.1011454282534,1623.6903863631615,1689.9855717857176,1709.5354237611116
2015-05-07,65.45,1947.74,65.45,1947.74,1693.6547658717534,1654.5522543285747,1700.0935885784345,1714.2523460628718
2015-05-08,114.06,2800.94,114.06,2800.94,1704.6725293954175,1763.7320396306152,1743.2640360851626,1735.7709134675674
2015-05-11,57,1043.91,57,1043.91,1698.0977778591448,1695.1775596657947,1715.8383876112346,1722.0706973592987
2015-05-12,35.82,1276.44,35.82,1276.44,1693.902178079452,1655.297792078576,1698.607078293147,1713.2463271145602
2015-05-13,99.54,1717.44,99.54,1717.44,1694.136385262741,1661.2160975949023,1699.3456242424354,1713.3293701419948
2015-05-14,60.38,2071.72,60.38,2071.72,1697.893436155649,1700.3117073477688,1713.9485409388105,1720.4262142975988
2015-05-15,67.33,1686.05,67.33,1686.05,1697.7755910197718,1698.9534495051241,1712.8544805098377,1719.745497182795
2015-05-18,43.64,1564.08,43.64,1564.08,1696.4452866315153,1686.1083590760647,1707.0201871565107,1716.6630120900663
2015-05-19,40.04,1207.9,40.04,1207.9,1691.5841395008533,1640.5647058307252,1687.4468464837064,1706.588496999174
2015-05-20,44.37,1422.03,44.37,1422.03,1688.9020087595513,1619.7518767039894,1677.0383427000315,1700.953675276418
2015-05-21,54.43,1791.1,54.43,1791.1,1689.9189041947798,1636.0707455893237,1681.5113488686577,1702.7387510135186
2015-05-22,29.96,858.4,29.96,856.99,1681.631054401797,1561.8725793427213,1649.1771783247889,1685.9912509934488
2015-05-26,23.24,432.12,23.24,432.12,1669.1981085868538,1454.2770955957956,1601.4494458414638,1661.1621173104102
2015-05-27,107.39,2135.32,107.39,2135.32,1673.8361373571338,1519.1383245866723,1622.3855460045436,1670.5513823141644
2015-05-28,26.72,1089.89,26.72,1089.89,1668.0257280301971,1478.257531768894,1601.5033677298557,1659.0531371198244
2015-05-29,24.46,1098.72,24.46,1098.72,1662.3609944179564,1442.1111001718566,1581.78637291692,1647.9574314342833
2015-06-01,63.18,1473.2,63.18,1473.2,1660.478795468524,1445.071947774537,1577.5280837829232,1644.496888237565
2015-06-02,43.8,1833.08,43.8,1833.08,1662.1962203892351,1482.0250956055334,1587.549727556142,1648.2312072823656
2015-06-03,42.18,1558.55,42.18,1554.23,1661.1219296390934,1488.901753166911,1586.2430715735481,1646.3697972371704
2015-06-04,18.33,498.56,18.33,498.56,1649.5541492446746,1394.5834909605385,1543.5888334726246,1623.6408903611868
2015-06-05,31.2,1679.53,31.2,1679.53,1649.8524164163694,1421.7212537262014,1548.9198596109532,1624.7476054035396
2015-06-08,40.55,755.08,40.55,754.17,1640.9401535664551,1358.1449438475156,1517.7531984497393,1607.5084449004992
2015-06-09,57.15,1329.21,57.15,1329.21,1637.8383609936545,1355.389234909657,1510.3593475301418,1601.9975846054397
2015-06-10,91.07,2707.53,91.07,2707.53,1648.4820588942152,1484.164545870642,1557.30721625445,1623.8893156033519
2015-06-11,61.34,1572.18,61.34,1572.18,1647.7228344276061,1492.5469700734382,1557.890462675844,1622.8653687597212
2015-06-12,26.1,657.35,26.1,657.35,1637.8683783636498,1413.0044014950154,1522.5751504140462,1603.7462525466574
2015-06-15,11.49,741.58,11.49,741.58,1628.9500860416233,1349.0592204002521,1491.9478896134954,1586.6736534863276
2015-06-16,30.94,1827.26,30.94,1825.96,1630.9103836929505,1394.4783422668947,1505.0464037462996,1591.411996981648
2015-06-17,60.24,1839.26,60.24,1839.26,1632.9835142034685,1436.8385001462382,1518.1528192856604,1596.319878229536
2015-06-18,63.8,2411.1,63.8,2411.1,1640.7259667984588,1529.6253096561202,1553.170355784262,1612.4541380665748
2015-06-19,97.28,1235.36,97.28,1215.26,1636.4924745915089,1499.6857563555373,1539.9189692829184,1604.588907609811
2015-06-22,100.1,1958.48,100.1,1932.74,1639.4402111627376,1540.9290176550098,1555.323715585549,1611.0869490432801
2015-06-23,68.26,1777.92,68.26,1777.92,1640.818119509377,1563.4995874021517,1564.0529816410178,1614.3905738147002
2015-06-24,41.91,612.44,41.91,612.44,1630.585501404806,1472.922483840042,1526.7348254982328,1594.549968392627
2015-06-25,46.06,950.02,46.06,950.02,1623.8137053709274,1423.1222472838476,1504.1185578316354,1581.786998721486
2015-06-26,44.71,2218.83,44.71,2218.83,1629.7342655164903,1498.9039380187194,1532.1464575245125,1594.4017116180903
2015-06-29,17.72,175.67,17.72,172.4,1615.2334270536396,1372.570229635984,1478.823067033355,1566.2432618830785
2015-06-30,101.22,2038.12,101.22,2038.12,1619.4412536501209,1435.9559220516046,1500.7562800908706,1575.587355707176
2015-07-01,103.2,1864.45,103.2,1864.45,1621.8791516237516,1476.7648818562136,1515.0187789108365,1581.30740806941
2015-07-02,52.47,1286.77,52.47,1286.53,1618.5423441449082,1458.6472740603838,1506.0584346398234,1575.4702316719959
2015-07-06,12.39,857.44,12.39,856.81,1610.9629178350085,1401.3294384355854,1480.5977117127716,1561.2393359953226
2015-07-07,29.62,2640.39,29.62,2640.39,1621.2059733789388,1519.335206203625,1526.0797622338393,1582.608656074623
2015-07-08,12.53,206.29,12.53,206.29,1607.1272074746707,1394.2832818032798,1474.3233009697672,1555.354821300868
2015-07-09,120.16,2120.04,120.16,2120.04,1612.2308173505446,1463.4029692505865,1499.6455244611489,1566.5367060275835
2015-07-10,104.04,2307.81,104.04,2307.81,1619.1520032475541,1543.8226864648163,1531.3382489920841,1581.215385116146
2015-07-13,85.95,2317.49,85.95,2317.49,1626.1006400311605,1617.5052877538815,1562.167729423767,1595.7950804603809
2015-07-14,36.13,1992.32,36.13,1992.32,1629.7446137621937,1653.2019270154165,1579.0364459169525,1603.6470590651259
2015-07-15,58.07,1048.92,58.07,1048.92,1623.965264371525,1595.6512672996625,1558.2475656849151,1592.6623648262125
2015-07-16,77.64,1908.22,77.64,1908.22,1626.7936697011617,1625.419718033028,1571.971974873742,1598.9110308692577
2015-07-17,44.41,915.58,44.41,915.58,1619.7169167688119,1557.8159353632159,1546.2311131139875,1585.3797233272921
2015-07-20,41.85,923.58,41.85,923.58,1612.790181278575,1497.4125129476715,1521.813422403635,1572.27477831091
2015-07-21,216.2,1243.89,216.2,1243.89,1609.1195327086389,1473.26751171456,1510.914464662316,1565.7721094334663
2015-07-22,28.87,1533.13,28.87,1533.13,1608.3634179553192,1478.9687010750781,1511.785662126539,1565.1257310288431
2015-07-23,69.52,1065.62,69.52,1065.62,1602.9629859358633,1439.602158115547,1494.2889694941257,1555.2345284342125
2015-07-24,40.04,772.11,40.04,772.11,1594.6957920459542,1376.0314763902568,1465.9682255923954,1539.7271120295745
2015-07-27,25.35,860.36,25.35,860.36,1587.388968244502,1326.9199072102324,1442.2188834123015,1526.274297929979
2015-07-28,88.48,3405.32,88.48,3405.32,1605.4778342321188,1524.8627731902102,1519.2032409255446,1563.4831237135438
2015-07-29,69.2,3085.16,69.2,3085.16,1620.2010398616499,1673.4625090768568,1580.6133099088565,1593.615339085553
2015-07-30,61.74,1497.77,61.74,1497.77,1618.9828205595438,1656.7298891647752,1577.3645526575287,1591.7174115789082
2015-07-31,55.56,1686.41,55.56,1686.41,1619.6537377679065,1659.5565663871776,1581.6408447101746,1593.592512339722
2015-08-03,38.62,925.81,38.62,916.1,1612.6532030637482,1588.7511791122083,1555.5412037411481,1580.176819026064
2015-08-04,59.34,1580.69,59.34,1580.09,1612.3291910929645,1587.9263049110457,1556.503901633652,1580.1750998374291
2015-08-05,86.16,1762.8,86.16,1762.8,1613.826413072139,1604.580942538565,1564.5939447068422,1583.7914344941137
2015-08-06,46.01,1940.19,46.01,1940.19,1617.0738119470432,1636.5437099158446,1579.323201777162,1590.848831830864
2015-08-07,29.78,1113.55,29.78,1113.14,1612.0595451615004,1586.695737542907,1561.0415075898222,1581.38925100253
2015-08-10,81.97,3043.61,81.97,3043.61,1626.3038282942218,1725.449476824535,1619.1814484686527,1610.3441173193116
2015-08-11,29.07,1015.19,29.07,1015.19,1620.2230936843291,1657.8057171269602,1595.4955093130193,1598.5588872733847
2015-08-12,23.15,2233.33,23.15,2233.33,1626.3236599163258,1712.6175535910593,1620.5086265948617,1611.1286122778722
2015-08-13,51.08,1077.21,51.08,1077.21,1620.8598424047207,1652.1025484871489,1599.2027981009455,1600.5559664901916
2015-08-14,50.17,1753.89,50.17,1753.89,1622.1835255648728,1661.7965914883728,1605.2689628813007,1603.5922839854354
2015-08-17,22.02,1853.25,22.02,1850.25,1624.452843718456,1679.7445351561469,1614.8760623761516,1608.4765951936447
2015-08-18,42.12,1084.61,42.12,1083.43,1619.0695318406604,1622.9526746650852,1594.0350403221848,1598.0796329125824
2015-08-19,13.22,672.93,13.22,670.35,1609.6295364989624,1532.2286104112675,1557.8120975644522,1579.7087490925312
2015-08-20,26.85,556.29,26.85,475.15,1598.3411829019578,1431.5544570387658,1515.3547604050618,1557.8362986154514
2015-08-21,33.73,499.3,33.73,332.79,1585.7486338183562,1326.9102230350738,1468.979671761726,1533.5779560686108
2015-08-24,0.6,516.12,0.6,192.84,1571.8888464171785,1218.9035351269715,1418.9349787514623,1507.0286896118066
2015-08-25,145.31,2451.33,145.31,1095.8,1567.1516439652662,1207.1793889244027,1406.2630188004246,1498.885547243256
2015-08-26,122.87,4655.32,122.87,4655.32,1597.8796873088954,1535.5737328363643,1533.677018063153,1561.3891997730925
2015-08-27,138.39,4676.38,138.39,4676.38,1628.5115312162695,1834.698139232901,1656.9202722567547,1623.0721859161995
2015-08-28,48.67,2537.89,48.67,2537.89,1637.560073194217,1901.6687926392913,1691.4681047172742,1641.1873901554827
2015-08-31,21.29,1675.53,21.29,1675.53,1637.93788341119,1880.1317647688825,1690.8430810028713,1641.8674418355722
2015-09-01,5.39,193.68,5.39,163.5,1623.2668596956557,1716.643025267084,1630.9472739047194,1612.592839026947
2015-09-02,93.72,2947.76,93.72,2947.76,1636.4458959175895,1833.8922609559334,1682.586988653554,1639.0317927095819
2015-09-03,68.26,2397.5,68.26,2397.5,1644.0185735701507,1887.5691884839398,1710.6227930200814,1654.0509651311743
2015-09-04,3.42,341.9,3.42,310.04,1630.7451549276616,1737.3283133902312,1655.6979776075293,1627.4368866137254
2015-09-08,106.28,3058.58,106.28,3058.58,1644.9524668189285,1863.1618073530663,1710.7129588778223,1655.7763542055327
2015-09-09,89.28,877.66,89.28,537.29,1633.930949736153,1736.8883018908696,1664.6963722551627,1633.6281095677994
2015-09-10,62.28,2004.1,62.28,2004.1,1637.6142238681316,1762.33703504412,1678.0063184412347,1640.9641866060608
2015-09-11,17.6,1595.18,17.6,1595.18,1637.1919927848667,1746.4173174208706,1674.7582275219706,1640.0575690495052
2015-09-14,31.2,1009.24,31.2,1009.24,1630.9437142496938,1676.2099538569782,1648.6594735015012,1627.566132038624
2015-09-15,48,2518.86,48,2518.86,1639.7787021676072,1756.4623392039327,1682.7849843445797,1645.2155155626115
2015-09-16,84.1,3143.61,84.1,3143.61,1654.742197668427,1888.5716402321295,1740.0722398604785,1674.8866934722628
2015-09-17,48.84,2004.77,48.84,1942.02,1657.600683263766,1893.661960210022,1747.99175986595,1680.1764619183566
2015-09-18,22.17,850.19,22.17,850.19,1649.566746116863,1794.283678285258,1712.7838477143441,1663.7410864348249
2015-09-21,64.9,1775.73,64.9,1775.73,1650.8221018768943,1792.5166613057097,1715.2523242745658,1665.9586886836403
2015-09-22,17.81,500.79,17.81,500.79,1639.378996385582,1669.4950745146898,1667.6263507736026,1642.886041382974
2015-09-23,43.27,907.66,43.27,907.66,1632.0982103518945,1596.9393531323385,1637.8237487824808,1628.32710987044
2015-09-24,14.79,1629.22,14.79,1629.22,1632.0695714429205,1600.0137004530682,1637.4863468694423,1628.3447908631044
2015-09-25,59.16,1598.01,59.16,1598.01,1631.7306702345331,1599.8228718384903,1635.9382548353465,1627.7441019351222
2015-09-28,17.3,213.66,17.3,210.65,1617.5905640630453,1467.5206935681579,1580.04459778298,1599.6828325898723
2015-09-29,39.04,2131.8,39.04,2131.8,1622.7070758634131,1530.7853894188095,1601.6820645365885,1610.219806201954
2015-09-30,75.48,3826.91,75.48,3823.71,1644.6076024717374,1749.1591618551133,1688.8204149469184,1654.051295188054
2015-10-01,65.7,2020.93,65.7,2020.93,1648.3521039396803,1775.042098821293,1701.8443202431176,1661.3162200358151
2015-10-02,12.45,3519.46,12.45,3519.46,1666.970092955206,1941.1771370287888,1773.1233665080933,1698.1111463717396
2015-10-05,85.63,3975.84,85.63,3975.84,1689.9439228760496,2134.9545525498565,1859.5044109587564,1743.2146880277446
2015-10-06,41.59,2467.9,41.59,2467.9,1697.684779364845,2166.6636427832036,1883.3630615093934,1757.564892225215
2015-10-07,93.1,3632.35,93.1,3632.35,1716.93517957017,2306.2528196609937,1951.9507845874564,1794.6893498049137
2015-10-08,63.49,2996.25,63.49,2996.25,1729.6646802709643,2371.966836836137,1992.9036949957915,1818.4826300067966
2015-10-09,65.31,1818.85,65.31,1818.85,1730.552096387671,2319.289042851743,1986.0780598979172,1818.4899046601274
2015-10-12,45.94,1050.9,45.94,1050.9,1723.7893889609281,2198.4900863896723,1949.4044104901557,1803.2901045678477
2015-10-13,30.25,661.28,30.25,617.58,1712.782330364302,2047.9272210192273,1897.1760022356398,1779.8106965566033
2015-10-14,55.18,1678.82,55.18,1678.82,1712.4443967288362,2012.7741523507295,1888.6130217558107,1777.8108807832052
2015-10-15,45.83,2859.83,45.83,2859.83,1723.8611689006887,2093.446137841136,1926.6999620791123,1799.237001955815
2015-10-16,112.29,1798.47,112.29,1794.9,1724.568022941478,2065.0131723324566,1921.5313361152255,1799.1511207289673
2015-10-19,28.66,1321.01,28.66,1321.01,1720.5525202256424,1994.1557273484132,1897.9814797969814,1789.6829797244332
2015-10-20,44.84,1837.52,44.84,1837.52,1721.7163757457852,1979.2380390295166,1895.6104413735704,1790.6302474526622
2015-10-21,51.39,771.84,51.39,742.8,1711.9759142955784,1861.4820353124198,1850.4021887706854,1769.8811336417184
2015-10-22,73.08,2890.47,73.08,2890.47,1723.7022236060702,1959.4808890921893,1891.1891617600702,1792.0710121834666
2015-10-23,73.01,2300.35,73.01,2300.35,1729.4400124259103,1991.9446139405522,1907.2346848283028,1802.1359426352792
2015-10-26,48.83,1130.35,48.83,1130.35,1723.4789177749062,1909.887984041452,1876.7686187566046,1788.8332507019074
2015-10-27,31.4,1192.94,31.4,1192.94,1718.1999235681908,1841.607223656552,1849.9518101779142,1777.0333843513747
2015-10-28,55.85,3467.69,55.85,3467.69,1735.6077850252236,1996.4722499749755,1913.3925235042705,1810.5117331761
2015-10-29,36.08,1352.69,36.08,1352.69,1731.7976578110422,1935.1596547392635,1891.404189249201,1801.4459562815239
2015-10-30,45.32,1856.38,45.32,1856.38,1733.0372831064547,1927.6568304783812,1890.0306916315853,1802.5337591274342
2015-11-02,56.36,3024.22,56.36,3018.1,1745.823976806888,2031.5085609090115,1934.2687037244643,1826.6043777585742
2015-11-03,48.58,2735.77,48.58,2735.77,1755.674185992889,2098.581078917677,1965.7001271078186,1844.6076574069193
2015-11-04,64.95,1102.54,64.95,1091.35,1749.0639950874872,2002.6543094969459,1931.4118868290807,1829.6916641909406
2015-11-05,35.67,1710.51,35.67,1710.51,1748.6803732458206,1974.8310419258082,1922.749067737744,1827.3316312366646
2015-11-06,45.17,1959.97,45.17,1959.97,1750.7827575916333,1973.4157045995407,1924.2087121401855,1829.9581335884138
2015-11-09,34.76,726.34,34.76,726.34,1740.5892973170896,1854.646589875775,1877.233468526845,1808.1043091609206
2015-11-10,27.98,1973.52,27.98,1973.52,1742.9070157517453,1865.967867030463,1881.0094109375568,1811.379867395358
2015-11-11,75.75,1253.98,75.75,1253.04,1738.032717087549,1807.593784456133,1856.3831595282409,1800.32363239743
2015-11-12,11.48,483.89,11.48,392.61,1724.6454263702599,1672.8334240317395,1798.9802905271333,1772.4481149242135
2015-11-13,29.77,1401.1,29.77,1401.1,1721.426068893939,1646.954050314431,1783.3771418790104,1765.0946869059123
2015-11-16,55.06,2988.63,55.06,2988.63,1734.0350632333027,1774.7327121892472,1830.6419598445395,1789.3231089473795
2015-11-17,85.21,1486.01,85.21,1201.59,1728.7371024051106,1720.1476919807474,1805.9732555369105,1777.6848295622829
2015-11-18,66.59,3389.85,66.59,3389.85,1745.2655889483433,1879.1669594111524,1868.0860690452669,1809.6088923432278
2015-11-19,44.7,1582.65,44.7,1582.65,1743.6475233866681,1850.9272489910427,1856.8924977101583,1805.1146568512827
2015-11-20,109.43,1851.87,109.43,1851.87,1744.7243639499848,1851.0170348014196,1856.6955370156422,1806.0405052304652
2015-11-23,40.98,1609.11,40.98,1609.11,1743.374967293766,1827.9782695822369,1846.9863002699308,1802.1408912655056
2015-11-24,38.81,2502.37,38.81,2502.37,1750.9271566739276,1892.2060534315476,1872.6876218279726,1816.0068142107432
2015-11-25,34.71,1280.37,34.71,1280.37,1746.244995911003,1833.9359531047335,1849.459479795503,1805.4001446224117
2015-11-27,28.19,552.04,28.19,552.02,1734.3621601307939,1711.8487194757113,1798.5795001956794,1780.5807358180075
2015-11-30,43.68,1564.92,43.68,1564.92,1732.6761684877015,1697.855508097072,1789.4163825409469,1776.310226197849
2015-12-01,72.7,2684.79,72.7,2684.79,1742.1499379554855,1791.8492692306843,1824.529073421694,1794.2999246889808
2015-12-02,27.11,789.65,27.11,789.65,1732.6723266325453,1696.401719780143,1783.9455803463334,1774.4058667743475
2015-12-03,52.68,1032.6,52.68,1032.6,1725.7064328352064,1633.1825083725103,1754.481047783732,1759.7166416897069
2015-12-04,37.76,2545.96,37.76,2545.96,1733.868159871672,1720.1136980513188,1785.5194380667228,1775.285817101792
2015-12-07,14.37,725.82,14.37,725.82,1723.8378299227002,1625.4190601416694,1743.962597358224,1754.5043157730436
2015-12-08,6.23,1139.3,6.23,1139.3,1718.021533107549,1579.1220067948439,1720.2503386382937,1742.3220520943694
2015-12-09,91.58,2134.22,91.58,2134.22,1722.162811385086,1631.988482338192,1736.4844430054195,1750.0824074984412
2015-12-10,27.26,2146.6,27.26,2146.6,1726.3860669931944,1680.999103067888,1752.5674060248148,1757.9342410133236
2015-12-11,9.15,333.13,9.15,330.38,1712.4954593614214,1552.3687122995177,1696.7953508865867,1729.6658402011785
2015-12-14,45.44,1615.85,45.44,1615.85,1711.5338129996162,1558.4145492233731,1693.621023400838,1727.4120611872938
2015-12-15,86.58,3381.66,86.58,3381.66,1728.1519840145454,1732.0569731068613,1759.8186303262955,1760.1694461142781
2015-12-16,76.48,3571.85,76.48,3571.85,1746.497237904948,1907.2753566204935,1830.8786840389898,1796.0443085674608
2015-12-17,56.2,618.51,56.2,551.54,1734.6071161347495,1778.157703609018,1780.7085395668726,1771.4006588928576
2015-12-18,46.07,1642.92,46.07,1642.92,1733.6948065214683,1765.277922312921,1775.3050674269953,1768.8564874296326
2015-12-21,73.39,2398.21,73.39,2398.21,1740.3068979988666,1825.5571678069284,1799.7327118416229,1781.3189332231052
2015-12-22,53.52,2749.58,53.52,2747.55,1750.3292174217634,1913.3660089681734,1836.9020172595983,1800.452221674133
2015-12-23,84.83,3127.59,84.83,3127.59,1764.0333048106015,2029.0063890664426,1887.517232269026,1826.7321776805857
2015-12-24,32.01,638.43,32.01,565.58,1752.1083963050235,1889.632447250591,1835.67655649377,1801.758867231465
2015-12-28,11.61,605,11.61,604.06,1740.6850291776102,1767.196976083868,1787.3778680038183,1778.0420579793567
2015-12-29,68.18,1844.51,68.18,1844.51,1741.7181134644002,1774.5601212187378,1789.6183437683744,1779.3582548510526
2015-12-30,19.13,326.62,19.13,276.7,1727.1408188030628,1631.9067763407627,1730.2882126402028,1749.602645844101
2015-12-31,8.31,913.07,8.31,913.07,1719.0406116507934,1563.4461309749759,1698.240439595489,1733.037642956099
2016-01-04,15.61,1178.22,15.61,1178.22,1713.6593120323776,1526.7579280249781,1677.8474811799797,1722.0511549767702
2016-01-05,62.09,1796.6,62.09,1796.6,1714.4845925096674,1552.4571729749803,1682.5044427023333,1723.5273697297055
2016-01-06,9.67,604.45,9.67,604.45,1703.4394721861881,1462.1707755487917,1640.2277978904772,1701.3674218142658
2016-01-07,10.36,569.53,10.36,569.53,1692.1567908709028,1377.1573683536687,1598.2396489535956,1678.954799600122
2016-01-08,102.54,1076,102.54,1008.88,1685.3580168323863,1342.0833332723669,1575.1275058573763,1665.6859916872484
2016-01-11,84.68,1770.03,84.68,1770.03,1686.2005241275865,1382.8401586749985,1582.7707409217928,1667.7522096736395
2016-01-12,80.89,2046.53,80.89,2046.53,1689.785892046715,1446.0487149916653,1600.957378532703,1675.2527599771317
2016-01-13,90.44,488.27,90.44,488.27,1677.8305100362998,1354.8316945162685,1557.3225793745578,1651.7481508686737
2016-01-14,64.28,3875.61,64.28,3875.61,1699.6989626727545,1594.9058188480524,1648.2358115559477,1695.785019168304
2016-01-15,7,604,7,604,1688.7964854322297,1500.5338361006188,1607.2853875733615,1674.1655138382384
2016-01-19,106.55,1371.67,106.55,1371.67,1685.6409980149936,1488.2610898053217,1598.0455684528374,1668.1755036632237
2016-01-20,13.73,2009.44,13.73,1576.92,1684.55919703972,1496.7047955381481,1597.2171147880204,1666.3684639867242
2016-01-21,63.07,3401.02,63.07,3401.02,1701.638409009474,1678.0681483440387,1667.954482835549,1700.7179993533236
2016-01-22,118.3,4006.2,118.3,4002.15,1724.5290716063946,1899.409277073178,1759.4915619400374,1746.2909102572182
2016-01-25,33.46,603.28,33.46,451.12,1711.8583345754853,1761.4769649709706,1708.1828732365066,1720.6439615392535
2016-01-26,99.92,3880.06,99.92,3880.06,1733.4324805001074,1963.246777830878,1793.3545252664476,1763.4046751721396
2016-01-27,31.2,2072.7,31.2,2072.7,1736.8082767140368,1973.6708942279372,1804.3092497658026,1769.529335069721
2016-01-28,93.76,2422.47,93.76,2422.47,1743.6307814233498,2016.4136662062288,1828.5508478142026,1782.4588531871523
2016-01-29,86.11,4930.26,86.11,4930.26,1775.338534842023,2293.9228408532545,1950.1865008410966,1844.7915491636443
2016-02-01,27.49,1849.39,27.49,1849.39,1776.0753653411073,2251.586379819611,1946.2336968865438,1844.8826075960474
2016-02-02,14.52,429.03,14.52,429.03,1762.6719288700515,2078.0095817415527,1886.7355126949146,1816.8459222971157
2016-02-03,71.24,3289.99,71.24,3289.99,1777.869123607663,2193.436288242357,1941.7651004323689,1846.0170921526185
2016-02-04,74.98,3492.61,74.98,3492.61,1794.9312218802236,2317.1671179335613,2002.5825474742367,1878.622892308012
2016-02-05,21.24,1134.62,21.24,1134.15,1788.356284349077,2204.4988209875078,1968.5263691419136,1863.8808548365662
2016-02-08,16.13,1007.69,16.13,1007.69,1780.5884606242105,2090.517028512507,1930.8465115285053,1846.926580483367
2016-02-09,18.53,1768.73,18.53,1768.73,1780.4704659911338,2059.870644844649,1924.4890012724854,1845.3781333450825
2016-02-10,63.4,1974.63,63.4,1974.63,1782.4024016529136,2051.752488192778,1926.4553149480741,1847.9375762491402
2016-02-11,23.96,1052.38,23.96,1052.38,1775.1384971588548,1956.5741559839419,1892.1778516167772,1832.18396087787
2016-02-12,85.6,3816.81,85.6,3816.81,1795.4536364906076,2133.7394744616618,1967.6536221416095,1871.483486405041
2016-02-16,110.79,3754,110.79,3754,1814.941660008114,2288.0500007034084,2037.7064212733112,1908.7610411296937
2016-02-17,97.61,4313.62,97.61,4313.62,1839.8041310528095,2480.961429207846,2126.957934164554,1956.382010612274
2016-02-18,79.41,1717.85,79.41,1717.85,1838.5906571119854,2408.28415023567,2110.914485765944,1951.6586044615358
2016-02-19,22.14,1320.46,22.14,1320.46,1833.435128185498,2304.6818502132255,2079.916270637868,1939.1596221949708
2016-02-22,94.45,3527.48,94.45,3527.48,1850.291296064249,2421.138816859585,2136.6834757108927,1970.6115108643774
2016-02-23,28.57,761.45,28.57,761.45,1839.457054312366,2263.0732152539103,2082.7527511732105,1946.6677185700332
2016-02-24,23.1,2363.39,23.1,2363.39,1844.6703174535364,2272.627194753538,2093.7581334801434,1954.9196449349831
2016-02-25,81.76,2872.09,81.76,2872.09,1854.8933988719093,2329.7188904912964,2124.2809517750397,1973.0814341441915
2016-02-26,103.68,2704.1,103.68,2704.1,1863.343215798557,2365.37423425403,2147.0189536662147,1987.557049309653
2016-02-29,56.21,2086.09,56.21,2085.74,1865.5561191239444,2338.742402420313,2144.61585744401,1989.5012661550063
2016-03-01,88.05,3483.52,88.05,3483.52,1881.6552622172385,2447.768840285045,2197.1219022501273,2019.0857955380754
2016-03-02,50.6,3844.06,50.6,3844.06,1901.1816775185596,2580.7489507340883,2261.707710005024,2055.2238985967274
2016-03-03,52.99,4024.26,52.99,4024.26,1922.3068349561859,2718.2261935213182,2330.827407651886,2094.214712485901
2016-03-04,158.74,4432.99,158.74,4432.99,1947.2887569964228,2881.5370322335734,2413.26515637142,2140.5270944168733
2016-03-07,80.66,3502.8,80.66,3502.8,1962.7664808074037,2940.704933925614,2455.9920129843053,2167.502795517529
2016-03-08,39.89,703.86,39.89,703.86,1950.2400481625539,2727.6720830755557,2387.2809536515874,2138.5197698637166
2016-03-09,86.42,2580.91,86.42,2580.91,1956.515371066409,2713.694741830265,2394.874249586819,2147.2799724406727
2016-03-10,59.45,2097.51,59.45,2097.51,1957.918302697589,2655.0104807035727,2383.2129064657674,2146.2944284319465
2016-03-11,93.42,3321.99,93.42,3321.99,1971.491155407066,2718.532339684185,2420.027694447502,2169.5755288590367
2016-03-14,29.58,1254.66,29.58,1254.66,1964.3585070945578,2579.1159263809295,2374.3270005476,2151.4583896737095
2016-03-15,9.41,815.89,9.41,815.89,1952.9309597602837,2411.189647677984,2313.2118240555374,2125.0114908682895
2016-03-16,29.32,2877.74,29.32,2877.74,1962.133039762669,2455.623014565795,2335.3501838964967,2139.9170059006005
2016-03-17,71.94,3401.49,71.94,3401.49,1976.4549995660254,2545.705584607148,2377.159588449575,2164.8986493481134
2016-03-18,264.29,3696.41,264.29,3696.41,1993.5689796698462,2655.296481311229,2428.8948987064546,2195.2256067867647
2016-03-21,40.05,1715.39,40.05,1715.39,1990.80102962338,2565.781578329207,2400.9143144434565,2185.7239116028686
2016-03-22,14.72,1337.58,14.72,1337.58,1984.301317885834,2448.809999440711,2359.2149295633208,2168.9289826602376
2016-03-23,18.03,508.56,18.03,508.56,1969.6173246730395,2264.0242852082624,2286.6402264431904,2136.0503889441934
2016-03-24,7.17,1881.12,7.17,1881.12,1968.736754278283,2227.557210426523,2270.7374724650263,2131.002262430447
2016-03-28,47.57,1330.2,47.57,1330.2,1962.3831547332254,2142.09461895733,2233.8536500154173,2115.14479188727
2016-03-29,16.5,2598.41,16.5,2598.41,1968.711780059263,2185.5532266756795,2248.149977465793,2124.71439996871
2016-03-30,76.32,2261.09,76.32,2244.78,1971.4587275213598,2191.193871754186,2248.0178214867424,2127.091936602993
2016-03-31,33.9,1807.65,33.9,1807.65,1969.8287899340826,2154.665883968073,2230.748495153929,2120.7663536999635
2016-04-01,5.33,1970.21,5.33,1885.19,1968.986612919813,2129.001514066352,2217.197181618481,2116.101475408875
2016-04-04,26.97,913.93,26.97,893.75,1958.2877411494667,2011.3585127266992,2165.2972921432465,2091.8964956978084
2016-04-05,92.69,1368.87,92.69,1339.32,1952.1288581529545,1947.354844847966,2132.9060257846877,2076.9939908325055
2016-04-06,56.16,2889.54,56.16,2816.33,1960.727874489741,2030.114383433874,2159.706965949994,2091.634307845723
2016-04-07,32.17,789.18,32.17,778.9,1948.9683931515347,1910.951108821124,2105.557673167641,2065.6395690765007
2016-04-08,61.33,2466.84,61.33,2372.17,1953.1793544137086,1954.8767175048265,2116.013058533616,2071.7094785997383
2016-04-11,75.1,2233.3,75.1,2157.52,1955.2125946682986,1974.176077742462,2117.640781728376,2073.408696845288
2016-04-12,55.63,3594.49,55.63,3522.54,1970.8078922337882,2121.639308433656,2172.7348687194203,2102.104366214688
2016-04-13,76.62,3168.12,76.62,3077.44,1981.8191569876808,2212.6679457256887,2208.213501318659,2121.417943121328
2016-04-14,56.7,1705.75,56.7,1662.05,1978.637374331087,2160.228141370861,2186.7953247963587,2112.321548208034
2016-04-15,74.14,1779.37,74.14,1703.3,1975.8976989646085,2116.711175526017,2167.8347238239526,2104.2221116098553
2016-04-18,18.31,2453.29,18.31,2357.72,1979.6969258405825,2139.6643969044917,2175.281205242621,2109.241871775997
2016-04-19,66.13,3089.13,66.13,3017.91,1990.0274041904274,2223.30683529454,2208.325471703695,2127.2353000576604
2016-04-20,64.44,2489.12,64.44,2489.12,1994.9934996711197,2248.622374790298,2219.3370218329615,2134.401333719885
2016-04-21,53.9,1276.45,53.9,1262.05,1987.7005295251383,2154.663101000746,2181.7963543101,2117.1270498838476
2016-04-22,45.96,2677.93,45.96,2521.34,1993.0103750025,2189.584710429246,2195.1117913959783,2125.131266717831
2016-04-25,23.43,765.67,23.43,765.67,1980.7980329626741,2053.973785626461,2139.0552505569203,2098.2112416343093
2016-04-26,48.23,2667.29,48.23,2667.29,1987.6287988038416,2112.384853662036,2159.7703387703746,2109.4801279385806
2016-04-27,47.96,2933.97,47.96,2933.97,1997.0451291640024,2190.6310580751756,2190.1311097989874,2125.8066600586085
2016-04-28,40.33,1535.65,40.33,1358.36,1990.6900532519228,2111.367147782302,2157.5126349049096,2110.6096964930916
2016-04-29,45.06,1781.66,45.06,1781.66,1988.6101522245406,2079.9664670411303,2142.773315889031,2104.095841116991
2016-05-02,56.17,2046.87,56.17,2046.87,1989.1898522024057,2076.8144225610226,2139.0124015404417,2102.962656144377
2016-05-03,8.86,612.78,8.86,612.78,1975.4942317824814,1937.3825727933063,2079.16015049964,2073.4540886959735
2016-05-04,23.47,1082.94,23.47,1082.94,1966.6130951478299,1856.0070896701343,2040.0926936173014,2053.8399483257563
2016-05-05,53.68,1634.21,53.68,1634.21,1963.3056016637718,1834.8835573205977,2024.1757252401524,2045.5304443985135
2016-05-06,18.44,2254.23,18.44,2254.23,1966.2003717964706,1874.8213137662551,2033.1974615052445,2049.6631088658696
2016-05-09,37.41,1385.82,37.41,1385.82,1960.4254427238689,1828.2497600742308,2007.8101100736662,2036.5177007695158
2016-05-10,49.11,2824.05,49.11,2824.05,1969.0187219007457,1923.0878781623994,2039.8195175217577,2052.112399764179
2016-05-11,28.85,1323.06,28.85,1323.06,1962.591271931584,1865.9423659564566,2011.7113011483555,2037.6757185807298
2016-05-12,53.8,1324.03,53.8,1324.03,1956.2374284297773,1814.331664436794,1984.743406985675,2023.5441201929925
2016-05-13,23.19,665.51,23.19,665.51,1943.3943694404263,1704.9200773475754,1933.008763574472,1996.6523554366956
2016-05-16,54.02,2748.29,54.02,2748.29,1951.4032811872878,1804.288641409711,1964.9805767676298,2011.5362691904245
2016-05-17,27.69,1622.99,27.69,1622.99,1948.1354873446282,1787.0221041325958,1951.5691816002718,2003.8422836619013
2016-05-18,24.26,1400.93,24.26,1400.93,1942.6906566247812,1750.2514275485391,1929.9754882041827,1991.9034265596854
2016-05-19,18.34,1345.21,18.34,1345.21,1936.7455754643356,1711.6760534962973,1907.043508274607,1979.097616132761
2016-05-20,107.24,2473.16,107.24,2473.16,1942.0830324248896,1784.1983341156974,1929.244155008936,1988.8810296746865
2016-05-23,34.52,1171.32,34.52,1171.32,1934.4137485201643,1725.8289689618214,1899.5216391262327,1972.6917023543956
2016-05-24,53.84,2524.14,53.84,2524.14,1940.2816714204612,1801.8585909654573,1924.016476807557,1983.6114706246055
2016-05-25,63.34,2944.25,63.34,2944.25,1950.271406033193,1910.657772778271,1964.0256345798095,2002.634015760752
2016-05-26,58.85,1283.76,58.85,1283.76,1943.6394517443055,1850.9532229898643,1937.3485508707975,1988.3988867357866
2016-05-27,34.93,1857.61,34.93,1857.13,1942.7786611796855,1851.54148746702,1934.2027253464526,1985.7995028400285
2016-05-31,68.89,2340.12,68.89,2340.12,1946.7323063420768,1898.0727743749228,1950.1210498426701,1992.8157503085429
2016-06-01,23.98,2087.98,23.98,2087.98,1948.1377560302153,1916.1591768154065,1955.5272831821733,1994.7001908964926
2016-06-02,34.35,2291.31,34.35,2291.31,1951.5524052239446,1951.8878266425106,1968.6952328613038,2000.5736524628987
2016-06-03,64.93,1661.67,64.93,1661.67,1948.6680031819153,1924.2480336289382,1956.6550276510566,1993.8626890477917
2016-06-06,77.77,2560.13,77.77,2560.13,1954.7522021552295,1984.8082209023726,1980.3207128412112,2005.0759031260532
2016-06-07,74.24,2072.6,74.24,2072.6,1955.9248170591575,1993.1693427211942,1983.9395084160656,2006.4130139552403
2016-06-08,86.79,2292.3,86.79,2292.3,1959.2718338048376,2021.6579767477472,1996.0320767134747,2012.0741423917702
2016-06-09,15.65,1031.96,15.65,1031.96,1950.0448503838938,1927.4010265812951,1958.2253286070638,1992.6659415523293
2016-06-10,28.64,506.24,28.64,505.81,1935.6743543601735,1792.011405002124,1901.26786474012,1963.223249640402
2016-06-13,38.19,682.73,38.19,635.1,1922.733316008331,1681.8293664304933,1851.6142229856057,1936.923779350493
2016-06-14,34.56,981.85,34.56,981.85,1913.3712929634721,1615.1646648656845,1817.5058220842093,1918.0114272841467
2016-06-15,69.73,2149.15,69.73,2149.15,1915.7173497499052,1666.0204110689526,1830.5114761201226,1922.5884287240647
2016-06-16,22.66,1471.94,22.66,1471.94,1911.301654727518,1647.536562395719,1816.449849605608,1913.664697462202
2016-06-17,191.92,3140.01,191.92,3140.01,1923.5276084118213,1789.676889786603,1868.3541692289175,1937.94876285899
2016-06-20,113.82,2700.75,113.82,2700.75,1931.2611645470272,1876.445757425974,1900.9971429846462,1953.0537378518814
2016-06-21,46.8,1873.95,46.8,1873.95,1930.6909042032757,1876.208066242548,1899.9364707107386,1951.487327201349
2016-06-22,59.62,1102.82,59.62,1085.47,1922.280745952497,1800.899678981353,1867.9966091142392,1934.338469236966
2016-06-23,88.08,2814.56,88.08,2814.56,1931.159146490283,1897.4387571736052,1905.1167420901513,1951.7685985590063
2016-06-24,18.95,605.96,18.95,605.96,1917.9730853311758,1774.4407802999285,1854.1694188709298,1925.118923340016
2016-06-27,18.81,667.01,18.81,664.09,1905.4966367209154,1668.6930869380305,1807.4996377387365,1900.1480535709068
2016-06-28,138.4,3815.71,138.4,3815.71,1924.5037348629958,1873.1708881820277,1886.252985278394,1938.0799733021759
2016-06-29,131.92,3674.45,131.92,3674.45,1941.916135511125,2044.7212797837394,1956.3783584047314,1972.4635381872813
2016-06-30,68.64,3414.1,68.64,3414.1,1956.564731177681,2175.1383007567165,2013.5439129770948,2001.01079485684
2016-07-01,72.19,2216.37,72.19,2213.34,1959.1197089769082,2178.7765578275053,2021.3790536446597,2005.2153335725461
2016-07-05,21.36,734.52,21.36,734.52,1946.9346372457946,2041.2283142248857,1970.913992717418,1980.0530497394263
2016-07-06,23.84,2475.99,23.84,2475.99,1952.1988697110107,2082.634189060611,1990.7208949637939,1989.8735834079525
2016-07-07,86.02,1719.41,86.02,1719.41,1949.8825625497072,2048.0414091500766,1980.0812520240372,1984.5178688850228
2016-07-08,91.12,3284.61,91.12,3284.61,1963.1634325740883,2165.809846373879,2031.2392421407417,2010.262267520963
2016-07-11,78.91,2283.42,78.91,2283.42,1966.3500650857889,2177.0108133858903,2041.1286836254185,2015.671331530449
2016-07-12,119.27,3132.12,119.27,3132.12,1977.9497659307065,2267.9735930634247,2083.9126568165784,2037.7792259555886
2016-07-13,69.75,1499.89,69.75,1499.89,1973.1929523393562,2194.822774676432,2061.0098075296537,2027.1279541544877
2016-07-14,104.02,2292.96,104.02,2292.96,1976.3747140076214,2204.1691770882003,2070.105893508883,2032.3919550623195
2016-07-15,125.05,1419.06,125.05,1419.06,1970.8292939677447,2129.3968745083716,2044.5746819987307,2020.2467678333628
2016-07-18,51.26,1987.68,51.26,1987.68,1970.9969626844836,2115.900029317098,2042.3435179987805,2019.601881341613
2016-07-19,22.89,1039.59,22.89,1039.59,1961.7292317124986,2013.394312239279,2003.0198506262793,2000.1957054734623
2016-07-20,45.56,1941.73,45.56,1941.73,1961.530234382026,2006.569139645062,2000.6163270723075,1999.0379687314137
2016-07-21,73.88,1376.28,73.88,1376.28,1955.7068489652895,1946.5416025360084,1976.1325495400602,1986.7061277664352
2016-07-22,44.35,1918.85,44.35,1918.85,1955.3401141497145,1943.9043070563887,1973.8861750482931,1985.3624420680899
2016-07-25,27.79,1040.39,27.79,1040.39,1946.236132914394,1857.8553254319706,1937.2784819091444,1966.6501164825831
2016-07-26,47.55,2250.1,47.55,2250.1,1949.2596539799224,1895.2119611051162,1949.5459924225113,1972.2629854631261
2016-07-27,83.54,1411.33,83.54,1411.33,1943.9071201094755,1849.1279648093907,1928.439482915746,1961.1554015925692
2016-07-28,44.52,1713.47,44.52,1713.47,1941.6142134417196,1836.2081586370678,1920.0093071151286,1956.2507401748946
2016-07-29,56.49,2372.51,56.49,2372.51,1945.901733705981,1887.2845244811565,1937.7544323263,1964.4934977951937
2016-08-01,39.55,1049.26,39.55,1049.26,1936.9799254103991,1807.4726650067607,1902.9115134115432,1946.370062195289
2016-08-02,65.53,989.96,65.53,989.96,1927.5568415754697,1729.6143159584979,1867.109493277757,1927.431249082511
2016-08-03,39.28,2646.86,39.28,2646.86,1934.7140869329278,1816.9710477719743,1897.6879445217667,1941.6773629620652
2016-08-04,62.55,1806.82,62.55,1806.82,1933.4415089534957,1816.0042813175005,1894.1244957169915,1939.0069201311333
2016-08-05,77.55,2495.07,77.55,2495.07,1939.0298521479883,1880.67720690631,1917.690986081031,1950.0180702275466
2016-08-08,713.15,713.15,713.15,713.15,1926.832042673879,1769.4841395818994,1870.4540846660886,1925.5256331933376
2016-08-09,96.03,1687.13,96.03,1687.13,1924.4469477219,1761.640888193147,1863.2649048752617,1920.8049275855487
2016-08-10,62.98,1200.23,62.98,1200.23,1917.2408089385974,1708.1731845557044,1837.263536056624,1906.5361171383101
2016-08-11,83.17,2429.6,83.17,2429.6,1922.3389103421935,1776.880500312304,1860.4924169955798,1916.8938177890366
2016-08-12,63.82,1341.65,63.82,1341.65,1916.5609112343109,1735.429976473037,1840.1456555447728,1905.5028511001447
2016-08-15,79.19,2246.42,79.19,2246.42,1919.8430912220292,1784.0956929994145,1856.077982778311,1912.253685731825
2016-08-16,40.52,1081.4,40.52,1081.4,1911.500373896437,1717.172293666137,1825.6984540419066,1895.8011374995117
2016-08-17,36.07,1492.3,36.07,1492.3,1907.3292258974675,1695.7558847455525,1812.6240048637926,1887.811015964868
2016-08-18,65.74,2138.26,65.74,2138.26,1909.627044545254,1737.8991338174046,1825.3940438887419,1892.7704017873457
2016-08-19,31.44,1253.44,31.44,1253.44,1903.0978202214205,1691.7601686919375,1802.9644735401637,1880.1103938311605
2016-08-22,20.28,939.8,20.28,939.8,1893.512767283894,1620.1449145308006,1769.11488634251,1861.4903860325237
2016-08-23,90.8,1981.83,90.8,1981.83,1894.39154571888,1654.591113146915,1777.456655505549,1863.873348685345
2016-08-24,36.6,638.62,36.6,638.62,1881.8963064579957,1557.8319595138755,1732.7963945053314,1839.6109061371203
2016-08-25,33.62,1642.61,33.62,1642.61,1879.5153481847817,1565.9060586077921,1729.2596731521812,1835.709898094801
2016-08-26,67.72,1215.15,67.72,1215.15,1872.9047477053311,1532.5007196927643,1709.0985094991545,1823.4215832810426
2016-08-29,54.24,2080.18,54.24,2080.18,1874.9671880266712,1584.6606511505963,1723.650724812913,1828.5059083645863
2016-08-30,48.19,1342.68,48.19,1342.68,1869.6707980960575,1561.6148748505395,1708.7106963888773,1818.8855933474658
2016-08-31,35.95,1133.63,35.95,1133.63,1862.347009060276,1520.8544105790595,1686.1585122167644,1805.316175657417
2016-09-01,46.43,1472.52,46.43,1472.52,1858.4681333482333,1516.251133381054,1677.7805313455187,1798.7261523770721
2016-09-02,83.71,2484.83,83.71,2484.83,1864.7005897328281,1608.4967397257155,1709.4295301162826,1812.3123671814865
2016-09-06,73.11,2141.11,73.11,2141.11,1867.4509321235462,1659.2218121327903,1726.3581759940755,1818.8232113957145
2016-09-07,45.06,1776.98,45.06,1776.98,1866.5507238437099,1670.436877643953,1728.3433455629354,1817.994632952235
2016-09-08,75.51,1905.14,75.51,1898.91,1866.8727066910362,1692.1962226302433,1735.032233972232,1819.5969174482302
2016-09-09,18.8,222.36,18.8,143.87,1849.728401151822,1544.7365823797438,1672.6337149929288,1786.4142062116316
2016-09-12,19.21,3297.4,19.21,3297.4,1864.1330936776747,1711.6569078673872,1736.350039895167,1816.3347169797182
2016-09-13,4.49,154.18,4.49,154.18,1847.1186350341156,1563.325773784779,1674.3041559777093,1783.4207621880407
2016-09-14,65.02,1188.59,65.02,1188.59,1840.566111302433,1527.6366524719429,1655.2565420177991,1771.6419352140201
2016-09-15,51.5,2609.14,51.5,2609.14,1848.2136126825083,1630.6369712841388,1692.6637364484736,1788.226055308792
2016-09-16,58.54,1444.11,58.26,1444.11,1844.1926812130305,1612.8724978285065,1682.9165310975532,1781.4118759957466
2016-09-19,102.71,1805.06,102.71,1805.06,1843.803301300463,1631.176069463887,1687.706471054512,1781.8801556789992
2016-09-20,68.42,1155.35,68.42,1155.35,1836.9530196954834,1585.8593009435167,1666.829746699433,1769.4736179427814
2016-09-21,93.89,3160.56,93.89,3160.56,1850.123238404981,1735.8307960917532,1725.407403691612,1797.0198829340134
2016-09-22,103.96,2579.9,103.96,2574.06,1857.326589266623,1815.6621488449196,1758.68789766449,1812.406815945221
2016-09-23,52.96,937.82,52.96,932.87,1848.1280162390944,1731.5867060977844,1726.3028820698041,1794.9902453324444
2016-09-26,218.92,852.97,218.92,852.97,1838.2259464257702,1647.9089245646621,1692.0545337533413,1776.3363790882377
2016-09-27,21.7,1769.84,21.7,1769.84,1837.5454892474042,1659.5214079394561,1695.1049441943867,1776.2077379181735
2016-09-28,64.32,2970.76,64.32,2970.76,1848.8212555235496,1784.4012738499841,1745.130632657352,1799.8622381574176
2016-09-29,45.99,1157.27,45.99,1157.27,1841.9401485034148,1724.6744858642714,1722.0772745139263,1787.137639382023
2016-09-30,92.8,2949.05,92.8,2949.05,1852.9561669262664,1841.2816776867219,1770.1938519839684,1810.1458049388148
2016-10-03,46.92,1166.8,46.92,1166.8,1846.1287423797364,1777.0453274308436,1746.5313479845972,1797.4062840489373
2016-10-04,62.28,1115.14,62.28,1115.14,1838.8552225550625,1714.0067248183823,1721.7709029655935,1783.8960606024236
2016-10-05,92.14,2655.15,92.14,2655.15,1846.977558649042,1803.639417692822,1758.37400481008,1801.1486138578211
2016-10-06,43.3,1451.79,43.3,1451.79,1843.0453441351212,1770.1299493411248,1746.351102660665,1794.2306215042008
2016-10-07,56.46,1118.95,56.46,1112.94,1835.780614342732,1707.5404303562557,1721.511451575933,1780.739718108078
2016-10-10,82.65,1977.58,82.65,1977.58,1837.1915535035007,1733.2584846080408,1731.5533554357003,1784.6375454722745
2016-10-11,23.48,418.35,23.48,418.35,1823.0737271004807,1608.0291051215606,1680.0551846343003,1757.5823465520314
2016-10-12,27.64,1467.83,27.64,1467.83,1819.5389636467446,1594.6768093956978,1671.7326283741318,1751.8446763232782
2016-10-13,13.66,1218.3,13.66,1218.3,1813.5564863965283,1558.83139897706,1653.9509566731854,1741.279435207966
2016-10-14,79.33,1346.37,79.33,1346.37,1808.9078646413388,1538.5969800268638,1641.8889583722762,1733.4594463919666
2016-10-17,55.39,1008.23,55.39,1008.23,1800.9409207145593,1488.0858390719243,1617.0395874557164,1719.098467255492
2016-10-18,104,2358.01,104,2358.01,1806.4838966278473,1570.9357591603125,1646.0972506927471,1731.7501807751853
2016-10-19,70.5,2447.63,70.5,2447.63,1812.8634598454807,1654.4304487640923,1677.5299075283258,1745.9260187796372
2016-10-20,39.98,1784.05,39.98,1784.05,1812.5767587524908,1666.7751679294167,1681.7071660566266,1746.6809491008325
2016-10-21,40.21,1472.52,40.21,1472.52,1809.19310941167,1648.2746757456628,1673.5037477798962,1741.2520194156675
2016-10-24,77.59,1736.1,77.59,1736.1,1808.4658147906584,1656.638992341314,1675.95850276892,1741.1499992292186
2016-10-25,50,1190.55,50,1190.55,1802.3173987230898,1612.2495644992841,1656.9228752093545,1730.2470289474518
2016-10-26,26.63,1625.68,26.63,1625.68,1800.5598126661437,1613.5286535945904,1655.6976644168308,1728.1763947108686
2016-10-27,81.91,1588.64,81.91,1588.64,1798.4511578137442,1611.1583056332008,1653.067952086759,1725.413297785901
2016-10-28,51.48,1523.81,51.48,1523.81,1795.7184099748015,1602.8394193824197,1647.999012789239,1721.421153275289
2016-10-31,63.07,1895.78,63.07,1895.78,1796.714047686495,1630.7385222983796,1657.7159142484845,1724.8738037054814
2016-11-01,77.87,1173.2,77.87,1173.2,1790.5099278090174,1587.163424936629,1638.7152901603088,1713.949569968739
2016-11-02,32.61,835.99,32.61,797.94,1780.6336101193754,1511.9992892283788,1605.7437101540222,1695.8107666030214
2016-11-03,62.29,1609.88,62.29,1605.76,1778.8935741977896,1520.9288807304379,1605.7443489715115,1694.0275831059319
2016-11-04,24.11,1857.32,24.11,1857.32,1779.6739366435827,1552.9661301846818,1615.6100607765502,1697.261096311755
2016-11-07,98.96,3296.62,98.96,3296.62,1794.767927323746,1719.0284035004263,1681.5320191774697,1728.9315696521162
2016-11-08,26.05,1985.88,26.05,1985.88,1796.6695399871915,1744.4428412622904,1693.4672341116866,1734.0196573817773
2016-11-09,120.01,4469.19,120.01,4469.19,1823.2617833704035,2003.9425706658817,1802.3191072837774,1788.1814463445144
2016-11-10,116.63,3720.02,116.63,3720.02,1842.1349994562702,2167.37851631675,1877.5230638608841,1826.4356751297714
2016-11-11,37.66,2539.84,37.66,2539.84,1849.0773377701382,2202.8510385722975,1903.4962770428103,1840.5624934440334
2016-11-14,86.36,3449.3,86.36,3074.29,1861.2685085385945,2285.845225374936,1949.409756374465,1864.992741098607
2016-11-15,74.3,3115.8,74.3,3115.8,1873.7514089511458,2364.88853724399,1995.150550242133,1889.7612016709118
2016-11-16,37.74,1345.17,37.74,1345.17,1868.4918924441693,2267.772486077896,1969.6611168993043,1878.9772174794086
2016-11-17,88.92,2113.03,88.92,2113.03,1870.9251074447247,2253.0351064514293,1975.283426040508,1883.6119260441728
2016-11-18,76.89,1538.11,76.89,1538.11,1867.613514335822,2184.947001075103,1958.1393701173508,1876.7703037462684
2016-11-21,115.76,2706.81,115.76,2706.81,1875.9637281235252,2234.6482390679503,1987.4990026617684,1893.2067333750551
2016-11-22,93.18,2272.51,93.18,2272.51,1879.9094621720474,2238.254121061479,1998.6759045181695,1900.7176891498066
2016-11-23,37.26,2040.06,37.26,2040.06,1881.5029998618777,2219.3784904841955,2000.2988102233394,1903.4769428300085
2016-11-25,59.65,940.7,59.65,940.7,1872.141775982655,2097.599586628558,1958.745915704777,1884.4120528729786
2016-11-28,39.19,1051.32,39.19,1051.32,1863.9743951271062,1997.9539117115523,1923.1605856771387,1867.9151805388603
2016-11-29,48.7,1438.52,48.7,1438.52,1859.7410180611648,1944.6744915485474,1904.1550725133293,1859.4123056767046
2016-11-30,108.72,3078.9,108.72,3078.9,1871.8719532048349,2052.6959685439238,1950.2235010422182,1883.5605768514233
2016-12-01,101.65,2433.52,101.65,2433.52,1877.4604909838913,2088.964923920693,1969.1763049229155,1894.450862458326
2016-12-02,60.37,1968.42,60.37,1968.42,1878.3655607253452,2077.484454975865,1969.1466459063306,1895.9155978551908
2016-12-05,90.28,2907.22,90.28,2907.22,1888.6029183300682,2156.5068878353063,2005.933836262945,1915.9414276006326
2016-12-06,68.19,2663.8,68.19,2663.8,1896.316322127779,2204.820517565277,2031.7325093506727,1930.7505082422042
2016-12-07,88.1,3310.82,88.1,3310.82,1910.390985589194,2310.1538016066793,2081.8928031016267,1958.0786169898834
2016-12-08,73,2632.61,73,2632.52,1917.5763489166648,2340.855344310805,2103.486026509406,1971.4338919009747
2016-12-09,66.41,2154.34,66.41,2154.34,1919.9322061413745,2323.091978185966,2105.4802999796257,1975.0557950316484
2016-12-12,94.63,1502.25,94.63,1429.19,1915.0491991150923,2237.9584564539696,2078.9591117451305,1964.2465713676554
2016-12-13,88.42,2325.63,88.42,2267,1918.5511971338476,2240.724317744068,2086.3332642257137,1970.2416887663157
2016-12-14,36.59,927.19,36.59,727.33,1906.698249898685,2096.591525577966,2033.0390185698034,1945.6295761174779
2016-12-15,42.17,2361.97,42.17,2330.71,1910.9172722877527,2118.888523141969,2044.7123903905954,1953.2549310458446
2016-12-16,308.79,3138.3,308.79,2918.39,1920.941876543596,2195.031520937972,2078.974257434101,1972.3665165696893
2016-12-19,42.44,1721.45,42.44,1657.16,1918.317181254605,2143.8056618010223,2062.43252184845,1966.1248033702896
2016-12-20,2206.23,2206.23,2206.23,2206.23,1921.1819854212258,2149.7508368675917,2068.071638638707,1970.8793617193928
2016-12-21,59.91,1036.18,59.91,1011.35,1912.12893083992,2041.3317095468688,2026.6315743783657,1951.878780299207
2016-12-22,26.04,1018.81,26.04,971.69,1902.7713295380304,1939.461070542405,1985.2613165596063,1932.469101481401
2016-12-23,35.06,1254.83,35.06,1189.18,1895.6709182988461,1868.0057304907473,1954.042441400406,1917.7505054124622
2016-12-27,52.38,1432.57,52.38,1384.39,1890.5835459774646,1821.9470894916285,1931.703129972939,1907.1889112458787
2016-12-28,37.84,434.12,37.84,423.93,1875.9899783557983,1688.80260477814,1872.5747719347846,1877.8174476568513
2016-12-29,44.57,1123.66,44.57,1123.66,1868.5041079243972,1634.9794995611742,1843.205565192244,1862.8836368121613
2016-12-30,43.28,826.3,43.28,826.3,1858.1339177957962,1557.9624043648719,1803.326915576862,1842.3572281624156
2017-01-03,113.76,2881.83,113.76,2881.83,1868.3199484644947,1684.0450325205984,1845.6211541816908,1862.9408474067243
2017-01-04,93.4,3070.43,93.4,3070.43,1880.281242509624,1816.0816960900652,1893.6528736255461,1886.8515236957
2017-01-05,50.46,1555.7,50.46,1555.7,1877.0515784050506,1791.2834393195828,1880.3998197578776,1880.2940677809338
2017-01-06,30.75,1330.5,30.75,1330.5,1871.6132542418163,1747.3993022415273,1858.835120943843,1869.407056537747
2017-01-09,33.29,850.83,33.29,850.83,1861.4562069359276,1662.0117496470962,1819.3055083578101,1849.2372138340293
2017-01-10,65.82,2095.5,65.82,2095.5,1863.7850008967641,1703.2963449188012,1830.136664892798,1854.113704649197
2017-01-11,51.88,2223.89,51.88,2223.89,1867.3681352161993,1752.8766930217726,1845.577972151904,1861.4360075274308
2017-01-12,56.05,1188.07,56.05,1188.07,1860.6089497911626,1699.0855794006513,1819.793345793006,1848.102027180353
2017-01-13,73.26,1658.66,73.26,1658.66,1858.5995075046833,1695.235524219637,1813.4743910560253,1844.3506999094548
2017-01-17,62.41,1593.71,62.41,1593.71,1855.9637910120994,1685.5664266749097,1804.8561796420636,1839.3875177330299
2017-01-18,42.78,1637.35,42.78,1637.35,1853.788529409989,1680.974386039204,1798.2873098521786,1835.3867748076234
2017-01-19,241.03,921.67,241.03,921.67,1844.5137181720786,1608.659682606899,1763.9101604462107,1817.2933733262844
2017-01-20,145.01,2267.84,145.01,2267.84,1848.7259199813116,1671.438760453861,1783.6721149385162,1826.215088705962
2017-01-23,34.69,1162.87,34.69,1162.87,1841.901482966572,1623.003640410636,1759.3269339605351,1813.0795423949528
2017-01-24,78.76,2757.37,78.76,2757.37,1851.0106224395415,1731.0385318000992,1798.4658777267887,1831.778363337627
2017-01-25,81.04,2553.96,81.04,2553.96,1858.0051436092974,1809.4120049619946,1828.093098208091,1846.078989806189
2017-01-26,55.9,1354.62,55.9,1354.62,1852.9963362101998,1766.0984806799,1809.5255257293425,1836.347128621908
2017-01-27,41.84,1178.94,41.84,1178.94,1846.2893079892028,1710.1786253770524,1784.7966815830937,1823.3291656789
2017-01-30,12.87,706.64,12.87,706.64,1834.9495138798575,1614.6035181982854,1742.5160274033644,1801.2165089327832
2017-01-31,44.52,2116.23,44.52,2116.23,1837.7483246870231,1662.3774688460678,1757.1714773091148,1807.4543998450054
2017-02-01,247.05,1623.94,247.05,1623.94,1835.6208786702368,1658.7167575273947,1751.9467134930712,1803.820451333223
2017-02-02,402.03,2029.02,402.03,2028.08,1837.5358948028713,1693.8942091914523,1762.7754698266763,1808.2612344751394
2017-02-03,76.27,2705.65,76.27,2705.65,1846.1738460983652,1790.2519035541711,1799.7509415981792,1826.0313090399882
2017-02-06,38.83,983.02,38.83,983.02,1837.5852506147994,1713.37267464425,1767.7222772217801,1809.3380157916715
2017-02-07,46.81,1113.45,46.81,1113.45,1830.3799247380352,1656.237181820988,1742.0645408601417,1795.5580550829256
2017-02-08,26.9,1951.57,26.9,1951.57,1831.5857961336767,1684.364116885656,1750.2804412185676,1798.647400526828
2017-02-09,70.15,2479.44,70.15,2479.44,1838.0321066199087,1760.0856295632125,1778.8749337198003,1812.1284421005541
2017-02-10,93.93,2270.18,93.93,2270.18,1842.3320856585167,1808.6660457952876,1798.1417990641219,1821.198769979751
2017-02-13,85.65,2215.09,85.65,2215.09,1846.0411196320638,1847.3730890528793,1814.4927089047446,1828.9985963167856
2017-02-14,50.59,2181.7,50.59,2181.7,1849.3810089889587,1879.2137472383195,1828.8929948300488,1835.9827825283344
2017-02-15,131.31,2293.03,131.31,2293.03,1853.795426809964,1918.624818929908,1847.094446013184,1845.0332224782683
2017-02-16,50.55,1214.85,50.55,1214.85,1847.4377608715565,1851.5986456984883,1822.3005461695298,1832.5543467856294
2017-02-17,45.97,1597.67,45.97,1597.67,1844.9525095196007,1827.4149651557752,1813.4915051432738,1827.9031716017555
2017-02-21,97.29,2676.03,97.29,2676.03,1853.2219372855748,1908.2354446647491,1847.316544157263,1844.6977622631068
2017-02-22,34.03,1181.57,34.03,1181.57,1846.5388334319869,1839.029211839535,1821.2088365432528,1831.5665194460155
2017-02-23,100.38,1578.92,100.38,1578.92,1843.8759594674896,1814.2569059500556,1811.7073135415567,1826.5636180708468
2017-02-24,21.86,1377.34,21.86,1377.34,1839.2338106170669,1772.6457720500503,1794.6733012458094,1817.668100881325
2017-02-27,42.1,2281.49,42.1,2281.49,1843.6343697154045,1821.1071270929026,1813.7641521773462,1826.852692943081
2017-02-28,32.27,1132.89,32.27,1132.89,1836.5622864346542,1755.5626387983405,1787.0632050331365,1813.1108574392574
2017-03-01,101.32,3280.27,101.32,3280.27,1850.9275373159014,1900.772863674689,1845.6203342475233,1842.163513727589
2017-03-02,28.7,857.28,28.7,857.28,1841.040497143604,1801.3925909437662,1806.8618897672281,1822.660869891399
2017-03-03,71.48,1961.91,71.48,1818.46,1840.815815579986,1803.0180584729314,1807.3167176194936,1822.577684348995
2017-03-06,20.59,746.77,20.59,746.77,1829.9297875642649,1702.4230052850332,1765.7266502618663,1801.2745618866386
2017-03-07,89.9,812.74,89.9,796.77,1819.6495906730781,1616.17033811503,1727.728350251597,1781.3833824433389
2017-03-08,57.21,1284.89,57.21,1284.89,1814.3285997211071,1584.6198297231224,1710.3621404378089,1771.551830315748
2017-03-09,52.28,1450.26,52.28,1450.26,1810.7060265895539,1571.8236554637774,1700.1620564990712,1765.18961585405
2017-03-10,81.15,2159.23,81.15,2159.23,1814.1739268224935,1627.7671168481795,1718.1647209500882,1772.9923957381284
2017-03-13,73.36,1761.39,73.36,1761.39,1813.6487136202798,1640.4931057197814,1719.8598299324376,1772.7626453274725
2017-03-14,9.68,791.3,9.68,791.3,1803.4760896041576,1559.6175718417069,1683.445718954695,1753.3277414596016
2017-03-15,65.93,3214.69,65.93,3214.69,1817.5180190608326,1717.243517380592,1743.494514289805,1782.265607965352
2017-03-16,81.07,1601.24,81.07,1601.24,1815.365998970675,1706.1955633443451,1737.9159058862833,1778.6809424610876
2017-03-17,222.47,2053.61,222.47,2046.42,1817.6650437570365,1738.5978906448838,1750.0141056554487,1783.9827059767097
2017-03-20,32.64,1110.94,32.64,1110.94,1810.6329537694044,1678.8209486787043,1724.9523760219017,1770.655127640537
2017-03-21,62.07,582.32,62.07,546.67,1798.0562079607537,1570.997048804542,1678.7452240210428,1746.4177983803283
2017-03-22,34.92,1689.54,34.92,1686.69,1796.9480864885074,1582.0154251088713,1679.056783863355,1745.2350696995297
2017-03-23,33.43,1675.71,33.43,1675.71,1795.7417373692188,1590.9387179556454,1678.925537437341,1743.8583356460738
2017-03-24,34.45,1366.5,34.45,1366.5,1791.4706753058435,1569.5636019598696,1666.673555577053,1736.3858933560525
2017-03-27,25.46,1493.63,25.46,1493.63,1788.5070864968302,1562.331830344644,1659.8875337897177,1731.5788459628634
2017-03-28,54.8,2518.69,54.8,2518.69,1795.7725881237275,1653.4135607880112,1693.5660618763955,1747.1652054487472
2017-03-29,48.16,1991.37,48.16,1991.37,1797.718831027969,1685.59988833201,1705.2446476851642,1752.0009439547125
2017-03-30,44.12,1642.61,44.12,1642.61,1796.1754595749544,1681.5056132527711,1702.7883869916284,1749.8347866486786
2017-03-31,40.11,1628.74,40.11,1628.74,1794.5094351015719,1676.4803167525072,1699.8845286782312,1747.436870081378
2017-04-03,57.45,1020.22,57.45,1020.22,1786.805062612999,1613.9793342046494,1673.2310177496731,1733.0365360203605
2017-04-04,23.57,1615.03,23.57,1609.88,1785.0446142287901,1613.5889214232543,1670.746664112431,1730.5977927328286
2017-04-05,79.99,1346.65,79.99,896.22,1776.2005882165633,1545.2680717638968,1640.3730694413553,1714.0754602034656
2017-04-06,41.08,2227.42,41.08,2227.42,1780.6903336074433,1610.234922072097,1663.394517698557,1724.2406986152782
2017-04-07,79.68,1082.12,79.68,1082.12,1773.7393850143344,1559.9382628271355,1640.5994385731233,1711.5254372565598
2017-04-10,47.81,1733.34,47.81,1733.34,1773.3374010838436,1576.452713986456,1644.2363233349615,1711.9574087960339
2017-04-11,31.48,1632.28,31.48,1632.28,1771.9338448541537,1581.7695983686983,1643.767447910061,1710.3796383248252
2017-04-12,32.16,842.4,32.16,842.4,1762.6847518705304,1511.353446143108,1612.3412734822155,1693.1919227144326
2017-04-13,26,482.83,26,399.68,1749.12251553351,1405.479784605669,1564.7859294240893,1667.577825234939
2017-04-17,69.22,2131.99,69.22,2131.99,1752.9321422446194,1474.6712336908433,1587.029226309419,1676.774105923356
2017-04-18,30.59,1167.48,30.59,1167.48,1747.106747794424,1445.4149257202869,1570.5763154737556,1666.6890741228935
2017-04-19,65.49,1379.8,65.49,1379.8,1743.451954284032,1439.1658851754976,1563.0948913375298,1661.0081023580838
2017-04-20,80.27,2530.01,80.27,2530.01,1751.2784025001113,1543.0558008730693,1601.0131308929208,1678.2160607272306
2017-04-21,58.19,1043.22,58.19,1043.22,1744.2330452613041,1495.4523912661102,1579.1388904657474,1665.6418813068894
2017-04-24,100.58,2679.15,100.58,2679.15,1753.5357015273607,1608.185496859814,1622.2765810357182,1685.7113490037827
2017-04-25,92.21,2689.64,92.21,2689.64,1762.8501721589294,1711.181163825546,1664.1339700147096,1705.5911242710345
2017-04-26,63.07,2090.86,63.07,2090.86,1766.1139515404325,1747.3410529850178,1680.86832413178,1713.2202109191328
2017-04-27,43.5,1525.3,43.5,1525.3,1763.7177928186372,1726.1942860340637,1674.7676055383768,1709.4990186237044
2017-04-28,41.45,1155.49,41.45,1155.49,1757.665774979646,1671.8414968879624,1654.4037778702052,1698.5285430073934
2017-05-01,43.49,1528.63,43.49,1526.43,1755.3649214972613,1657.9927828986326,1649.3851983458835,1695.120651066653
2017-05-02,54.25,1839.1,54.25,1839.1,1756.1981063579851,1675.241089289239,1656.8249944891822,1697.971727283155
2017-05-03,20.82,1559.06,20.82,1559.06,1754.2365331603933,1664.1762236426448,1652.9910731366654,1695.2210000102211
2017-05-04,56.18,1476.35,56.18,1476.35,1751.471493029444,1646.2880118671549,1646.0639722293452,1690.8869208020978
2017-05-05,59.81,2684.39,59.81,2684.39,1760.7542642430813,1745.1548678798067,1686.7826399850571,1710.5602491030463
2017-05-08,76.23,1557.8,76.23,1557.8,1758.7348188277272,1727.311547129349,1681.7244972405451,1707.5352936752631
2017-05-09,233.84,1593.88,233.84,1593.88,1757.0944723717298,1714.6037807360776,1678.2796149958178,1705.2846938005055
2017-05-10,42.68,2572.08,42.68,2572.08,1765.2037811043494,1796.2681825707368,1713.3306104861779,1722.4489572896043
2017-05-11,28.02,1235.68,28.02,1235.68,1759.9348877600276,1742.8788318497143,1694.5992139965238,1712.8099680363448
2017-05-12,36.66,1148.19,36.66,1148.19,1753.84787395147,1686.2418002449797,1673.1714016829346,1701.6293746098825
2017-05-15,102.83,2613.23,102.83,2613.23,1762.3989398823012,1774.5263906978387,1710.0364447541922,1719.68087214236
2017-05-16,65.96,1313.03,65.96,1313.03,1757.9276071471538,1730.5743534885207,1694.4675645677532,1711.6283796246894
2017-05-17,27.62,693.49,27.62,693.49,1747.3361881705653,1631.8044150610426,1655.2135424278413,1691.4672235925173
2017-05-18,31.21,1932.35,31.21,1932.35,1749.1771216216043,1660.427804102848,1666.0816388032201,1696.2371795609822
2017-05-19,143.53,3169.97,143.53,3169.97,1763.3143641925337,1804.1937275216244,1725.0576529677996,1725.4200076884874
2017-05-22,68.65,1864.39,68.65,1864.39,1764.320091912011,1809.9267058528983,1730.5216665769055,1728.171888724359
2017-05-23,53.67,1771.33,53.67,1771.33,1764.3898422412449,1806.2508291050033,1732.1219933778111,1729.026504789223
2017-05-24,63.69,1693.86,63.69,1693.86,1763.6880527662076,1795.5469406188124,1730.6215230492694,1728.3301383577532
2017-05-25,45.95,1472.65,45.95,1472.65,1760.7921517436582,1764.7948510360684,1720.5049927336117,1723.267165320966
2017-05-26,32.91,1285.78,32.91,1285.78,1756.065662671582,1719.1743890326334,1703.4569538028818,1714.6040531363924
2017-05-30,28.36,1104.59,28.36,1104.59,1749.5833177693771,1660.6425424580968,1679.9719752223766,1702.5245669356718
2017-05-31,46.11,1713.8,46.11,1713.51,1749.2243792841098,1665.6775384144685,1681.2871918803226,1702.7421002636784
2017-06-01,60.8,2980.83,60.8,2980.83,1761.4791615797903,1790.9301538035668,1732.2496549438392,1728.0507715455858
2017-06-02,43.82,1474.37,43.82,1474.37,1758.622354001882,1760.7815677270366,1722.1367272989828,1723.0273899308218
2017-06-05,27.11,1177.32,27.11,1177.32,1752.8382509769876,1705.2137993720808,1700.7713654441206,1712.2213030014987
2017-06-06,32.01,1614.31,32.01,1614.31,1751.4598604200028,1696.556294669978,1697.3807236619982,1710.2824653183006
2017-06-07,48.98,1497.9,48.98,1497.9,1748.9368767342316,1677.6366475585514,1689.557950185057,1706.076871945661
2017-06-08,65.21,1847.63,65.21,1847.63,1749.9188978612542,1693.8264906482132,1695.7568540993686,1708.8799041843608
2017-06-09,59.55,2578.25,59.55,2578.25,1758.1609983800477,1778.057301062669,1730.364428448413,1726.0951536064526
2017-06-12,67.61,2249.16,67.61,2249.16,1763.0465605852214,1822.9242247709863,1750.709352822985,1736.452873337018
2017-06-13,50.39,2206.67,50.39,2206.67,1767.4607241614879,1859.4714414594637,1768.5901625162012,1745.764103567968
2017-06-14,37.87,1197.92,37.87,1197.92,1761.793652279284,1796.466542272848,1746.2109404567423,1734.9157054775133
2017-06-15,11.44,946.61,11.44,946.61,1753.6823721571022,1715.5278239611482,1714.8540408309877,1719.3056915076615
2017-06-16,163.38,2490.65,159.75,2490.65,1761.0153833794195,1789.348983583896,1745.2774117787922,1734.5798362302821
2017-06-19,69.82,2102,69.82,2102,1764.4082651368383,1819.12527086162,1759.2665328855062,1741.8554830376033
2017-06-20,17.2,611.21,17.2,611.21,1752.9336555334867,1704.0857212557514,1714.2447080664667,1719.4664635715121
2017-06-21,35.54,1061.88,35.54,1061.88,1746.057499757034,1642.9232716123465,1688.66177833837,1706.4449494413832
2017-06-22,52.43,1983.72,52.43,1983.72,1748.4223007544765,1675.380102887361,1700.2326889917672,1711.9355445019498
2017-06-23,42.18,3509.34,42.18,3509.34,1765.9438699011982,1850.0429502314219,1771.178073737188,1747.5277119375548
2017-06-26,65.44,2198.53,65.44,2198.53,1770.2482095041714,1883.2321930665246,1787.936972806318,1756.458450315029
2017-06-27,44.57,1298.05,44.57,1298.05,1765.5497198573637,1827.5005556316175,1768.7257189707761,1747.3810552592859
2017-06-28,57.91,2656.56,57.91,2656.56,1774.4154937891312,1906.4585979524159,1803.542749599373,1765.384598719498
2017-06-29,69.43,1507.36,69.43,1507.36,1771.7582251942144,1868.4492076712334,1791.9277398111624,1760.2752007250524
2017-06-30,64.28,1868.9,64.28,1868.9,1772.7248100181525,1868.492140273973,1794.9462598185678,1762.4261868493088
2017-07-03,63.9,1314.92,63.9,1314.45,1768.164861659763,1815.7262221526423,1776.1032692374474,1753.5553712681344
2017-07-05,46.64,1163.93,46.64,1163.93,1762.1525744790688,1753.6503914714383,1752.0964743653906,1741.8796213420328
2017-07-06,24.92,490.47,24.92,425.97,1748.857225479277,1627.20463990273,1700.0915145863557,1715.822005077834
2017-07-07,34.43,1621.03,34.43,1621.03,1747.585312787941,1626.6165789596128,1696.9910630339496,1713.9449356703522
2017-07-10,32.35,1609.6,32.35,1609.6,1746.2123246009962,1624.9959523920306,1693.5639625228143,1711.8786993204442
2017-07-11,40.02,1662.04,40.02,1662.04,1745.374789032827,1628.523956926123,1692.3277286983903,1710.8917943834058
2017-07-12,72.61,2177.8,72.61,2177.8,1749.677527450411,1680.835961028397,1711.365856984728,1720.1375014253185
2017-07-13,53.66,1916.08,53.66,1916.08,1751.3332734459293,1703.2401552161687,1719.39386259317,1724.0175509020448
2017-07-14,48.64,1820.14,48.64,1820.14,1752.0179174912435,1714.3734737670097,1723.3446915110849,1725.9209657356678
2017-07-17,47.53,1527.12,47.53,1527.12,1749.7801272674499,1696.539809598723,1715.6496055694738,1721.984312948823
2017-07-18,27.38,1099.38,27.38,1099.38,1743.3084842100623,1639.667446779797,1691.4821700569455,1709.6555146726087
2017-07-19,53.84,2347.62,53.84,2347.62,1749.3215341184198,1707.0914994674354,1717.21306534883,1722.2884747781015
2017-07-20,55.03,1273.72,55.03,1273.72,1744.5891805451022,1665.8180233276796,1699.8211804331895,1713.4059307230896
2017-07-21,57.02,1063.7,57.02,1063.7,1737.8141638232603,1608.4734496774245,1674.8752517887508,1700.540466748375
2017-07-24,183.04,1154.06,183.04,1154.06,1732.0056646807402,1565.1959782795745,1654.4511242676233,1689.719071367219
2017-07-25,80.61,2830.47,80.61,2830.47,1742.9356580670014,1685.6982660624722,1700.5695115512458,1712.308198666878
2017-07-26,60.18,1483.36,60.18,1483.36,1740.3528156981756,1666.4279550089034,1692.0514914904127,1707.7745709705043
2017-07-27,52.89,1839.23,52.89,1839.23,1741.3366682782932,1682.8852926271031,1697.823197706475,1710.3776487730686
2017-07-28,24.04,1390.08,24.04,1390.08,1737.8415770516435,1654.9990742816647,1685.7548370121033,1704.0351210745919
2017-07-31,54.13,1724.62,54.13,1724.62,1737.71001907103,1661.629638635792,1687.2789610508444,1704.4427424394514
2017-08-01,63.38,1786.01,63.38,1786.01,1738.190615896194,1673.475387337145,1691.150766499831,1706.0579356584722
2017-08-02,25.17,1322.72,25.17,1322.72,1734.0565799171275,1640.070112352655,1676.7025011468963,1698.4670854474134
2017-08-03,40.43,1361.04,40.43,1361.04,1730.344972156758,1613.4958159381165,1664.3235795332926,1691.7853609831081
2017-08-04,49.37,1982.15,49.37,1982.15,1732.850494821865,1648.6057382297245,1676.7873607280653,1697.5351558151258
2017-08-07,39.59,1295.18,39.59,1295.18,1728.49556452513,1614.946144112608,1661.8223661897098,1689.5677269871035
2017-08-08,48.84,1127.7,48.84,1127.7,1722.517499206472,1568.5417494352168,1640.8763910450152,1678.4416333833985
2017-08-09,28.61,1096.61,28.61,1096.61,1716.2895638909847,1523.5958685366247,1619.5326110040342,1666.920214900559
2017-08-10,55.92,500.86,55.92,500.86,1704.1957373846067,1426.1924524855176,1575.663096847013,1643.8299136153994
2017-08-11,81.77,1285.43,81.77,1285.43,1700.0289141270484,1412.786504629754,1564.2814067745812,1636.7328856230151
2017-08-14,63.79,1954.1,63.79,1954.1,1702.5569846332469,1464.3401708554918,1579.56841043048,1643.017382937411
2017-08-15,37.96,1060.94,37.96,1060.94,1696.172736029931,1425.9211069644925,1559.2300413939906,1631.4910981267692
2017-08-16,63.14,1638.54,63.14,1638.54,1695.5992759699318,1446.1705253488267,1562.3402358491282,1631.6306803420807
2017-08-17,29.58,393.69,29.58,393.64,1682.6444573035644,1345.9295229346526,1516.5088540511233,1607.1160134046138
2017-08-18,88.51,1632.88,88.51,1632.88,1682.1492885741757,1373.258139798019,1521.0724284020596,1607.6261913569977
2017-08-21,31.84,1199.39,31.84,1199.39,1677.3457135634874,1356.699269341065,1508.457431209822,1599.5423063796313
2017-08-22,59.8,2036,59.8,2036,1680.9144129310148,1421.3945770228684,1529.1453750839466,1608.1850329859753
2017-08-23,65.1,1539.62,65.1,1539.62,1679.5084983744873,1432.6541411159285,1529.5561446884979,1606.8273095605105
2017-08-24,59.06,1346.28,59.06,1346.28,1676.192791923,1424.428032438221,1522.368844896792,1601.667956895946
2017-08-25,51.69,1637.62,51.69,1637.62,1675.8089830481442,1444.7320293488665,1526.8884980380944,1602.3798785415709
2017-08-28,42.08,1017.63,42.08,1017.63,1669.2599384407,1404.0556456013553,1506.9175765464045,1590.8006730258962
2017-08-29,20.17,1158.2,20.17,1158.2,1664.174764923877,1380.64082221075,1493.2423774661534,1582.2343230649874
2017-08-30,24.36,1384.73,24.36,1384.73,1661.3942199992614,1381.030267714488,1488.9869901145396,1578.3233463706313
2017-08-31,65.53,2383.73,65.53,2383.73,1668.581640695786,1476.5254803131081,1524.0749512865184,1594.2719929771533
2017-09-01,117,1987.5,117,1987.5,1671.7549577037883,1525.1897202832884,1542.2484826086156,1602.0586861855265
2017-09-05,57.97,1233.07,57.97,1191.43,1666.9756048908152,1493.4030802563086,1528.4908950553365,1593.9274250729418
2017-09-06,62.25,2206.59,62.25,2206.59,1672.3449023545882,1561.325644041422,1555.0830168178722,1606.0593572497153
2017-09-07,55,1615.75,55,1615.75,1671.781768997826,1566.508916037477,1557.4621141975636,1606.2512511655625
2017-09-08,22.3,1208.33,22.3,1208.33,1667.170308609788,1532.396638319622,1543.7706587388357,1598.3716224296109
2017-09-11,71.86,2531.64,71.86,2531.64,1675.7719970813323,1627.5626727653723,1582.5106329059402,1616.8521843616977
2017-09-12,61.55,2264.32,61.55,2264.32,1681.6281961153488,1688.2062277400987,1609.248255144923,1629.6733292258225
2017-09-13,103.99,1989.9,103.99,1989.9,1684.6955772485294,1716.9389679553274,1624.1757745510045,1636.8065306272913
2017-09-14,41.92,1647.76,41.92,1647.76,1684.328059066952,1710.3504948167247,1625.1006461372397,1637.0234310109092
2017-09-15,196.17,2774.19,196.17,2774.19,1695.1724564891713,1811.6685429294175,1670.1629737397009,1659.5415808918813
2017-09-18,62.46,1912.38,62.46,1912.38,1697.3337255788313,1821.260110269473,1679.6616806518696,1664.548282260359
2017-09-19,41.1,1620.83,41.1,1620.83,1696.5724944785443,1802.171528339047,1677.3545559204238,1663.682573700748
2017-09-20,51.01,2031.56,51.01,2031.56,1699.905703488708,1824.018049449614,1691.2449654921718,1670.9672752116242
2017-09-21,41.44,1173.95,41.44,1173.95,1694.6723134042434,1762.1068066448888,1670.9588884140474,1661.12534896981
2017-09-22,38.93,1769.94,38.93,1769.94,1695.4212456091764,1762.8528250596614,1674.8405006331043,1663.2800945347642
2017-09-25,49.36,1850.85,49.36,1850.85,1696.9678003792344,1771.2335083873127,1681.74283394161,1666.9943500885313
2017-09-26,49.84,1537.8,49.84,1537.8,1695.384041171481,1749.001745683759,1676.0980169242919,1664.436046126382
2017-09-27,56.5,2040.68,56.5,2040.68,1698.8198218563418,1776.7806270472106,1690.3953495939274,1671.886421450612
2017-09-28,46.61,1623.53,46.61,1623.53,1698.0706694000598,1762.1853292331905,1687.7731790216167,1670.9288685505999
2017-09-29,42.37,1744.76,42.37,1744.76,1698.5352398537907,1760.5257740681247,1690.0079563148865,1672.3908711535582
2017-10-02,37.36,2046.5,37.36,2046.5,1701.9975757756436,1787.7614146330652,1703.9880364594007,1679.798972714874
2017-10-03,55.65,1903.62,55.65,1903.62,1704.0037690515078,1798.7955656203924,1711.8167409119733,1684.2310722650745
2017-10-04,42.41,1327.31,42.41,1327.31,1700.2555723445275,1753.8921784184502,1696.738045189935,1677.1633282598254
2017-10-05,45.6,1903.27,45.6,1903.27,1702.2756164008008,1768.118637616693,1704.8373375354279,1681.6406880962645
2017-10-06,22.34,971.66,22.34,971.66,1695.0058092724346,1692.2654340341508,1676.0852850830581,1667.581664569606
2017-10-09,45.98,920.39,45.98,920.39,1687.298189279674,1618.7534879356601,1646.4501758641147,1652.7857900236731
2017-10-10,67.63,1697.63,67.63,1697.63,1687.4009933664433,1626.2655367036925,1648.4572277910122,1653.6737941816202
2017-10-11,38.69,1502.2,38.69,1502.2,1685.5581974125485,1614.4497713033409,1642.7216502305803,1650.674313108717
2017-10-12,35.18,1173.81,35.18,1173.81,1680.466175547747,1572.4840787982607,1624.3329580646753,1641.2314554233958
2017-10-13,67.84,1702.54,67.84,1702.54,1680.6858155920481,1584.8703570079501,1627.3999008856683,1642.4454860090711
2017-10-16,63.03,1413.98,63.03,1413.98,1678.032026382177,1568.595084911955,1619.030493007799,1637.9214169791885
2017-10-17,37.36,1216.3,37.36,1216.3,1673.4376778609615,1535.0431720631973,1603.2371403408265,1629.5724780291055
2017-10-18,80.38,1412.72,80.38,1412.72,1670.8434721111012,1523.3933461524166,1595.765879935304,1625.2783695532817
2017-10-19,28.49,1488.06,28.49,1488.06,1669.0247310950704,1520.028265566472,1591.542119937841,1622.561174116583
2017-10-20,88.46,1990.3,88.46,1990.3,1672.2214999398955,1564.8160497982367,1607.1796838618473,1629.8431310647695
2017-10-23,46,734.92,46,734.92,1662.8951168559165,1485.7783307698332,1572.973421749618,1612.121880944675
2017-10-24,68.59,1861.13,68.59,1861.13,1664.86760325536,1521.5261087917538,1584.2736797202213,1617.0527347873547
2017-10-25,38.87,936.8,38.87,936.8,1657.623149491625,1465.8379079544438,1558.8825550253107,1603.5823836034467
2017-10-26,75.53,1936.24,75.53,1936.24,1660.3954564618577,1510.6381071968779,1573.6808862007888,1610.1696631360517
2017-10-27,47.43,2157.69,47.43,2157.69,1665.3436608751726,1572.2620969876514,1596.5832043889932,1621.0116500046447
2017-10-30,37.81,1342.22,37.81,1342.22,1662.1285000704445,1550.3533258459704,1586.6081767658955,1615.4910232718794
2017-10-31,48.76,2012.56,48.76,2012.56,1665.6153806667585,1594.373009098735,1603.3121698338996,1623.3537752862976
2017-11-01,86.59,2132.92,86.59,2132.92,1670.2651778740544,1645.6631987083795,1624.0811043502172,1633.444195577658
2017-11-02,41.24,1609.89,41.24,1609.89,1669.6644298355066,1642.2562274028196,1623.5245904541302,1632.977775863249
2017-11-03,30.88,1667,30.88,1667,1669.6379180958497,1644.6127771739796,1625.229508475537,1633.6514832718976
2017-11-06,56.81,2158.41,56.81,2158.41,1674.5013218958911,1693.5458460145528,1646.138547358849,1644.0427410288898
2017-11-07,50.68,1506.14,50.68,1506.14,1672.8260848621012,1675.697670203643,1640.6484082467373,1641.3119936817832
2017-11-08,43.29,1796.52,43.29,1796.52,1674.056870087354,1687.204558755677,1646.7610196880416,1644.3854195494707
2017-11-09,26.47,1688.79,26.47,1688.79,1674.2034683949423,1687.3555531598981,1648.4092149943929,1645.2647181722534
2017-11-10,57.34,1642.37,57.34,1633.85,1673.8019413462364,1682.2597861922889,1647.8382653867695,1645.0386841490406
2017-11-13,26.98,1343.66,26.98,1343.66,1670.5169469049804,1650.012187507309,1635.9097059598373,1639.070789413416
2017-11-14,16.77,1112.64,16.77,1112.64,1664.9659325079158,1598.8338839351843,1615.3893253339613,1628.6464173458235
2017-11-15,17.51,1333.64,17.51,1333.64,1661.6691570600758,1573.577323560405,1604.34033218361,1622.8047061112527
2017-11-16,65.86,2210.14,65.86,2210.14,1667.1265783828612,1634.2023403641758,1628.0971819018998,1634.4351079704359
2017-11-17,64.91,2079.9,64.91,2079.9,1671.2337766079074,1676.6497365199687,1645.8149394743743,1643.2561949413184
2017-11-20,42.31,1600.18,42.31,1600.18,1670.52677385559,1669.366904470448,1644.0253340047911,1642.4032009820844
2017-11-21,60.49,1894.62,60.49,1894.62,1672.7565572003105,1690.8195802351672,1653.8525758085248,1647.397593041845
2017-11-22,61.48,1578.9,61.48,1578.9,1671.822661108765,1680.1605725937227,1650.9132591101513,1646.0412050608184
2017-11-24,52.54,781.3,52.54,781.3,1662.961739107683,1594.5548037752728,1616.8107783607336,1628.9176168417923
2017-11-27,49.59,1021.34,49.59,1021.34,1656.5774431961636,1539.9629177014374,1593.4589831309008,1616.8863769043312
2017-11-28,40.03,2554.27,40.03,2554.03,1665.5073193832663,1636.5407350632054,1631.1284347728263,1635.443676371572
2017-11-29,66.72,2518.83,66.72,2518.83,1673.9980923247265,1720.568284104805,1665.9402608601665,1652.9364748592639
2017-11-30,71.73,2910.08,71.73,2736.4,1684.569255585177,1817.3141618091092,1707.919074159768,1674.3911981293775
2017-12-01,48.05,2116.39,48.05,2116.39,1688.8659794102,1845.7975749701463,1723.937541839777,1683.143649651568
2017-12-04,85.34,2260.72,85.34,2260.72,1694.5560691673124,1885.3139964015609,1744.9878343166483,1694.5808051040121
2017-12-05,65.78,942.03,65.78,942.03,1687.068247583558,1795.477425315698,1713.4992917944269,1679.6788089633387
2017-12-06,35.56,1054.62,35.56,1054.62,1680.775230194667,1724.9195752856315,1687.6608881946454,1667.3014068056489
2017-12-07,36.31,2056.77,36.31,2056.77,1684.5164716852673,1756.5243776393809,1702.1357553242672,1675.013656175834
2017-12-08,61.12,2137.43,61.12,2137.43,1689.0230739570557,1792.8011035784875,1719.2061178605704,1684.1704154594809
2017-12-11,52.13,1822.07,52.13,1822.07,1690.3469239674332,1795.5886175233934,1723.2399955915284,1686.9011003018675
2017-12-12,50.77,1910.26,50.77,1910.26,1692.5351137787025,1806.5097015687845,1730.5741134114685,1691.3240488107415
2017-12-13,48.26,1697.07,48.26,1697.07,1692.5802370246854,1796.086872847948,1729.2602266110187,1691.43783002241
2017-12-14,66.51,967.91,66.51,967.91,1685.3695879000616,1717.2128849576673,1699.403354979214,1677.1105462595901
2017-12-15,377.41,4194.17,377.41,4194.17,1710.3327760801606,1953.1135625807465,1797.2373410584605,1726.9533077197964
2017-12-18,129.75,2830.19,129.75,2830.19,1721.4756340296117,2036.6446518587707,1837.7452884679326,1748.799578854058
2017-12-19,54.14,1147.05,54.14,1147.05,1715.7599560790684,1951.921351681745,1810.659198724092,1736.8837456094232
2017-12-20,68.58,1731.54,68.58,1731.54,1715.9169714414656,1930.9326515215787,1807.5564850486373,1736.777928864682
2017-12-21,66.35,2260.58,66.35,2260.58,1721.3365040639387,1962.327637090952,1825.3221130859456,1747.1502471049853
2017-12-22,38.94,1185.7,38.94,1185.7,1716.0067876055912,1888.363100225147,1800.238892964928,1736.032420429639
2017-12-26,37.24,1242.53,37.24,1242.53,1711.2955757886202,1826.8551859179902,1778.3679559859113,1726.2600952726164
2017-12-27,45.55,925.97,45.55,925.97,1703.4813909549025,1741.0565967829434,1744.9405851629344,1710.4127666533566
2017-12-28,49.28,1403.35,49.28,1403.35,1700.4950089553513,1708.8940637559965,1731.5448759408587,1704.3323158285377
2017-12-29,40.4,763.62,40.4,763.62,1691.1728695627608,1618.8679624459016,1693.5870376686682,1685.7043491784677
2018-01-02,76.26,2480.68,76.26,2480.68,1699.0286619054198,1700.9452993558157,1724.4534283483283,1701.4464412739437
2018-01-03,92.02,2068.41,92.02,2068.41,1702.7040981053658,1735.9419375124046,1737.9419213542762,1708.713046397232
2018-01-04,69.39,2210.55,69.39,2210.55,1707.7572911590437,1781.142705368366,1756.4755714972457,1718.6504118151086
2018-01-05,51.73,1903.18,51.73,1903.18,1709.7017957246253,1792.765304857093,1762.2286863404909,1722.3044630662946
2018-01-08,46.96,1693.23,46.96,1693.23,1709.5378972597036,1783.2857520135603,1759.522855503609,1721.7287311243879
2018-01-09,52.49,1568.7,52.49,1568.7,1708.1365251476668,1762.8490137265546,1752.0396062681734,1718.6984592209346
2018-01-10,54.94,1850.72,54.94,1850.72,1709.5552661909737,1771.2176790859303,1755.9094256302058,1721.3127471571538
2018-01-11,65.87,2890.47,65.87,2890.47,1721.3056615522576,1877.8131382206036,1800.4019971741193,1744.464375926319
2018-01-12,72.19,2219.14,72.19,2219.14,1726.2592370592004,1910.32045839007,1816.8230953241539,1753.8638932347087
2018-01-16,82.15,1368.53,82.15,1368.53,1722.699742163089,1858.7213671148252,1799.2429739388929,1746.233519111249
2018-01-17,45.49,2372.74,45.49,2372.74,1729.167804430123,1907.675522627699,1821.7330533922695,1758.6395880397392
2018-01-18,53.92,1169,53.92,1169,1723.5939954308183,1837.3254728536324,1796.1356787494353,1746.9635565934077
2018-01-19,127.01,2212.24,127.01,2212.24,1728.456144730014,1873.0316182961435,1812.4534952690653,1756.1769515123501
2018-01-22,47.67,2354.55,47.67,2354.55,1734.6859343346905,1918.8905117917488,1833.712181729102,1768.0259227695312
2018-01-23,56.71,1759.78,56.71,1759.78,1734.9356265303652,1903.7371297163443,1830.8128804848234,1767.8626371701346
2018-01-24,81.99,2063.42,81.99,2063.42,1738.2041277589187,1918.9450221243114,1839.934728308948,1773.7152582162705
2018-01-25,40.79,1485.24,40.79,1485.24,1735.6870717613176,1877.639781921996,1826.0251311203617,1768.0028768654533
2018-01-26,33.53,2276.74,33.53,2276.74,1741.0706829875733,1915.6493265008535,1843.7002240176025,1778.0768793037612
2018-01-29,32.79,920.94,32.79,920.94,1732.9101786792392,1820.9151049293437,1807.5135485659318,1761.1038717927956
2018-01-30,14.5,640.11,14.5,640.11,1722.0365450605402,1708.4574758884537,1761.7330172496208,1738.905973341453
2018-01-31,70.45,2033.79,70.45,2033.79,1725.1385694877986,1739.441525803839,1772.4019185339494,1744.745260998058
2018-02-01,55.18,1989.63,55.18,1989.63,1727.770325015283,1763.2689995368069,1780.9206668267357,1749.5944637505718
2018-02-02,18.88,310.36,18.88,273.28,1713.2977844678674,1621.3652852952061,1721.7975034217657,1720.3605139733327
2018-02-05,11.42,459.28,11.42,159.79,1697.8399955676896,1482.1676390766152,1660.5423072091473,1689.4581275580192
2018-02-06,17.05,4533.26,17.05,4533.26,1726.0531299401505,1772.7478639264614,1773.1979030048672,1745.771035923207
2018-02-07,41.68,2090.42,41.68,1912.19,1727.9052380999499,1786.0280673620364,1778.6485734752646,1749.0664609544306
2018-02-08,70.61,652.24,70.61,527.55,1715.961404885025,1666.1730133275566,1729.5858843193719,1724.8780161830557
2018-02-09,48.63,3789.63,48.63,3789.63,1736.5949232443782,1868.4070120582655,1810.3719280715534,1765.764194080421
2018-02-12,55.77,3170.97,55.77,3170.97,1750.8673120678172,1992.4606299574784,1863.7287152060023,1793.590051623383
2018-02-13,33.53,1854.43,33.53,1854.43,1751.897786574605,1979.3148556758138,1863.3640597077278,1794.7948030763853
2018-02-14,20.27,3266.41,20.27,3266.41,1766.9675598425194,2101.8953456114505,1918.385469130954,1823.9356980649718
2018-02-15,87.85,2523.9,87.85,2523.9,1774.4992259137382,2142.086265077027,1942.1311370081717,1837.7963773112099
2018-02-16,37.73,1923.92,37.73,1923.92,1775.9859997852434,2121.3085255458814,1941.416974772557,1839.501795582275
2018-02-20,60.24,1065.52,60.24,1065.52,1768.9166863545445,2020.7572373986545,1907.0680738010842,1824.175423392527
2018-02-21,43.87,1339.57,43.87,1031.63,1761.5805004206684,1926.5546433606874,1872.7371689461397,1808.481454612477
2018-02-22,91.62,1985.31,91.62,1985.31,1763.806664595587,1932.1503916120505,1877.1517897717813,1811.9830099666854
2018-02-23,64.64,2501.11,64.64,2501.11,1771.143016191651,1986.3370209823315,1901.6207391924956,1825.629088977246
2018-02-26,59.89,2356.45,59.89,2356.45,1776.9669662792962,2021.5858761268714,1919.45718079279,1836.1403941460135
2018-02-27,37.87,593.25,37.87,478.71,1764.0489865153231,1874.6453164957409,1862.9572913499355,1809.260584360944
2018-02-28,91.59,1069.01,91.59,766.8,1754.1261110276084,1769.1362387342417,1819.97073090484,1788.6178005122124
2018-03-01,45.17,1608.49,45.17,1608.49,1752.6769954949955,1753.8365969500283,1811.6773689085717,1785.0509133733567
2018-03-02,14.7,2585.02,14.7,2585.02,1760.9590154403188,1832.9969210500255,1842.0045309121572,1800.8918853857656
2018-03-05,34.02,2973.4,34.02,2973.4,1773.0231048389226,1941.6067380928803,1886.3729806803078,1824.1098678533742
2018-03-06,55.19,2058.84,55.19,2058.84,1775.8670540445055,1952.771810655463,1893.1363932026486,1828.7579892820204
2018-03-07,21.02,1383.93,21.02,1383.93,1771.967182859983,1898.5964001168475,1873.167515037839,1819.9495142467329
2018-03-08,34.61,1664.84,34.61,1664.84,1770.9012407419732,1876.3338858200048,1864.9978085657667,1816.8780387170946
2018-03-09,60.92,2596.27,60.92,2596.27,1779.1138652122024,1944.8992300276234,1893.6751494063249,1832.3115429009144
2018-03-12,57.23,1829.66,57.23,1829.66,1779.6168118270064,1933.9240652630879,1891.1647513903906,1832.2590371008964
2018-03-13,49.71,1039.73,49.71,1039.73,1772.2547539978818,1848.7627257142224,1857.7751532966497,1816.5653928018687
2018-03-14,62.17,1140.63,62.17,1140.63,1765.9699305750173,1781.3215137414393,1829.6518139516832,1803.1805335384654
2018-03-15,43.05,1103.07,43.05,1103.07,1759.3739113653157,1716.7261314803497,1801.1584094829898,1789.3169586169117
2018-03-16,228.1,3800.87,228.1,3800.87,1779.6873052820788,1915.2160237203163,1879.5784718562059,1829.1496921096461
2018-03-19,15.38,389.72,15.38,389.72,1765.8567848315108,1769.9306881279053,1821.1526494304724,1800.6461338500492
2018-03-20,49.67,1389.08,49.67,1389.08,1762.107762096869,1733.6591940204858,1804.2086239626108,1792.496309417375
2018-03-21,45.31,2039.36,45.31,2039.36,1764.8664908322235,1762.7735564947252,1813.4302465523124,1797.384699329902
2018-03-22,7.17,403.65,7.17,336.52,1750.6540879383706,1626.9398844476086,1755.512197667908,1768.4566854817851
2018-03-23,60.92,1012.16,60.92,627.41,1739.4775298494317,1531.746562119265,1711.2728957985782,1745.8617016108587
2018-03-26,72.25,2924.45,72.25,2924.45,1751.268300696701,1664.384984774573,1758.8484685123594,1769.2000837571784
2018-03-27,39.51,1000.68,39.51,851.95,1742.3198598937488,1587.010224319852,1723.2838226883453,1751.0367157619867
2018-03-28,47.21,1871.71,47.21,1871.71,1743.607323974408,1614.124488670342,1729.1044570927238,1753.4262857468977
2018-03-29,57.51,2805.49,57.51,2805.49,1754.173320750782,1727.587870701738,1771.3156548537934,1774.2592305835929
2018-04-02,24.75,305.3,24.75,305.3,1739.7566707930628,1592.1318830158582,1713.824844859527,1745.1709289878781
2018-04-03,47.72,2654.99,47.72,2654.99,1748.8634700886541,1693.3564655857765,1750.7332823160161,1763.187148215841
2018-04-04,7.21,2406.4,7.21,2406.4,1755.406122127573,1761.2653736252264,1776.4457026173488,1775.9240363699828
2018-04-05,87.19,2516.13,87.19,2516.13,1762.9755139471993,1833.1572428037762,1805.452929965688,1790.5815802042405
2018-04-06,15.36,286.5,15.36,285.61,1748.2753595795655,1685.7717911081784,1745.851246437622,1760.7801627744536
2018-04-09,66.42,1426.42,66.42,1426.42,1745.0728186882266,1661.071620526447,1733.3245308910487,1754.1591694521871
2018-04-10,72.46,3041.69,72.46,3041.69,1757.974482183866,1792.559085238214,1784.6329806600272,1779.654829463035
2018-04-11,33.3,1457.01,33.3,1457.01,1754.9798107193499,1760.6020295012413,1771.7850206341438,1773.2658229390145
2018-04-12,46.34,1757.13,46.34,1757.13,1755.0012056375654,1760.2713600249326,1771.2103139426088,1772.9463016926973
2018-04-13,55.6,1192.8,55.6,1192.8,1749.4071637904253,1706.2264685939867,1748.5275565330946,1761.458256114624
2018-04-16,49.11,2142.23,49.11,2142.23,1753.315848727834,1747.7506144421784,1763.9668680416007,1768.9982906470077
2018-04-17,57,2335.13,57,2335.13,1759.1050442628805,1803.6915083048282,1786.3654222360478,1780.2088195450867
2018-04-18,76.14,2031.31,76.14,2031.31,1761.8135512851404,1825.3694598948446,1795.9710919522813,1785.1811201481544
2018-04-19,47.21,1256.66,47.21,1256.66,1756.7871477897659,1771.2066541905738,1774.8216373659172,1774.7153553927453
2018-04-20,107.47,1086.47,107.47,1086.47,1750.1173254236985,1705.9936395057573,1747.8274555084304,1761.086734493879
2018-04-23,55.36,1529.98,55.36,1529.98,1747.926904275204,1689.2304357433043,1739.2844180375116,1756.5103635138023
2018-04-24,67.83,1373.34,67.83,1373.34,1744.1996713968438,1659.14563233918,1724.9336565458445,1748.922831563034
2018-04-25,32.12,1729.78,29.4,1729.78,1744.0561920794623,1665.872714973544,1725.1237092303213,1748.5437655914886
2018-04-26,51.56,2272.21,51.56,2272.21,1749.311453849816,1723.6191230713016,1746.5780735742303,1758.9133939956175
2018-04-27,50.66,1672.57,50.66,1672.57,1748.5478572940965,1718.7573018264156,1743.6757961791625,1757.2036238174865
2018-04-30,48.6,1094.11,48.6,1094.11,1742.0360378185333,1659.2670826048522,1718.2026277015482,1744.0730570092194
2018-05-01,29.51,1484.3,29.51,1484.3,1739.4715001287966,1642.6035509281996,1709.0299756348209,1738.9290360783436
2018-05-02,45.84,1518.9,45.84,1518.9,1737.2767588339827,1630.8222603636093,1701.5738981589454,1734.572025462931
2018-05-03,40.54,1419.32,40.54,1419.32,1734.1130099898635,1610.6791879480274,1690.5051178389867,1728.3294110973284
2018-05-04,21.05,2681.67,21.05,2681.67,1743.5414377511584,1712.678312905358,1729.3743289041245,1747.2074425607477
2018-05-07,64.07,1968.65,64.07,1968.65,1745.7813239426891,1737.0565688191334,1738.7576885549431,1751.5924436981586
2018-05-08,46.28,1890.8,46.28,1890.8,1747.2242958437569,1751.6988003601684,1744.7201321410237,1754.3490289714623
2018-05-09,75.86,2629.5,75.86,2629.5,1756.0031585716797,1835.298914611581,1779.4173818609836,1771.6787511700472
2018-05-10,55.76,2417.62,55.76,2417.62,1762.5864107251953,1890.7580656009543,1804.444935513494,1784.4696669884622
2018-05-11,37.94,1433.11,37.94,1433.11,1759.3080384791733,1847.1725355437206,1789.8827811796316,1777.512049820374
2018-05-14,55.85,1504.99,55.85,1504.99,1756.777510733112,1814.5837226347949,1778.7105152510185,1772.1155735863072
2018-05-15,13.76,1258.96,13.76,1258.96,1751.8241026661158,1761.6671776219573,1758.3281421039196,1761.9540770796475
2018-05-16,59.2,2153.9,59.2,2153.9,1755.824857863468,1799.0226845151042,1773.8407639821974,1769.715382484011
2018-05-17,71.26,1899.25,71.26,1899.25,1757.2519737056225,1808.5681431327132,1778.7587732377974,1772.2804244150207
2018-05-18,49.75,1236.45,49.75,1235.85,1752.063894365268,1754.0235580724548,1757.468233110825,1761.658039773139
2018-05-21,78.45,2128.88,78.45,2128.88,1755.8133083516832,1789.7241715893638,1772.033400439812,1768.9297617578295
2018-05-22,55.83,1245.05,55.83,1236.42,1750.6452157312685,1737.0285361999006,1751.028953363741,1758.3850140002487
2018-05-23,20.6,1441.88,20.6,1441.88,1747.5729250274749,1708.91915179991,1738.9054649965356,1752.1175879804418
2018-05-24,36.25,1353.25,36.25,1353.25,1743.6493138331716,1675.0458992475376,1723.7817212711811,1744.2192199016213
2018-05-25,22.75,1008.35,22.75,1008.35,1736.3329027502546,1611.551051700153,1695.725575338978,1729.647552180797
2018-05-29,13.59,936.57,13.59,936.57,1728.375062921894,1547.2671420144243,1665.9547684629397,1713.943046197019
2018-05-30,60.67,2986.1,60.67,2986.1,1740.8897389127208,1684.2988427749553,1717.725169699687,1739.1342730049987
2018-05-31,29.98,1079.87,29.98,1079.87,1734.3124280777683,1626.7341910821024,1692.71124147617,1726.0795349256919
2018-06-01,35.62,2429.35,35.62,2429.35,1741.2282248133129,1703.173791931426,1721.599035928085,1740.0056827489454
2018-06-04,70.72,2002.09,70.72,2002.09,1743.8238643674092,1731.6420022236712,1732.598681577964,1745.1954712093623
2018-06-05,42.44,1848.38,42.44,1848.38,1744.8642239259425,1742.7599067737976,1737.1391254376517,1747.2387292052165
2018-06-06,60.37,2542.24,60.37,2542.24,1752.7983112500624,1818.900868033436,1768.7117087538222,1762.9813286268954
2018-06-07,45.06,1953.44,45.06,1953.44,1754.7947459639922,1831.7141186969181,1775.9559554693585,1766.7527874659668
2018-06-08,33.45,2001.75,33.45,2001.75,1757.2520121733057,1847.9080121543545,1784.8106238823248,1771.4061976151556
2018-06-11,78.24,1994.73,78.24,1994.73,1759.6149772263077,1861.8910586158445,1793.0427562790962,1775.8284511277268
2018-06-12,56.93,1761.95,56.93,1761.95,1759.6382112837573,1852.3728625571925,1791.8234325034455,1775.5536303133163
2018-06-13,80.88,1144.02,80.88,1137.6,1753.4487763456104,1784.2992565993648,1766.1676116209574,1762.9208851585972
2018-06-14,47.42,1730.93,47.42,1730.93,1753.224708919286,1779.216470256568,1764.7857444985668,1762.2874022841695
2018-06-15,50.14,2163.17,50.14,2163.17,1757.3037665419797,1815.783473089276,1780.4086564790152,1770.225671545869
2018-06-18,23.43,1871.23,23.43,1871.23,1758.4373609047461,1821.064094699821,1783.9702777935636,1772.2257572578321
2018-06-19,12.41,1474.55,12.41,1474.55,1755.6126110449975,1788.062752347457,1771.8361492526394,1766.331187807182
2018-06-20,50,1933.7,50,1933.7,1757.3846248654452,1801.932966409604,1778.183751242732,1769.6454217119904
2018-06-21,35.04,950.14,35.04,950.14,1749.3523400409133,1720.8098267515466,1745.7114472724286,1753.4175915790797
2018-06-22,71.63,3539.23,71.63,3539.23,1767.1620680007052,1893.9927003942564,1816.0455081637058,1788.7802135280087
2018-06-25,30.08,758.76,30.08,758.76,1757.1282165778125,1785.8753003567083,1774.5833313729722,1768.383773656167
2018-06-26,77.59,2148.22,77.59,2148.22,1761.0196771093765,1820.3843193703551,1789.2357497505027,1775.905283088718
2018-06-27,54.38,1196.75,54.38,1196.75,1755.405053456547,1760.9905746684165,1766.0010144661692,1764.4368616414167
2018-06-28,32.62,2110.02,32.62,2110.02,1758.9335603873276,1794.2314723190434,1779.491955075339,1771.280092103963
2018-06-29,64.56,1783.06,64.56,1783.06,1759.1736244630756,1793.1675225743727,1779.631878405718,1771.5133576068547
2018-07-02,16.15,1366.29,16.15,1366.29,1755.264334667423,1752.5125204244325,1763.4223929780428,1763.4891327037487
2018-07-03,55.19,1108.64,55.19,1107.57,1748.8196149194885,1691.0894232411533,1737.7026912926294,1750.5006350264468
2018-07-05,55.69,2201.19,55.69,2201.19,1753.320812780986,1739.6704305515198,1755.8786641831146,1759.4251769071113
2018-07-06,21.04,2104.74,21.04,2104.74,1756.8175211115235,1774.4389609751845,1769.559500881816,1766.2630941960795
2018-07-09,60.74,2097.1,60.74,2097.1,1760.2034164238466,1805.1685837394527,1782.404226337431,1772.8143200535828
2018-07-10,53.31,1692.49,53.31,1692.49,1759.5296510862959,1794.4372900499811,1778.878178245767,1771.2237394584624
2018-07-11,8.41,585.14,8.41,561.29,1747.6068684884224,1676.994690997602,1731.129622236129,1747.26465550879
2018-07-12,52.54,1683.93,52.54,1683.93,1746.9732678069456,1677.655196616878,1729.2786566582417,1746.0105039145565
2018-07-13,28.69,1107.57,28.69,1107.57,1740.6110462367274,1623.3613683676515,1704.8979250245852,1733.3681176984267
2018-07-16,31.52,1049.64,31.52,1049.64,1733.7357124433272,1568.7212380469227,1679.2015358079348,1719.828947050933
2018-07-17,31.09,1741.33,31.09,1741.33,1733.8112774936424,1585.1601677567396,1681.637946168408,1720.254710475667
2018-07-18,35.41,1665.49,35.41,1665.49,1733.1314637872379,1592.8106279703834,1681.00469337749,1719.1702607632776
2018-07-19,26.52,1483.39,26.52,1483.39,1730.6464740978126,1582.3896157827278,1673.2550975587649,1714.5013447085591
2018-07-20,32.79,1311.15,32.79,1311.15,1726.4723798281827,1556.557271422468,1659.0548976544997,1706.5141893677956
2018-07-23,37.57,1364.5,37.57,1364.5,1722.8706646060118,1538.2661027155661,1647.5037251974604,1699.7416311624927
2018-07-24,59.41,1814.42,59.41,1814.42,1723.7816032666485,1564.5664738855123,1654.0494614642266,1702.0124899513542
2018-07-25,37.55,2174.48,37.55,2174.48,1728.2661644281743,1622.6534763726063,1674.4585021911198,1711.3682822295452
2018-07-26,38.07,1988.82,38.07,1988.82,1730.858739906501,1657.5264786228342,1686.7864040659779,1716.8623756507423
2018-07-27,50.13,1322.94,50.13,1322.94,1726.7998469721078,1625.6610997063738,1672.517917632018,1709.0619325685493
2018-07-30,54.52,1712.16,54.52,1712.16,1726.6541768529823,1633.8990902105286,1674.072509097429,1709.123280438479
2018-07-31,57.18,2432.9,57.18,2432.9,1733.6814984763357,1709.994414952383,1703.8304499171377,1723.455492707024
2018-08-01,40.25,1176.38,40.25,1176.38,1728.1362099342825,1659.1739944807275,1683.1461185478381,1712.6223146336176
2018-08-02,30.13,1863.56,30.13,1863.56,1729.4837103329464,1678.6393283397058,1690.2211727224326,1715.6111796903776
2018-08-03,41.41,1909.46,41.41,1909.46,1731.2745191853548,1700.6222494502101,1698.8187737921412,1719.4497701915582
2018-08-06,27.08,1558.81,27.08,1558.81,1729.5584543178388,1687.1163209311426,1693.3282336434297,1716.2687846432104
2018-08-07,54.31,1694.85,54.31,1694.85,1729.2130965634324,1687.8528617948432,1693.3879107554521,1715.84465029384
2018-08-08,28.3,1178.01,28.3,1178.01,1723.728488637428,1639.2963987667629,1673.177012294454,1705.1944591989125
2018-08-09,40.14,1270.85,40.14,1270.85,1719.222235019145,1604.2062655508807,1657.3994824005538,1696.593578818736
2018-08-10,9.43,823.69,9.43,823.69,1710.311466511492,1529.8713831174634,1624.7049928946496,1679.3083594361867
2018-08-13,32.85,683.31,32.85,683.31,1700.092546446701,1449.246489487229,1587.7875421928986,1659.585619645371
2018-08-14,65.76,2106.48,65.76,2106.48,1704.1362027009625,1511.840157155112,1608.1284228912164,1668.4350133157598
2018-08-15,66.93,814.98,66.93,814.98,1695.288877300953,1445.4725231403393,1577.0245631699922,1651.5349140421804
2018-08-16,87.93,2326.86,87.93,2326.86,1701.5731670790528,1529.414187603164,1606.4298744182279,1664.9076880215432
2018-08-17,48.76,2253.98,48.76,2253.98,1707.0697524812513,1598.4204554504818,1631.8239969900621,1676.5724862785423
2018-08-20,54.13,1841.61,54.13,1841.61,1708.408461411786,1621.5813644551977,1640.0508990688832,1679.840555857185
2018-08-21,67.24,1969.73,67.24,1969.73,1711.0086757260965,1654.7383773642264,1652.9794912622604,1685.5809408897162
2018-08-22,56.79,1326.75,56.79,1326.75,1707.1852063158865,1623.5013890438238,1640.1861778794266,1678.4753777037813
2018-08-23,35.77,808.52,35.77,808.52,1698.2432639644846,1545.884113896793,1607.5718179625865,1661.2485385413302
2018-08-24,62.88,1727.78,62.88,1727.78,1698.5371618354848,1563.207531620908,1612.2858643169948,1662.5659932236802
2018-08-27,2028.32,2028.32,2028.32,2028.32,1701.8185831107535,1607.5039571808215,1628.6009284614263,1669.8086468232113
2018-08-28,1029.14,1029.14,1029.14,1029.14,1695.1252638758206,1552.4216755445527,1605.0926567570566,1657.122138965326
2018-08-29,1624.79,1624.79,1624.79,1624.79,1694.4254105039217,1559.313896921262,1605.8651015901132,1656.481898589775
2018-08-30,634.42,634.42,634.42,634.42,1683.8780929864697,1471.228763881142,1567.769215253246,1636.2430491127498
2018-08-31,1336.52,1336.52,1336.52,1336.52,1680.4217935537686,1458.3993577972237,1558.7006185766481,1630.307939229329
2018-09-04,35.44,956.88,35.44,956.88,1673.2223727223877,1410.6356094355833,1535.099810005015,1616.9727325119165
2018-09-05,26.25,1609.87,26.25,1609.87,1672.5920008545033,1429.610313298861,1538.0319743185437,1616.8320843433637
2018-09-06,45.57,1079.47,45.57,1079.47,1666.6902894032148,1396.2636167942076,1520.0491517962478,1606.1912509900299
2018-09-07,25.03,1180.4,25.03,1179.57,1661.8433213494516,1375.6261294804735,1506.697028196395,1597.7433054258709
2018-09-10,63.04,1468.2,63.04,1468.2,1659.916522132044,1384.4426885775713,1505.1873408161441,1595.1780914570418
2018-09-11,27.28,1562.36,27.28,1562.36,1658.9458104690386,1401.3871944273264,1507.4294058821777,1594.5282282598725
2018-09-12,55.26,1945.89,55.26,1945.89,1661.8009765340232,1453.2446044818669,1524.6239389848374,1601.4858871062117
2018-09-13,71.85,1723.96,71.85,1581.12,1660.998180747615,1465.423213578832,1526.8394707893535,1601.0826022130195
2018-09-14,40.56,1601.14,40.56,1601.14,1660.4025769590814,1478.3486218094195,1529.7532170329082,1601.0837388028608
2018-09-17,49.35,1446.79,49.35,1446.79,1658.2770786808817,1475.343038779951,1526.4997575414216,1598.028417242408
2018-09-18,57.45,1932.34,57.45,1932.34,1661.0040729228629,1518.8665588961462,1542.4150611672483,1604.6484485841427
2018-09-19,58.05,1959.27,58.05,1959.27,1663.9718930927845,1560.80974376318,1558.7623136704935,1611.6706575230705
2018-09-20,79.07,2474.82,79.07,2474.82,1672.0400334600206,1647.858339595258,1594.6861445069449,1628.7627237107324
2018-09-21,268.09,3000.68,268.09,3000.68,1685.2603316345478,1776.698497729043,1649.823158447849,1655.9294024491337
2018-09-24,68.37,1156.62,68.37,984.47,1678.287293508831,1701.2481646119913,1623.7308777244039,1642.6331766580618
2018-09-25,69.99,1684.71,69.99,1502.61,1676.5392607375989,1682.330244172754,1618.9810393822704,1639.860440486615
2018-09-26,50.47,1013.38,50.47,901.59,1668.8283228198118,1607.9740304420154,1590.8480574457108,1625.2412238433158
2018-09-27,66.2,1758.73,66.2,1527.2,1667.4190857768285,1600.281265638014,1588.3520551929378,1623.2998134701809
2018-09-28,39.76,1908.51,39.76,1633.26,1667.0791943760642,1603.4220974820128,1590.1131510677246,1623.497044886613
2018-10-01,224.37,2081.82,224.37,1841.18,1668.8115407006803,1626.0657072456306,1599.9589098493825,1627.8075984532147
2018-10-02,62.52,1694.42,62.52,1519.59,1667.3267492509224,1615.9251636984277,1596.8071878945048,1625.6646757115668
2018-10-03,111.76,2427.83,111.76,2157.13,1672.2004134374804,1667.4684814414345,1618.780631506485,1636.1887415390606
2018-10-04,43.29,1330.67,43.29,1191.93,1667.4216033535254,1622.179102256536,1602.0413910552502,1627.391538736307
2018-10-05,68.9,1345.82,68.9,1191.47,1662.6857665042367,1581.1591877559135,1585.9405521903384,1618.7594290583604
2018-10-08,97.43,2470.93,97.43,2181.4,1667.847102160911,1638.3249793982075,1609.291903084835,1629.9008265027494
2018-10-09,52.68,1607.8,52.68,1443.08,1665.6106135821954,1619.7302194555211,1602.773789238371,1626.2014041957643
2018-10-10,46.92,691.55,46.92,413.24,1653.149214442074,1504.8263890311857,1556.12540534667,1602.1823664889175
2018-10-11,45.32,966.58,45.32,800.16,1644.6617595720036,1437.715304361549,1526.4797031762123,1586.300735469335
2018-10-12,86.51,2665.46,86.51,2482.39,1652.9973639543716,1537.2081325175918,1563.9663814830276,1604.0450773412294
2018-10-15,53.24,2113.71,53.24,1863.97,1655.0965941637808,1568.3283103730594,1575.731229268007,1609.1921055126902
2018-10-16,84.86,3128.96,84.86,2757.4,1666.0647872566785,1681.5732331946729,1622.0711810614184,1631.928895502538
2018-10-17,44.44,1589.31,44.44,1414.58,1663.5624510650698,1656.1453062237517,1613.9342720001864,1627.624956977735
2018-10-18,29.75,733.26,29.75,664.79,1653.6244167261139,1561.730515154823,1576.712928000179,1608.5589182257008
2018-10-19,107.54,1922.99,107.54,1766.26,1654.7451687984908,1581.2095137115066,1584.146146509976,1611.6817119242019
2018-10-22,69.33,1170.47,69.33,1041.38,1648.6420327905457,1529.7971790723154,1562.8611995880162,1600.388608717782
2018-10-23,18.12,1425.17,18.12,1322.67,1645.3985299767094,1510.0707810654283,1553.4419368590745,1594.889230327331
2018-10-24,66.75,601.57,66.75,573.51,1634.7329724645033,1420.874516202054,1515.0132334528364,1574.6638990337206
2018-10-25,38.13,3310.88,38.13,3310.88,1651.4110523404784,1600.8750384685252,1585.4393811605682,1609.044415884538
2018-10-26,19.33,1205.3,19.33,1181.57,1646.736016993807,1560.9412252810466,1569.601366213095,1600.5795759660323
2018-10-29,611.73,1940.25,611.73,1854.37,1648.8020267749632,1588.886822873328,1580.768763616503,1605.6051289171999
2018-10-30,56.83,4040.94,56.83,3755.16,1669.7608125781974,1795.198554028249,1666.0390081805617,1648.1705719089384
2018-10-31,131.79,3410.78,131.79,3137.37,1684.3638890699567,1923.0244060255586,1723.7382627617162,1677.6596694949
2018-11-01,134.26,3485.56,134.26,3193.4,1699.3791737558279,2044.0125578326483,1781.3720563789038,1707.674329504902
2018-11-02,107.35,1923.85,107.35,1731.4,1699.697788942337,2014.2399332771581,1779.4123678934566,1708.1441447622308
2018-11-05,115.07,2878.5,115.07,2450.08,1707.1642786046023,2055.748511060286,1805.7130593486152,1722.83594387585
2018-11-06,84.01,2491.07,84.01,2149.19,1711.5625444891336,2064.647700483116,1819.1827432957282,1731.2785984525658
2018-11-07,125.01,3150.22,125.01,2903.9,1723.4265987728238,2144.5764909132954,1861.72067493119,1754.4988242257823
2018-11-08,40.21,1383.36,40.21,1216.24,1718.3799659492136,2056.163491778696,1836.4077072868295,1743.840233647054
2018-11-09,28.13,1270.48,28.13,1136.66,1712.5917075815596,1968.5917306569154,1808.9666207265616,1731.816862683746
2018-11-12,53.9,656.54,53.9,594.7,1701.4684070086087,1837.7448991657807,1761.3483218745396,1709.2996970860481
2018-11-13,93.1,2147.93,93.1,1940.28,1703.844641764742,1847.5101468642777,1768.3652504284792,1713.8735644704827
2018-11-14,141.35,1605.74,141.35,1605.71,1702.8681776675803,1824.4815614486322,1761.9866131567742,1711.731711708691
2018-11-15,28.17,2821.68,28.17,2570.35,1711.499837591286,1895.5166508344766,1793.6871381310184,1728.7340540510932
2018-11-16,82.4,2268.46,82.4,2034.5,1714.7137695555518,1908.7531602788122,1803.1307797729391,1734.7888252580021
2018-11-19,45.15,1266.7,45.15,1129.22,1708.8879609032579,1834.5119069189252,1776.7029060563534,1722.7973633717052
2018-11-20,10.47,527.56,10.47,492.23,1696.7819115410364,1706.6755348314086,1726.3314195443395,1698.4296928098893
2018-11-21,115.31,2838.7,115.31,2445.27,1704.22955421227,1777.017864847465,1754.52508936613,1713.2186097839508
2018-11-23,21.5,583.04,21.5,486.57,1692.1135387474712,1654.1180681953256,1704.8013603713798,1688.9285383030806
2018-11-26,160.92,2883.35,160.92,2490.96,1700.062259754959,1733.8172997957709,1735.6311109450512,1704.8103494257919
2018-11-27,52.49,1688.94,52.49,1476.92,1697.8419387623724,1709.3508902914118,1725.4855771825003,1700.2976692391426
2018-11-28,94.04,3792.6,94.04,3443.88,1715.2154518095128,1874.5441388350869,1792.8735937635786,1734.8240520264862
2018-11-29,55.06,1675.07,55.06,1480.92,1712.8841537815574,1837.0561256126975,1780.6401194983403,1729.7962490160608
2018-11-30,42.95,2898.75,42.95,2453.55,1720.2539631966663,1895.7698279352978,1807.0287422631113,1744.1280064612872
2018-12-03,204.27,3503.6,204.27,3104.92,1734.0317347071473,2010.9269871795552,1857.9264386449502,1771.0743825709646
2018-12-04,52.56,379.25,52.56,256.05,1719.3254487896631,1843.795845543407,1795.1077547765208,1741.0738997477772
2018-12-06,11.13,1894.61,11.13,1760.19,1719.7320612395172,1835.8333840630826,1793.7384310597945,1741.452436386435
2018-12-07,63.5,839.52,63.5,758.05,1710.1630855057906,1733.1873474856461,1753.1231984692142,1721.9791208144263
2018-12-10,53.88,1154.65,53.2,1033.83,1703.4334030629468,1666.5818858203465,1724.9156220586567,1708.3524055507744
2018-12-11,94.45,1831.77,94.45,1545.96,1701.866503529982,1655.0940871707896,1717.8977545269447,1705.136714351749
2018-12-12,111.72,2994.74,111.72,2640.99,1711.2110159326687,1748.9889360116667,1754.0974504278488,1723.6684625824075
2018-12-13,131.53,1586.03,131.53,1577.47,1709.8802595552293,1732.6537992486508,1747.1708837444037,1720.7734435213697
2018-12-14,37.87,836.45,37.87,760.6,1700.4346848332866,1640.0772469392555,1708.4818294799172,1701.7601080060952
2018-12-17,35.09,909.59,35.09,618.77,1689.6718521483783,1542.8098900878979,1665.7480322454107,1680.3147593327071
2018-12-18,93.26,2157.02,93.26,1983.88,1692.5992964056084,1584.8165672223838,1678.2237956867673,1686.325952217208
2018-12-19,116.95,1786.4,116.95,1092.76,1686.6307461926172,1537.9540370107281,1655.2644311500312,1674.5721709851841
2018-12-20,54.72,1084.56,54.72,922.08,1679.0232760812478,1479.2993668192303,1626.5121005166966,1659.6713359161706
2018-12-21,265.64,1201.85,265.64,973.02,1671.9983678615338,1431.082284265018,1600.8849593199634,1646.0742797594148
2018-12-24,29.28,371.38,29.28,255.31,1657.9019661912698,1319.1039714778733,1548.1173138564354,1618.5343930315057
2018-12-26,129.48,4315.85,129.48,3938.47,1680.5941854331477,1568.5674027656949,1641.8566348816732,1664.473711981377
2018-12-27,11.29,2560.04,11.29,2425.3,1688.0041935382906,1650.1609834546764,1672.5799041019998,1679.5395790708546
2018-12-28,92.33,2173.21,92.33,1797.38,1689.0925100204965,1664.1818421732787,1677.4740255097645,1681.87305275262
2018-12-31,90.76,2483.61,90.76,2211.69,1694.2924850451682,1716.3254762520141,1698.423671568205,1692.3644774505879
2019-01-02,10.9,2806.93,10.9,2471.43,1702.0251966367584,1788.2401927994413,1728.7376452321969,1707.7915175010712
2019-01-03,29.22,1304.43,29.22,1212.6,1697.1552941826612,1733.4173172947326,1708.4969532623068,1697.9857448772875
2019-01-04,109.35,4312.96,109.35,3909.61,1719.1697688674108,1940.6737632666627,1794.8151119579027,1741.7802845826877
2019-01-07,98.85,3711.84,98.85,3210.38,1734.0076816149988,2061.598166765076,1850.3274605085733,1770.8614670661989
2019-01-08,126.67,3200.75,126.67,2769.93,1744.3153663750486,2129.058341358878,1886.3903051945115,1790.6450023718187
2019-01-09,80.47,3266.26,80.47,2934.19,1756.1549149683317,2205.7375469437466,1927.4804893045307,1813.2894577703964
2019-01-10,22.29,2281.69,22.29,2036.79,1758.9473038741194,2189.6473043776755,1931.7671367827843,1817.7152110818738
2019-01-11,63.95,2172.46,63.95,1897.73,1760.3282262236305,2161.845656341706,1930.4323471050282,1819.2996623475792
2019-01-14,32.81,1867.11,32.81,1573.98,1758.4740150174252,2105.8584509758293,1916.4538236891447,1814.4418472515877
2019-01-15,2103.11,2103.11,2103.11,2103.11,1761.9032287983464,2105.5966937400362,1923.7736737405507,1820.1580482961108
2019-01-16,158.08,2637.62,158.08,2338.52,1767.6407091088106,2127.7798657647945,1940.0382355546467,1830.422641399158
2019-01-17,71.95,3076.85,71.95,2755.94,1777.4745328987726,2187.6046404538615,1972.0343831799546,1848.7497178070955
2019-01-18,248.7,3710.35,248.7,3262.02,1792.246129586347,2289.929912791589,2022.6220544277994,1876.7352679495293
2019-01-22,35.28,645.75,35.28,578.86,1780.1726357596172,2126.9708734781043,1966.003934646317,1851.0347675940932
2019-01-23,113.89,1763.46,113.89,1551.24,1777.8946990853922,2072.139361718285,1949.7386823072457,1845.098237542725
2019-01-24,59.91,2452.06,59.91,2164.79,1781.7444035721046,2080.963232030829,1958.1720673148047,1851.428767492374
2019-01-25,132.42,3168.67,132.42,2871.88,1792.5915239345711,2156.288638504084,1994.0037509495182,1871.6357225915349
2019-01-28,20.24,1586.65,20.24,1385.07,1788.5365833979088,2082.8392443608377,1970.1239960103214,1862.000757787742
2019-01-29,124.47,2241.05,124.47,1961.4,1790.2566173939495,2071.273602040758,1969.7818785197205,1863.9690596137273
2019-01-30,134.61,3267.7,134.61,2987.71,1802.1715764248554,2158.5532589892573,2009.7006283816922,1886.2213554629604
2019-01-31,145.3,3256.05,145.3,2983.26,1813.9237000425185,2237.0967581331374,2047.8794272686846,1907.9448929785453
2019-02-01,99.34,2287.21,99.34,1949.4,1815.2717229276675,2209.6970668823624,2044.0174889444224,1908.765786186891
2019-02-04,64.15,2612.84,64.15,2252.94,1819.6266311572429,2213.8154414649944,2052.210528593661,1915.5811171534874
2019-02-05,84.61,2402.79,84.61,2091.45,1822.3313412949817,2202.1615898969,2053.7493313939094,1919.0636692890619
2019-02-06,97.96,1379.54,97.96,1229.45,1816.432024466176,2109.5223908590997,2021.4238674176777,1905.407953065516
2019-02-07,39.03,1228.41,39.03,1078.42,1809.0886212376568,2011.322163158233,1984.4433235973765,1889.0319539949119
2019-02-08,62.87,1832.7,62.87,1609.45,1807.1021672949935,1973.04862380983,1969.737703064146,1883.495677678181
2019-02-11,78.86,2265.47,78.86,1964.76,1808.6709019487746,1972.2592310660366,1969.5424990224149,1885.104872179603
2019-02-12,176.9,3249.75,176.9,2833.51,1818.8683059094833,2054.283113821652,2003.4235774921242,1903.885171740403
2019-02-13,203.94,2588.89,203.94,2271.2,1823.3691187860059,2074.9418648862566,2013.9246136689037,1911.1587326960384
2019-02-14,53.15,2194.54,53.15,1844.73,1823.5816648677371,2053.0169253732797,2007.2895307799272,1909.843312246612
2019-02-15,195.51,3462.67,195.51,2938.17,1834.672096063083,2137.317218194872,2043.79464721993,1930.2062169545998
2019-02-19,85.91,2497.56,85.91,2165.9,1837.9678961022564,2140.0393878905984,2048.5830924269917,1934.8734205792612
2019-02-20,87.9,2620.71,87.9,2322.56,1842.7897080813384,2157.422303329589,2059.327284880835,1942.5503825479886
2019-02-21,39.84,1305.98,39.84,1124.82,1835.6457308864992,2059.079226822009,2022.6799403757043,1926.3577017054542
2019-02-22,104.32,2445.88,104.32,2092.76,1838.204081822952,2062.286919505627,2025.4281780080296,1929.6527967211878
2019-02-25,195.79,2306.87,195.79,2041.88,1840.230707874465,2060.343403362234,2026.0733474979108,1931.875117578194
2019-02-26,75.79,1731.01,75.79,1525.56,1837.0996560548185,2009.4116506610687,2006.445373086228,1923.8292736657545
2019-02-27,112.58,2293.92,112.58,2048.2,1839.2001569895965,2013.1057791695384,2008.0828094357878,1926.2920603258385
2019-02-28,73.38,1965.36,73.38,1655.72,1837.37448378572,1979.0690382962491,1994.264660046149,1920.9341977451288
2019-03-01,152.34,2772.44,152.34,2436.79,1843.3388172803895,2022.6615108394635,2011.6185949463,1931.1491641264133
2019-03-04,113.59,1878.33,113.59,1590.3,1840.8210181034704,1981.4842240928479,1995.0962971052686,1924.3996757278705
2019-03-05,85.47,1716.93,85.47,1514.27,1837.5717542417442,1936.9876313221005,1976.2403638854541,1916.2782960104869
2019-03-06,81.75,582.71,81.75,517.22,1824.4339258413288,1801.7716664342813,1919.023879027201,1888.5741713370119
2019-03-07,50.89,1172.13,50.89,1037.21,1816.6008519523602,1728.9562696310165,1884.4429425947617,1871.7154748748928
2019-03-08,29.67,1588.4,29.67,1400.73,1812.4628335249736,1697.696624904253,1865.4738075910454,1862.3890298278652
2019-03-11,115.13,3475.39,115.13,3059.11,1824.8672829426355,1827.3550415800385,1912.2830700384554,1886.0864747817689
2019-03-12,81.13,2313.29,81.13,1990.41,1826.5144741571366,1842.8840852390824,1915.346871213418,1888.1522871623279
2019-03-13,156.26,3370.79,156.26,2887.6,1837.0725390908965,1942.3808390258364,1953.4744448913232,1907.9433309808956
2019-03-14,0.17,0.17,0.17,0.17,1818.794901886012,1757.408378166233,1876.8742705818595,1870.1656412585016
2019-03-15,561.7,4311.05,561.7,3324.28,1833.7748531110267,1906.634246912306,1933.6352795786493,1898.959984995957
2019-03-18,142.55,2957.73,142.55,2481.06,1840.2155013387776,1961.3414614920864,1955.1029156736042,1910.486717966334
2019-03-19,136.06,1806.51,136.06,1553.78,1837.3653968478445,1922.526084207126,1939.3647621177765,1903.423218600664
2019-03-20,45.99,1711.87,45.99,1465.33,1833.6635521030898,1878.9835999969234,1920.775163603354,1894.748105361047
2019-03-21,54.83,2556.16,54.83,2239.27,1837.6994371567905,1913.296590473407,1933.2651571875363,1901.5703210964718
2019-03-22,35.49,597.23,35.49,518.1,1824.569094498514,1780.4207247140348,1877.7684843566524,1874.1748691935713
2019-03-25,70.93,1785.37,70.93,1574.96,1822.0854219164391,1760.8530366460316,1865.8936418328622,1868.2498222788472
2019-03-26,134.52,2904.59,134.52,2535.8,1829.1870595093103,1834.6575093464096,1892.1644794080441,1881.468637679266
2019-03-27,88.68,1196.38,88.68,1058.24,1821.5159444893172,1760.7129846467515,1859.4615586469445,1865.1670804974983
2019-03-28,58.82,2250.69,58.82,1994.08,1823.2329997680306,1782.938414680394,1864.7407132098094,1867.7198115767558
2019-03-29,130.83,2778.34,130.83,2339.71,1828.3720743972044,1835.964279948928,1883.3669597506012,1877.0661519415726
2019-04-01,147.78,2961.41,147.78,2664.83,1836.6950388310631,1914.9038723347444,1914.0125691721462,1892.6654360615414
2019-04-02,70.03,1594.06,70.03,1428.66,1832.6349886934406,1868.5949321123878,1894.9791350869639,1883.4772096048773
2019-04-03,126.24,2001.44,126.24,1691.78,1831.2334465173865,1851.7554147683509,1887.0105415541418,1879.6812252562659
2019-04-04,79.47,2409.4,79.47,2116.86,1834.07550177592,1877.0034705046985,1896.0242458069206,1884.3778346571319
2019-04-05,107.13,2625.46,107.13,2294.37,1838.6555465343686,1916.7526637899653,1911.6456479321394,1892.4964913965946
2019-04-08,58.16,1663.03,58.16,1663.03,1836.9080286584046,1892.5886005718733,1901.8960146798986,1887.9526004778502
2019-04-09,12.82,614.67,12.82,614.67,1824.7464562339428,1770.8820671840758,1851.416563123824,1862.7390836367047
2019-04-10,54.37,1853.73,54.37,1853.73,1825.0348497042519,1778.772346499878,1851.507286138576,1862.5606859409284
2019-04-11,43.41,1159.28,43.41,1159.28,1818.4104233390353,1719.7730754046515,1824.3611180547105,1848.6343357242763
2019-04-12,135.97,2236.96,135.97,2236.96,1822.5750957436221,1769.0289729851609,1840.5414663662905,1856.323952838647
2019-04-15,47.66,1187.73,47.66,1187.73,1816.2582291193075,1713.667166034193,1814.9410167048673,1843.0844686240205
2019-04-16,59.48,1859.32,59.48,1859.32,1816.6867044514538,1727.538864507127,1816.681368990951,1843.4059642948318
2019-04-17,78.98,1458.26,78.98,1458.26,1813.1202695812901,1701.8932583635913,1802.6256290305214,1835.7793115365184
2019-04-18,71.51,1630.75,71.51,1630.75,1811.3056400332175,1695.1177099480112,1795.8854082842265,1831.7193251694587
2019-04-22,35.28,1337.12,35.28,1327.67,1806.493345107514,1660.1226899529624,1777.5240197240607,1821.7381504136279
2019-04-23,80.08,2580.8,80.08,2580.8,1814.19788893729,1747.8062432907755,1809.0250385584113,1836.7690781282095
2019-04-24,45.64,1352.21,45.64,1352.21,1809.6009945200035,1710.130410596416,1791.1107233208265,1827.173848858344
2019-04-25,25.21,1071.89,25.21,1071.89,1802.2605866143317,1649.3456095872334,1762.905989072951,1812.2177330393667
2019-04-26,64.64,2233.72,64.64,2233.72,1806.5537151057315,1705.0003134360684,1781.3692836191096,1820.5643125831416
2019-04-29,57.05,1613.61,57.05,1613.61,1804.6338771444805,1696.2964740612047,1774.7904881830661,1816.4662073834754
2019-04-30,94.81,1955.46,94.81,1955.46,1806.134634585829,1720.9787146268043,1781.8755670778478,1819.2185597125156
2019-05-01,55.69,966.43,55.69,742.77,1795.553891953134,1627.815979900442,1741.1263291532264,1797.9027466489015
2019-05-02,47.02,1468.99,47.02,1468.99,1792.3044999934014,1612.6896961004,1730.4543162452567,1791.3896229528837
2019-05-03,74.55,2680.48,74.55,2680.48,1801.1420671576461,1714.3840107575047,1767.7102254121094,1808.9953729934207
2019-05-06,15.77,1153.49,15.77,1153.49,1794.6977679819481,1660.9655335425043,1743.6231577488893,1796.0150685777094
2019-05-07,17.62,586.67,17.62,586.67,1782.6775911861077,1558.651673205123,1698.2524456803053,1772.0676414771606
2019-05-08,84.62,1567.27,84.62,1567.27,1780.534232069828,1559.4724662332064,1693.1158791830385,1768.0122426360288
2019-05-09,18.28,1277.5,18.28,1277.5,1775.5289163278396,1532.6179456395678,1676.8172172542918,1758.2991289204638
2019-05-10,31.2,1872.95,31.2,1872.95,1776.498280344478,1565.0305222453233,1684.5086989305942,1760.5694431992665
2019-05-13,8.67,336.11,8.67,336.11,1762.166058649508,1447.9904725076735,1631.6303185803747,1732.3623255121524
2019-05-14,72.49,2521.7,72.49,2521.7,1769.7236103047367,1550.248522745038,1666.5350119693796,1747.9927745119119
2019-05-15,24.09,1669.72,24.09,1669.72,1768.7285495056847,1561.6267586740819,1666.6599134607766,1746.442818580983
2019-05-16,2084.46,2084.46,2084.46,2084.46,1771.8701559782648,1611.4204007051217,1683.0442305799618,1753.1362281140327
2019-05-17,10.28,754.63,10.28,751.68,1761.7190101476353,1529.540362542729,1646.5201431062378,1733.305411715735
2019-05-20,62.65,1196.26,62.65,1182.76,1755.958223977012,1496.5136613481834,1628.3334708275618,1722.4035223748294
2019-05-21,66.24,2534.83,66.24,2534.83,1763.7081918976387,1595.4009316959755,1663.88235432452,1738.49117539711
2019-05-22,31.14,883.81,31.14,883.81,1754.95298600811,1527.6303667725492,1633.2912816059115,1721.5667956862762
2019-05-23,34.56,750.52,34.56,750.52,1744.9586279383775,1453.619855651354,1598.672799974307,1702.338146266746
2019-05-24,82.97,1626.67,82.97,1626.67,1743.7816266653588,1470.1008217797967,1599.7707293870794,1700.839767132751
2019-05-28,64.49,951.63,64.49,951.63,1735.899520927395,1420.7226482769588,1574.3534458817037,1686.0039301598251
2019-05-29,10.82,1130.61,10.82,1130.61,1729.8767396246349,1393.0928722505819,1556.951742121637,1675.0060305527
2019-05-30,45.81,1367.61,45.81,1367.61,1726.2720954492654,1390.6659320362407,1549.5265757639256,1668.9189804427456
2019-05-31,12.52,898.99,12.52,898.99,1718.0404328079792,1343.839652794694,1524.0153374986737,1653.6728620181368
2019-06-03,64.94,2760.73,64.94,2760.73,1728.415453377054,1478.7815906237709,1572.513951714412,1675.5947855425302
2019-06-04,68.17,3270.14,68.17,3270.14,1743.7559961295212,1649.387153421507,1639.0875222354155,1707.1699383040643
2019-06-05,48.47,1365.06,48.47,1365.06,1739.9878767650484,1622.308376905173,1628.3413448928502,1700.3954840802214
2019-06-06,30.54,2015.59,30.54,2015.59,1742.7301864489782,1659.7637695808708,1643.527566661758,1706.6369596429893
2019-06-07,62.98,2019.77,62.98,2019.77,1745.4868015091874,1694.0500772398354,1658.2821718907087,1712.8376139074846
2019-06-10,72,1727.13,72,1727.13,1745.3041467678024,1697.2005460741368,1660.982086718524,1713.120631453871
2019-06-11,76.09,1868.21,76.09,1868.21,1746.527090581058,1713.487160733743,1669.1086715530917,1716.191708058745
2019-06-12,28.88,1125.74,28.88,1117.18,1740.2649304757738,1656.6960025686246,1647.4644099235586,1704.3300900773838
2019-06-13,61.63,2255.16,61.63,2255.16,1745.3882645008905,1713.692573752565,1671.2956095343995,1715.2376130461485
2019-06-14,17.01,907.37,17.01,907.37,1737.0497743068518,1636.8999476808922,1641.3377424938349,1699.240234569987
2019-06-17,30.92,1471.65,30.92,1471.65,1734.4089805326541,1621.1618574255692,1634.6833212195668,1694.7334972517694
2019-06-18,67.31,2648.56,67.31,2648.56,1743.5050105771054,1719.009299575515,1674.4431909756622,1713.6211507715363
2019-06-19,49.01,1815.93,49.01,1815.93,1744.2256572380297,1728.239842473085,1679.991693290342,1715.6470685780405
2019-06-20,102.58,2796.52,102.58,2796.52,1754.6962477132731,1829.9808098566007,1723.7771170828776,1737.0504929626338
2019-06-21,158.41,1773.79,152.86,1773.79,1754.8862352982158,1824.629304155972,1725.7384066090392,1737.7780079534728
2019-06-24,51.79,1057.52,51.79,1057.52,1747.9472677828105,1751.5712751887365,1699.5337632126063,1724.3075523504338
2019-06-25,34.34,940.62,34.34,895.34,1739.4636133770114,1670.0254394564759,1667.9967528905433,1707.8923532939896
2019-06-26,80.4,1883.14,80.4,1883.14,1740.8932291643048,1690.322064270145,1676.433742973267,1711.3626037238116
2019-06-27,53.22,2051.82,53.22,2051.82,1743.987027879088,1724.7504391015598,1691.15477266059,1718.104334343142
2019-06-28,67.89,3971.81,67.89,3971.81,1766.15442063651,1938.7561115680778,1780.592232556253,1762.7321693066442
2019-07-01,122.92,2080.29,122.92,2061.78,1769.095968689878,1950.472672371118,1791.619203828557,1768.6539085282948
2019-07-02,34.87,1384.15,34.87,1384.15,1765.26566054371,1896.537179764345,1775.6400193646919,1761.0399697455562
2019-07-03,51.35,1373.28,51.35,1373.28,1761.3653057124293,1846.7031626439311,1759.8611950758805,1753.36155450307
2019-07-05,37.7,1355.96,37.7,1355.96,1757.3314220734997,1799.9657185826043,1744.0219325238852,1745.492216790138
2019-07-08,19.92,809.29,19.92,809.29,1747.8981740926688,1705.6156501461658,1707.3657783072622,1726.9535590319174
2019-07-09,29.29,1505.38,29.29,1505.38,1745.4850579325428,1686.5455882274832,1699.4447673932518,1722.5659638035627
2019-07-10,85.67,1824.64,85.67,1824.64,1746.2726692963981,1699.697436967723,1704.3543843582224,1724.5872318470565
2019-07-11,61.76,1382.5,61.76,1382.5,1742.6530407461853,1669.4881572565112,1691.732643795155,1717.8132272560256
2019-07-12,61.63,1886.95,61.63,1886.95,1744.0888313855266,1690.1988089463673,1699.3882263914234,1721.1624702806587
2019-07-15,42.81,1071.41,42.81,1071.41,1737.395509680198,1631.2665414276657,1674.7616292780342,1708.2960847305467
2019-07-16,32.18,1303.85,32.18,1303.85,1733.0816240117383,1600.08401367265,1660.2160751886995,1700.2872513695459
2019-07-17,42.43,962.6,42.43,962.6,1725.415140190726,1539.3712504657308,1632.8585820440446,1685.6795830255944
2019-07-18,38.18,1689.47,38.18,1689.47,1725.0574771042511,1553.6663694689946,1635.0786376501605,1685.7546407874638
2019-07-19,79.7,1274.37,79.7,1274.37,1720.5730245957511,1527.0667152338522,1620.933200879566,1677.608410276821
2019-07-22,61.48,1465.42,61.48,1465.42,1718.0341885301218,1521.1955994972948,1614.834643982328,1673.40665957827
2019-07-23,75.05,2300.5,75.05,2300.5,1723.82986824624,1595.4150662118382,1641.7234814732171,1685.824349487611
2019-07-24,69.42,2370.33,69.42,2370.33,1730.2627053781182,1669.2164884773774,1670.2962861213264,1699.37891682449
2019-07-25,40.69,911.82,40.69,911.82,1722.1189968668932,1597.08348957477,1640.552118038137,1683.7836907487576
2019-07-26,67.22,2057.26,67.22,2057.26,1725.4537332164764,1640.9098239009825,1656.893603605269,1691.1792612289803
2019-07-29,45.05,1190.38,45.05,1190.38,1720.1296164680537,1598.0022216246984,1638.5989524834936,1681.262444174941
2019-07-30,24.58,1979.29,24.58,1979.29,1722.7083267519536,1634.3153433747273,1651.959385719435,1687.1639799338532
2019-07-31,88.33,1318.82,88.33,1208.19,1717.588741411138,1593.731977339039,1634.5566647108296,1677.6793466678362
2019-08-01,40.54,1072.91,40.54,1072.91,1711.174027566251,1544.1298842591307,1612.531305310405,1665.7037160407504
2019-08-02,36.72,1242.13,36.72,1241.08,1706.496475053154,1515.2679905201658,1597.964587455095,1657.295325624102
2019-08-05,11.4,359.26,11.4,359.26,1693.0911369929236,1405.171991423007,1549.38793696666,1631.5916558097633
2019-08-06,71.43,2459.44,71.43,2459.44,1700.7164988138895,1505.5784684303396,1585.0762531640457,1647.984692328382
2019-08-07,16.18,1997.62,16.18,1997.62,1703.6707625072836,1552.4395666750693,1601.2544393144753,1654.908163767424
2019-08-08,72.34,3396.01,72.34,3396.01,1720.509958900246,1728.0177031822054,1671.637010321751,1689.3854278512374
2019-08-09,23.86,773,23.86,691.65,1710.2725463738752,1629.3160171648526,1633.2061471718785,1669.6282906660645
2019-08-12,15.2,466.29,15.2,466.29,1697.8946105890604,1518.5516345777237,1587.4447296357264,1645.799809662776
2019-08-13,37.16,2714.4,37.16,2714.4,1708.0090920757364,1632.441955094131,1631.639053963737,1666.960209471434
2019-08-14,9.79,233.46,9.79,200.05,1693.0045239953809,1496.0236736565946,1575.498306749473,1637.9124825512074
2019-08-15,58.78,1484.54,58.78,1484.54,1690.93025012478,1494.9299904512047,1571.931314327925,1634.8754036888072
2019-08-16,127.35,3019.67,127.35,3019.67,1704.1515411683147,1640.143324693947,1628.7053804327122,1662.2970788632863
2019-08-19,82.46,2351.71,82.46,2351.71,1710.5949089178837,1707.9115794849997,1657.0585027686843,1675.9488198758945
2019-08-20,55.25,878.55,55.25,878.55,1702.3158550978053,1628.9247623911901,1626.5287575620694,1660.1587442347877
2019-08-21,85.1,2027.37,85.1,2027.37,1705.5502246988221,1666.8719278777435,1642.2480219714,1667.4302542499404
2019-08-22,64.58,1358.41,64.58,1358.41,1702.096093109779,1637.4946014131965,1631.1171191489923,1661.3110412944961
2019-08-23,56.7,394.43,56.7,394.43,1689.084490193264,1519.1074965167015,1582.6195850647182,1636.2242880015358
2019-08-26,61.83,1979.04,61.83,1979.04,1691.9696196440773,1562.9105920865395,1598.1654836896312,1643.0127179420995
2019-08-27,64.86,1016.54,64.86,1016.54,1685.2489269113005,1510.8752976021071,1575.3566411919985,1630.6073175868103
2019-08-28,29.17,2433.4,29.17,2433.4,1692.6932161957652,1598.734793068573,1609.0054003609398,1646.5042023870715
2019-08-29,68.72,2534.05,68.72,2534.05,1701.0649254873497,1687.812431823947,1645.2816591703147,1664.0793666962384
2019-08-30,61.86,1697.88,61.86,1697.88,1701.0332346864805,1688.771247840714,1647.3443392028514,1664.7486861676
2019-09-03,15.48,1036.38,15.48,1036.38,1694.4197696647245,1626.6387480463604,1623.3849533517591,1652.3057418870535
2019-09-04,78.84,2658.48,78.84,2658.48,1704.0124087725383,1724.9093434705167,1663.9769159654156,1672.2299846219632
2019-09-05,81.21,2882,81.21,2882,1715.7336783369906,1835.1084536161818,1711.7425271040267,1696.1858265106373
2019-09-06,44.6,1610.33,44.6,1609.16,1714.6732437266724,1813.5895532717836,1707.719682903869,1694.4625428173574
2019-09-09,89.29,2791.3,89.29,2791.3,1725.385947769193,1906.704833912566,1750.2130286723448,1716.1820964249346
2019-09-10,55.53,2762.59,55.53,2762.59,1735.7063860998478,1988.217706873274,1789.9140863714686,1736.9030450105795
2019-09-11,46.31,2728.56,46.31,2728.56,1745.5855265366652,2058.726496694867,1826.7237300431757,1756.5398163965085
2019-09-12,33.91,1654.66,33.91,1654.66,1744.6807949293352,2020.2439732001176,1819.9761327865806,1754.5223942896469
2019-09-13,71.45,1827.61,71.45,1827.61,1745.5059611489437,2001.897880514392,1820.2755001282833,1755.969673610644
2019-09-16,91.37,2588.67,91.37,2588.67,1753.89565307781,2057.780939513021,1850.4086177703114,1772.4587889846905
2019-09-17,25.9,1299.77,25.9,1299.77,1749.3769898631056,1985.5894214641621,1828.814946485201,1763.0986149453897
2019-09-18,25.55,1169.72,25.55,1169.72,1743.6092586206867,1907.8875718009085,1802.9680858387226,1751.3485433623127
2019-09-19,62.06,1324.67,62.06,1308.5,1739.2798132612768,1850.803041153203,1783.5771805117138,1742.5792652759303
2019-09-20,371.95,2763.1,371.95,2763.1,1749.4670788009655,1937.6884658052788,1821.9898400994898,1762.787596656605
2019-09-23,28.07,1552.19,28.07,1552.19,1747.5041227929958,1900.9743262047762,1811.4094542132352,1758.6173472178605
2019-09-24,0.04,733.79,0.04,733.79,1737.4174151035131,1789.8139141852737,1769.1498677735005,1738.3237363818632
2019-09-25,44.74,1918.07,44.74,1918.07,1739.214953261687,1802.028779500962,1774.9898729588535,1741.8830683346976
2019-09-26,32.13,1026.5,32.13,1026.5,1732.1232621844563,1728.1688957389656,1745.6373289212515,1727.7170669815353
2019-09-27,51.17,1291.81,51.17,1291.81,1727.7420356950588,1686.610905668588,1727.840178767477,1719.08524387299
2019-09-30,51.03,1591.64,51.03,1591.64,1726.3877865836653,1677.566057509675,1722.4989952863996,1716.5615756774853
2019-10-01,62.98,500.41,62.98,500.41,1714.189002637559,1565.4559567944677,1674.5739366477173,1692.4793662581292
2019-10-02,8.59,596.55,8.59,596.55,1703.0682165416629,1473.1791990045185,1632.2984881517284,1670.7777946490573
2019-10-03,29.79,2338.65,29.79,2330.34,1709.3097268248305,1554.8135610040881,1659.6726650869548,1683.838432378779
2019-10-04,55.58,2082.95,55.58,2082.95,1713.027540488265,1605.1122694798892,1676.2717762600155,1691.741631737615
2019-10-07,31.79,989.56,31.79,989.56,1705.8288584933568,1546.4882438151378,1649.3419026811914,1677.8370449705335
2019-10-08,21.41,574.87,21.41,464.03,1693.4726509461593,1443.3969824994103,1602.8590829682034,1653.80126190181
2019-10-09,65.07,1774.49,65.07,1774.49,1694.2787937228145,1474.9296508327998,1609.5897071655288,1656.1911379037545
2019-10-10,51.68,2163.16,51.68,2163.16,1698.9442783623886,1540.4753983725332,1631.2983461002138,1666.230125271997
2019-10-11,95.35,2911.6,95.35,2911.6,1711.010504448335,1671.0586937656253,1681.5062540962838,1690.8909148705714
2019-10-14,18.39,930.45,18.39,930.45,1703.2437332597945,1600.5245324546133,1652.0530676611354,1675.8326789325401
2019-10-15,49.79,2333.51,49.79,2333.51,1709.515039396513,1670.3326722208405,1678.7768689293262,1688.8559922210047
2019-10-16,63.03,1424.51,63.03,1424.51,1706.6791683577417,1646.9209891521891,1668.8056191673918,1683.6214181176185
2019-10-17,68.79,1929.76,68.79,1929.76,1708.8988781253263,1673.8580378043616,1679.0391242980822,1688.4954494420222
2019-10-18,93.44,1483.71,93.44,1483.71,1706.6581927708455,1655.748700870613,1671.3791586393338,1684.4402920273287
2019-10-21,82.79,2123.6,82.79,2123.6,1710.806867469643,1700.3059674543642,1689.1133092809287,1693.1365238683718
2019-10-22,59.2,2005.04,59.2,2005.04,1713.7345603306417,1729.3282562682343,1701.5025912699118,1699.3128303264239
2019-10-23,40.48,2182.6,40.48,2182.6,1718.3998880885458,1772.4969937664978,1720.3691563181505,1708.882873290257
2019-10-24,52.24,1294.81,52.24,1294.81,1714.185063331446,1727.0029943601646,1703.680561952733,1700.6834104528261
2019-10-25,42.24,2116.11,42.24,2116.11,1718.1843164326256,1764.0608044211012,1719.8542654055668,1708.9096795527703
2019-10-28,87.19,1813.19,87.19,1813.19,1719.1296466173756,1768.7397754286153,1723.5144902916231,1710.9746363933095
2019-10-29,35.4,1826.67,35.4,1824.89,1720.1819884420784,1774.0874158639854,1727.4900004762653,1713.2303861676994
2019-10-30,87.09,1838.25,87.09,1838.25,1721.3567945272318,1780.1981381626533,1731.833529869353,1715.7060220851706
2019-10-31,38.9,1237.79,38.9,1237.79,1716.5451846314386,1728.5402202424007,1712.459273796045,1706.2423384795236
2019-11-01,127.58,3101.97,127.58,3091.92,1730.2305061773943,1858.3859135526482,1766.5557728628667,1733.6815000937904
2019-11-04,123.22,2779.78,123.22,2779.78,1740.6737847228928,1946.1377313095388,1806.2900562800091,1754.3963218741114
2019-11-05,77.17,2232.93,77.17,2232.93,1745.5718565166949,1973.4512807086303,1823.0210344651068,1763.872236292446
2019-11-06,68.72,1596.35,68.72,1596.35,1744.087061924489,1937.5368730220941,1814.1319742900046,1760.554964286655
2019-11-07,104.31,2243.08,104.31,2243.08,1749.052165785937,1966.6362184485613,1830.9534654943182,1770.1099154888993
2019-11-08,41.11,1791.3,41.11,1791.3,1749.4725422457784,1949.9375309772697,1829.3984276317958,1770.5295211227826
2019-11-11,48.37,1143.08,48.37,1143.08,1743.4387856065168,1873.0939565984822,1802.4839794893724,1758.1047781302523
2019-11-12,112.74,1323.88,112.74,1323.88,1739.2640713218748,1820.787865493865,1783.7151959799853,1749.5062676722275
2019-11-13,46.26,1333.97,46.26,1333.97,1735.2312944928015,1774.424259256354,1766.0781294709664,1741.277826728223
2019-11-14,59.87,1254.11,59.87,1254.11,1730.444017930684,1724.8705202795584,1746.0009479230853,1731.6309390702386
2019-11-15,103.2,2484.76,103.2,2484.76,1737.9496495930653,1797.2409469196004,1774.9718911417879,1746.544385821323
2019-11-18,80.93,1206.67,80.93,1206.67,1732.6632849204975,1740.9960948320195,1752.685542469561,1735.853803923871
2019-11-19,62.09,1396.39,62.09,1396.39,1729.3172820854677,1708.1764667527796,1738.7131682550682,1729.131748400626
2019-11-20,44.44,1642.27,44.44,1642.27,1728.4511399751646,1701.899660395372,1734.9310832254578,1727.4117137788314
2019-11-21,76.67,2006.88,76.67,2006.88,1731.221576393322,1730.9454070243842,1745.595746628381,1732.9457392485576
2019-11-22,84.6,2047.64,84.6,2047.64,1734.3700184192592,1761.1067968315856,1757.440619309621,1739.1773087683882
2019-11-25,156.07,2453.19,156.07,2453.19,1741.5224560469283,1827.019482847625,1784.7249087484595,1753.3161739412915
2019-11-26,67.61,2209.99,67.61,2209.99,1746.1838246434763,1863.4928654335656,1801.4019711504807,1762.35922000186
2019-11-27,74.35,2113.56,74.35,2113.56,1749.839308975382,1887.3087830113213,1813.6434624779129,1769.3136908929123
2019-11-29,45.73,405.22,45.73,405.22,1736.4600123686619,1746.1574703435765,1758.4111698317201,1742.301934637607
2019-12-02,137.94,966.99,137.94,966.99,1728.8035943351429,1671.9510445965693,1727.3750455245938,1726.9492230606247
2019-12-03,45.7,1159.52,45.7,1159.52,1723.1390809586737,1623.1480879683247,1705.1062202099038,1715.7130008218005
2019-12-04,201,2676.15,201,2676.15,1732.6217766705277,1723.4339843522937,1743.1863684369664,1734.7315552609728
2019-12-05,137.76,1647.63,137.76,1647.63,1731.7760873504228,1716.2145572711229,1739.4390598708108,1733.0067719884782
2019-12-06,178.25,2614.01,178.25,2614.01,1740.5545342424584,1801.7188851500637,1773.73595948372,1750.452380463954
2019-12-09,120.9,1650.45,120.9,1650.45,1739.6579717126826,1787.3123246595815,1768.9012159745546,1748.4721353062519
2019-12-10,93,1642.58,93,1642.58,1738.6920217453924,1773.5282937396214,1763.947442799082,1746.3752613397915
2019-12-11,137.04,1673.07,137.04,1673.07,1738.0390663051396,1763.9608371929908,1760.3836215128435,1744.9236720063302
2019-12-12,246.97,2915.73,246.97,2915.73,1749.757384053347,1873.6531384127059,1805.6913226299869,1768.1079557289772
2019-12-13,114.41,1494.27,114.41,1494.27,1747.2152210279407,1837.521410944829,1793.4787217425364,1762.6854219521658
2019-12-16,196.96,2798.02,196.96,2798.02,1757.6709899729365,1928.9974670453216,1832.8724973604762,1783.1870967649943
2019-12-17,177.94,2140.3,177.94,2132.76,1761.4032189284296,1948.4034225648147,1844.6327915816341,1790.1093324726182
2019-12-18,166.46,2327.57,166.46,2327.57,1767.0367192375995,1984.5145251776896,1863.5715056372562,1800.7521179682099
2019-12-19,142.29,2183.64,142.29,2183.64,1771.1820255138423,2003.4788561131477,1876.1232112985404,1808.3340562262651
2019-12-20,415.08,3917.71,415.08,3917.71,1792.5405128221623,2185.7865841023718,1956.1854383064408,1850.103876895052
2019-12-23,99.78,1588.66,99.78,1588.66,1790.5118510030363,2128.9173856164316,1941.7726760199137,1844.9267704218828
2019-12-24,84.31,682.73,84.31,681.79,1779.4797927841007,1991.0957298434382,1892.3615906857995,1821.8943591263999
2019-12-26,99.71,1431.86,99.71,1431.86,1776.0208893733136,1937.835184144063,1874.3027047765524,1814.1709064704316
2019-12-27,92.18,810.09,92.18,810.09,1766.4096367427333,1830.4308808922476,1832.5688732166877,1794.2881162432943
2019-12-30,123.19,1303.23,123.19,1303.23,1761.800884138328,1780.2212731882241,1811.8104860317196,1784.5641931493676
2019-12-31,121.78,2055.96,121.78,2055.96,1764.727840515061,1806.482104313155,1821.3849767755737,1789.9383675424494
2020-01-02,146.32,1781.96,146.32,1781.96,1764.8993047885428,1804.1466658071404,1819.838899254963,1789.7803800663614
2020-01-03,121.2,1399.44,121.2,1399.44,1761.262893795622,1765.603173825508,1803.3526679116312,1782.0508675897997
2020-01-06,177.8,1932.83,177.8,1932.83,1762.97002918074,1781.5295382230788,1808.4302103464693,1785.0365929840611
2020-01-07,65.76,1442.34,65.76,1442.34,1759.779680631678,1749.2257726780238,1794.073731509353,1778.250521835862
2020-01-08,126.68,1776.39,126.68,1776.39,1759.9449574413131,1751.8128419467835,1793.3802518423195,1778.2136798193103
2020-01-09,107.17,1846.68,107.17,1846.68,1760.8079926906532,1760.847809380423,1795.4704380445814,1779.5694485357596
2020-01-10,75.2,1202.14,75.2,1202.14,1755.2491071912439,1707.637541820383,1772.2025777291076,1768.135202030101
2020-01-13,88.64,2167.95,88.64,2167.95,1759.3555837366046,1751.476823551775,1787.7220844848289,1776.0523267423762
2020-01-14,89.09,2096.02,89.09,2096.02,1762.7054784257925,1784.290459403987,1799.8121988187572,1782.3883202722302
2020-01-15,214,1897.71,214,1897.71,1764.0488069986702,1795.0923204131311,1803.651328276845,1784.671917890602
2020-01-16,197.79,2463.91,197.79,2463.91,1771.0125999638576,1858.7892422785471,1829.543825207165,1798.1221769422732
2020-01-17,203.54,1755.53,203.54,1755.53,1770.858544242824,1848.9550287282093,1826.6413222578642,1797.2787674978717
2020-01-21,72.64,1355.97,72.64,1355.97,1766.7303000215024,1802.004073611237,1808.1836233457911,1788.5399800226664
2020-01-22,149.15,1458.15,149.15,1458.15,1763.6598492750197,1769.256066600643,1794.4568145871326,1781.9976041806335
2020-01-23,36.92,1736.9,36.92,1736.9,1763.3935821180544,1766.1745364482008,1792.1996846033235,1781.1045823156705
2020-01-24,71.89,512.08,71.89,512.08,1750.9427007039444,1646.7369615483722,1741.9989126580952,1755.9753826658552
2020-01-27,17.08,419.42,17.08,419.42,1737.6937186073878,1529.8496318770985,1690.133072946013,1729.508939444749
2020-01-28,212.87,2490.33,212.87,2490.33,1745.1826368302,1621.3239526507082,1721.513344595189,1744.5747030201005
2020-01-29,190.3,1553.65,190.3,1553.65,1743.2768394488048,1614.8788143030217,1714.9304683365542,1740.7940158315837
2020-01-30,46.47,1719.21,46.47,1719.21,1743.0373684095132,1624.815117702734,1715.0982931076696,1740.366609577493
2020-01-31,36.25,543.06,36.25,543.06,1731.0972950920057,1521.790820778664,1669.1360071034474,1716.657567803681
2020-02-03,257.96,2246.42,257.96,2246.42,1736.2248841955677,1590.8031235616484,1691.774595060175,1727.1479129956874
2020-02-04,384.24,3050.23,384.24,3050.23,1749.299561964766,1729.79615941292,1745.0473560382075,1753.3475582829014
2020-02-05,252.66,2850.13,252.66,2850.13,1760.253098661634,1836.4946204212133,1788.383930311219,1775.0660224753192
2020-02-06,158.44,1819.92,158.44,1819.92,1760.8467991724635,1834.9160851430024,1789.6206389264653,1775.9542200500653
2020-02-07,114.85,1066.91,114.85,1066.91,1753.941955399603,1761.7726484627165,1761.2790452430745,1761.9137404451135
2020-02-10,111.56,1689.63,111.56,1689.63,1753.3020354453781,1754.9019200376958,1758.469278762954,1760.4823792481805
2020-02-11,390.36,2552.88,390.36,2552.88,1761.2580350926878,1830.8998324150582,1789.6226403800931,1776.173421243266
2020-02-12,214.35,2500.63,214.35,2500.63,1768.61497006689,1894.6836578993384,1817.505281933815,1790.519096070132
2020-02-13,154.86,1354.41,145.35,1348.58,1764.4355176284134,1842.673785718449,1799.1160551913124,1781.7678268410205
2020-02-14,113.48,1375.71,113.48,1375.71,1760.5676020301207,1798.2010442214537,1782.5118961642022,1773.7270777946635
2020-02-18,182.8,1481.16,182.8,1475.41,1757.7302129551942,1767.4590400098866,1770.4686845499198,1767.8198089274424
2020-02-19,276.32,2224.39,276.32,2224.39,1762.3735939208143,1810.9762742946593,1788.269520449923,1776.8608028100673
2020-02-20,143.9,1999.03,143.9,1996.71,1764.7052994539406,1828.6652005523108,1796.4436569028671,1781.2142522593729
2020-02-21,110.3,1111.75,110.3,1111.75,1758.2082317976824,1760.3875624044717,1769.5929252596175,1767.9575343928507
2020-02-24,33.83,333.22,33.83,333.22,1744.029244416611,1624.4668421754745,1713.2645752494363,1739.5468901474476
2020-02-25,221.46,599.9,221.46,599.9,1732.644873825401,1526.8890476825723,1669.6032193573017,1716.979624996013
2020-02-26,245.91,1087.52,245.91,1004.47,1725.39935269281,1477.1348526651843,1643.519563696231,1702.8705235109435
2020-02-27,40.13,900.67,40.13,477.34,1712.980851670991,1381.9162952685,1597.787031786575,1678.602592352311
2020-02-28,17.58,2882.84,17.58,2878.91,1724.582136728991,1524.4871242905476,1648.0271481871014,1702.371055870087
2020-03-02,141.83,4821.2,141.83,4821.2,1755.3942547714885,1838.4597791200192,1772.4652992385877,1764.1300448627585
2020-03-03,67.25,1026.71,67.25,1026.71,1748.1436651717722,1761.150276346684,1743.219993386094,1749.5276677367633
2020-03-04,172.22,4045.47,172.22,4045.47,1771.0026336775256,1978.7045357422378,1833.504307370953,1794.9918723360354
2020-03-05,24.16,518.96,24.16,514.88,1758.5039010041173,1839.292675195358,1781.793550219151,1769.643122388787
2020-03-06,9.86,957.98,9.86,957.98,1750.5384890538276,1755.358134700562,1749.4871364850667,1753.5705853117813
2020-03-09,3.7,254.68,3.7,254.68,1735.6543249836402,1612.4364075862227,1690.8672487797699,1723.8895836224392
2020-03-10,319.23,6617.87,319.23,6617.87,1784.2335854315643,2089.1443687684873,1884.083042945269,1820.8000869170444
2020-03-11,12.99,246.77,12.99,246.77,1768.935440302892,1913.6801431714885,1819.8746883199642,1789.6311743048257
2020-03-12,4.91,507.42,3.19,507.42,1756.383047862067,1779.7506057265848,1768.405877013299,1764.2408540215617
2020-03-13,505.55,7270.2,505.55,7270.2,1811.2468981320962,2302.6505480383385,1984.1625092872873,1873.2697480013328
2020-03-16,0.21,527.16,0.21,516.75,1798.3663319815282,2132.5647815584966,1926.6169206877858,1846.4079708131876
2020-03-17,104.02,5187.33,104.02,5187.33,1832.0873635041,2423.4948023624493,2054.4880218372846,1912.564842678273
2020-03-18,13.95,588.78,13.95,588.78,1819.7161459567956,2248.7600592803115,1997.0092758828812,1886.351281437119
2020-03-19,45.69,5423.38,45.69,5423.38,1855.57349773832,2551.1048155393296,2131.376755260023,1956.3914540819285
2020-03-20,247.59,3243.89,247.59,3243.89,1869.3875922881873,2617.0843569165363,2175.004725641983,1981.8864747931775
2020-03-23,66.43,2022.54,66.43,2022.54,1870.9114968425338,2560.4610848292473,2169.0257167932778,1982.6914950943028
2020-03-24,323.35,6786.92,323.35,6786.92,1919.8270043366379,2962.980981512176,2350.119610252365,2077.824732815208
2020-03-25,318.33,6386.84,262.73,6386.84,1964.274894840751,3289.0627927967307,2508.422370634625,2163.1517678089663
2020-03-26,260.53,6225.65,260.53,6182.61,2006.2483784741762,3564.63871729228,2652.5081600215026,2242.7450001295806
2020-03-27,65.91,1288.04,65.91,1004.82,1996.2839169968213,3320.846458502539,2587.892938059875,2218.231633790381
2020-03-30,86.4,2885.61,86.4,2885.61,2005.1329327480967,3279.395367216583,2599.5681169594877,2231.4470469826506
2020-03-31,177.02,2872.54,177.02,2871.92,2013.7576796859266,3240.588189386432,2610.2485829610764,2244.1296797156674
2020-04-01,37.29,453.88,37.29,450.75,1998.2053644651712,2974.889314206772,2525.562364021426,2208.6172108104065
2020-04-02,215.6,3827.99,215.6,3827.99,2016.41217675905,3056.1369985680317,2576.6379575892133,2240.683998715151
2020-04-03,232.72,1889.08,232.72,1871.08,2014.9660854480146,2943.274427275838,2548.9690180759108,2233.365107651485
2020-04-06,367.08,5554.72,367.08,5554.72,2050.1875174336064,3191.983529440044,2666.8416056023457,2299.1345114603664
2020-04-07,590.27,4848.63,590.27,4732.36,2076.8758008422274,3338.686050445754,2747.842326951273,2347.3171944017454
2020-04-08,250.88,5212.37,250.88,5212.37,2108.0747480975288,3517.1321408794915,2844.4904709924,2404.050913324483
2020-04-09,429.43,5958.95,429.43,5958.95,2146.3919147831257,3749.686222700492,2966.6261387966197,2474.4449546447904
2020-04-13,108.52,1525.95,108.52,1525.95,2140.2183633922486,3537.9018205385405,2910.1290353143995,2455.6628763349927
2020-04-14,317.23,3301.71,317.23,3301.71,2151.7754941047638,3515.407361439632,2925.48515157658,2472.416284724399
2020-04-15,38.5,539.31,38.5,539.31,2135.7310613276018,3231.9695174930002,2831.909655436322,2434.1369523536187
2020-04-16,96.22,1440.96,96.22,1440.96,2128.8179164387698,3061.397182493667,2777.3626101250934,2414.4700820099824
2020-04-17,383,5081.59,383,5081.59,2158.198733190623,3253.796498446651,2867.72446855156,2467.284337811765
2020-04-20,55.57,1172.46,55.57,1172.46,2148.3903875867363,3055.5739747850653,2801.2435090005188,2441.6442519145025
2020-04-21,51.35,967.01,51.35,939.92,2136.365806615724,2854.0831200436305,2728.2504302161847,2411.9071380152054
2020-04-22,285.64,3391.86,285.64,3384.11,2148.781171724025,2904.5618705156658,2753.970413344962,2431.1586798366866
2020-04-23,297.19,3932.98,297.19,3932.98,2166.5343938959254,3002.5064542760783,2800.206083409865,2460.8977158795246
2020-04-24,259.04,2866.21,259.04,2866.21,2173.4963402253193,2989.5258395831183,2802.7944722957527,2468.9237017036926
2020-04-27,205.8,4121.45,205.8,4121.45,2192.8789637056643,3097.3281405752023,2854.5064537743506,2501.646994739263
2020-04-28,362.43,4319.41,362.43,4319.41,2214.038476504613,3213.7168890918497,2911.9536516655526,2537.642301774129
2020-04-29,362.99,5380.1,362.99,5380.1,2245.541576240885,3420.039090130721,3008.743704541413,2593.9285928281065
2020-04-30,119.56,1906.53,119.56,1906.53,2242.1683267260505,3275.8953672611287,2965.519637696652,2580.3167395047776
2020-05-01,45.67,404.42,45.67,404.42,2223.882273723801,3002.421522760069,2865.084357786979,2537.229675356168
2020-05-04,58.41,2112.35,58.41,2112.35,2222.7724998559024,2917.652806306729,2835.5653633639604,2528.8162164382243
2020-05-05,300.3,2164.66,300.3,2164.66,2222.1942660264904,2845.939205706088,2809.255349114393,2521.6052022513286
2020-05-06,224.67,1008.15,189.27,868.35,2208.7231788023464,2657.5973765912227,2733.1414138550053,2488.8674754740746
2020-05-07,306.53,3624.98,306.53,3624.98,2222.815286475955,2749.729055011106,2768.1154760567697,2511.3647531874594
2020-05-08,442.9,4223.8,442.9,4223.8,2242.725582132911,2890.1167640576673,2825.2011436623866,2545.2743620352326
2020-05-11,89.65,1191.56,89.65,1191.56,2232.266223106713,2728.3494531950323,2761.136785087391,2518.468137044436
2020-05-12,185.81,1283.53,185.81,1089.44,2220.894817901671,2572.262838605029,2695.5800484172973,2490.170550172269
2020-05-13,89.37,709.92,89.37,698.11,2205.742730161356,2393.772092071217,2617.2478896558346,2454.6842026441054
2020-05-14,15.85,3708.89,15.85,3708.89,2220.699419413482,2519.021416635863,2660.057384179135,2479.5199610075883
2020-05-15,138.04,3058.37,138.04,3058.37,2229.034450066084,2570.387948384828,2675.6774867603453,2490.982338017339
2020-05-18,449.13,5622.64,449.13,5622.64,2262.8016694684115,2861.0786199672257,2791.2446441422926,2552.9953610268967
2020-05-19,66.99,1818.84,66.99,1306.62,2253.287424001064,2713.034941875109,2733.024069862203,2528.314660808542
2020-05-20,258.15,3800.62,258.15,3800.62,2268.683768040855,2816.614471220337,2774.89057692643,2553.5088259410463
2020-05-21,211.23,2488.4,211.23,2450.04,2270.4883076623387,2781.7026168183997,2762.15133861559,2551.4599382986494
2020-05-22,70.18,1643,70.18,1643,2264.24464290948,2673.254748549981,2718.263050826743,2533.470632589765
2020-05-26,428.13,4782.76,428.13,4782.76,2289.304497208888,2874.1600105928396,2799.223715500204,2578.011016102839
2020-05-27,377.29,5191.15,377.29,5191.15,2318.1785818137746,3094.825723869712,2893.0247462649018,2629.7563425166445
2020-05-28,103.53,1289.92,103.53,1254.72,2307.5969043827918,2919.577559691644,2828.777501313337,2602.5279000905725
2020-05-29,103.09,2485.81,103.09,2474.61,2309.2587262297293,2877.1996968638687,2814.888579693206,2599.994872366007
2020-06-01,253.4,3702.11,253.4,3702.11,2323.1179428841597,2955.7625828768337,2849.681576567982,2621.8189342993533
2020-06-02,141.7,4031.05,141.7,4017.92,2339.9816449450136,3056.920432126659,2895.49484807512,2649.4644999567918
2020-06-03,330.1,4993.86,330.1,4993.86,2366.3883947465556,3241.3908671622153,2977.78367756237,2695.8881732249743
2020-06-04,157.7,4452.16,157.7,4452.16,2387.142341067485,3356.702213146766,3035.6023568736496,2730.6658331611134
2020-06-05,573.25,7577.3,573.25,7577.3,2438.7857008578585,3758.663907132788,3213.708146800173,2826.6387869599034
2020-06-08,656.99,7718.6,656.99,7718.6,2491.321166520964,4135.800677882046,3390.3705724158526,2923.509306030004
2020-06-09,98.58,705.99,98.58,700.75,2473.5045379983676,3808.6529942742322,3284.8952558505252,2879.4942702670337
2020-06-10,50.68,975.47,50.68,895.95,2457.807477918782,3531.252709105258,3191.2111281701127,2840.2161659053104
2020-06-11,28.78,158.68,28.78,105.89,2434.405313959391,3205.0276891904714,3070.218142751677,2786.071093313126
2020-06-12,431.54,5067.04,431.54,5067.04,2460.6006839697457,3382.3621949818553,3148.5248822516114,2831.2387944356383
2020-06-15,17.14,3514.29,17.14,3514.29,2471.0851547760167,3394.9267478407264,3162.868612359391,2844.7645608824573
2020-06-16,403.79,4906.66,403.79,4906.66,2495.319730350385,3538.9013432844667,3231.252588345297,2885.5941735382503
2020-06-17,82.69,1052.29,82.69,1052.29,2480.961225570779,3302.0812153526126,3145.8030750768544,2849.291120596899
2020-06-18,81.17,1910.73,81.17,1910.73,2475.287283027786,3169.571575795221,3097.3688368385465,2830.705751872208
2020-06-19,476.39,2258.45,476.39,2258.45,2473.129698122037,3082.7980923861523,3064.4700589233094,2819.373954805432
2020-06-22,118.28,2405.13,118.28,2405.13,2472.453084210375,3018.2582740636617,3038.613586024356,2811.171104215225
2020-06-23,296.93,2407.95,296.93,2407.95,2471.8112624769383,2960.133676533789,3013.8816806900677,2803.1865278941314
2020-06-24,53.59,505.84,46.01,478.15,2451.9738369796555,2723.7542787686666,2914.4412226237905,2757.146200609099
2020-06-25,89.01,3547.57,89.01,3547.57,2462.8752913380667,2802.2129188859362,2939.2698021287397,2772.7981570326815
2020-06-26,61.13,1095,61.13,1076.98,2449.0852884391807,2637.9050218491802,2866.23882949624,2739.2175994676777
2020-06-29,143.63,3711.57,143.63,3711.57,2461.6473253701342,2740.1588292921156,2899.38907147678,2758.4721024485157
2020-06-30,83.87,3034.48,83.87,3028.06,2467.2832723813767,2767.577988407152,2904.4349902423965,2763.810476657456
2020-07-01,295.67,1606.27,295.67,1606.27,2458.715976138776,2656.977227606471,2853.5265592524984,2740.8888830602787
2020-07-02,316.26,2741.18,316.26,2730.26,2461.41790672446,2663.9565392629975,2848.692576536714,2740.678410128392
2020-07-06,356.02,3547.92,356.02,3547.92,2472.228872826704,2748.1435355236645,2876.1132598097843,2756.6633921060475
2020-07-07,54.83,1434.12,54.83,1430.89,2461.867292002558,2622.690817854744,2819.4378378564593,2730.410453648502
2020-07-08,204.18,2888.75,204.18,2888.75,2466.1148811368607,2648.0297875828637,2822.155961862088,2733.5458902099176
2020-07-09,140.57,1225.55,140.57,1225.55,2453.77095197132,2512.5555220987817,2759.5439633576925,2703.6845854532858
2020-07-10,359.22,3628.28,359.22,3628.28,2465.457609165635,2618.814996184612,2793.612043226018,2721.9934055433196
2020-07-13,224.32,2064.66,224.32,1485.41,2455.705891661499,2510.871663214649,2742.3100023151937,2697.5066054335507
2020-07-14,94.09,3179.69,94.09,3179.69,2462.9097136350165,2574.568647670397,2759.462159087147,2707.0547914645695
2020-07-15,281.28,3950.18,281.28,3950.18,2477.708422952081,2705.5792526541686,2806.156976377847,2731.6711322276474
2020-07-16,71.73,1434.3,71.73,1434.3,2467.3262495893737,2584.505038115676,2752.358663578716,2705.980614757793
2020-07-17,173.43,1598.52,173.43,1598.52,2458.681411285002,2490.6017011522786,2707.1100885364135,2684.050701594272
2020-07-20,152.73,1689.27,152.73,1689.27,2451.0255763468426,2414.284396280633,2667.1947909467503,2664.35207383993
2020-07-21,138.24,3543.76,138.24,3536.95,2461.830794492645,2521.2049299681917,2701.3028383606033,2681.631240694585
2020-07-22,58.1,2322.72,58.1,2322.72,2460.446607482768,2502.301603304554,2686.4564525425403,2674.524087413504
2020-07-23,75.5,1713.78,75.5,1713.78,2453.0170890003524,2427.2043077517396,2648.312277933029,2655.499452019177
2020-07-24,51.5,1066.68,51.5,1066.68,2439.2226901048266,2297.630564156336,2586.287482719969,2624.037680692065
2020-07-27,62.31,1993.5,62.31,1993.5,2434.7876384619926,2268.665748522399,2563.040914770166,2611.551786024895
2020-07-28,93.23,2011.87,93.23,2011.87,2430.579502755903,2244.209010567885,2541.4263690929047,2599.676899172917
2020-07-29,171.33,3242.67,171.33,3242.67,2438.6600052160434,2339.3005333709434,2568.9261193245557,2612.409435822958
2020-07-30,42.45,909.5,42.45,909.5,2423.4444827760826,2203.129054002282,2503.8505852333965,2578.6884568957707
2020-07-31,77.03,1722.28,77.03,1722.28,2416.467721753435,2157.3339060020644,2473.2007583614986,2561.729873590904
2020-08-03,100.44,2725.97,100.44,2725.97,2419.547346412605,2211.489724478058,2483.1132776414397,2564.9821533217773
2020-08-04,88.18,2969.67,88.18,2969.67,2425.0212036622306,2283.6973697658623,2502.1939334202066,2572.9957740480786
2020-08-05,130.3,3201.11,130.3,3201.11,2432.743480242706,2371.0700012167326,2529.602406619414,2585.433679512473
2020-08-06,76.18,1700.85,76.18,1700.85,2425.4609580512365,2307.239524910377,2497.102312242182,2567.9171710072756
2020-08-07,41.36,2224.21,41.36,2145.46,2422.6748788666473,2291.8319511093887,2483.3124176444494,2559.551682472478
2020-08-10,127.14,3217.12,127.14,3217.12,2430.579805445089,2379.954622432304,2512.0891855799614,2572.572837275003
2020-08-11,163.59,2348.99,163.59,2348.99,2429.7679665849387,2377.0056107720843,2505.6931390866293,2568.1454543586665
2020-08-12,111.83,1892.63,111.83,1892.63,2424.423310201009,2330.874600222362,2481.6514473577417,2554.768910708
2020-08-13,39.56,1122.59,39.56,1122.59,2411.469744925377,2215.7998763916607,2428.3549200103794,2526.4089322781388
2020-08-14,36.06,1767.36,36.06,1762.51,2405.0124340305974,2172.6294119734075,2402.2433545197764,2511.2822207478785
2020-08-17,71.92,1452.3,71.92,1452.3,2395.5327083188504,2104.026610833083,2364.9906739503735,2490.312275782574
2020-08-18,75.86,1133.88,75.86,1133.88,2382.9789500271204,2011.6316955156465,2316.7118239915353,2463.4522307175725
2020-08-19,75.25,1230.91,75.25,1202.23,2371.230204255706,1934.5458197522516,2273.00665442324,2438.477533079601
2020-08-20,214.97,1081.25,214.97,1081.25,2358.394580332764,1853.279551204418,2226.271099347819,2411.6017403453516
2020-08-21,67.01,1125.66,67.01,1125.66,2346.1285646080596,1783.9824510897117,2183.109879765552,2386.137547467226
2020-08-24,110.84,2947.36,110.84,2938.76,2352.0253948109644,1893.961265271644,2212.7432178139616,2397.080566329261
2020-08-25,92.28,1737.44,92.28,1737.44,2345.910117250656,1879.054478102916,2194.1038759389044,2384.0183768969982
2020-08-26,78.69,1607.89,78.69,1607.89,2338.5666334969183,1853.229289712162,2171.11509649032,2368.6494981465626
2020-08-27,81.97,2229.02,81.97,2229.02,2337.476617243218,1889.0188811681464,2173.3858770201114,2365.884557589205
2020-08-28,240.41,2999.54,240.41,2971.37,2343.7840140865687,1992.0999401045135,2204.6793720389305,2377.874368330013
2020-08-31,96.29,1231.77,95.16,1231.77,2332.719198026006,1919.6875648564646,2166.5260633315215,2355.179232323478
2020-09-01,86.96,2294.06,86.96,2294.06,2332.334529388931,1955.3420824891823,2171.5273941812657,2353.9689504952903
2020-09-02,91.45,2913.99,91.45,2913.99,2338.122146011927,2046.6418841568793,2200.6435748016083,2365.058476228057
2020-09-03,73.67,1170.66,73.67,1169.76,2326.4966520217586,1963.1293237609862,2160.2167679466434,2341.3891994710657
2020-09-04,130.42,1985.59,130.42,1985.59,2323.104546031492,1965.2684357837493,2153.3686593997163,2334.3436707686683
2020-09-08,21.83,1090.71,21.83,1090.71,2310.8419137326714,1881.977156185297,2111.695770795806,2309.7172614465167
2020-09-09,79.64,2610.21,79.64,2610.21,2313.8207006607045,1951.3326651200305,2131.245348411657,2315.6676127050014
2020-09-10,81.95,870.78,81.95,734.59,2298.1069623456724,1835.4524112990753,2076.4745504347293,2284.3591451266843
2020-09-11,49.27,1876.06,49.27,1876.06,2293.907490083526,1839.3198006991634,2068.615156300034,2276.274013540017
2020-09-14,89.07,3067.42,89.07,3067.42,2301.6041319732426,1956.2817244421,2107.7839737000327,2291.9402706976407
2020-09-15,109.68,1828.12,109.68,1828.12,2296.8928470779865,1944.0758459238048,2096.8167590451294,2282.755710881846
2020-09-16,105.08,3220.54,105.08,3220.54,2306.083366012534,2065.6438605977282,2140.884337121791,2301.3256968049777
2020-09-17,16.04,1973.29,16.04,1973.29,2302.7719892362898,2056.848254826516,2134.312010175838,2294.829940432602
2020-09-18,187.49,1898.34,187.49,1896.49,2298.729382378217,2041.5760400811337,2124.985656835609,2286.9420208200754
2020-09-21,18.19,542.65,18.19,542.65,2281.2559556878864,1898.8211791210258,2062.933278136173,2252.401584764232
2020-09-22,72.8,1928.58,72.8,1928.58,2277.7467421984547,1901.655352538071,2057.664522130833,2245.9892761550395
2020-09-23,71.31,680.21,71.31,440.03,2259.461003470112,1762.4529380106355,1994.2278742041337,2210.227706330187
2020-09-24,56.9,2548.61,56.9,2548.61,2262.3381079131955,1837.3250391524798,2015.9683497255403,2216.9283458087975
2020-09-25,80.78,2219.92,80.78,2219,2261.9068829588355,1873.6750354236722,2023.9303752264996,2216.969368664069
2020-09-28,144.14,3069.35,144.14,3069.35,2269.9411428298918,1987.5488415737987,2064.927223256833,2233.848193046959
2020-09-29,47.64,968.97,47.64,968.97,2256.996156334072,1890.5413328524844,2021.94850861931,2208.801100115336
2020-09-30,101.86,2730.41,101.86,2730.41,2261.7067418431857,1970.5288249617715,2049.7313122028663,2219.129989221963
2020-10-01,100.59,2194.54,100.59,2189.63,2260.9895603323084,1991.395603536841,2055.2175352537342,2218.545831019548
2020-10-02,9.7,2514.19,9.7,2514.19,2263.508967692186,2041.185546057142,2073.2164554398623,2224.400170999359
2020-10-05,132.83,2928.66,132.83,2928.66,2270.1273859241046,2125.7069226231283,2106.7632611088875,2238.3459101874905
2020-10-06,96.39,1705.26,96.39,1039.82,2257.8855213875463,2022.2891204685448,2064.922348908539,2214.612723847144
2020-10-07,96.54,3018.33,96.54,3018.33,2265.4521331150336,2117.1501566143975,2102.310884245459,2230.527917434329
2020-10-08,108.35,3069.47,108.35,3069.47,2273.4523108949834,2207.8472845558836,2140.2386927064213,2247.14063194058
2020-10-09,136.34,1927.19,136.34,1927.19,2270.006914766675,2181.1180193600853,2131.883842012052,2240.804975862549
2020-10-12,76.39,1870.8,76.39,1870.8,2266.034706659544,2151.5639222781724,2121.6452599723634,2233.4781446573497
2020-10-13,46.24,873.58,46.24,873.58,2252.179435946514,2029.8511677754893,2072.7015242871726,2206.549468525521
2020-10-14,111.63,1720.93,111.63,1720.93,2246.893371907245,2000.4301041778238,2058.906562550421,2196.933241426006
2020-10-15,8.28,2207.61,8.28,2207.61,2246.502492584785,2020.1615228275548,2064.7380699013847,2197.1446623878674
2020-10-16,300.8,2729.9,300.8,2729.9,2251.3124180317027,2087.755663510645,2090.8228514738794,2207.6942730336523
2020-10-19,156.06,1298.87,156.06,982.03,2238.6827422303923,1982.448457462012,2047.3407788670606,2183.4236933696197
2020-10-20,97.16,2723.86,97.16,2723.86,2243.51037663606,2053.059080560868,2073.870944401686,2194.1254024118057
2020-10-21,84.89,1562.89,84.89,1562.89,2236.7380345799797,2006.3763109836425,2053.832475993777,2181.625691472958
2020-10-22,83.57,3199.96,83.57,3199.96,2246.322332743363,2120.050948032819,2098.7786534057855,2201.7907272853745
2020-10-23,100.95,2140.48,100.95,2140.48,2245.269175203628,2121.9965720296937,2100.4140003310486,2200.576653477743
2020-10-26,22.31,323.45,22.31,323.45,2226.1465963458804,1950.70642231258,2030.7291375729683,2163.405828656402
2020-10-27,39.91,1022.92,39.91,1022.92,2214.1741924021403,1862.3458106637627,1991.2072106093224,2140.8219508612256
2020-10-28,27.51,604.81,27.51,604.81,2198.1606183483877,1742.580495362452,1936.8386925462116,2110.4058726263497
2020-10-29,65.37,3335.37,65.37,3335.37,2209.4761345837273,1894.2747338993613,1991.6830575443994,2134.662588019887
2020-10-30,47.18,1879.07,47.18,1879.07,2206.1885113540384,1892.826664004184,1987.2668592093248,2129.6013486531565
2020-11-02,115.78,3443.93,115.78,3418.94,2218.2556903455406,2038.1707912418808,2043.4109039462141,2155.1328070956683
2020-11-03,106.04,3455.4,106.04,3455.4,2230.5655839739434,2173.145001599797,2098.7830253600882,2180.8806723016946
2020-11-04,74.02,2144.49,74.02,2144.49,2229.7091105015656,2170.415953828388,2100.5754557381238,2180.1600649293837
2020-11-05,158.8,3933.86,158.8,3933.86,2246.6658357702067,2338.363005844732,2172.4689672778054,2214.8867963169205
2020-11-06,142.36,2261.84,142.36,2261.84,2246.816822478961,2331.075100526186,2175.973713659068,2215.8165627264866
2020-11-09,587.36,7056.27,587.36,7056.27,2294.672077976683,2781.0936623808348,2367.357881750869,2311.6671258408137
2020-11-10,116.05,3510.44,116.05,3510.44,2306.769271230646,2850.5552183445648,2412.184631486129,2335.405202556837
2020-11-11,73.76,1650.62,73.76,1650.62,2300.2404227606894,2736.2756737403206,2382.3193518200064,2321.84509953591
2020-11-12,70.13,1223.19,70.13,1223.19,2289.52350313123,2592.1722762412423,2336.8632988074573,2300.0895530104463
2020-11-13,187.12,3613.73,187.12,3613.73,2302.6996871796755,2689.463488027791,2386.936502775792,2326.102235129051
2020-11-16,205.49,4429.74,205.49,4429.74,2323.8642674067432,2855.20410821562,2467.0464438434083,2367.7584284928325
2020-11-17,48.56,3043.07,48.56,3043.07,2331.020543352945,2873.0960979093707,2489.6356029083727,2381.1309348593113
2020-11-18,151.76,2116.16,151.76,1981.28,2327.540537946448,2788.1612314418117,2469.7000890688287,2373.2130945650674
2020-11-19,66.75,2768.1,66.75,2768.1,2331.9242141857867,2786.250637971163,2481.4020463602474,2381.032637246947
2020-11-20,100.55,1926.92,100.55,1925.78,2327.882978223739,2704.301053402481,2459.6129465029826,2372.0177335390867
2020-11-23,148.41,4097.49,148.41,4097.49,2345.4910082911642,2836.9857149831973,2523.84341918914,2406.1855011917783
2020-11-24,205.89,4916.42,205.89,4916.42,2371.072391293242,3035.0270754609883,2617.669951769958,2455.893115029565
2020-11-25,54.44,2375.72,54.44,2375.72,2371.118636155996,2972.2359254170847,2608.1817183672147,2454.3055285933356
2020-11-27,104.55,1104.31,104.55,1104.31,2358.5135750997174,2794.3382182345053,2549.206356862618,2427.572943868715
2020-11-30,93.67,1366.03,93.67,1348.05,2348.459211168377,2656.5964831645524,2502.1021860052606,2406.1962519109184
2020-12-01,119.11,3360.78,119.11,3360.78,2358.5320548383434,2723.6615800060235,2535.77582576976,2425.09890038793
2020-12-02,44.65,3385.89,44.65,3385.89,2368.75452195438,2786.7309533387834,2569.113636523887,2444.1244667168817
2020-12-03,93.48,2988.3,93.48,2988.3,2374.9191535767245,2805.9280054017563,2585.552317444519,2454.9002198512007
2020-12-04,161.27,3810.83,161.27,3810.83,2389.206823690389,2901.6329572682557,2633.602422642773,2481.7503145076125
2020-12-07,111.92,1986.59,111.92,1986.59,2385.2006861412306,2814.4860089569934,2608.2293864607036,2471.9451597648876
2020-12-08,114.66,2761.37,114.66,2761.37,2388.9436643885815,2809.4273414372797,2614.2349007171465,2477.6763447200383
2020-12-09,125.04,2164.18,125.04,2164.18,2386.707210016556,2747.975213681348,2596.5856889243173,2471.4684963097407
2020-12-10,49.31,2717.6,49.31,2717.6,2389.9996755885304,2745.0823361878865,2601.3313481821874,2476.342387471924
2020-12-11,50.5,1096.48,50.5,1096.48,2377.128833045361,2588.0725898842784,2542.3175698221016,2449.0183797992127
2020-12-14,126.43,864.61,126.43,864.61,2362.0788944080937,2423.933295609585,2476.525116103588,2417.643956436852
2020-12-15,90.32,3266.99,90.32,3266.99,2371.082985010998,2504.224410313434,2507.523739001487,2434.462689972756
2020-12-16,68.22,1744.09,68.22,1744.09,2364.8442488417345,2431.8306569502497,2477.5851610014283,2420.791943636662
2020-12-17,103.86,2825.17,103.86,2825.17,2369.4246045746527,2469.2915467645116,2491.215939001372,2428.7994299012826
2020-12-18,230.62,2330.85,230.62,2330.85,2369.040777663462,2456.106637548844,2484.927078648377,2426.8598372299703
2020-12-21,50.46,1711.26,50.46,1711.26,2362.4956952986513,2385.168862544192,2454.587193211186,2412.689543423436
2020-12-22,86.83,1344.68,86.83,1344.68,2352.3681759424458,2286.074685159031,2411.0614209283945,2391.540839593269
2020-12-23,100.43,2686.05,100.43,2618.47,2355.015955286302,2317.7313818105517,2419.195090695908,2396.0344863339965
2020-12-24,45.04,574.1,45.04,574.1,2337.295398517284,2151.671250209547,2346.8384204725394,2359.9565757135215
2020-12-28,123.84,1484.36,123.84,1484.36,2328.808479129052,2088.1177978086375,2313.0157373167535,2342.6180296597886
2020-12-29,87.35,1158.41,87.35,1158.41,2317.1627231178177,1999.5741980173386,2267.7370809513905,2319.1683657061294
2020-12-30,76.91,2070.62,76.91,2070.62,2314.70956169376,2006.3404648728301,2260.0069993454536,2314.2466158901666
2020-12-31,23.93,1563.59,23.93,1563.59,2307.235735209245,1964.1737539325607,2232.6965287828866,2299.3821284467967
2021-01-04,120.91,1664.57,120.91,1664.57,2300.8410512768146,1935.6400630818405,2210.4170570659107,2286.8115912498306
2021-01-05,93.29,3431.24,93.29,3431.24,2312.0888020103785,2078.0781523121414,2258.2924665927376,2309.473539937953
2021-01-06,130.4,4567.67,130.4,4567.67,2334.5323960202254,2315.182137806223,2348.856291432238,2354.19030152334
2021-01-07,134.5,3364.78,134.5,3364.78,2344.7836159603225,2415.1438389675354,2388.696436866268,2374.201978720898
2021-01-08,111.29,2256.86,111.29,2256.86,2343.908754109971,2400.069187637294,2383.5263805185714,2371.87837518187
2021-01-11,63.63,2347.4,63.63,2347.4,2343.943492875046,2395.0530745289802,2382.1096597139217,2371.393654881239
2021-01-12,129.26,3604.07,129.26,3604.07,2356.482065085245,2510.1975436214584,2430.0296730584737,2395.803087457848
2021-01-13,93.3,1874.71,93.3,1874.71,2351.6883131938494,2449.674920419415,2408.252430977749,2385.4844124586825
2021-01-14,161.92,3691.69,161.92,3691.69,2365.0216633113237,2567.962070855661,2458.583316037445,2411.3498696377187
2021-01-15,85.41,1627.64,85.41,1627.64,2357.6845323331017,2478.4075879170264,2425.9973036438196,2395.83086231816
2021-01-19,170.1,3096.36,170.1,3096.36,2365.0345369865036,2537.2601985915953,2452.286036834258,2409.7027264306716
2021-01-20,132.31,2217.21,132.31,2217.21,2363.563646071215,2506.779227297158,2443.0673687231106,2405.8909892736287
2021-01-21,68.93,1758.93,68.93,1758.93,2357.5473908864265,2435.5554913640954,2416.238452302596,2393.079880575141
2021-01-22,55.42,2638.82,55.42,2638.82,2360.346123315417,2454.914015996086,2424.9671404475926,2397.946021553851
2021-01-25,427.32,4009.16,427.32,4009.16,2376.7522315411343,2602.937443044078,2487.0923506261183,2429.8512488498145
2021-01-26,258.49,3041.25,258.49,3041.25,2383.3641496352525,2644.681496087499,2508.8240231505843,2441.9581548131846
2021-01-27,486.4,5496.79,486.4,5496.79,2414.343511330424,2916.310877412499,2625.99915949762,2502.4498745198543
2021-01-28,145.93,3340.72,145.93,3340.72,2423.561187834599,2956.7307938494037,2654.0274277526155,2519.0492829452037
2021-01-29,237.05,1781.16,237.05,1781.16,2417.1691362143542,2844.771670625651,2619.7973325466305,2504.4376139759916
2021-02-01,255.8,4228.03,255.8,4228.03,2435.187652271923,2976.5105591374936,2682.8652802899,2538.5681562734967
2021-02-02,177.29,2869.62,177.29,2869.62,2439.5103621995654,2966.330505886304,2690.1889947883355,2545.123638327487
2021-02-03,130.85,3305.44,130.85,3305.44,2448.1265775010625,2998.6266481828466,2714.316485188793,2560.179407865556
2021-02-04,107.33,2951.91,107.33,2951.91,2453.139347874186,2994.177443594004,2723.6338779264875,2567.9364492939612
2021-02-05,157.87,3047.37,157.87,3047.37,2459.052090681408,2999.243401346956,2736.329412125449,2577.4301829713086
2021-02-08,147.29,3243.51,147.29,3243.51,2466.8576420179115,3022.5068869329602,2756.218846944059,2590.6198823184113
2021-02-09,52.64,1964.19,52.64,1964.19,2461.8559739381312,2921.7148024631547,2725.158892161939,2578.2153301932944
2021-02-10,119.06,2486.42,119.06,2486.42,2462.100392107901,2880.2581546095207,2715.7965826653926,2576.397600882536
2021-02-11,54.99,1800.42,54.99,1800.42,2455.516507609315,2777.41642559909,2679.899461776554,2561.0317077957534
2021-02-12,61.92,2479.01,61.92,2479.01,2455.7502737027544,2748.996766018224,2672.0214436676692,2559.407515562174
2021-02-16,185.55,2926.62,185.55,2926.62,2460.4355446111845,2765.913264492679,2682.005700778741,2566.6790499074773
2021-02-17,76.65,2009.61,76.65,2009.61,2455.949718296645,2693.884382160043,2655.6372419246727,2555.64797961228
2021-02-18,67.77,1089.62,67.77,1089.62,2442.354397716579,2541.097298144801,2594.224801064882,2526.6177225902547
2021-02-19,181.46,3159.26,181.46,3159.26,2449.4877867940263,2599.9699364167245,2616.383044160377,2539.1452924399528
2021-02-22,194.47,3123.34,194.47,3123.34,2456.1927839403543,2649.8147043770364,2636.263709095264,2550.713504470845
2021-02-23,49.82,2930.33,49.82,2930.33,2460.9105671847287,2676.5304468173185,2647.7957205032926,2558.2306627981548
2021-02-24,127.41,4486.86,127.41,4486.86,2481.0692680087614,2848.942785215669,2719.9158883266928,2596.4213427427458
2021-02-25,208.02,1280.65,208.02,945.13,2465.7862902176294,2667.627281861796,2650.316441725646,2563.7225042725922
2021-02-26,112.74,1422.6,112.74,1422.6,2455.406327130887,2549.0532550178154,2602.1706989128757,2541.1260190394714
2021-03-01,178.76,4102.13,178.76,4102.13,2471.791637308689,2696.9653259684997,2660.9926322888414,2572.0369889594817
2021-03-02,87.59,2596.62,87.59,2596.62,2473.0337105692993,2687.408628257214,2658.468215336338,2572.5237812573137
2021-03-03,123.7,3060.26,123.7,3060.26,2478.8767582253263,2722.918282708908,2674.2247559113835,2582.1819242027136
2021-03-04,215.25,2250.64,214.81,2250.64,2476.6057457056713,2677.939398641393,2657.613589012898,2575.616737584838
2021-03-05,111.74,4621.25,111.74,4621.25,2497.9454895294957,2863.016598770784,2734.6189384633726,2616.1243269395936
2021-03-08,87.92,3196.7,87.92,3196.7,2504.898270728207,2894.795970316424,2752.7397644059856,2627.6208749209877
2021-03-09,156.77,3188.19,156.77,3188.19,2511.6971934075286,2922.7382588577166,2769.816244233202,2638.7212536354236
2021-03-10,388.36,3846.77,388.36,3797.82,2524.49443526417,3006.079377061744,2810.1301170083702,2661.6737040584844
2021-03-11,131.68,3366.09,131.68,3204.36,2531.259266754079,3024.963245913006,2825.5901124198067,2672.419967344455
2021-03-12,64.18,3094.34,64.18,2911.98,2535.047532756526,3014.2029367784344,2828.9779511484417,2677.163730367337
2021-03-15,128.38,3199.57,128.38,2992.85,2539.6027811868094,3012.1693237519166,2835.4043060053655,2683.4149436273897
2021-03-16,38.91,1044.51,38.91,983.13,2524.115489831717,2818.927483394591,2762.766097926724,2649.7459348426887
2021-03-17,35.75,3154.72,35.75,3102.59,2529.871455107023,2845.9429611665346,2776.0925254590093,2658.7131440537246
2021-03-18,65.89,1357.53,65.89,1343.75,2518.0692515736196,2702.87696486496,2719.9222303429697,2632.674269914047
2021-03-19,94.59,4227,94.59,3613.58,2528.9698560355737,2789.610587258773,2754.967633074618,2652.098145757333
2021-03-22,58.38,1676.48,58.38,1545.31,2519.1821957765133,2671.105769424604,2707.5300788363975,2630.181548811643
2021-03-23,19.43,547.65,19.43,535,2499.439089350876,2467.667124717499,2622.3328208428134,2588.6928052708186
2021-03-24,82.39,1504.44,82.39,1259.71,2487.103476521514,2352.623589030118,2568.896631790154,2562.376314077337
2021-03-25,80.51,3672.25,63.83,3599.73,2498.174387202892,2471.395628170107,2609.3214697591675,2582.9179712243204
2021-03-26,93.92,3153.85,93.92,3113.58,2504.2978261361964,2532.5560445348588,2629.0963140823374,2593.4261302099776
2021-03-29,57.35,1377.47,57.35,1377.47,2493.085608960712,2422.5478498172533,2580.0129292163633,2569.3477909978988
2021-03-30,66,2624.38,66,2624.38,2494.392020811849,2441.7699593584675,2581.752814345133,2570.4375377108117
2021-03-31,61.3,1998.74,61.3,1993.78,2489.4108066744175,2399.1042489433753,2558.695056919834,2559.0185765680235
2021-04-01,92.15,2659.53,92.15,2622.85,2490.7385598418364,2420.413368091625,2561.2109370406247,2560.282565150835
2021-04-05,126.14,2360.21,126.14,2284.87,2488.6901164603255,2407.5044758924228,2550.3740375488355,2554.8288509894323
2021-04-06,77.05,2487.73,77.05,2456.56,2488.370413808979,2412.176430569335,2546.6950556841753,2552.8829331480574
2021-04-07,118.8,1798.29,118.8,1790.64,2481.4278226267998,2352.982484800827,2517.0458378142075,2537.789013679779
2021-04-08,62.11,1900.25,62.11,1879.25,2475.4360034961846,2307.8651052959863,2492.0342363312975,2524.7486371712685
2021-04-09,61.66,1815.3,61.66,1773.02,2468.4467895310486,2256.927476220178,2463.837599612423,2509.8629215837186
2021-04-12,58.64,1408.72,58.64,1350.25,2457.320453316809,2170.577240389685,2420.167497666838,2486.9002894731498
2021-04-13,65.91,1733.61,65.91,1704.36,2449.8283095027114,2126.17559844781,2392.096615405393,2471.4044421568497
2021-04-14,102.11,2483.49,102.11,2434.1,2449.6718089106444,2155.501731928971,2393.7438069581226,2470.6657403319614
2021-04-15,69.47,2013.14,69.47,1929.28,2444.4937809612848,2133.956805078593,2375.5295400185882,2459.9452306224175
2021-04-16,128.32,2774.55,128.32,2593.2,2445.9734448323165,2177.694252213965,2384.0656364884476,2462.583938926924
2021-04-19,46.69,1581.07,46.69,1548.67,2437.045052346423,2117.7871805745394,2351.305023292822,2444.486633205599
2021-04-20,37.63,1004.01,37.63,994.47,2422.6910717260603,2010.8045919483927,2298.0958066931034,2415.7734325480624
2021-04-21,36.98,3294.79,36.98,3273.37,2431.1555386740597,2131.0489165247363,2336.341853489452,2432.7555427946354
2021-04-22,102.19,1676.6,102.19,1663.75,2423.519662667353,2086.5442578080947,2309.965702372219,2417.5277102640484
2021-04-23,64.33,2920.55,64.33,2876.96,2428.0315068199166,2161.821947540657,2332.200772867426,2426.6253793677306
2021-04-26,98.82,2606.42,98.82,2593.64,2429.679352523201,2202.947476346309,2342.4532915785076,2429.9325995782706
2021-04-27,53.74,1885.96,53.74,1831.59,2423.7282146871494,2167.5800976466608,2322.419437006801,2418.08423126979
2021-04-28,53.95,2308.87,53.95,2280.02,2422.2982822027,2178.28865977555,2320.7567139869266,2415.3502860961307
2021-04-29,137.05,2057.97,137.05,2010.87,2418.2044684494394,2162.344025511212,2308.6042938305764,2407.3407754803657
2021-04-30,35.97,1144.9,35.97,1114.24,2405.229697619097,2062.524594510144,2261.76647838624,2381.7348195302593
2021-05-03,77.57,2595.58,77.57,2554.7,2406.716964309454,2109.398442652035,2273.2540674691327,2385.159872608868
2021-05-04,32.84,1585,32.84,1565.85,2398.3501288436883,2057.631924304222,2245.512731489951,2368.9359147354253
2021-05-05,65.74,2376.39,65.74,1613.63,2390.5419683576815,2015.346026751439,2220.7330165295607,2353.9793619683874
2021-05-06,34.89,2456.08,34.89,2448.6,2391.119660214819,2056.6083099179687,2229.6689766656564,2355.8530379690133
2021-05-07,54.5,3081.53,54.5,3035.91,2397.535484491288,2149.8751375448287,2261.286271698376,2369.3195124646763
2021-05-10,75.04,1552.66,75.04,1479.08,2388.3966239490865,2085.989886350083,2230.6115159454985,2351.691007267356
2021-05-11,13.58,1933.66,13.58,1933.66,2383.8718814222298,2071.4822781262656,2218.9663584574396,2343.4131655392894
2021-05-12,44.85,829.9,44.85,764.55,2367.7592258856903,1947.0125373523356,2161.930422831658,2312.1485483998977
2021-05-13,63.41,2833.36,63.41,2761.31,2371.6751539863303,2024.5646766521131,2185.43550428924,2321.0428345701966
2021-05-14,90.66,3537.4,90.66,3483.12,2382.734306682984,2163.4747074471497,2236.3250923563282,2344.0542635886086
2021-05-17,73.49,2734.34,73.49,2734.34,2386.232870795591,2217.8428305474213,2255.8550887345114,2351.7826940125965
2021-05-18,73.52,1920.47,73.52,1711.64,2379.520503922003,2169.6330371619524,2234.513320548844,2339.106601061852
2021-05-19,22.9,905.73,22.9,885.32,2364.6528372163116,2047.317509813195,2181.6037785665367,2310.3187475754785
2021-05-20,66.81,2264.99,66.81,2234.85,2363.3612666967465,2065.177746973843,2183.6918656815747,2308.8243169304196
2021-05-21,74.73,2178.32,74.73,2131.24,2361.051602351505,2071.4693901191913,2181.6349297724933,2305.3077958030844
2021-05-24,84.99,2377.05,84.99,2377.05,2361.2107903878086,2100.572305345935,2189.2982658598467,2306.728433509954
2021-05-25,82.51,1406.07,82.51,1406.07,2351.7069019262385,2034.4292286463221,2158.5834319045584,2288.8936130444104
2021-05-26,122.21,3366.13,122.21,3366.13,2361.8006640961266,2161.2578735371485,2205.9381992808503,2310.225026647491
2021-05-27,137.79,4543.66,137.79,4543.66,2383.510707239449,2388.153314152658,2297.6135640149346,2354.451461763382
2021-05-28,151.3,2060.76,151.3,1915.15,2378.8504016947777,2343.1053794714526,2282.614992877094,2345.7524229165824
2021-06-01,234.99,4063.64,234.99,4063.64,2395.614477299805,2506.9658195217903,2352.459110803483,2379.7699987004125
2021-06-02,124.71,4164.3,124.71,4164.3,2413.213338222195,2664.8071700435244,2423.5116946935423,2415.1072264489194
2021-06-03,132.57,2436.62,132.57,2316.14,2412.2474343592876,2631.600772896522,2419.301039999678,2413.147479390525
2021-06-04,120.87,1998.9,120.87,1998.9,2408.134524564668,2571.3435564301867,2402.8147247055726,2404.9445590065543
2021-06-07,106.83,2537.37,106.83,2537.37,2409.4204496933776,2568.1079796273116,2408.091402168099,2407.5668449668206
2021-06-08,95.92,2696.31,95.92,2696.31,2412.2750720844883,2580.3176958532817,2419.394092279154,2413.2845312051013
2021-06-09,101.46,1978.35,101.46,1978.35,2407.9574096756874,2522.98743910535,2402.0982455231087,2404.671966230743
2021-06-10,119.56,1846.72,119.56,1846.72,2402.3729578381185,2458.5810163334118,2380.3187064829867,2393.623412443995
2021-06-11,93.68,2400.18,93.68,2400.18,2402.3511373621172,2453.0190147778485,2381.0975807385557,2393.7532458609458
2021-06-14,84.33,1523.65,84.33,1523.65,2393.607842462992,2364.507680037101,2347.472185415475,2376.5234786161745
2021-06-15,72.08,1923.98,72.08,1923.98,2388.9349286076385,2322.5526628907105,2330.864648732515,2367.562221613874
2021-06-16,43.57,1545.02,43.57,1545.02,2380.537765138906,2248.501933091595,2300.0472115273183,2351.2742568294407
2021-06-17,67.02,1388.19,67.02,1388.19,2370.6636580230956,2166.567463273348,2264.2881051929135,2332.2032814466793
2021-06-18,48.93,908.15,48.93,908.15,2356.1112833163984,2046.7181810568386,2211.10621871476,2304.004206566547
2021-06-21,93.99,3238.59,93.99,3238.59,2364.892166069469,2160.2297828609494,2251.399700333789,2322.510855941467
2021-06-22,31.97,1883.24,31.97,1883.24,2360.099607203106,2133.849803540859,2236.9620650265815,2313.812423150547
2021-06-23,89.73,2136.18,89.73,2136.18,2357.8715514100404,2134.071727013158,2233.0098271824018,2310.2949494247937
2021-06-24,93.64,2726.75,93.64,2726.75,2361.541983734319,2190.517276821429,2252.372186900739,2318.5415840896494
2021-06-25,111.73,4091.95,111.73,4091.95,2378.7599739459174,2371.6061076003402,2324.5124932967883,2353.658582424508
2021-06-28,67.07,1203.58,67.07,1203.58,2367.066640871829,2260.3655259241173,2280.554356304757,2330.884749109171
2021-06-29,85.55,1277.14,85.55,1277.14,2356.2215996691243,2166.72499964563,2241.2047737045705,2310.0185164535437
2021-06-30,40.86,2225.23,40.86,2225.23,2354.9182006674414,2172.2969044412844,2240.578311990666,2308.339535929711
2021-07-01,137.37,2180.36,137.37,2038.6,2351.770755884681,2159.5638659230667,2232.657593873385,2302.998158980608
2021-07-02,53.76,1404.29,53.76,1404.29,2342.343086671898,2087.6330215494413,2200.172590192076,2285.201957812675
2021-07-06,49.54,825.26,49.54,825.26,2327.2477325756604,1967.4070194971137,2146.2544494002295,2256.2922160738103
2021-07-07,68.67,1310.2,68.67,1310.2,2317.1278546395843,1904.8158747831028,2113.468000404142,2237.557716745616
2021-07-08,9.66,922.73,9.66,922.73,2303.2532491207826,1811.2838867085215,2066.772392545156,2211.5215243348116
2021-07-09,100.28,2850.07,100.28,2850.07,2308.6942118160982,1910.2158974981862,2097.489945778679,2224.1660486054093
2021-07-12,28.12,1585.38,28.12,1585.38,2301.4970554796196,1879.279145355502,2077.4072028069663,2211.5168199201535
2021-07-13,44.5,835.89,44.5,835.89,2286.913900698728,1779.9087505597397,2028.7202536772813,2184.2766848722295
2021-07-14,93.77,1299.44,93.77,1299.44,2277.0882897465017,1734.1498219350026,2000.1210280428782,2166.755166359908
2021-07-15,41.31,1413.57,41.31,1413.57,2268.4960679579794,1703.618410322145,1977.1190269431575,2151.840608610207
2021-07-16,92.09,598.67,92.09,595.52,2251.8495399185967,1598.0852283867027,1922.9386729453865,2121.022378736737
2021-07-19,6.93,593.6,6.93,593.6,2235.349544496521,1502.41996854035,1870.8077445945871,2090.77639103898
2021-07-20,58.48,3829.35,58.48,3829.35,2251.210245546307,1724.0323524888881,1947.6133232379366,2125.203591216426
2021-07-21,97.88,3045.32,97.88,3045.32,2259.111835142861,1849.8692712994703,1990.6606438952724,2143.4237181230314
2021-07-22,29.44,686.29,29.44,686.29,2243.4618666339766,1739.0521978423778,1939.5088539385952,2114.5695850908924
2021-07-23,64.3,1511.14,64.3,1511.1,2236.1746838813997,1717.3424647145323,1922.708506725317,2102.6196923168154
2021-07-26,84.04,2202.25,84.04,2202.25,2235.8371248378035,1763.5241347417198,1933.670918226285,2104.5925696966806
2021-07-27,60.06,1613.05,60.06,1613.05,2229.6402380234967,1749.193264766318,1921.0975488840777,2094.859053465063
2021-07-28,148.7,3078.21,148.7,3078.21,2238.0837182421683,1875.7662871695259,1966.4745077513687,2114.331349436052
2021-07-29,115.35,2409.16,115.35,2409.16,2239.785969801948,1926.5656883914758,1983.834723133668,2120.169540536328
2021-07-30,52.74,1006.39,52.74,1006.39,2227.5133730875004,1838.9299085446685,1945.503557520583,2098.114500129668
2021-08-02,96.71,1581.8,96.71,1433.51,2219.612842012003,1800.3184886832714,1925.4253787942855,2084.9540149785857
2021-08-03,49.54,2460.3,49.54,2460.3,2222.007739106411,1863.1738707134361,1946.4008541356861,2092.386608741386
2021-08-04,147.94,938.78,147.94,938.78,2209.239303891422,1775.1363592169184,1906.8863108362475,2069.5429135187846
2021-08-05,79.21,2561.99,79.21,2561.99,2212.749261066632,1850.0748011962596,1932.5766515877672,2079.294340973858
2021-08-06,180.35,2080.53,180.35,2080.53,2211.4336465286556,1872.0229153680443,1938.3787436823645,2079.3188094694256
2021-08-09,34.9,1493.05,34.9,1493.05,2204.285550543296,1835.930256761564,1920.9148713810953,2067.7095261135955
2021-08-10,385.53,2370.49,385.53,2370.49,2205.9393261597806,1886.840708498558,1938.5452685818366,2073.705179061841
2021-08-11,47.4,2207.64,47.4,2207.64,2205.956248287544,1917.3930219748856,1949.0980031472548,2076.357353733884
2021-08-12,50.19,1296.71,50.19,1296.17,2196.9036488020956,1858.228924643944,1923.4929834159898,2060.9080992045
2021-08-13,41.81,1197.71,41.81,1197.71,2186.961423440881,1795.32236039214,1895.0309056349706,2043.8150675370844
2021-08-16,13.26,825.42,13.26,825.42,2173.413747585748,1702.95070702146,1853.0853799237952,2019.68843253635
2021-08-17,17.92,936.39,17.92,936.39,2161.1050535799195,1629.9449254003684,1817.1365414954112,1998.2369784267194
2021-08-18,42.53,1427.31,42.53,1067.96,2150.227988370169,1576.4225515527144,1787.757069279905,1979.8156521212397
2021-08-19,24.97,827.99,24.97,827.99,2137.071391470963,1505.1432609286464,1750.1191449944185,1957.0072233663636
2021-08-20,67.03,2671.02,67.03,2671.02,2142.384312948864,1616.179140840204,1786.2329040142454,1971.146090230396
2021-08-23,107.42,2726.02,107.42,2726.02,2148.19163321803,1721.878270283994,1823.0872999352553,1986.0940884436557
2021-08-24,103.41,3154.94,103.41,3154.94,2158.2090299024276,1858.3603397807565,1875.3168175848532,2009.2395520388309
2021-08-25,36.48,1887.08,36.48,1887.08,2155.511228609866,1861.0955455159226,1875.7781188560355,2006.820551008359
2021-08-26,36.91,602.79,36.91,602.79,2140.061266136136,1741.2569221334538,1825.8570161557989,1979.0179658398765
2021-08-27,82.31,2707.53,82.31,2707.53,2145.707721199458,1833.2829295493154,1860.432427286944,1993.4439467143345
2021-08-30,60.81,1254.13,60.81,1251.57,2136.8108284512045,1777.8816981636664,1836.5554693541226,1978.7533735120705
2021-08-31,73.07,2466.36,73.07,2466.36,2140.089924685521,1843.4510602433172,1861.2536862421962,1988.4089502742077
2021-09-01,88.81,2109,88.81,2109,2139.780572201088,1868.7414354582395,1870.9692279581884,1990.7968918529361
2021-09-02,96.68,2387.76,96.68,2387.76,2142.248029194112,1918.1717749384072,1891.235532744142,1998.6575474598087
2021-09-03,53.28,1159,53.28,1157.68,2132.45133238621,1845.743986849035,1862.4686491071168,1982.0045267180303
2021-09-07,81.81,1625.19,81.81,1625.19,2127.4039559445564,1824.7388452443652,1853.1636040440926,1974.9388925255942
2021-09-08,40.5,974.04,40.5,974.04,2115.9276976764513,1743.7199076020447,1818.6881685913831,1955.1191124755824
2021-09-09,45.07,2057.56,45.07,2057.14,2115.3427454607654,1773.5694402113738,1828.0392208034857,1957.1393280701252
2021-09-10,245.82,1169.56,245.82,975.62,2104.00222063031,1697.5742554293383,1794.6110160660942,1937.703301771707
2021-09-13,78.04,2678.28,78.04,2677.8,2109.7116512708044,1790.9290882455919,1829.2458781811492,1952.3586819346435
2021-09-14,65.33,722.71,65.33,722.53,2095.9088487705976,1689.176794126964,1785.8452555073786,1928.005638728017
2021-09-15,49.36,2611.16,49.36,2610.59,2101.0300542554673,1776.930432781539,1818.188186663952,1941.5221607334026
2021-09-16,57.64,1408.29,57.64,1402.81,2094.0825910290446,1741.2999153737733,1801.8988460104636,1930.8545931941273
2021-09-17,159.11,2308.08,159.11,2286.76,2095.9997791780092,1793.2484948619854,1820.913008912014,1937.9022250120654
2021-09-20,4.35,480.81,4.35,464.2,2079.762965454845,1666.6724477322725,1767.7085771899742,1908.7200027345987
2021-09-21,110.38,1888.33,110.38,1862.49,2077.6010454005677,1685.321738424437,1771.4254957315438,1907.8045571358937
2021-09-22,111.98,3260.23,111.98,3257.84,2089.344716590612,1835.0853823840143,1829.7162606048166,1934.5379322421136
2021-09-23,108.19,2993.48,108.19,2992.85,2098.3348189130934,1945.3486792998224,1875.3293484242356,1955.4946068511806
2021-09-24,43.46,1413.63,43.46,1413.38,2091.519348078137,1894.6849955569821,1857.2136877017165,1944.7596641412563
2021-09-27,2882.04,2887.38,2882.04,2882.87,2099.3934839181557,1988.7978531229837,1897.4355038702765,1963.3361064354888
2021-09-28,72.27,1075.61,72.27,892.97,2087.3892701478258,1884.4332956826995,1858.0446997969323,1942.1407379912216
2021-09-29,58.56,1703.8,58.56,1703.54,2083.5698744249617,1867.2053627605376,1851.9856919617584,1937.4159709022865
2021-09-30,59.18,1431.39,59.18,1276.1,2075.5353483112804,1810.9096139262006,1829.4019393358071,1924.3206051418451
2021-10-01,116.92,2926.32,116.92,2926.32,2084.000867233556,1917.1391745046576,1872.4183338716578,1944.1621773172542
2021-10-04,1051.95,1882.93,1018.18,1786.99,2081.045535221282,1904.7440150280236,1869.0682031315928,1941.0498569743384
2021-10-05,71.67,2377.2,71.67,2375.03,2083.9707537762943,1949.533156453926,1888.9098422244715,1949.6435231728663
2021-10-06,32.73,1575.7,32.73,1575.7,2078.9133333407094,1913.9299986964093,1876.627103313708,1942.2387009318195
2021-10-07,113.25,2842.54,113.25,2842.48,2086.5110116159262,2002.3633321538941,1914.5036874974842,1960.0652613094073
2021-10-08,77.8,1703.43,77.8,1703.43,2082.699260256564,1973.8934909963805,1906.226287987779,1954.9833749468448
2021-10-11,103,1365.04,103,1293.84,2074.849914383364,1909.126491853868,1882.2111394392387,1941.8914269280954
2021-10-12,75.85,1807.34,75.85,1746.88,2071.586532150694,1893.6744450106423,1876.9040359318176,1938.0298145136776
2021-10-13,65.06,2010.65,65.06,2010.65,2070.9801984974533,1904.8149740572478,1882.1489756991973,1939.4678379886543
2021-10-14,111.28,2664.14,111.28,2664.14,2076.882286074593,1977.1316431946527,1912.8152903776602,1953.8177817908593
2021-10-15,143.46,2316.13,143.46,2316.13,2079.262860342508,2009.4172009856381,1928.631553500105,1960.9922811613374
2021-10-18,679.03,1690.91,679.03,1690.91,2075.3986527769107,1979.0831818441488,1919.3091396373557,1955.6441171779445
2021-10-19,87.58,2046.64,87.58,2046.64,2075.1124970278865,1985.5171645256585,1924.3025067104006,1957.4460158476882
2021-10-20,57.45,2564.54,57.45,2564.54,2079.982422430594,2040.6621964755957,1949.4098593884241,1969.4676789002092
2021-10-21,63.14,1329.6,63.14,1315.09,2072.3715525556627,1971.560082525539,1924.5345707849565,1956.5097050606012
2021-10-22,58.97,1559.74,58.97,1550.83,2067.1820843710293,1931.49055085644,1909.8794895777032,1948.4764435742527
2021-10-25,85.71,2434.49,85.71,2434.08,2070.832809899676,1979.3562126796362,1930.436372339362,1958.0923555826832
2021-10-26,83.29,1431.93,83.29,1431.93,2064.4755680101266,1927.2203829006232,1910.8871028358576,1947.6732990364915
2021-10-27,55.77,835.71,55.77,833.92,2052.231234000076,1823.0965369100877,1868.6530988030788,1925.6187782634915
2021-10-28,107.16,2715.27,107.16,2715.27,2058.8286346567916,1908.065438156746,1901.853761595115,1941.25543611966
2021-10-29,75,1566.99,75,1566.99,2053.9347178940375,1875.5820630941987,1888.7218493756986,1933.8442393648154
2021-11-01,119.19,3119.52,119.19,3119.48,2064.5371585120074,1994.0485332757037,1936.986874890377,1957.3221752189775
2021-11-02,59.87,1507.65,59.87,1507.24,2058.991913153679,1947.6858158208747,1920.134056267225,1948.4096568978096
2021-11-03,76.95,2896.47,76.95,2896.47,2067.325028445682,2038.0462143141247,1958.421740335177,1967.183129038447
2021-11-04,102.16,1446.04,102.16,1445.98,2061.1424908492077,1981.6589558080175,1938.325985812229,1956.8622749980818
2021-11-05,147.76,2880.36,147.76,2872.97,2069.2203765123995,2066.5457219215396,1974.978692250965,1975.0030220278227
2021-11-08,204.99,2633.54,204.99,2617.87,2074.679576746107,2119.0527960242503,2000.1901160842604,1987.7330611955886
2021-11-09,101.03,1605.9,101.03,1605.9,2070.015103345648,2070.181101164798,1984.72775859076,1980.1720104788442
2021-11-10,513.21,1487.27,513.21,1487.27,2064.2166446058905,2014.6657581967218,1965.2196111950439,1970.411574627778
2021-11-11,116.14,2482.21,116.14,2482.21,2068.3757824705085,2059.1937812256056,1985.493744089356,1980.5461969123764
2021-11-12,78.82,1862.59,78.82,1862.48,2066.3270682170705,2040.4591353945955,1980.669675693695,1978.208252419062
2021-11-15,92.75,1783.54,92.75,1783.54,2063.513266543269,2015.990646309396,1972.9391001762951,1974.3534355394768
2021-11-16,62.34,1502.63,62.34,1502.63,2057.9323385179628,1967.0991561846915,1954.4956060517345,1965.0123774099823
2021-11-17,64.67,1194.31,64.67,1194.31,2049.3390814182817,1893.5001889290065,1924.6844058144115,1949.750944193943
2021-11-18,81.21,1166.42,81.21,1166.42,2040.5538169265576,1824.2544566500535,1894.948546762866,1934.2394403485184
2021-11-19,71.32,1060.24,71.32,1059.66,2030.7936794447014,1751.435936969096,1862.1921331643223,1916.9210355891419
2021-11-22,79.62,2331.43,79.62,2329.05,2033.761404027341,1806.4468001148964,1880.500284804937,1925.082005181436
2021-11-23,95.3,2292.22,95.3,2292.22,2036.333131350452,1852.7109143896682,1896.6461559890572,1932.3520644847738
2021-11-24,26.69,1922.61,26.69,1922.61,2035.2015579041788,1859.3679701620808,1897.6643459502707,1932.1591523167585
2021-11-26,35.91,339.97,35.91,339.94,2018.333283696177,1714.6605444323588,1836.5771166973188,1900.6300601916741
2021-11-29,124.57,1951.89,124.57,1951.89,2017.67215649522,1737.2538259149912,1841.099190552326,1901.6451085047104
2021-11-30,42.28,659.7,42.28,659.7,2004.1599957340734,1634.6296520183255,1794.7698105306663,1877.0521360590726
2021-12-01,151.25,1506.94,151.25,910.7,1993.2797967715453,1565.683970873723,1760.1004061961303,1857.9164501965167
2021-12-02,277.7,4080.49,277.7,4080.45,2014.0476594902364,1805.185497457178,1851.0945079139292,1901.92701553916
2021-12-03,77.27,1218.15,77.27,1218.15,2006.128279793816,1749.2773548422085,1826.2731546624025,1888.3868766175924
2021-12-06,80.8,3676.78,80.8,3674.61,2022.7300879550717,1932.6423686667601,1898.756952518779,1923.757631536056
2021-12-07,135.45,3550.79,135.45,3550.56,2037.9323756371107,2086.7297621270686,1963.5335426160816,1955.9715398224707
2021-12-08,93.98,2675.8,93.98,2666.91,2044.190859461617,2141.9850228768714,1991.1169331017254,1970.0495291329169
2021-12-09,37.72,815.36,37.72,811.92,2031.9294578749343,2015.3121635552645,1944.873916117344,1947.1162711302848
2021-12-10,98.64,1960.18,98.64,1960.18,2031.215532920955,2010.061481311906,1945.4741547009776,1947.3749588306753
2021-12-13,42,952.35,42,952.35,2020.4805524938809,1909.3270545202959,1906.5281094185864,1927.6714942993747
2021-12-14,44.19,1609.25,44.19,1609.25,2016.3887062004094,1880.7482874231248,1894.8701443433476,1921.3661181746345
2021-12-15,39.56,2713.99,39.56,2713.67,2023.3268285267734,1960.0741648113985,1926.9799426043928,1937.0553039533545
2021-12-16,105.93,2341.82,105.93,2341.35,2026.4912381931736,1996.3861491150749,1943.2297487767696,1945.0611395186345
2021-12-17,63.47,3075.74,63.47,3070.74,2036.881773136525,2098.7055634850676,1987.4458370600335,1967.3518100232159
2021-12-20,20.6,864.08,20.6,862.78,2025.1991684286988,1980.9983669626802,1943.3412944302281,1945.4791009138453
2021-12-21,102.13,3394.46,102.13,3394.46,2038.8236543149806,2115.613760585282,2000.247910334925,1974.1717919848581
2021-12-22,42.29,2395.51,42.29,2395.51,2042.3727721824932,2142.2705452914456,2015.7483844394378,1982.515122836643
2021-12-23,61.69,2063.15,61.69,2061.21,2042.560207285155,2134.550493358927,2017.5311928927931,1984.0734372359175
2021-12-27,50.29,1772.67,50.29,1762.72,2039.7757276106759,2099.1380654199816,2007.5385970930759,1979.6902008550082
2021-12-28,56.58,1057.49,56.58,1057.2,2029.998854699127,1999.9058687133167,1970.270416814916,1961.42306816481
2021-12-29,33.98,1158.36,33.98,1156.94,2021.311701916051,1919.6234050263342,1938.3751063515858,1945.4927103793682
2021-12-30,82.1,1853.43,82.1,1853.43,2019.641237220369,1913.3192712143025,1935.0439257103471,1943.66968641146
2021-12-31,51.98,1120.77,51.98,1120.77,2010.697244810216,1837.838388241512,1903.1116148981766,1927.3746431161835
2022-01-03,110.63,2637.31,110.63,2636.18,2016.9209538170796,1913.8709226947012,1931.8593947060913,1941.4103927574472
2022-01-04,113.4,2909.86,113.4,2909.86,2025.8059194507405,2008.727025295206,1970.212359619578,1960.5876127028444
2022-01-05,217.21,1421.87,217.21,1152.48,2017.116109306952,1927.1796895528055,1938.1444239482219,1944.5854817582335
2022-01-06,234.59,2323.08,234.59,2323.07,2020.160426627281,1964.8835286430144,1953.2395445777033,1952.080224693714
2022-01-07,81.14,2516.31,81.14,2516.31,2025.0972383026312,2017.4003354389179,1975.3207389079894,1963.2530915314621
2022-01-10,46.88,1706.99,46.88,1706.99,2021.9319921503663,1987.8374463494972,1964.7979648331664,1958.178574867473
2022-01-11,75.24,3332.77,75.24,3332.73,2034.9747583976264,2115.9224514590687,2018.4423583691207,1985.397414969107
2022-01-12,109.9,2355.17,109.9,2354.96,2038.158691149889,2138.687932272491,2031.6391286291553,1992.715485959818
2022-01-13,57.16,1788.49,57.16,1788.49,2035.674425566308,2105.3357482465394,2022.1038686829138,1988.6714169309107
2022-01-14,32.89,2196.93,32.89,2196.93,2037.2789586452502,2114.0590103182976,2028.9597954012308,1992.7953492689126
2022-01-18,45.86,793.93,45.86,769.83,2024.6675262209194,1986.037199811793,1979.5821563658885,1968.5782136398252
2022-01-19,104.03,1483.79,104.03,1348.54,2017.9398891440944,1925.3231807820985,1954.8354051358538,1956.3002292113138
2022-01-20,91.64,1906.95,91.64,996.86,2007.7798902471382,1836.8981159457082,1917.2677421893497,1937.3014127912877
2022-01-21,120.98,703.83,120.98,597.54,1993.7476525332363,1718.8640096651645,1865.513713083885,1910.7714838251236
2022-01-24,36.37,3006.77,36.37,3006.62,2003.825984348826,1841.5074373161012,1910.2629792374582,1932.4714544424478
2022-01-25,39.8,2307.14,30.22,2307.14,2006.8440342558029,1885.8533956669487,1925.8267839732441,1939.8906335623992
2022-01-26,76.59,2083.58,76.59,1899.33,2005.7742428701729,1887.136881793906,1924.787694405666,1939.0874526997775
2022-01-27,92.89,1624.24,92.89,1623.33,2001.968827518231,1862.012416861153,1912.9658240368162,1932.8348298740393
2022-01-28,34.5,3490.86,34.5,3487.16,2016.746849134965,2016.788377160091,1974.6989289765488,1963.6135461141573
2022-01-31,138.22,4052.94,138.22,4046.57,2036.9440944172043,2210.1009126686536,2055.9487748990373,2004.8602085673424
2022-02-01,107.74,3666.53,107.74,3657.61,2053.070123328476,2347.9589209859246,2118.759019020644,2037.5879272095733
2022-02-02,96.88,1977.57,96.88,1976.95,2052.3127091660035,2312.624738034884,2113.1978810198343,2036.3871761757205
2022-02-03,16.94,786.5,16.94,786.19,2039.714473253904,2167.250001079181,2061.1583562739584,2011.6307964494686
2022-02-04,262.35,2776.74,262.35,2773.84,2047.019204863318,2225.020477166878,2089.106656027921,2026.7240480049247
2022-02-07,62.96,2380.45,62.96,2379.5,2050.3274714815934,2239.732812674795,2100.4946303013357,2033.709710420669
2022-02-08,262.75,2843.83,262.75,2841.42,2058.199038929538,2297.0363543248145,2129.550527152264,2049.7039735806557
2022-02-09,109.41,3537.86,109.41,3526.26,2072.8066106814827,2414.1052729605462,2184.3234476560965,2078.9427067770785
2022-02-10,85.74,1805.68,85.74,1600.75,2068.109529978184,2336.6428660119227,2161.438214414681,2069.473544266641
2022-02-11,90.11,1784.58,90.11,1784.08,2065.2833655007894,2284.0178311536442,2146.639853065086,2063.8221869544304
2022-02-14,298.84,1105.12,222.54,1099.14,2055.669998679886,2171.1723234247256,2105.56142745469,2044.7195693909764
2022-02-15,103.83,3448.43,103.83,3440.34,2069.447809638295,2292.045435479514,2157.905685201565,2072.355617521848
2022-02-16,71.56,2170.09,71.56,2168.27,2070.4311150150284,2280.2572987671792,2158.312128919151,2074.254912224386
2022-02-17,180,1006.69,180,1002.94,2059.8093128755754,2158.608032217924,2113.003417981145,2053.0407555466754
2022-02-18,70.33,1410.73,70.33,1388.56,2053.130215235022,2085.2701243876454,2084.593872177963,2039.882720783375
2022-02-22,62.81,1095.59,62.81,962.89,2042.2820538894,1978.3767792078697,2040.605485033729,2018.5561322530111
2022-02-23,341.6,1252.04,341.6,1250.94,2034.4080036019434,1909.0970859499773,2009.6382111108378,2003.3558128024565
2022-02-24,28.88,3403.44,28.88,3375.16,2047.7488194865011,2048.7221253833127,2063.188085184923,2030.520252152903
2022-02-25,101.18,3984.84,101.18,3980.89,2066.984055113501,2232.738113442045,2138.3920818443376,2069.141435278588
2022-02-28,2106.24,2664.62,2106.24,2664.62,2072.9306814307797,2273.8697216856594,2159.0284707916185,2080.9330900255463
2022-03-01,86.14,1941.37,86.14,1933.91,2071.5473910682845,2241.4926053346444,2150.200295466457,2078.021741708209
2022-03-02,123.36,4200.54,123.36,4195.21,2092.6783623014358,2427.560928636107,2230.3967544677726,2119.946261674383
2022-03-03,72.54,1857.2,72.54,1855.26,2090.315990537242,2373.056078289811,2215.6855091945267,2114.704949562019
2022-03-04,37.98,1978.17,37.98,1976.18,2089.180309039359,2335.2583565479244,2206.2931362849376,2111.96188125386
2022-03-07,120.55,1906.76,120.55,1897.24,2087.270455218072,2293.5423225909794,2194.173405450234,2107.7099628131896
2022-03-08,103.85,4498.3,103.85,4473.92,2111.0182118825687,2501.1973394870765,2283.57523268748,2154.5656071139183
2022-03-09,104.46,4145.31,104.46,4135.27,2131.160020719558,2656.823307154974,2356.190713758559,2193.7874762799793
2022-03-10,186.21,2304.66,186.21,2302.43,2132.864199617871,2623.071563616405,2354.08245047391,2195.938813383346
2022-03-11,71.71,1016.06,71.71,815.39,2119.7550036017724,2450.911414700557,2293.741570063168,2168.6012131183293
2022-03-14,48.82,1401.24,48.82,1398.95,2112.5828145112073,2350.724613300504,2258.651704570495,2153.3605950367782
2022-03-15,296.76,3864.29,296.76,3860.63,2129.976318844429,2494.5251263195037,2321.4743828226324,2187.167909986545
2022-03-16,210.96,5199.57,210.96,5192.09,2160.445111691748,2751.4360666700272,2434.047544280568,2246.671317709584
2022-03-17,55.16,3635.99,55.16,3626.72,2175.034911575412,2834.7964412728816,2480.819013132311,2273.999014388602
2022-03-18,126.92,5579.69,126.92,5569.22,2208.8078975298854,3095.2177325802263,2601.9327773232008,2339.250915093778
2022-03-21,102.76,2200.27,102.76,2185.28,2208.573789096752,3008.556996144014,2585.5934527222907,2336.20198608202
2022-03-22,102.11,3271.09,102.11,3255.31,2218.9890747773816,3032.0572822255367,2611.856846733181,2354.4021447734654
2022-03-23,62.03,2018.99,62.03,2015.4,2216.9633128392984,2935.232779156438,2588.4663821554095,2347.689231015575
2022-03-24,72.5,2859.12,72.5,2848.6,2223.2482550001014,2926.9820382843964,2598.667700502256,2357.6082561439794
2022-03-25,51.35,2549.38,51.35,2547.63,2226.4759340548267,2890.8532727335014,2596.666222051187,2361.3710629530096
2022-03-28,60.02,2150.76,60.02,2143.74,2225.652690929903,2819.699627711263,2578.904409421729,2357.06153695394
2022-03-29,425.92,3923.52,425.92,3918.41,2242.4960472390585,2924.338710786381,2631.4340404247982,2387.979328301387
2022-03-30,56.54,1657.19,56.54,1655.11,2236.6514099530978,2803.459785949583,2593.1468231532376,2373.4670643746267
2022-03-31,42.52,967.73,42.52,818.88,2222.544231744609,2614.452187287718,2523.567732049189,2342.6831621097826
2022-04-01,365.74,3150.51,365.74,3147.5,2231.74777172725,2665.2186456412687,2548.0356641256913,2358.6201291967177
2022-04-04,121.01,2932.64,121.01,2923.42,2238.6300824563323,2689.809250818291,2562.7566184737034,2369.8042850542083
2022-04-05,111.7,1054.62,111.7,1048.72,2226.790181138359,2533.515036454644,2503.382633435519,2343.6442002016497
2022-04-06,31.98,1484.15,31.98,1453.98,2219.1005275946936,2430.702175839916,2462.2295889870675,2326.0270873263694
2022-04-07,65.28,1837.85,65.28,1836.82,2215.2967412504677,2374.141968617067,2437.7037227522806,2316.339818270402
2022-04-08,50.28,2245.43,50.28,2245.43,2215.596574670861,2361.883685891632,2430.163576761995,2314.935663453166
2022-04-11,251.75,1640.79,251.75,1637.79,2209.8472555199073,2292.9223824733813,2399.0901031634853,2301.526838434291
2022-04-12,98.45,1665.4,98.45,1662.17,2204.397730589361,2232.850726999726,2370.191275588447,2288.866306980147
2022-04-13,67.68,3113.44,67.68,3110.4,2213.4126785436956,2316.426848237847,2399.2190687026255,2305.134300901332
2022-04-14,106.35,1247.64,106.35,1243.95,2203.7662837323155,2214.2861960247187,2353.9143993417383,2284.1207503884343
2022-04-18,58.63,1602.89,58.63,1600.61,2197.7647286703022,2155.8408440223648,2324.3730503479446,2270.5858840441088
2022-04-19,68.51,2795.99,68.51,2789.48,2203.6524428128864,2216.187430305949,2342.6125385695937,2280.8610150531363
2022-04-20,246.26,2455.93,246.26,2451.85,2206.122070247584,2238.631484562525,2346.8963605864724,2284.2469355471335
2022-04-21,97.17,720.63,97.17,719.26,2191.327422782434,2093.9294384137133,2283.067483700728,2253.2570952392693
2022-04-22,194.74,569.77,194.74,568.73,2175.182174794549,1948.6723490409788,2215.838562771288,2219.9001230563135
2022-04-25,128.64,2380.11,128.64,2376.41,2177.1844417120165,1989.4092681799332,2222.135481878296,2222.999328540347
2022-04-26,102.26,540.99,102.26,506.59,2160.5616114462255,1848.18838549613,2154.859188471304,2189.0110250048947
2022-04-27,83.37,2353.93,83.37,2350.85,2162.4550282477558,1896.0609202107842,2162.5451026489,2192.2157571830157
2022-04-28,81.72,3670.66,81.72,3660.32,2177.3591573199174,2064.085594476424,2221.2813731332567,2221.2871283279064
2022-04-29,99.8,909.55,99.8,673.01,2162.390508988376,1931.6022045262882,2160.5648486966584,2190.6281752917102
2022-05-02,45.7,2864.05,45.7,2860.13,2169.333190490979,2020.0334231428321,2187.9987761987504,2203.885637167122
2022-05-03,266.19,3217.34,266.19,3211.82,2179.706193570671,2133.5369066530384,2228.148628112525,2223.8447334608422
2022-05-04,48.88,4377.43,48.88,4366.23,2201.4626493560377,2346.1743441146536,2311.9949564218377,2266.26820408538
2022-05-05,92.91,314.11,92.91,313.84,2182.680334437072,2152.6186922942106,2233.635938522942,2227.6062594500263
2022-05-06,29.77,1561.2,29.77,1560.67,2176.491176880484,2096.242626361429,2207.2451174043954,2214.3996008470554
2022-05-09,3.07,456.91,3.07,336.65,2158.1842994985886,1928.662376231769,2133.8884461336347,2177.2164404342425
2022-05-10,129.83,2331.26,129.83,2331.26,2159.9064457722347,1967.0050070668387,2141.628507069571,2180.266807950396
2022-05-11,599.93,1839.01,599.93,1836.78,2156.691257257088,1954.6026254414255,2129.6736636550777,2173.4650889810814
2022-05-12,154.24,3569.13,154.24,3565.87,2170.712936289356,2108.0566611136705,2185.9950886097804,2201.0374634567033
2022-05-13,128.58,4634.35,128.58,4628.28,2195.1663399083673,2348.0779314837973,2281.7709674878283,2249.101672101125
2022-05-16,260.23,2142.96,260.23,2141.43,2194.6316499590303,2328.397176104388,2276.2674001353644,2246.969559782291
2022-05-17,142.03,3993.15,142.03,3988.87,2212.4847678698857,2486.537445046827,2343.428286404566,2281.462637806404
2022-05-18,120.06,345.77,120.06,325.72,2193.7109890851107,2280.74530742332,2264.3024712514457,2242.7350608201386
2022-05-19,186.53,2875.08,186.53,2872.82,2200.4682926763035,2337.133373383004,2288.165903751389,2255.2119903088487
2022-05-20,296.87,2200.02,278.95,2198.36,2200.447314639723,2323.9168616322418,2284.6441036042756,2254.0862083225347
2022-05-23,96.87,3106.21,96.87,3082.62,2209.2251523049995,2396.174303381552,2315.9372760119513,2270.492818058722
2022-05-24,18.42,1571.22,18.42,1570.45,2202.869180640273,2317.53389353569,2286.7024808742276,2256.630584037757
2022-05-25,73.89,3846.74,73.89,3838.93,2219.1483927732056,2462.4287608180052,2347.5741482909248,2287.96324573998
2022-05-26,410.78,3965.96,410.78,3961.67,2236.4869162281984,2605.2136407401,2410.8720248285354,2321.1059537451288
2022-05-27,101.28,3676.77,101.28,3673.37,2250.784260345331,2706.9428178124713,2460.3817493450633,2347.8834596115616
2022-05-31,239.17,1907.02,239.17,1904.65,2247.340138351845,2630.5339780208074,2438.588347409963,2339.1065594212337
2022-06-01,84.71,1493,84.71,1491.5,2239.819340955309,2522.054551542635,2401.44762790369,2322.322271115863
2022-06-02,267.69,3483.94,267.69,3477.64,2252.1359644283907,2613.0626894909556,2443.6512503388394,2345.1998499056476
2022-06-03,19.23,832.22,19.23,831.41,2237.999387667909,2443.3814809680075,2380.426103266728,2315.2238132738526
2022-06-06,180.79,2632.98,180.79,2628.87,2241.888647492109,2461.04705420915,2390.169001177837,2321.434628852588
2022-06-07,42.12,2947.67,42.12,2936.45,2248.7997057260186,2506.32352523685,2411.591785445373,2333.613151053527
2022-06-08,48.33,1359.49,48.33,1356.81,2239.9241862660583,2396.846046642864,2370.2277938592797,2314.2705143990015
2022-06-09,19.27,467.03,19.27,285.08,2220.473000333063,2195.7254707721154,2288.457292139308,2274.0885240148627
2022-06-10,19.02,554.32,19.02,554.32,2203.8943635138285,2039.40114022239,2220.451908133845,2240.033701757143
2022-06-13,13.54,109.6,13.54,88.84,2182.8490464639394,1853.6334125821625,2136.8592842854587,2197.435806672843
2022-06-14,75.5,2018.16,75.5,2015.12,2181.1801007279796,1869.0130875743375,2132.0851947056367,2193.8255926793213
2022-06-15,104.83,4259.53,104.83,4255.01,2201.8152241038206,2096.250888757734,2215.3371478544354,2234.6411254975524
2022-06-16,10.79,365.09,10.79,364.82,2183.5366646600014,1931.3527088760452,2142.7678479385754,2197.6149645966107
2022-06-17,288.16,4866.62,288.16,4847.19,2210.0406779469668,2209.051498506898,2248.823618607651,2250.0817969808363
2022-06-21,2368.84,4139.86,2368.84,4132.65,2229.1711189624198,2392.251355791955,2322.6991629759787,2287.3603752584436
2022-06-22,44.39,1993.98,44.39,1987.94,2226.7708093210026,2353.7455123831974,2309.5713526631953,2281.431258916692
2022-06-23,84.54,2399.44,84.54,2399.44,2228.4889107207937,2358.0973683467023,2313.09561334307,2283.768065670817
2022-06-24,108.09,6537.21,108.09,6532.98,2271.3196678280497,2755.705238027969,2478.5812755649104,2367.910876251593
2022-06-27,66.62,2264.8,66.62,2263.26,2271.239472128268,2708.8056915491147,2470.1373039741297,2365.8385816723535
2022-06-28,397.39,1048.21,397.39,1046.3,2259.0510196692803,2550.4718161634846,2414.3005469555364,2339.7091048075545
2022-06-29,222.02,1016.35,192.42,1015.33,2246.6756861402328,2404.267833671724,2359.438956878849,2313.483775999484
2022-06-30,18.64,1027.55,18.64,1026.94,2234.5390126463003,2273.093754274417,2307.1840958247763,2288.0076616232564
2022-07-01,54.37,2855.3,54.37,2852.81,2240.6909627692226,2328.304825295901,2328.5811901061575,2299.191866343588
2022-07-05,7.91,1887.56,7.91,1885.02,2237.151948214305,2286.0872228867674,2311.186633631406,2290.9904432476756
2022-07-06,37.77,1157.19,37.77,1111.13,2225.9477497246103,2174.18653499279,2264.1255891752726,2267.6268701140584
2022-07-07,100.11,3566.25,100.11,3558.34,2239.2053840557087,2306.010674517286,2314.8790954821247,2293.185545953384
2022-07-08,94.42,1432.36,94.42,1430.61,2231.159658841224,2222.6391817061162,2280.2018760514534,2276.104842073119
2022-07-11,23.43,510.33,23.43,510.04,2214.0340900965352,2059.534497734105,2210.7837632651217,2241.133261041968
2022-07-12,190.23,1453.55,190.23,1450.08,2206.4325568617437,2001.4912122356188,2180.952243137078,2225.468840031236
2022-07-13,329.06,1994.52,329.06,1991.58,2204.29472047506,2000.547287260798,2173.525880661114,2220.8373778523996
2022-07-14,8,589.73,8,589.45,2188.226613803666,1866.1570694264362,2111.40525789009,2188.532677300867
2022-07-15,264.02,3531.87,264.02,3528.17,2201.55938381557,2024.444015195347,2166.9646595414592,2215.0601490374834
2022-07-18,131.23,2633.66,131.23,2615.62,2205.6793899467584,2080.7464899386473,2184.558986618265,2222.992027274365
2022-07-19,87.79,3531.92,87.79,3525.79,2218.814818902512,2218.3696813730617,2237.156281260686,2248.790006932298
2022-07-20,47.74,2561.16,47.74,2556.78,2222.1776565253726,2250.599235528008,2249.690544740659,2254.888818676213
2022-07-21,34.39,2379.07,34.39,2370.32,2223.6517096942744,2262.0012130967693,2254.4211116135743,2257.1745846430204
2022-07-22,55.65,794.52,55.65,794.36,2209.429901637615,2122.2258594685054,2197.1638131189243,2228.2079592045447
2022-07-25,37,2156.09,37,2153.86,2208.876967292962,2125.238634757219,2195.4656243691625,2226.7357223886133
2022-07-26,50.27,1025.68,50.27,1025.02,2197.097295976614,2020.455907637484,2149.5657959625287,2202.939371450225
2022-07-27,88.33,3426.49,88.33,3420.07,2209.2661786037124,2153.7524878624854,2199.3894902385077,2227.0409680551707
2022-07-28,77.98,3147.37,77.98,3141.19,2218.5390524484515,2247.794155685106,2236.322843562488,2245.142929083781
2022-07-29,50.24,2975.79,50.24,2972.88,2226.0449325235913,2316.8499503817625,2265.2074379325863,2259.553564151429
2022-08-01,37.53,1832.41,37.53,1826.21,2222.0664754835557,2270.12233605969,2247.9918521313084,2250.9725034751627
2022-08-02,57.19,1901.89,57.19,1898.88,2218.8506896578488,2234.765923101624,2234.301191263414,2244.0003746934763
2022-08-03,80.79,2793.46,80.79,2791.68,2224.5504837906064,2287.8053589967076,2256.1591837628876,2254.845515788655
2022-08-04,63.76,1889.24,63.76,1881.48,2221.1368471359738,2249.107705758926,2241.4658824388525,2247.452139238385
2022-08-05,25.16,2491.4,25.16,2489.13,2223.8034456719342,2271.9669718771233,2251.1782007745837,2252.2378394514863
2022-08-08,105.79,2825.06,105.79,2818.43,2229.720127804552,2324.011069793588,2273.4233693716587,2263.449565402942
2022-08-09,62.21,1483.19,62.21,1482.38,2222.283907627392,2243.8557298132464,2242.4020607688485,2247.982841335557
2022-08-10,131.68,4010.01,131.68,4001.79,2239.990435909707,2411.278041259604,2311.3976662288937,2282.711695962576
2022-08-11,120.63,2790,120.63,2779.22,2245.355904209113,2446.320132568213,2329.7436401022705,2292.5435435672775
2022-08-12,93.71,3171.1,93.71,3166.67,2254.523208644843,2514.9248818474307,2362.5642816668874,2309.8529783481235
2022-08-15,54.42,1649.31,54.42,1643.08,2248.4391966185262,2431.8920359571994,2334.3492117975975,2296.6495530342995
2022-08-16,80.35,2627.54,80.35,2622.39,2252.16010013476,2450.034699199371,2345.6449289820052,2303.0998589148085
2022-08-17,50.3,750.23,50.3,749.32,2237.206467297598,2288.061870704193,2283.043951374868,2272.3319409164956
2022-08-18,39.79,1689.62,39.79,1682.26,2231.684611901602,2230.366454446651,2259.4837964189906,2260.64734802706
2022-08-19,25.94,576.02,25.94,574.9,2215.199192877705,2072.7029825945892,2193.4216867555006,2227.266212422564
2022-08-22,14.62,680.02,14.62,674.26,2199.866464590365,1939.5179366331997,2133.846718647442,2196.5136141567705
2022-08-23,327.67,2077.06,327.67,1984.76,2197.72610175862,1943.826704572895,2128.0001806612677,2192.3204732823788
2022-08-24,223.45,2525.45,223.45,2520.97,2200.9424589550517,1998.7927327088098,2143.410761811806,2198.8283847025295
2022-08-25,79.67,2921.02,79.67,2915.15,2208.0490016520166,2086.064853403209,2173.6750456623236,2213.0129711440636
2022-08-26,277.54,451.05,188.35,353.42,2189.594981735081,1921.0510578409985,2102.2924948520363,2176.1893479530922
2022-08-29,28.84,1239.86,28.84,1168.65,2179.4363252004036,1849.393814237094,2065.679063681368,2156.238073736199
2022-08-30,65.6,700.54,65.6,698.51,2164.7007398750266,1739.7858319287993,2012.0645905958243,2127.3721712859774
2022-08-31,74.05,1431.55,74.05,1427.22,2157.3626230603495,1710.01765745939,1989.1295086116743,2113.5077718545717
2022-09-01,14.04,1242.7,14.04,1241.67,2148.2512536766644,1665.4131186537338,1959.8173710190597,2096.243657560422
2022-09-02,75.45,1407.06,75.45,1405.36,2140.8593009037622,1640.6461549724258,1938.0739447045867,2082.562793054275
2022-09-06,74.26,1220.64,74.26,1219.57,2131.692243183327,1600.543664022671,1909.897319422054,2065.4738268551805
2022-09-07,43.8,3068.91,43.8,3064.07,2140.9696337984183,1739.9271245919404,1955.1589931702088,2085.2480085016127
2022-09-08,173.11,2673.22,173.11,2669.23,2146.2259558501755,1828.432160345089,1983.1617777517693,2096.8120083332637
2022-09-09,371.82,3416.25,371.82,3412.98,2158.8304737024127,1979.3414784074614,2039.2330805850331,2122.874740841516
2022-09-12,982.94,3136.7,982.94,3130.53,2168.499125705374,2088.978480463894,2082.0290382091493,2142.828310329803
2022-09-13,39.61,212.69,39.61,199.81,2148.910179180942,1909.0576728006658,2008.2165269068298,2104.3527002242627
2022-09-14,158.01,2048.96,158.01,2045.74,2147.8836102338682,1922.0750372958405,2009.6880356555816,2103.1920526950694
2022-09-15,260.9,1521.71,260.9,1518.75,2141.6235743111433,1883.6631289819509,1990.4355636690882,2091.6189427407116
2022-09-16,19.67,1388.61,19.67,1386.37,2134.108613372724,1836.3018786027174,1966.7467180350063,2077.6536171418857
2022-09-19,28.44,2721.29,28.44,2716.27,2139.9012639859307,1920.1083663548395,1996.1397879159865,2090.299486109373
2022-09-20,24.18,456.74,24.18,456.55,2123.151500165175,1780.7218552734262,1935.7637178016341,2057.9480111369103
2022-09-21,46.54,1725.72,46.54,529.08,2107.2900922033327,1661.5178690569094,1880.599650436864,2027.6733970549913
2022-09-22,50.41,970.1,50.41,968.43,2095.958150987379,1595.509500575299,1844.8282915962027,2006.698280281625
2022-09-23,27.82,449.47,27.82,448.93,2079.5698111765596,1486.311452901461,1790.0871821218418,1975.851383642385
2022-09-26,186.09,865.41,186.09,615.75,2065.0044399210715,1403.400838339417,1744.0347436072598,1948.918682976199
2022-09-27,101.43,2234.75,101.43,2233.63,2066.6823061905134,1482.4702823070916,1763.2345575834456,1954.5565308380565
2022-09-28,40.79,4001.56,40.79,3998.3,2085.902382745832,1722.073112563559,1850.8841827762517,1995.0266985442336
2022-09-29,38.57,710.49,38.57,710.08,2072.212607793137,1625.6928161289345,1806.1467638438496,1969.5822094641496
2022-09-30,49.27,2052.72,49.27,2051.99,2072.011387815096,1666.2925479261787,1815.7876750656594,1971.214046900503
2022-10-03,339.25,4068.38,339.25,4064.01,2091.8322695283787,1894.6465909808285,1903.9532564356336,2012.6555509222753
2022-10-04,500.41,4641.54,500.41,4624.7,2117.034933513171,2154.651677554083,2010.649207163648,2064.37920337926
2022-10-05,82.02,1597.29,82.02,1585.98,2111.7508048214977,2100.49247016798,1993.9955127650735,2054.9059518271956
2022-10-06,55.2,1103.48,55.2,1102.02,2101.7037321367065,2005.3998539615059,1959.0160808919334,2036.0369230781423
2022-10-07,18.35,406.77,18.35,384.38,2084.615933806988,1851.0170107270767,1897.2656463471517,2003.3308453934267
2022-10-10,38.33,792.88,38.33,792.43,2071.7583623263213,1750.199200181641,1853.9387582551064,1979.3526108311805
2022-10-11,21.72,1711.28,21.72,1709.34,2068.152209467353,1746.3078477833894,1848.2682187156904,1974.0058264582858
2022-10-12,138.61,1759.38,138.61,1751.55,2065.001938726384,1746.8071003754476,1844.4753473935066,1969.6007605878247
2022-10-13,12.12,3835.75,12.12,3831.75,2082.581521425624,1945.3730908158811,1922.4076867114084,2006.475002952422
2022-10-14,220.96,561.91,168.62,524.21,2067.075337132832,1810.0242250238925,1867.5764048795884,1977.1232207157404
2022-10-17,119.77,3860.19,119.77,3855.43,2084.8699108927044,2004.824775021617,1945.5314478254868,2014.3174143649337
2022-10-18,742.61,3501.25,742.61,3497,2098.9209565554634,2146.9367012100342,2006.3733518323304,2043.6774655656282
2022-10-19,28.49,992.56,28.49,990.42,2087.89109629123,2036.7922534757454,1966.532043917337,2022.8208820890811
2022-10-20,87.29,2039.1,87.29,2036.36,2087.3783490644514,2036.7510864780554,1969.2703951362648,2023.0889834338518
2022-10-21,66.58,3816.04,66.58,3816.04,2104.5789625065963,2206.2071734801452,2041.6927325819015,2058.592963959914
2022-10-24,51.43,2412.24,51.43,2410.35,2107.621460392103,2225.649347434417,2056.149880323788,2065.5584498220937
2022-10-25,598.41,3929.48,598.41,3921.28,2125.6678140200424,2387.1379810120916,2129.292237958149,2102.305411211755
2022-10-26,74.53,2784.51,74.53,2775.01,2132.12893029845,2424.0781732966543,2154.6145031362607,2115.626294158057
2022-10-27,265.83,2365.28,265.83,2362.12,2134.4173986536894,2418.1773948874493,2162.7519736015056,2120.507357640076
2022-10-28,60.1,2904,60.1,2901.85,2142.053543940717,2464.241452517216,2191.7362099308584,2135.9794891719557
2022-10-31,211.32,2192.17,211.32,2191.42,2142.54475245872,2438.258457039386,2191.723809541413,2137.0773210695406
2022-11-01,128.83,2762.36,128.83,2759.48,2148.683411638235,2468.8509849403968,2213.988758186848,2149.402126592916
2022-11-02,25.42,1666.43,25.42,547.5,2132.7512383881035,2285.8651768508353,2148.636257865795,2117.6812924029573
2022-11-03,25.76,2143.33,25.76,2140.65,2132.829833031008,2272.0351600078984,2148.3230712828226,2118.136118295968
2022-11-04,131.17,3865.22,131.17,3862.82,2150.0436655381623,2423.5384781023845,2215.558244958006,2152.6843139732755
2022-11-07,102.26,2455.4,102.26,2453.72,2153.0653206074344,2426.4129087593,2224.8979216263197,2158.645416666874
2022-11-08,52.8,2736.3,52.8,2734.28,2158.8485512481566,2455.7335841155573,2244.8736894056797,2170.044121287332
2022-11-09,15.21,448.03,15.21,370.21,2141.0511527282742,2257.112290390266,2171.3574662917313,2134.40384165788
2022-11-10,134.83,4776.95,134.83,4771.3,2167.2227830493857,2496.5587389245266,2273.3159970253887,2186.6196071696054
2022-11-11,401.03,4106.8,401.03,4102.23,2186.476586203123,2649.479811407905,2345.038114789099,2224.5524862355537
2022-11-14,71.59,1501.31,71.59,1357.02,2178.223286837918,2526.388400797628,2306.292306365997,2207.3736251219784
2022-11-15,149.81,3543.39,149.81,3537.34,2191.746836222615,2622.669505483568,2354.5686865085067,2233.7095929413454
2022-11-16,25.03,603.86,25.03,603.32,2175.941594071146,2430.3505049613236,2285.892267429742,2201.424650506863
2022-11-17,13.39,1504.75,13.39,1502.47,2169.240384179891,2341.980933060245,2255.169825569752,2187.5839643582126
2022-11-18,91.97,2142.74,91.97,2138.49,2168.9344102079517,2322.6008441973645,2250.594146135644,2186.611806648149
2022-11-21,35.19,1406.7,35.19,1405.29,2161.3359583650863,2235.2379066547583,2217.4449639342465,2171.1400877046212
2022-11-22,62.9,2587.8,62.9,2584.74,2165.548933903742,2268.523820306686,2231.848690838786,2179.330184977797
2022-11-23,46.51,1993.44,46.51,1989.05,2163.7927256061926,2241.907265991764,2222.32717355099,2175.5622605227913
2022-11-25,40.59,876.55,40.59,876.21,2150.9809571922005,2111.8408597068337,2169.538264784285,2149.832512789667
2022-11-28,97.69,506.36,97.69,506,2134.612987468895,1958.9036349728497,2104.301470086862,2117.281373922545
2022-11-29,76.54,2433.74,76.54,2414.96,2137.402509981642,2002.337574499245,2116.4841575344362,2123.176000181504
2022-11-30,105.09,5517.01,105.09,5499.13,2170.8525347579443,2335.365424546936,2249.136935670341,2190.0265744353355
2022-12-01,300.52,1957.99,300.52,1956.03,2168.714997098661,2299.2382412567517,2237.6425460362098,2185.3929789019626
2022-12-02,39.57,2232.97,39.57,2229.47,2169.3195244907142,2292.593646851347,2237.3220540347897,2186.2657912009336
2022-12-05,81.66,314.54,81.66,286.96,2150.5895789733936,2101.5809185797903,2160.837267602053,2148.6557755335884
2022-12-06,183.68,1299.53,183.68,1297.81,2142.104210028385,2025.031307286477,2126.9930610294236,2131.8073443349035
2022-12-07,36.44,1309.76,36.44,1305.05,2133.7753124161623,1956.4616589734792,2094.7599998125834,2115.4359117738163
2022-12-08,93.66,2406.8,93.66,2402.44,2136.4485928896333,1998.9357866902908,2106.825882172874,2121.119161045622
2022-12-09,77.47,1327.9,77.47,1325,2128.3744775374976,1934.7514260531202,2076.1660436562906,2105.3544251833328
2022-12-12,40.18,2657.79,40.18,2654.91,2133.6136369649853,2003.337956905204,2098.861885081534,2116.236713793564
2022-12-13,440.66,2857.81,440.66,2839.63,2140.6386754031446,2082.9848181523275,2127.9116150783366,2130.561333322404
2022-12-14,45.48,1579.58,45.48,1513.38,2134.397295548387,2028.7367402330583,2103.812336055657,2118.3399207813663
2022-12-15,34.44,575.82,34.44,571.13,2118.8423970852186,1889.9170506870528,2043.7071464064154,2087.702100567874
2022-12-16,56.59,1650.36,56.59,1644.28,2114.1203831838734,1866.5230458597143,2028.0433367434186,2078.9214649130645
2022-12-19,50.07,1013.97,50.07,1013.38,2103.167742555178,1785.2713272064082,1988.2526176554416,2057.821633924687
2022-12-20,51.22,2374.43,51.22,2369.52,2105.8180137735344,1840.914057948655,2003.2042797081692,2063.993878797465
2022-12-21,90.11,3078.13,90.11,3075.05,2115.4621131389717,1958.4508143344974,2045.2374452098097,2084.0147920886043
2022-12-22,19.13,897.79,19.13,896.81,2103.3362214659473,1857.3421653502596,2000.201074809425,2060.5057863046713
2022-12-23,67.25,1701.46,67.25,1700.33,2099.3262093120575,1842.388625793092,1988.4414248168987,2053.37359251646
2022-12-27,34.18,1397.69,34.18,1394.47,2092.312714692037,1799.7297090508928,1965.1484277652555,2040.325996625045
2022-12-28,47.6,505.08,47.6,504.42,2076.5127871826635,1676.3668796174745,1907.8649600097554,2009.912016493856
2022-12-29,67.83,2505.21,67.83,2502.1,2080.747485817662,1755.008129177715,1931.1682949113335,2019.658313196948
2022-12-30,20.69,1100.12,20.69,1098.7,2070.975869043357,1692.5025930655518,1898.5224794246146,2001.4215149158204
2023-01-03,96.4,1806.5,96.4,1806.5,2068.3442683563585,1703.3594889640706,1894.9137547412963,1997.5616829372893
2023-01-04,293.39,3627.66,293.39,3611.99,2083.703927377688,1885.1338233484448,1962.250078084775,2029.5305605028875
2023-01-05,34.71,1581.43,34.71,1580.05,2078.6924455132335,1856.0782211247833,1947.2618397285094,2020.6299553444144
2023-01-06,87.03,3133.35,87.03,3132.56,2089.178689836485,1977.6479143509944,1993.7441205234697,2042.6483720702677
2023-01-09,96.26,2464.69,96.26,2459.35,2092.8619864550274,2023.5243034604234,2012.0031746205887,2050.899889455015
2023-01-10,73.18,2794.63,73.18,2780.39,2099.703061216669,2095.606750749907,2042.1359913021342,2065.345238178678
2023-01-11,91.72,2865.44,91.72,2860.68,2107.2749710553094,2168.4708697261062,2074.2357563491096,2081.0944413830603
2023-01-12,679.92,3204.65,679.92,3190.21,2118.050443980132,2265.77935832362,2117.999452178556,2103.0571257121087
2023-01-13,44.23,2292.04,44.23,2287.43,2119.735812696748,2267.841324197561,2124.64378738724,2106.7080737178094
2023-01-17,76.74,1968.45,76.74,1963.47,2118.1809289883226,2238.8535790358883,2118.3232467053876,2103.8716762184467
2023-01-18,91.34,699.22,91.34,613.97,2103.2136560630656,2084.1027619848514,2059.329001736549,2074.3686727289723
2023-01-19,78.94,1134.73,78.94,1133.63,2093.566057495274,1993.5815465577227,2023.0270800998214,2055.7401841600818
2023-01-20,65.7,3165.9,65.7,3156.13,2104.138833042585,2104.300446885559,2067.4624887233576,2077.5300815034466
2023-01-23,65.39,2780.9,65.39,2777.06,2110.8345660471364,2168.3727852774105,2095.2898421067553,2091.3821590974376
2023-01-24,20.07,1267.05,20.07,1264.2,2102.410341509354,2082.2610914414668,2062.6980835927648,2075.002314362835
2023-01-25,22.23,2145.25,22.23,2141.31,2102.797402787868,2087.8847970184697,2065.7809038440287,2076.3153378407987
2023-01-26,206.16,2330.86,206.16,2328.45,2105.042702262616,2110.7957687309963,2076.0816527128904,2081.3081034281095
2023-01-27,34.96,2176.83,34.96,2172.5,2105.713919155525,2116.672362185187,2079.8627643712084,2083.113883558246
2023-01-30,30.55,865.28,30.55,859,2093.3088055320873,1996.894041977074,2031.9857932193963,2058.8740046759044
2023-01-31,88.87,3897.77,88.87,3889.14,2111.1777726412206,2177.1079427411623,2104.8153699558907,2095.1168956724214
2023-02-01,215.75,3116.63,215.75,3101,2121.026750027875,2265.097662480099,2143.881433879189,2115.035372985839
2023-02-02,123.36,3495.6,123.36,3483.55,2134.5841953012296,2381.1407422438992,2196.417456080005,2142.134672530674
2023-02-03,28.94,1087.04,28.94,1084.79,2124.1384819151476,2257.6787667920994,2152.8242225082404,2121.19715426274
2023-02-06,43.73,1162.32,43.73,1162.32,2114.568148761763,2153.358884240471,2113.98091966478,2102.2094878416956
2023-02-07,58.38,2594.46,58.38,2591.02,2119.3089632019446,2195.0408952651883,2132.6883345798865,2111.8889039240385
2023-02-08,119.69,1256.31,119.69,1251.57,2110.674744662622,2105.1865242875515,2098.134674400283,2094.8528860245524
2023-02-09,99.33,1035.92,99.33,1028.85,2099.910319342596,2002.6782838792133,2056.2019420708602,2073.7439179844623
2023-02-10,38.62,1843.6,38.62,1838.46,2097.308823627744,1987.0384473192883,2047.663042381807,2069.0848304996216
2023-02-13,46.5,2451.59,46.5,2440.7,2100.7256512533386,2030.244309479356,2063.0762564060497,2076.443546727352
2023-02-14,199.86,2000.73,199.86,1989.98,2099.6237044746986,2026.4096133384649,2060.209736546989,2074.7313972872066
2023-02-15,56.88,2514.55,56.88,2493.33,2103.5411800520646,2070.8782215919446,2077.1948449176953,2083.020478529044
2023-02-16,25.89,1234.33,25.89,1131.45,2093.8686309968202,1981.4088671546165,2040.106811783668,2064.1774987561917
2023-02-17,56.33,1362.86,56.33,1350.67,2086.4736197431207,1921.3384988541768,2013.0700740666614,2050.048637394683
2023-02-21,33.91,548.28,33.91,546.51,2071.1505986511493,1790.4024513442553,1955.5579142993413,2020.2755950700357
2023-02-22,105.81,2041.07,105.81,2034.54,2070.786314087456,1813.6536464543262,1958.6552509934847,2020.5580585339953
2023-02-23,84.55,2117.35,84.55,2104.18,2071.118589569173,1841.3228229824856,1964.362103895701,2022.213938563025
2023-02-24,43.08,1059.18,43.08,1052.7,2060.985071265002,1766.2158874603442,1928.6106488409675,2003.015642749896
2023-02-27,99.39,1985.73,99.39,1972.67,2060.106314336992,1785.8781838926925,1930.3384665334786,2002.4147389330662
2023-02-28,51.24,1930.87,51.24,1921.18,2058.7239629505543,1798.7640711410074,1929.9793109831462,2000.8061302413223
2023-03-01,238.18,1794.67,238.18,1781.22,2055.96272948836,1797.0932072228163,1924.1456125132188,1996.4578900385238
2023-03-02,29.27,2380.92,29.27,2366.27,2059.050364020814,1851.3005208206432,1941.4838237872102,2003.780902116969
2023-03-03,80.45,3266.11,80.45,3245.1,2070.85185293603,1984.0433283615343,1992.6060267759472,2028.3614783126725
2023-03-06,62.26,1328.24,62.26,1315.26,2063.333526041144,1920.3496780413882,1966.0434374906158,2014.2406569599464
2023-03-07,49.24,569.05,49.24,565.17,2048.4264262795405,1791.2849467993512,1911.1072242556897,1985.546188505294
2023-03-08,258.35,1649.74,258.35,1641.79,2044.3802926847193,1777.0473328184607,1900.545764480957,1978.7391352675654
2023-03-09,51.78,417.41,51.78,289.98,2026.9235733545231,1635.421872550036,1837.3863227366057,1945.298360311772
2023-03-10,37.92,878.59,37.92,609.64,2012.8212492415428,1537.728360878604,1789.2394081194839,1918.8496799095587
2023-03-13,283.03,1734.34,283.03,1731.79,2010.0249184033185,1556.2104217473084,1786.9864901540138,1915.1455278321419
2023-03-14,149.67,3772.67,149.67,3765.34,2027.4907401107482,1766.6037149142314,1864.5689807362094,1951.7830421324954
2023-03-15,11.27,1300.42,11.27,1288.42,2020.1368023982034,1721.0624087319236,1841.9749030602795,1938.6471403080895
2023-03-16,174,3945.07,174,3931.82,2039.1585257574252,1931.6107507574548,1923.92961274419,1978.1159098069393
2023-03-17,71.18,1184.12,71.18,1182.88,2030.6383414215304,1860.3030602091258,1894.8688436169668,1962.368664068188
2023-03-20,114.55,3176.75,114.55,3173.91,2042.0141788203211,1985.4084830463519,1945.0273203378702,1986.3595816113923
2023-03-21,161.58,3965.94,161.58,3943.63,2060.9357292798204,2171.9057703752705,2023.4038960108949,2025.1174116784935
2023-03-22,63.1,1438.16,63.1,609.68,2046.4953737645983,2023.122363672864,1967.9637432261538,1997.0889480808996
2023-03-23,348.21,1777.94,348.21,1774.79,2043.7918377072392,1999.4716623706863,1960.3883023153244,1992.686988712961
2023-03-24,47.39,2705.22,47.39,2701.81,2050.339282108162,2066.3610278591923,1989.463663008841,2006.7290285404272
2023-03-27,153.65,3042.18,153.65,3037.66,2060.1633688533543,2158.8656918726024,2030.5694017143767,2027.143503222795
2023-03-28,99.94,2539.16,99.94,2530.79,2064.8462209045647,2194.287054551402,2050.1858957647933,2037.1167011787793
2023-03-29,121.87,3404.97,121.87,3397.95,2078.11093512442,2308.9216207846016,2103.039390048527,2064.063895214843
2023-03-30,156.25,2533.48,156.25,2527.9,2082.586448207759,2329.7767045194014,2119.7005904387806,2073.248768576925
2023-03-31,72.64,3438.64,72.64,3406.92,2095.7638964842986,2432.3617802794583,2170.1797829705934,2099.6580998922336
2023-04-03,410.39,2184.75,410.39,2162.87,2096.43161890734,2406.6958964433193,2169.893124814884,2100.909820686447
2023-04-04,130.43,1192.31,130.43,1188.66,2087.3990654853765,2290.6924777344316,2131.4133944299865,2082.845467801567
2023-04-05,38.04,1344.55,38.04,1339.1,2079.9533036397506,2200.0646227121047,2100.3422809229282,2068.117834775793
2023-04-06,48.03,1992.13,48.03,1983.47,2078.9932707677135,2179.43656340619,2095.7590542200683,2066.441640027758
2023-04-10,22.32,2176.37,22.32,2169.66,2079.8954272774877,2178.5054621294103,2098.6571305251637,2068.485567948
2023-04-11,89.1,2674.95,89.1,2664.59,2085.7132837224876,2224.799227640895,2120.850576386922,2080.289616107446
2023-04-12,203.75,1275.11,203.75,1275.11,2077.647579406841,2134.3526345322384,2087.6842792737093,2064.345465293437
2023-04-13,203.75,2471.99,203.75,2468.19,2081.5335736415987,2166.146669338692,2102.6060722433676,2072.3423867727747
2023-04-14,78.6,1323.01,78.6,1321.88,2073.974831615314,2085.7403198778643,2071.9893635279414,2057.4817454505414
2023-04-17,53.23,2200.99,53.23,2190.68,2075.136077071878,2095.7345751275916,2076.6438982915515,2060.1193346495406
2023-04-18,169.94,1741.79,169.94,1735.52,2071.7568126234014,2061.42842511544,2063.2664905154124,2053.69162505252
2023-04-19,26.75,1437.92,26.75,1429.29,2065.3641080201833,2001.2247655806361,2038.4046673579453,2041.3272364376187
2023-04-20,37.64,922.6,37.64,920.96,2053.9770024677437,1898.342406953909,1994.583307853712,2019.1417466071707
2023-04-21,53.67,1400.25,53.67,1394.4,2047.4140472193085,1850.3478920059176,1971.0467075457234,2006.7706229119792
2023-04-24,51.07,1768.14,51.07,1755.31,2044.507539286778,1841.2966641958303,1962.5864445047146,2001.7912046364945
2023-04-25,21.95,492.49,21.95,490.21,2029.0418921296955,1712.6217437962275,1904.8461917790396,1971.8589035545838
2023-04-26,170.32,926.36,170.32,923.6,2018.0424703174597,1637.4768158156344,1866.3659489641752,1951.101301503998
2023-04-27,77.13,3136.9,77.13,3117.7,2028.9843362844501,1778.4504524046215,1915.4378725342076,1974.2022658306514
2023-04-28,44.5,2878.6,44.5,2878.6,2037.4382234855998,1883.2265997946574,1953.2089363563955,1992.111131853807
2023-05-01,56.65,1464.01,56.65,1459.65,2031.6890869335043,1842.8859712427852,1933.8536839502624,1981.5673470646227
2023-05-02,128.53,731.45,128.53,729.93,2018.7362601978475,1736.8901644577581,1886.6409904620168,1956.782449102947
2023-05-03,236.3,1725.48,236.3,1461.68,2013.1934118376698,1710.6796726046384,1869.9758535811534,1946.9784402098194
2023-05-04,67.97,1545.17,67.97,1535.11,2008.4363629636632,1693.9587514041966,1856.843859323069,1938.8226295125953
2023-05-05,123.77,3651.64,123.77,3639.74,2024.6682399490994,1879.2712512704636,1926.7613550358897,1972.5041616014548
2023-05-08,80.6,2083.15,80.6,2066.27,2025.0821878103025,1897.0806559113719,1932.232282289384,1974.3609108766736
2023-05-09,46.11,1647.69,46.11,1641.12,2021.261668528608,1872.7034505864792,1920.816114356467,1967.7620809583236
2023-05-10,92.36,1942.01,92.36,1923.15,2020.2854330208606,1877.5078838639574,1920.9076392836644,1966.8786734145945
2023-05-11,43.26,1121.78,43.26,1115.48,2011.2823938863246,1804.9337996864376,1889.3222416646972,1950.0192937430184
2023-05-12,71.41,1234,71.41,1229.42,2003.502668574023,1750.1229616210626,1863.4437223837288,1935.750000797612
2023-05-15,55.7,2589.01,55.7,2574.81,2009.187318637963,1828.6645843238184,1891.3404391529943,1948.4046542471642
2023-05-16,39.95,632.21,39.95,621.19,1995.3764000445503,1713.667004864407,1841.5306180097396,1922.12317594524
2023-05-17,75.45,3164.43,75.45,3152.66,2006.8916597455996,1850.7139567820825,1892.9474565191615,1946.4902417681067
2023-05-18,42.72,2239.42,42.72,2221.18,2009.023882036688,1885.996437088551,1905.8193209693904,1951.9296429212134
2023-05-19,134.12,1523.63,134.12,1511.82,2004.0765797278652,1850.3605859372603,1890.3683672058849,1943.21460048713
2023-05-22,75.37,2392.26,75.37,2378.89,2007.8060664967422,1900.6967206099023,1909.52607829585,1951.8418361210481
2023-05-23,58.99,1823.96,58.99,1811.33,2005.8510807604562,1892.1856043613402,1905.6752516960128,1949.0594235245917
2023-05-24,41.34,858.79,41.34,852.63,1994.376244135974,1793.1803087078792,1864.3793594726396,1927.3479497914316
2023-05-25,202.6,1315.15,202.6,1309.79,1987.5644407117354,1747.143136449986,1842.6307571403793,1915.1190794985318
2023-05-26,78.86,2604.75,78.86,2593.8,1993.596635331519,1827.7771234547492,1872.0883745074232,1928.5583056470757
2023-05-30,107.17,1824.58,107.17,1813.98,1991.8094051292155,1826.463111697154,1869.8096147228184,1926.2894283075298
2023-05-31,22.81,2097.16,22.81,2092.26,1992.80891353589,1851.7771010593299,1878.5331592434923,1929.575974281638
2023-06-01,50.99,3217.09,50.99,3199.6,2004.8167850429957,1980.1411866727271,1930.3397020182572,1954.7249648899224
2023-06-02,108.53,3597.26,108.53,3587.48,2020.564677729135,2133.221073656277,1995.325596056757,1987.0567477633892
2023-06-05,176.79,1537.96,176.79,1448.55,2014.8729893935217,2068.0143047366314,1973.8834158192371,1976.3932478076786
2023-06-06,55.18,3125.61,55.18,3109.93,2025.7690790512977,2167.2443709521904,2018.4342622576985,1998.8395201283186
2023-06-07,366.41,2932.57,366.41,2923.16,2034.6983419463097,2239.2363356234105,2053.913702953475,2017.1428959673617
2023-06-08,82.7,1905.37,82.7,1895.06,2033.308905708038,2206.4576369926094,2047.6841459749073,2014.725412878899
2023-06-09,96.06,1612.31,96.06,1601.43,2029.0116031636794,2148.8359572790278,2030.183983387656,2006.5413452971386
2023-06-12,86.33,2337.22,86.33,2325.05,2031.957258853593,2165.6182470619774,2041.7473565881403,2012.8484473704625
2023-06-13,414.55,3403.08,414.55,3383.16,2045.4020622480846,2281.574604484646,2094.351773976841,2039.9833296007503
2023-06-14,101.28,1803.37,101.28,1798.9,2042.9493054097952,2235.6055945337275,2082.7654298993175,2035.2094022819235
2023-06-15,227.53,3400.22,227.53,3388.63,2056.339163067409,2345.4174426733725,2133.9758051973836,2062.009810157529
2023-06-16,321.16,2983.16,321.16,2977.8,2065.5079276140023,2405.6443528949562,2167.0669500916038,2080.1442693623303
2023-06-20,50.47,982.03,50.47,976.26,2054.669639777047,2269.512509762103,2120.3686383233057,2058.285174919512
2023-06-21,31.28,1466.55,31.28,1458.86,2048.741185649912,2192.307508832379,2094.4271230949407,2046.4153694755612
2023-06-22,18.27,957.14,18.27,948.96,2037.798089275286,2073.8934603721523,2049.5068437578843,2024.6835799809955
2023-06-23,16.14,1207.28,16.14,1200.06,2029.4623868944373,1990.6712260509948,2016.1952028262026,2008.3544001793916
2023-06-26,60.14,2131.35,60.14,2119.2,2030.3552984676269,2002.9120616651858,2020.2346066369398,2010.549362552077
2023-06-27,76.71,2769.02,76.71,2757.26,2037.588181069939,2074.7547224589775,2049.137563239413,2025.3357118084714
2023-06-28,49.17,2001.34,49.17,1990.67,2037.121333497104,2066.7466536533607,2046.844717622181,2024.6492620696897
2023-06-29,90.22,2639.11,90.22,2631.13,2043.0318674921575,2120.497448543517,2069.757865950723,2036.6587816326662
2023-06-30,102.29,2861.74,102.29,2848.06,2051.042097666365,2189.789120110801,2100.279518266381,2052.7261324914252
2023-07-03,279.48,1509.12,279.48,1508.85,2045.6471514209286,2124.9377753383437,2077.086203824562,2041.9563080856544
2023-07-05,29.48,1302.55,29.48,1287.66,2038.1049907102727,2045.19703482993,2046.1283134785006,2027.0197475295029
2023-07-06,8.77,365.12,8.77,361.3,2021.4203639370362,1884.825888655651,1980.0566149107162,1994.035198073473
2023-07-07,77.57,2611.09,77.57,2611.09,2027.2877234998518,1953.9938992598748,2004.8030221691195,2006.2541050423151
2023-07-10,51.1,2357.85,51.1,2348.62,2030.4850595844305,1991.577337425601,2018.2860409075854,2013.0336277147446
2023-07-11,95.14,2911.65,95.14,2908.2,2039.2185415786153,2078.874733861258,2053.1846275386606,2030.7596944926704
2023-07-12,131.61,2653.5,131.61,2650.24,2045.2983570852957,2133.290473493519,2076.598563713615,2043.0266312353897
2023-07-13,177.14,2626.29,177.14,2622.49,2051.041557512308,2179.8809045893745,2098.0060710189637,2054.5011533891443
2023-07-14,124.13,603.02,124.13,600.57,2036.60900470124,2029.4703422475293,2039.2830878417494,2025.7104374804483
2023-07-17,76.31,1865.52,76.31,1858.89,2034.840656395755,2013.2245953668123,2032.2088491028574,2022.4070624808355
2023-07-18,440.15,2778.37,440.15,2772.01,2042.175674740076,2085.4898719985445,2061.220658941961,2037.2506850059674
2023-07-19,256.6,2715.91,256.6,2701.81,2048.7392003645527,2144.1870270463023,2086.341809571688,2050.4102754018886
2023-07-20,96.8,1595.52,96.8,1575.66,2044.0319446395324,2090.0415958990357,2066.3150719414257,2041.009279849376
2023-07-21,150.56,1859.37,150.56,1830.16,2041.9038655883928,2065.290967718175,2057.0540887280363,2036.834046585032
2023-07-24,244.74,2653.1,244.74,2626.08,2047.7165634432347,2118.6994469831106,2079.3688303465447,2048.5022832863183
2023-07-25,166.68,1705.03,166.68,1702,2044.2765976378294,2079.0137853656715,2064.570052685896,2041.640851934114
2023-07-26,177.64,2552.63,177.64,2542.56,2049.2346414424283,2123.1610439022743,2083.3147565021354,2051.5600429849237
2023-07-27,209.55,1290.47,209.55,1285.27,2041.6330032191206,2043.3618968639626,2052.01888369813,2036.3859827277965
2023-07-28,255.44,2875.4,255.44,2864.24,2049.8181474656967,2121.5407638292995,2083.8706921805565,2052.7791315846716
2023-07-31,264.86,3238.76,264.86,3226.78,2061.5292106749935,2226.8016434646042,2128.690665036221,2076.02667353349
2023-08-01,188.71,1313.2,185.29,1304.44,2053.995984698128,2138.957677420356,2096.367109544605,2060.7477295031235
2023-08-02,71.63,893.39,71.63,891.18,2042.4256763926737,2020.121708142227,2049.1048699546204,2037.5879724832596
2023-08-03,100.13,1766.83,100.13,1759.83,2039.6137791151348,1995.332021652491,2037.7607574073804,2032.0878146123039
2023-08-04,179.2,1580.04,179.2,1578,2035.020607183641,1955.5861148284444,2019.7309237835616,2023.095976699189
2023-08-07,114.45,2114.84,114.45,2109.37,2035.7604021370375,1970.2321991304973,2023.2461816744024,2024.804373200195
2023-08-08,71.81,1267.09,71.81,1265.97,2028.1007961456241,1903.1596087371165,1993.5490765107004,2009.777949968508
2023-08-09,209.35,1367.66,209.35,1358.79,2021.4409872287522,1851.3148840954864,1968.6565637063593,1996.887099474082
2023-08-10,259.76,2400.66,259.76,2374.52,2024.9542112364263,1901.143942753059,1984.5727768943452,2004.364978692417
2023-08-11,162.52,1911.28,162.52,1888.9,2023.6004379902927,1899.9778529670534,1980.8209032906454,2002.078543470785
2023-08-14,94.62,1483.33,94.62,1476.63,2018.1579460699913,1859.659009827334,1961.0487110047377,1991.6736218178983
2023-08-15,34.28,573.56,34.28,535.01,2003.4002550643197,1733.50196127235,1905.1256242986697,1962.8287976234844
2023-08-16,126.8,912.49,126.8,904.95,1992.4704017800975,1654.5922506749832,1865.9030507967611,1941.8807026210393
2023-08-17,174.85,1471.93,174.85,1465.44,1987.2263181802955,1636.577750610699,1850.1986174321823,1932.4462332622068
2023-08-18,90.74,2207.73,90.74,2198.88,1989.3323249645712,1690.1303457906324,1863.8723971407242,1937.7221494352323
2023-08-21,173.71,1782.52,173.71,1776.45,1987.2140928753715,1698.3512652391437,1860.4440678410879,1934.5286415256237
2023-08-22,118.67,1264.18,118.67,1260.3,1979.9811168268604,1656.63209712113,1836.9090063571236,1921.1775793171955
2023-08-23,244.35,2340.64,244.35,2326.72,1983.4312549678866,1720.4499926334033,1856.1172806176287,1929.2081223010134
2023-08-24,168.18,1131.57,168.18,1129.49,1974.9343270577583,1664.168088573079,1827.6220931424275,1913.3721198792111
2023-08-25,109.18,1961.15,109.18,1958.57,1974.7714979328055,1692.2063658518334,1832.7573051760578,1914.2671274063555
2023-08-28,184.64,2281.45,184.64,2269.66,1977.7057118837229,1747.2019500564206,1849.8907441887613,1921.3046100319723
2023-08-29,121.1,2690.03,121.1,2670.94,1984.6035654968202,1835.1770024319997,1882.0887542205746,1936.148875179854
2023-08-30,89.3,1680.23,89.3,1672.5,1981.4980573824241,1819.683954581333,1873.8695873883953,1930.9281053743123
2023-08-31,121.16,1547.75,121.16,1541.33,1977.1182757169274,1793.1740541450156,1860.8288192555171,1923.2132914065041
2023-09-01,213.31,2268.67,213.31,2257.82,1979.9113276998435,1837.4260489883475,1876.39710085334,1929.839166824197
2023-09-05,94,935.48,94,930.95,1969.4739015535763,1751.094996703743,1839.3207439571306,1910.0591833227277
2023-09-06,175.7,1135.9,175.7,1128.75,1961.1084895978192,1691.82404463672,1811.4552245862628,1894.58771434604
2023-09-07,66.69,1065.68,66.69,1061.44,1952.1565643281892,1631.7874689570324,1782.042862837782,1878.0897398045342
2023-09-08,94.78,1769.79,94.78,1760.47,1950.2492353298987,1644.0429481039816,1781.1968682166926,1875.7606360460286
2023-09-11,146.95,2028.72,146.95,2023.93,1950.9823772669147,1680.2226673321738,1790.715814561136,1878.6946828569983
2023-09-12,136.9,1834.89,136.9,1828.06,1949.7592690354031,1694.3024133005383,1792.1802924214837,1877.692015869731
2023-09-13,84.77,1233.19,84.77,1228.66,1942.5841519305732,1649.955516795725,1770.0814574245628,1864.8398967435978
2023-09-14,202.29,2881.2,202.29,2866.74,1951.7797325083784,1765.8397532913702,1813.0876747804623,1884.679502748675
2023-09-15,215.51,2448.7,215.51,2440.95,1956.6470983540662,1830.1359672636206,1837.709726749856,1895.6947601199884
2023-09-18,49.85,964.28,49.85,958.2,1946.7123013555183,1747.0944465718471,1803.2191492302538,1877.130507444345
2023-09-19,99.94,1372.1,99.94,1364.54,1940.9195421380505,1710.6606897554807,1786.0160453388714,1866.9802003662392
2023-09-20,187.42,1268.63,187.42,1195.33,1933.5007407237415,1661.5815764454348,1762.8518866981315,1853.6801963985909
2023-09-21,27.32,366.01,27.32,361.71,1917.8610318608187,1537.7842834506316,1707.9051460433027,1824.1362321134702
2023-09-22,137.87,1430.19,137.87,1421.93,1912.9263947278753,1526.7505421696192,1696.6904344337613,1816.1717522696392
2023-09-25,66.87,1639.22,66.87,1630.88,1910.1199629395383,1536.6676333915602,1694.1096330834177,1812.5026086603395
2023-09-26,70.18,402.7,70.18,398.97,1895.0836449003389,1428.3154778304593,1643.3198435507347,1784.5118639343923
2023-09-27,145.2,2116.97,145.2,2108.48,1897.206991717251,1493.0930513704154,1661.561418313451,1790.9270745495528
2023-09-28,116.53,2733.12,116.53,2710.86,1905.3030415509102,1609.0708560018045,1702.7103823011587,1809.143568122829
2023-09-29,193.99,1690.99,193.99,1682.72,1903.0882849185627,1616.0850601921088,1701.926445740329,1806.6401311302977
2023-10-02,123.9,624.3,123.9,621.9,1890.3401427800695,1521.4007687452413,1659.5724674760024,1783.179930513856
2023-10-03,93.71,755.15,93.71,752.15,1879.0148677275315,1448.138790769504,1623.9872726730218,1762.763496246255
2023-10-04,93.34,1953.34,93.34,1945.15,1879.672928745168,1495.473191648599,1636.5818894309425,1766.3751101819728
2023-10-05,56.81,1746.66,56.81,1738.9,1878.2722030860123,1518.6566972058752,1640.5943643552193,1765.8310485942109
2023-10-06,97.98,2778.06,97.98,2765.22,1887.0975542990868,1637.3770117576964,1684.6973304589362,1785.620928820068
2023-10-09,90.99,1941.56,90.99,1935.81,1887.5822552513348,1665.7992011141064,1694.5448861272132,1788.594969833532
2023-10-10,172.35,2857.21,172.35,2837.91,1897.0382527115205,1777.428801008001,1739.3827337300677,1809.373485282373
2023-10-11,172.53,1927.97,172.53,1924.13,1897.3078223362816,1791.4003437691438,1746.6277245641827,1811.645891514405
2023-10-12,65.16,661.59,65.16,659.26,1884.9889385319404,1683.5774538863682,1703.9858530126462,1788.8263689101595
2023-10-13,145.17,1497.69,145.17,1486.19,1881.0207898898316,1664.778648754333,1695.444839169013,1782.8335695258
2023-10-16,132.8,2866.1,132.8,2851.95,1890.681777055107,1777.842586968206,1740.7979827310126,1804.0041919114276
2023-10-17,128.64,2700.06,128.64,2688.8,1898.62325191028,1864.600435828377,1777.9745324278356,1821.5249009824884
2023-10-18,115.62,623.89,115.62,616.33,1885.864115075352,1745.7175371780554,1732.419844881646,1797.6596554184787
2023-10-19,93.05,1109.19,93.05,921.89,1876.2723328357963,1667.2577717325264,1700.6343607686404,1780.3176820438553
2023-10-20,155.89,813.15,155.89,809.44,1865.6570857429028,1585.5608410913335,1665.685562307125,1761.0923814093235
2023-10-23,29.45,1132.21,29.45,1125.74,1858.2947266807844,1541.768380035016,1644.511226530375,1748.5111461338913
2023-10-24,172.75,2449.54,172.75,2431.41,1863.997366216299,1626.4961533650144,1675.3700019605565,1762.0338957153983
2023-10-25,76.5,1065.72,76.5,1062.98,1856.0270441643956,1572.827948282632,1651.3547077660248,1748.1912443150934
2023-10-26,210.26,2151.04,210.26,2128.32,1858.736426809526,1625.7319532080955,1670.0592290301022,1755.7185464078639
2023-10-27,84.14,840.06,84.14,831.08,1848.5109897268442,1550.0508148073245,1637.1580827936275,1737.4088722215695
2023-10-30,170.47,2590.74,170.47,2565.45,1855.6447112220994,1646.7554991113889,1673.5616873899558,1753.805726236984
2023-10-31,116.23,2832.26,116.23,2818.34,1865.2237688218795,1758.3349753864948,1718.454954551134,1774.8856128461525
2023-11-01,72.46,2347.53,72.46,2331.16,1869.859950226637,1812.8897396354,1742.4826033922661,1785.9009472452385
2023-11-02,304.08,4109.65,304.08,4065.72,1891.709303955725,2027.4450025272668,1833.5899522788438,1831.0458789829565
2023-11-03,315.81,3692.53,315.81,3681.7,1909.520156652683,2184.99309752467,1906.064856111046,1867.6924952407198
2023-11-06,93.22,887.67,93.22,881.87,1899.2947819596216,2060.8861358556537,1865.9003519498285,1848.1712577112007
2023-11-07,72.73,1492.82,72.73,1483.93,1895.1617990545508,2005.9379324408296,1850.9211224616,1840.9585595387016
2023-11-08,124.65,1189.57,124.65,1176.28,1888.0087463276398,1926.9228912559888,1824.4646078552626,1827.796607864668
2023-11-09,145.25,932.26,145.25,926.28,1878.4393060656732,1831.623568279228,1789.241682057017,1809.944793847546
2023-11-10,120.88,2503.47,120.88,2477.03,1884.3954323734774,1893.09084749073,1816.2137729567419,1823.1544018901689
2023-11-13,70.54,1486.36,70.54,1464.9,1880.2213484692638,1852.3107667773272,1802.436762252556,1816.0602553180863
2023-11-14,329.44,4178.27,329.44,4144.43,1902.7507877879775,2070.607836608058,1894.2796343210832,1862.166586895946
2023-11-15,228.62,2947.88,228.62,2927.45,1912.9467998497887,2152.211852169195,1934.7961192496682,1883.2613079475113
2023-11-16,85.87,1057.79,85.87,1051.54,1904.375587910985,2047.3859614864145,1900.1586243771321,1866.7915790772636
2023-11-17,224.55,2698.15,224.55,2685.38,1912.1467760909752,2108.147298487708,1930.9516194995974,1883.001250778704
2023-11-20,190.83,2480.34,190.83,2461.94,1917.6173554333536,2141.841841488879,1951.7746932447112,1894.4653844266504
2023-11-21,61.88,1084.59,61.88,1078.84,1909.2713120957083,2040.6035708708903,1917.5419601762912,1878.3143867152316
2023-11-22,170.79,1861.86,170.79,1811.49,1908.2983637166465,2018.7832307879482,1913.383059777221,1876.9911315327518
2023-11-24,105.55,1150.14,105.55,1150.14,1900.754499401058,1936.055304046239,1883.4519593938005,1862.5980398192319
2023-11-27,54.14,1186.13,54.14,1172.8,1893.5111710488086,1863.364322708502,1855.5832551038475,1848.9386726940986
2023-11-28,70.14,2062.64,70.14,2039.11,1894.959915615487,1880.1020062600733,1862.780382354677,1852.7044415516411
2023-11-29,556.32,2666.13,556.32,2639.4,1902.3672796392136,1952.416100901971,1893.2360536348856,1868.2825714219057
2023-11-30,128.38,3688.96,128.38,3671.11,1919.9667096925548,2116.1012341494024,1962.9566005511647,1903.9821244630562
2023-12-01,110.43,3713.08,110.43,3684.45,1937.5237573573054,2265.4677832780308,2030.4661456275896,1939.238914077649
2023-12-04,163.39,2119.85,163.39,2108.3,1939.2230234532526,2250.4994229658373,2033.518453642194,1942.586658353339
2023-12-05,63.66,806.55,63.66,797.94,1927.8669734686432,2112.160430302424,1985.0643966366176,1919.9203878908968
2023-12-06,177.7,1916.48,177.7,1896.78,1927.5576503495522,2091.64800836886,1981.6022634351816,1919.4621623881067
2023-12-07,120.44,2403.28,120.44,2379.96,1932.0591662664722,2119.1062932861114,1997.2241354573314,1928.5809314497283
2023-12-08,2547.91,2547.91,2547.91,2547.91,1938.1870352588455,2159.944741544577,2018.819659557044,1940.8448734012188
2023-12-11,141.66,1989.78,141.66,1972.68,1938.5302488383595,2142.1100042546173,2017.0102611430423,1941.4752719477294
2023-12-12,64.91,1406.53,64.91,1393.5,1933.107062282754,2070.813813373225,1992.558878353119,1930.624276463616
2023-12-13,99.47,4525.53,99.47,4461.5,1958.2652009665078,2298.4982120995846,2089.3800988098596,1980.7406274247326
2023-12-14,720.45,5126.24,720.45,5086.99,1989.396791006642,2564.068858566291,2206.9334282682967,2042.2505159905795
2023-12-15,190.2,2059.73,190.2,2052.81,1990.027768210556,2515.377538702835,2200.8893722577754,2042.4596146838353
2023-12-18,245.92,2164.62,245.92,2137.41,1991.4942580791076,2479.380630254946,2198.3999851104118,2044.3398203336603
2023-12-19,229.31,3425.96,229.31,3398.77,2005.497001779813,2566.941522611618,2245.4733190276506,2071.1602199310137
2023-12-20,82.26,922.31,82.26,334.31,1988.8682753939443,2354.309949029559,2170.5257378893116,2036.7671462690134
2023-12-21,207.86,3055.7,207.86,3022.64,1999.1545612109198,2417.960430074363,2203.94198346228,2056.28938099636
2023-12-22,180.07,1900.54,180.07,1886.68,1998.0354113481246,2367.362293876805,2191.5003370519944,2052.9307793924713
2023-12-26,99.75,1946.11,99.75,1935.4,1997.4121734242626,2326.2230277932995,2181.4571865793673,2050.603437226284
2023-12-27,97.75,1431.58,97.75,1428.61,1991.7524503056131,2240.7360727653663,2151.9337674978233,2038.2867354990308
2023-12-28,104.67,1403.17,104.67,1397.52,1985.839689606055,2160.429780121046,2122.3489138704576,2025.5982852911293
2023-12-29,100.74,724.11,100.74,722.32,1973.2673543860942,2023.4669439190416,2067.445819208871,1999.7907944932851
2024-01-02,171.44,1650.64,171.44,1643.23,1969.9834006111082,1987.2539016410376,2050.8099047300916,1992.7301847013389
2024-01-03,50.08,936.88,50.08,926.45,1959.5999836896046,1886.2249586276055,2006.7173594465587,1971.6157255983421
2024-01-04,117.95,1786.69,117.95,1778.48,1957.7977947971708,1875.963533996405,1997.76687476238,1967.7912557845136
2024-01-05,396.55,2307.44,396.55,2299.44,1961.197219724562,1916.2946259967473,2009.5971933991493,1974.3585576501669
2024-01-08,84.02,2364.04,84.02,2355.84,1965.1240135581486,1958.1560901875332,2023.175342677614,1981.9126456174904
2024-01-09,39.83,817.62,39.83,811.65,1953.6466601894108,1848.9650339791967,1975.6645449255507,1958.7391278824905
2024-01-10,111.06,1574.37,111.06,1565.94,1949.7888824760832,1822.0102688383208,1959.596915712784,1950.960927330362
2024-01-11,121.82,1056.77,105.21,1053.37,1940.8692916056746,1748.8064337108617,1924.0586052926749,1933.186849561444
2024-01-12,197.63,1553.95,197.63,1548.53,1936.9654180573593,1729.7324876431605,1909.3319933204132,1925.5698822433956
2024-01-16,48.17,570.28,48.17,568.43,1923.3481502159925,1619.1322507247644,1856.747601425495,1898.695825169269
2024-01-17,39.72,519.46,39.72,516.37,1909.3483676267786,1514.1072744652631,1804.1837739186128,1871.3230365520558
2024-01-18,109.7,1868.09,109.7,1859.45,1908.8518664563628,1546.9970578495238,1806.3510769021966,1871.0879269173615
2024-01-19,224.28,2902.37,224.28,2881.65,1918.5314498747075,1674.1068618638549,1848.5196621217183,1891.0990570774138
2024-01-22,218.3,2628.37,218.3,2606.6,1925.377903109785,1762.9157321625353,1878.2483028228273,1905.2673925808313
2024-01-23,268.64,2353.89,268.64,2335.03,1929.4540433773493,1817.402805289913,1896.1613105552656,1913.777543222795
2024-01-24,382.61,1759.97,382.61,1741.82,1927.5870379706096,1810.20444288135,1890.1087101413336,1910.372443356997
2024-01-25,339.01,2892.26,339.01,2877.89,1937.0427888365737,1911.8887816545546,1928.8452313122616,1929.5312068548783
2024-01-26,177.98,2069.71,177.98,2061.6,1938.2821640720306,1926.1469929255493,1934.051300672565,1932.1464304815145
2024-01-29,70.49,2367.83,70.49,2358.1,1942.4594559718114,1967.2853745516875,1950.6806614305037,1940.5811546303953
2024-01-30,122.9,1638.21,122.9,1623.84,1939.2891131263207,1934.5762912610505,1937.8633805900918,1934.3090525585062
2024-01-31,122.04,1391.07,122.04,853.29,1928.4831518016806,1831.5966444742837,1895.3310911551862,1912.9027346860605
2024-02-01,199.51,2962.9,199.51,2920.13,1938.3502846195743,1935.2664878576852,1935.5192836589044,1932.8478290487128
2024-02-02,57.54,1510.73,57.54,1500.35,1933.9920728323148,1893.845869966477,1918.4538215546336,1924.2835156022036
2024-02-05,90.86,603.91,73.63,592.23,1920.6412064359733,1769.8824537791936,1866.4450442387656,1897.9062182635462
2024-02-06,276.96,3360.89,276.96,3323.67,1934.601691944073,1917.862220085937,1923.5911209352846,1926.1391644365453
2024-02-07,306.85,2363.32,306.85,2353.35,1938.7683417754754,1959.3372467444192,1940.4444103103715,1934.5987849427524
2024-02-08,130.47,2465.02,130.47,2451.62,1943.8713433498488,2006.221318483046,1960.4905118668275,1944.8368288052723
2024-02-09,190.68,2028.35,190.68,2013.58,1944.5649618239795,2006.9221452941845,1962.5724525779324,1946.1980797200195
2024-02-12,213.88,3070.49,213.88,3046.17,1955.526205984935,2105.898131456643,2005.0664740454645,1967.9797019037815
2024-02-13,23.61,329.47,23.61,327.1,1939.3229601542391,1936.4887856036294,1939.2638672201522,1935.4870345393501
2024-02-14,206.64,3016.26,206.64,2990.61,1949.7835277148934,2036.8812822128075,1980.4931273291659,1956.380558607878
2024-02-15,357.92,3418.68,357.92,3391.76,1964.1315523147452,2165.9173505734925,2035.8369262574338,1984.8039138829695
2024-02-16,82.47,1459.65,82.47,1455.01,1959.0656662220613,2098.2118886141125,2013.0593997375345,1974.3129452912276
2024-02-20,109.68,1374.9,109.68,1357.91,1953.0840178019412,2027.70694684134,1987.367266414494,1962.1069463745696
2024-02-21,113.47,2072.08,113.47,2044.6,1953.9946245899816,2029.3158090469267,1989.6116873394158,1963.7404721889345
2024-02-22,184.4,2349.94,184.4,2319.78,1957.6342800666982,2056.9790653281716,2002.5594643064976,1970.7907598683616
2024-02-23,131.25,2123.35,131.25,2105.24,1959.1029936978753,2061.5753448207265,2006.5861519807527,1973.4531210590872
2024-02-26,160.28,1625.63,160.28,1608.79,1955.6172922680457,2018.4529310282765,1990.9863028834682,1966.232069156927
2024-02-27,218.92,2774.65,218.92,2753.53,1963.556722195727,2088.4602709303454,2020.889977280195,1981.8221271934235
2024-02-28,121.03,1619.84,121.03,1608.01,1960.0189438654213,2042.7031022703125,2004.698605622148,1974.4199068529597
2024-02-29,238.92,3578.13,238.92,3549.42,1975.8338797473575,2186.1999496731396,2065.2759152055933,2005.6080275093368
2024-03-01,154.63,2894.17,154.63,2879.99,1984.830458058329,2252.275192561412,2097.225487158315,2022.9225220141025
2024-03-04,106.17,2176.52,106.17,2163.12,1986.604483351281,2243.7842218412775,2099.8095857011263,2025.6987096969915
2024-03-05,277.56,1949.75,277.56,1949.75,1986.2377720741538,2215.780962618299,2093.924896065788,2024.1947748515065
2024-03-06,263.39,3324.08,263.39,3302.03,1999.3302320535154,2319.2332518927465,2141.301566808306,2049.498442676229
2024-03-07,241.7,2794.59,241.7,2747.23,2006.7720207893012,2359.9948469505803,2165.0634661491567,2063.3149091578875
2024-03-08,259.75,2008.52,259.75,1991.64,2006.6214534182634,2324.913432955287,2158.262545908013,2061.895604026048
2024-03-11,157.05,2173.56,157.05,2161.4,2008.1615384588777,2309.3407250547834,2158.385583323385,2063.86598810474
2024-03-12,130.16,2124.37,130.16,2113.32,2009.2078913100331,2290.6720845733753,2156.6183055459974,2064.845275469003
2024-03-13,212.93,2828.13,212.93,2785.28,2016.9300018442616,2337.777600328292,2181.2717053285073,2079.1113096181316
2024-03-14,95.33,836.88,91.71,832.45,2005.1441311791446,2194.413066963693,2128.3767364920955,2054.424947051436
2024-03-15,430.67,4290.66,430.67,4275.43,2027.7340403216406,2392.6051558242934,2212.574903688484,2098.405245129625
2024-03-18,102.13,2109.31,102.13,2078.67,2028.2408657910769,2362.7065695553133,2207.323730994818,2098.0144481963653
2024-03-19,122.07,2337.17,122.07,2323.23,2031.1760810568373,2358.946896264331,2211.8690748773743,2102.474162093467
2024-03-20,102.68,3398.42,102.68,3369.14,2044.4891548771673,2455.1557632867757,2257.252248411595,2127.5566539332003
2024-03-21,235.41,2793.73,235.41,2581.58,2049.8333423908275,2467.1961667832734,2269.970983768003,2136.5472152414536
2024-03-22,85.77,778.57,85.77,769.68,2037.0954981879338,2305.5279604229618,2211.1360432280812,2109.48053771192
2024-03-25,185.45,1679.14,185.45,1667.14,2033.414348952233,2244.7291070493466,2189.802865062274,2100.721319143367
2024-03-26,123.29,1465.96,123.29,1456.31,2027.6720171218626,2169.641573044647,2161.0384389814008,2087.9606989623103
2024-03-27,158.53,3239.24,158.53,3218.37,2039.5197582450282,2269.5204708499186,2202.502421766444,2110.345041557116
2024-03-28,175.96,2658.82,175.96,2634.92,2045.4441387600032,2304.3204260070693,2219.4599738540346,2120.732664496579
2024-04-01,123.54,1214.36,123.54,1200.93,2037.0410130011971,2199.2356235302054,2179.51762193819,2102.518750348132
2024-04-02,83.53,1239.05,83.53,1228.6,2028.9968238171057,2106.7941355749476,2142.2267348033592,2085.21342855906
2024-04-03,189.45,2281.4,189.45,2266.46,2031.3596414905674,2122.0004083773338,2147.0986275561686,2088.8024695776926
2024-04-04,194.69,1440.47,194.69,999.82,2021.0955654558354,2015.1260837699688,2102.1073088284757,2067.2384602791244
2024-04-05,218.33,2129.65,218.33,2114.64,2022.0263558493098,2024.6035996014002,2102.5987869136334,2068.1771046300328
2024-04-08,285.44,1876.06,285.44,1860.93,2020.4234070348887,2009.0156377346002,2093.121579583687,2064.073201568052
2024-04-09,177.35,2230.1,177.35,2204.28,2022.2528258703624,2027.6122436646383,2097.480733325503,2066.849573814229
2024-04-10,30.81,680.85,30.81,673.75,2008.8348873044881,1898.6729823632443,2041.6481555480323,2039.26344363969
2024-04-11,86.73,1621.64,86.73,1600.32,2004.7700625551897,1870.2584126143638,2024.3411690559526,2030.5714942606862
2024-04-12,116.98,427.65,116.98,268.71,1987.4958330770287,1717.7299923653768,1955.4928879165036,1995.6831478396825
2024-04-15,175.38,804.1,175.38,792.98,1975.6101033946702,1629.6585645210553,1909.9041472138956,1971.867243922065
2024-04-16,34.57,956.45,34.57,952.12,1965.426122266365,1565.1310821857167,1872.3439845780565,1951.674229190935
2024-04-17,184.38,1776.38,184.38,1761.57,1963.3977031393365,1583.8395505489818,1867.9999067514661,1947.9097890089363
2024-04-18,100.05,1936.63,100.05,1917.55,1962.941507088199,1615.6214981157455,1869.9430476631733,1947.3086050681652
2024-04-19,166.1,2520.95,166.1,2484.2,1968.128158758963,1698.3432601999602,1894.0315555979507,1957.9401178390926
2024-04-22,91.89,2732.68,91.89,2715.56,1975.56529150763,1795.2210449428212,1926.2483573392076,1972.942491743269
2024-04-23,300.06,2977.3,300.06,2944.84,1985.2098159702407,1904.7085644720764,1966.1931276396308,1992.1879869562736
2024-04-24,110.21,1751.44,110.21,1728.11,1982.6516088461588,1887.889653569974,1956.856534398861,1986.9587198878326
2024-04-25,84.14,1752.26,84.14,1719.17,1980.0299012954506,1871.8211151347384,1947.5354938341998,1981.6559729593607
2024-04-26,309.3,2414.73,309.3,2392.89,1984.137961979078,1921.4467232171442,1965.000376428937,1989.7992210195714
2024-04-29,144.33,2410.96,144.33,2377.5,1988.0520121086395,1964.880368625035,1981.1768322552532,1997.4764641676986
2024-04-30,69.42,497.08,69.42,488.09,1973.1270169632799,1824.233666851222,1922.6244074609294,1967.5876232930907
2024-05-01,162.17,2439.07,162.17,2391.66,1977.2915242571776,1878.2742700082485,1941.0179601095203,1975.985096099168
2024-05-02,207.6,3322.41,207.6,3266.94,1990.1238473988972,2010.528149055082,1993.0149028503236,2001.5485595427488
2024-05-03,338.54,2674.09,338.54,2643.04,1996.6205255342315,2070.767372954598,2018.506083130703,2014.2513603438824
2024-05-06,214.27,2870.66,214.27,2825.68,2004.8698735388662,2142.663813625589,2050.1599622236167,2030.319254198459
2024-05-07,153.84,1929.24,153.84,1913.19,2003.9576359912157,2120.809164708866,2044.7885911560238,2027.9998630262123
2024-05-08,77.8,1788.57,77.8,1751.97,2001.4502963296115,2085.6816252127833,2033.3055091499052,2022.5339251445052
2024-05-09,127.3,2730.28,127.3,2691.84,2008.3198456198643,2143.4109942401374,2059.1303911440264,2035.787510785208
2024-05-10,149.72,1400.01,149.72,1389.76,2002.1650212853383,2071.6347090744102,2032.8805718834763,2022.9948868092633
2024-05-13,249.98,2892.87,249.98,2835.42,2010.456115600907,2144.376165353038,2064.3527063194183,2039.0825128130402
2024-05-14,1032.9,3811.78,1032.9,3752.73,2027.7921741521418,2297.552721033701,2130.5635805814018,2073.0161264207027
2024-05-15,142.88,2245.81,142.88,2230.07,2029.8048888371952,2291.1257952209676,2134.4657931076213,2076.126104115342
2024-05-16,114.1,1659.37,114.1,1648.89,2026.0146909383177,2229.9604813903993,2115.4236051426165,2067.665983241771
2024-05-17,115.07,2113.36,115.07,2098.58,2026.7367338145534,2217.448054591314,2114.763071607612,2068.2781419894586
2024-05-20,103.87,1608.86,103.87,1594.64,2022.437263826349,2158.1330017730934,2094.3660884073133,2058.8991688807564
2024-05-21,114.42,1695.84,114.42,1664.85,2018.879181599221,2111.153668270894,2077.5223202344773,2051.0962150415335
2024-05-22,138.8,1400.25,138.8,1383.65,2012.5584932250995,2041.8676046260468,2050.311641009596,2037.8794583080378
2024-05-23,100.74,499.05,100.74,495.66,1997.464975879576,1894.6097375188042,1989.3449099896118,2007.3404591336212
2024-05-24,539.05,2111.81,539.05,2096.58,1998.4511950250528,1913.8450006122514,1993.550207637078,2009.1075787547375
2024-05-28,176.68,1778.49,176.68,1749.87,1995.9777502984355,1898.228333887275,1983.994121063075,2003.9741613536535
2024-05-29,57.64,679.05,57.64,669.19,1982.775882136262,1781.1770639932488,1932.4331751390328,1977.542791821898
2024-05-30,160.24,2582.93,160.24,2564.98,1988.5689579359012,1855.8249626605584,1957.2389329767177,1989.1752117858207
2024-05-31,180.7,3933.64,180.7,3917.42,2007.761505618131,2052.1673471690765,2034.1087787423367,2027.3582768989727
2024-06-03,341.31,1756.6,341.31,1745.13,2005.1482568060103,2022.925695057736,2022.7762776151862,2021.769598148498
2024-06-04,56.59,1120.03,56.59,1108.94,1996.2307617134131,1935.8794383855707,1986.9395608459633,2003.6937645217952
2024-06-05,195.1,2402.56,195.1,2361.94,1999.869659606812,1976.456634729802,2001.6454604206315,2010.7877493827498
2024-06-06,123.44,1960.51,123.44,1886.29,1998.7395137400777,1967.8693361841067,1997.1217168747244,2008.3224474147746
2024-06-07,96.71,926.07,96.71,916.64,1987.9723543993803,1867.7522565475251,1954.7498848404214,1986.7049732085416
2024-06-10,99.12,1832.54,99.12,1762.45,1985.7283508730184,1857.7234702096655,1947.208712885895,1982.2642806697586
2024-06-11,29.23,1274.93,29.23,1250.35,1978.4111533518937,1799.878377808745,1919.880920223703,1967.770928577288
2024-06-12,238.81,2045.13,238.81,2017.63,1978.8013906319743,1820.6166275412454,1923.7142174698324,1968.7582369222923
2024-06-13,81.08,1136.87,81.08,1125.63,1970.312123063497,1754.4274249182697,1892.4167971768977,1952.0626282703658
2024-06-14,75.18,718.13,62.83,710.5,1957.776679052915,1655.005765402244,1846.067118856235,1927.4772296907547
2024-06-17,99.97,2119.63,99.97,2092.34,1959.1156175698013,1696.6566448877445,1855.7248789010887,1930.741839003809
2024-06-18,140.95,1964.19,140.95,1952.4,1959.0487955044302,1721.0131548984355,1859.516060120654,1931.170713478981
2024-06-20,149.19,2192.4,149.19,2180.97,1961.256966693441,1764.8185687176322,1872.1220969786675,1936.1172340041496
2024-06-21,176.25,3300.1,176.25,3272.66,1974.3057530945014,1908.4225145540481,1927.045151999112,1962.583427390206
2024-06-24,147.75,2707.14,147.75,2670.47,1981.232760526397,1980.9984655489006,1956.19906760699,1976.6009832834693
2024-06-25,78.96,1038.22,78.96,1028.13,1971.7491509689205,1890.2490878775768,1919.8042022106374,1957.8193796540936
2024-06-26,72.35,1543.79,72.35,1521.78,1967.271845984155,1855.156793793998,1904.195409967083,1949.1849364926263
2024-06-27,120.8,2101.95,120.8,2071.48,1968.3087430390392,1875.7590039088554,1910.755589968374,1951.6066209185149
2024-06-28,151.52,4335.09,151.52,4300.28,1991.5124371381532,2106.6657654413452,2004.4624295774572,1998.1150046627026
2024-07-01,149.88,1247.11,149.88,1239.55,1984.030223833296,2024.0833115897885,1974.4658637116745,1983.093915461461
2024-07-02,118.53,2010.37,118.53,1983.96,1984.0295250886861,2020.2620438193326,1974.838182781805,1983.1110656503429
2024-07-03,141.42,1442.39,141.42,1442.39,1978.6400770778534,1965.2266110746343,1953.9578618884009,1972.4037178156827
2024-07-05,143.33,1457.42,143.33,1448.99,1973.3699270571783,1916.0612195437168,1934.1552006378754,1962.0390897401246
2024-07-08,127.47,1812.16,127.47,1783.66,1971.4822660914351,1903.4515795871723,1928.253428063841,1958.50683053735
2024-07-09,145.81,1417.58,145.81,1389.77,1965.6940843392815,1854.529524388394,1907.136430884867,1947.2447150811647
2024-07-10,148.19,2537.18,148.19,2523.1,1971.2404118582936,1918.2029030180709,1931.2918649678134,1958.6477900300526
2024-07-11,223.57,3222.2,223.57,3200.39,1983.4707560189077,2040.3159598734926,1981.0604192828011,1983.2367446829228
2024-07-12,248.17,2571.68,248.17,2544.46,1989.0527385460828,2088.329677980779,2003.1545204873971,1994.3500764713797
2024-07-15,106.92,2038.1,106.92,1996.09,1989.122761048112,2079.544946744514,2002.8774804682835,1994.3845304026395
2024-07-16,169.57,3359.21,169.57,3340.21,2002.5664151670362,2199.6082851497986,2055.321892998939,2021.0345397015972
2024-07-17,341.6,1782.08,341.6,1751.64,2000.069634916618,2156.944638945056,2043.4127991558432,2015.6999943609715
2024-07-18,131.67,932.57,131.67,927.84,1989.400683325408,2039.887054283622,1999.664846247771,1994.1582122944176
2024-07-19,174.06,1460.68,174.06,1449.64,1984.0299302574936,1983.6730491137532,1978.095244434133,1983.3756734371025
2024-07-22,128.9,2298.96,128.9,2274.64,1986.9215727424937,2011.3841872933958,1989.7244505347553,1989.1432838640906
2024-07-23,67.11,1565.3,67.11,1565.3,1982.7263332127177,1968.899978979739,1973.0803544353532,1980.7503475499502
2024-07-24,128.84,897.18,128.84,886.83,1971.821892086223,1865.8456952673828,1930.4823013202413,1959.0885584895552
2024-07-25,111.62,2496.93,111.62,2480.06,1976.878987687355,1924.3422957181083,1952.0343679351338,1969.404824658079
2024-07-26,193.71,2983.41,193.71,2961.8,1986.6791967650927,2023.1477913640028,1991.6330201729718,1989.05621426881
2024-07-29,93.6,1325.58,93.6,1315.46,1980.0003987873306,1955.7489540912406,1965.1164311465807,1975.717675372398
2024-07-30,211.7,2195.63,211.7,2174.52,1981.935917207357,1976.5842917968369,1973.3283358074991,1979.654355067994
2024-07-31,178.19,2654.06,178.19,2640.07,1988.4845150460899,2039.7734068638047,1999.475067736617,1992.7318925914
2024-08-01,142.44,1124.95,142.44,1116.99,1979.812927831701,1951.8892728767757,1964.8678101783182,1975.3904689757287
2024-08-02,128.45,814.81,113.05,802.48,1968.098172330888,1842.4217230789875,1919.2839744850507,1952.1645190950212
2024-08-05,12.46,408.94,12.46,405.11,1952.5460512131676,1705.53489230956,1859.9046029366175,1921.5297761426446
2024-08-06,375.71,3640.71,375.71,3578.84,1968.72808055433,1883.9449025657925,1927.313834194005,1954.3478003774437
2024-08-07,930.95,1781.48,930.95,1764.59,1966.6968558721974,1872.577768988098,1920.9325073628677,1950.5902201719498
2024-08-08,439.73,3445.81,439.73,3411.42,1981.0722105401358,2019.1341719416123,1979.3829972702063,1979.5175425447824
2024-08-09,103.19,1987.88,103.19,1966.07,1980.9229348133683,2014.0804412805064,1978.8609189458844,1979.2512545735985
2024-08-12,121.73,1322.91,121.73,1309.19,1974.2390250142303,1946.9480183014107,1952.59931428134,1965.9827148790719
2024-08-13,150.74,2920.17,150.74,2898.09,1983.431572029014,2037.5329689393716,1989.6773803879541,1984.4402848814666
2024-08-14,147.5,1928.56,147.5,1901.24,1982.6137454416605,2024.552686183241,1986.2092478237207,1982.7927544877741
2024-08-15,212.59,3199.68,212.59,3178.05,1994.5086335467186,2134.4095732134083,2032.9481008502414,2006.461214794947
2024-08-16,128.02,1988.76,128.02,1977.32,1994.3376023671492,2119.448661478798,2030.7666066992515,2005.8841610366312
2024-08-19,861.94,2715.64,861.94,2704.6,2001.4048899057846,2175.177360385579,2057.1914456522222,2019.7201182438266
2024-08-20,82.23,850.06,82.23,842.36,1989.8721049315977,2048.2423736821906,2009.5509968031156,1996.406056496424
2024-08-21,155.59,2286.08,155.59,2250.11,1992.4615367233232,2067.4678619029346,2018.9846832029934,2001.4298969618415
2024-08-22,87.94,831.38,87.94,823.17,1980.8267950643847,1948.9633036264647,1972.0899897440524,1978.0980178140821
2024-08-23,237.32,3022.53,237.32,2995.88,1990.9268269542913,2048.6696556620395,2012.238617597227,1998.252116471229
2024-08-26,126.53,1532.93,126.53,1527.67,1986.3173062880794,1999.0506408370834,1993.2359267110612,1988.9336587193236
2024-08-27,63.61,1167.01,63.61,1163.72,1978.1322584643174,1919.4953417097422,1960.705890369451,1972.592794190228
2024-08-28,54.37,864.55,54.37,861.37,1967.0201961910407,1818.7214996421476,1917.5946789824138,1950.5883824240848
2024-08-29,173.52,1966.47,173.52,1941.49,1966.7661643881447,1830.413737771467,1918.5317503948681,1950.408216435489
2024-08-30,142.24,3100.41,142.24,3085.75,1977.9003319066705,1949.9695722694225,1964.3050150852655,1972.890231951618
2024-09-03,117.75,841.68,117.75,832.57,1966.5040101961565,1843.5505653866203,1919.923249787804,1950.3096332991108
2024-09-04,94.9,1545.95,94.9,1530.97,1962.1703384529112,1813.7809877307518,1904.6701811686744,1942.005878184277
2024-09-05,177.77,1436.45,177.77,1421.59,1956.7914296125837,1776.4294650897277,1885.7258603385303,1931.7006132697368
2024-09-06,239.71,857.19,214.81,843.87,1945.7175845418117,1687.6142779383251,1844.868767776235,1910.1594130069698
2024-09-09,240.73,2711.85,240.73,2688.08,1953.1042752428882,1782.8967276584847,1877.935874922265,1925.5637810662377
2024-09-10,43.61,1475.9,43.61,1462.36,1948.221247628531,1752.3694202624386,1861.6387817880584,1916.391428965916
2024-09-11,54.46,2308.06,54.46,2274.61,1951.468896905859,1802.1066183326825,1877.83373152186,1923.4848660160958
2024-09-12,103.06,2589.31,103.06,2558.98,1957.5137835038108,1874.1897975390937,1904.5453498935517,1936.068928075183
2024-09-13,144.42,2972.72,144.42,2936.93,1967.2592184938226,1975.403150154418,1945.0310224467457,1955.8879592024073
2024-09-16,118.89,2463.82,118.89,2449.4,1972.0566392053267,2020.5457072825686,1964.8101980370695,1965.6604748617656
2024-09-17,217.5,2058.37,217.5,2044.48,1972.7772696609952,2022.8251637318479,1967.9345039964,1967.2212575377703
2024-09-18,73.46,1621.17,73.46,1597.79,1969.046053047453,1982.3456243288147,1953.4190332514431,1959.9057870914778
2024-09-19,298.48,2944.08,298.48,2927.14,1978.5793261514584,2072.326041059404,1991.6041692023668,1979.0589398223397
2024-09-20,157.01,3391.33,157.01,3367.43,1992.3987358414936,2195.6692752442227,2045.5581233512937,2006.5514360634813
2024-09-23,81.24,2155.22,81.24,2113.79,1993.6066091167027,2187.8712490304874,2048.23388321987,2008.6749719830163
2024-09-24,307.45,2498.9,307.45,2475.08,1998.3973891254916,2215.2244634085364,2064.9729466230124,2017.9107151120654
2024-09-25,73.7,1063.67,73.7,1055.41,1989.0144300297156,2104.765943083914,2025.3822428338747,1998.8512950108363
2024-09-26,238.97,3056.63,238.97,3025.57,1999.3284158005642,2192.4615675521127,2064.605292134507,2019.1823584759684
2024-09-27,161.24,2729.1,161.24,2694.33,2006.2438544493148,2240.258561118578,2089.3003787174675,2032.5516187041671
2024-09-30,151.01,2075.9,151.01,2053.88,2006.7178459473316,2222.508221964428,2087.911344257959,2032.973962888243
2024-10-01,71.07,1849.39,71.07,1839.37,2005.0526932513383,2186.0188674916253,2078.164624875294,2029.1402210488718
2024-10-02,170.2,2139.8,170.2,2127.21,2006.2681888408772,2180.4180229686135,2080.0879729194003,2031.0821968696862
2024-10-03,56.18,1279.56,56.18,1274.46,1998.9865153200724,2094.136306495412,2048.4947190794237,2016.0995791098903
2024-10-04,254.24,2581.93,254.24,2569.51,2004.6633659139025,2139.409991591087,2068.9266908802306,2027.0582013057342
2024-10-07,243.16,1302.02,243.16,1297.21,1997.6240289396349,2059.200468582412,2038.6632912378686,2012.6057616759176
2024-10-08,50.74,1402.55,50.74,1384.5,1991.5232923332703,1994.943281098373,2013.0098288363836,2000.168023820949
2024-10-09,353.2,2311.6,353.2,2302.42,1994.6167919120437,2024.2267781366234,2024.359247313388,2006.153211468059
2024-10-10,51.96,1455.84,51.96,1442.46,1989.122694480083,1968.8204183140879,2001.5396689873728,1994.9909696568102
2024-10-11,204.44,2456.96,204.44,2438.84,1993.5974935399827,2013.5841879984605,2018.6887015761033,2003.7800593665763
2024-10-14,58.44,1753.37,58.44,1736.52,1991.0395085296345,1987.1971224747977,2007.623262298609,1998.4877809632778
2024-10-15,104.4,1686.49,104.4,1668.85,1987.8336427731208,1956.8783489057694,1994.3380363261144,1991.9603001521239
2024-10-16,132.38,2547.62,132.38,2533.28,1993.2609697107016,2011.773744248077,2015.4730152937177,2002.6795021293096
2024-10-17,183.96,1496.09,183.96,1489.77,1988.2511093155701,1962.0591019387364,1994.8572107723955,1992.522878324769
2024-10-18,1184.23,1952.24,1184.23,1946.09,1987.831595790042,1960.5382350874281,1992.9447711342623,1991.6034153876449
2024-10-21,111.65,917.73,111.65,914.11,1977.1477988170068,1860.8784031743398,1950.6375252074286,1970.266912112642
2024-10-22,115.58,1573.35,115.58,1558.49,1972.9820495750466,1832.0795076339266,1935.2591908855686,1962.112913852986
2024-10-23,92.08,1117.03,92.08,1111.85,1964.4135714698223,1763.4862211926002,1902.9686343802523,1945.2760244697586
2024-10-24,115.28,1876.22,115.28,1865.75,1963.4318443905206,1773.2256286980669,1901.5090800908306,1943.701251707981
2024-10-25,104.55,1255.18,104.55,1252.9,1956.36187578962,1723.6708069172987,1876.0734298911902,1930.0220190008924
2024-10-28,144.07,2755.25,144.07,2724.42,1964.004245184748,1818.980253877556,1909.3419228366338,1945.7526720899837
2024-10-29,56.77,1272.91,56.77,1264.13,1957.040322347089,1766.137372555884,1884.039494490099,1932.2551934347364
2024-10-30,103.95,1863.96,103.95,1854.89,1956.0239012292075,1774.590003741038,1882.8963770591147,1930.7232094063259
2024-10-31,96.69,1191.81,96.69,1188.98,1948.3916236050363,1718.8176224323677,1855.68397011562,1916.035225061646
2024-11-01,174.37,1562.2,174.37,1551.91,1944.4465328228966,1702.9216583911898,1843.7712654052036,1908.8248245653758
2024-11-04,100.74,1939.35,100.74,1928.88,1944.291641949037,1724.4415004491718,1847.1088628402936,1909.2219567522
2024-11-05,272.07,3028.45,272.07,3003.72,1954.8332176510366,1846.277548025441,1892.4661623367526,1930.8951853313642
2024-11-06,461.6,4174.04,461.6,4145.05,1976.626419465454,2065.208257737304,1980.802783421586,1974.7398351267827
2024-11-07,332.49,2904.5,332.49,2881.96,1985.634713799131,2142.9941379527986,2016.1422821109354,1992.7045908668465
2024-11-08,108.74,2180.19,108.74,2177.08,1987.5396420200352,2146.2404105287224,2022.4535651654085,1996.355589067503
2024-11-11,178.75,2683.9,178.75,2662.2,1994.2526804078955,2195.3794190497965,2047.5416606491178,2009.5406269077505
2024-11-12,203.93,1030.86,203.93,1018.68,1984.5454895580656,2083.312807711721,2007.1941445452308,1989.9196243947258
2024-11-13,143.46,1905.65,143.46,1896.83,1983.6726986171893,2065.5525403106044,2002.8661388767903,1988.0762654958203
2024-11-14,123.25,1663.21,123.25,1651.02,1980.3627215165209,2026.0732507572136,1989.0682510777006,1981.4018840008534
2024-11-15,136.1,1830.63,136.1,1826.4,1978.8307541382471,2007.056750685098,1982.6891039766142,1978.3325397632127
2024-11-18,139.34,2533.55,139.34,2476.88,1983.7864680274188,2051.801822048422,2002.0691391147861,1988.2047666985945
2024-11-19,67.19,2017.47,67.19,1986.6,1983.8144633704296,2045.5921247104768,2001.462506208324,1988.1729891402065
2024-11-20,72.34,2041.33,72.34,2023.51,1984.2094438344054,2043.489065214241,2002.3271138079974,1988.8727319295094
2024-11-21,131.03,3317.28,131.03,3292.7,1997.2292503634162,2162.461535193837,2052.9299720900367,2014.6910936734796
2024-11-22,302.19,3196.12,302.19,3170.47,2008.9032876732329,2258.4623413658524,2096.7550712237608,2037.5778046898463
2024-11-25,214.09,3813.71,214.09,3813.71,2026.8615634177777,2406.5811659976757,2164.086637058123,2072.7487392504436
2024-11-26,1327.23,1327.23,1327.23,1327.23,2019.9000553240685,2303.78581685504,2131.26872972251,2057.9859919385535
2024-11-27,756.86,1909.9,756.86,1908.13,2018.7879154700977,2266.1043104878936,2122.5181913020197,2055.0185465536315
2024-11-29,126.53,1413.23,126.53,1413.23,2012.7624635748728,2184.8781856795226,2094.702968113705,2042.3098624634606
2024-12-02,148.56,1719.56,148.56,1699.52,2009.645623141292,2138.653596567187,2079.2055968151285,2035.5219443948772
2024-12-03,155.51,2007.47,155.51,1991.16,2009.4616865926223,2124.606587370312,2075.7528283125744,2034.6434900504241
2024-12-04,97.87,1692.4,97.87,1680.37,2006.187142447422,2082.2983409540916,2060.24761935914,2027.6281734157624
2024-12-05,149.95,2042.46,149.95,2029.42,2006.418315159388,2077.2623084822735,2059.038693109762,2027.6636551303018
2024-12-06,158.56,1900.79,158.56,1884.9,2005.2091776951154,2058.942088626819,2052.209724752516,2024.8366520584145
2024-12-09,406.79,2512.38,406.79,2480.52,2009.938638613572,2099.092365900455,2069.0062061347703,2033.8600846909212
2024-12-10,80.6,1328.77,80.6,1309.96,2002.9736770353275,2023.9369024813643,2039.2396882471323,2019.5254295485267
2024-12-11,87.4,2082.18,87.4,2064.05,2003.581401641941,2027.7571974831392,2040.2126416492056,2020.4071042109322
2024-12-12,90.04,941.52,90.04,935.07,1992.9494473967477,1923.6917501037926,1996.8737145257073,1998.9152803651712
2024-12-13,83.46,1249.27,83.46,1225.05,1985.308656875387,1857.1544405700981,1966.6061178776404,1983.591215407445
2024-12-16,71.03,1700.66,71.03,1689.91,1982.369366757224,1841.226398611041,1955.755289725576,1977.7757457954162
2024-12-17,131.73,1841.33,131.73,1815.83,1980.7122586302864,1838.8076939814182,1950.2680234618279,1974.568899344022
2024-12-18,150.58,1187.42,150.58,507.57,1966.054126703617,1712.0231516974736,1893.6916303848934,1945.5194161886948
2024-12-19,325.76,1996.25,325.76,1973.36,1966.1268219602973,1736.9123753453332,1896.815880173721,1946.0707148780275
2024-12-20,517.24,7183.26,517.24,7121.78,2017.426853582583,2249.75691102673,2101.7164338923985,2048.56000765272
2024-12-23,89.45,2091.08,89.45,2078.19,2018.0314620046468,2233.4172052146605,2100.793828641716,2049.146740174448
2024-12-24,62.26,1403.58,62.26,1403.58,2011.917517109078,2154.3850904323117,2073.4521098714526,2036.3632403690135
2024-12-26,1097.14,1948.44,1097.14,1933.2,2011.1342582323707,2133.3198437244723,2067.952027131396,2034.3204039260627
2024-12-27,87.31,705.98,87.31,701.39,1998.1019770559292,1996.9455728935702,2014.361359400753,2007.9257424621803
2024-12-30,54.7,920.31,54.7,917.6,1987.3507136026365,1894.150756427516,1971.351110012488,1986.335133700553
2024-12-31,79.31,1759.63,79.31,1759.63,1985.0848358553465,1881.3392558153716,1963.0483213845473,1981.8459231322252
2025-01-02,137.06,2087.05,137.06,2068.19,1985.9117529115122,1899.1345647853364,1967.1715244675063,1983.5557068325772
2025-01-03,155.22,2477.35,155.22,2438.63,1990.416412086522,1950.515082424828,1985.6600921354473,1992.5670789745063
2025-01-06,368.32,3150.05,368.32,3127.14,2001.7270945533228,2062.574598384368,2030.4240100909199,2015.0338694898626
2025-01-07,276.74,2234.74,276.74,2219.07,2003.8897105279166,2077.4789223477615,2037.8218920481388,2019.074188905905
2025-01-08,63.13,1551.88,63.13,1541.27,1999.2865293286338,2026.411405933689,2018.3492688305648,2009.6127198186593
2025-01-10,120.57,1173.66,120.57,1168.83,1991.0232802805876,1944.7369863209567,1985.0347876999544,1992.9635570499731
2025-01-13,53.8,2314.94,53.8,2307.74,1994.1746904270494,1979.3087019094369,1997.6898940646622,1999.1967539400728
2025-01-14,166.98,2892.32,166.98,2875.71,2002.9461860446906,2064.680254108538,2032.1220550817343,2016.5534518818536
2025-01-15,468.08,3748.51,468.08,3726.88,2020.0997563328033,2222.984991812487,2098.583150960882,2050.4213043198365
2025-01-16,164.24,2708.43,164.24,2701.65,2026.8813507971536,2268.572135449393,2122.232831315357,2063.316922056077
2025-01-17,411.97,2472.23,411.97,2450.06,2031.0920836250425,2285.856693978022,2135.088798714755,2070.975200827244
2025-01-21,163.94,3466.9,163.94,3444.13,2045.1521623949425,2396.1684374086867,2186.4237477847646,2098.1663849692786
2025-01-22,128.19,1409.35,128.19,1401.86,2038.751245356187,2301.4723957507167,2155.6565419892836,2084.378139722362
2025-01-23,187.91,3021.93,187.91,3015.55,2048.4706359496577,2369.4797866316007,2189.377854068135,2102.817186460533
2025-01-24,227.54,2435.86,227.54,2431.67,2052.2835649451836,2375.402664095258,2198.879506849777,2109.3291233623045
2025-01-27,110.84,2507.49,110.84,2492.57,2056.6645244979677,2386.5614579909475,2210.396781090962,2116.9180516125557
2025-01-28,156.89,2157.07,156.89,2153.09,2057.62398196565,2364.3260810394286,2208.149456342297,2117.6343278182476
2025-01-29,121.6,1917.17,121.6,1900.22,2056.057773189872,2320.1255018928164,2196.0737913876974,2113.329093604025
2025-01-30,171.55,3411.44,171.55,3395.06,2069.381178431764,2422.5002159982623,2243.0928583921013,2138.709903631668
2025-01-31,97.97,1203.46,97.97,1095.64,2059.692211482194,2296.13257637938,2198.0947070826073,2118.0550540548033
2025-02-03,34.9,1512.91,34.9,1506.73,2054.1900999251575,2220.951378628963,2170.9823656283875,2105.9496074398567
2025-02-04,137.59,3058.36,137.59,3050.15,2064.100148682121,2299.922675902395,2205.4595277606077,2124.6466449162954
2025-02-05,127.97,2854.29,127.97,2821.01,2071.631589988767,2349.550040102167,2229.598761966074,2138.4360182842897
2025-02-06,206.96,2279.24,206.96,2274.64,2073.651574167983,2342.415750568627,2231.365085026228,2141.1331268331155
2025-02-07,333,1559.64,333,1552.66,2068.467578405118,2267.2009171811387,2204.749199338925,2129.4801936284994
2025-02-10,184.32,2846.13,184.32,2841.15,2076.1559607095446,2321.8627345924588,2229.7060934824963,2143.5726650417964
2025-02-11,94.49,2050.84,94.49,2035.24,2075.748836722385,2294.565331297939,2222.079972169457,2141.42746375384
2025-02-12,90.1,2168.38,90.1,2161.96,2076.6066592425605,2281.9362521267067,2219.7223262020275,2141.8340486300017
2025-02-13,153.96,3485.1,153.96,3475.52,2090.52619497149,2395.610894781306,2268.969293801948,2168.2436714294076
2025-02-14,158.51,2110.22,158.51,2107.14,2090.691506464311,2368.1374762307055,2262.6230469861853,2167.033697737736
2025-02-18,176.02,3176.77,176.02,3151.37,2101.2455213253625,2442.7310499230193,2297.4758686730015,2186.5255057033255
2025-02-19,90.3,2192.76,90.3,2183,2102.05899872511,2417.9947594541604,2292.9866189211193,2186.4556937092
2025-02-20,179.92,2282.92,179.92,2279.4,2103.8235858024723,2404.795258553764,2292.4538103359773,2188.296175021889
2025-02-21,164.13,1227.62,164.13,1226.17,2095.0907143019504,2292.545233929596,2250.638758950253,2169.2441715561094
2025-02-24,158.95,2265.38,158.95,2260.43,2096.7358813238216,2289.4866402220155,2251.022729187498,2171.0498315252953
2025-02-25,116.35,2327.64,116.35,2326.46,2099.0216934499526,2293.0079125818233,2253.981053533086,2174.1272606040025
2025-02-26,163.23,2695.88,163.23,2682.78,2104.8302338136345,2330.129063764507,2270.796698492573,2184.1995920771906
2025-02-27,124.14,1608.86,124.14,1607.25,2099.8791867110112,2261.2834386440777,2244.7752593360015,2172.7748476796223
2025-02-28,92.75,4505.97,92.75,4500.87,2123.769642564633,2474.577396868451,2333.2495628914526,2218.8757417849765
2025-03-03,174.78,1148.82,174.78,1128.62,2113.8676560714525,2346.390978119075,2286.0091878761014,2197.286519175373
2025-03-04,50.1,1898.07,50.1,1590.24,2108.6574306379057,2274.376599250592,2258.7241216848815,2185.2657960233855
2025-03-05,278.23,3954.43,278.23,3924.44,2126.7249188902647,2431.525494560059,2324.046312991357,2219.704889171437
2025-03-06,96.65,1475.66,96.65,1474.87,2120.2388002943417,2340.415447459101,2290.745281109343,2204.95568344527
2025-03-07,96.41,3808.61,96.41,3804.95,2137.002095813801,2479.894928653472,2350.1258583207414,2236.638739218631
2025-03-10,84.46,1473.01,84.46,1471.74,2130.38257247237,2383.8801735436177,2315.679354072869,2221.4922295311335
2025-03-11,136.64,2847.11,136.64,2829.08,2137.3347856816004,2426.280157015654,2335.812712736678,2233.523670530517
2025-03-12,149.2,2692.37,149.2,2656.76,2142.503195774321,2448.2306182522584,2348.3988808646513,2241.9045879457544
2025-03-13,110.54,1432.72,110.54,1418.32,2135.2973928312927,2350.143892704424,2311.925199262116,2225.595982243858
2025-03-14,377.12,4402.11,377.12,4379.95,2157.6322446439167,2543.4587600659074,2393.0242110557588,2268.2564578429897
2025-03-17,234.44,4365.88,234.44,4354.37,2179.490331761888,2715.9264972024876,2469.9397321908273,2309.565636895604
2025-03-18,111.73,1950.6,111.73,1941.77,2177.124955326446,2642.1973069927267,2449.22719367354,2302.282554976879
2025-03-19,104.73,3445.61,104.73,3442.13,2189.7120701988197,2718.3813729934195,2488.164558627519,2324.8537915119905
2025-03-20,68.09,1708.06,68.09,1696.27,2184.802198853558,2621.037432708332,2457.109870053891,2312.406587719674
2025-03-21,230.99,3366.48,230.99,3362.28,2196.5183958798907,2691.631962926586,2492.6067378949147,2333.1961602400766
2025-03-24,181.47,3464.7,181.47,3443.51,2208.926272537802,2763.2393950288156,2529.8970618990356,2355.18257290859
2025-03-25,118.32,2062.85,118.32,2057.9,2207.4235235573265,2696.064214549881,2511.3873731971125,2349.2957892866375
2025-03-26,115.88,1586.7,115.88,1576.64,2201.147070586607,2589.4523845927492,2474.7306134638925,2333.995674647298
2025-03-27,37.86,1646.65,37.86,1635.2,2195.5157564514166,2498.5712051077253,2441.8078443084455,2320.1581365354705
2025-03-28,68.68,555.39,68.68,552.07,2179.163062357373,2313.1901379546084,2367.700477864977,2285.1464902674415
2025-03-31,113.31,3011.72,113.31,3010.09,2187.43099208516,2379.561553387503,2392.8922238310565,2299.5018072918488
2025-04-01,146.27,2495.61,146.27,2481.78,2190.359837935059,2389.296643541074,2396.378018974937,2303.1112764543864
2025-04-02,62.61,3072.15,62.61,3036.13,2198.775461438193,2450.899820346686,2421.466331956312,2317.6264987028144
2025-04-03,85.02,839.43,85.02,839.17,2185.2470488865692,2297.40174221843,2359.4154954090054,2288.3501323918676
2025-04-04,18.48,741.05,18.48,739.77,2170.8641926787427,2149.055862007151,2295.8999857851227,2257.685179275197
2025-04-07,10.42,3001,10.42,2983.89,2178.954001706815,2228.563875149327,2322.879986342569,2272.065472754896
2025-04-08,765.92,1463.79,329.29,828.61,2165.517742983364,2095.234934658915,2264.2811633487427,2243.48219606668
2025-04-09,249.3,9298.44,249.3,9287.87,2236.3869196700966,2780.2477980247327,2539.7160196880077,2382.9750238673396
2025-04-10,32.66,930.53,32.66,908.76,2223.1767015639266,2602.01086487952,2475.7569600923994,2353.782647157095
2025-04-11,111.92,4546.65,111.92,4535.18,2246.181709508564,2786.1222110814706,2556.518647931913,2396.9786343421033
2025-04-14,173.18,3897.81,173.18,3882.58,2262.4642795632053,2890.5467624070448,2608.5210538953675,2426.3964831670123
2025-04-15,115.29,2031.06,115.29,2017.26,2260.024435985462,2807.3765945587547,2585.334345899471,2418.2947706290515
2025-04-16,142.67,1367.25,142.67,1365.24,2251.1211082642135,2670.030252219826,2537.487508805374,2397.4422009136247
2025-04-17,181.32,3564.36,181.32,3557.73,2264.122191764072,2754.573085341747,2577.497018263987,2420.418196935137
2025-04-21,41.22,655.71,41.22,655.71,2248.118090353484,2554.6813629282474,2502.132821469321,2385.4734801641443
2025-04-22,156.94,4160.31,156.94,4126.87,2266.8121392056883,2704.4136140779383,2565.8480049411123,2419.9565795668345
2025-04-23,506.87,3793.95,506.87,3778.53,2281.8541079698107,2806.710412737182,2613.4041616100885,2446.8590235358083
2025-04-24,117.87,3760.21,117.87,3732.35,2296.286902915385,2894.8665639050696,2657.2843905665554,2472.3142903964854
2025-04-25,277.07,2132.67,277.07,2129.56,2294.627928757023,2821.980224485539,2636.5893164266904,2465.5270767252678
2025-04-28,170.15,3050.05,170.15,3029.98,2301.9448647892914,2841.789726915488,2652.0164020570164,2476.7043623346685
2025-04-29,133.27,2913.58,133.27,2881.17,2307.7082989704923,2845.5402291140126,2661.002817662624,2484.7135828824967
2025-04-30,130.81,2039.09,130.81,2029.33,2304.938365647403,2767.8059215793446,2636.231334617031,2475.696086191754
2025-05-01,278.59,2460.6,278.59,2448.38,2306.3656455912096,2737.3844052384547,2628.8646156124414,2475.1551735938974
2025-05-02,198.62,3954.43,198.62,3933.04,2322.551460062939,2851.256366644316,2680.0087483335224,2504.0241800573845
2025-05-05,79.01,1633.43,79.01,1620.5,2315.565873395646,2734.0414745829526,2638.4593856537763,2486.5286517394165
2025-05-06,95.87,2086.3,95.87,2064.81,2313.0707900782763,2670.3051436702904,2615.9633313144127,2478.177787348537
2025-05-07,133.49,2611.15,133.49,2591.6,2315.8422250028707,2662.8094157016913,2615.007906556985,2480.423771757477
2025-05-08,198.35,4004.54,198.35,3980.81,2332.4090685351803,2788.3332808729588,2668.5687729665146,2510.134390138517
2025-05-09,152.09,2843.33,152.09,2828.53,2337.345595216422,2792.161539837439,2674.8417622619454,2516.439253700131
2025-05-12,302.35,4671.1,302.35,4654.22,2360.3990718809355,2969.500440805302,2752.464438251673,2558.771545706069
2025-05-13,142.61,3640.3,142.61,3619.25,2372.9249517627172,3031.381351204797,2786.45602890847,2579.771119058424
2025-05-14,141.87,2184.29,141.87,2178.31,2370.988484580999,2950.1364606138636,2762.6071650297067,2571.8213939285542
2025-05-15,227.13,2638.27,227.13,2618.81,2373.454370306561,2918.5815596030193,2756.9680605187377,2572.7518613755137
2025-05-16,154.45,3680.95,154.45,3659.21,2386.2479586617196,2989.117601545589,2792.3500973611403,2594.2658839225332
2025-05-19,71.74,1914.88,71.74,1900.55,2381.415143152648,2885.4444966364854,2757.3775445234487,2580.5289357260476
2025-05-20,126.96,1963.98,126.96,1954.01,2377.162355658592,2796.7364493377727,2725.872934934294,2568.122620167116
2025-05-21,110.78,877.02,110.78,640.48,2359.8819342092524,2591.3786922579848,2644.0928198388315,2529.951479173708
2025-05-22,49.45,2491.14,49.45,2477.16,2361.0488801375186,2580.5007215667483,2637.5464347471125,2528.906103348486
2025-05-23,70.21,2223.42,70.21,2217.5,2359.620533071474,2545.929224274677,2621.0740255413434,2522.7396458564367
2025-05-27,215.98,4451.05,215.98,4425.82,2380.1797317473797,2724.966441010422,2691.8483774808988,2560.424405344428
2025-05-28,135.93,1389.62,135.93,1383.63,2370.26381401855,2597.2201132951436,2640.5456960110596,2537.1215458326574
2025-05-29,146.66,2548.68,146.66,2540.71,2371.9597959686143,2591.838197743225,2636.6305706772923,2537.1926043310204
2025-05-30,71.48,3046,71.48,3034.9,2378.556215909225,2634.034559862918,2652.24897967034,2547.0481963244656
2025-06-02,195.05,2524.38,195.05,2516.79,2379.931676447442,2622.8684113045447,2646.9368628205225,2546.4490241200206
2025-06-03,202.83,3509.42,202.83,3497.93,2391.0560378758255,2706.2076102279216,2680.309142709914,2565.2902315631886
2025-06-04,148.2,2167.97,148.2,2163.14,2388.788216603429,2654.48688544431,2660.0279998585447,2557.3268606411452
2025-06-05,142.28,2295.53,142.28,2283.52,2387.7407716621015,2619.156705878185,2645.2629802562487,2551.904942608647
2025-06-06,163.71,3311.08,163.71,3275.06,2396.56981871024,2681.623686270739,2669.960902599141,2566.2248447352085
2025-06-09,141.93,2822.76,141.93,2815.41,2400.737382703173,2694.36523995924,2675.6647887717236,2571.1592042454026
2025-06-10,144.29,2970.95,144.29,2962.21,2406.3241749150816,2719.874264725027,2686.9018558787147,2578.902784359355
2025-06-11,161.46,2490.37,161.46,2485.88,2407.115775164683,2697.589096655977,2679.0186458442554,2577.060749025506
2025-06-12,106.04,2213.54,106.04,2205.22,2405.106861978965,2650.69680173636,2660.4383067915396,2569.6975658764864
2025-06-13,146.07,1375.62,146.07,1373.8,2394.8451021582787,2529.0875825233734,2609.981902603636,2546.01642595814
2025-06-16,389.71,3476.27,389.71,3459.33,2405.436991689042,2617.682098473528,2643.2896711289836,2564.1018432659
2025-06-17,87.81,1273.52,87.81,1269.5,2394.1341360503448,2489.283803380811,2589.4155663788274,2538.4661632012285
2025-06-18,246.16,2517.09,246.16,2509.6,2395.2830501194953,2491.2186792493053,2586.285544167893,2537.894556009125
2025-06-20,359.75,3493.53,359.75,3472.05,2405.9971491232814,2584.631185987467,2621.0214051809166,2556.392683612905
2025-06-23,122.58,3356.6,122.58,3345.51,2415.345535699169,2657.095834941041,2649.4327226248024,2572.0187690859166
2025-06-24,532.46,3889.03,532.46,3853.13,2429.6518487767894,2771.003850660942,2696.63653742383,2597.387308311938
2025-06-25,159.35,1258.6,159.35,1255.31,2417.9668552566222,2626.6520553599003,2640.1139281130913,2570.8115200285333
2025-06-26,177.76,4300.54,177.76,4264.95,2436.3447969953622,2782.6804310399098,2703.832989755715,2604.358816661632
2025-06-27,147.94,4575.29,147.94,4564.82,2457.5236547367017,2952.408009036109,2776.812872510393,2643.179830193085
2025-06-30,206.82,3746.26,206.82,3728.32,2470.1683944905653,3026.304389127908,2814.126877509985,2664.667754347677
2025-07-01,207.76,4339.77,207.76,4325.76,2488.6319925553357,3150.0620663538216,2873.4066078037113,2697.560670103169
2025-07-02,139.1,3976.98,139.1,3960.86,2503.2810274552826,3227.280917177267,2916.0518388702326,2722.5764984179577
2025-07-03,410.94,2397.53,410.94,2397.53,2502.228778425877,3148.2570203032415,2895.7176491106156,2716.1399340928497
2025-07-07,105.76,1746.48,105.76,1739.76,2494.642024411689,3014.114446941028,2850.385976596474,2696.805677972199
2025-07-08,273.59,3620.44,273.59,3594.68,2505.58767591008,3069.4064043752155,2879.5739775142592,2714.5853675173043
2025-07-09,163.09,2468.03,163.09,2458.84,2505.122524906,3011.2572230061473,2863.0746058470336,2709.5211028139915
2025-07-10,222.43,3460.57,222.43,3452.71,2514.5512560014627,3053.3003446246094,2886.197562480483,2724.237714639457
2025-07-11,86.59,1509.14,86.59,1501.48,2504.470944996473,2905.507930850837,2831.8949129714447,2700.0246905871904
2025-07-14,148.02,2693.93,148.02,2685.25,2506.269741563672,2884.530985055519,2826.1441320706035,2699.732122456751
2025-07-15,320.68,1473.33,320.68,1468.36,2495.9422814486106,2749.657557907374,2772.897695518815,2675.3485160714686
2025-07-16,177.71,3217.52,177.71,3205.46,2503.0021592451417,2793.067314297148,2789.860923145528,2685.8457731789645
2025-07-17,171.44,3829.44,171.44,3819.21,2516.098754675538,2890.7951891259913,2830.2275536104094,2708.2886291556188
2025-07-18,198.97,2331.6,198.97,2324.35,2514.1908068678213,2836.8480282568494,2810.389218174707,2700.685884023824
2025-07-21,183.61,2279.58,183.61,2269.09,2511.7519928691363,2782.7758350895306,2789.1617978541303,2692.1394308748377
2025-07-22,340.54,4249.73,340.54,4234.5,2528.8937640843687,2921.035279366718,2845.8417273500468,2722.6812243228605
2025-07-23,208.95,4249.03,208.95,4230.23,2545.822482849698,3045.720490855602,2900.131463532398,2752.533675326368
2025-07-24,97.1,1639.64,97.1,1633.14,2536.7410651099003,2911.1890155360206,2850.4455237860293,2730.367463933767
2025-07-25,117.69,2615.08,117.69,2607.82,2537.448318193384,2882.296728342114,2840.930797363048,2727.9407814796327
2025-07-28,90.3,1334.79,90.3,1330.88,2525.442663285987,2734.5427542142934,2781.713119035085,2700.276211549343
2025-07-29,125.73,2033.73,125.73,2027.57,2520.48870643737,2667.212015717694,2752.1388790729247,2686.955296469158
2025-07-30,113.56,1448.66,113.56,1442.17,2509.7591670698343,2550.541347554104,2700.76755048183,2662.3060826776896
2025-07-31,271.71,1916.38,271.71,1909.76,2503.789026103965,2489.514552548951,2669.747646541366,2647.4041800504087
2025-08-01,81.07,1626.88,81.07,1623.4,2495.0289362919852,2407.027452306194,2628.7144055005283,2627.126869554361
2025-08-04,190.43,3831.4,190.43,3816.56,2508.1784991149507,2541.2686473246517,2675.2965856769783,2650.680000850314
2025-08-05,179.16,2836.73,179.16,2810.76,2511.189260317787,2566.93449043659,2680.6088764347437,2653.8499018235752
2025-08-06,395.21,2364.1,395.21,2355.63,2509.6414069812918,2546.8102532521525,2667.8646067706363,2647.9445572330096
2025-08-07,216.34,2670,216.34,2645.72,2510.995422832224,2556.2302291328997,2666.9961908188466,2647.900506594732
2025-08-08,172.99,2396.92,172.99,2376.38,2509.65596588862,2539.1016358821475,2655.5994774534015,2642.5238628997868
2025-08-11,172.03,1759.21,172.03,1726.37,2501.862075680773,2461.698622940991,2619.159105788562,2624.382202248306
2025-08-12,307.61,4058.37,307.61,4043.62,2517.202950549621,2612.3578017085156,2675.0203173262657,2652.485921015666
2025-08-13,171.62,3853.87,171.62,3839.19,2530.357050544152,2729.1989634505617,2720.6740303722945,2675.985011688623
2025-08-14,41.99,1221.09,41.99,1183.16,2516.9521047675935,2581.9571574076513,2660.3793625145577,2646.4241203680563
2025-08-15,199.76,2259.6,199.76,2248.18,2514.2777554664235,2550.1688567021606,2644.214681631634,2638.53809818255
2025-08-18,92.72,2339.28,92.72,2322.45,2512.3690215811853,2528.4813465400503,2631.59645882255,2632.2789279215094
2025-08-19,121.25,2000.99,121.25,1982.31,2507.0948024609743,2476.46502782195,2606.1342447510774,2619.4082560814795
2025-08-20,91.57,2254.92,91.57,2244.24,2504.4793317897206,2454.3483585055737,2591.9423135843685,2611.9791817036285
2025-08-21,76.06,2033.42,76.06,2025.63,2499.714661821664,2413.5180386479,2569.733987561452,2600.368306818408
2025-08-22,141.2,4591.75,141.2,4570.48,2520.3192920522943,2618.9429873481,2648.194615500219,2639.3804195546772
2025-08-25,125.68,1451.16,125.68,1441.38,2509.5835777035154,2506.794131410186,2600.868552147269,2615.657638969436
2025-08-26,125.48,2707.57,125.48,2698.6,2511.464338124376,2525.061356990168,2604.701157945415,2617.3000619601403
2025-08-27,107.38,2754.7,107.38,2745.77,2513.795737745029,2546.081227753009,2610.2332693985363,2619.8440211292464
2025-08-28,115.91,2293.71,115.91,2281.9,2511.488317468959,2520.921110824151,2597.357454912319,2613.152060314806
2025-08-29,97.18,2236.39,97.18,2222.16,2508.6094287379246,2492.4676716980416,2582.643829229483,2605.409643278869
2025-09-02,52.92,1919.99,52.92,1910.54,2502.6584891484927,2437.0459886791805,2556.2868163185226,2591.649848362456
2025-09-03,120.86,1922.46,120.86,1911.42,2496.775519107214,2386.9863707097347,2530.9979215609333,2578.1799503750804
2025-09-04,294.35,2974.96,294.35,2960.49,2501.389593543958,2441.6057639754745,2547.8407481663867,2585.750446407257
2025-09-05,163.95,2942.64,163.95,2932.27,2505.6769607723763,2488.3356912159056,2562.916405101038,2592.6122197457275
2025-09-08,177.18,2575.74,177.18,2560.31,2506.2205731029994,2495.1903872905814,2562.8141931362916,2591.9725718299705
2025-09-09,336.81,2369.66,336.81,2337.47,2504.54146292287,2480.169398024812,2553.9771659544763,2586.9329169422485
2025-09-10,184.17,2376.51,184.17,2349.61,2502.999856326622,2467.7351696414967,2545.962767289595,2582.233453240422
2025-09-11,273.83,4408.54,273.83,4388.71,2521.7631413382974,2650.6851534851635,2618.2273646507874,2618.0052660475426
2025-09-12,151.94,1804.33,151.94,1804.33,2514.6245031160256,2570.079900772291,2586.309820938992,2601.892884541651
2025-09-15,206.84,2999.76,206.84,2988.9,2519.3436622890003,2609.9675292701677,2602.0976710982472,2609.55639177845
2025-09-16,157.88,2550.62,157.88,2536.61,2519.5154666443336,2602.981097911104,2599.52952713361,2608.1119087729357
2025-09-17,186.07,3376.04,186.07,3360.62,2527.884665981206,2675.137183824332,2629.3762123440565,2623.0130590942636
2025-09-18,152.04,3444.56,152.04,3428.95,2536.8504902002987,2746.928880602967,2660.7320471540934,2638.9722064389316
2025-09-19,226.71,3640.85,226.71,3628.77,2547.7153609445745,2830.9137491169704,2698.6943198147173,2658.5721627470716
2025-09-22,124.34,3089.94,124.34,3058.52,2552.7979941690064,2852.590534915354,2712.8051308023755,2666.491921900595
2025-09-23,185.82,3260.07,185.82,3244.12,2559.676820097673,2889.879055399606,2733.641008025812,2677.9301016649397
2025-09-24,312.34,2207.74,312.34,2194.46,2556.042821887746,2823.648669171072,2712.4966547698978,2668.356436285436
2025-09-25,288.84,2035.22,288.84,2028.04,2550.789062465977,2747.8764149643034,2685.655217327941,2655.676902893645
2025-09-26,537.7,3393.9,537.7,3390.46,2559.1439971678083,2809.0748516343697,2713.2946205699827,2670.227063232385
2025-09-29,129.21,2858.47,129.21,2845.62,2561.994504658676,2812.555341954906,2718.4838511358657,2673.7001906931296
2025-09-30,169.84,2895.67,169.84,2880.76,2565.1663006322215,2819.0510236734863,2724.8476216795575,2677.80038493683
2025-10-01,400.19,3369.68,400.19,3359.94,2573.074496645831,2870.5642595141067,2749.7532051431044,2691.308100086596
2025-10-02,148.59,2602.46,148.59,2592.82,2573.270969316022,2844.112425274668,2743.598961804159,2689.3578406789406
2025-10-03,199.25,3799.99,199.25,3790.17,2585.379417382529,2934.2131466770807,2784.6409633020353,2711.1561012595557
2025-10-06,169.25,3049.9,169.25,3025.87,2589.762408254345,2942.942370803073,2794.100925525485,2717.3880596504555
2025-10-07,134.26,1709.5,134.26,1703.01,2580.939001207038,2824.8535735837327,2751.313046093113,2697.3013653999515
2025-10-08,158.63,2974.12,158.63,2969.83,2584.8085633840824,2838.6608522900437,2759.882338403187,2702.697972025695
2025-10-09,238.54,1791.9,238.54,1788.12,2576.881313997176,2738.609342548135,2721.774011406984,2684.587517134097
2025-10-10,380.31,1088.63,380.31,1073.49,2561.9221964449657,2580.0265480197413,2657.135422724357,2652.684596002729
2025-10-13,311.19,4453.19,311.19,4429.33,2580.5033686196425,2756.1506863035756,2726.633249284186,2687.8656931115856
2025-10-14,32.09,3824.4,32.09,3805.77,2592.6950763945715,2856.11443046514,2768.9523375475515,2710.002412059871
2025-10-15,415.1,3299.43,415.1,3295.03,2599.6834835946256,2897.9159132779837,2789.582834114314,2721.587116771557
2025-10-16,125.69,1553.44,125.69,1544.49,2589.184045946918,2769.018207251509,2740.755664149047,2698.2782629741
2025-10-17,129.21,2763.22,129.21,2752.83,2590.812363897695,2767.4764732275557,2741.2291675157508,2699.3584953904547
2025-10-20,197.75,3720.48,197.75,3682.88,2601.6787085355286,2854.657761491598,2778.156651142584,2718.8341687490597
2025-10-21,74.56,2379.2,74.56,2374.12,2599.414442778956,2808.89226039716,2762.312076587973,2712.008145605514
2025-10-22,190.3,1952.05,190.3,1933.82,2592.7916125025486,2725.55204512124,2729.822191231582,2696.5984793559
2025-10-23,198.95,3454.73,198.95,3440.64,2601.227914865707,2793.6556598715983,2757.6973994185787,2711.331974814199
2025-10-24,184.7,3322.76,184.7,3318.02,2608.360174419282,2843.595120836208,2779.670834735497,2723.345599075304
2025-10-27,321.24,3386.55,321.24,3376.14,2615.9997746738163,2894.3136807565693,2803.0617823929283,2736.272220875793
2025-10-28,80.41,2135.75,80.41,2125.53,2611.119478408405,2821.096187351182,2776.491908573598,2724.178315511916
2025-10-29,152.87,2410.99,152.87,2404.15,2609.0600806132966,2781.3870266510694,2761.8902651001235,2717.8411211453435
2025-10-30,60.87,1835.78,60.87,1830.03,2601.308537522617,2690.781595541444,2725.3467252922756,2700.2607029048418
2025-10-31,360.94,4031.25,360.94,4019.03,2615.4152187412974,2817.281443585116,2776.0794027317943,2726.374946411677
2025-11-03,137.74,2722.76,137.74,2709.85,2616.354868306061,2807.049877529391,2773.482171252116,2726.0477197500595
2025-11-04,49.27,1309.8,49.27,1304.52,2603.301785039334,2663.9517939551633,2715.8758115951705,2697.8986559926325
2025-11-05,143.29,3855.91,143.29,3840.97,2615.616891655858,2776.0487659594337,2759.9971523169284,2720.5337321115903
2025-11-06,156.43,2384.64,156.43,2376.69,2613.2395096493324,2738.014597772821,2744.965499284892,2713.7249453371032
2025-11-07,230.42,4125.47,230.42,4113.56,2628.1680717423737,2869.018921794457,2798.635871861955,2741.444451370032
2025-11-10,173.55,3334.12,173.55,3301.37,2634.8665983917035,2910.1952149568897,2818.350935710506,2752.5320859963676
2025-11-11,159.71,3420.63,159.71,3408.2,2642.561458109199,2957.6242421038523,2841.4822715649957,2765.5156090459445
2025-11-12,154.15,2935.61,154.15,2917.98,2645.3019411130877,2953.8485999987233,2844.4821824840155,2768.53470589652
2025-11-13,237.34,1124.58,237.34,1120.09,2630.1257028930568,2779.2049238083687,2776.858959641505,2735.8922364728264
2025-11-14,42.6,1774.16,42.6,1763.29,2621.500472018499,2682.451121540905,2737.1111573026224,2716.632786245642
2025-11-17,84.78,949.96,84.78,945.13,2604.8201688143345,2516.991967108438,2666.8373864280097,2681.5535231516687
2025-11-18,815.07,3125.86,815.07,3109.62,2609.843052706729,2573.4327321457295,2684.2014104896566,2690.0300870496553
2025-11-19,104.33,1801.72,104.33,1792.27,2601.7079974559156,2499.036281465184,2649.223708117513,2672.2526595833256
2025-11-20,192.36,1005.53,192.36,932.86,2585.1025447449115,2349.876635611357,2581.9153274070222,2637.8092405816756
2025-11-21,177.59,4744.22,177.59,4718.73,2606.3326686777978,2575.481717934085,2665.711981234198,2679.0155922533254
2025-11-24,250.04,3727.41,250.04,3691.58,2617.1311495864766,2681.776792416553,2705.9420996171707,2699.0663726047446
2025-11-25,258.05,3797.24,258.05,3767.31,2628.575715262233,2785.1609074245002,2747.564370220419,2720.2197117610863
2025-11-26,152.91,3102.15,152.91,3083.65,2633.1038175979324,2813.5884400507384,2760.744198839226,2727.416351132154
2025-11-28,120.25,1961.32,120.25,1960.57,2626.4119388158633,2732.348588617335,2729.3648184925896,2712.2312748721115
2025-12-01,276.02,1683.84,276.02,1670.26,2616.8979891759045,2631.197294463303,2687.8312961987626,2691.5981803201885
2025-12-02,555.38,1897.89,499.37,1885.5,2609.620397243806,2560.178504514417,2656.367323798811,2675.635840115828
2025-12-03,276.16,3326,276.16,3292.4,2616.4142241369027,2629.9138850368536,2681.3097816890536,2687.8489917967026
2025-12-04,880.01,3034.88,880.01,3012.3,2620.353386085789,2666.331610271439,2694.2897902502673,2694.273764236372
2025-12-05,101.55,2089.08,101.55,2078.38,2614.9606160749854,2610.3362188170163,2670.1364651424137,2682.077848112879
2025-12-08,239.04,1957.4,239.04,1940.43,2608.248868651354,2546.535626548729,2641.5205253329073,2667.3917521106437
2025-12-09,294.79,2398.53,294.79,2380.38,2605.9815167244747,2530.711281163136,2631.2797204178914,2661.7083510787497
2025-12-10,92.38,3751.83,92.38,3708.36,2616.9504568565694,2642.868302004742,2673.518162754445,2682.434126304913
2025-12-11,231.74,3430.31,231.74,3395.98,2624.70199459929,2714.593225623338,2701.8499995091724,2696.563747566202
2025-12-12,651.6,1825.59,651.6,1792.05,2616.4169001256655,2626.731966040163,2666.1715681558717,2678.652584248059
2025-12-15,254.82,2063.69,254.82,2008.25,2610.3654881841167,2567.828921655386,2640.3707223458373,2665.377285550078
2025-12-16,198.76,1626.95,198.76,1578.76,2600.100756958404,2473.63188149773,2598.738929312667,2643.860111578789
2025-12-17,117.85,2315.15,117.85,2258.2,2596.6987593767285,2453.114559450327,2585.384461496484,2636.2232776861397
2025-12-18,576.45,2876.33,576.45,2809.36,2598.8147916217363,2487.042696645534,2594.1678159476023,2639.6517276329487
2025-12-19,284.56,5200.89,284.56,5147.8,2624.1778285210225,2740.448154107864,2694.3102545378924,2689.3180300560584
2025-12-22,179.26,3261.42,179.26,3169.98,2629.6086958989226,2781.3559489547342,2712.9639700462103,2698.8360888668294
2025-12-23,168.23,1696.35,168.23,1662.13,2619.9820422083862,2674.7630014352358,2671.7547947502803,2678.307255423922
2025-12-24,67.98,1173.05,67.98,1173.05,2605.584708455069,2531.742715584261,2612.9820577012497,2648.500181059092
2025-12-26,60.82,1324.24,60.82,1288.69,2592.481278520193,2413.3567426714744,2561.0490358306124,2621.5732467806943
2025-12-29,179.61,1412.5,179.61,1385.06,2580.467136445365,2315.4237195599053,2514.931818739216,2597.087835953354
2025-12-30,107.3,1699.1,107.3,1688.71,2571.5939311076004,2255.736698649438,2482.530963102384,2579.1001560334857
2025-12-31,36.27,532.93,36.27,524.01,2551.2199616438434,2090.8103463971106,2405.72621945131,2538.405301458565
2026-01-02,89.01,2957.49,89.01,2915.98,2554.8494147618153,2169.3979324545285,2425.73617162969,2545.882028162356
2026-01-05,182.22,3849.25,182.22,3817,2567.4081270527427,2326.3124150779067,2480.2955374481335,2571.052681070032
2026-01-06,1202.92,3738.61,1202.92,3719.77,2578.87441434575,2459.022661260963,2528.9023791168343,2593.7995586726056
2026-01-07,95.22,1485.37,95.22,1472.47,2567.8654151980313,2365.0652649503954,2487.4736583671543,2571.595012956316
2026-01-08,108.39,3656.41,108.39,3633.72,2578.4709334547674,2485.88952543131,2532.4244952939325,2592.627190917577
2026-01-09,424.97,3051.53,424.97,3034.29,2583.00644655472,2538.1181420568996,2552.105495478484,2601.372989117229
2026-01-12,354.3,2709.86,354.3,2696.03,2584.131059026812,2553.157366622909,2557.749593695014,2603.247385372333
2026-01-13,596.98,2221.01,596.98,2213.71,2580.4452773449534,2520.829045992156,2544.2578449226608,2595.5337737808018
2026-01-14,552.52,3458.16,552.52,3443.75,2589.0353740877895,2608.7262797071885,2579.5320470825563,2612.3301346960334
2026-01-15,86.71,2795.32,86.71,2772.29,2590.858803201344,2624.3037768779323,2587.0911824910836,2615.4976567812605
2026-01-16,88.6,2409.57,88.6,2399.71,2588.9568250600373,2602.913893365748,2579.742900824767,2611.224633874701
2026-01-20,165.56,1646.05,165.56,1641.45,2579.528896452475,2511.3459035213914,2542.947100792423,2592.021175778172
2026-01-21,481.96,4023.32,481.96,4002.31,2593.68592235842,2653.3424841384017,2600.1770184084066,2619.9476871489014
2026-01-22,186.04,3573.82,186.04,3551.43,2603.2157141757493,2738.874628506173,2637.4810569021947,2638.3928814627848
2026-01-23,279.86,2222.03,279.86,2210.59,2599.3089906516125,2688.5618067436803,2620.7402311413243,2629.921537275403
2026-01-26,288.6,2345.98,288.6,2343.05,2596.759149948611,2655.6559203871393,2609.85041815539,2624.2409127748997
2026-01-27,124.67,3106.25,124.67,3090.76,2601.674581292406,2697.0944041597927,2628.7096174434137,2633.4789145021296
2026-01-28,613.33,2222.61,613.33,2198.49,2597.6627944138745,2649.6082704302885,2611.838259896613,2624.8652726308
2026-01-29,555.68,3515.7,555.68,3495.31,2606.594607404781,2730.1512922940706,2646.484210488903,2642.1018018856357
2026-01-30,414.03,2320.56,414.03,2312.91,2603.672372505231,2690.414026361302,2633.402868901103,2635.583152343346
2026-02-02,153.97,2918.12,153.97,2918.12,2606.801204619607,2712.1003095649876,2644.568246591256,2641.1779414058537
2026-02-03,1204.71,3944.67,1204.71,3913.3,2619.801192633342,2826.500280082608,2694.322432999442,2666.3684772195993
2026-02-04,307.81,4392.84,307.81,4372.31,2637.239091214105,2973.720253408074,2760.1258669994636,2700.1494974726766
2026-02-05,103.81,1891.26,103.81,1883.67,2629.740891301527,2869.905943559686,2725.755048685759,2683.9815866316335
2026-02-06,221.31,5014.28,221.31,5014.28,2653.4676486020094,3074.132044173049,2815.501125207886,2730.1261096686308
2026-02-09,177.56,3274.84,177.56,3262.78,2659.530458068656,3092.098516156568,2833.0414732389495,2740.6737114573707
2026-02-10,261.25,3015.89,261.25,2991.06,2662.829259480908,3082.475800332133,2839.238278209971,2745.6318557849477
2026-02-11,290.72,3192.06,290.72,3166.2,2667.8379235656753,3090.4495336338346,2852.0603065154623,2753.9599378486123
2026-02-12,116.69,1929.75,116.69,1926.7,2660.4634168635293,2979.6162447163265,2815.771667044268,2737.578552940719
2026-02-13,586.25,3652.38,586.25,3649.4,2670.3035818698622,3043.405173790962,2848.4629742190023,2755.6344231795165
2026-02-17,306.87,2208.17,306.87,2182.09,2665.4457352840923,2961.375157239442,2822.330700720218,2744.277107869031
2026-02-18,267.92,3329.63,267.92,3321.7,2671.975628465345,2995.691808930924,2841.9138104958956,2755.711224544892
2026-02-19,75.46,2641.83,75.46,2636.29,2671.620547585093,2961.4630652232167,2833.850131652919,2753.346447821231
2026-02-20,313.02,3165.15,313.02,3160.89,2676.4889003454405,2980.4561066305296,2846.675224529275,2761.4166171713055
2026-02-23,139.76,1638.32,139.76,1635.72,2666.132990889267,2852.386001237146,2799.1867843516566,2739.1255950491013
2026-02-24,277.9,3622.95,277.9,3604.85,2675.4734586416125,2924.0492392145607,2830.7814202594345,2756.2686525728814
2026-02-25,269.37,2919.69,269.37,2895.16,2677.659394376522,2921.297883098888,2833.306070445339,2759.0189762843092
2026-02-26,484.78,3772.33,484.78,3752.1,2688.3503456762583,3000.4218942323273,2869.337204937679,2778.6839470509567
2026-02-27,92.05,2981.94,92.05,2968.77,2691.1405909929126,2997.407428114963,2873.2365302342405,2782.448027307373
2026-03-02,217.89,3162.72,217.89,3144.21,2695.6487443163664,3011.3886254373474,2883.8629408132897,2789.611630727029
2026-03-03,29.03,1409.01,29.03,1401.4,2682.7706473579947,2858.0563753956953,2825.7271392127686,2762.1222915047115
2026-03-04,102.53,3476.79,102.53,3458.95,2690.493824996224,2915.2843396437243,2850.5594082632483,2775.9208599897665
2026-03-05,196.24,1719.14,196.24,1711.97,2680.7572695236245,2800.6829739633695,2805.908843233317,2754.852526128583
2026-03-06,260.18,1590.39,260.18,1588.46,2669.888639976126,2685.233166919239,2758.1657513418145,2731.7556444230668
2026-03-09,231.74,3881.84,231.74,3868.01,2681.8102455485027,2797.8785795935974,2801.689055210763,2754.255730672115
2026-03-10,118.65,2492.72,118.65,2474.99,2679.752332657473,2767.127286298969,2788.877327555439,2748.72571620336
2026-03-11,105.93,2185.43,105.93,2165.62,2674.636588053916,2709.8408780800196,2764.4358637297355,2737.179068357749
2026-03-12,135.45,1498.66,135.45,1493.73,2662.8862737449217,2594.0207944533513,2714.60426123053,2712.556314528883
2026-03-13,421.85,2206.05,421.85,2200.54,2658.285813309649,2556.546433076842,2694.4448784371757,2702.417377607519
2026-03-16,178.35,3708.13,178.35,3688.81,2668.539785316518,2664.381058498095,2733.439589086698,2721.949904783608
2026-03-17,550.03,3395.5,550.03,3379.59,2675.6149118307817,2732.496195783991,2758.77882088722,2734.9724809265067
2026-03-18,279.58,1079.29,279.58,1070.74,2659.6460072354507,2574.2337009474204,2692.581220068113,2702.017382294299
2026-03-19,334.14,2863.59,334.14,2847.86,2661.518783282859,2600.2933484762375,2698.6705839870106,2704.9053549221344
2026-03-20,241.31,1943.04,241.31,1937.99,2654.3194919069106,2537.216839097548,2668.839972850265,2689.718912250409
2026-03-23,197.12,4701.5,197.12,4687.99,2674.555019350623,2742.0523782311147,2748.0223268561367,2729.288636760302
2026-03-24,141.8,2891.9,141.8,2859.48,2676.395068909323,2753.235961256723,2752.393215999033,2731.8666835571275
2026-03-25,155.61,3378.4,155.61,3367.25,2683.269247328136,2811.713488756083,2776.505246744169,2744.4485314074814
2026-03-26,182.12,1573.2,182.12,1564.93,2672.141493623378,2692.9722041126465,2728.992491969888,2721.091728805353
2026-03-27,69.86,1563.35,69.86,1560.43,2661.079687716678,2585.111041816204,2683.1665118926376,2698.10832823495
2026-03-30,157.14,2482.49,157.14,2474.16,2659.2197903264623,2574.5442759289463,2674.9701780929263,2693.673707873862
2026-03-31,353.83,4892.08,353.83,4853.14,2681.04984216401,2791.553392507142,2760.388602481439,2736.435416628835
2026-04-01,353.83,4853.14,353.83,2872.59,2682.9557143812835,2799.271164649319,2764.7886572860884,2739.1315469926203
2026-04-02,70.26,2720.4,70.26,2716.54,2683.28988637749,2791.3920061112885,2762.896553078791,2738.68418962643
2026-04-06,116.77,2346.08,116.77,2337.29,2679.8471014384104,2748.1441960054517,2746.2061000168774,2730.7357898318473
2026-04-07,279.73,1795.69,279.73,1778.07,2670.874194956436,2655.756177338266,2708.239978447588,2711.8711207262663
2026-04-08,732.13,4258.29,732.13,4211.85,2686.207287543934,2803.955589020336,2767.205077331996,2741.5736727910926
2026-04-09,93.03,2397.36,93.03,2395.71,2683.316767269865,2765.075056732685,2752.6366429268196,2734.724887191269
2026-04-10,125.38,1820.55,125.38,1817.82,2674.7048591378266,2674.86028942481,2715.977166733611,2716.56835477164
2026-04-13,88.55,3494.94,88.55,3471,2682.6281938727734,2750.6831190033995,2745.585905293077,2731.5075952712114
2026-04-14,168.69,2971.43,168.69,2953.03,2685.3187591078704,2769.954250526885,2753.720967830603,2735.8941775430685
2026-04-15,358.44,3114.05,358.44,3086.51,2689.3107117535633,2800.1024171433723,2766.771518111756,2742.8370651164732
2026-04-16,385.97,2909.38,385.97,2897.79,2691.385132532135,2809.405996463051,2771.909497793648,2745.905440064662
2026-04-17,235.06,4292.52,235.06,4277.15,2707.1638874323125,2949.1911396570463,2830.938537095858,2776.227114518827
2026-04-20,494.64,2490.71,494.64,2467.6,2704.7801671593543,2903.3253168325655,2816.6899670136677,2770.115686508553
2026-04-21,157.5,1544.79,157.5,1536.05,2693.1510112672213,2773.108619991369,2766.4687918366612,2745.678742221255
2026-04-22,380.3,2597.58,380.3,2586.04,2692.0852300605825,2755.292560944572,2759.393152941106,2742.517579008953
2026-04-23,289.32,1953.45,289.32,1944.5,2684.6465710550046,2678.0742218069936,2727.4365587081215,2726.7152507117457
2026-04-24,353.8,2195.47,353.8,2177.58,2679.6011325370446,2630.4081054444227,2705.8735564058425,2715.841285351117
2026-04-27,378.71,2700.1,378.71,2691.34,2679.717937188417,2636.2111430211444,2705.303613017378,2715.356111383768
2026-04-28,117.7,2250.12,117.7,2236.36,2675.3064154253484,2598.130081781035,2686.9136674088536,2705.8710398712183
2026-04-29,95.58,1878.7,95.58,1859.4,2667.1879436300715,2527.774835897127,2654.462151039879,2689.109237101491
2026-04-30,115.11,4264.8,115.11,4257.31,2683.0100536437026,2692.492470573591,2717.3189294304716,2720.162717554927
2026-05-01,103.55,2295.98,103.55,2284.78,2679.0475655477453,2653.662711471344,2700.356618472414,2711.5412776033445
2026-05-04,153.57,1820.25,153.57,1815.2,2670.452067383091,2573.809119902645,2665.6445942185937,2693.7919453735753
2026-05-05,618.42,3421.53,618.42,3397.81,2677.6894597474384,2652.285394197631,2694.3569630727666,2707.7328969503365
2026-05-06,594.66,3995.39,594.66,3963.73,2690.4858830335334,2777.1848804645233,2744.1362978542265,2732.604126713696
2026-05-07,114.45,1764.29,114.45,1752.23,2681.150003600364,2679.5701299440925,2705.2380116638647,2713.1907776698604
2026-05-08,673.35,2651.63,673.26,2628.44,2680.625525952599,2674.700593758941,2702.2263249319485,2711.512544448675
2026-05-11,139.42,2649.46,139.42,2614.02,2679.962784400832,2668.921489591423,2698.7672533659897,2709.5819990140476
2026-05-12,85.87,2299.34,85.87,2285.5,2676.037781570973,2632.4051572493827,2682.5606944104607,2701.184335667235
2026-05-13,91.24,2409.17,91.24,2392.42,2673.2157140926547,2609.5494279875365,2671.182627962992,2695.0701904064977
2026-05-14,562.69,3138.65,562.69,3099,2677.4523736539218,2656.1637681792,2687.95977980758,2703.068800497458
2026-05-15,124.74,1554.61,124.74,1547.05,2666.204588841445,2550.5338854954666,2643.218219815126,2680.177339101469
2026-05-18,344.57,3302.45,344.57,3275.25,2672.264742186306,2619.5544678292317,2668.0037798223757,2691.9609561489647
2026-05-19,161.44,1756.97,161.44,1748.42,2663.0722571894275,2536.589280416924,2631.9416708097333,2673.276976819282
2026-05-20,257.83,3815.86,257.83,3792.15,2674.306861595503,2656.166491805788,2677.4400366603318,2695.432878268405
2026-05-21,318.85,3483.39,318.85,3462.63,2682.150872922911,2732.972540205237,2708.231799928554,2710.624900480912
2026-05-22,189.33,2997.29,189.33,2982.51,2685.1395209535285,2756.7380125666427,2718.9878077744934,2716.0087638377254
2026-05-26,259.46,3489.52,259.46,3467.5,2692.9242023370757,2824.4296304174386,2748.3412270774543,2730.8897784151964
2026-05-27,179.24,2931.88,179.24,2919.51,2695.178787388448,2833.4849037110157,2755.0537279763776,2734.624832307965
2026-05-28,330.67,3227.88,330.67,3194.51,2700.1472571656777,2867.8682462147285,2772.2873072714215,2743.7314692919654
2026-05-29,266.39,3789.77,266.39,3789.77,2710.989274507313,2955.6684132418973,2812.1885893392086,2764.4451035634115
2026-06-01,227.95,3801.7,227.95,3766.52,2721.4920677957975,3032.892373885526,2849.613350541593,2784.2881708195814
2026-06-02,649.77,2984.23,649.77,2944.6,2723.712047220715,3024.4835763726187,2853.3383171870205,2787.4626624865205
2026-06-03,279.8,1258.75,279.8,1254.67,2709.0947134175235,2855.929902432369,2790.645442003216,2757.1103325362924
2026-06-04,139.43,3519.91,139.43,3508.37,2717.047701343717,2918.0670545816674,2818.791503101129,2771.9867615949797
2026-06-05,158.1,1329.45,158.1,1318.62,2703.1329978477597,2765.738763669128,2759.9612480775554,2743.207221761416
2026-06-08,129.04,2278.84,129.04,2258.32,2698.706997869175,2717.4131671292107,2740.2890422705923,2733.6054945978235
2026-06-09,307.37,3217.39,307.37,3194.92,2703.644440676447,2762.890008355,2758.1177072795886,2742.7404352988565
2026-06-10,354.51,1682.23,354.51,1667.74,2693.3369338040447,2658.590007559286,2715.3577971901927,2721.453297966206
2026-06-11,139.23,4211.06,139.23,4166.29,2707.99318321893,2802.18048302983,2772.2570992611654,2750.0639257292514
2026-06-12,211.28,3257.49,211.28,3219.51,2713.082902788891,2841.9261513127035,2789.796428701904,2759.3598875959988
2026-06-15,662.18,2912.19,662.18,2889.3,2714.83630674124,2846.4379464257795,2793.6985295371232,2761.9329591287515
2026-06-16,325.64,2212.81,325.64,2201.65,2709.7299753308794,2785.0295705757053,2770.4809401435105,2750.838247066796
2026-06-17,253.5,1722.25,253.5,1272.79,2695.432065128582,2641.0067543304,2711.747962098667,2721.5699649466615
2026-06-18,216.24,4604.55,216.24,4560.88,2713.9937361223274,2823.8518253465522,2784.2629439771504,2757.9919458388067
2026-06-22,446.28,3011.44,446.28,2962.82,2716.469619344991,2837.0868895992617,2791.2651814682426,2762.0479469113056
2026-06-23,329.33,2673.87,329.33,2597.7,2715.2878320878267,2814.288138208856,2783.6743900381157,2758.793532120983
2026-06-24,236.92,2802.77,236.92,2774.13,2715.873326295908,2810.463553617536,2783.3001002326996,2759.0972245542307
2026-06-25,215.66,2990.66,215.66,2955.99,2718.2625469297795,2824.3232151777706,2790.0722531647507,2762.996091394741
2026-06-26,100.24,6493.75,100.24,6493.75,2755.8295862638115,3173.792432779888,2935.3145177465253,2836.8724064166277
2026-06-29,475.73,2761.54,475.73,2723.05,2755.503421226361,3130.864582038946,2926.9904190113675,2834.6184973786744
2026-06-30,350.84,2397.12,350.84,2362.08,2751.5887603186357,3057.647002797142,2904.837069246216,2825.26129941078
2026-07-01,476.52,2848.37,476.52,2815.65,2752.226185589097,3034.599669197414,2901.339537118913,2825.0709766501705
2026-07-02,600.97,3257.95,600.97,3218.47,2756.865427523534,3052.111129273851,2913.776025859348,2832.8610563204643
2026-07-06,171.14,2575.35,171.14,2534.38,2754.651642175041,3002.803402676341,2898.897750335452,2826.9505403537223
2026-07-07,199.09,2111.32,199.09,2081.36,2747.9522228499163,2915.0468881357374,2866.8374464007284,2812.186371237807
2026-07-08,71.56,1668.97,71.56,1659.83,2737.1251360553897,2795.5024225990005,2819.50382105168,2789.367433193494
2026-07-09,224.32,2855.58,224.32,2815.83,2737.908269029963,2797.438382351477,2819.359749637889,2789.891444417385
2026-07-10,114.09,2351.67,114.09,2318.72,2733.737241477426,2751.84615546086,2799.72681827954,2780.5613168051595
2026-07-13,246.92,2073.38,246.92,2060.35,2727.0368709154613,2685.9893787503015,2770.7316489352443,2766.299706571394
2026-07-14,300.13,2844.42,300.13,2840.82,2728.1690413541137,2700.735152202654,2773.4802117220975,2767.7753559462176
2026-07-15,94.2,2684.96,94.2,2680.27,2727.692433977456,2698.7860900881155,2769.824909301623,2766.04257662055
2026-07-16,51.51,2712.7,51.51,2672.18,2727.140071450317,2696.2521767463904,2765.9956971721476,2764.1839117369746
2026-07-17,260.8,1605.4,260.8,1603.97,2715.964249843846,2592.2253027705437,2720.426061988926,2741.209378831292
2026-07-20,384.04,2213.74,384.04,2204,2710.870078203609,2555.2514644114444,2700.1740595579877,2730.571569349484
2026-07-21,116.94,3169.91,116.94,3152.28,2715.262216728946,2612.111324943688,2717.9037042812038,2738.9222313425635
2026-07-22,425.5,2472.54,425.5,2463,2712.752144920698,2597.9102463776226,2707.907480583902,2733.4584247813245
2026-07-23,54.31,1488.24,54.31,1479.69,2700.48286984686,2491.413080055944,2659.742089188455,2708.6313272609023
2026-07-24,85.34,2732.75,85.34,2729.23,2700.768910942911,2514.062310526807,2662.4671052987114,2709.0392217705876
2026-07-27,228.49,3639.3,228.49,3639.3,2710.107528744474,2621.227804762349,2700.7742776399386,2727.4602272800807
2026-07-28,353.28,3404.62,353.28,3382.3,2716.796011045524,2693.7108709754584,2727.5007765560194,2740.4273514923566
2026-07-29,66.35,2018.08,66.35,2014.85,2709.8114736221855,2629.0574546920816,2699.5536872793127,2726.0594831459734
2026-07-30,87.91,3074.73,87.91,3053.3,2713.229269904552,2669.461506626169,2713.426091699732,2732.5394933807065
2026-07-31,216.16,2378.38,182.54,2375.03,2709.8641030398303,2641.42041075701,2700.155656731115,2725.4600974721775
2026-08-03,114.57,3661.75,114.57,3639.39,2719.1131169399314,2736.4651335420567,2736.9883760749926,2743.5577193044114
2026-08-04,94.97,4071.17,94.97,4044.96,2732.3056232390363,2861.083692252337,2788.2813809347967,2769.3280614964033
2026-08-05,120.73,2501.44,120.73,2466.67,2729.6624827092946,2823.5204834664005,2775.669169917746,2763.3348325558804
2026-08-06,113.17,2020.67,113.17,1982.78,2722.2308162146746,2743.4499612315053,2744.575476979795,2747.87830121814
2026-08-07,255.95,3399.26,255.95,3346.9,2728.4464299836827,2800.9213934951713,2768.196046509999,2759.740117035603
2026-08-10,234.98,2563.47,234.98,2559.03,2726.7606943619544,2777.8841179242027,2759.9934564507835,2755.7656592725216