time,open,high,low,close,EMA,EMA,EMA,EMA
2008-07-31,58.3,2791.64,54.89,2788.55,,,,
2008-08-01,4.71,2078.87,4.71,2073.56,,,,
2008-08-04,0.64,2505.99,0.64,2480.79,,,,
2008-08-05,0.09,1062.61,0.09,942.54,,,,
2008-08-06,0.01,1982.85,0.01,1925.29,,,,
2008-08-07,0.05,3171.02,0.05,3167.11,,,,
2008-08-08,0.04,1121.09,0.04,1060.51,,,,
2008-08-11,1.34,1689.74,1.34,1603.6,,,,
2008-08-12,1.21,2666.15,1.21,2666.14,,,,
2008-08-13,1.74,2332.95,1.74,2317.94,,,,
2008-08-14,0.57,1131.82,0.57,1075.62,,,,
2008-08-15,0.56,1412.18,0.56,1387.66,,,,
2008-08-18,0.44,2454.41,0.44,2452.98,,,,
2008-08-19,0.09,2425.79,0.09,2425.79,,,,
2008-08-20,0.02,1885.53,0.02,1554.22,,,,
2008-08-21,0.03,1754.77,0.03,1749.1,,,,
2008-08-22,0.47,1066.13,0.47,1010.42,,,,
2008-08-25,1.33,2233.67,1.33,2233.67,,,,
2008-08-26,1.04,1345.59,1.04,1091.79,,,,
2008-08-27,0.84,789.52,0.84,668.64,,1833.7960000000003,,
2008-08-28,0.09,624.95,0.09,594.26,,1715.7449523809526,,
2008-08-29,3.04,1903.04,3.04,1903.04,,1733.582575963719,,
2008-09-02,0.33,1952.52,0.33,1675.27,,1728.0289973005076,,
2008-09-03,1.95,2006.21,1.95,1908.82,,1745.2471880337926,,
2008-09-04,0.3,3389.18,0.3,3386.95,,1901.599836792479,,
2008-09-05,0.9,1772.78,0.9,1602.16,,1873.0817570979573,,
2008-09-08,0.01,2368.71,0.01,2364.51,,1919.8844468981517,,
2008-09-09,2.68,4297.84,2.68,4275,,2144.181166241185,,
2008-09-10,0.01,2605.64,0.01,2571.28,,2184.8572456467864,,
2008-09-11,38.26,2963.48,38.26,1748.13,,2143.2641746328068,,
2008-09-12,10.35,2450.69,10.35,2397.6,,2167.486634191587,,
2008-09-15,69.08,4972.14,69.08,4972.14,,2434.5964785542933,,
2008-09-16,33,3516.7,33,2105.96,,2403.2977663110273,,
2008-09-17,28.46,5130.13,28.46,5130.13,,2662.9960742814055,,
2008-09-18,3.2,2456.51,3.2,379.76,,2445.5450195879384,,
2008-09-19,0.29,1029.97,0.29,857.8,,2294.331208198611,,
2008-09-22,1.73,3158.98,1.73,3158.98,,2376.6787121796956,,
2008-09-23,1.74,2805.15,1.74,2805.15,,2417.4855014959153,,
2008-09-24,0.16,2418.14,0.16,2223.29,,2398.990691829638,,
2008-09-25,1.12,1999.28,1.12,1998.81,,2360.87824498872,,
2008-09-26,11.46,2747.97,11.46,2388.33,,2363.492697846937,,
2008-09-29,2.68,4560.98,2.68,4560.98,,2572.777202813895,,
2008-09-30,0.39,642.27,0.39,625.77,,2387.347945403048,,
2008-10-01,1.35,2158.38,1.35,1984.18,,2348.9509982218055,,
2008-10-02,20.03,3602.52,20.03,3569.58,,2465.2013793435385,,
2008-10-03,4.02,3500.4,4.02,3493.04,,2563.090771787011,,
2008-10-06,4.88,3887.59,4.88,3887.59,,2689.233555426343,,
2008-10-07,0.64,4107.86,0.64,4107.67,,2824.3227406238343,,
2008-10-08,29.01,3408.45,29.01,3406.31,,2879.7500986596597,,
2008-10-09,0.04,4584.03,0.04,4583.66,,3042.0272321206444,2346.8414000000002,
2008-10-10,2.68,3459.43,2.68,2955.56,,3033.792257632964,2370.712717647059,
2008-10-13,0.09,577.73,0.09,291.19,,2772.5920426203006,2289.162807151096,
2008-10-14,0.15,2444.22,0.15,2102.33,,2708.757562370748,2281.8360304000726,
2008-10-15,3.7,2342.78,3.7,2315.58,,2671.3120802402004,2283.15932332556,
2008-10-16,0.62,1263.42,0.62,221.04,,2437.9528345030385,2202.2918988814204,
2008-10-17,1.3,1411.58,1.3,1409.29,,2339.9849455027493,2171.193785199796,
2008-10-20,0.05,527.53,0.05,340.36,,2149.5444745024874,2099.3963818586276,
2008-10-21,0.33,1926.84,0.33,1926.84,,2128.3345245498695,2092.6294649229953,
2008-10-22,0.22,2332.82,0.22,2332.82,,2147.809331735596,2102.048701592682,
2008-10-23,0.19,1771.61,0.19,1328.35,,2069.7655858560156,2071.7075760400276,
2008-10-24,4.63,1910.93,4.63,1910.93,,2054.638387203062,2065.4025730580656,
2008-10-27,1.07,2070.3,1.07,2070.3,,2056.129969374199,2065.594629016573,
2008-10-28,0.01,617.95,0.01,94.81,,1869.337591338561,1988.3089572904328,
2008-10-29,0.61,1565.7,0.61,1488.92,,1833.1073445444124,1968.7250766123766,
2008-10-30,0.09,918.84,0.09,463.89,,1702.7056926830398,1909.7119363530678,
2008-10-31,1.37,982.52,1.37,788.29,,1615.6184838560837,1865.7346055156927,
2008-11-03,0.37,1490.54,0.37,1432.12,,1598.1424377745518,1848.730111181744,
2008-11-04,0.26,594.7,0.26,449.66,,1488.7631579864992,1793.8646166255971,
2008-11-05,0.23,2458.64,0.23,2458.64,,1581.132381035404,1819.9342395030246,
2008-11-06,3.27,2496.17,3.27,2496.17,,1668.278820936794,1846.4532889342786,
2008-11-07,0.01,1173.84,0.01,314.15,,1539.314171323766,1786.3629638780324,
2008-11-10,2.54,1690.12,2.54,1647.64,,1549.6309169119788,1780.9228476475214,
2008-11-11,4.51,2082.33,4.51,2074.61,,1599.6289248251237,1792.4399908770304,
2008-11-12,1.68,2480.65,1.68,2480.65,,1683.5356938893976,1819.4286186857744,
2008-11-13,0.36,1355.71,0.36,95.48,,1532.2922944713598,1751.8227905020185,
2008-11-14,1.4,1824.65,1.4,1824.65,,1560.1358854740874,1754.6787595019393,
2008-11-17,0.05,1769.41,0.05,1769.41,,1580.0667535241744,1755.2564552077456,
2008-11-18,0.19,1816,0.19,1375.25,,1560.5603960456815,1740.35424127803,
2008-11-19,0.11,2469.93,0.11,2469.93,,1647.1670249937117,1768.9650553455583,
2008-11-20,0.05,2549.31,0.05,2549.31,,1733.0854035657392,1799.5668178810265,
2008-11-21,0.06,1509.47,0.06,642.56,,1629.225841321383,1754.1940014935353,
2008-11-24,0.05,252.9,0.05,213.52,,1494.3967135764894,1693.7754131996712,
2008-11-25,0.13,769.26,0.13,612.63,,1410.4189313311094,1651.3775538585076,
2008-11-26,0.74,303.34,0.74,139.56,,1289.3847473948133,1592.0905909620956,
2008-11-28,0.53,343.16,0.53,342.85,,1199.2385809762598,1543.1007638655428,
2008-12-01,1.46,2041.12,1.46,2041.12,,1279.4177637404255,1562.6309299884626,
2008-12-02,0.33,439.45,0.33,210.15,,1177.5827386222898,1509.5924621457777,
2008-12-03,3.38,2465.73,3.38,1156.27,,1175.5529539915956,1495.7366793165315,
2008-12-04,0.33,3694.98,0.33,3694.98,,1415.498386944777,1581.9815154217656,
2008-12-05,0.38,1925.61,0.38,816.12,,1358.4147310452745,1551.947730503265,
2008-12-08,0.11,963.43,0.11,801.91,,1305.414280469534,1522.5344861698036,
2008-12-09,3.21,3219.07,3.21,3219.07,,1487.6672061391023,1589.065290633733,
2008-12-10,1.62,1812.61,1.62,1587.48,,1497.1731865068068,1589.0031223735866,
2008-12-11,2.31,3853.91,2.31,3853.91,,1721.6243116013966,1677.8229999275636,
2008-12-12,4.86,2041.64,4.86,1308.7,,1682.298186686978,1663.3475881656984,
2008-12-15,0.77,2583.16,0.77,2581.54,,1767.940264145361,1699.355133727828,
2008-12-16,1.39,688.12,1.39,349.25,,1632.8269056553265,1646.4098343659523,
2008-12-17,2.64,2471.57,2.64,2450.37,,1710.6881527357716,1677.93768399866,
2008-12-18,1.24,3498.37,1.24,3498.37,,1880.9435667609362,1749.3271865869478,
2008-12-19,0.51,2394.35,0.51,2371.57,,1927.6698937360852,1773.7288655443224,1947.121700000001
2008-12-22,0.52,2861.77,0.52,2861.77,,2016.6318086183628,1816.397145326898,1965.2335475247535
2008-12-23,0.23,2191.1,0.23,2189.05,,2033.0525887499473,1831.0109827650588,1969.6655564846594
2008-12-24,0.12,543.97,0.12,522.52,,1889.1923422023333,1779.697610891919,1941.0092088314977
2008-12-26,0.02,504.84,0.02,460.4,,1753.1168810402064,1727.9604496804714,1911.6902145972106
2008-12-29,0.28,1889.57,0.28,1886.06,,1765.7781304649486,1734.160432045943,1911.1826855952856
2008-12-30,0.07,710.1,0.07,342.35,,1630.213546611144,1679.5796307892394,1880.1166918211215
2008-12-31,0.01,680.98,0.01,672.87,,1539.037970743416,1640.1008217386811,1856.2108167355548
2009-01-02,0.47,389.17,0.47,382.78,,1428.9181640059478,1590.794122846968,1827.0339688794052
2009-01-05,1.21,1997.33,1.21,1996.37,,1482.9611960053812,1606.6990592059105,1830.3871576144666
2009-01-06,0.18,1233.17,0.18,1192.84,,1455.3306059096305,1590.4692921782278,1817.762461424081
2009-01-07,2.39,3289.71,2.39,3289.71,,1630.0334053468086,1657.1061826810424,1846.9099374354853
2009-01-08,1.61,1854.3,1.61,1534.84,,1620.9673667423506,1652.3114304190408,1840.7303347139905
2009-01-09,0.17,2937.59,0.17,2937.59,,1746.3599984811744,1702.7145115790784,1862.4503280859906
2009-01-12,1.37,3382.58,1.37,3382.58,,1902.1904748163006,1768.5915895563694,1892.551905747654
2009-01-13,4.8,2109.22,4.8,1829.34,,1895.2523343576054,1770.973880162002,1891.3001848417598
2009-01-14,15.3,3875.25,15.3,3875.25,,2083.823540609262,1853.4945123125117,1930.5863197953884
2009-01-15,2.68,3342.78,2.68,2598.37,,2132.827965313142,1882.7053157512366,1943.809759007361
2009-01-16,0.02,2310.05,0.02,2053.58,,2125.280540045224,1889.406283760992,1945.9834271458292
2009-01-20,4.79,4562.87,4.79,4562.87,,2357.431917183774,1994.247998123306,1997.8029632419514
2009-01-21,0.37,1222.93,0.27,654.77,,2195.273639356748,1941.7194491772939,1971.2082510985465
2009-01-22,9.38,3337.77,9.38,3337.46,,2304.053292751343,1996.4543727389687,1998.262741175803
2009-01-23,2.39,1895.26,2.39,1726,,2249.0005982035964,1985.848318906068,1992.8713997663813
2009-01-26,9.21,2278.61,9.21,2270.35,,2251.033874565159,1997.0052475764182,1998.3660255135817
2009-01-27,3,1360.34,3,1360.34,,2166.205886511334,1972.0379829655783,1985.7318467905404
2009-01-28,1.74,799.12,1.74,692.24,,2025.828183034064,1921.8498267708496,1960.118146854094
2009-01-29,3.32,3528.66,3.32,3528.66,,2168.9550227451055,1984.8619904268946,1991.1783815698545
2009-01-30,0.56,3597.13,0.56,3597.13,,2304.9716872455715,2048.088186880742,2022.979403716986
2009-02-02,1.81,2582.39,1.81,2379.55,,2312.0743836983743,2061.086689356007,2030.0402076037785
2009-02-03,0.55,2031.5,0.55,2028.76,,2285.0920614413862,2059.818976047928,2030.014856958159
2009-02-04,0.98,2900.36,0.98,2883.88,,2342.119484161254,2092.135094634284,2046.923077612453
2009-02-05,1.22,2208.61,1.22,1692.41,,2280.242390431611,2076.4596007270575,2039.903016669632
2009-02-06,0.09,821.69,0.09,497.57,,2110.4640675333626,2014.5423614828592,2009.3617688147879
2009-02-09,0.25,1886.4,0.25,1885.05,,2088.9960611016136,2009.464229660002,2006.9001496303367
2009-02-10,0.26,4630.32,0.26,4630.32,,2331.0269124252695,2112.242887320394,2058.8490575584487
2009-02-11,1.12,1846.41,1.12,1535.27,,2255.240539813339,2089.616499582339,2048.4811554285784
2009-02-12,5.29,3085.17,5.29,2075.49,,2238.1214407834973,2089.0625192065613,2049.015984033953
2009-02-13,2.9,2807.38,2.9,2807.38,,2292.3365416612596,2117.231832178853,2064.033093261003
2009-02-17,5.94,3952.74,5.94,3952.74,,2450.4702043601874,2189.2125446424275,2101.433230028112
2009-02-18,0.26,2984.99,0.26,2978.8,,2500.7873277544554,2220.1767585780185,2118.806829433496
2009-02-19,1.28,3532.89,1.28,3532.89,,2599.0828203492692,2271.655709222018,2146.8084763754073
2009-02-20,9.7,4551.19,9.7,4498.15,,2779.946361268386,2358.9692108211543,2193.369694665003
2009-02-23,0.33,3537.2,0.33,3537.2,,2852.065755433302,2405.17433980856,2219.9801957607456
2009-02-24,0.29,979.39,0.29,464.94,,2624.7204453920353,2329.0867186395967,2185.2269245575626
2009-02-25,0.53,3518.97,0.53,3430.81,,2701.4908791642224,2372.2915532027496,2209.8919359524625
2009-02-26,0.34,2912.92,0.34,2845.04,,2715.162224005725,2390.8307079791125,2222.4691253395426
2009-02-27,85.27,5432.59,85.27,5432.59,,2973.964869338513,2510.1153860975787,2286.035875332819
2009-03-02,3.08,5442.12,3.08,5442.12,,3209.027262734845,2625.0959591917913,2348.5325906727635
2009-03-03,0.3,3390.15,0.3,3155.35,,3203.9151424743836,2645.890235301917,2364.509173035679
2009-03-04,0.15,2411.35,0.15,2409.05,,3128.2137003339662,2636.602382937136,2365.39116960923
2009-03-05,9.02,5023.47,9.02,5023.47,,3308.71430030216,2730.20503458666,2418.0263939734036
2009-03-06,0.15,3680.17,0.15,2654.52,,3246.410081225764,2727.236994014634,2422.7094356769007
2009-03-09,4.6,2600.48,4.6,2577.8,,3182.732930632834,2721.3767197395505,2425.7805359605263
2009-03-10,0.13,344.17,0.13,320.42,,2910.1316991439926,2627.221554259568,2384.090228317744
2009-03-11,0.81,2556.84,0.81,2220.96,,2844.4962992255173,2611.2897286023303,2380.8599267668974
2009-03-12,2.36,724.24,2.36,331.85,,2605.19665168023,2521.8999353238078,2340.2854727715135
2009-03-13,0.26,2421.53,0.26,2265.79,,2572.872208663065,2511.856408448364,2338.81031489485
2009-03-16,0.09,2729.78,0.09,2714.43,,2586.3539030761067,2519.800470862154,2346.2483284612886
2009-03-17,0.28,1331.77,0.28,503.53,,2387.9897218307633,2440.7310406322654,2309.75885661057
2009-03-18,0.01,1328.91,0.01,798.86,,2236.6440340373574,2376.3439409996276,2279.840067370757
2009-03-19,0.32,4291.6,0.32,4287.95,,2432.0065069861803,2451.3088844898384,2319.604620492128
2009-03-20,4.78,4827.86,4.78,4609.4,,2639.3773158446393,2535.9399086274916,2364.9471032546603
2009-03-23,0.25,219.39,0.25,200.39,,2407.0928095737213,2444.3497161322957,2322.084586358528
2009-03-24,18.69,4631.86,18.69,4391.38,,2596.0725419952714,2520.7038449114216,2363.06073316331
2009-03-25,0.51,4406.79,0.51,1880.88,,2527.95896656715,2495.6127137384246,2353.5125998333433
2009-03-26,0.21,2180.17,0.21,1960.04,,2473.8714459417074,2474.609862219271,2345.72106320298
2009-03-27,11.43,3823.96,11.43,3823.96,,2602.451308232973,2527.5255538969463,2374.9931213573764
2009-03-30,11.05,4179.38,11.05,4179.38,,2752.634993163166,2592.304159626478,2410.723554597824
2009-03-31,0.02,1351.31,0.02,1284.95,,2612.8554700047694,2541.0353690528905,2388.4310089622236
2009-04-01,4.61,1358.22,4.61,869.94,,2446.8635204805055,2475.502217325326,2358.3618800718828
2009-04-02,0.1,824.2,0.1,625.22,,2273.3736613871242,2402.9421303713916,2324.0422388823404
2009-04-03,0.43,1470.55,0.43,1101.36,,2161.753312683589,2351.899693886239,2299.8307093995218
2009-04-06,8.9,2650.25,8.9,2649.69,,2208.22347338039,2363.577745106387,2306.758616144086
2009-04-07,5.82,3514.53,5.82,3433.9,,2324.954571153686,2405.5511668669205,2329.0782475075694
2009-04-08,2.21,1900.58,2.21,1524.55,,2248.7255643771446,2371.0021014995905,2313.146995081677
2009-04-09,0.28,442.03,0.28,413.65,,2073.9564630078926,2294.24319555843,2275.5331931988712
2009-04-13,8.01,1750.61,8.01,1594.53,,2028.2967998642837,2266.803462399276,2262.0479814523587
2009-04-14,0.87,3771.01,0.87,3771.01,,2194.2694855914947,2325.7919540698927,2291.928417463203
2009-04-15,8.93,2344.75,8.93,1565.79,,2134.4142964875427,2295.987955871073,2277.5494388995753
2009-04-16,0.05,1561.14,0.05,1473.1,,2071.431982536348,2263.7178399545605,2261.6197470401776
2009-04-17,0.11,2745.72,0.11,2737.93,,2134.907984199553,2282.31439525046,2271.051633237402
2009-04-20,0.39,5068.51,0.39,5068.51,,2414.298652371024,2391.5769679857362,2326.4468484208196
2009-04-21,24.47,1213.28,24.47,822.68,,2262.7159235737836,2330.051596692178,2296.6692870659517
2009-04-22,12.66,4021.41,12.66,3631.59,,2393.084883233423,2381.092318390524,2323.103360589398
2009-04-23,1.08,2347.37,1.08,1882.29,,2344.4377514969065,2361.531443159523,2314.374383151984
2009-04-24,1.05,1891.1,1.05,1581.6,,2271.7865370686295,2330.9458963689535,2299.8639993271922
2009-04-27,6.56,3419.02,6.56,3419.02,,2381.046866871617,2373.615469060367,2322.0255042910103
2009-04-28,0.88,2935.51,0.88,2875.49,,2428.13668907432,2393.2968232148623,2332.9851972753468
2009-04-29,0.1,821.73,0.1,623.4,,2256.2570044005756,2323.8891046574167,2299.1320250520725
2009-04-30,0.02,2579.29,0.02,2579.29,,2287.0220516005206,2333.9048260434006,2304.6797077243086
2009-05-01,2.22,2269.1,2.22,2106.45,,2269.824713352852,2324.9850289436595,2300.7543669772926
2009-05-04,0.26,389.28,0.26,283.4,,2080.6414073192473,2244.922870945869,2260.8067557500194
2009-05-05,5.89,2306.31,5.89,2183.05,,2090.394606622176,2242.4964838499527,2259.267018012395
2009-05-06,0.31,1892.45,0.31,1693.67,,2052.6113107533974,2220.9738766401506,2248.0670770616543
2009-05-07,0.34,4502.42,0.34,4500.69,,2285.7616621102165,2310.3745089287722,2292.673471575285
2009-05-08,43.73,1011.68,43.73,835.68,,2147.6586466711483,2252.543351715879,2263.8221157025073
2009-05-11,0.42,3862.25,0.42,3862.25,,2310.953061273896,2315.669102628982,2295.4741530153287
2009-05-12,0.93,3977.69,0.93,3976.46,,2469.572769724001,2380.798157427845,2328.7610014704705
2009-05-13,25.8,4759.08,25.8,4759.08,,2687.621077369334,2474.064112038518,2376.886130154224
2009-05-14,9.63,1158.46,9.63,1105.44,,2536.9371652389214,2420.392578233086,2351.7089790620607
2009-05-15,2.57,3564.61,2.57,3564.61,2168.454499999998,2634.8107685495,2465.263849674926,2375.7268210608318
2009-05-18,0.46,457.58,0.46,307.37,2149.936246268655,2413.149742973357,2380.6405614523796,2334.769260247746
2009-05-19,2.68,2330.81,2.68,2328.06,2151.7086219276734,2405.0459579282756,2378.5785786503257,2334.636403609177
2009-05-20,4.4,3269.87,4.4,3075.47,2160.9002774308806,2468.895866697011,2405.9076539973717,2349.3063758149356
2009-05-21,16.65,3550.04,16.65,3528.33,2174.5065433270906,2569.79435558301,2449.92421658571,2372.6533782740457
2009-05-22,1.42,2637.55,1.42,2635.92,2179.097722000453,2576.0920360036757,2457.2181688764663,2377.866578704263
2009-05-26,8.83,1365.68,8.83,1005.85,2167.4236153138813,2426.545175431897,2400.301770096997,2350.6979335814062
2009-05-27,2.82,3829.81,2.82,3829.81,2183.9647733704596,2560.189444438383,2456.3609163677033,2379.9872814312794
2009-05-28,8.51,1648.45,7.17,1305.9,2175.2278104513507,2440.7333068728226,2411.2448020003426,2358.7182263534323
2009-05-29,1.82,1788.4,1.82,1489.6,2168.405643183178,2350.1491824087443,2375.1018685885642,2341.5079644454436
2009-06-01,0.03,1605.4,0.03,1604.83,2162.7979253405597,2279.166403131721,2344.8951286439146,2326.920281981177
2009-06-02,13.53,2437.26,13.53,2437.26,2165.528891257569,2294.222936166795,2348.5172804618005,2329.105226892441
2009-06-03,8.7,3658.28,8.7,3658.28,2180.3821361206774,2424.1331327223384,2399.880524365259,2355.425519429224
2009-06-04,0.83,1128.5,0.83,1123.33,2169.864204417984,2300.2471200821155,2349.81971948819,2331.0275883514178
2009-06-05,2.68,2804.95,2.68,2802.05,2176.1546103441733,2348.0378705504854,2367.554240292575,2340.3547648197064
2009-06-08,8.75,2183.34,8.75,2168.94,2176.0828231765695,2330.980930498058,2359.765446555611,2336.9604130410985
2009-06-09,1.11,1865.97,1.11,1690.32,2171.2493622494394,2269.9656037839572,2333.512683945587,2324.1556523868194
2009-06-10,0.79,2494.15,0.79,2443.58,2173.959119838997,2286.500308185485,2337.8290492810543,2326.520490953417
2009-06-11,2.01,1828.95,2.01,1691.67,2169.1602231241814,2229.8498026440107,2312.489478721013,2313.949194102854
2009-06-12,8.81,2071.79,8.81,1998.23,2167.45942488414,2207.7907738207714,2300.165577594699,2307.6973288730946
2009-06-15,4.2,3351.28,4.2,3351.28,2179.238734089273,2316.6945096473646,2341.3857510223575,2328.3623322617464
2009-06-16,0.04,3157.77,0.04,3157.77,2188.975363600822,2396.7969372999964,2373.400819609716,2344.786246474385
2009-06-17,0.53,3271.83,0.53,3270.62,2199.737996798824,2480.0181813666636,2408.5858855073743,2363.1195881283575
2009-06-18,3.13,1723.38,3.13,1644.06,2194.2088625023184,2400.4031164746,2378.6044782325753,2348.8807844030434
2009-06-19,2.6,1699.57,2.6,1694.24,2189.2340479500567,2333.1494863341622,2351.766655556788,2335.917600553478
2009-06-22,16.09,3863.7,16.09,3863.7,2205.8954007067728,2478.916201921385,2411.0581592604435,2366.1707173742016
2009-06-23,2.03,1750.64,2.03,1712.27,2200.983705177352,2405.902277928872,2383.654702034544,2353.2221883172865
2009-06-24,1.35,1670.48,1.35,1120.56,2190.233220548722,2283.488727649932,2334.1215764645617,2328.81303607338
2009-06-25,15.54,1076.39,15.54,651.59,2174.9233377571923,2128.0698012070816,2268.139946014971,2295.6006987253922
2009-06-26,8.48,2362.32,8.48,2360.85,2176.7733542969218,2150.2393439492644,2271.7756344065406,2296.8927640971665
2009-06-29,2.89,1270.05,2.89,1247.3,2167.5248632093903,2064.245120716001,2231.6001193317743,2276.1087489665297
2009-06-30,8.4,2910.98,8.4,2712.89,2172.9513819834265,2126.0208235049536,2250.4742322991556,2284.757882650361
2009-07-01,2.01,1600.96,2.01,1488.38,2166.1397264413026,2065.293126028291,2220.5881839736985,2268.9880235879773
2009-07-02,16.35,2969.34,16.35,2962.7,2174.0656993125335,2150.76044735893,2249.690608131593,2282.7248944080175
2009-07-06,6.19,2529.47,6.19,2341.14,2175.728130165145,2168.891833324746,2253.276858793099,2283.881629172215
2009-07-07,2.37,3148.15,2.37,2970.38,2183.6351139445965,2245.22403967477,2281.3985506051345,2297.4756563173196
2009-07-08,0.97,3235.66,0.97,3226.77,2194.014565547138,2338.704607324792,2318.471940777482,2315.877524509056
2009-07-09,1.61,1292.22,1.61,1202.66,2184.1503410143305,2230.509882817669,2274.7146097666005,2293.833613132639
2009-07-10,19.56,2279.15,19.56,2278.25,2185.0866560291133,2235.056560644558,2274.8532525208516,2293.525026733973
2009-07-13,3.57,598.74,3.57,515.11,2168.469972884545,2071.2521262974574,2205.843713206308,2258.308887590726
2009-07-14,1.53,1374.99,1.53,1366.95,2160.494649771266,2004.1757333167473,2172.945920531551,2240.6582165493255
2009-07-15,2.4,309.64,2.4,309.54,2142.0771905695615,1842.7818539532475,2099.8711785499218,2202.4182518651805
2009-07-16,26.68,2020.71,26.68,1989.39,2140.557915041506,1856.7445345291287,2095.5385833126697,2198.1998706401273
2009-07-17,7.35,2645,7.35,2640.16,2145.5290800659686,1931.3555312406402,2116.896285927859,2206.9515563700256
2009-07-20,6.84,1363.19,6.84,1287.52,2136.9916762842176,1870.0378615986745,2084.371725695394,2188.7449908973517
2009-07-21,8.62,2717.42,8.62,2425.06,2139.8580277639767,1922.897112874991,2097.7320501779277,2193.424496028097
2009-07-22,28.97,1883.79,28.97,1882.85,2137.30073395538,1919.083102124992,2089.3053031121267,2187.2745060077386
2009-07-23,8.29,1066.53,8.29,1054.59,2126.527492821496,1836.7504257321355,2048.7282324018474,2164.8451098491696
2009-07-24,6.18,1587.21,6.18,1583.32,2121.12244314168,1812.6141947100273,2030.4769291704024,2153.329761139285
2009-07-27,26.64,1907.18,7.73,1749.63,2117.426000921365,1806.615699975739,2019.4633241048964,2145.3357064632596
2009-07-28,13.33,2176.94,13.33,2170.81,2117.9571849917993,1841.3008714066211,2025.3984878654887,2145.8401479194326
2009-07-29,5.55,2519.04,5.55,2513.77,2121.89562096203,1905.3455503202763,2044.5503118707636,2153.125887564592
2009-07-30,1.19,1927.05,1.19,1908.69,2119.7741719972337,1905.664069337393,2039.2224565032827,2148.2855729593525
2009-07-31,0.49,2151.35,0.49,1471.68,2113.3254737684056,1864.3322532100221,2016.9658895815853,2134.8874428017416
2009-08-03,2.85,1136.87,2.56,559.73,2097.8668123378743,1740.0844195709724,1959.8193841077978,2103.696206310618
2009-08-04,12.59,1905.57,12.59,1611.63,2093.0286351006816,1727.850665326118,1946.1648984565115,2093.9523210371403
2009-08-05,3.93,1988.07,3.93,1987.48,2091.9783999255505,1752.5772686283924,1947.7850985170405,2091.8439582443257
2009-08-06,3.24,3008.67,3.24,2581.42,2096.8484655979332,1831.5146716161646,1972.6335260261762,2101.5385333285963
2009-08-07,12.55,1602.47,12.55,1588.45,2091.789774397954,1808.365655271768,1957.5675053976988,2091.3783643517922
2009-08-10,5.72,1955.03,5.72,1919.94,2090.079826393994,1818.9917833411234,1956.0919169507301,2087.983545255717
2009-08-11,32.01,3864.95,20.13,3864.93,2107.7400271263923,2013.8430420705402,2030.948312364427,2123.170603765505
2009-08-12,11.64,1202.97,11.64,1150.06,2098.2108726276224,1931.5779904447745,1996.4036726638612,2103.9010868592572
2009-08-13,1.6,1110.48,1.6,1102.8,2088.3062868303327,1852.646753259558,1961.3603913829254,2084.077302961054
2009-08-14,0.08,3319.93,0.08,3319.85,2100.5604531305285,1992.3803958062667,2014.6344936816342,2108.5480494370727
2009-08-17,57.81,3848.77,57.81,3848.77,2117.9555729998765,2169.179405729479,2086.5613762823546,2143.007890042279
2009-08-18,0.53,554.58,0.53,531.36,2102.168552373012,2013.1966051838144,2025.5730870163798,2111.0940704374816
2009-08-19,30.28,2029.78,30.28,1953.46,2100.6888652847233,2007.5074046901177,2022.745122819659,2107.972603696145
2009-08-20,3.15,697.38,3.15,691.06,2086.6627074211938,1882.131461386297,1970.522176826731,2079.9149283754296
2009-08-21,1.05,406.92,1.05,355.74,2069.439595904565,1736.7608460161734,1907.1973855786239,2045.7728505858172
2009-08-24,0.56,2171.36,0.56,2170.92,2070.4493511691962,1778.109336871776,1917.5394488892662,2048.2510119603553
2009-08-25,0.07,2190.59,0.07,2176.1,2071.5006014063188,1816.0132095506544,1927.679078344589,2050.782675089853
2009-08-26,0.65,2794.81,0.65,2640.17,2077.1590033823754,1894.504332450592,1955.619898801664,2062.4537112266876
2009-08-27,0.06,1335.01,0.06,1333.37,2069.7581177765805,1841.0629674552977,1931.2179419859124,2048.016410014278
2009-08-28,0.64,1692.06,0.64,1692.06,2065.999927549948,1826.8722086500313,1921.8391991629355,2040.967768231817
2009-08-31,52.08,3540.38,52.08,3540.38,2080.6703760320383,1990.063426873838,1985.3113874310557,2070.659099553959
2009-09-01,48.23,5407.38,48.23,5384.22,2113.541516569033,2313.3164338382344,2118.6019212572887,2136.274166889524
2009-09-02,75.41,3127.98,75.41,2921.92,2121.585083568346,2371.278678234593,2150.1045910119046,2151.8315101194344
2009-09-03,0.42,856.28,0.42,584.19,2106.287620050253,2201.079756497965,2088.6961756781043,2120.7891039784554
2009-09-04,1.9,616.94,1.9,453.19,2089.838887512439,2034.6140654029205,2024.5586785926885,2087.7673395432384
2009-09-08,2.38,2266.72,2.38,2263.67,2091.5685503232608,2056.428916316928,2033.935593157681,2091.250560542382
2009-09-09,1.26,2035.29,1.26,1820.06,2088.8669727081037,2033.9175909534108,2025.5483149946347,2085.880450432632
2009-09-10,20.45,1242.76,20.45,905.94,2077.096555069217,1926.4911537197527,1981.6421065634725,2062.515292998323
2009-09-11,9.44,2472.47,6.33,2469,2080.9960918346974,1978.1586628893,2000.7541808158853,2070.564495117168
2009-09-14,3.77,1686.37,3.77,1591.62,2076.126677985596,1941.345456899843,1984.709703136831,2061.080445708907
2009-09-15,35.95,2757.17,35.95,2756.15,2082.8930791996695,2018.9458895760483,2014.9622637981317,2074.8441992592257
2009-09-16,1.6,1064.38,1.6,1054.18,2072.6571281628567,1927.063423902139,1977.284527962911,2054.6330269966666
2009-09-17,9.61,3182.92,9.61,3180.54,2083.6808383303905,2046.4421454352687,2024.4710170624046,2076.928214580891
2009-09-18,4.24,3075.5,1.47,3075.39,2093.5485911828246,2144.4371792033385,2065.6835261972124,2096.69973508424
2009-09-21,16.05,2251.71,10.59,2251.71,2095.1223365441897,2154.65363832683,2072.978682032616,2099.7692452805913
2009-09-22,1.3,1123.45,1.3,1122.54,2085.4449003596706,2056.3571013433225,2035.7065768548662,2080.4181711166193
2009-09-23,21.47,4083.47,21.47,4083.47,2105.325747122261,2249.4154726439583,2116.011024821342,2120.0825637677754
2009-09-24,6.27,4097.27,6.27,4096.17,2125.135142673283,2425.2968562016767,2193.664317965603,2159.2130080496017
2009-09-25,7.02,2787.79,7.02,2784.98,2131.7007631441957,2459.552393706279,2216.853168241462,2171.6044336327777
2009-09-28,0.21,618.65,0.21,542.32,2115.8860291825617,2276.958832400919,2151.1852008594437,2139.3413755410397
2009-09-29,0.2,2207.9,0.2,2207.9,2116.801591081243,2270.381800743689,2153.409310629662,2140.6989720649794
2009-09-30,41.32,3594.3,41.32,3293.88,2128.5138140555587,2367.8578197204806,2198.133651389283,2163.534239944881
2009-10-01,23,4594.69,23,4594.69,2153.052880582369,2579.937074985197,2292.1162532955855,2211.6759381637944
2009-10-02,49.17,3295.11,49.17,3208.59,2163.555737491997,2639.808782129464,2328.0564002251704,2231.4168106754023
2009-10-05,0.83,507.19,0.83,502.23,2147.025133138843,2436.2298504980863,2256.4553649222225,2197.175487691731
2009-10-06,7.16,1603.1,7.16,852.78,2134.147072112586,2285.425102831602,2201.4092721801744,2170.553794866152
2009-10-07,10.23,1861.4,10.23,1856.7,2131.3864047283814,2244.5941406571637,2187.891261506442,2164.338868235139
2009-10-08,5.43,1427.61,5.43,1370.44,2123.814798711184,2161.3413653564817,2155.834349290503,2148.6180985671167
2009-10-09,0.75,1648.4,0.75,1605.46,2118.657039520028,2108.4002829415786,2134.251041475189,2137.8624926548964
2009-10-12,0.55,1196.58,0.55,1161.62,2109.134282907888,2018.2307321852377,2096.1086476918485,2118.5309581468787
2009-10-13,9.14,2179.08,9.14,2179.08,2109.8302601923865,2033.5497100723578,2099.362426213737,2119.729949074663
2009-10-14,0.46,627.56,0.46,624.89,2095.054735215348,1899.391642446419,2041.5399781269236,2090.129158003878
2009-10-15,149.16,2585.23,149.16,2494.08,2099.0251358599717,1956.0286288800933,2059.286645651358,2098.1281845780586
2009-10-16,47.03,3229.58,47.03,3221.5,2110.194039980768,2076.549711843894,2104.86363993954,2120.3731710220572
2009-10-19,2.02,1712.56,2.02,1680.53,2105.9187759013575,2038.833548811142,2088.22310503995,2111.6634052592444
2009-10-20,13.9,3590.99,13.9,3590.14,2120.6871462903987,2186.577020352938,2147.1218068030894,2140.9401695115366
2009-10-21,18.58,3793.42,10.01,3793.42,2137.331254287509,2339.6096850812296,2211.682520261792,2173.662542392496
2009-10-22,2.1,1720.92,2.1,1343.05,2129.427958224947,2244.699238883017,2177.618499859369,2157.214769275813
2009-10-23,0.94,3252.94,0.94,3250.6,2140.5838989391264,2340.499311370349,2219.696205747237,2178.865961963421
2009-10-26,2.2,4206.97,2.2,4206.97,2161.1449546710755,2518.2584245731728,2297.628511404208,2219.0264379641453
2009-10-27,1.75,3256.62,1.75,3037.06,2169.860527261413,2567.6680984233467,2326.6258246824746,2235.225122360895
2009-10-28,1.36,4739.28,1.36,4739.28,2195.426890174235,2774.488279525885,2421.239713910613,2284.8103674626595
2009-10-29,0.04,732.39,0.04,647.71,2180.0267221127997,2571.9379671900865,2351.689529051373,2252.392538403993
2009-10-30,28.5,4992.08,28.5,4992.08,2208.007351743518,2802.4276846005546,2455.2342534022996,2306.6437752672805
2009-11-02,2.95,3479.48,2.95,2427.41,2210.190462671443,2766.711714638597,2454.1431062100523,2309.0351856580273
2009-11-03,19.66,2174.76,19.66,1444.61,2202.572746624961,2640.7972656253974,2414.5535726331877,2291.9178552489575
2009-11-04,18.85,3137.3,18.85,3130.81,2211.808938200832,2687.4651450896454,2442.6420599809057,2308.529580887592
2009-11-05,11.17,802.21,11.17,751,2197.273525880426,2503.0398931763457,2376.303155667929,2277.687410969026
2009-11-06,38.92,2025.18,38.92,1734.51,2192.6689136826108,2429.846570016694,2351.134796622128,2266.9314226330057
2009-11-09,0.13,272.23,0.13,249.59,2173.3347951385053,2222.2030871579614,2268.721275185966,2226.984067729382
2009-11-10,0.34,2291.9,0.34,2284.38,2174.4397225500625,2228.1246979048224,2269.335342825732,2228.1206208436515
2009-11-11,4.92,1586.33,4.92,1508.54,2167.813854663992,2159.592821913887,2239.5002313423697,2213.8714996388267
2009-11-12,14.43,3012.23,14.43,2733.53,2173.4428710354946,2214.253505541136,2258.873947760316,2224.161766972711
2009-11-13,2.1,1305.43,2.1,1156.27,2163.321747940614,2113.493171680075,2215.634577259911,2203.015395349489
2009-11-16,0.1,684.54,0.1,615.38,2147.9193424884684,1970.8157267581632,2152.879495798738,2171.577070689103
2009-11-17,17.08,1690.93,10.56,1664.43,2143.1085032597275,1941.6361337335763,2133.7246136105523,2161.534554437834
2009-11-18,1.3,1781.54,1.3,1768,2139.3760803417204,1925.0993590922833,2119.3824719003346,2153.7417909836195
2009-11-19,2.85,3132.91,2.85,3132.91,2149.2619899900615,2040.1289439406373,2159.1286494728706,2173.1312604690925
2009-11-20,15.29,2111.96,15.29,2100.79,2148.7796816319515,2045.9061873748624,2156.840859297464,2171.6987602617837
2009-11-23,0.72,717.12,0.72,669.1,2134.056500720191,1914.7817885772565,2098.4980805014848,2141.944329365511
2009-11-24,0.87,2039.63,0.87,2039.62,2133.1168340463582,1926.6711420460892,2096.1891361680932,2139.9181050216393
2009-11-25,1,958.15,1,956.88,2121.4129849513697,1834.3100808988427,2051.5103465144425,2116.491607892498
2009-11-27,9.92,2059.32,9.92,2059.32,2120.7951443050874,1855.7395970037148,2051.816607435445,2115.3594968451216
2009-11-30,3.42,1772.39,3.42,1770.54,2117.3100184911063,1847.6253496700276,2040.786152241898,2108.5313879967034
2009-12-01,0.42,906.59,0.42,903.38,2105.2311128344786,1757.697221130025,1996.1819894088824,2084.667004075977
2009-12-02,3.39,1708.66,3.39,1480,2099.009907731648,1731.2498667366892,1975.9395584516712,2072.6934000348683
2009-12-03,2.95,2999.8,2.95,2998.97,2107.964734520388,1851.985117523671,2016.0583992967038,2091.035510925267
2009-12-04,0.23,1799.45,0.23,1506.08,2101.9758316893394,1819.0417729976073,1996.0592463831076,2079.4522334812023
2009-12-07,14.79,2235.35,14.79,2234.1,2103.290500030739,1858.5711279502161,2005.3941778974956,2082.5145654914754
2009-12-08,76.83,3469.69,76.83,3469.69,2116.8865149558064,2012.011020526386,2062.817543470143,2109.9833859767928
2009-12-09,1.85,2047.99,1.85,2020.92,2115.931624259729,2012.859494761968,2061.1745025497453,2108.2197545713116
2009-12-10,2.84,1865.78,2.84,1499.73,2109.8002648143583,1963.990019070352,2039.1570710772062,2096.1704525005925
2009-12-11,3.23,1186.13,3.23,1167.62,2100.4253368062555,1888.1452553493662,2004.9791467212374,2077.7833148273135
2009-12-14,112.84,1728.61,112.84,1607.91,2095.52468668878,1861.4561834113313,1989.40780763413,2068.478892751525
2009-12-15,74.33,3168.3,74.33,3091.17,2105.43160522919,1978.5717849912044,2032.614168119066,2088.7302018059504
2009-12-16,0.4,2220.05,0.4,2219.88,2106.5703952269096,2001.5535197539468,2039.957926232044,2091.3272275127633
2009-12-17,840.97,5825.54,840.97,5825.54,2143.575067911219,2365.742708348809,2188.4121252033365,2165.2720348887483
2009-12-18,3.33,1823.73,3.33,1823.73,2140.3925299220523,2314.1224504108272,2174.1108653914407,2158.50882627709
2009-12-21,775.36,1143.33,775.36,775.36,2126.810116688997,2167.573645609796,2119.257890278051,2131.119740608237
2009-12-22,2.27,1547.63,2.27,1547,2121.040861796569,2108.4713936469584,2096.816404384794,2119.55301307144
2009-12-23,0.8,1360.92,0.8,1354.26,2113.4112014801854,2036.641737109153,2067.696545389312,2104.3986959809167
2009-12-24,0.81,235.02,0.81,202.13,2094.3934780823724,1861.9263335749479,1994.5370730211039,2066.7300089317896
2009-12-28,0.13,1428.06,0.13,1186.95,2085.3641897432444,1797.6428732344766,1962.8669917261586,2049.3086226163086
2009-12-29,0.39,1641.01,0.39,1626.87,2080.802058502018,1781.3787900692882,1949.6906391094465,2040.9435013763818
2009-12-30,1.2,1514.32,1.2,1512.66,2075.148903691053,1755.7865243484036,1932.552182673782,2030.4824419431861
2009-12-31,0.54,1552.76,0.54,1552.76,2069.9510041518383,1736.4506648866509,1917.6583715885356,2021.0225916076774
2010-01-04,0.26,520.63,0.26,517.15,2054.5002478916213,1620.3267920403032,1862.736474663495,1991.2429363283175
2010-01-05,0.53,1351.88,0.53,1344.37,2047.4342752757843,1594.0451927983695,1842.4083776178677,1978.4335712525092
2010-01-06,1.96,1512.77,1.96,1500.23,2041.9894566163239,1585.1104125318582,1828.9896177112846,1968.9641936039448
2010-01-07,1.11,1472.52,1.11,1470.24,2036.3004072967585,1574.1703732431097,1814.9210052520186,1959.088466997926
2010-01-08,3.51,1991.31,3.51,1988.76,2035.8273684181838,1613.6550996009087,1821.7382207323317,1959.676022106878
2010-01-11,0.58,1532.56,0.58,1527.25,2030.7668970906398,1605.4260424960603,1810.189663056554,1951.113130580009
2010-01-12,8.18,3391.25,8.18,3391.25,2044.3040423932205,1775.5045146392927,1872.192029211199,1979.630692350702
2010-01-13,0.08,1244.2,0.08,1232.1,2036.2224101306015,1723.7517037212647,1847.0903810068382,1964.8281043833613
2010-01-14,8.14,1677.56,8.14,1673.13,2032.609550328307,1718.9305890811443,1840.2684052810798,1959.051904296562
2010-01-15,75.67,3238.38,75.67,3229.5,2044.518908036483,1862.7943425019876,1894.748075662214,1984.2092923302935
2010-01-19,122.9,744.14,122.9,735.41,2031.4929487525378,1755.424405120846,1849.2838374009507,1959.4805934722679
2010-01-20,70.33,3023.93,70.33,3023.92,2041.3678447848508,1876.233509395051,1895.3480006401292,1980.5586015223219
2010-01-21,34.28,4866.18,12.06,4866.18,2069.4754284188325,2160.9903180240935,2011.8512163013006,2037.6996193139591
2010-01-22,11.32,4839.77,11.32,4824.87,2096.8922898276005,2414.693144878942,2122.165678407132,2092.8911120008115
2010-01-25,0.37,1973.63,0.37,1958.73,2095.5175406750873,2371.2680834619,2115.756436116656,2090.234456317627
2010-01-26,0.55,3058.56,0.55,3058.56,2105.100052708171,2436.7244564655284,2152.729124896395,2109.4092195588623
2010-01-27,8.74,2276.01,8.74,1813,2102.19358452202,2377.3221272783353,2139.4064141161443,2103.5397300626473
2010-01-28,8.96,2908.65,8.96,2267.33,2103.836732934736,2366.8466865851606,2144.423025327276,2106.783101744575
2010-01-29,1.86,3577.56,1.86,3577.16,2118.496665940361,2482.1146211960977,2200.6087890399317,2135.8994759674547
2010-02-01,0.71,719.49,0.71,426.96,2101.665455333989,2286.3856096536124,2131.0539345677776,2102.0590903047328
2010-02-02,2.39,796.51,2.39,796.5,2088.678734385392,2144.4917420675542,2078.718486153355,2076.2064350511737
2010-02-03,29.22,2874.93,29.22,2872.55,2096.4784484711095,2213.8306237754064,2109.8491337551845,2091.975614555111
2010-02-04,6.14,4571.02,6.14,4571.02,2121.100752466422,2438.3248500825107,2206.365638313805,2141.0656023857027
2010-02-05,9.21,3399,9.21,2025.52,2120.1497002030746,2399.0101024556047,2199.273652497577,2138.777570655293
2010-02-08,2.16,2969.51,2.16,2967.26,2128.578658410009,2453.1291403169757,2229.3907641643386,2155.1831633155844
2010-02-09,0.8,990.52,0.8,876.16,2116.1167812118997,2302.9416031439305,2176.3228910598546,2129.8559719628006
2010-02-10,8.22,2341.74,8.22,2136.23,2116.3169127421297,2287.0643076064134,2174.750620822213,2129.9821903397747
2010-02-11,0.21,1284.32,0.21,1053.6,2105.7426151029044,2169.5915164058024,2130.7839298095773,2108.667691521165
2010-02-12,10.24,2379.02,10.24,2270.97,2107.38666868397,2179.2466100814404,2136.281422758221,2111.881598619756
2010-02-16,1.52,410.08,1.52,378.41,2090.182920736866,2007.7383615022557,2067.3452885324086,2077.555428350058
2010-02-17,0.78,1380.22,0.78,1364.23,2082.9595085902306,1946.4518508829933,2039.7721399625102,2063.430172343126
2010-02-18,4.58,1071.18,4.58,1016.92,2072.3521502958006,1857.925007941756,1999.6602913365293,2042.707198633361
2010-02-19,1.56,1649.03,1.56,1451.3,2066.172526909773,1819.1988167092077,1978.1559661860772,2030.996164997057
2010-02-22,7.04,1790.32,7.04,1786.77,2063.3924022639044,1816.1103579749974,1970.6506341787801,2026.1600033139468
2010-02-23,17.25,3261.83,17.25,3260.56,2075.3045176642636,1953.6769905488072,2021.235315191377,2050.60356760476
2010-02-24,2.89,1079.23,2.89,1014.63,2064.750542364122,1864.2439438298732,1981.7605969485778,2030.0892395333785
2010-02-25,36.72,2059,36.72,1868.7,2062.799790698807,1864.66833013179,1977.3268480486336,2026.8934130079651
2010-02-26,5.65,1598.26,5.65,1597.79,2058.1728276072768,1839.2513463097148,1962.443050085942,2018.3963157206788
2010-03-01,0.94,969,0.94,767.72,2045.3325009644184,1737.2007418992657,1915.5911657688464,1993.6304480826454
2010-03-02,3.55,1626.36,3.55,1543.27,2040.336854188653,1718.7311474326689,1900.9903357386956,1984.7124194077417
2010-03-03,0.5,1785.05,0.5,1620.82,2036.1625571320494,1709.406276248605,1890.0032637489428,1977.50662892442
2010-03-04,1.77,1403.97,1.77,1380.4,2029.6375565635713,1678.0723451773094,1870.018822033298,1965.6827352823523
2010-03-05,0.23,328.43,0.23,297.81,2012.405441572889,1546.6187884937563,1808.3635741104235,1932.655552405474
2010-03-08,3.08,1698.12,3.08,1565.54,2007.9590192686812,1548.420808637208,1798.841081008054,1925.3859375063557
2010-03-09,0.72,1711.79,0.72,1694.98,2004.8448001714805,1562.3788268622359,1794.7680974391108,1920.8234436943487
2010-03-10,0.11,1444.08,0.11,1159.71,1996.4354986772369,1524.0294147801183,1769.8638583238514,1905.7518903538667
2010-03-11,0.17,1491.91,0.17,1123.77,1987.7522598844284,1485.909470515345,1744.5268442719357,1890.2671004458693
2010-03-12,0.17,2884.38,0.17,2881.65,1996.6467647612003,1618.837139990074,1789.119909202448,1909.8984449914958
2010-03-15,1.64,2276.37,1.64,2276.37,1999.4300805347207,1681.4593171338765,1808.2277559003912,1917.1553074669118
2010-03-16,0.35,845.03,0.35,683.41,1986.335353365221,1586.4070012163645,1764.1172556690033,1892.7247073190522
2010-03-17,0.18,2054.86,0.18,1375.01,1980.2525140282535,1566.2739534814727,1748.8581476035522,1882.4729309364966
2010-03-18,2.01,2544.03,2.01,2533.95,1985.7619417493654,1658.4335769594277,1779.646063383805,1895.373466957556
2010-03-19,4.62,3681.8,4.62,3681.8,2002.6379423289736,1851.1351410585298,1854.2403354079695,1930.7482497900796
2010-03-22,42.95,1012.78,32.28,995.51,1992.6167687734614,1769.6470323862889,1820.564635980206,1912.2286804873058
2010-03-23,2.22,1117.39,2.22,996.77,1982.7078457010887,1696.039695968547,1788.2589639809823,1894.1007858241908
2010-03-24,25.95,2132.75,25.95,2126.73,1984.1409019627695,1737.0578201620187,1801.5323379425124,1898.7073049167811
2010-03-25,2.86,2844.78,2.86,2844.13,1992.6980074158762,1842.493265860874,1842.4185207682963,1917.4285464035775
2010-03-26,4.12,1728.69,4.12,1660.86,1989.3961366953201,1825.1948595884098,1835.2985787773828,1912.347981128259
2010-03-29,2.07,1799.33,2.07,1781.18,1987.3243343401427,1821.0029681990375,1833.1762815704267,1909.750595363343
2010-03-30,2.2,2325,2.2,2315.91,1990.593843451186,1868.1369712277005,1852.1070156264884,1917.7933558511977
2010-03-31,42.2,2882.5,42.2,2882.5,1999.4685315760498,1964.7429739679196,1892.514583641136,1936.8964577155305
2010-04-01,7.59,860.62,7.59,543.38,1984.9800884757906,1829.3750716852605,1839.6073450669737,1909.3020724142327
2010-04-05,0.07,724.35,0.07,626.72,1971.4650627198125,1714.8364934295214,1792.0431354565042,1883.904407613951
2010-04-06,2.6,1364.73,2.6,1352.06,1965.301828264889,1680.2863511981384,1774.7888948503667,1873.372835185952
2010-04-07,9.68,2497.45,9.68,2497.45,1970.5968349488205,1758.1114606078395,1803.1285460327051,1885.7307988456362
2010-04-08,7.94,1531.08,7.94,1529.37,1966.2065181831606,1736.326559597569,1792.3929167765207,1878.6741493635443
2010-04-09,0.72,1207.9,0.72,1158.96,1958.1742145196465,1681.3392682073243,1767.552410236265,1864.4223840296127
2010-04-12,1.44,1304.24,1.44,1303.75,1951.6625307930829,1645.3783855209124,1749.3640804230781,1853.3199605834818
2010-04-13,40.87,3327.68,6.25,3300.88,1965.0875802379278,1803.0452059474921,1810.2078419751142,1881.9845158194526
2010-04-14,13.33,947.69,13.33,891.71,1954.4072063052122,1716.2513768096358,1774.188318760404,1862.3751194665922
2010-04-15,3.28,3350.89,3.28,3286.86,1967.6654430583942,1865.8331504468133,1833.5087768482313,1890.5827408632933
2010-04-16,27.43,6106.53,18.11,6106.53,2008.848174968261,2269.70904088045,2001.078236579673,1974.0668450046142
2010-04-19,4.44,2242.07,4.44,2032.69,2009.085407058129,2247.1357988918357,2002.3179135765486,1975.2276995589782
2010-04-20,0.28,911.96,0.28,880.73,1997.857990072476,2117.0019132830894,1958.3340738284487,1953.554477785533
2010-04-21,3.36,3275.11,3.36,3275.11,2010.5669652956356,2227.2979215418427,2009.9723454430193,1979.7238940670077
2010-04-22,34.97,2178.69,34.97,2168.13,2012.1347566857287,2221.6628813950006,2016.1746064060383,1983.4547080458788
2010-04-23,2.73,1896.06,2.73,1895.61,2010.9753063704477,2190.610226024048,2011.4465826254093,1981.7152088766534
2010-04-26,1.23,3248.19,1.23,3247.74,2023.2814227249705,2291.289252116996,2059.928677424413,2006.78500672068
2010-04-27,46.68,5679.31,46.68,5679.31,2059.6598165287023,2613.9578947725204,2201.8651998783575,2079.50827391433
2010-04-28,10.56,1904.47,10.56,1684.66,2055.928475070705,2525.4533333656136,2181.582643020383,2071.689496213056
2010-04-29,97.7,1531.34,97.7,1227.95,2047.6898832789568,2401.881587330793,2144.185284470564,2054.981783416758
2010-04-30,43.87,4640.21,43.87,4640.16,2073.485605833395,2615.050959965956,2242.0666458638752,2106.1734312698914
2010-05-03,4.06,1115.66,4.06,1058.71,2063.38833612361,2466.8280113977694,2195.660502888821,2085.431581145735
2010-05-04,67.12,4809.03,67.12,4809.03,2090.7081536746186,2689.8948674551248,2298.1455812069066,2139.364223103245
2010-05-05,10.28,4454.15,10.28,4454.15,2114.2249879664137,2857.9191657927317,2382.6947741007534,2185.2015652200125
2010-05-06,5.48,6958.93,5.48,6958.93,2162.431007986648,3248.491626193424,2562.1549790379786,2279.73084115625
2010-05-07,1.14,6163.81,1.14,6163.81,2202.2457243250897,3526.1409951273836,2703.396352409038,2356.643299747215
2010-05-10,0.01,344.15,0.01,240.21,2182.7229807994668,3213.1951860676327,2606.8008091773113,2314.733729455191
2010-05-11,20.21,3251.2,20.21,3194.13,2192.786732234298,3211.3794540611916,2629.8333264644757,2332.147516990732
2010-05-12,3.98,1444.66,3.98,797.08,2178.8991030578372,2981.4461727220305,2557.9606469952805,2301.7501404166583
2010-05-13,23.31,3425.45,23.31,3423.63,2191.2844851169634,3023.558918177075,2591.9084647601717,2323.965583180685
2010-05-14,33.46,4451.34,33.46,4451.34,2213.772599692914,3159.5380688268774,2664.827348495067,2366.0918092563147
2010-05-17,0.7,3330.04,0.7,2880.59,2220.4075987009446,3132.9715860814604,2673.288628946241,2376.279892241338
2010-05-18,5.56,4675.8,5.56,4675.8,2244.8393638879998,3279.9076255022737,2751.8184866346237,2421.8149438801233
2010-05-19,9.83,3109.02,9.83,2936.99,2251.7264348940894,3247.248804025867,2759.0801146097365,2432.0164301399227
2010-05-20,41.32,6124.97,41.32,6124.71,2290.263584795641,3521.2927274519748,2891.0656003113154,2505.139075087647
2010-05-21,55.74,1773.27,-148.27,293.6,2270.3962854444403,3213.893420075596,2789.2042042206754,2461.3462221156146
2010-05-24,5.26,3241.19,5.26,3241.19,2280.055924395242,3216.493094354111,2806.929137388492,2476.78867316283
2010-05-25,46.86,3507.89,46.86,1486.34,2272.1582535057373,3051.716609177529,2755.1413280791394,2457.1758281497046
2010-05-26,3.73,2839.02,3.73,2839.02,2277.79866889374,3031.4597892558595,2758.4306877623103,2464.737098879413
2010-05-27,1.33,214.46,1.33,166.39,2256.78962741221,2758.5959998029207,2656.7820333402587,2419.225275139227
2010-05-28,5.63,3559.65,4.22,3559.65,2269.7534122140787,2834.8868569645474,2692.1886202680917,2441.807942958252
2010-06-01,6.36,4289.77,6.36,4289.77,2289.853079754237,2973.447156301257,2754.838870453657,2478.401251018485
2010-06-02,1.9,514.09,1.9,236.42,2269.420909806434,2712.777903320185,2656.077346122141,2434.005582681485
2010-06-03,1.9,1906.42,1.9,1686.01,2263.615826126768,2614.990483956358,2618.035489411469,2419.19378896502
2010-06-04,72.69,4904.34,72.69,4904.34,2289.891688553367,2833.0237711986097,2707.6944898267056,2468.4046050251186
2010-06-07,3.58,4189.16,3.58,4189.13,2308.789582199602,2962.1767453701705,2765.79000002958,2502.478375222641
2010-06-08,3.67,2226.44,3.67,1305.73,2298.808889839407,2804.4199124777733,2708.5327451264593,2478.7803875944696
2010-06-09,6.31,3308.88,6.31,3048.03,2306.2638262589157,2827.620873194176,2721.8463629646376,2490.0526571470546
2010-06-10,0.12,157.97,0.12,114.23,2284.452544405593,2569.2026947947306,2619.5868977503383,2443.0066639362217
2010-06-11,5.99,1799.95,5.99,1384.05,2275.493315108025,2456.331009576185,2571.1344703875798,2422.0372250463956
2010-06-14,3.7,1988.09,3.7,1981.28,2272.565819435308,2411.088056283215,2548.0029225292433,2413.3093592038927
2010-06-15,5.85,260.77,4.66,184.66,2251.79063715237,2199.047289018147,2455.322807920253,2369.177688724608
2010-06-16,7.81,2907.46,7.81,2524.86,2254.507745240406,2230.0770710164184,2458.049756629263,2372.260506769665
2010-06-17,1.4,2678.22,1.4,2552.65,2257.4743348400043,2260.798302348188,2461.759570094782,2375.832575942543
2010-06-18,9.15,2250.79,-7.36,1834.26,2253.2632469311484,2220.1756068864556,2437.151743816555,2365.108366517938
2010-06-21,4.15,2289.48,4.15,2177.42,2252.508587757704,2216.103644325841,2426.966185235514,2361.3917652007513
2010-06-22,0.03,3690.55,0.03,3690.55,2266.817457531259,2356.5271067709987,2476.5184916968665,2387.711730246281
2010-06-23,13.67,2379.61,13.67,2379.61,2267.9397713866697,2358.725477554713,2472.718158689146,2387.5512999443745
2010-06-24,21.43,3730.22,21.43,3730.22,2282.489823412673,2489.344003501883,2522.031956387611,2414.138798955377
2010-06-25,5.46,1933.72,5.46,1928.49,2278.9674371100596,2435.929336501704,2498.7558012351556,2404.5219910552705
2010-06-28,2.5,2085.45,2.5,2040.64,2276.5960198253824,2398.2827330253513,2480.790475696522,2397.316407073978
2010-06-29,7.87,4779.22,7.87,4733.4,2301.041830573389,2620.6748536896034,2569.12810410058,2443.575488122018
2010-06-30,3.1,3216.62,3.1,3211.97,2310.1057924582306,2676.9886771477363,2594.337590214283,2458.791221030493
2010-07-01,4.1,3300.3,4.1,2612.65,2313.116182583024,2670.861184086047,2595.05572393137,2461.8379295249388
2010-07-02,1.21,2383.13,1.21,2317.89,2313.1636832538397,2637.244880839757,2584.18647985563,2458.98747547494
2010-07-06,0.12,2565.88,0.12,1670.08,2306.7648406343988,2545.133939807399,2548.339166920115,2443.3655452675152
2010-07-07,3.71,282.34,3.71,277.29,2286.5710611255986,2329.148802682885,2459.278415276189,2400.472960212713
2010-07-08,0.78,1562.11,0.78,838.49,2272.1622943482294,2187.1812976654674,2395.7180852653582,2369.5426045649365
2010-07-09,3.78,710.34,3.78,612.8,2255.6512267427743,2037.2402216973276,2325.799728980442,2334.755622296324
2010-07-12,3.64,1701.38,3.64,1687.16,2249.9945976209556,2003.899248202344,2300.755033726307,2321.931946607288
2010-07-13,0.01,442.12,0.01,358.82,2231.1769399331847,1847.2250340878352,2224.6007186782163,2283.0584427140743
2010-07-14,8.88,2352.49,8.88,2086.11,2229.733487794546,1869.9759832223272,2219.1697101025998,2279.1584735514193
2010-07-15,2.84,2484.65,2.84,1926.01,2226.7113635378837,1875.3125562487721,2207.67325088289,2272.1654344711933
2010-07-16,72.42,4056.7,72.42,4056.7,2244.9202056917356,2083.0637413679365,2280.1841037894433,2307.5027526004765
2010-07-19,2.91,1480.32,2.91,1361.12,2236.1261737943055,2014.30719457099,2244.142374229073,2288.7625000737344
2010-07-20,19.41,1048.43,19.41,729.57,2221.135565099835,1891.951271278515,2184.7473791612665,2257.887401062373
2010-07-21,6.23,3405.62,6.23,3401.88,2232.8842659446127,2035.7540073472278,2232.4780701745503,2280.540719853217
2010-07-22,0.41,492.27,0.41,481.73,2215.45984538795,1887.7517209332061,2163.8212831088817,2244.920705598698
2010-07-23,3.68,1518.91,3.68,1102.22,2204.382832001005,1812.9391760824246,2122.189860241867,2222.2929688541694
2010-07-26,2.44,514.84,2.44,421.94,2186.647082428856,1680.4630640745747,2055.5133951343428,2186.642415015473
2010-07-27,3.66,2148.29,3.66,2148.27,2186.2652209121507,1725.016105591282,2059.150909050643,2185.8825652131864
2010-07-28,7.8,2759.54,7.8,2606.72,2190.4488505548156,1808.987905058779,2080.6242067349312,2194.2159797634204
2010-07-29,4.11,2300.23,4.11,2241.51,2190.956921693574,1850.1804855293715,2086.93345352964,2195.15249501563
2010-07-30,22.06,1957.87,22.06,1957.87,2188.6376488409014,1860.4366297646695,2081.8721416265166,2190.4538317479937
2010-08-02,0.12,300.89,0.12,295.25,2169.797970742982,1711.3712364537487,2011.8085282293982,2152.9250430005086
2010-08-03,8.07,2596.73,8.07,2596.73,2174.046050636087,1795.6911186962489,2034.7466251615788,2161.7132599707957
2010-08-04,3.28,1501.32,3.28,1269.83,2165.048876002892,1745.6091073918442,2004.7498947630854,2144.052205317909
2010-08-05,2.57,2109.1,2.57,2109.1,2164.4921707690323,1780.2272876402399,2008.8420557527684,2143.3600824403266
2010-08-06,2.94,2176.15,2.94,2143.76,2164.285880512624,1814.849450722122,2014.1329555271695,2143.368001599924
2010-08-09,0.16,808.07,0.16,803.8,2150.7487075721997,1718.5590268438245,1966.6689180555159,2116.841902558341
2010-08-10,21.84,2761.56,21.84,2761.19,2156.822750282924,1817.8572147634602,1997.826607543535,2129.6012708245125
2010-08-11,27.09,3710.48,27.09,3710.48,2172.282026399512,1998.1070038336068,2064.9894856790825,2160.905800115116
2010-08-12,29.31,2146.77,19.84,2144.02,2172.000812206482,2012.0034796589775,2068.088721534805,2160.571427835609
2010-08-13,5.27,1746.54,5.27,1746.54,2167.7673712890046,1986.7212435009797,2055.4789677491262,2152.3727857002505
2010-08-16,0.12,1566.26,0.12,1564.45,2161.764213365731,1946.5049345961245,2036.22292979818,2140.7307503398492
2010-08-17,11.67,984.54,4.13,924.18,2149.4499425859726,1849.1406551107793,1992.6134031394279,2116.6406364717336
2010-08-18,11.04,1235.15,11.04,1234.69,2140.3478536050175,1790.621545100229,1962.8909167418033,2099.176267432689
2010-08-19,14.99,3300.37,9.27,3300.37,2151.8903625243706,1934.4071122335406,2015.3410768695758,2122.9622819389724
2010-08-20,20.17,2314.82,-8.37,2314.8,2153.5113539420386,1970.6350063065368,2027.0845640511611,2126.76104863325
2010-08-23,1.2,1945.15,1.2,1899.48,2150.983678778436,1963.8583390392475,2022.0804635001352,2122.2604338088295
2010-08-24,11.53,3360.81,11.53,3360.81,2163.021751626412,2096.901354368843,2074.5796610099337,2146.786167792813
2010-08-25,16.54,1934.72,16.54,1729.01,2158.7032267346067,2061.8640825241914,2061.0279095977794,2138.5133723909753
2010-08-26,0.12,2670.26,0.12,2670.26,2163.793343881526,2119.806550855221,2084.919364123357,2149.043008581253
2010-08-27,0.77,535.48,0.77,346.8,2145.713808121511,1950.9487841071045,2016.757820432245,2113.3550282133074
2010-08-30,8.72,2492.57,2.76,2492.57,2149.165113513337,2002.531757049285,2035.4171215917647,2120.86423557542
2010-08-31,5.56,1762.59,5.56,1692.28,2144.618992980866,1972.9839706636387,2021.9607638822838,2112.377419029372
2010-09-01,0.38,216.34,0.38,201.83,2125.2877592198624,1804.3026401242446,1950.5830868672922,2074.5447968703747
2010-09-02,8.45,620.77,8.45,544.32,2109.5567367400627,1684.304293445745,1895.4355148332806,2044.2433157442288
2010-09-03,0.69,477.08,0.69,289.54,2091.4471174690175,1551.4695988318647,1832.4592201339362,2009.4967154324618
2010-09-07,0.96,2378.32,0.96,2375.79,2094.276399882261,1629.9763037050204,1853.7663095404484,2016.7500478001357
2010-09-08,0.13,906.92,0.13,847.73,2081.8729531172635,1555.4766557331138,1814.3139052447445,1993.6011359625093
2010-09-09,1.58,990.5,1.58,987.39,2070.9825754743056,1501.3731647109125,1781.8855168037742,1973.6761629731527
2010-09-10,2.17,1077.07,2.17,855.05,2058.8837438775463,1439.8185775955876,1745.5390259487242,1951.5251498449716
2010-09-13,0.66,561.17,0.66,521.65,2043.587885729511,1352.3739511579126,1697.5433778723036,1923.210790442101
2010-09-14,5.03,2084.33,5.03,2073.18,2043.882334627725,1421.0221462857305,1712.27422579888,1926.1804777600792
2010-09-15,9,1520.34,9,1520.08,2038.670371099091,1430.4562275918513,1704.737197336179,1918.1388841410676
2010-09-16,16.63,1714.12,16.63,1713.34,2035.433252978702,1457.3975392497703,1705.0745621465248,1914.0834606927297
2010-09-17,1.65,2592.73,1.65,2589.66,2040.947946978914,1565.2320593212207,1739.7641871603867,1927.461213946339
2010-09-20,0.73,290.69,-1.74,282.43,2023.4502559641983,1443.0604346239616,1682.6138268795871,1894.8863384226493
2010-09-21,0.6,2710.83,0.6,2698.04,2030.1625917257486,1562.582297993108,1722.4344611196034,1910.790371325171
2010-09-22,2.42,2430.79,2.42,2430.79,2034.1489340966366,1645.2687458032883,1750.2131097031483,1921.0873936751677
2010-09-23,24.09,2650.41,24.09,2650.41,2040.2808850011477,1740.9964842982133,1785.514948538319,1935.5294254835803
2010-09-24,18.41,403.82,18.41,397.89,2023.9386871404397,1613.0815810317167,1731.0982838897576,1905.08112002846
2010-09-27,2.97,2115.57,2.97,2115.57,2024.8504414972513,1660.937620933458,1746.1756060901591,1909.2492166615598
2010-09-28,7,1543.58,7,929.85,2013.954914716184,1591.3102284636047,1714.1628372238783,1889.8551727672714
2010-09-29,0.32,1867.76,0.32,1863.23,2012.4551643209982,1617.207349562309,1720.008608313138,1889.327941623365
2010-09-30,1.11,2612.12,1.11,2612.12,2018.4219786063613,1711.9609353182796,1754.9933687714463,1903.6406556506251
2010-10-01,0.26,1053.38,0.26,921.47,2007.5070335456014,1636.6760843355862,1722.3061778392328,1884.1917317763553
2010-10-04,22.63,2490.91,22.63,2490.63,2012.314227241665,1718.005028684578,1752.4365238063217,1896.2004103550412
2010-10-05,0.11,362.51,0.11,335.41,1995.6286130402555,1586.3293116669993,1696.8668562060739,1865.2936695559315
2010-10-06,0.97,2089.19,0.97,2087.29,1996.540666641845,1634.0398534129993,1712.1775677274043,1869.689636495418
2010-10-07,2.46,1958.67,2.46,1947.94,1996.0570779190407,1663.935105468904,1721.4231533067218,1871.2391486440235
2010-10-08,1.16,1293.36,1.16,986.76,1986.0143209248213,1599.4422382813893,1692.6128335692033,1853.7247100570132
2010-10-11,0.98,1672.51,0.98,1667.7,1982.8470142489525,1605.9429774926855,1691.6358597037442,1850.041052432122
2010-10-12,13.54,1141.26,13.54,1141.2,1974.4724170922466,1561.6817415410012,1670.050139715362,1836.0045959483175
2010-10-13,22.56,2052.69,22.56,1300.6,1967.7672189122243,1536.8168137751916,1655.5618989422107,1825.4025247414202
2010-10-14,41.42,3366.48,41.42,3366.11,1981.6810774305106,1711.0352124632686,1722.6422166307516,1855.9115836574317
2010-10-15,7.7,3703.57,7.7,3703.14,1998.8100219336895,1900.7594779429573,1800.3087963707221,1892.4903641790668
2010-10-18,7.83,1089.83,7.83,1046.87,1989.3379819144488,1819.4366705198186,1770.7621769052037,1875.7454064725507
2010-10-19,69.11,4108.53,68.92,4108.53,2010.4244696565936,2037.4455590417406,1862.439346438333,1919.9589627800249
2010-10-20,18.93,1519.15,18.93,1506.92,2005.4144749336424,1986.9193153234796,1848.4974112838884,1911.7799734180442
2010-10-21,0.1,2345.83,0.1,2311.95,2008.4645796606708,2017.8746186260053,1866.6720226060888,1919.7041323602612
2010-10-22,1.59,1206.33,1.59,1173.88,2000.1602554849428,1937.4941787568619,1839.5037079940853,1904.935337660058
2010-10-25,0.39,1428.26,0.39,1427.22,1994.459357420416,1888.896637922875,1823.3357194452976,1895.475628003423
2010-10-26,48.87,2058.3,48.87,2057.94,1995.0910056052874,1904.996005739744,1832.535887310188,1898.692744280583
2010-10-27,28.02,2271.44,28.02,2271.44,1997.8407468430457,1939.8954337645303,1849.7478132980236,1906.073878057205
2010-10-28,7.8,2208.48,7.8,2001.47,1997.8768588147568,1945.7596781679083,1855.6977029726108,1907.9629101748842
2010-10-29,25.85,1719.57,13.22,1596.22,1993.8802731549085,1912.4701850090598,1845.5221067776065,1901.7897832407282
2010-11-01,0.17,2179.44,0.17,1961.64,1993.5594744170487,1917.1530245320066,1850.0757496490728,1902.9749360478424
2010-11-02,1.84,1136.35,1.84,1135.21,1985.0186836268292,1842.682260290863,1822.0417986824425,1887.771669987489
2010-11-03,31.52,2173.11,31.52,1545.37,1980.644069859398,1814.3668069298285,1811.1919242243075,1880.9914388986278
2010-11-04,5.49,648.8,5.49,614.51,1967.0506960299513,1700.0947300793687,1764.2632213135503,1855.9125985243977
2010-11-05,6.38,1664.32,6.38,1652.93,1963.9251169649767,1695.6028510241906,1759.8972126345875,1851.893141127875
2010-11-08,1.1,1930.74,1.1,1927.61,1963.563772517564,1717.6987699742676,1766.4741846881332,1853.3924848679171
2010-11-09,12.15,3449.46,12.15,3449.46,1978.3488096069416,1882.6284109290993,1832.4736284258533,1884.9977821972652
2010-11-10,7.62,1373.62,7.62,1352.53,1972.1217567750318,1832.1428479834708,1813.652309664055,1874.4538657181115
2010-11-11,24.73,2249.94,24.73,2248.29,1974.8696994936881,1871.7759100802832,1830.696924971347,1881.8565614464658
2010-11-12,9.94,3162.21,9.94,3162.21,1986.6840308420096,1994.674394834542,1882.9131239920785,1907.2100948831694
2010-11-15,1.15,1748.25,1.15,1747.16,1984.3007071520394,1971.1015953264905,1877.5894720708204,1904.0407860736018
2010-11-16,0.43,3851.08,0.43,3851.08,2002.875625488835,2150.1471576763483,1954.981257479808,1942.5960180325403
2010-11-17,0.24,1956.29,0.24,1955.94,2002.4086043396924,2131.6512378976486,1955.0188552256977,1942.8602552992227
2010-11-18,2.85,799.96,2.85,772.96,1990.1752848935262,2002.252072383587,1908.6636060011606,1919.6939136101291
2010-11-19,1.59,1393.85,1.59,1340.75,1983.7133417602572,1939.2518750137215,1886.3924841971934,1908.2296776970572
2010-11-22,21.14,2174.08,21.14,2173.95,1985.6062438322945,1961.604077393367,1897.6692495227937,1913.4914662575115
2010-11-23,21.59,3186.14,21.59,3186.14,1997.551853346401,2078.2265462130463,1948.19751424739,1938.6924273217192
2010-11-24,13.73,383.15,13.73,322.2,1980.881685651412,1910.9859227641848,1884.4329058455316,1906.6826762856456
2010-11-26,19.09,1199.78,19.09,1198.77,1973.0994798240347,1843.1558348818814,1857.5441644398245,1892.66460348791
2010-11-29,4.54,1656.32,4.54,1656.32,1969.94744519892,1825.3619458455119,1849.6530207363019,1887.9845123297334
2010-11-30,27.17,2702.42,27.17,2702.42,1977.235729326294,1908.8912843364155,1883.0948630603684,1904.1119477291447
2010-12-01,0.44,312.22,0.44,310.96,1960.6558713230472,1756.707352494852,1821.4425154893736,1872.5643844077756
2010-12-02,3.42,716.6,3.42,700.28,1948.1148178770468,1656.0952236858186,1777.475358019202,1849.350832241285
2010-12-03,1.12,1330.67,1.12,929.18,1937.9761629727975,1586.8652023824072,1744.2088733909982,1831.1296276424475
2010-12-06,5.87,1865.71,5.87,1572.28,1934.3373951820233,1585.4761354888446,1737.4665646305668,1826.003892441607
2010-12-07,0.09,2161.28,0.09,2161.28,1936.5955305533464,1640.3145987756213,1754.0866993509367,1832.6430232843475
2010-12-08,0.39,2267.1,0.39,1658.81,1933.8314954234625,1642.0760655588954,1750.3503581999196,1829.2007851995088
2010-12-09,7.65,1202.28,7.65,1119.27,1925.7264059167615,1592.2850116961436,1725.6021088587463,1815.1427498490234
2010-12-10,4.53,979.85,4.53,979.64,1916.3126108330125,1533.9378677250822,1696.34869282507,1798.598140941122
2010-12-13,4.41,1816.89,4.41,1816.08,1915.3152714217388,1560.8085469893601,1701.044038204479,1798.9443163680305
2010-12-14,13.99,2431.31,11.17,2359.79,1919.7379055369454,1636.9020187046592,1726.8772131768524,1810.0501714894556
2010-12-15,0.05,1473.82,0.05,1473.8,1915.3007124470255,1621.3684931137393,1716.9526165816817,1803.3917522520405
2010-12-16,4.96,1670.25,4.96,1035.21,1906.5435909301398,1565.5438747219546,1690.217612009851,1788.1802324054654
2010-12-17,1.23,1676.32,1.23,1665.19,1904.1420626621782,1575.0339818912923,1689.2361370290726,1785.7447822588226
2010-12-20,0.04,1468.46,0.04,1088.84,1896.0296043272313,1528.7297931397407,1665.6911904789129,1771.9446875606282
2010-12-21,2.76,646.01,2.76,645.87,1883.5902052791992,1444.647908078813,1625.6982026169946,1749.6461788960612
2010-12-22,4.24,1512.45,4.24,1496.64,1879.7399544804011,1449.599535880831,1620.6370966320144,1744.6361555515848
2010-12-23,0.1,1615.88,0.1,1615.72,1877.1128902567154,1465.4205324636089,1620.4442693131118,1742.0833603921476
2010-12-27,1.19,734.72,1.19,732.17,1865.7204236869968,1395.5871484194556,1585.6099842420094,1722.0850760279466
2010-12-28,1.1,947.56,1.1,947.26,1856.5815139985689,1352.8893247604599,1560.5766515266366,1706.7420052155119
2010-12-29,0.01,889.48,0.01,889.48,1846.9586133617672,1308.7551033547018,1534.259135780494,1690.5585991716403
2010-12-30,0.91,1087.44,0.91,1087.44,1839.4012142238391,1287.6774744637778,1516.7368167302786,1678.615656613786
2010-12-31,0.23,794.31,0.23,793.55,1828.9947344803184,1240.617714991037,1488.3765494075226,1661.0896040075725
2011-01-03,0.16,668.07,0.16,652.13,1817.2846376198177,1184.5712659442715,1455.5825670778158,1641.1102059084126
2011-01-04,14,2595.03,14,1937.69,1818.4827009270832,1256.2968596638648,1474.4887409179014,1646.9830731181469
2011-01-05,24.33,1146.97,24.33,1116.62,1811.498992460147,1242.9943016006396,1460.4546726466112,1636.4808340465004
2011-01-06,11.13,2973.67,11.13,2973.62,1823.0623855699964,1407.815796686293,1519.7944894055677,1662.9588373327083
2011-01-07,4.61,2645.71,4.61,2617.82,1830.970421534474,1523.0542922399793,1562.8543133504475,1681.8669791677041
2011-01-10,3.82,2086.86,3.82,2086.83,1833.5162879868674,1576.7472167885526,1583.4023794935672,1689.8860488871555
2011-01-11,12.89,1425.98,12.89,1418.04,1829.3821955690876,1561.6322437610713,1576.917580297741,1684.5029588101822
2011-01-12,1.58,764.76,1.58,663.2,1817.7783926281015,1476.0672681647789,1541.0855183252806,1664.2791378436439
2011-01-13,11.54,2466.38,11.54,2463.4,1824.2024882238418,1570.0989569109904,1577.2547136850735,1680.1033133318886
2011-01-14,10.22,1182.51,10.22,1165.87,1817.651916201714,1531.6009610147057,1561.1219798150705,1669.9204754441284
2011-01-18,223.3,3195.86,223.3,3194.71,1831.353986687269,1689.9922980609242,1625.1842551164402,1700.1143274155318
2011-01-19,0.55,3570.79,0.55,3570.68,1848.6607131878932,1869.1054125313124,1701.4782058961878,1737.155231823145
2011-01-20,10.51,2118.8,10.51,2096.54,1851.1271737531877,1890.7658494330922,1716.9708252728078,1744.271761886053
2011-01-21,38.55,1837.77,32.79,1837.77,1850.9942665516635,1885.7186256775597,1721.708047811129,1746.1232121457351
2011-01-24,0.81,1487.62,0.81,1487.62,1847.378602207866,1847.8044708511254,1712.5281243675554,1741.0043366577008
2011-01-25,23.17,2464.9,23.17,2464.9,1853.5230937281856,1906.5754736272088,1742.0329038041218,1755.3389042486374
2011-01-26,6.6,1957.94,6.6,1956.96,1854.5523166761639,1911.373999948427,1750.4614173804307,1759.3314011942089
2011-01-27,24.94,1552.97,24.94,1551.83,1851.5401543211772,1877.1317142390528,1742.6719500321785,1755.2224625566998
2011-01-28,31.68,3918.06,31.68,3918.06,1872.1025408453445,2071.5058366924764,1827.9812853250344,1798.0509286446859
2011-01-31,7.89,1315.35,7.89,1315.35,1866.5627145682763,1999.4909951027166,1807.878097665229,1788.492494414098
2011-02-01,0.25,649.95,0.25,616.64,1854.1256726322736,1867.7909003310292,1761.1628781489455,1765.28749452471
2011-02-02,13.12,2385.66,13.12,2385.66,1859.4145714120518,1917.1117669661692,1785.652961358791,1777.5720985935275
2011-02-03,17.8,1719.47,17.8,1684.41,1857.6732323930264,1894.9496939217722,1781.6826491486422,1775.7273045619725
2011-02-04,1.2,1849.55,1.2,1690.24,1856.007230080658,1875.453532595889,1778.096662907519,1774.0344866498542
2011-02-07,3.22,894.4,3.22,835.73,1845.8552178410496,1776.432243777233,1741.141107499381,1755.4541997855006
2011-02-08,13.97,1475.6,13.97,1456.65,1841.9825291063128,1745.976791988925,1729.9845934797975,1749.537284938263
2011-02-09,13.23,2186.61,13.23,2115.89,1844.7079765778917,1781.2066213233131,1745.1181388335308,1756.7917941474063
2011-02-10,32.34,2010.62,32.34,1995.17,1846.2051111393057,1801.584085959188,1754.9240941733924,1761.5121546593389
2011-02-11,29.63,1135.87,29.63,1066.17,1838.4435677448848,1731.5446492011702,1727.9141296960045,1747.7430030819262
2011-02-14,11.3,1354.16,11.3,1353.85,1833.6217412001597,1695.5737302296302,1713.2449481392985,1739.9431416347593
2011-02-15,28.78,2154.13,28.78,1741.99,1832.7099825812527,1699.9943273506178,1714.3722050750123,1739.983673483576
2011-02-16,0.6,1177.81,0.6,1161.78,1826.0340623565637,1648.7358199838923,1692.701922523051,1728.534095790832
2011-02-17,2.06,1129.24,2.06,1128.11,1819.089544323165,1599.1524085568549,1670.5610628162647,1716.644509735568
2011-02-18,0.01,1879.3,0.01,1868.89,1819.5850712453225,1624.8417029800116,1678.338668196019,1719.659271919022
2011-02-22,0.36,3930.87,0.36,3930.87,1840.5928814816875,1844.4634455533437,1766.6732302275475,1763.4456229701307
2011-02-23,1.3,3332.84,1.3,2680.43,1848.949469725651,1924.0793078815966,1802.5068290421534,1781.6037294459697
2011-02-24,27.17,2399.9,27.17,2399.9,1854.4315645542515,1969.3955642738256,1825.934012216971,1793.8472199519902
2011-02-25,1.12,879.15,1.12,478.26,1840.7383151557017,1827.382653390604,1773.0840509535603,1767.7959878737329
2011-02-28,1.13,1496.33,1.13,1494.88,1837.2969388854956,1795.7157340200704,1762.1740881710678,1762.3917108861342
2011-03-01,7.79,3287.25,7.79,3287.25,1851.724332528426,1937.7666164943494,1821.9809866741632,1792.5869245319534
2011-03-02,14.93,1412.89,14.93,1349.88,1846.7308565828696,1881.777414923459,1803.4672224908627,1783.8204507788455
2011-03-03,0.25,510.91,0.25,496.39,1833.2946291541843,1749.83575635932,1752.2092921971034,1758.326778486195
2011-03-04,35.16,2511.15,35.16,2510.63,1840.034284585486,1822.2923509917657,1781.9512807383935,1773.223871981518
2011-03-07,0.43,2423.98,0.43,2423.98,1845.8446897139886,1879.5959366115976,1807.128877572182,1786.11013194228
2011-03-08,16.76,793.85,16.76,793.63,1835.3748918063868,1776.170609315255,1767.3838235497435,1766.457060022631
2011-03-09,3.55,1767.22,3.55,1605.02,1833.0828033307014,1759.8705512852307,1761.0166147830869,1763.2602865568363
2011-03-10,15.47,3084.5,15.47,3084.5,1845.534715735371,1886.0257368771136,1812.9179240072795,1789.4234491992752
2011-03-11,27.59,655.28,27.59,643.92,1833.5783504046708,1767.7299524126265,1767.0748681638568,1766.7402125814679
2011-03-14,7.75,2231.42,7.75,2231.42,1837.5369737837289,1811.8909093257098,1785.2844811770387,1775.9417925303496
2011-03-15,50.34,3120.28,50.34,3120.28,1850.3005859848859,1936.4993941518328,1837.6372466210764,1802.562351094105
2011-03-16,4.54,3743.05,4.54,3743.05,1869.1339134875238,2108.5518328040393,1912.3593153810343,1840.9878490922415
2011-03-17,0.07,716.51,0.07,716.5,1857.664919323469,1975.9754677750832,1865.4628716406016,1818.720762971603
2011-03-18,1.98,1285.23,1.98,1285.23,1851.9690494794543,1910.1901851298371,1842.7086413801858,1808.156589447413
2011-03-21,38.27,1698.19,38.27,1596.19,1849.4239843105045,1880.285405593662,1833.041243679002,1803.9592312405334
2011-03-22,0.2,2201.88,0.2,2199.68,1852.909118794977,1910.7039383942656,1847.4192341229627,1811.7952860674536
2011-03-23,32.34,1785.77,32.34,1785.77,1852.2410678616936,1898.8054680710022,1845.0016170985327,1811.2799338680982
2011-03-24,8.86,812.71,8.86,812.71,1841.897475146652,1795.3678044451924,1804.5195928985902,1791.506271811304
2011-03-25,0.04,1127.41,0.04,1127.41,1834.78814703574,1731.7527754504122,1777.966275530018,1778.3558505873177
2011-03-28,2.45,1783.86,2.45,1783.86,1834.281399304041,1736.7153682646585,1778.1974019798213,1778.4648436449945
2011-03-29,2.88,1183.26,2.88,1181.02,1827.7812858781301,1683.7919998585005,1754.7786803335537,1766.6342526817273
2011-03-30,0.43,756.24,0.43,756.24,1817.119183531084,1595.453714157691,1715.62030071263,1746.6264456979306
2011-03-31,1.04,2135.27,1.04,2134.87,1820.2808831974414,1646.8266937617204,1732.0614653905661,1754.314436872229
2011-04-01,0.49,998.56,0.49,911.44,1811.2376903298052,1576.7898657844137,1699.8802314536813,1737.623853963868
2011-04-04,0.28,893.89,-10.79,890.2,1802.0731361971702,1511.4003547573266,1668.1280655143212,1720.843183588346
2011-04-05,8.01,1227.71,8.01,1223.44,1796.3155925534172,1483.9755590661525,1650.689317847093,1710.9936155964974
2011-04-06,1.37,1389.42,1.37,1370.08,1792.0744423787564,1473.128362964614,1639.685030872697,1704.2428509312203
2011-04-07,2.92,2406.32,2.92,2406.32,1798.1863384744902,1562.0037569679841,1669.749147309062,1718.1453687345625
2011-04-08,4.27,2172.59,4.27,2172.59,1801.9117480419081,1620.154827732938,1689.4683964341968,1727.144272323977
2011-04-11,2.26,2074.8,2.26,2074.56,1804.6246659718395,1663.4315108059916,1704.5700279465814,1734.0237916838983
2011-04-12,32.87,2222.26,32.87,2222.26,1808.7802414348062,1716.6532716816114,1724.871595478088,1743.69183541293
2011-04-13,9.69,1915.99,9.69,1915.93,1809.8464081866987,1735.6320077119342,1732.3640819299278,1747.1024921374265
2011-04-14,0.05,1789.88,0.05,1789.47,1809.6436578564828,1740.759435548893,1734.6035296973816,1747.9414526891605
2011-04-15,0.02,1597.83,0.02,1594.44,1807.5023279275626,1726.8242512109032,1729.1069206896411,1744.9018199626425
2011-04-18,12.22,2566.02,12.22,2566.02,1815.0497674506714,1806.7476558574838,1761.9270414469102,1761.1615859039764
2011-04-19,2.58,1057.59,2.58,1024.36,1807.1822075755404,1732.2345457758186,1733.0028437431097,1746.5714554900362
2011-04-20,3.59,1056.28,3.59,1055.4,1799.7017875996644,1667.7741128447883,1706.4301832041642,1732.884892014986
2011-04-21,4.33,1370.89,4.33,1366.77,1795.3940086185733,1639.107054478618,1693.1101760196873,1725.635092173105
2011-04-25,9.3,1651.61,9.3,1648.14,1793.928794602468,1639.9673350044638,1691.3466397051898,1724.1005358924494
2011-04-26,2.5,1266.86,2.5,1266.37,1788.6794533626426,1604.3866364326102,1674.6808891285157,1715.0365648846782
2011-04-27,2.93,1376.58,2.93,1118.42,1782.010205070477,1558.1040996295044,1652.866736613672,1703.2223754810213
2011-04-28,8.43,1425.58,8.43,1424.66,1778.4544816369398,1545.3951377600279,1643.9174528249005,1697.7062888378327
2011-04-29,3.38,1492.73,3.38,1265.93,1773.3547355510002,1518.779410354311,1629.094415459218,1689.1562633162914
2011-05-02,21.67,2002.42,21.67,2002.42,1775.6339919136767,1564.8404188919958,1643.7346344608172,1695.3595056268598
2011-05-03,17.64,2080.28,7.95,2078.05,1778.6431064219983,1613.717521854663,1660.766609580001,1702.9375352184072
2011-05-04,6.69,2580.11,6.69,2371.56,1784.5427770048639,1685.8929959637426,1688.6408601847068,1716.1775840259636
2011-05-05,15.61,2765.39,15.61,2765.39,1794.302450865512,1788.702234443386,1730.8663166480517,1736.954067510598
2011-05-06,0.37,1235.23,0.37,1117.71,1787.5701876728203,1724.7982121154446,1706.8209708971476,1724.691808748012
2011-05-09,2.4,929.34,2.4,928.78,1779.0250116760758,1648.9869538187356,1676.30956027373,1708.9311788718137
2011-05-10,1.71,823.62,1.71,699.19,1768.2803846942243,1558.530101074094,1637.9911461453485,1688.9363040426688
2011-05-11,7.37,2392.07,7.37,2392.07,1774.487246538063,1637.9148533527518,1667.5628659043543,1702.8597435665763
2011-05-12,8.89,1471.58,8.89,1471.58,1771.4732440849477,1622.0734387477278,1659.8772633198698,1698.2799466642678
2011-05-13,6.93,2261.05,6.93,2261.05,1776.3446545915651,1682.9283493431824,1683.4526647583064,1709.4239081164606
2011-05-16,27.75,1893.24,27.75,1893.24,1777.5077923568233,1702.9580303581174,1691.67961908151,1713.0638307280158
2011-05-17,0.14,1787.67,0.14,1735.14,1777.086222283621,1706.0229798478206,1693.3839477449803,1713.5009825947877
2011-05-18,1.11,773.76,1.11,773.12,1767.0965086290576,1617.175077005171,1657.2951654804713,1694.8795769988512
2011-05-19,2.03,1304.72,2.03,1280.61,1762.255846851654,1585.1212601475356,1642.5231982067273,1686.676219038478
2011-05-20,6.47,2143.01,6.47,2143.01,1766.0444453904436,1638.2535210858655,1662.1501316103852,1695.7125315327655
2011-05-23,5.39,2388.7,5.39,2388.7,1772.2400230482501,1709.7246143157831,1690.6422833119386,1709.4350556608297
2011-05-24,0.71,1460.24,0.71,1460.18,1769.1349481920486,1685.9584605714228,1681.6045467114704,1704.4993119843775
2011-05-25,5.54,1409.22,5.54,1409.19,1765.5534064189933,1659.5995595646207,1670.9216233110205,1698.651602836172
2011-05-26,2.37,826.53,2.37,826.53,1756.2098899372122,1580.2596015108472,1637.8082263184315,1681.381868126545
2011-05-27,0.38,706.39,0.38,671.45,1745.4162591915683,1493.7063061288618,1599.9118252863361,1661.383217272554
2011-05-31,22.37,933.29,22.37,854.82,1736.5546048712542,1432.8599912594464,1570.6925380202053,1645.4116684156718
2011-06-01,1.19,3173.77,1.19,3173.77,1750.8552555690528,1598.6609444728324,1633.5583208429423,1675.6761898331833
2011-06-02,0.58,1780,0.58,1780,1751.1452530260772,1615.931330713515,1639.3011317902779,1677.7420078562886
2011-06-03,11.79,2318.55,11.79,2318.38,1756.7893798616385,1682.8312039788946,1665.9316756416395,1690.4279086908175
2011-06-06,0.81,2775.39,0.81,2773.53,1766.9062019525675,1786.7072797904284,1709.3669040478496,1711.8754748553558
2011-06-07,0.05,1619.41,0.05,1617.82,1765.4227571570195,1770.6227769532447,1705.7768293793065,1710.0129902047547
2011-06-08,3.78,2508.46,3.78,2508.43,1772.8158640509796,1840.8901315291262,1737.2534243056082,1725.8232280224825
2011-06-09,0.12,768.07,0.12,767.99,1762.8175967469897,1738.7091666215904,1699.2430939406825,1706.856233408176
2011-06-10,1.23,2362.37,1.23,2362.37,1768.783292301746,1798.1054364671531,1725.248070648891,1719.8367040337566
2011-06-13,1.47,1743.43,1.47,1743.22,1768.5289311843158,1792.87825204171,1725.9528521920718,1720.2997395974446
2011-06-14,0.07,461.47,0.07,455.49,1755.463867192432,1665.507942323452,1676.1307795570885,1695.2540021796735
2011-06-15,0.85,2445.38,0.85,2445.38,1762.328704334796,1739.7814716259804,1706.297415652889,1710.1079823345315
2011-06-16,0.8,1923.51,0.8,1804.58,1762.7491152369373,1745.9527600425538,1710.1516346468934,1711.97871535761
2011-06-17,0.23,1414.01,0.23,1414.01,1759.2790742893062,1714.3391638480248,1698.5382372097604,1706.0783447564693
2011-06-20,0.39,929.04,0.39,880.58,1750.5357999182684,1634.9335291958319,1666.4614435936915,1689.7318428801036
2011-06-21,0.24,396.24,0.24,352.93,1736.6292745459473,1512.837954986705,1614.9504065900173,1663.2605192587155
2011-06-22,0.54,1992.87,0.54,1991.86,1739.1688837544452,1558.4591021308283,1629.7311749590363,1669.767439669434
2011-06-23,1.49,2067.41,1.49,1888.45,1740.6542679956945,1589.8868066897971,1639.8770112351524,1674.0977873987522
2011-06-24,0.75,2928.8,0.75,2928.8,1752.4766135877771,1717.4023489098165,1690.4230107945582,1698.9433757670938
2011-06-27,0.59,679.04,0.59,672.74,1741.7329656913814,1617.910696632691,1650.5138731163402,1678.6225168410128
2011-06-28,1.53,597.83,1.53,588.09,1730.25393120689,1519.8325350486252,1608.85019181766,1657.0278135372305
2011-06-29,0.02,739.31,0.02,736.66,1720.367424428712,1445.2446745678037,1574.6466548836343,1638.8027083186714
2011-06-30,0.88,961.79,0.88,961.79,1712.8193903547945,1399.2013722280128,1550.6130605744722,1625.3965160747373
2011-07-01,0.51,293.61,0.51,279.23,1698.554819306488,1292.5374320158212,1500.7549013362577,1598.739753380188
2011-07-05,0.34,1782.79,0.34,1782.79,1699.3929803084136,1339.228152776219,1511.8151012838555,1602.3843127191942
2011-07-06,7.27,1486.17,7.27,1484.3,1697.2527516486284,1353.0445191784838,1510.7360777040965,1600.046009497032
2011-07-07,0.78,590.51,0.78,590.51,1686.2403859605824,1280.4221840186283,1474.6487805392298,1580.0551974277837
2011-07-08,3.11,2055.69,3.11,2055.69,1689.9165015231638,1354.2572141120922,1497.434710714162,1589.4737083698078
2011-07-11,3.21,2541.72,3.21,2541.65,1698.391461707013,1467.342241339512,1538.384329901842,1608.3286844416928
2011-07-12,3.59,2192.82,3.59,2192.82,1703.3111486552018,1536.4353612119394,1564.0484738272598,1619.902769898293
2011-07-13,0.22,1038.4,0.22,1028.37,1696.5953163302745,1488.0481839536594,1543.0414748536418,1608.189249702287
2011-07-14,4.59,2417.45,4.59,2417.45,1703.7679997498738,1576.5626426247395,1577.3320052515382,1624.214215054717
2011-07-15,6.88,1455.88,6.88,1437.59,1701.1194624389298,1563.3271528509547,1571.851926614223,1620.5186860437325
2011-07-18,1.04,2533.15,1.04,2529.93,1709.366333459438,1655.3845668651495,1609.4236157666064,1638.5268308745497
2011-07-19,0.23,723.6,0.23,718.31,1699.5050764100904,1566.1393700208496,1574.4779837757592,1620.3047154116873
2011-07-20,0.28,1241.03,0.28,1241.03,1694.9431353512834,1535.1765728760067,1561.4015922551412,1612.7943250074954
2011-07-21,0.13,692.97,0.13,688.52,1684.9289748005244,1454.5426135544824,1527.170941578469,1594.491863126159
2011-07-22,0.21,1538.63,0.21,1538.63,1683.4732636084793,1462.5509360731032,1527.620316418529,1593.3856876187103
2011-07-25,1.63,2086.66,1.63,2086.66,1687.485071930783,1521.9898945423315,1549.5434412648613,1603.1534957846764
2011-07-26,2.68,1941.25,2.68,1881.99,1689.4204443493823,1556.2756188716332,1562.580561215259,1608.6750107196333
2011-07-27,0.19,3179.44,0.19,3179.44,1704.2465095797368,1710.8627027886205,1625.9868137166213,1639.779267933106
2011-07-28,0.57,2457.53,0.57,2457.53,1711.7418676933712,1781.973873951609,1658.5963504336166,1655.972351736411
2011-07-29,194.05,3430.52,194.05,3430.45,1728.8434411491585,1938.9716002419318,1728.080807279357,1691.1105229891552
2011-08-01,0.23,2073.99,0.23,2003.04,1731.5717651178236,1945.073352599843,1738.8635207193822,1697.2873443161027
2011-08-02,6.81,3520.1,6.81,3520.1,1749.3680659624224,2095.075890447477,1808.7159316715633,1733.382644428655
2011-08-03,0.12,2024.4,0.12,1643.63,1748.3159459030949,2052.0810437381933,1802.241973566796,1731.6053643409589
2011-08-04,8.61,4596.47,8.61,4596.47,1776.6557872373924,2294.4038014774133,1911.8195432308432,1788.3353571262865
2011-08-05,0.91,3659.94,0.91,3276.65,1791.581102787269,2387.9510584795644,1965.3423062413983,1817.8069342128947
2011-08-08,18.03,5438.39,18.03,5438.39,1827.867758480928,2678.469052910082,2101.5402550162453,1889.5016483868967
2011-08-09,2.22,3048.06,2.22,97.32,1810.6483777995256,2432.6453335853125,2022.9433822705103,1854.012902874285
2011-08-10,3.88,4385.93,3.88,4376.33,1836.1775481696795,2617.75815895814,2115.2330535540195,1903.959776084695
2011-08-11,0.52,284.61,0.52,228.51,1820.1808561480907,2390.210715247841,2041.2439141989598,1870.7825527958892
2011-08-12,0.22,1741.26,0.22,1673.43,1818.7206486242292,2321.9458852242374,2026.819839132334,1866.8745814533963
2011-08-15,0.08,211.38,0.08,121.98,1801.8376570956298,2112.425324726691,1952.1202375977327,1832.322213503824
2011-08-16,0.83,2440.05,0.83,2439.9,1808.186536129504,2143.613389038435,1971.248855731155,1844.353456800778
2011-08-17,0.28,1311.89,0.28,1272.29,1802.8542322874193,2060.6302091300126,1943.8387045260115,1833.0254675571982
2011-08-18,9.23,3758.5,9.23,3758.5,1822.3133941552062,2222.332093974773,2015.0018925838149,1871.153676120422
2011-08-19,6.89,3003.57,-47.48,3003.54,1834.066892720826,2296.7328469295567,2053.768092874646,1893.5771676823938
2011-08-22,0.13,2129.58,0.13,2025.49,1835.9716002559421,2270.9001948410273,2052.6591480560323,1896.1893029758116
2011-08-23,4.73,942.03,4.73,872.12,1826.3810370693159,2137.683033427596,2006.36349519109,1875.9107029168847
2011-08-24,0.77,1058.9,0.77,883.08,1816.994957098477,2018.1970302440154,1962.3131620463412,1856.2506889977385
2011-08-25,1.49,2355.95,1.49,2355.95,1822.357693843766,2050.3639797445853,1977.749900789622,1866.1457248591694
2011-08-26,8.1,656.03,8.1,303.24,1807.2420949000468,1883.9712197689105,1912.0828458566957,1835.1970966441363
2011-08-29,0.03,115.89,0.03,101.56,1790.2701337567628,1714.2177702671095,1841.0819499407469,1800.8676491858366
2011-08-30,2.09,1333.73,2.09,1310.4,1785.495306555203,1675.7589350035753,1820.2708930803255,1791.1554185088894
2011-08-31,0.44,1367.97,0.44,1110.23,1778.7762487785342,1621.8990364318063,1792.4261521752148,1777.671746855248
2011-09-01,1.11,2589.9,1.11,2589.9,1786.8471318752652,1714.0896043906819,1823.699636403638,1793.7554746402927
2011-09-02,27.19,2559.66,27.19,2559.66,1794.5368121551132,1794.620118258236,1852.560827132907,1808.9219008850393
2011-09-06,3.16,2298.64,3.16,2298.64,1799.5527642729728,1842.6220117574517,1870.0541280296557,1818.6192889863257
2011-09-07,0.03,193.95,0.03,181.57,1783.453433285182,1684.4265820662658,1803.8390641853555,1786.202471382636
2011-09-08,8.74,2299.07,8.74,2299.07,1788.583946386822,1742.9640504409072,1823.2598851976945,1796.3582640285244
2011-09-09,23.53,2854.41,23.53,2854.41,1799.1891807511322,1848.8160456370113,1863.6971446017064,1817.3097835527121
2011-09-12,1.44,2150.91,1.44,1118.97,1792.420830693907,1779.3068984334864,1834.4921585388945,1803.481272987312
2011-09-13,1.67,1177.07,1.67,820.19,1782.7468920800372,1687.9624319160114,1794.7156033020751,1784.0101586707315
2011-09-14,0.36,691.09,0.36,579.72,1770.77647524342,1582.415533638296,1747.0687168980721,1760.1628287960634
2011-09-15,0.18,440.69,0.18,412.61,1757.262380962391,1471.0054828156012,1694.7370025099124,1733.4786143644583
2011-09-16,0.17,1885.17,0.17,1885.17,1758.5350935896308,1510.4497225474488,1702.2049631957982,1736.4824041790234
2011-09-19,2.97,2280.69,2.97,2280.69,1763.7306647976943,1583.8059394476918,1724.89065091361,1747.2587922150824
2011-09-20,1.12,1951.45,1.12,1951.45,1765.5985188793093,1618.8196595002926,1733.775331269939,1751.3021824682492
2011-09-21,1.97,3262,1.97,3262,1780.4880858556346,1775.3130252621695,1793.7057104358237,1781.2169907362047
2011-09-22,1.36,3965.14,1.36,3964.25,1802.2170601257278,1983.7832133324391,1878.8250943403011,1824.4453671572699
2011-09-23,1.22,1347.04,1.22,1255.62,1796.7782834080588,1914.4343358722067,1854.3856788759756,1813.1814985006902
2011-09-26,0.09,973.36,0.09,434.71,1783.2253651651924,1773.5082086462824,1798.7121228416236,1785.8850331838448
2011-09-27,0.02,1279.28,0.02,1021.74,1775.6483963575786,1701.9112363942554,1768.2426278282267,1770.7534483683232
2011-09-28,0.95,2758.46,0.95,2757.61,1785.4191585828762,1802.4539757852788,1807.041348305551,1790.2951622620199
2011-09-29,8.95,1837.78,8.95,950.23,1777.1088186964794,1721.2897876152522,1773.4409032739609,1773.6602085538611
2011-09-30,3.94,3048.05,3.94,3047.86,1789.7531090577083,1847.629807842371,1823.4181227534134,1798.8918875923985
2011-10-03,0.32,3737.37,0.32,3737.37,1809.1323816043978,2027.6050642383357,1898.4750591160246,1837.2775927885887
2011-10-04,11.38,2933.09,11.38,274.87,1793.8660892501252,1860.6779152632562,1834.8042724840236,1806.3388285749531
2011-10-05,1.78,1054.81,1.78,510.59,1781.0971729391788,1732.0981138096126,1782.874301014062,1780.6804359299047
2011-10-06,2.55,493.93,2.55,233.43,1765.6974995766,1589.3678172563161,1722.1117794056674,1750.0418134362433
2011-10-07,1.72,2572.83,1.72,2570.96,1773.7100617698677,1682.8527870414289,1755.3999449191706,1766.2976191107732
2011-10-10,4.47,356.12,4.47,341.28,1759.4570263293715,1555.0839501803405,1699.9442608046934,1738.0794484353123
2011-10-11,0.83,1123.11,0.83,1082.59,1752.722031042512,1510.0845263536414,1675.7342897927447,1725.0994593573853
2011-10-12,0.14,425.96,-10.63,419.74,1739.4585282460691,1406.2421905104375,1626.4796117616565,1699.2507571918925
2011-10-13,6.74,1837.8,6.74,1817.51,1740.2351598058096,1445.4105533189672,1633.9709995357093,1701.5925243762115
2011-10-14,0.06,593.11,0.06,451.98,1727.4167005042593,1350.7981196695418,1587.6184113186227,1676.8477219133163
2011-10-17,0.47,2295.63,0.47,2295.63,1733.0705641808338,1440.7821082724427,1615.3835716590688,1689.1008363308745
2011-10-18,0.76,432.13,0.76,264.68,1718.4597127959498,1328.7723836750672,1562.414804143027,1660.8944831362037
2011-10-19,2.93,2510.24,2.93,2510.1,1726.3367305790748,1441.2797757060132,1599.5789294707513,1677.7104339651898
2011-10-20,1.61,1394.39,1.61,1094.12,1720.0460168419695,1408.216939924488,1579.7570106679768,1666.1541877480574
2011-10-21,7.34,725.24,7.34,654.4,1709.442573888318,1336.4248504078703,1543.4685004457033,1646.1194513570067
2011-10-24,0.34,468.37,0.34,438.23,1696.793692556096,1250.8824837023587,1500.1258141537148,1622.2008483598383
2011-10-25,5.7,2669.81,5.7,2669.81,1706.4754468590204,1386.0184376354673,1545.995782226118,1642.9455840358812
2011-10-26,6.58,1057.39,6.58,857.49,1698.0278304723636,1335.682395955899,1518.9955554721528,1627.3920081143785
2011-10-27,0.53,365.57,0.53,357.18,1684.6860610149272,1242.4916915791466,1473.4341611399116,1602.2392950824105
2011-10-28,0.75,1265.24,0.75,1260.22,1680.4625181192562,1244.1801019049421,1465.0728214873661,1595.4666357738479
2011-10-31,7.4,2823.1,7.4,2822.24,1691.8234880882187,1394.471520771138,1518.2950637819793,1619.7591776397123
2011-11-01,3.53,3027.07,3.53,3027.07,1705.1095230326146,1549.957090221506,1577.4627083395487,1647.6267186765497
2011-11-02,0.66,401.68,0.66,362.63,1691.75151782831,1436.8783197242196,1529.8222099732918,1622.1812390987961
2011-11-03,3.21,619.83,3.21,600.47,1680.8929952628541,1357.2203845123893,1493.377025268457,1601.9493333740675
2011-11-04,2.38,1828.86,2.38,1827.97,1682.3564480463083,1402.053681225495,1506.498318395184,1606.4249901389373
2011-11-07,0.56,1143.17,0.56,1011.31,1675.6793689612705,1364.8399972992574,1487.0791686541963,1594.6405348886613
2011-11-08,0.7,975.87,0.7,545.4,1664.4328080760838,1286.7980927945662,1450.150573805012,1573.8634945938363
2011-11-09,10.92,2949.32,10.92,2949.32,1677.2177552594064,1445.133512528417,1508.9415316950117,1601.1002570771268
2011-11-10,0.12,1155.46,0.12,1116.94,1671.6428522219994,1413.8769875257105,1493.5689226089328,1591.5129252538175
2011-11-11,0.01,237.73,0.01,216.04,1657.1592417521288,1299.797274428024,1443.4697491732884,1564.275837625029
2011-11-14,9.5,1946,9.5,1946,1660.03327914763,1361.3403911491646,1463.1768178331595,1571.834731929484
2011-11-15,0.46,1015.33,0.46,1002.1,1653.4866793551164,1327.1270205635299,1445.095373996565,1560.552856049692
2011-11-16,6.99,2458.28,6.99,2458.28,1661.4945730928764,1434.8558757479557,1484.8281044280723,1578.3296311774209
2011-11-17,2.33,2674.06,2.33,2673.77,1671.56696540041,1552.8476971052933,1531.453276803442,1600.0215196689571
2011-11-18,6.09,1507.36,6.09,1506.63,1669.92580156558,1548.446011666694,1530.4798149680128,1598.1721826458095
2011-11-21,2.61,2582.34,2.61,2582.34,1679.0045498087086,1646.9121057936754,1571.729233988875,1617.6606542765855
2011-11-22,4.62,2127.31,4.62,2127.31,1683.4653005568807,1692.6642861942778,1593.5167150089192,1627.7527205285344
2011-11-23,5.39,2544.87,5.39,2544.87,1692.0364915961156,1773.826735128156,1630.8246869693537,1645.9134587358901
2011-11-25,0.77,703.87,0.77,703.57,1682.2010041175474,1671.8975222588078,1594.4617580685947,1627.2531922262685
2011-11-28,0.01,423.27,0.01,98.65,1666.4442777084175,1522.0644249008262,1535.8024734384537,1596.9838220831741
2011-11-29,0.77,1739.12,0.77,1739.12,1667.1674192237567,1542.736384434081,1543.7757097742005,1599.7983998637053
2011-11-30,0.28,167.7,0.28,167.7,1652.2473454006347,1411.7805382975018,1489.8119564497222,1571.4400157079883
2011-12-01,2.56,1683.57,2.56,1613.45,1651.8613021628175,1430.9871536977398,1494.660507177184,1572.271896585058
2011-12-02,1.37,1301.59,1.37,1300.48,1648.3649707980135,1418.5579009646217,1487.0455853270983,1566.8898788308984
2011-12-05,0.78,650.64,0.78,456.52,1636.5058168597247,1326.9352437298958,1446.6328172750552,1544.9023564778113
2011-12-06,4,1547.18,4,1546.54,1635.610634602414,1347.8499824222868,1450.5507460093668,1544.934785062409
2011-12-07,4.26,1463.52,4.26,1131.04,1630.5900312730366,1327.2014126677832,1438.020912832529,1536.7388487245396
2011-12-08,3.84,2703.57,3.84,2686.21,1641.093712553902,1456.630801937518,1486.9695044861553,1559.5006537002912
2011-12-09,2.53,330.6,2.53,327.08,1628.0189492449078,1349.0545350863258,1441.4836415651296,1535.0962843200873
2011-12-12,2.18,2242.04,2.18,2234.24,1634.0509995011773,1433.357912697152,1472.5721262096342,1548.9407143335509
2011-12-13,0.66,2380.28,0.66,2380.28,1641.4761636852452,1523.5409686307567,1508.1685134170996,1565.4028784061538
2011-12-14,3.82,2271.11,3.82,2271.11,1647.7411769819093,1594.7380192373512,1538.0877874007426,1579.3772768535566
2011-12-15,0.03,1138.71,0.03,1138.71,1642.6761901462685,1551.3067793099844,1522.4259133850273,1570.6511921633871
2011-12-16,0.82,1410.43,0.63,1410.43,1640.365282781629,1537.889943185224,1518.033916781693,1567.4784952888647
2011-12-19,0.58,2433.9,0.58,2433.9,1648.2611506146477,1623.2242343104408,1553.9502337706463,1584.6353567682931
2011-12-20,0.19,116.36,0.19,101.54,1632.8708904095267,1478.301926280875,1496.9929697012092,1555.2671318817922
2011-12-21,0.83,1065.83,0.83,877.21,1625.351876574606,1421.055076158887,1472.6877552031226,1541.840257983143
2011-12-22,0.1,546.89,0.1,545.93,1614.611360389784,1337.7098308104216,1436.344313822608,1522.1192627755559
2011-12-23,0.11,536.54,0.11,451.94,1603.0424911321743,1253.3507993046671,1397.7402230844666,1500.927594205743
2011-12-27,0.57,1090.18,0.57,1087.7,1597.9147051507596,1237.5745327042227,1385.581782963507,1492.7448695680055
2011-12-28,0.08,1846.55,0.08,1846.5,1600.3881906716476,1295.5674343514397,1403.6570071610165,1499.7499216557678
2011-12-29,0.34,194.9,0.34,176.46,1586.219750963472,1188.9857739370168,1355.5316343311727,1473.546160830901
2011-12-30,2.53,1040.52,2.53,1040.52,1580.7899026951789,1174.8461764192057,1343.1782369064208,1464.971385368903
2012-01-03,0.03,632.51,0.03,608.39,1571.1142817728387,1120.8979691411862,1314.3630119296984,1448.0093777378356
2012-01-04,1.61,1419.73,1.61,1419.73,1569.6079705114173,1149.3581625563113,1318.4950506775533,1447.4493900598586
2012-01-05,0.86,1322.78,0.86,1320.13,1567.1256026456322,1165.6221470747578,1318.559166337257,1444.9282140190694
2012-01-06,0.05,1865.48,0.05,1865.02,1570.0897260023921,1232.2314664009714,1339.9890029514822,1453.2468632464145
2012-01-09,11.29,873.05,11.29,863.41,1563.0580869376918,1197.1056124580218,1321.2996302867182,1441.5669253603469
2012-01-10,0.82,849.69,0.82,681.78,1554.289150749257,1148.026982700115,1296.2204290990037,1426.521639709647
2012-01-11,11.32,1112.99,11.32,1105.68,1549.825378104986,1143.9939367286754,1288.7482554088467,1420.1683399134163
2012-01-12,2.72,1441.92,2.72,1439.75,1548.7301007109065,1172.161180849754,1294.669892451637,1420.5560955586952
2012-01-13,0.67,2065.95,0.67,2065.95,1553.8765673704995,1257.2839255307297,1324.9161711790239,1433.3361728743646
2012-01-17,0.01,1644.39,0.01,1640.11,1554.7346114762656,1293.74355167066,1337.2767134857288,1437.4307041045752
2012-01-18,1,507.76,1,457.12,1543.813073053616,1214.0651181782162,1302.7607639372688,1418.0186109539895
2012-01-19,0.68,1221.93,0.68,1221.93,1540.6102564063165,1214.8141545421956,1299.590930057376,1414.1356681628215
2012-01-20,1.72,1457.89,1.72,1370.21,1538.9147314669501,1229.6137588715103,1302.3603053492436,1413.2658529516766
2012-01-23,2.51,1278.38,2.51,1278.38,1536.3223460792192,1234.2581627885093,1301.4199012179008,1410.5948459625345
2012-01-24,0.52,1442.88,0.52,1389.24,1534.8588401480827,1249.0183377610322,1304.8638266603361,1410.1719777256526
2012-01-25,3.32,962.57,3.32,785.38,1527.4013392510867,1204.8623055933149,1284.4919118893426,1397.7998593548475
2012-01-26,0.07,2305.11,0.07,2302.13,1535.1100821441107,1309.3639907749039,1324.3992878936822,1415.7073868923753
2012-01-27,11.67,1533.47,11.67,1533.47,1535.093762918796,1330.707420224913,1332.5981393488319,1418.0393198251995
2012-01-30,0.87,1942.68,0.87,1942.03,1539.1428797056737,1388.9286182987307,1356.497428001819,1428.415372897968
2012-01-31,0.03,1746.39,0.03,1746.39,1541.2050401066124,1422.9725594131373,1371.7873327860614,1434.7119001673152
2012-02-01,0.13,672.03,0.13,640.43,1532.2421043841584,1348.4446966118862,1343.106653068961,1418.9835457085564
2012-02-02,9.22,1432.66,9.22,1430.25,1531.227257574366,1356.2356778869446,1346.5240392231192,1419.2066438133375
2012-02-03,0.02,588.51,0.02,571.32,1521.6759415786012,1281.4818038024737,1316.1238808222126,1402.4168092823802
2012-02-06,0.87,1434.55,0.87,1433.94,1520.802947135033,1296.001632011762,1320.744120789969,1403.0410308807488
2012-02-07,2.79,1583.82,2.79,1583.6,1521.427793432197,1323.3919527725466,1331.05219448448,1406.6164560118232
2012-02-08,0.36,1358.85,0.36,1358.84,1519.8100044428218,1326.7679572703992,1332.1419123478338,1405.6703875759456
2012-02-09,0.16,1475.16,0.16,1474.98,1519.3639347468734,1340.8833899113135,1337.7434059812522,1407.0428551486991
2012-02-10,11.32,2236.93,11.32,2236.93,1526.5038955951632,1426.2211623007122,1373.0056253545365,1423.4762639576359
2012-02-13,0.11,736.51,0.11,707.86,1518.358185191231,1357.8058135101683,1346.9214831837703,1409.3056448693658
2012-02-14,0.47,1957.79,0.47,1870.7,1521.8640738957959,1406.6528788901524,1367.4618171765637,1418.4421667531408
2012-02-15,0.14,2008.89,0.14,1982.97,1526.4521925634995,1461.5402237577568,1391.5993929735612,1429.620935728326
2012-02-16,1.25,527.24,1.25,466.24,1515.9028175131164,1366.7497262570182,1355.3107893275392,1410.5440855158838
2012-02-17,11.02,1451.66,11.02,1451.01,1515.257117836369,1374.7745142325402,1359.0636995499885,1411.345390753193
2012-02-21,3.48,1571.37,3.48,1568.96,1515.791474872823,1393.2683700199173,1367.2949270186164,1414.466472124417
2012-02-22,0.35,2021.84,0.35,2020.92,1520.8176293517004,1453.044715732306,1392.927282821808,1426.4754528744284
2012-02-23,0.06,979.49,0.06,978.15,1515.4179514477034,1407.8166475673245,1376.6615070248743,1417.5977211343406
2012-02-24,0.11,1433.46,0.11,1432.68,1514.5946882492187,1410.1845858942459,1378.8583106709575,1417.8963801217794
2012-02-27,1.42,1235.04,1.42,1218.93,1511.6527510527092,1391.9698634281272,1372.586612213273,1413.9564518025363
2012-02-28,0.82,1231.74,0.82,1231.73,1508.8674500472096,1376.70892405402,1367.062823499027,1410.348007212387
2012-02-29,0.28,2360.29,0.28,2360.29,1517.339316215894,1470.3833122393514,1406.0129088520064,1429.1587397428348
2012-03-01,2.38,1033.41,2.38,944.95,1511.643900134144,1420.3420444070323,1387.932010465653,1419.570447866739
2012-03-02,0.19,1718.53,0.19,1703.89,1513.5567966502222,1447.3466116063626,1400.322519859157,1425.2005380079916
2012-03-05,0.56,1958.74,0.56,1958.74,1517.9864802656427,1496.050743834328,1422.2212445705625,1435.7656758692194
2012-03-06,10.57,2817.47,10.57,2817.47,1530.9166645416065,1621.9001968024872,1476.9368820383836,1463.1261575351755
2012-03-07,0.04,552.6,0.04,552.6,1521.182170367063,1520.062082821298,1440.6883768604077,1445.095936593885
2012-03-08,8.87,474.59,8.87,473.25,1510.7549845922663,1420.3656939811744,1402.749616983529,1425.8514626019269
2012-03-09,0.54,846.45,-14.33,425.43,1499.9557310142338,1325.609913602015,1364.4233574939788,1406.0411366098094
2012-03-12,6.46,1602.81,6.46,1602.81,1500.9791565762812,1352.0099218303944,1373.7718532785286,1409.9375497462488
2012-03-13,0.03,455.78,0.03,292.59,1488.9553838740296,1251.112786417976,1331.3725649146647,1387.8118556918675
2012-03-14,0.94,1985.59,0.94,1980.92,1493.8505541837408,1320.6182353305496,1356.8450133493839,1399.5565714207414
2012-03-15,1.41,756.88,1.41,701.63,1485.967762599823,1261.6669748228783,1331.1503069435257,1385.736243273796
2012-03-16,0.25,1673.79,0.25,1673.79,1487.8366405839042,1300.916786744509,1344.5871576516226,1391.4402780604535
2012-03-19,0.08,1739.38,0.08,1720.78,1490.1544849562038,1340.9037594355082,1359.3398181358727,1397.9618567127218
2012-03-20,3.7,1757.72,3.7,1757.72,1492.8168283894754,1380.6005442511741,1374.9625703658385,1405.085780342173
2012-03-21,0.24,1512.68,0.24,1512.53,1493.0129793507742,1393.165254322491,1380.3573715279624,1407.213388652229
2012-03-22,13.28,2297.81,13.28,2297.81,1501.0209099044978,1479.321896767968,1416.3359059778463,1424.848965114561
2012-03-23,7.54,723.21,7.54,719.18,1493.2413983631595,1406.9274304091139,1388.9964586845974,1410.8753222410053
2012-03-26,0.26,485.98,0.26,463.76,1482.997802359546,1317.1019608463412,1352.7126759910839,1392.1205633847478
2012-03-27,5.67,2186.51,5.67,2186.51,1489.997923729103,1399.902726480023,1385.4106102659434,1407.851047278119
2012-03-28,0.51,2034.58,0.51,2034.58,1495.4166508561766,1460.348181100973,1410.868233392769,1420.2615215894434
2012-03-29,4.64,1893.34,4.64,1893.34,1499.3760871660654,1501.5854971865947,1429.7886948283467,1429.6294122510385
2012-03-30,0.03,1183.19,0.03,1124.41,1495.645081323617,1465.6640212640618,1417.8130597370389,1423.5854634935922
2012-04-02,0.7,667.24,0.7,637.1,1487.1023441960187,1386.753162096056,1387.1968613159786,1408.0114939194616
2012-04-03,2.68,2080.23,2.68,2080.23,1493.0041119154614,1452.798575229765,1414.37463146045,1421.322751465611
2012-04-04,4.79,2643.89,4.79,2643.89,1504.4557127919245,1566.2358537793111,1462.5909204227853,1445.5320039118365
2012-04-05,1.48,1976.9,1.48,1974.36,1509.1313773412585,1605.1048200860434,1482.66029609248,1456.0038454185328
2012-04-09,0.74,2346.65,0.74,2346.65,1517.4648959746787,1675.7281705540393,1516.5422452653238,1473.6404029349976
2012-04-10,8.15,3328.01,8.15,3328.01,1535.480270144085,1833.0883447869878,1587.5801964313896,1510.3605929758887
2012-04-11,0.03,774.5,0.03,774.5,1527.9083271575767,1732.2704071882272,1555.6946985321194,1495.7890960852772
2012-04-12,0.14,342.19,0.14,301.1,1515.701279126158,1595.9684636464913,1506.4949064328207,1472.1318862618064
2012-04-13,14.25,2551.65,14.25,2536.17,1525.8551967467931,1685.5114671087301,1546.8743218668278,1493.2019479199885
2012-04-16,0.5,1479.03,0.5,1475.94,1525.3585281224468,1665.5522797650415,1544.0925837544032,1492.8601271690977
2012-04-17,2.16,422.66,2.16,400,1514.1609308276961,1545.02349121599,1499.2262079208972,1471.2193325716898
2012-04-18,1.97,2069.93,1.97,2044.45,1519.4374389786644,1592.5879206239908,1520.60753310047,1482.570434897003
2012-04-19,0.15,2269.96,0.15,2266.83,1526.8741808793743,1656.8014519931346,1549.8711592533928,1498.10032727528
2012-04-20,0.12,1792.52,0.12,1790.52,1529.4975223631616,1669.5365518033122,1559.3083686944362,1503.8908158440863
2012-04-23,16.33,2423.77,16.33,2423.29,1538.3909798520854,1741.322594488711,1593.1900012946544,1522.0967402828173
2012-04-24,1.28,1204.77,1.28,1009.25,1533.1258954754478,1671.6013950135957,1570.2903934007463,1511.941359287118
2012-04-25,1.06,892.74,1.06,890.3,1526.7296179085279,1597.1917383456341,1543.6241034634622,1499.6316294002445
2012-04-26,10.35,1223.02,10.35,1221.27,1523.6902187253584,1561.3896680270022,1530.9827660727383,1494.1195179269723
2012-04-27,1.93,1410.42,1.93,1410.4,1522.5629528673946,1547.0096996434781,1526.2540301483173,1492.4617056907946
2012-04-30,3.08,1964.66,3.08,1964.66,1526.9619284607538,1586.7859187250517,1543.446421122893,1501.8121669642442
2012-05-01,1.92,943.44,1.92,943.44,1521.1557401178607,1525.5148788464753,1519.9167575494462,1490.755292370893
2012-05-02,0.06,2229.62,0.06,2229.62,1528.2051357385785,1592.5725094325253,1547.7482572533895,1505.3862766803802
2012-05-03,0.13,2598.54,0.13,2598.54,1538.8552338904335,1688.3789371056182,1588.955776576786,1527.032885062947
2012-05-04,0.28,2713.55,0.28,2713.55,1550.5437390258521,1786.0142764288926,1633.0575108286769,1550.528273477542
2012-05-07,45.84,1563.76,45.84,1493.75,1549.9786271947492,1758.1795834356647,1627.5944711883367,1549.4039512304619
2012-05-08,6.9,2355.29,6.9,2342.27,1557.8621234415675,1813.8072421560776,1655.6209625142842,1565.1042690278784
2012-05-09,5.2,2372.19,5.2,2367.12,1565.9144406212533,1866.50369528407,1683.5228855529397,1580.9857686510888
2012-05-10,0.63,1401.76,0.63,1328.3,1563.5501178290021,1815.246200495111,1669.5925763155694,1575.9820900639386
2012-05-11,32.62,2311.43,32.62,2308.41,1570.9616589451314,1862.2141814003385,1694.6442399894686,1590.4856130329695
2012-05-14,1.09,2598.62,1.09,2598.62,1581.1871150750305,1932.3480688860204,1730.094269793803,1610.4486702006334
2012-05-15,16.73,2781.24,16.73,2781.18,1593.1273427857268,2013.1892051825898,1771.3133180371833,1633.631468810522
2012-05-16,10.41,2554.32,10.41,2554.32,1602.6914488276598,2064.7254713556767,1802.019462427882,1651.86292487368
2012-05-17,2.22,3285.68,2.22,3285.65,1619.4373050582303,2181.0039978932314,1860.2010521365926,1684.215144183112
2012-05-18,1.04,2831.65,1.04,2496.99,1628.1691726695913,2211.097902855781,1885.1731677390792,1700.3096957834464
2012-05-21,1.64,734.95,1.64,734.69,1619.2788326430282,2070.4876263933256,1840.0561807689191,1681.1885136887247
2012-05-22,1.57,2131.46,1.57,1869.5,1621.7685955023014,2051.3459476891994,1841.2108403466086,1684.9174540117203
2012-05-23,8.23,1899.82,8.23,1209.21,1617.6635348505372,1971.1425240997519,1816.4264936663494,1675.4975044273299
2012-05-24,2.64,1790.24,2.64,1578.99,1617.278723558492,1933.7946646616804,1807.1152586206101,1673.5864647356996
2012-05-25,4.01,1194.26,4.01,1088.14,1612.0136616325367,1853.2561251700918,1778.9201504394098,1661.9934654340025
2012-05-29,0.57,461.27,0.57,393.63,1599.89044111878,1714.2441132491306,1724.5950465006094,1636.8773572075866
2012-05-30,3.57,2604.59,3.57,2604.55,1609.8870536449613,1799.0351500825468,1759.1030838927425,1656.0391917183274
2012-05-31,0.56,2232.4,0.56,2232.08,1616.0780282355586,1840.277516741352,1777.6511982498898,1667.4459403971723
2012-06-01,9.23,3223.05,9.23,3223.05,1632.0677990988863,1971.9701341945565,1834.3335042008746,1698.2499811813868
2012-06-04,1.01,2141.59,1.01,2116.15,1636.8845374163104,1985.701549985551,1845.385131487115,1706.525229078785
2012-06-05,0.57,615.58,0.57,610.31,1626.6698654022177,1854.7118785583557,1796.9508126052672,1684.8179968197992
2012-06-06,5.59,388.84,5.59,344.6,1613.9129513186135,1710.8916996480361,1739.9958787776097,1658.2790265857438
2012-06-07,0.68,1954.68,0.68,1954.68,1617.3036682209158,1734.1096330148898,1748.414863923586,1664.1483527919668
2012-06-08,4.42,845.64,4.42,808.16,1609.2524874425983,1645.9239536801383,1711.5421241618767,1647.1980883802446
2012-06-11,0.14,2636.52,0.14,2636.52,1619.4740547317267,1740.2664342820299,1747.815766351607,1666.788621283606
2012-06-12,0.13,576.92,0.13,442.16,1607.7594870229534,1616.6372500646937,1696.6135794358577,1642.5385495750197
2012-06-13,3.42,2140.82,3.42,1952.42,1611.188944863521,1648.616559582342,1706.6452037717063,1648.6748159200688
2012-06-14,1.14,814.46,1.14,700.57,1602.1280598400035,1558.3264110506905,1667.1912742120314,1629.9004631295725
2012-06-15,0.24,809.41,0.24,809.41,1594.2403179510482,1487.0010385696723,1633.5527928703832,1613.6531272260165
2012-06-18,0.88,1569.56,0.88,1567.55,1593.9747426480526,1494.6723682297036,1630.9644480519369,1612.74019401362
2012-06-19,4.76,583.46,4.76,583.46,1583.919869586878,1407.8902379221129,1589.8858422459787,1592.3584079935483
2012-06-20,0.99,1908.88,0.99,1521,1583.2938012327795,1418.662596215245,1587.184436667705,1590.945370211498
2012-06-21,6.19,2926.9,6.19,2926.9,1596.663017140911,1562.304253718555,1639.7223018964226,1617.3999173360228
2012-06-22,0.95,1213.07,0.95,1213.07,1592.8461711992104,1529.043848602502,1622.990839076955,1609.393384319468
2012-06-25,5.07,1809.16,5.07,1646.13,1593.376358550462,1540.194910640359,1623.8982571523684,1610.1208420557161
2012-06-26,38.69,1103.65,38.69,1093.76,1588.4050515002089,1497.677300103182,1603.1085215777657,1599.895874886296
2012-06-27,2.02,652.06,2.02,594.57,1578.5161455151322,1411.667081045736,1563.5579913198142,1579.9884318192408
2012-06-28,10.14,1735.77,10.14,1601.82,1578.7480246642353,1429.776882850904,1565.058462248449,1580.4207401000479
2012-06-29,0.87,601.59,0.87,577.1,1568.781377652651,1348.5695606746274,1526.3149931406665,1560.553002672324
2012-07-02,1.56,1185.8,1.56,1110.2,1564.2183788700374,1325.8676977532343,1509.9967581155424,1551.6351214312879
2012-07-03,0.58,523.07,0.58,439.61,1553.0282457469525,1241.4622027291168,1468.0208068168938,1529.614821997005
2012-07-05,7.19,1902.03,7.19,1902.03,1556.5009000181271,1304.37342151682,1485.0407751770156,1536.9893799772624
2012-07-06,9.15,1987.81,9.15,1987.81,1560.7925328537676,1369.4626194675989,1504.7572153661522,1545.9165209678117
2012-07-09,2.23,1802.8,2.23,1802.75,1563.2000698402974,1410.7280842802086,1516.4432069204208,1551.0023324337956
2012-07-10,31.22,2365.59,31.22,2365.06,1571.1787756130307,1501.6168381582838,1549.7222968451101,1567.1222862469876
2012-07-11,5.61,1522.42,5.61,1522.29,1570.692320134294,1503.5857107146378,1548.646520498243,1566.2345182024928
2012-07-12,5.64,2288.96,5.64,2288.88,1577.8384662026094,1578.3756430275293,1577.6752844002726,1580.5443297232355
2012-07-13,1.45,403.94,1.45,359.17,1565.7124118125337,1462.2608198820503,1529.8907634433992,1556.3586994316863
2012-07-16,1.04,1679.68,1.04,1678.99,1566.8395519935034,1482.901694178998,1535.7377923279719,1558.7870420171976
2012-07-17,6.5,962.08,6.5,946.08,1560.662840033369,1431.775818542903,1512.6139573347182,1546.6542293039856
2012-07-18,29.77,1442.12,27.73,1426.51,1559.3279859036838,1431.2743120150074,1509.2373315568861,1544.2751356544018
2012-07-19,0.17,1800.68,0.17,1790.23,1561.625518382254,1465.460568013578,1520.2566518879887,1549.14552900778
2012-07-20,2.79,2366.17,2.79,2366.17,1569.6309361097938,1551.2424186789515,1553.4297243629696,1565.3242314036654
2012-07-23,7.43,2067.99,7.43,2067.99,1574.5897327654177,1600.456474042861,1573.6085587016767,1575.2780089996324
2012-07-24,1.16,2437.46,1.16,2437.46,1583.1755065687469,1680.1710955625886,1607.4850858114148,1592.350919712511
2012-07-25,0.92,1766.87,0.92,1766.83,1585.0029144635853,1688.4243245566277,1613.733905975673,1595.8059510053326
2012-07-26,0.42,873.42,0.42,873.24,1577.9206964092214,1610.7877222179013,1584.6949292707448,1581.4977143517617
2012-07-27,0.66,331.78,0.66,227.39,1564.48258002704,1479.035558197149,1531.4672849856174,1554.6837002061823
2012-07-30,1.28,1441.04,1.28,1440.44,1563.2483254994079,1475.3597907498015,1527.897587535201,1552.4214487169509
2012-07-31,2.24,2186.2,2.24,2184.96,1569.4345113153342,1542.9407630593441,1553.664740965193,1564.946964583942
2012-08-01,0.64,2466.67,0.64,2466.67,1578.3622276206543,1630.9149761013114,1589.4688687704795,1582.802866275349
2012-08-02,5.03,2587.1,5.03,2586.26,1588.3910611766676,1721.900216472615,1628.5587170539902,1602.6733045669264
2012-08-03,0.58,484.08,0.58,449.48,1577.0586128067505,1600.7173387133184,1582.3203359930494,1579.837793585403
2012-08-06,0.71,1011.7,0.71,1011.68,1571.4329549678773,1544.6185445501453,1559.9422836011652,1568.5871442074742
2012-08-07,5.06,1043.69,5.06,1043.19,1566.1768061622267,1496.863445069179,1539.6774881658253,1558.1832403617816
2012-08-08,2.35,1206.73,2.35,1137.1,1561.9073852053887,1462.6002598244954,1523.890135688734,1549.8449583744195
2012-08-09,0.45,1066.61,0.45,1031.64,1556.6310928152852,1421.556425555496,1504.58620879898,1539.5834740501737
2012-08-10,6.21,1062.07,6.21,982.04,1550.9137685086655,1379.6977183597344,1484.0942006107846,1528.543009217497
2012-08-13,2.2,1537.06,2.2,1537,1550.7753230508679,1394.6788880397596,1486.1689378417343,1528.7104743815069
2012-08-14,1.91,1548.42,1.91,1457.51,1549.8473098861825,1400.6628034645444,1485.0450579263722,1527.3005639977146
2012-08-15,2.56,934.16,2.56,918.09,1543.5611674992554,1354.7034888488736,1462.811526242985,1515.2369884730074
2012-08-16,0.18,761.05,0.18,694.38,1535.1116036435415,1291.8155375299332,1432.6769565863974,1498.9823946418587
2012-08-17,1.65,1049.17,1.65,1042.89,1530.2138762441032,1268.1083434794634,1417.3911935830092,1489.9508620746933
2012-08-20,4.99,1296.8,4.99,1283.13,1527.7553302118235,1269.5389774338003,1412.1260487366167,1485.8553994593528
2012-08-21,0.61,1570.99,0.61,1568.08,1528.1565707072282,1297.9714557734383,1418.2418899626316,1487.4836093710487
2012-08-22,2.69,1477.59,2.69,1477.59,1527.6534207499424,1315.0779837950156,1420.569266826842,1487.2876963141962
2012-08-23,6.04,2030.43,6.04,2030.43,1532.6561727822811,1383.2067472431092,1444.4853740101032,1498.0429894564893
2012-08-24,3.33,764.85,3.33,731.98,1524.6892456899202,1321.185152267575,1416.5439867940208,1482.873425308836
2012-08-27,0.38,1382.39,0.38,1382.39,1523.2733327974831,1327.0141853849489,1415.2046147628828,1480.8836545106412
2012-08-28,2.76,1361.25,2.76,1359.96,1521.648324510941,1330.1518820149538,1413.0381592819854,1478.4891266985494
2012-08-29,4.15,1076.14,4.15,1076.1,1517.2150078491404,1305.9564646801962,1399.8248981336721,1470.5210251797662
2012-08-30,0.52,1846.64,0.52,1846.64,1520.492868467557,1357.4501347106536,1417.3470589911751,1477.9689256712559
2012-08-31,0.7,535.13,0.7,534.8,1510.6849792290739,1279.1025028334486,1382.737370403286,1459.2923132817261
2012-09-04,1.27,1422.02,1.27,1417.54,1509.7581635153517,1292.2870263731202,1384.1021794070787,1458.4655348008998
2012-09-05,11.68,1513.55,11.68,1513.55,1509.795893231617,1313.359690528061,1389.1785645283696,1459.556316289991
2012-09-06,2.12,313.47,2.12,239.62,1497.1573271298098,1211.0987676206266,1344.0978365076492,1435.3991615119712
2012-09-07,0.81,860.23,0.81,855.6,1490.7736721334934,1177.2417421329478,1324.9410586053884,1423.9179899968826
2012-09-10,2.83,1986.26,2.83,1984.62,1495.6875659431105,1254.1349095488576,1350.8108210130204,1435.0210000959542
2012-09-11,50.7,976.56,50.7,786.14,1488.627391157607,1209.5639657822999,1328.6668672478038,1422.1718713811829
2012-09-12,0.36,1299.14,0.36,1299.07,1486.7412479620089,1218.0883499935094,1327.5062057871055,1419.7342105617536
2012-09-13,0.34,798.41,0.34,343.26,1475.3633250967152,1134.771364279842,1288.9083153640818,1398.4178895605307
2012-09-14,0.86,1075.71,0.86,1030.31,1470.9349338022205,1124.822662919857,1278.7672049576472,1391.1286244207183
2012-09-17,3.77,2043.55,3.77,2043.55,1476.6325961524471,1212.3205045465374,1308.758687116171,1404.0478595807042
2012-09-18,16.78,1966.24,16.78,1962.87,1481.4707792753084,1283.8014088754387,1334.410111150831,1415.113644539502
2012-09-19,0.68,1203.47,0.68,1203.12,1478.7011197800316,1276.117465173016,1329.2614793409944,1410.9157505882247
2012-09-20,6.57,2011.78,6.57,2009.22,1483.979914608091,1345.9367542041573,1355.9265193668377,1422.7633594874678
2012-09-21,0.31,2236.05,0.31,2236.05,1491.4631990398511,1430.7094442799519,1390.4411656661775,1438.868045438211
2012-09-24,5.25,1778.08,5.25,1777.73,1494.3116249200516,1463.7590210151945,1405.6289630910333,1445.5781831523059
2012-09-25,2.45,2881.85,2.45,2881.85,1508.117976910897,1598.8153047280332,1463.5199841462868,1474.0192092284979
2012-09-26,6.58,2171.33,6.58,2171.33,1514.7171015187487,1653.340513801554,1491.2772396699618,1487.8273436992206
2012-09-27,0.27,504.55,0.27,504.51,1504.6652895633383,1543.9280839156916,1452.5804851731004,1468.3557131309192
2012-09-28,7.93,2245.14,7.93,2245.14,1512.0331971298722,1610.710171161816,1483.6612504604298,1483.7375801976336
2012-10-01,1.16,1197.85,1.16,1196.05,1508.8890857156446,1571.2187262892621,1472.382377893354,1478.0407964313438
2012-10-02,0.49,1639.96,0.49,1639.96,1510.193273917479,1577.7655142617134,1478.9540493485167,1481.2471172940895
2012-10-03,1.19,1490.02,1.19,1489.1,1509.983390594917,1569.3211795701216,1479.351929766222,1481.4026199219293
2012-10-04,0.61,753.39,0.61,642.86,1501.3552971561617,1481.0867815158242,1446.5483246773506,1464.7978155670396
2012-10-05,0.23,1534.98,0.23,1530,1501.640319075006,1485.745183276222,1449.820939395886,1466.0889479320488
2012-10-08,2.85,1392.82,2.85,1392.48,1500.5541467459013,1476.8627848689628,1447.5722751058513,1464.6313450027012
2012-10-09,1.24,2085.07,1.24,2084.17,1506.3612696638525,1534.701567262395,1472.536891768367,1476.8994371808656
2012-10-10,0.32,2017.56,0.32,1910.15,1510.3790679756548,1570.4585608564526,1489.6981901303918,1485.478656246591
2012-10-11,0.12,996.89,0.12,996.74,1505.2682314783847,1515.8186979177428,1470.3664963997883,1475.8006630535892
2012-10-12,21.26,2158.01,21.26,2158.01,1511.763174448749,1576.9797743065292,1497.332908305679,1489.3097588347064
2012-10-15,0.41,1199.73,0.41,1197.96,1508.6407548024927,1540.8826529440025,1485.5927942544758,1483.5404566795637
2012-10-16,27.48,879.12,8.34,646.94,1500.0666179387863,1455.745257425526,1452.7044493817514,1466.9741110027408
2012-10-17,22.13,962.04,22.13,962.04,1494.7131192528282,1408.7257090992855,1433.4627062687416,1456.9754157353598
2012-10-18,26.79,1552.31,26.79,1552.1,1495.284132991606,1422.380403470782,1438.1151491601636,1458.859070869313
2012-10-19,5.61,2758.04,5.61,2754.2,1507.8106590314906,1549.2203650449933,1489.7263197813336,1484.5093862976435
2012-10-22,12.42,1558.52,12.42,1479.41,1507.5280654092867,1542.571758850232,1489.3217582212812,1484.4084083511555
2012-10-23,1.43,2538.59,1.43,2538.59,1517.7873881415326,1637.4306389597339,1530.469532408682,1505.2832913541029
2012-10-24,1.52,2045.21,1.52,2045.2,1523.0352748266914,1676.265816201664,1550.6550409416748,1515.974711327289
2012-10-25,1.9,1524.25,1.9,1459.41,1522.402187514983,1655.612881325315,1547.0768040420012,1514.8546180336793
2012-10-26,1.8,2116.06,1.8,2116.03,1528.308931917819,1699.462130722904,1569.3886940795699,1526.7590810429135
2012-10-31,0.47,1452.05,0.47,1452.05,1527.5501365753532,1675.899070654056,1564.7871766646847,1525.2796932994895
2012-11-01,1.23,743.53,1.23,739.49,1519.7087421815686,1586.7172544012888,1532.4225815013638,1509.719501352965
2012-11-02,4.34,2271.81,4.34,2271.81,1527.192336786727,1651.964182553547,1561.418166540526,1524.8104023162725
2012-11-05,2.62,1281.52,2.62,1281.52,1524.7478359231775,1616.683784215114,1550.4417678526622,1519.9927705872374
2012-11-06,0.27,686.68,0.27,616.27,1515.7082554662304,1521.4062809565316,1513.807580878048,1502.0972701795693
2012-11-07,16.1,3030.38,16.1,3030.38,1530.7796161083575,1665.1180637225762,1573.2810090789087,1532.360294532449
2012-11-08,0.22,2502.79,0.22,2502.79,1540.4513612217072,1744.896343368045,1609.7323420562063,1551.5767243436876
2012-11-09,1.33,1636.15,1.33,1570.36,1540.7489596175112,1728.2738344758504,1608.1883286422374,1551.9486703962878
2012-11-12,0.45,1335.15,0.45,1334.61,1538.6978256909688,1690.7820407162455,1597.4597667346986,1547.6449343488366
2012-11-13,8.13,2191.13,8.13,2190.91,1545.1874990671781,1738.413274933746,1620.7323249019653,1560.382856440939
2012-11-14,1.35,3102.99,1.35,3102.99,1560.6880214645196,1868.3729630352939,1678.860076866594,1590.9295325510193
2012-11-15,11.21,2032.5,11.21,1943.22,1564.4943098081562,1875.5012522700279,1689.2271326757473,1597.9055814113951
2012-11-16,0.66,1494.16,0.66,1178.38,1560.6523763772293,1809.1087520538347,1669.1939117865022,1589.598144155724
2012-11-19,0.05,271.62,0.05,227.28,1547.384989547605,1658.4583947153742,1612.6482681870316,1562.6215472417493
2012-11-20,20.56,1446.39,20.56,1398.87,1545.907228457579,1633.735690456767,1604.264806689501,1559.3789423458732
2012-11-21,0.46,745.33,0.46,696.16,1537.4520321545185,1544.4427675561226,1568.6528534859913,1542.2854979429846
2012-11-23,0.15,111.24,0.15,87.55,1523.0251462624337,1405.6910754079204,1510.5703886434035,1513.4788544193611
2012-11-26,4.28,1634.48,4.28,1633.72,1524.1265875931558,1427.4081158452614,1515.3997851671916,1515.8598672031362
2012-11-27,0.19,2071.8,0.19,2071.8,1529.5760742837713,1488.778771479046,1537.2194014351448,1526.8685827040642
2012-11-28,0.29,919.79,0.29,592.76,1520.2545213058233,1403.4436503858037,1500.1817778494528,1508.371383046558
2012-11-29,0.39,810.87,0.39,783.78,1512.9264166162131,1344.4280646347747,1472.0875904828076,1494.0230388278144
2012-11-30,0.13,1470.67,0.13,1470.67,1512.5059547593355,1356.4511060981295,1472.031998699168,1493.5606024153824
2012-12-03,0.11,1859.56,0.11,1859.56,1515.959228841332,1404.3662388506887,1487.2291752207693,1500.8081152388402
2012-12-04,2.3,1580.85,2.3,1580.75,1516.603913131468,1421.1646922934801,1490.896658545445,1502.3911228578731
2012-12-05,0.96,1236.56,0.96,1159.41,1513.0497448416027,1396.2356739798154,1477.8971817397412,1495.599417454747
2012-12-06,0.08,1396.2,0.08,1172.85,1509.6646727536265,1374.9608478864996,1465.934547161712,1489.2083398813857
2012-12-07,0.67,825.94,0.67,809.26,1502.69547202971,1321.0845766592138,1440.1826041357626,1475.744016319378
2012-12-10,4.15,1284.29,4.15,1284.29,1500.522283253295,1317.5803312630983,1434.0691686794582,1471.9528476793903
2012-12-11,3.38,1126.24,3.38,1073.31,1496.2714147632125,1294.3164901904222,1419.9217502998717,1464.0589299035607
2012-12-12,1.68,1477,1.68,1476.07,1496.070405661091,1311.626348267525,1422.1236424449748,1464.2967728757674
2012-12-13,0.36,2066.69,0.36,2065.58,1501.7371677938163,1383.431457956332,1447.3572250941916,1476.2033714326828
2012-12-14,1.37,1514.68,1.37,1514.09,1501.8600815471116,1395.8751286271574,1449.9741966591253,1476.9536017013427
2012-12-17,0.54,711.65,0.54,625.58,1493.1408767555981,1322.5136878055234,1417.6450124764144,1460.0947184993358
2012-12-18,1.3,594.24,1.3,554.99,1483.806042161015,1249.416193728807,1383.815404144006,1442.1718527864778
2012-12-19,0.35,2151.07,0.35,2150.81,1490.4428974628954,1335.2632228974921,1413.893623589339,1456.2042913451614
2012-12-20,5.48,1020.93,5.48,830.4,1483.875306443364,1287.181011192969,1391.0115207034826,1443.8121271601087
2012-12-21,14.54,2656.49,14.54,2656.49,1495.5431143394499,1417.591391079353,1440.6381277347186,1467.825550384661
2012-12-24,2.74,724.23,2.74,721.95,1487.8456704156742,1351.3398300241765,1412.4542795882592,1453.055737505757
2012-12-26,0.76,1165.93,0.76,1160.36,1484.5871065309411,1333.1512747837787,1402.5682294083274,1447.2597823076233
2012-12-27,0.84,1790.63,0.84,1790.5,1487.631015918693,1376.7082962329428,1417.7812400197656,1454.0566183015317
2012-12-28,3.99,1856.37,3.99,1856.24,1491.298767004079,1422.3779823059958,1434.9757011954612,1462.0206456618973
2012-12-31,0.78,392.26,0.78,82.42,1477.2800728050336,1294.7629363720914,1381.9343011485803,1434.701820995325
2013-01-02,0.08,432.74,0.08,390.58,1466.4671367572223,1208.6502757652256,1343.0576618878517,1414.0261413716553
2013-01-03,6.19,1701.11,6.19,1622.66,1468.021294600434,1248.0797733113945,1354.0224594608771,1418.1575049088503
2013-01-04,1.45,664.97,1.45,625.65,1459.6394906740616,1188.800747281738,1325.4588335996664,1402.4642869898632
2013-01-07,1.33,1752.65,1.33,1748.91,1462.5178041996928,1242.1444856358582,1342.0647616937972,1409.3245981385787
2013-01-08,6.96,1985.86,6.96,1963.17,1467.4994180882532,1310.813582241967,1366.421829862668,1420.291833819003
2013-01-09,7.72,1664.38,7.72,1650.3,1469.3183293510565,1343.1456220284463,1377.5543071229554,1424.8464509711018
2013-01-10,1.96,925.96,1.96,878.15,1463.4360574172151,1298.8603246924038,1357.9698244906826,1414.0207786746444
2013-01-11,0.22,1761.21,0.22,1760.72,1466.3941065971433,1342.8469604359843,1373.76394902046,1420.886109789998
2013-01-14,4.19,1601.22,4.19,1598.25,1467.7061055364752,1367.171059442081,1382.5673235686772,1424.3982660317802
2013-01-15,4.79,932.43,4.79,915.58,1462.212313441585,1324.1623871142638,1364.254095193435,1414.3226568034281
2013-01-16,12.11,1652.68,12.11,1652.68,1464.1075143028627,1355.4497788176673,1375.5649149897708,1419.0426041934593
2013-01-17,6.36,1236.78,6.36,1231.34,1461.7914196331824,1343.6297998826512,1369.9090359705642,1415.3257209421035
2013-01-18,5.54,1383.3,5.54,1380.25,1460.980062223897,1347.1174379890654,1370.3145639717186,1414.6311522105768
2013-01-22,2.14,876.18,2.14,833.29,1454.7343899629627,1298.1814915139162,1349.2547771492982,1403.119446226209
2013-01-23,16.07,1742.69,16.07,1736.76,1457.5406149384555,1339.9508732744955,1364.4510603983454,1409.726189865294
2013-01-24,25.56,1543.94,25.56,1542.07,1458.3817033470282,1359.2003139150197,1371.4165090101749,1412.346859372912
2013-01-25,0.71,1012.37,0.71,918.23,1453.00705953263,1317.2031411612084,1353.6444890489915,1402.5623671081019
2013-01-28,0.09,1816.66,0.09,1816.66,1456.6254967512107,1364.770461050617,1371.8019600666782,1410.762320234674
2013-01-29,0.13,1453.78,0.13,1411.09,1456.1724072312982,1369.181845712463,1373.3426675150438,1410.7688089428982
2013-01-30,2.28,2174.57,2.28,2147.57,1463.0519852687976,1443.3140508827046,1403.7045236909244,1425.3589315380884
2013-01-31,4.99,1859.09,4.99,1857.65,1466.9783336740832,1482.7746174653041,1421.506307075594,1433.919150715552
2013-02-01,0.01,754.14,0.01,751.23,1459.8564597071768,1413.1037015162276,1395.2209617000804,1420.4005536716797
2013-02-04,4.36,2367.13,4.36,2366.93,1468.8820670732746,1503.9443013718248,1433.3271984961557,1439.1437110247157
2013-02-05,2.73,831.77,2.73,827.91,1462.5042355601076,1439.560082193556,1409.5853475747379,1427.0400731826421
2013-02-06,0.89,1304.2,0.89,1230.41,1460.1948401814002,1419.6410267465506,1402.5588633561206,1423.1464083671442
2013-02-07,1.37,1999.43,1.37,1429.94,1459.8937969955157,1420.6218813421171,1403.6326334205864,1423.2809349341314
2013-02-08,0.11,1025.63,0.11,980.22,1455.1209233935704,1378.6788450238203,1387.0282164237008,1414.5074510740496
2013-02-11,2.55,1221.27,2.55,1220.17,1452.783103260301,1363.5827645453612,1380.4847569561048,1410.6591847161476
2013-02-12,1.01,1025.84,1.01,1018.73,1448.4641669094522,1330.7396441124697,1366.2982958990026,1402.8982107613724
2013-02-13,2.39,1658.42,2.39,1651.34,1450.4828319153282,1361.2730113398536,1377.4764019421789,1407.8178501522364
2013-02-14,14.87,1653.85,14.87,1621.96,1452.1890723937827,1386.100343593201,1387.0639940228778,1412.058288763083
2013-02-15,2.5,1943.69,2.5,1943.12,1457.073957245586,1439.1498346795627,1408.8701119043335,1422.574362252923
2013-02-19,9.26,1135.67,9.26,1135.29,1453.8721268252318,1410.2108028053185,1398.141480064948,1416.88556300039
2013-02-20,0.42,3082.02,0.42,3081.79,1470.0703146180156,1569.4088215857644,1464.1669122192636,1449.8539676934515
2013-02-21,1.32,2593.52,1.32,2593.52,1481.248918452662,1666.9432195299773,1508.455268602822,1472.5008198183336
2013-02-22,1.68,749.12,1.68,568.42,1472.1660436421878,1562.3219605271224,1471.591140422319,1454.5982293268814
2013-02-25,0.21,2903.32,0.21,2903.32,1486.406381516395,1690.0360595245393,1527.737370209679,1483.2857891421907
2013-02-26,1.45,1064.65,1.45,1064.44,1482.2077110535452,1630.4554824269642,1509.568845887731,1474.991813119573
2013-02-27,0.37,483.63,0.37,469.04,1472.1264402967934,1519.8444841005867,1468.76379310782,1455.0719752360171
2013-02-28,5.29,1861.92,5.29,1861.91,1476.0048836769247,1552.4221522814832,1484.1812914173172,1463.128173746195
2013-03-01,4.38,1631.99,4.38,1538.31,1476.6248350831245,1551.078137778485,1486.3039858715401,1464.6169227809237
2013-03-04,7.47,1267.3,7.47,1267.23,1474.54130438578,1524.0449817995816,1477.7128491706953,1460.7082708446678
2013-03-05,0.2,704.9,0.2,656.11,1466.3977093172648,1441.3845073424786,1445.493129595374,1444.7756318180407
2013-03-06,0.05,1093.87,0.05,1081.12,1462.564100269332,1407.0736018812902,1431.2039872583005,1437.5745301978814
2013-03-07,0.6,1234.32,0.6,1234.31,1460.292915192025,1390.6199255116435,1423.4826544246416,1433.549489995943
2013-03-08,4.64,1144.17,4.64,1143.82,1457.1439309612585,1367.1151707010108,1412.5154915060282,1427.812272372261
2013-03-11,0.53,1082.25,0.53,1081.92,1453.4103595089077,1339.953725872343,1399.5509624273604,1420.9629204440976
2013-03-12,2.51,1681.39,2.51,1681.18,1455.6767240909087,1372.4514662654533,1410.5952384106013,1426.1157339006502
2013-03-13,0.97,1344.31,0.97,1334.11,1454.4671049457256,1368.799898049696,1407.59581729646,1424.2938381798451
2013-03-14,0.32,894.99,0.32,858.03,1448.5324073840766,1320.1551458544868,1386.0442166181674,1413.0806928693532
2013-03-15,1.44,2136.44,1.44,2136.44,1455.3772590518968,1397.896560535012,1415.4715022409844,1427.4046395452076
2013-03-18,2.11,1995.73,2.11,1994.75,1460.744151996654,1454.7397452459631,1438.1883060746713,1438.6392011383718
2013-03-19,2.81,1946.74,2.81,1916.46,1465.2786380464386,1498.7131028415856,1456.9440587776255,1448.1009991356318
2013-03-20,0.73,739.04,0.73,738.67,1458.0487013494592,1426.3280454281012,1428.7764486294834,1434.0528605388865
2013-03-21,3.31,1944.68,3.31,1944.68,1462.8908038235938,1475.6948982444726,1449.0079604479351,1444.164289043067
2013-03-22,0.27,1051.24,0.27,958.23,1457.8693032880358,1426.4125269830943,1429.761765920565,1434.5418278738973
2013-03-25,0.05,1887.8,0.05,1887.59,1462.1451311160156,1470.3341910799425,1447.715814315837,1443.5130788070874
2013-03-26,0.36,847.51,0.36,810.79,1455.6639855327717,1407.5204585961385,1422.7383314014903,1430.9839089297193
2013-03-27,5.07,1389.44,5.07,1389.32,1455.0038463732417,1405.7870815869824,1421.427808601432,1430.158881030121
2013-03-28,3.35,1116.33,3.35,1116.21,1451.6327633247517,1378.2083119120316,1409.4584827739247,1423.942071504772
2013-04-01,0.91,1852.3,0.91,1852.18,1455.6183079682867,1423.3484726823144,1426.8201109004376,1432.4220304848754
2013-04-02,0.7,1738.97,0.7,1653.12,1457.5834989337764,1445.2314752839989,1435.6946163553223,1436.7922873069572
2013-04-03,3.73,2751.3,3.73,2751.28,1470.4561009344352,1569.6170490664751,1487.2862000276625,1462.8217469642452
2013-04-04,0.06,913.32,0.06,909.3,1464.8724581390677,1506.7297110601442,1464.6200745363817,1451.860920291686
2013-04-05,1.29,1587.81,1.29,1587.73,1466.0949212421615,1514.4440242925114,1469.4479147506413,1454.551397117593
2013-04-08,0.76,672.75,0.76,615.8,1457.6342752596524,1428.858879121796,1435.9715259368907,1437.942458560809
2013-04-09,1.25,1031.98,1.25,1025.23,1453.3317451575663,1390.418033491149,1419.864015115836,1429.7699346289119
2013-04-10,3.34,791.84,3.34,789.71,1446.7285437132123,1333.2077445872299,1395.1520929544308,1417.0954804778444
2013-04-11,10.11,1229.01,10.11,1192.87,1444.2025880543742,1319.8422451027318,1387.2194618581786,1412.6553719535307
2013-04-12,11.82,1944.38,11.82,1944.38,1449.179477725475,1379.322031283424,1409.0688947264853,1423.1845725089063
2013-04-15,0.42,3165.37,0.42,3165.37,1466.2560003351716,1549.4218378278597,1477.9434478744663,1457.6832938453636
2013-04-16,0.01,469.06,0.01,467.74,1456.320517744772,1446.404519939492,1438.327626389193,1438.0804563434751
2013-04-17,1.69,2971.3,1.69,2971.3,1471.394940453779,1591.6326608976356,1498.444190060205,1468.4412393861785
2013-04-18,0.27,1942.64,0.27,1942.64,1476.083946021403,1625.0619312883368,1515.863633587256,1477.831313853779
2013-04-19,1.12,1002.32,1.12,999.3,1471.3398271555186,1565.4655568799237,1495.6062361916772,1468.355446252714
2013-04-22,0.25,1074.73,0.25,1044.5,1467.0926646962598,1515.8497895580263,1477.9157955567096,1459.962269099195
2013-04-23,0.81,688.03,0.81,668.83,1459.1497526097298,1435.1812381715476,1446.1869408289954,1444.2962835724784
2013-04-24,2.54,1068.75,2.54,1068.64,1455.2640834295335,1400.2725488218764,1431.3811784435445,1436.8575452839145
2013-04-25,0.74,1151.16,0.74,1107.76,1451.8063313556077,1372.4142108388405,1418.6901518379152,1430.3407622089856
2013-04-26,1.87,1902.48,1.87,1902.42,1456.2900494515718,1422.8909526637128,1437.6599498050557,1439.6888659276194
2013-04-29,0.14,661.34,0.14,597.8,1447.74785990479,1344.3108619338354,1404.724265498975,1423.0177992755873
2013-04-30,5.48,1341.96,5.48,1341.26,1446.68827920922,1344.0203036544226,1402.235470773525,1421.3988329532986
2013-05-01,4.7,2423.18,4.7,2423.12,1456.404017724551,1446.7917033063823,1442.2701581941712,1441.2348956670946
2013-05-02,4.66,821.25,4.66,813.17,1450.0036792397298,1386.446779181965,1417.5995637551841,1428.7979670400234
2013-05-03,0.04,751.65,0.04,733.37,1442.87299586421,1324.2489906884446,1390.767031843216,1415.0271162075478
2013-05-06,1.37,962.59,1.37,908.3,1437.553861577004,1284.634801099069,1371.8467560846586,1404.9929158866062
2013-05-07,5.7,1089.59,5.7,891.11,1432.116609223004,1247.1562486134433,1352.994334277417,1394.8170165621189
2013-05-08,7.02,1024.83,7.02,1021.13,1428.02719022576,1225.6299392216868,1339.9800466586948,1387.4172736598987
2013-05-09,2.53,1993.8,2.53,1993.8,1433.6567704225185,1298.7889926291452,1365.6200448289421,1399.4248523993067
2013-05-10,1.99,982.19,1.99,938.76,1428.7324244481651,1264.5005171406551,1348.880435227807,1390.3027761141718
2013-05-13,1.86,1588.13,1.86,1588.13,1430.318469976044,1295.322372651069,1358.2627711012265,1394.2201468841881
2013-05-14,1.84,793.72,1.84,755.12,1423.600077239964,1243.8745276366815,1334.6101134109822,1381.5646984310358
2013-05-15,2.8,1164.23,2.8,1163.51,1421.0121162724022,1236.2207630998546,1327.900305041924,1377.2467836106193
2013-05-16,6.04,2149.02,6.04,2147.56,1428.2414484487963,1323.0149761379637,1360.0438224912602,1392.5005106678348
2013-05-17,0.79,622.22,-5.28,622.1,1420.220140504032,1256.2611688867291,1331.1048490602304,1377.245055011046
2013-05-20,4.89,1176.93,4.89,1176.37,1417.793770946778,1248.652486135612,1325.0368157637508,1373.2673311494411
2013-05-21,5.98,1594.47,5.98,1593.44,1419.5414946189494,1281.4893922179347,1335.562430831839,1377.627185978165
2013-05-22,0.9,2691.76,0.9,2691.74,1432.2001862147808,1415.7989739114646,1388.745864916865,1403.6492218993894
2013-05-23,8.86,1959.94,8.86,1959.94,1437.4513286405045,1467.6219287770393,1411.1456349201253,1414.6648808716789
2013-05-24,4.73,1538.96,4.73,1464.97,1437.7251462659722,1467.369364131607,1413.2563943350224,1415.6610218445169
2013-05-28,0.43,1136.71,0.43,1131.54,1434.6785278951666,1435.385615166692,1402.208692596394,1410.0348629961106
2013-05-29,2.67,2005.76,2.67,2005.76,1440.3609306026774,1489.7069851508168,1425.877371318104,1421.8314003625244
2013-05-30,6.72,1085.49,6.72,1080.92,1436.784403930014,1450.7748913269295,1412.3496312664136,1415.0806795632666
2013-05-31,2.8,2964.95,2.8,2964.93,1451.9898327466308,1594.9801397719839,1473.2351359226327,1445.7707651164692
2013-06-03,1.76,1354.43,1.76,1354.43,1451.0190881421868,1572.0706026508426,1468.5761109844902,1443.962037094361
2013-06-04,3.68,2128.91,3.68,2128.91,1457.7642713447522,1625.1029262079053,1494.4715576125495,1457.5253630924924
2013-06-05,4.36,2641,4.36,2641,1469.5377611821177,1721.855028473819,1539.4334573140181,1480.9605044173936
2013-06-06,8.16,1097.83,8.16,526.69,1460.1561914191116,1608.0297876667885,1499.7180276154293,1462.0640587853661
2013-06-07,1.05,820.37,1.05,820.19,1453.7883686189214,1532.9974269366182,1473.0698696697261,1449.3536813836756
2013-06-10,2.02,1400.26,2.02,1400.14,1453.2545540057977,1520.3443386569404,1470.2098747807172,1448.3791530394444
2013-06-11,13.02,2304.78,13.02,2304.78,1461.7274440156903,1595.052496880089,1502.938114985395,1465.3375856525247
2013-06-12,0.01,2194.72,0.01,2194.72,1469.020902284191,1652.1636876534137,1530.0668163585167,1479.7808017782172
2013-06-13,0.05,418.75,0.05,350.09,1457.8872614654429,1528.15666978166,1483.7932157170062,1457.4106868915198
2013-06-14,0.37,1783.66,0.37,1783.39,1461.1260946846921,1552.4646059929305,1495.5421092183,1463.865722794658
2013-06-17,0.84,978.58,0.84,808.51,1454.6324022002673,1481.6117863745562,1468.5996735626804,1450.8883817492192
2013-06-18,1.3,632.28,1.3,613.02,1446.2581494420556,1398.888759100789,1435.047529501399,1434.2969286452742
2013-06-19,33.38,2721.72,33.38,2721.72,1458.9493121341745,1524.8726868054757,1485.5052734425205,1459.7904548107142
2013-06-20,6.44,3290.02,6.44,3290.02,1477.1689209686604,1692.9819547287636,1556.2705568369315,1496.0326240223833
2013-06-21,1.11,2537.23,1.11,2536.99,1487.7144043421065,1773.3636733260241,1594.7301428433263,1516.6456413684748
2013-06-24,5.14,3077.35,5.14,3077.35,1503.5316739506427,1897.5528472949743,1652.8720980259409,1547.5506781730594
2013-06-25,0.29,431.66,0.29,431.66,1492.866284160089,1757.944004695453,1604.9814275151198,1525.4538330607215
2013-06-26,1.86,970.88,1.86,970.86,1487.6721917803866,1682.983623295886,1580.1139205537424,1514.4717769605093
2013-06-27,0.8,609.99,0.8,609.99,1478.9390356432682,1580.7937544105635,1542.0698452379095,1496.5612467236674
2013-06-28,3.5,2325.6,3.5,2322.09,1487.3285974776636,1651.3933968476526,1572.658870914854,1512.9083507489413
2013-07-01,0.39,910.94,0.39,908.55,1481.5696064579854,1580.6464066716858,1546.6153857809384,1500.940858654903
2013-07-02,2.98,1818.2,2.98,1818.2,1484.9191626126324,1603.2705584172395,1557.265762809137,1507.2232178894594
2013-07-03,6.23,949.61,6.23,949.61,1479.5927032831535,1541.017171901312,1533.436125051916,1496.1813719906581
2013-07-05,1.77,905.8,1.77,890.82,1473.7342684246146,1479.0936317202347,1508.2354926969388,1484.194018089853
2013-07-08,0.62,1155.38,0.62,1154.82,1470.560992121882,1448.21042869926,1494.3760616107843,1477.6717603058955
2013-07-09,0.28,690.29,0.28,683.42,1462.7287434440523,1375.3732450136163,1462.5738631162437,1461.9440026760758
2013-07-10,0.59,1527.54,0.59,1527.38,1463.3720395291862,1389.8500788218432,1465.11528024894,1463.2397649993218
2013-07-11,0.1,438.38,0.1,438.38,1453.1731137627266,1299.2338808388106,1424.8511516117267,1442.945512227058
2013-07-12,2.66,1463.57,2.66,1460.45,1453.2455205909582,1314.5877969494002,1426.247184881855,1443.2921357473144
2013-07-15,2.34,885.45,2.34,885.45,1447.5958139184113,1273.717530573267,1405.03945214139,1432.245756821625
2013-07-16,4.71,1760.46,4.71,1760.46,1450.7088903968352,1320.0739562329559,1418.9775128417277,1438.7450487657513
2013-07-17,0.18,1012.34,0.18,1012.34,1446.347010890399,1290.7659604012458,1403.0309437106796,1430.3013844337563
2013-07-18,10.4,986.32,10.4,986.28,1441.7692296875093,1261.767297505889,1386.6877694475156,1421.5088817717017
2013-07-19,0.92,964.73,-6.76,964.3,1437.0182920786783,1233.4370786958043,1370.1235431946718,1412.4552405484997
2013-07-22,0.98,910.81,0.98,910.81,1431.7823886749104,1202.7106902485848,1352.111247383116,1402.5216714287274
2013-07-23,1.72,1321.23,1.72,1245.92,1429.93301167317,1206.8258626058625,1347.9468847406408,1399.420648232119
2013-07-24,1.95,2078.77,1.95,2078.77,1436.389101109258,1289.8681614053041,1376.6066147508118,1412.8731106433643
2013-07-25,4.54,1207.18,4.54,1205.65,1434.0931896554346,1281.8473841286086,1369.9024337801918,1408.7696827098323
2013-07-26,2.81,1302.73,2.81,1302.65,1432.7852972210521,1283.8285856401696,1367.2650834358706,1406.668302854192
2013-07-29,0.51,1685.79,0.51,1685.79,1435.302756950196,1322.1106251030105,1379.7562566344639,1412.195465173911
2013-07-30,13.21,1610.34,13.21,1610.34,1437.0444210601443,1349.5610417598666,1388.7987563742888,1416.1191193288832
2013-07-31,1.31,1895.11,1.31,1892.72,1441.5785064227298,1401.2904663541651,1408.5603737713755,1425.5567605302915
2013-08-01,3.1,835.43,3.1,835.43,1435.547178000613,1347.398993368054,1386.0846728391646,1413.871082103949
2013-08-02,4.69,1421.04,4.69,1420.44,1435.3968578215024,1354.3552797139537,1387.431940570962,1414.001159686049
2013-08-05,2.03,1295.85,2.03,1294.92,1433.9990781416864,1348.6947768840532,1383.8040213328852,1411.6431169199886
2013-08-06,0.72,2105.86,0.72,2105.86,1440.6842614437592,1420.8057505141435,1412.1199420649289,1425.38998589187
2013-08-07,10.35,1940.33,10.35,1940.28,1445.6553633199408,1470.2794885604155,1432.8321011996375,1435.5858277553973
2013-08-08,6.58,794.83,6.58,794.56,1439.1768024908865,1405.9252515546616,1407.8018227212203,1422.8922470077657
2013-08-09,1.22,1404.59,1.22,1404.59,1438.83265520242,1405.798084739932,1407.6758688890156,1422.5298262749386
2013-08-12,1.7,1254.62,1.7,1251.37,1436.9673551506546,1391.0906480980336,1401.5462269717993,1419.1405227843459
2013-08-13,0.18,1641.62,0.18,1641.59,1439.003401368061,1414.9477292315541,1410.959708267023,1423.5454629272301
2013-08-14,0.18,1615.7,0.18,1615.7,1440.7615764788266,1434.0669931142634,1418.988739315375,1427.3505032653047
2013-08-15,2.36,2177.86,2.36,2177.86,1448.095889150679,1504.9044223414764,1448.7483965971248,1442.212077458071
2013-08-16,2.22,1920.05,2.22,1920.01,1452.7915519451997,1544.4382868803834,1467.2292437893946,1451.6734224589013
2013-08-19,0.07,2224.37,0.07,2224.37,1460.4689494382822,1609.1936881298707,1496.9210381505948,1466.9743447864478
2013-08-20,2.73,680.3,2.73,677.18,1452.675029543374,1520.4304797365496,1464.77433077214,1451.3348528104784
2013-08-21,3.2,2073.79,3.2,2073.56,1458.852989448415,1573.109481666402,1488.6482785849973,1463.6561428538353
2013-08-22,4.27,396.04,4.27,367.46,1447.9933577126098,1458.285721507697,1444.6801107973504,1441.949288539898
2013-08-23,0.03,787.03,0.03,728.92,1440.8383989293998,1388.822319459345,1416.611086844513,1427.8298966876227
2013-08-26,1.28,1436.63,1.28,1436.57,1440.7959272982614,1393.369717606074,1417.3937893211987,1428.0029680403431
2013-08-27,0.6,2493.54,0.6,2493.54,1451.2709926982786,1498.1478397388287,1459.595601504681,1449.102711247465
2013-08-28,2.33,762.91,-37.65,448.16,1441.289788790833,1398.1489978589402,1419.9314602692034,1429.2820634999905
2013-08-29,0.62,848.08,0.62,840,1435.3068058177898,1344.991950443803,1397.189050062568,1417.6131117475154
2013-08-30,0.52,1825.25,0.52,1824.69,1439.1812654613939,1390.6774789729648,1413.9537931973691,1425.6740402277626
2013-09-03,3.9,1130.73,3.9,1130.57,1436.1105066010814,1365.9053381183967,1402.8407032680605,1419.8303958668168
2013-09-04,1.82,694.57,1.82,685.28,1428.6395562866428,1301.083877345216,1374.7010678457837,1405.2848434734146
2013-09-05,1.54,1020.32,1.54,1019.95,1424.572993537522,1274.3092223599574,1360.789261263596,1397.654450533347
2013-09-06,0.24,1130.31,0.24,1123.86,1421.5808244475966,1259.9807249923424,1351.4979176846314,1392.232778245558
2013-09-09,0.11,416.73,0.11,404.25,1411.4581296769736,1178.4825607073574,1314.3509405205282,1372.6687628347547
2013-09-10,1.37,953.95,1.37,953.92,1406.9055114712326,1157.0956501637995,1300.2163938334486,1364.3767081251556
2013-09-11,6.85,1262.78,6.85,1152.23,1404.3714267799764,1156.6322549101044,1294.41300583998,1360.1757832117862
2013-09-12,4.11,1967.49,4.11,1967.49,1409.9745966627627,1233.856802061523,1320.8081820815496,1372.2018073066024
2013-09-13,0.14,949.39,0.14,947.92,1405.3770384870138,1206.6247256747113,1306.1851161175673,1363.800187359937
2013-09-16,2.37,962.86,2.37,962.86,1400.9738838752028,1183.409037515215,1292.721386073741,1355.860777709245
2013-09-17,0.66,701.21,0.66,694.69,1393.946183538136,1136.8643672756707,1269.269174855163,1342.7682870615372
2013-09-18,0.98,875.47,0.98,420.36,1384.2587588263136,1068.6258561065592,1235.97861897849,1324.5027764266554
2013-09-19,0.39,2048.69,0.39,2048.69,1390.8700149573951,1161.965298382125,1267.8496535283532,1338.8431174875136
2013-09-20,0.7,3267.73,0.7,3267.73,1409.5452386891623,1362.5143175838273,1346.2763337821432,1377.038897339246
2013-09-23,0.95,1930.47,0.95,1930.45,1414.728370642504,1416.6034301948914,1369.1851050063729,1387.9975330354985
2013-09-24,0.5,1053.09,0.5,1053.09,1411.1299788948172,1381.9831035096636,1356.7892185355347,1381.3657006981618
2013-09-25,0.59,1472.59,0.59,1472.59,1411.7415213933762,1390.6123317468384,1361.3304256517883,1383.172122466515
2013-09-26,9.75,1197.84,9.75,1108.76,1408.7267798869743,1363.769252532854,1351.4257030772085,1377.7382190513365
2013-09-27,3.08,1945.18,3.08,1945.18,1414.0646228731737,1419.1417046725821,1374.7101853094748,1388.974689961211
2013-09-30,5.3,2002.2,5.3,2002.2,1419.9167161779183,1474.6710661323361,1399.3176290228287,1401.1177654075236
2013-10-01,0.47,692.81,0.47,627.51,1412.0320722358495,1393.9890598340185,1369.0506631787962,1385.7987997558894
2013-10-02,0.17,1371.68,0.17,1231.19,1410.2326486315126,1378.4843874688738,1363.6443626619807,1382.7372393646835
2013-10-03,3.62,2203.43,3.62,2203.43,1418.125159590403,1457.050636281362,1396.5771327536677,1398.9885811594422
2013-10-04,3.42,760.18,3.42,759.45,1411.5711779029364,1390.6124804450417,1371.5917549986218,1386.3244508394532
2013-10-07,0.07,1856.82,0.07,1850.64,1415.940021903902,1434.4246251645616,1390.3779606849503,1395.518818149563
2013-10-08,0.32,2597.65,0.32,2597.65,1427.6983301436642,1545.207994196508,1437.7219622267169,1419.3233960079874
2013-10-09,0.05,1613.25,0.05,1613.25,1429.5446154158665,1551.688185225412,1444.6054146884142,1423.1635267801064
2013-10-10,0.39,282.81,0.39,273.78,1418.0444699888428,1429.982643775373,1398.6906925437704,1400.4034569428766
2013-10-11,6,924.7,6,900.51,1412.894873272536,1379.5566777015279,1379.1541947969558,1390.504576607374
2013-10-14,3.74,840.58,3.74,764.61,1406.4442775185803,1320.9903274442395,1355.0544224519772,1378.1106245953467
2013-10-15,6.24,2134.37,6.24,2134.37,1413.6873195333208,1398.4550581638357,1385.615817649939,1393.0860577716765
2013-10-16,0.17,501.78,0.17,501.78,1404.6136148613475,1313.0574335768038,1350.955589506804,1375.4364328653066
2013-10-17,4.3,667.75,4.3,643.57,1397.041041579145,1249.2967256171082,1323.2149781535961,1360.9440282541125
2013-10-18,0.54,1205.42,0.54,1205.42,1395.1343645485067,1245.1179898440503,1318.595567245612,1357.8643445263083
2013-10-21,3.36,1675.21,3.36,1675.02,1397.9192962445416,1286.061038430331,1332.5729959810783,1364.1446545356882
2013-10-22,12.66,1243.25,12.66,1156.59,1395.5180097147452,1273.7304633417282,1325.671702021036,1360.0346613765657
2013-10-23,10.72,2178.53,10.72,2178.36,1403.307482254897,1359.8856573091825,1359.1104588045248,1376.2391235275247
2013-10-24,4.6,1432.47,4.6,1429.03,1403.563427705097,1366.470832803546,1361.8524015965043,1377.2844874180687
2013-10-25,1.42,1149.89,1.42,1148.87,1401.0291647428571,1345.7469439651131,1353.500150553504,1372.7614282612753
2013-10-28,2.21,1655.24,2.21,1655.24,1403.5586257901919,1375.2224731112929,1365.3330858259155,1378.3550633452105
2013-10-29,0.5,1128.74,0.5,1128.71,1400.8238135932745,1351.7450947197412,1356.05374912686,1373.4115967443151
2013-10-30,15.79,1972.3,15.79,1969.74,1406.4846711694609,1410.6017523654803,1380.1198766120813,1385.220079977101
2013-10-31,1.85,2255.9,1.85,2255.71,1414.9346744414065,1491.0882521401963,1414.4567441959211,1402.4575041359703
2013-11-01,1.75,1573.46,1.75,1573.46,1416.5120408648752,1498.9331805077968,1420.6921659921595,1405.843692172882
2013-11-04,4.86,744.66,4.86,744.44,1409.8247568761699,1427.076687126102,1394.1724732081532,1392.7465893575772
2013-11-05,2.46,2130.03,2.46,2129.86,1416.9892866584967,1494.0084312093302,1423.0229644548922,1407.3428945188134
2013-11-06,0.41,1461.76,0.41,1461.76,1417.434766393238,1490.9371520465368,1424.5420638880337,1408.4204609639855
2013-11-07,2.54,2894.89,2.54,2894.89,1432.135813493803,1624.6469470897237,1482.2027672649735,1437.8555013409364
2013-11-08,0.25,982.68,0.25,947.41,1427.3126710709791,1560.1481902240357,1461.2305018820334,1428.1437092351753
2013-11-11,0.52,1028.27,0.52,1023.95,1423.29911215485,1509.0816959169847,1444.0822469062673,1420.139873408736
2013-11-12,1.51,1776.7,1.51,1776.7,1426.8155388995779,1534.5691534487005,1457.1260803609234,1427.2004699748998
2013-11-13,2.99,669.75,2.99,576.19,1418.3516031891343,1443.2949483583482,1422.579567405593,1410.3487775001493
2013-11-14,4.04,882.15,4.04,882.1,1413.0157663414811,1389.8478104194578,1401.3842902524325,1399.888405668463
2013-11-15,14.29,877.37,14.29,876.3,1407.6753109549988,1340.9384951414143,1380.7927494582195,1389.5203184275033
2013-11-18,0.88,1982.84,0.88,1806.25,1411.6412282589292,1385.2538765565178,1397.4773475186814,1397.772391329929
2013-11-19,0.86,1956.05,0.86,1956.05,1417.0582309628205,1439.6154121225636,1419.3821574199096,1408.8273934818114
2013-11-20,0.68,1813.88,0.68,1813.88,1421.0067062766234,1475.2596585870813,1434.8526610505014,1416.848237175241
2013-11-21,0.48,853.54,0.48,853.53,1415.3601718858113,1416.0473101502164,1412.0556939504818,1405.6934205975133
2013-11-22,0.74,987.08,0.74,981.16,1411.0397721655545,1374.629471088291,1395.1578235994825,1397.2868182094437
2013-11-25,0.02,1538.25,0.02,1538.13,1412.3043515469917,1390.2009500322633,1400.7645756151892,1400.0757921062864
2013-11-26,0.11,1557.98,0.11,1557.93,1413.7533629743848,1406.1751452672859,1406.9279255910642,1403.201618005172
2013-11-27,1.17,712.77,-4.73,712.68,1406.7775086164306,1340.1279885751635,1379.7025167443558,1389.527922599129
2013-11-29,0.08,695.86,0.08,695.86,1399.7037025605457,1278.769132520386,1352.885163146538,1375.7919241318195
2013-12-02,3.45,1862.37,3.45,1862.37,1404.307347311187,1334.3501675184443,1372.8649606702031,1385.4271335549518
2013-12-03,5.43,2001.43,5.43,2001.43,1410.2488662434139,1397.8815801357352,1397.5145700556855,1397.6252101182201
2013-12-04,10.71,1724.64,10.71,1724.64,1413.3771362310415,1429.0014296466177,1410.3430182887957,1404.1007505119187
2013-12-05,0.43,2001.88,0.43,2000.95,1419.2236323879465,1483.4727220612256,1433.5040763951174,1415.9195475314846
2013-12-06,0.66,917.02,0.66,916.87,1414.2250887820962,1429.5105580553945,1413.2439165364854,1406.0373782734355
2013-12-09,0.89,1062.53,0.89,1055.12,1410.6519038190902,1393.8543144310713,1399.1998413781919,1399.088519297724
2013-12-10,8.59,1704.83,8.59,1704.83,1413.579049054721,1423.471046390017,1411.1853377947334,1405.1428060443036
2013-12-11,0.96,2470.45,0.96,2470.45,1424.0951779198483,1523.1833276862058,1452.7251284694498,1426.2379980038224
2013-12-12,0.05,1743.43,0.05,1743.43,1427.2726388360688,1544.1592012399005,1464.1253195098636,1432.519027746321
2013-12-13,4.28,1319.57,4.28,1312.09,1426.1265429272523,1522.0573725503862,1458.16315011732,1430.1342945236215
2013-12-16,2.72,852.85,2.72,850.29,1420.396826082205,1458.0795275455876,1434.3249873676211,1418.65222928553
2013-12-17,0.34,1664.1,0.34,1664.1,1422.8217332853671,1477.7005249221982,1443.335772176734,1423.512581180866
2013-12-18,14.09,1449.22,14.09,748.6,1416.1130593223286,1408.2623796915127,1416.091232091372,1410.147975612928
2013-12-19,7.85,1742.13,7.85,1742.09,1419.3566109708627,1440.055486387559,1428.8754974995534,1416.7210850067313
2013-12-20,1.12,1354.98,1.12,1354.45,1418.7107740457795,1431.9025829220773,1425.9568505387865,1415.4879942145187
2013-12-23,0.98,701.74,0.98,701.74,1411.5767364930853,1362.363289310451,1397.556189733344,1401.3543705667064
2013-12-24,1.68,308.14,1.68,298.51,1400.5014455827063,1261.0439284237414,1354.4563391555657,1379.5158681792468
2013-12-26,0.41,608.28,0.41,608.26,1392.618446124172,1198.8740304786231,1325.1937376200533,1364.2434747499549
2013-12-27,0.24,424.69,-1.41,424.68,1382.9872178045284,1125.1412656711352,1289.879473399659,1345.6382574281736
2013-12-30,7.75,1111.26,7.75,1109.4,1380.2649569308514,1123.6420975119795,1282.8018469918293,1340.9602721325662
2013-12-31,1.21,564.48,1.21,555.8,1372.0613255186042,1069.561897748934,1254.2919706392086,1325.4125439715253
2014-01-02,2.95,1832.74,2.95,1832.74,1376.6451929263794,1142.2455265347498,1276.9762070847298,1335.458632209713
2014-01-03,2.04,1187.41,2.04,1180.38,1374.6923054345746,1145.877381150488,1273.1881205323875,1332.3877682055602
2014-01-06,0.76,1658.31,0.76,1658.31,1377.5143720471658,1194.6804877075842,1288.290939335039,1338.841673785648
2014-01-07,3.33,1273.31,3.33,1269.85,1376.4430847631145,1201.8394888782905,1287.5677652434688,1337.4755020275163
2014-01-08,9.62,1583.17,9.62,1582.97,1378.498078944576,1238.1376327946437,1299.15216660647,1342.3367792150902
2014-01-09,1.76,1669.38,1.76,1669.22,1381.3908343779633,1279.193096338011,1313.6646306611183,1348.809714280138
2014-01-10,4.42,1014.9,4.42,1014.83,1377.7434628916153,1254.0156585915338,1301.9456255371529,1342.1962545914223
2014-01-13,2.33,2336.08,2.33,2336.08,1387.2791498280171,1357.06940539234,1342.4999147317744,1361.8771208371368
2014-01-14,4.44,656.58,4.44,637.06,1379.8142826655494,1288.49708106926,1314.8356043501362,1347.5243065631341
2014-01-15,10.88,1041.77,10.88,1041.59,1376.4488669176335,1264.9821209674258,1304.1200904540524,1341.466201482676
2014-01-16,25.79,1760.2,25.79,1758.23,1380.2476841622342,1311.9581094467185,1321.9283222009524,1349.7189499681676
2014-01-17,6.41,1995.36,6.41,1995.36,1386.3682047178338,1377.0440037851263,1348.3374076048367,1362.5039212559268
2014-01-21,0.52,1462.7,0.52,1385.9,1386.3635459644224,1377.8874319960667,1349.8104504438627,1362.9672099439283
2014-01-22,1.79,1307.9,1.79,1306.06,1385.56450570607,1371.0467241869173,1348.0947465048878,1361.840334499494
2014-01-23,17.12,2323.88,17.12,2323.42,1394.8964011716812,1461.7489409310206,1386.3427956615587,1380.8815159945536
2014-01-24,1.68,3198.97,1.68,3198.97,1412.84738225455,1627.1985656042566,1457.426215439537,1416.8832681530773
2014-01-27,1.91,2362.76,1.91,2361.69,1422.2886023316191,1697.1501307848037,1492.887540324261,1435.592312348066
2014-01-28,0.13,579.79,0.13,554.62,1413.6550839004587,1588.337737376727,1456.0927348213488,1418.1473160639457
2014-01-29,13.17,2362.49,13.17,2362.26,1423.0939387870214,1662.0446195313245,1491.6287060048253,1436.8426167359469
2014-01-30,0.57,950.65,0.57,939.54,1418.2824568090412,1593.2346557664364,1469.97816851444,1426.9950401669182
2014-01-31,2.71,2228.43,2.71,2228.39,1426.3432283830805,1653.7256409315378,1499.719808964854,1442.8642472923257
2014-02-03,4.33,3153.68,4.33,3153.37,1443.5275743693185,1796.5489132237722,1564.5688360642716,1476.735648336042
2014-02-04,0.18,1019.76,0.18,943.92,1438.5563547238526,1715.3461595834128,1540.2296660225354,1466.1848434184967
2014-02-05,1.19,1909.39,1.19,1908.54,1443.2328089057048,1733.745572956421,1554.6732085314557,1474.9443514696156
2014-02-06,6.56,750.14,6.56,741.05,1436.2459152847525,1639.2031374367618,1522.7664160400261,1460.4117900543756
2014-02-07,0.24,601.87,0.24,578.37,1427.7098365257002,1538.1714100618321,1485.731262469829,1442.945615993893
2014-02-10,1.92,1528.54,1.92,1528.54,1428.7131217343997,1537.2541329130863,1487.41003649062,1444.6405542910436
2014-02-11,4.07,607.17,4.07,594.21,1420.4096080853012,1447.4404059689828,1452.3825840792233,1427.8003452951814
2014-02-12,2.84,1521.6,2.84,1521.51,1421.4155821342038,1454.494653019556,1455.09346313494,1429.6559820220095
2014-02-13,4.76,762.79,4.76,655.18,1413.7913474861023,1378.3694479700744,1423.7243077178837,1414.3198239621677
2014-02-14,1.65,973.95,1.65,972.8,1409.4033738792755,1339.7437862586387,1406.0410015328687,1405.5768571510357
2014-02-18,1.65,1336.74,1.65,1336.74,1408.6803552337105,1339.4577113768635,1403.3233151982463,1404.213751068837
2014-02-19,0.53,2110.19,0.53,2110.15,1415.6601526940717,1412.8569769600194,1431.0420087198836,1418.1926866912363
2014-02-20,0.96,764.38,0.96,764.38,1409.1797531647774,1351.097264868589,1404.8984005347902,1405.2459008161622
2014-02-21,0.62,1554.42,0.62,1542.21,1410.5034372128891,1369.2984777382471,1410.2831691412691,1407.9580611960403
2014-02-24,9.7,1170.6,9.7,1170.6,1408.1163383351488,1350.3748131917473,1400.8838291749448,1403.257901568396
2014-02-25,4.98,1749.95,4.98,1746.29,1411.4812503915155,1388.0810214592,1414.4291692073,1410.0506163888238
2014-02-26,5.52,1490.71,5.52,1490.71,1412.269596158764,1397.855209891657,1417.4205743364255,1411.6478319058767
2014-02-27,0.93,945.91,0.93,882.79,1407.001142465642,1348.801380378166,1396.4546694604871,1401.175399590909
2014-02-28,4.76,1603.09,4.76,1501.6,1407.942424630163,1363.3536298659596,1400.5780157561544,1403.1640055396037
2014-03-03,9.56,1985.21,9.56,1985.21,1413.6863806039923,1422.5780460692015,1423.5047602363052,1414.6896687962453
2014-03-04,4.5,440.09,4.5,440.09,1403.9988544288283,1329.0077559673728,1384.939475521156,1395.3906654537454
2014-03-05,2,1338.29,2,1338.29,1403.3450349817754,1329.8917792085754,1383.110084324248,1394.2599592071367
2014-03-06,0.27,1131.02,0.27,1131,1400.6351341361856,1310.949704998235,1373.223414350748,1389.0468907079855
2014-03-07,1.81,1768.77,1.81,1768.77,1404.2981676273678,1354.5516378555458,1388.7350451605225,1396.5661601989166
2014-03-10,2,1736.87,2,1736.85,1407.607141083812,1390.9610056788272,1402.3866120169725,1403.3044540563637
2014-03-11,1.32,1985.91,1.32,1985.45,1413.3568212720327,1447.5790051379865,1425.2518429182678,1414.832088629505
2014-03-12,1.76,1377.01,1.76,1332.42,1412.5514797668384,1436.6114808391308,1421.6113784901004,1413.2001660823862
2014-03-13,1.89,2428.09,1.89,2428.09,1422.6563406646808,1531.0380064734993,1461.0811283532337,1433.2969944767945
2014-03-14,2.81,1555.26,2.81,1552.4,1423.9473223496093,1533.0724820474518,1464.6622605746754,1435.6554698336897
2014-03-17,1.04,681.7,1.04,654.24,1416.2885430227475,1449.3741504238849,1432.8809954541,1420.1818961736167
2014-03-18,1.15,577.87,1.15,562.37,1407.791841102123,1364.8975646692293,1398.7433093578609,1403.195521991961
2014-03-19,0.6,1988.94,0.6,1988.94,1413.5744098473756,1424.330177557874,1421.8882776183368,1414.7944225465756
2014-03-20,4.15,1061.43,4.15,1057.13,1410.0276993016305,1389.358732076172,1407.5840314372256,1407.711958733772
2014-03-21,2.21,2205.88,2.21,2205.71,1417.9449361245,1467.1064718784412,1438.8830890279226,1423.5139001449845
2014-03-24,0.21,1945.44,0.21,1945.44,1423.1936432277387,1512.6620459852563,1458.7480659287883,1433.8490704391431
2014-03-25,0.19,1161.64,0.19,1155.68,1420.5318159319402,1478.6637558914224,1446.8630437355025,1428.3407720146056
2014-03-26,1.97,2298.45,1.97,2298.37,1429.2665242311248,1556.7310172350965,1480.2554733929337,1445.5690735588707
2014-03-27,9.54,1538.39,9.54,1537.01,1430.3385986168848,1554.8528251174682,1482.4811411030148,1447.3797849735465
2014-03-28,0.27,741.1,0.27,707.59,1423.1470702724382,1474.1611274872332,1452.093253216622,1432.730482300803
2014-03-31,0.32,659.81,0.32,659.81,1415.551676538384,1396.603877250354,1421.023321717931,1417.4251262156386
2014-04-01,0.35,822.98,0.35,822.98,1409.6554409509374,1341.9730317979393,1397.5706424348748,1405.6539355975071
2014-04-02,1.66,922.97,1.66,916.59,1404.7493171603808,1301.4603621028975,1378.7086564570366,1395.9695012292398
2014-04-03,2.19,1580.38,1.71,1580.31,1406.4961896264467,1328.0174704740502,1386.614591497937,1399.6198081355915
2014-04-04,1.68,2138.94,1.68,2138.43,1413.7791131127508,1405.1996161431882,1416.0975486940963,1414.2497129249857
2014-04-07,3.25,2409.19,3.25,2409.19,1423.6836990519273,1500.8177479390752,1455.0423507060925,1433.9515007878572
2014-04-08,6.95,1044,6.95,1037.63,1419.8423687131021,1456.7046290877347,1438.6732389136967,1426.1035502772065
2014-04-09,1.9,780.77,1.9,780.77,1413.4834396711808,1392.3299025079505,1412.8731118974733,1413.3246680934994
2014-04-10,2.12,2550.61,2.12,2550.04,1424.792460171965,1502.5880070310027,1457.4678918230627,1435.8338825866974
2014-04-11,12.54,2336.99,12.54,2336.99,1433.869052608065,1582.0548635042405,1491.958954888825,1453.67855817904
2014-04-14,0.81,1113.74,0.81,716.39,1426.7299575572385,1499.610590789551,1461.5444860696555,1439.078784749752
2014-04-15,0.78,1370.89,0.78,1188.29,1424.3574206661217,1469.9610107143556,1450.8286238708454,1434.112670200252
2014-04-16,8.57,670.68,8.57,664.14,1416.7930682216827,1393.2161525510835,1419.9780896014004,1418.8656866319302
2014-04-17,2.34,1121.94,2.34,1121.94,1413.8592068463427,1367.3803284985993,1408.2903213817376,1412.9859700649613
2014-04-21,0.96,960.13,0.96,956.85,1409.3118515543392,1328.2822019749233,1390.5867793667676,1403.9535746181305
2014-04-22,1.69,809.89,1.68,801.41,1403.2630769120076,1278.1038970249306,1367.4818076268944,1392.0220186850981
2014-04-23,10.56,1451.1,10.56,1450.6,1403.734091072087,1294.5320973082705,1370.7413445827024,1393.1819787111358
2014-04-24,1.61,1409.46,1.61,1408.38,1403.7803190216184,1305.374754707483,1372.2173702853415,1393.482929627747
2014-04-25,11.57,2022.46,11.57,2022,1409.9317586333436,1373.624778068675,1397.6990420388574,1405.9288122093756
2014-04-28,22.51,2022.25,22.51,2017.7,1415.9792038210715,1434.9652753954679,1422.012805096157,1418.0430931557246
2014-04-29,27.11,1144.03,27.11,1143.94,1413.2723460716081,1407.2485825006613,1411.1079892100333,1412.615309132839
2014-04-30,0.11,1251.25,0.11,1250.2,1411.6497356629354,1392.2915746434555,1404.7978719861105,1409.3991643975353
2014-05-01,2.6,1448,2.6,1447.97,1412.0111313279808,1397.5942818202693,1406.490896614106,1410.1629433203564
2014-05-02,3.65,1110.14,3.65,1110.14,1409.0074384789461,1370.2176835516723,1394.8692928253176,1404.221894937775
2014-05-05,4.57,1392.09,4.57,1392.09,1408.8391057577626,1372.3007613086559,1394.760300949815,1403.9816593944527
2014-05-06,9.98,2094.41,9.98,2094.4,1415.6606071930087,1441.0721173744982,1422.1971518929595,1417.6533097034735
2014-05-07,1.13,1171.36,1.13,1152.57,1413.0427902060135,1413.5957252435937,1411.6235380932355,1412.4041352538998
2014-05-08,1.44,1788.5,1.44,1786.64,1416.760175378093,1449.1237514108705,1426.330066011148,1419.8147464369908
2014-05-09,5.02,1401.48,5.02,1401.32,1416.6065417922414,1444.5710131812637,1425.34927910875,1419.4485138342782
2014-05-12,0.09,440.46,0.09,430.95,1406.7990140132142,1348.035678592572,1386.3532289476225,1399.87428583756
2014-05-13,8.56,1368.8,8.56,1368.54,1406.418327306615,1349.9884711075651,1385.6546709496765,1399.2538049298855
2014-05-14,5.67,1717.84,5.67,1717.21,1409.5107817612757,1384.9619500497017,1398.6568407163559,1405.5499672085016
2014-05-15,4.48,2109.77,4.48,2109.51,1416.4759481119097,1453.9665262354445,1426.5334351980673,1419.4897698380362
2014-05-16,10.21,1078.67,10.21,1073.08,1413.0590730063186,1417.6916189749259,1412.672516170692,1412.6301704353027
2014-05-19,12.02,917.65,12.02,916.31,1408.1162961604846,1369.9409885963614,1393.2073194581158,1402.802048248465
2014-05-20,10.68,2043.95,10.68,2043.95,1414.4429996812758,1434.1323230157557,1418.7266402636799,1415.49804729305
2014-05-21,1.3,712.9,1.3,708.1,1407.4147111272332,1364.9863874904456,1390.8589288807905,1401.4901651684352
2014-05-22,2.79,885.16,2.79,883.92,1402.2058085289523,1319.1705410627842,1370.9789708854653,1391.241251006684
2014-05-23,1.56,676.22,1.56,675.92,1394.9790840659775,1257.9085847710905,1343.7217563409372,1377.0764737590268
2014-05-27,0.2,864.57,0.2,864.35,1389.6991926822366,1220.4268147928915,1324.9228639354103,1366.92347427865
2014-05-28,2.1,1357.33,2.1,1357.33,1389.3771111630103,1233.4652133840448,1326.1937320163745,1366.733504490954
2014-05-29,2.91,661.95,2.91,661.85,1382.138035430045,1179.025669252231,1300.1410366431833,1352.7754152931132
2014-05-30,2.8,1464.75,2.8,1464.75,1382.960045027756,1206.237510275828,1306.5962901081564,1354.9927338021605
2014-06-02,0.72,1048.43,0.72,1048.18,1379.6289003011116,1191.1844140590827,1296.4623179470523,1348.9172341229098
2014-06-03,0.97,1313.43,0.97,1313.35,1378.9694087558269,1202.8192317677415,1297.1245799883443,1348.2129324571097
2014-06-04,2.29,1074.85,2.29,1055.14,1375.7472255841271,1188.7545430279565,1287.6349886162523,1342.4095080520183
2014-06-05,12.64,720.88,12.64,716.2,1369.184566623091,1143.7493484538654,1265.2257733763993,1330.0093197737606
2014-06-06,9.56,814.21,9.56,814.21,1363.6624316318166,1112.3646486011164,1247.538880302815,1319.7954718574485
2014-06-09,0.99,1002.26,0.99,999.67,1360.0406163916991,1101.6318249248195,1237.8185320556458,1313.4563536028456
2014-06-10,0.01,1187.4,0.01,1187.17,1358.3205107559609,1109.7783177891224,1235.8323151122872,1310.9556337295219
2014-06-11,3.05,1503.64,3.05,1503.64,1359.7664758230658,1147.2889541901584,1246.3345772647465,1314.771165734878
2014-06-12,3.53,1848.26,3.53,1848.26,1364.6271079044284,1214.0481014101433,1269.9394958033838,1325.3353010668607
2014-06-13,0.66,826.01,0.66,691.73,1357.931614293439,1164.303520323463,1247.2646136150158,1312.7886614417744
2014-06-16,3.38,1282.19,3.38,1280.84,1357.1645335542007,1175.4022326736094,1248.581295434035,1312.1560146805512
2014-06-17,0.42,818.48,0.42,818.44,1351.8040904342583,1141.4058295618372,1231.7130093385827,1302.3794599344017
2014-06-18,1.12,831.04,1.12,466.84,1342.9984775941164,1077.1614648416623,1201.7179893645207,1285.8341240941165
2014-06-19,2.07,1162.72,2.07,1162.25,1341.1999852797471,1085.2651348567422,1200.170225075716,1283.3869137160152
2014-06-20,6.03,1729.94,6.03,1729.94,1345.0680451277099,1146.662741060862,1220.9455103668643,1292.2295490879753
2014-06-23,1.39,1178.34,1.39,1178.34,1343.409059604051,1149.6796228645894,1219.274706038752,1289.9743104921738
2014-06-24,1.42,2072.76,1.42,2072.57,1350.6643923443091,1237.5739444965334,1252.7372665862517,1305.4712548388634
2014-06-25,0.07,886.5,0.07,886.39,1346.0447466493408,1204.1278545444825,1238.370707112281,1297.1726161291829
2014-06-26,2.67,1218.39,2.67,1218.39,1344.7745501652678,1205.4861541116748,1237.587149970623,1295.6125643246446
2014-06-27,1.67,1441.51,1.67,1441.51,1345.7370919546681,1227.9646156248486,1245.5841244815788,1298.5016224568299
2014-06-30,1.02,1154.58,1.02,1154.58,1343.8350313382039,1220.9756046129583,1242.0153352862228,1295.6516893388728
2014-07-01,1.33,943.95,1.33,936.67,1339.783637991555,1193.898880364105,1230.0410084122532,1288.5431410351327
2014-07-02,6.85,1237.46,6.85,1236.33,1338.7542485588033,1197.9399393770475,1230.2876355333412,1287.5092174502786
2014-07-03,1.54,548.27,1.54,548.27,1330.8887336477703,1136.0666118173287,1203.5418459045827,1272.8708171047285
2014-07-07,2.24,1798.34,2.24,1798.34,1335.5399900293846,1199.140267834726,1226.867263712246,1283.2761474590905
2014-07-08,3.16,1989.18,3.16,1989.18,1342.0438707256096,1274.3821470885616,1256.7618808215698,1297.2544415688114
2014-07-09,0.15,782.92,0.15,771.81,1336.3699018626683,1226.5181330801272,1237.7441600050377,1286.8496011417062
2014-07-10,12.1,1950.2,12.1,1950.12,1342.4768680132884,1295.4325965963055,1265.6804674558205,1299.9836684458307
2014-07-11,5.51,1165.15,5.51,1165.15,1340.712421565395,1283.0247302538003,1261.7380961830431,1297.31369481324
2014-07-14,3.1,854.54,3.1,854.53,1335.8747855299184,1242.215708324867,1245.7691512346885,1288.5457008565422
2014-07-15,1.63,1810.95,1.63,1810.95,1340.6019020918097,1296.380878960594,1267.93310608823,1298.8903404435414
2014-07-16,0.23,1088.4,0.23,1088.38,1338.0922314242296,1276.5712714405374,1260.8918078102602,1294.7218188506
2014-07-17,0.63,2338.79,0.63,2338.79,1348.0494231513517,1377.734959874772,1303.1623251510343,1315.3964362991028
2014-07-18,23.88,616.28,23.88,612.7,1340.7325134682537,1304.874487505746,1276.0853712235428,1301.4816553822889
2014-07-21,1.15,1431.57,1.15,1431.57,1341.6363690556343,1316.940726790913,1282.1828076461488,1304.057662206402
2014-07-22,1.89,815.9,1.89,789.39,1336.1413803088121,1266.6978004298737,1262.8575995031626,1293.8662233508296
2014-07-23,2.18,1222.47,2.18,1222.47,1335.0103217982767,1262.485628960362,1261.2737720716661,1292.4524367498232
2014-07-24,0.59,1287.25,0.59,1287.25,1334.5350947157067,1264.8441404879466,1262.2924476766989,1292.3494182003217
2014-07-25,4.6,1598.15,4.6,1598.15,1337.1581285991324,1296.5875556795706,1275.4633320815342,1298.4048752656618
2014-07-28,1.8,1450.56,1.8,1450.56,1338.2865054289919,1311.251597995802,1282.3298680783369,1301.4178480326784
2014-07-29,0.62,1822.14,0.62,1822.14,1343.100968061539,1359.9076362819162,1303.4988928595785,1311.7291777746057
2014-07-30,2.59,1702.89,2.59,1702.89,1346.6809584290859,1392.572623302686,1319.1612892180265,1319.474936630554
2014-07-31,12.28,2824.45,12.28,2824.45,1361.3851279969556,1528.9418972738588,1378.1922190526136,1349.2764230339094
2014-08-01,7.78,2008.61,7.78,2005.16,1367.7908481163888,1574.296002295396,1402.7791908544718,1362.2642166371984
2014-08-04,3.74,818.67,3.74,818.67,1362.3269590804048,1502.331621124406,1379.872948075865,1351.4999747235904
2014-08-05,5.7,2154.74,5.7,2154.74,1370.2116659552266,1564.465752445891,1410.2598912885762,1367.4057177983707
2014-08-06,69.75,1640.63,69.75,1640.63,1372.9023956472145,1571.719490308187,1419.2940131988282,1372.8160996241456
2014-08-07,0.84,1921.95,0.84,1921.95,1378.3655558895307,1605.0747769455024,1439.006012681227,1383.6900382454496
2014-08-08,1.34,492.62,1.34,488.65,1369.5126647861523,1498.7486077125975,1401.737149438826,1365.9664731316784
2014-08-11,1.83,654.34,1.83,650.98,1362.3630860320613,1418.0087403113978,1372.2956925980877,1351.8083251488729
2014-08-12,3.01,1456.62,3.01,1456.54,1363.3001697531354,1421.6783840912647,1375.5993909275744,1353.8822197003803
2014-08-13,5.44,841.34,5.44,824.81,1357.942058611313,1364.8337760825727,1353.9998069696303,1343.405542082551
2014-08-14,0.02,828.07,0.02,817.99,1352.5694013116981,1312.753416455661,1332.9798145394486,1333.0012739225003
2014-08-15,0.09,1417.89,0.09,1417.89,1353.2193575175518,1322.7664244122648,1336.30962573398,1334.682238795322
2014-08-18,0.49,441.79,0.49,440.31,1344.1356823183721,1238.7229554206206,1301.1723855091182,1316.9718974330385
2014-08-19,1.32,746.26,1.32,745.38,1338.1779143351048,1191.737912047228,1279.3766056852312,1305.6532459987209
2014-08-20,1.7,763.4,1.7,743.43,1332.260024640228,1149.0419204236825,1258.3590917367908,1294.5201124145879
2014-08-21,0.93,943.11,0.93,943.11,1328.3878850915692,1129.429356573808,1245.9963822569166,1287.5614963271703
2014-08-22,2.96,1265.33,2.96,1265.33,1327.760443448867,1142.3722749953502,1246.7545633448806,1287.1212686771273
2014-08-25,0.43,637.22,0.43,637.22,1320.889394260321,1094.2625345196025,1222.8512471352774,1274.251936624115
2014-08-26,0.48,725.69,0.48,725.61,1314.9662162079796,1059.1527693272594,1203.3515903848743,1263.387739859281
2014-08-27,1.32,967.46,1.32,967.06,1311.5044628128753,1050.38202939133,1194.085253507036,1257.5198638224635
2014-08-28,2.85,1258.65,2.85,1258.65,1310.978547760011,1070.2170742112032,1196.6172043498973,1257.5422427566723
2014-08-29,0.41,547.01,0.41,546.89,1303.3756766380209,1020.3764004768029,1171.1377061400974,1243.4699211179263
2014-09-02,1.86,1317.14,1.86,1317.09,1303.5121375669958,1048.6348385266313,1176.8613255071525,1244.9277444621257
2014-09-03,0.3,1299.4,0.3,1299.4,1303.4712207752843,1072.5172348574283,1181.6667637225582,1246.0064029876282
2014-09-04,15.82,1661.08,15.82,1661.08,1307.0295170859781,1128.5708315376733,1200.4672827922618,1254.225682136388
2014-09-05,1.24,908.98,1.24,908.98,1303.0688253736798,1107.6574190102758,1189.036408957271,1247.3891339752715
2014-09-08,2.29,1669.94,2.29,1669.94,1306.719284822698,1161.2081410092972,1207.8953733118879,1255.7564778569492
2014-09-09,1.32,1892.71,1.32,1892.71,1312.5500382075468,1230.8749847226975,1234.7508488682845,1268.369418889485
2014-09-10,0.73,1072.01,0.73,1072.01,1310.1566049915514,1215.7449861776786,1228.3688547950185,1264.4811135649406
2014-09-11,2.43,847.52,2.43,847.52,1305.5532556881528,1180.6759398750426,1213.4336055873707,1256.2244578507834
2014-09-12,4.38,1917.19,4.38,1917.19,1311.6391934424996,1250.8201360774194,1241.0318955643365,1269.3128844279956
2014-09-15,0.21,1447.7,0.21,1447.7,1312.9930323137185,1269.5705993081415,1249.1365271108332,1272.8453025581343
2014-09-16,1.94,752.82,1.94,751.98,1307.4108130867162,1220.2762565168898,1229.64019271433,1262.5311381510426
2014-09-17,2.2,1304.56,2.2,1304.38,1307.3806557425698,1228.2861368486147,1232.571165549062,1263.3598284846853
2014-09-18,0.34,1319,0.34,1319,1307.4962711083153,1236.925552386842,1235.9605316059615,1264.461614059246
2014-09-19,1.35,2413.39,1.35,2413.39,1318.5001888087302,1348.969785492857,1282.134236248865,1287.2126712065876
2014-09-22,5.91,2199.12,5.91,2199.04,1327.2617789698372,1429.9288535411563,1318.0913250234191,1305.268657915368
2014-09-23,0.02,1977.79,0.02,1977.79,1333.7346965920278,1482.1061055848556,1343.9618612970105,1318.5859122140737
2014-09-24,1.68,986.15,1.68,986.15,1330.2761423970824,1434.8721907672502,1329.9300235990886,1312.0030228633
2014-09-25,3.65,2133.26,3.65,2133.26,1338.2660315274597,1501.3853154560836,1361.433159928536,1328.2655372620466
2014-09-26,7.56,605.41,7.56,602.06,1330.9405983779327,1415.735285412647,1331.6538203234954,1313.8852295934912
2014-09-29,5.55,1855.37,5.55,1855.37,1336.1588013791472,1457.60525823049,1352.191709722574,1324.6077002946101
2014-09-30,2.85,2142.59,2.85,2142.59,1344.1829924102005,1522.8419003037768,1383.1877211060023,1340.805369595707
2014-10-01,1.14,2465.6,1.14,2465.6,1355.3413705951737,1612.6283859891314,1425.6352614547866,1363.0785305938118
2014-10-02,0.54,1520.57,0.54,1518.33,1356.963148002187,1603.6475873235,1429.2703492408734,1366.1528171167067
2014-10-03,2.84,929.88,2.84,926.08,1352.6757534947026,1539.117340911738,1409.5373943686823,1357.4385039064748
2014-10-06,0.03,1335.09,0.03,1278.6,1351.9386813206258,1514.3061655868105,1404.4025945895182,1355.8773454132772
2014-10-07,3.55,2254.22,3.55,2254.22,1360.916604889575,1584.774149816638,1437.7287673507135,1373.66630887044
2014-10-08,0.07,1205.67,0.07,484.73,1352.1983302140568,1480.0080403102916,1400.3562666702933,1356.0636096848866
2014-10-09,3.85,2574.64,3.85,2574.64,1364.3619289183946,1584.2587031378828,1446.4066091538111,1380.193835235681
2014-10-10,2.26,2639.39,2.26,2639.39,1377.0487753968184,1684.747398077132,1493.1902715399362,1405.1284127557665
2014-10-13,0.09,2500.51,0.09,2500.23,1388.2247079799347,1762.4124077840718,1532.6820255971936,1426.8135927011967
2014-10-14,0.46,1382.84,0.46,1326.97,1387.6152083980448,1720.9417022808268,1524.6148873384802,1424.8364918556285
2014-10-15,48.84,1889.86,48.84,1715.46,1390.877345627915,1720.4196353969385,1532.0990094036379,1430.5914128089823
2014-10-16,2.48,1248.07,2.48,1247.29,1389.448615820672,1675.3596701210395,1520.9300286427108,1426.9616818622699
2014-10-17,1.15,954.98,1.15,954.98,1385.1255450164863,1606.7520824904643,1498.7359098724085,1417.615509944205
2014-10-20,3.41,648.83,3.41,642.13,1377.7325545188098,1514.8833127294677,1465.1435212499612,1402.2593612324386
2014-10-21,8.9,563.64,8.9,557.34,1369.569444523598,1423.6887115171373,1429.5433831617274,1385.5282847723902
2014-10-22,0.69,2334.6,0.69,2334.38,1379.1695495532138,1510.4212151821719,1465.027172057346,1404.3174276481845
2014-10-23,6.4,776.53,6.4,720.5,1372.6156236870127,1435.1906232600602,1435.830028055097,1390.7764884868343
2014-10-24,0.89,927.18,0.89,927.18,1368.1834284264453,1386.8086591400545,1415.8829681313678,1381.5963600019466
2014-10-27,2.78,1920.88,2.78,1920.88,1373.6828968003115,1437.6725963648112,1435.6867733026868,1392.275243962304
2014-10-28,3.06,502.06,3.06,477.4,1364.764659021204,1346.2180633776863,1398.1068998398364,1374.158902497704
2014-10-29,0.06,1829.47,0.06,1829.47,1369.3885927622864,1392.2420573417162,1415.0230998461172,1383.174963834383
2014-10-30,2.48,1201.24,2.48,1192.06,1367.6241291527115,1373.177099499648,1406.2794488717598,1379.3905091049894
2014-10-31,3.59,715.79,3.59,715.16,1361.1319487631322,1310.5088043092053,1379.1767253865928,1366.2374297167719
2014-11-03,2.94,1615.08,2.94,1615.08,1363.658795044096,1339.5155848511856,1388.4278341949616,1371.1650053659448
2014-11-04,11.27,2014.41,11.27,2014.32,1370.1330358894284,1403.7826720082155,1412.9726250108454,1383.9007478339458
2014-11-05,0.66,1132.81,0.66,1132.04,1367.7639509552052,1377.9024175312427,1401.9556593241455,1378.9134062926796
2014-11-06,4.82,1205.35,4.82,1205.35,1366.1478917417205,1361.4688539568385,1394.2456334682965,1375.476507158171
2014-11-07,0.07,963.4,0.07,944.83,1361.9556739134448,1321.7889631038063,1376.6214909793437,1366.9488535510784
2014-11-10,2.31,1392.73,2.31,1392.73,1362.261886113311,1328.5452523320153,1377.253197215448,1367.4593713025422
2014-11-11,4.95,1205.07,4.95,1189.76,1360.5454494355665,1315.3276092527758,1369.9005228148421,1363.9405718708088
2014-11-12,0.67,1392.34,0.67,1388.7,1360.825594217302,1322.3154559906068,1370.63775721426,1364.4308575763373
2014-11-13,6.32,1903.05,6.32,1903.05,1366.2208619365329,1377.6235078010252,1391.5166686960538,1375.096583168885
2014-11-14,3.05,1052.41,3.05,1052.03,1363.0945847033336,1346.6146022961657,1378.2034660020909,1368.6992250863327
2014-11-17,5.78,1333.94,5.78,1333.9,1362.804091323201,1345.403687791769,1376.4660751784795,1368.0101315202667
2014-11-18,1.52,1018.81,1.52,1018.81,1359.3812645438657,1314.2995270496958,1362.4403467401078,1361.0952774307564
2014-11-19,1.43,1731.72,1.43,1731.72,1363.08612758323,1354.0538578068677,1376.9219017699074,1368.4343808479691
2014-11-20,1.38,838.45,1.38,838.39,1357.865270592352,1304.9430142062135,1355.8030036612836,1357.938452514346
2014-11-21,0.31,779.86,0.31,732.92,1351.6469096909357,1250.4646319008598,1331.3762192039783,1345.5618494942598
2014-11-24,2.45,1290.56,2.45,1290.29,1351.036393176598,1254.2575241007778,1329.7649949214692,1344.4673574250667
2014-11-25,0.65,1496.88,0.65,1496.88,1352.487573343995,1277.3644265673704,1336.318524532392,1347.4854295552634
2014-11-26,2.35,1101.62,2.35,1101.62,1349.9913785843535,1260.6268621323827,1327.1146608252395,1342.6168071878324
2014-11-28,9.02,1440.43,9.02,1440.43,1350.8912653646087,1277.7509705007271,1331.5583996164066,1344.553702095004
2014-12-01,0.94,2463.75,0.94,2463.75,1361.9644866047618,1390.7032590244673,1375.9580702196847,1366.7160050238158
2014-12-02,1.59,1392.79,1.59,1392.79,1362.2712081310826,1390.9019962602324,1376.6181458973442,1367.2323217560174
2014-12-03,1.18,924.8,1.18,924.8,1357.9182607864948,1346.511329949734,1358.8997872347034,1358.471285681641
2014-12-04,0.59,1926.75,0.59,1924.91,1363.5599696343904,1401.596917573569,1381.0962661666758,1369.6878938859647
2014-12-05,0.48,1465.41,0.48,1464.38,1364.5631540161378,1407.5762587570387,1384.3622949444532,1371.5629850961436
2014-12-08,11.88,2382.65,11.88,2382.65,1374.6933713891115,1500.4404245897017,1423.510832397612,1391.5845101437446
2014-12-09,9.92,1225.01,9.92,1225.01,1373.2039846091202,1474.2089555811588,1415.7264860290782,1388.2860049923834
2014-12-10,0.03,2657.23,0.03,2657.23,1385.9803628717161,1586.8776264781914,1464.4128983416633,1413.4136088539203
2014-12-11,4.35,1529.72,4.35,1501.33,1387.1281204550821,1578.7302334802685,1465.860627818461,1415.1545274904763
2014-12-12,0.16,2375.17,0.16,2375.17,1396.959382938116,1654.581639815481,1501.5198188844035,1434.1647348669026
2014-12-15,0.1,2382.19,0.1,2382.19,1406.7626726601247,1723.8776741187685,1536.0559044183485,1452.9375123942907
2014-12-16,1.75,1877.24,1.75,1877.24,1411.4440391013175,1738.483609916981,1549.4356728725309,1461.3395418518296
2014-12-17,0.4,327.88,0.4,173.25,1399.1237004037919,1589.41374230584,1495.4676072696866,1435.8328182508033
2014-12-18,0.03,628.39,0.03,397.13,1389.1536138326098,1475.862909705284,1452.395544239503,1415.2644456121734
2014-12-19,3.76,1467.52,3.76,1467.37,1389.9318863317878,1475.0540611619235,1452.982777798738,1416.296238768368
2014-12-22,1.02,1444.51,1.02,1444.44,1390.4742556220187,1472.1384362893593,1452.6477669046699,1416.8535409709746
2014-12-23,0.26,891.92,0.26,891.49,1385.5092381531429,1416.8385852141823,1430.6415799672318,1406.4503025359058
2014-12-24,2.06,697.5,2.06,697.5,1378.6633750869423,1348.3301485271174,1401.8909297724383,1392.4116826837096
2014-12-26,0.22,493.16,0.22,492.8,1369.8488141408036,1266.85108676263,1366.24030507548,1374.5975899572995
2014-12-29,3.53,957.77,3.53,957.77,1365.748527432935,1237.4147927852368,1350.2218617391866,1366.3435782749768
2014-12-30,2.78,1307.92,2.78,1302.18,1365.1160047719106,1243.5829077580715,1348.3378671611792,1365.0730123685416
2014-12-31,2.23,1745.99,2.23,1745.99,1368.905795769205,1291.4312022573029,1363.9320684489762,1372.615923014709
2015-01-02,2.29,1251.15,2.29,1250.7,1367.7296186968747,1287.5520401375597,1359.4915951764674,1370.2017463213485
2015-01-05,0.83,2532.69,0.83,2532.69,1379.3212642819803,1406.1366077435064,1405.4993757577824,1393.2213157011238
2015-01-06,1.03,2391.54,1.03,2391.45,1389.392196975692,1499.975978434601,1444.1641061202224,1412.9882203407055
2015-01-07,0.07,1036.58,0.07,953.62,1385.0561552147399,1447.9420757265439,1424.927082350802,1403.8918199379193
2015-01-08,0.55,614.74,0.55,613.7,1377.3809695907125,1368.490449466873,1393.114255591947,1388.2444571668714
2015-01-09,0.46,2047.11,0.46,2047.11,1384.0449400425462,1433.1208828509805,1418.7611475295178,1401.2912995992106
2015-01-12,6.49,1973.47,6.49,1973.47,1389.909866012272,1484.5827035318396,1440.5144358616935,1412.6215708942757
2015-01-13,1.93,2131.8,1.93,2061.91,1396.5964345096622,1539.5662555764263,1464.8828893573134,1425.4787675102307
2015-01-14,8.3,2127.47,8.3,2125.92,1403.8533854100635,1595.4094693310524,1490.8059133040854,1439.3488909258697
2015-01-15,4.06,2458.04,4.06,2458.03,1414.3427049582222,1677.5638055852378,1528.7362696451016,1459.5207940758526
2015-01-16,0.09,694.45,0.09,375.3,1404.0039715755534,1553.5386812437866,1483.5034747570585,1438.0510753812812
2015-01-20,16.59,2013.5,16.59,2013.5,1410.068608674304,1597.3445211253309,1504.287652217566,1449.4461035915529
2015-01-21,3.06,899.78,3.06,888.43,1404.8781747571468,1529.828852446728,1480.1363717384456,1438.3368738174627
2015-01-22,0.39,699.17,0.39,698.36,1397.8481431675234,1450.6413426898966,1449.4784748075263,1423.6838664151367
2015-01-23,3.47,2073.15,3.47,2073.15,1404.567564628543,1509.9278814813351,1473.9361816778194,1436.5445819316685
2015-01-26,0.42,799.69,0.42,796.09,1398.513061497911,1441.9433213402556,1447.3539784747677,1423.8623129825266
2015-01-27,3.38,1833.15,3.38,1833.15,1402.837807154648,1479.2011002602312,1462.4832342208551,1431.9670196561399
2015-01-28,8.31,2974.84,8.31,2974.84,1418.479620018781,1621.6429002354473,1521.7913426827824,1462.5189598609688
2015-01-29,4.48,1502.93,4.48,1479.96,1419.091365093221,1608.1492906892142,1520.150897871693,1462.8643269924348
2015-01-30,5.6,2627.1,5.6,2627.1,1431.1113515102038,1705.1922153854796,1563.560666582607,1485.918498735159
2015-02-02,4.23,952.12,4.23,624.31,1423.0834773658237,1602.251052015434,1526.7273071087793,1468.8569443047597
2015-02-03,0.61,534.79,0.61,496.62,1413.864935302482,1496.9528565853927,1486.3309421241213,1449.6047275858537
2015-02-04,0.77,2293.36,0.77,2293.31,1422.6156324636513,1572.7963940534505,1517.9771796878813,1466.3117626831636
2015-02-05,1.75,677.74,1.75,668.89,1415.1158749266995,1486.7100708102648,1484.679643229533,1450.5212327290415
2015-02-06,9.44,1963.71,9.44,1963.71,1420.574522937379,1532.1386354950016,1503.46514741661,1460.6833865363872
2015-02-09,14.05,1789.9,14.05,1789.9,1424.2494033061614,1556.68733687643,1514.6978867336059,1467.2025273970528
2015-02-10,0.52,1296.94,0.52,1296.94,1422.9826430742594,1531.949495269151,1506.1583617636604,1463.8309922010715
2015-02-11,3.39,1792.35,3.39,1792.35,1426.6579401580975,1556.7495433387555,1517.3815632631247,1470.336319088179
2015-02-12,2.34,600.68,2.34,577.85,1418.2120900072707,1463.5210154017311,1480.5371882331983,1452.6633226705912
2015-02-13,0.56,1085.33,0.56,1085.33,1414.8998304052084,1427.5028234587091,1465.038867126014,1445.3893954889954
2015-02-17,3.25,1361.99,3.25,1261.93,1413.3777425404799,1411.7339831293082,1457.0738135132292,1441.7565361723816
2015-02-18,0.07,1523.44,0.07,1523.44,1414.472889380873,1422.3726514027073,1459.67640906173,1443.3740305056017
2015-02-19,0.06,1751.42,0.06,1746.33,1417.7749501830535,1453.225732221497,1470.9177263534268,1449.3731586144017
2015-02-20,2.3,900.86,2.3,900.24,1412.6253486886949,1400.5604243908783,1448.5382076729002,1438.4992346814433
2015-02-23,9.4,1786.75,9.4,1786.75,1416.347982035076,1437.3403839726993,1461.8014152151393,1445.3952894402266
2015-02-24,2.58,1095.33,2.58,1095.33,1413.1537732586075,1404.7679664514899,1447.4299871674868,1438.4633035107172
2015-02-25,6.85,1381.49,6.85,1381.49,1412.838710838124,1402.5510172656336,1444.8441053177814,1437.3351192827822
2015-02-26,3.44,1922.27,3.44,1922.27,1417.9076788894859,1452.048063240335,1463.5666894229664,1446.9377901880737
2015-02-27,2.2,1691.97,2.2,1691.97,1420.634667159242,1474.8977715031604,1472.523681994615,1451.7899131546465
2015-03-02,18.74,1431.34,18.74,1430.59,1420.7337251974586,1470.6779837409547,1470.879223877179,1451.3701128941584
2015-03-03,31.04,1725.56,31.04,1725.56,1423.7668224591755,1494.9524614799113,1480.86670529376,1456.7996156091256
2015-03-04,5.9,1974.97,5.9,1974.97,1429.251431190925,1540.6684175294436,1500.2433050861616,1467.060415300034
2015-03-05,9.88,1465.9,9.88,1465.37,1429.6108199352939,1533.4971396694966,1498.8757244945475,1467.0269417297363
2015-03-06,3.43,2505.16,3.43,2505.16,1440.312801826485,1626.0364597009732,1538.3378529457418,1487.584031992514
2015-03-09,1.68,1679.02,1.68,1679.02,1442.6879978282113,1631.0825111580234,1543.854799889046,1491.374843240187
2015-03-10,1.38,2514.59,1.38,2514.59,1453.3536893921098,1715.226081523926,1581.9228469522207,1511.6365295126584
2015-03-11,0.62,1268,0.62,1268,1451.5093740747755,1672.6331213787903,1569.6121470717414,1506.8120437797345
2015-03-12,5.25,919.48,5.25,919.48,1446.215549457116,1600.9042526760484,1544.1167687552027,1495.1817062791456
2015-03-13,1.69,1953.14,1.69,1953.14,1451.2595738406271,1634.4505143259485,1560.156895470685,1504.2501873429248
2015-03-16,1.1,714.41,1.1,714.41,1443.927737284999,1546.8276081996676,1526.990350550266,1488.60978759356
2015-03-17,1.57,1505.11,1.57,1505.11,1444.5365160184815,1542.854502656842,1526.1322975875105,1488.9365244728954
2015-03-18,2.68,950.38,2.68,530.51,1435.4417248143175,1446.4407404990475,1487.0882859174121,1469.9577814140262
2015-03-19,2.36,2075.08,2.36,2075.08,1441.806284766414,1506.3111461658048,1510.1467845088862,1481.9403996038475
2015-03-20,2.53,756.26,2.53,756.26,1434.9849286990864,1434.8777036738234,1480.5825968810868,1467.570490700801
2015-03-23,0.56,1126.05,0.56,1126.05,1431.9109493090457,1405.4655414191734,1466.6793577877108,1460.8077087067256
2015-03-24,0.39,1803.61,0.39,1798.78,1435.5613876243785,1442.924061284014,1479.7029123842713,1467.5002293263944
2015-03-25,0.55,2176.51,0.55,2176.51,1442.9340106330912,1512.7893887807745,1507.0286805260646,1481.5400267654757
2015-03-26,3.24,1959.64,3.24,1959.64,1448.0753637611201,1555.3465898492723,1524.7781440348463,1491.0073529681395
2015-03-27,0.5,1459.59,0.5,1456.87,1448.1628725794174,1545.9678670064845,1522.1150795628914,1490.3313657806516
2015-03-30,3.4,464.52,3.4,457.64,1438.3069235985276,1442.317593958248,1480.3709587957192,1469.8820318047972
2015-03-31,3.45,1979.09,3.45,1979.09,1443.6878497318755,1493.4387754860338,1499.9285682547106,1479.9653579076726
2015-04-01,1.78,1422.35,1.78,1415.85,1443.4108562022052,1486.0493682968877,1496.631369499624,1478.6957468599958
2015-04-02,0.47,654.29,0.47,653.66,1435.5526387275563,1406.7741903638507,1463.5736687349329,1462.3584053380157
2015-04-06,1.29,672.29,1.29,672.29,1427.957985605889,1336.823315091103,1432.5429366276805,1446.7134864204313
2015-04-07,11.85,1516.77,11.85,1516.77,1428.8416872416512,1353.961094606236,1435.8459587207126,1448.1007441150762
2015-04-08,1.53,1242.39,1.53,1239.37,1426.9563968213363,1343.0476570246897,1428.1410191630375,1443.9674620533915
2015-04-09,4,1179.21,4,1177.37,1424.4729500867957,1327.2688325461477,1418.3068615488007,1438.688304388968
2015-04-10,0.63,947.46,0.63,947.12,1419.7231694889172,1291.0641818274669,1399.828945409632,1428.9542785594833
2015-04-13,3.57,1600.09,3.57,1600.09,1421.5178643198733,1320.4952121296128,1407.6823200994504,1432.3431047266222
2015-04-14,17.45,929.03,17.45,929.03,1416.6174875604715,1283.2128109744117,1388.911640879864,1422.3765085934217
2015-04-15,10.98,1165.01,10.98,1165.01,1414.1139304703177,1271.95540040542,1380.1311843747715,1417.2801420866213
2015-04-16,0.26,1853.11,0.26,1853.11,1418.4820505651403,1327.3034575096658,1398.6793732228195,1425.9104363027277
2015-04-17,2.61,2244.27,2.61,2244.27,1426.698846081905,1414.633604413507,1431.8397899591796,1442.1155761779212
2015-04-20,0.1,931.29,0.1,931.28,1421.769305324871,1368.5999278026968,1412.2099942745058,1432.000020214002
2015-04-21,6.91,1825.28,6.91,1825.28,1425.7843371126833,1412.0932680119638,1428.4088180284468,1439.787742586002
2015-04-22,0.41,877.13,0.41,873.37,1420.2876770419102,1360.7862901060626,1406.6425898704686,1428.5715496635069
2015-04-23,1.64,1215.25,1.64,1215.25,1418.247501150946,1346.9256910483423,1399.1369981108423,1424.3473605612592
2015-04-24,0.62,1489.85,0.62,1489.85,1418.9599638260609,1360.5375299961192,1402.6943707339465,1425.6444425303432
2015-04-27,1.39,1817.72,1.39,1817.72,1422.9277253800303,1404.0787176155366,1418.969885607125,1433.408314955485
2015-04-28,1.13,1195.16,1.13,1195.16,1420.6613798538608,1384.1816968902474,1410.193027348022,1428.6905265405248
2015-04-29,9.94,1950.7,9.94,1950.7,1425.935395974718,1438.135820995938,1431.389379216727,1439.0273477971482
2015-04-30,0.03,2449.1,0.03,2449.1,1436.1161383033277,1534.4181237582297,1471.2995996396005,1459.0287864546303
2015-05-01,2.25,877.49,2.25,877.02,1430.5529926485683,1471.8087786383983,1447.9945173007927,1447.5038599901823
2015-05-04,0.62,1092.3,0.62,1092.3,1427.1872912291797,1435.6650854347413,1434.0457127007617,1440.4701201883965
2015-05-05,1.7,2379.88,1.7,2379.12,1436.6592584806306,1525.5179344409564,1471.1074494575946,1459.0572465212995
2015-05-06,0.09,2033.19,0.09,2033.19,1442.59488774948,1573.8676549703891,1493.1499024200418,1470.4262119367193
2015-05-07,2.47,1484.75,2.47,1484.75,1443.014341602719,1565.3802592589236,1492.8204944820009,1470.709851304309
2015-05-08,0.41,482.87,0.41,477.03,1433.4025571091597,1461.7278536152166,1452.9855731297655,1451.0330225656098
2015-05-11,8.09,1709.58,8.09,1709.58,1436.15059136678,1485.332819937577,1463.0480996736962,1456.1527646930235
2015-05-12,1.94,1588.01,1.94,1588.01,1437.6616302586528,1495.111598991141,1467.948566353159,1458.763799055538
2015-05-13,9.04,1422.56,9.04,1420.21,1437.4879821963777,1487.978113372937,1466.0764657118586,1458.0003574900818
2015-05-14,3.03,985,3.03,985,1432.9856142143242,1440.0754359088478,1447.2107219584525,1448.6340137774068
2015-05-15,0.41,1160.62,0.41,1159.55,1430.2648618340822,1413.3587277270528,1435.9299093326308,1442.9095778610226
2015-05-18,1.21,1165.24,1.21,1165.24,1427.6277985322506,1389.7283727054287,1425.3146187705668,1437.4111703786261
2015-05-19,1.91,1811.12,1.91,1811.12,1431.4436413329247,1429.860908638245,1440.4442415638778,1444.8113452226137
2015-05-20,1.44,1356.41,1.44,1356.41,1430.697037936577,1422.8655840060312,1437.1487811103923,1443.0608235350371
2015-05-21,0.82,1059.42,0.82,1059.42,1427.0027390516361,1388.2517188625998,1422.3358877335143,1435.4639755442442
2015-05-22,0.33,1499.01,0.33,1498.23,1427.7114680162965,1398.7258408756854,1425.3121274302391,1436.7068671176255
2015-05-26,6.73,2350.31,6.73,2350.31,1436.8915529116568,1489.3529036494297,1461.5865538055239,1454.7980182638112
2015-05-27,8.16,805.66,8.16,805.66,1430.6106419374114,1424.2392937780555,1435.863943852366,1441.9438000803693
2015-05-28,12.01,1596.76,12.01,1596.76,1432.2638693808203,1440.6698372277644,1442.1735931130574,1445.0094674055106
2015-05-29,0.65,2236.59,0.65,2236.59,1440.2671144616081,1516.4717574917868,1473.327177696859,1460.6843294370847
2015-06-01,0.39,1303.8,0.39,1301.16,1438.8829640689553,1495.9658758259022,1466.5755236695313,1457.525431824469
2015-06-02,4.8,1002,4.8,1002,1434.535869899115,1448.9215066996258,1448.356875682491,1448.5051262437864
2015-06-03,0.96,1325.56,0.96,1325.56,1433.4515328851933,1437.172791775852,1443.5413119302364,1446.070569288464
2015-06-04,16.03,2181.14,16.03,2181.14,1440.8912191251416,1508.0268116067232,1472.4667506780702,1460.6263995995835
2015-06-05,0.65,1335.7,0.65,1333.62,1439.8238438104636,1491.4166390727496,1467.0217800632438,1458.1114213896908
2015-06-08,0.6,1886.02,0.6,1886.02,1444.2636065586182,1528.9979115420115,1483.4530828058616,1466.584858589895
2015-06-09,0.85,1469.81,0.85,1465.92,1444.4790930605225,1522.9904913951532,1482.765510931122,1466.5716930732635
2015-06-10,7.84,567.15,7.84,563.31,1435.7112413882785,1431.5923493575197,1446.708432071078,1448.685322913397
2015-06-11,0.44,1319.36,0.44,1319.36,1434.5535175933703,1420.903554180613,1441.7143759114279,1446.1244254299634
2015-06-12,2.21,1741.67,2.21,1741.67,1437.6094029904511,1451.452739496745,1453.4773415619602,1451.9768130452117
2015-06-15,5.74,1956.29,5.74,1956.28,1442.7703044532327,1499.5315262113406,1473.1950928732558,1461.9630147670887
2015-06-16,3.89,889.86,3.89,865.19,1437.0232367472304,1439.1180475245462,1449.351755897834,1450.1457273459582
2015-06-17,0.23,1185.34,0.23,1170.62,1434.3724582721336,1413.5468049031608,1438.4210988038012,1444.6105644282165
2015-06-18,5.98,955.23,5.98,905.3,1429.1080557022617,1365.142347293336,1417.5143890467893,1433.9311473108262
2015-06-19,0.63,2558.73,0.63,2558.73,1440.3480750485078,1478.8173618368278,1462.2679424175035,1456.2043919185326
2015-06-22,0.15,911.63,0.15,909.61,1435.0670991773784,1424.6071368999872,1440.5950819305426,1445.380740593413
2015-06-23,2.68,1039.94,2.68,1039.39,1431.1300136134244,1387.9197905285598,1424.8615493058155,1437.341319987603
2015-06-24,3.53,2050.59,3.53,2050.59,1437.2937945724948,1451.0312390496495,1449.3999199212737,1449.4848582056702
2015-06-25,0.73,1918.61,0.73,1918.61,1442.0830105468979,1495.5625496163495,1467.8003152184788,1458.7744649738747
2015-06-26,0.94,2132.07,0.94,2132.07,1448.9485527305108,1556.1823067957448,1493.8501067785385,1472.1070498258773
2015-06-29,3.64,2679.34,3.64,2679.34,1461.1912536983664,1663.149706148531,1540.3399065127135,1496.0126527996224
2015-06-30,0.52,1701.15,0.52,1700.91,1463.5765148555965,1666.7459246105757,1546.6367729239796,1500.0700260115111
2015-07-01,0.58,1583.42,0.58,1583.42,1464.7689873445956,1658.8101222667112,1548.0792524171568,1501.7205205459366
2015-07-02,1.52,1435.97,1.52,1435.97,1464.4824302565896,1637.5872534794055,1543.6828111458958,1500.4185300400763
2015-07-06,3.16,2090.56,3.16,2090.56,1470.7120578162255,1680.7275150527955,1565.1289754146842,1512.104499742253
2015-07-07,1.25,1775.88,1.25,1448.06,1470.4866642061138,1658.5687040953865,1560.5380352023437,1510.8362918265648
2015-07-08,5.06,2522.79,5.06,2522.79,1480.957344164262,1740.87549418154,1598.2734063708792,1530.8749791171279
2015-07-09,0.02,1122.3,0.02,1122.3,1477.3886143715827,1681.9635423547268,1579.607782591629,1522.7843854712441
2015-07-10,0.05,610.05,0.05,608.6,1468.7439515420147,1579.738443082848,1541.5290460194083,1504.6817243728037
2015-07-13,0.05,594.72,0.05,594.72,1460.047195805278,1485.9271627892435,1504.3992795088432,1486.6626803258175
2015-07-14,2.11,796.43,2.11,792.93,1453.4092137574644,1419.9274329997918,1476.4985234496728,1472.9253995272866
2015-07-15,1.29,1871.53,1.29,1871.53,1457.5696195907235,1462.9372012855258,1491.989953902627,1480.8185599326869
2015-07-16,0.33,1116.73,0.33,1116.73,1454.1781805898208,1429.9650868773806,1477.2738772789944,1473.6088854785742
2015-07-17,2.74,2029.06,2.74,2029.06,1459.8983976983798,1487.021745270011,1498.9125487582496,1484.6079174492954
2015-07-20,1.72,1989.02,1.72,1988.95,1465.162592746157,1534.8244361966767,1518.1297037089064,1494.5948893809925
2015-07-21,1.15,1795.46,1.15,1792.76,1468.4222684402253,1559.3897279874695,1528.8995192497337,1500.4991489972106
2015-07-22,4.57,1830.36,4.57,1829.85,1472.018564276641,1585.1478491315202,1540.701498886999,1507.0209480269689
2015-07-23,3.55,2228.24,3.55,2227.63,1479.537086025132,1646.3366254047087,1567.6398714796655,1521.2904342046527
2015-07-24,1.86,2438.53,1.86,2438.53,1489.0793040746332,1721.783613461403,1601.7924255392866,1539.4535939233724
2015-07-27,2.89,2437.48,2.89,2437.48,1498.5161269196617,1789.9451740841266,1634.5644872828439,1557.2362950338006
2015-07-28,1.12,517.07,1.12,493.81,1488.5190510299137,1666.5037289332574,1589.8290171933206,1536.1783485974877
2015-07-29,19.94,793.11,19.94,793.1,1481.5994584823525,1583.3224214158045,1558.584742009269,1521.463925852983
2015-07-30,1.27,1842.99,1.27,1842.99,1485.1953842685978,1608.0526669952517,1569.7378893814544,1527.8307788063894
2015-07-31,1.89,1768.47,1.89,1768.47,1488.0140371614475,1623.330508233799,1577.5313054841424,1532.5959118993321
2015-08-03,2.22,2065.54,2.22,2065.54,1493.760564154866,1665.4456979258182,1596.6689013475093,1543.1492601785533
2015-08-04,1.98,1736.05,1.98,1736.05,1496.171404312529,1672.1699171709784,1602.1348267848618,1546.969076808681
2015-08-05,5.31,1950.12,5.31,1950.12,1500.6883057621556,1698.641353630885,1615.7813041658476,1554.9522634065288
2015-08-06,1.26,1918.75,1.26,1918.75,1504.8481236152684,1719.604081856515,1627.6624294926771,1562.1561789826371
2015-08-07,2.75,2058.48,2.75,2058.48,1510.3568985046686,1751.877978822561,1644.5572361792388,1571.9843734582284
2015-08-10,0.81,355.35,0.81,355.35,1498.8642925493982,1618.8753141727934,1594.0000896624058,1547.8926036867783
2015-08-11,3.82,2105.95,3.82,2105.95,1504.9049463548768,1665.2633794896701,1614.0765567344683,1558.9432451979312
2015-08-12,11.82,1707.5,11.82,1707.5,1506.9208175354252,1669.2859147763681,1617.740221176254,1561.884963114804
2015-08-13,2.08,1860.88,2.08,1860.88,1510.4427994504956,1687.532970511952,1627.2751144634597,1567.8056569145108
2015-08-14,0.57,920.39,0.57,920.39,1504.57162731666,1614.4717352250996,1599.5541295825396,1554.9855448964017
2015-08-17,0.93,831.35,0.93,831.35,1497.8729046567926,1539.888712822709,1569.428477442048,1540.6561281657798
2015-08-18,3.21,1653.83,3.21,1653.83,1499.4247165507547,1550.740263982451,1572.7383410717716,1542.8971949347742
2015-08-19,3.57,2342.46,3.57,2342.46,1507.8131273313443,1626.14214360317,1602.9235041669963,1558.730121767749
2015-08-20,1.96,2759.23,1.96,2759.23,1520.265036512127,1734.0552727838206,1648.2688569447612,1582.5023965842292
2015-08-21,3.47,3427.74,3.47,3427.74,1539.2448868950908,1895.3585801377424,1718.0520390253587,1619.0417550677098
2015-08-24,25.96,4029.55,25.96,4029.55,1564.0240422493684,2098.6149058389096,1808.6990178871092,1666.7745916010224
2015-08-25,0.1,3509.2,0.1,3509.07,1583.3777333712653,2232.94396242568,1875.3802328719285,1703.2556887970418
2015-08-26,5.14,876.12,5.14,510.5,1572.702333039213,2068.901680289901,1821.855517857343,1679.6367642664072
2015-08-27,0.17,629.28,0.17,206.57,1559.1089764915591,1891.5367583575294,1758.5109877452903,1650.4671253700428
2015-08-28,0.63,1417.17,0.63,1188.51,1555.421424486668,1824.5818289901456,1736.1580078337104,1641.3194595211312
2015-08-31,4.77,1915.95,4.77,1915.95,1559.008773496751,1833.2835595625127,1743.2086741931728,1646.7576880454653
2015-09-01,4.19,3032.04,4.19,3032.04,1573.6658006261366,1947.450839604178,1793.751079126774,1674.189020955456
2015-09-02,0.02,983.25,0.02,612.87,1564.105643405976,1820.3479024990183,1747.4420172002337,1653.1728027187144
2015-09-03,1.07,1126.81,1.07,950.92,1558.0042937203443,1737.5452451181595,1716.2058596629697,1639.2668066252745
2015-09-04,4.86,2259.64,4.86,2258.91,1564.9784798524802,1787.1990312973824,1737.4883749703042,1651.5369688703186
2015-09-08,0.27,398.55,0.27,397.33,1553.3600870181272,1654.8305521262032,1684.9331445793118,1626.70118730853
2015-09-09,0.13,2548.56,0.13,2548.56,1563.2625737144642,1739.947642399898,1718.800864399731,1644.9558172628165
2015-09-10,4.7,1472.26,4.7,1428.88,1561.9254336775043,1710.3221526475268,1707.4314187369964,1640.6770882081073
2015-09-11,1.91,1469.07,1.91,1374.64,1560.0618970239968,1678.352423823953,1694.3807748649574,1635.4090270554716
2015-09-14,2.09,1783.64,2.09,1783.64,1562.2865547650515,1688.3798120311956,1697.8811366349591,1638.3442938464523
2015-09-15,1.2,591.59,1.2,577.09,1552.4836039713693,1582.5426870758436,1653.9285430414313,1617.3293573346414
2015-09-16,0.67,456.07,0.67,346.41,1540.4828715935448,1464.8157644971918,1602.6533060594145,1592.1626373874208
2015-09-17,6.47,1903.23,6.47,1903.23,1544.0922957567932,1506.5695012117449,1614.4406273904178,1598.3223871421253
2015-09-18,7.17,3792.72,7.17,3792.72,1566.4667007741386,1724.2981201439595,1699.8633478849113,1641.7758052185188
2015-09-21,1.97,1359.53,1.97,1359.53,1564.4076291246447,1689.558299177868,1686.516942085503,1636.1867793726076
2015-09-22,6.52,2495.16,6.52,2495.16,1573.668846745295,1766.2822706847378,1718.228434552738,1653.1961500781006
2015-09-23,1.63,1994.93,1.63,1994.92,1577.8604005090235,1788.0572925242866,1729.0790841781209,1659.962958987445
2015-09-24,4.38,2032.67,4.38,2032.67,1582.385869160675,1811.353740855307,1740.9846102887827,1667.3432964332383
2015-09-25,1.47,1881.1,1.47,1869.84,1585.246109268529,1816.9238607738491,1746.0377628264775,1671.3531321474316
2015-09-28,4.44,3082.88,4.44,3082.88,1600.147939027051,1937.4911121287207,1798.4629485979883,1699.304159233621
2015-09-29,0.3,1822.12,0.3,1736.17,1601.5013923700656,1918.3176728783665,1796.0200878686555,1700.0341758824602
2015-09-30,2.5,601.31,2.5,525.45,1590.7944133415076,1785.6636087947124,1746.193809913022,1676.7750832907284
2015-10-01,2.17,1792.29,2.17,1657.68,1591.4599415669652,1773.4746936714066,1742.7226801125114,1676.3969628295258
2015-10-02,6.87,874.32,6.87,605.14,1581.6458127951546,1662.2047228455583,1698.1115946179032,1655.1839536645848
2015-10-05,0.42,234.29,0.42,234.26,1568.2389887872425,1526.2099873364575,1640.7056497309266,1627.0468456712267
2015-10-06,0.89,1410.6,0.89,1405.97,1566.6243719833894,1514.7585599710806,1631.5003301336353,1622.6690863510044
2015-10-07,5.15,1044.96,5.15,810,1559.0957712671368,1447.638697116692,1599.2846309127085,1606.576629195539
2015-10-08,2.56,741.59,2.56,599.88,1549.5513357321404,1366.8997735817688,1560.0922924455435,1586.6420424787957
2015-10-09,2.86,1652.93,2.86,1652.73,1550.57798910794,1394.1216999073147,1563.725143722189,1587.9507149049582
2015-10-12,1.74,1655.11,1.74,1654.99,1551.616914589453,1418.966299916142,1567.3041576938679,1589.2782255008997
2015-10-13,6.46,2220.62,6.46,2220.62,1558.2736617079659,1495.3142713526997,1592.9243868039123,1601.7800428177136
2015-10-14,2.2,1673.53,2.2,1673.53,1559.4204909447026,1512.2871978905378,1596.0853912429745,1603.200834049046
2015-10-15,5.42,738.46,5.42,659.4,1550.4650631741085,1431.0598457104866,1559.3526308020737,1584.5117086223322
2015-10-16,2.45,1534.64,2.45,1534.57,1550.3069033415304,1440.9179556428212,1558.3807629274825,1583.5227638971376
2015-10-19,5.63,1718.57,5.63,1718.57,1551.9811630097738,1467.361007486362,1564.6626937930714,1586.1969665922438
2015-10-20,2.01,1269.66,2.01,1267.94,1549.1548827808208,1448.368530582899,1553.0265097227548,1579.8948484419025
2015-10-21,2.9,2407.15,2.9,2407.15,1557.6921476287728,1539.6810514797658,1586.5215485571566,1596.2761385717658
2015-10-22,1.97,1304.33,1.97,1304.33,1555.1711312344567,1517.26666562455,1575.455213319621,1590.4950269168794
2015-10-23,7.58,1531.26,7.58,1527.11,1554.891915998293,1518.2041260412593,1573.5593226012045,1589.2398778690203
2015-10-26,4.69,1918.51,4.69,1918.51,1558.5100063863697,1556.3284949897109,1587.0868001462552,1595.7600783072576
2015-10-27,3.79,2328.85,3.79,2328.85,1566.1750809496893,1629.9019716573575,1616.175553081696,1610.2767104199852
2015-10-28,4.93,1322.22,4.93,1056.66,1561.105279149195,1575.3074981661807,1594.2337666863355,1599.3140032829558
2015-10-29,6.67,2138.29,6.67,2138.29,1566.8484106999492,1628.9248792932112,1615.5693052476556,1609.9867952971547
2015-10-30,0.22,1990.56,0.22,1971.83,1570.8780782551737,1661.582509836715,1629.5403128850025,1617.1520072714684
2015-11-02,2.18,543.63,2.18,543.62,1560.6566048396994,1555.109889852266,1586.9552025757866,1595.8939477215383
2015-11-03,5.69,1282.06,5.69,1278.96,1557.8536535477622,1528.8099003425264,1574.8769593375205,1589.6180279646762
2015-11-04,5.72,2305.49,5.72,2305.49,1565.2928211741526,1602.779433643238,1603.528451128206,1603.793710579237
2015-11-05,3.56,1929.13,3.56,1929.13,1568.9130916102306,1633.8604399629296,1616.2971393192568,1610.2360133400443
2015-11-06,9.41,1923.85,9.41,1923.85,1572.444802141472,1661.4784932997934,1628.358035816541,1616.4461912937068
2015-11-09,3.23,2460.47,3.23,2451.34,1581.1900279908107,1736.703398699813,1660.6318383335392,1632.9787419611582
2015-11-10,9.62,1602.46,9.62,1591.13,1581.288933184932,1722.839265490307,1657.9062760459494,1632.1500540015313
2015-11-11,6.04,2067.61,6.04,2064.49,1586.0969039990123,1755.3774306817063,1673.8507358088534,1640.711241051006
2015-11-12,6.28,2767.62,6.28,2767.62,1597.85335271544,1851.7814849024962,1716.743648130075,1663.026265980689
2015-11-13,15.12,2297.43,15.12,2294.69,1604.7870506983709,1893.9632482451157,1739.4082109485034,1675.5344587335467
2015-11-16,6.31,730.89,6.31,554.71,1594.3385228307254,1766.415319840819,1692.9494575779738,1653.3399149962488
2015-11-17,8.49,2563.47,8.49,2563.47,1603.9816221060416,1842.3252893797885,1727.0875180651121,1671.3622929171152
2015-11-18,4.39,884.57,4.39,406.48,1592.066183080111,1705.5781189626657,1675.2989879449117,1646.3151187999445
2015-11-19,11.27,1756.32,11.27,1756.32,1593.7005494176224,1710.4106790614594,1678.4762825353073,1648.4934332791536
2015-11-20,1.85,1831.98,1.85,1831.98,1596.0714892244123,1721.9887096270347,1684.4960361613737,1652.1268306399625
2015-11-23,13.04,1712.59,13.04,1712.59,1597.2308773913335,1721.09359442446,1685.5977602334767,1653.3241211223394
2015-11-24,8.81,1024.58,8.81,1022.6,1591.5131572182854,1654.5703949554638,1659.597848067458,1640.8345345654614
2015-11-25,5.29,1334.75,5.29,1334.75,1588.9582999325314,1624.11130972161,1646.8587167706949,1634.773454673076
2015-11-27,1.9,774.54,1.9,757.08,1580.6809039133022,1541.536899271933,1611.9654337600793,1617.3933862637082
2015-11-30,1.9,2270.14,1.9,2270.14,1587.5411934266028,1610.927670769844,1637.7762010636056,1630.3190617832388
2015-12-01,1.21,796.39,1.21,796.39,1579.6690422482286,1533.3526545060495,1604.7806637669937,1613.8056150152538
2015-12-02,9.94,2442.95,9.94,2442.95,1588.2589025243656,1619.980973124521,1637.6500495016214,1630.224315708021
2015-12-03,0.81,2520.85,0.81,2520.85,1597.5384159320834,1705.778023303138,1672.2853416780283,1647.8604678722188
2015-12-04,4.84,1443.78,4.84,1443.78,1596.008481445197,1680.8258306076011,1663.324347886733,1643.8192704886105
2015-12-07,4.38,2544.64,4.38,2544.64,1605.447601032807,1763.0938467402104,1697.8857460088218,1661.6573047363609
2015-12-08,2.73,2393.32,2.73,2393.28,1613.2867293807392,1823.1115756220952,1725.1561089104366,1676.1448828603934
2015-12-09,2.83,1870.98,2.83,1870.98,1615.8508415262045,1827.6704731818957,1730.8746928747332,1680.0030039918709
2015-12-10,8.93,1363.18,8.93,1357.7,1613.2821764363914,1782.9113804979056,1716.2403911933711,1673.6207662890615
2015-12-11,3.13,2966.34,3.13,2966.34,1626.7454383623974,1895.6188680695336,1765.2639052642194,1699.2191669566048
2015-12-14,2.9,2301.38,2.9,2143.23,1631.8845882294381,1919.20088063434,1780.0861050577794,1708.0114606802365
2015-12-15,1.34,736.22,1.34,728.13,1622.892005261981,1805.7655586691646,1738.8329244672782,1688.6078673994398
2015-12-16,2.33,1121.28,2.33,758.57,1614.2917863041503,1706.0326483197205,1700.3912411548358,1670.1912759657876
2015-12-17,3.83,2851.64,3.83,2851.64,1626.603708828487,1815.138110384509,1745.5382513056265,1693.5863002040887
2015-12-18,2.57,3540.92,2.57,3540.92,1645.651632123726,1979.498290347889,1815.9453787054058,1730.167165546582
2015-12-21,0.59,1325.38,0.59,1095.63,1640.1787800627933,1895.3203579338044,1787.6977167953899,1717.602073159521
2015-12-22,0.73,659.34,0.73,584.79,1629.6773991666462,1770.5079428924896,1740.524865156355,1695.1701509187385
2015-12-23,0.92,227.91,0.92,219.5,1615.6457832545402,1622.7929007122525,1680.8768312286547,1665.9489598114367
2015-12-24,1.51,717.96,1.51,717.96,1606.7135864062363,1536.618338739657,1643.1153868667468,1647.1769012013092
2015-12-28,4.1,1647.09,4.1,1647.09,1607.1153417653782,1547.13944933588,1643.271254048443,1647.1751803854418
2015-12-29,0.4,573.6,0.4,573.6,1596.8316070214441,1454.4214065419867,1601.3233617328178,1625.9162659223637
2015-12-30,3.58,1845.68,3.58,1845.46,1599.3055213794398,1491.6631773475117,1610.8973475472171,1630.2636665971684
2015-12-31,2.79,1431.84,2.79,1431.84,1597.6391977836245,1485.965731885844,1603.8754907806597,1626.3344850803928
2016-01-04,10.79,2323.37,10.79,2323.37,1604.8603997957277,1565.7185193252874,1632.0909617304378,1640.1371685441475
2016-01-05,0.93,1599.03,0.93,1598.97,1604.8017888524867,1568.8853270085933,1630.7921004861068,1639.3219770878277
2016-01-06,8.68,2808.26,8.68,2808.26,1616.7764974211186,1686.9210101506321,1676.9673122317497,1662.469264670247
2016-01-07,7.94,3359.93,7.94,3359.93,1634.1213083920527,1846.2551996600957,1742.965849006975,1696.082348538163
2016-01-08,0.33,2939.16,0.33,2939.16,1647.1067680100423,1950.341371121039,1789.8754235557212,1720.6977475770111
2016-01-11,1.29,2231.26,1.29,2163.99,1652.2498847462607,1970.688859585702,1804.5465834162812,1729.4758119814267
2016-01-12,1.04,2205.4,1.04,1963.13,1655.3432192263974,1969.9689681965874,1810.7655409293682,1734.1026275857548
2016-01-13,2.75,3489.44,2.75,3489.44,1673.592938438075,2114.680495035008,1876.5959118733144,1768.8617834751458
2016-01-14,2.9,1145.12,2.9,1145.12,1668.3345012396862,2022.341400269769,1847.9105819959295,1756.5104610300934
2016-01-15,0.97,3356.6,0.97,3356.17,1685.1288843119282,2149.3726954821723,1907.058010152952,1788.186887544349
2016-01-19,1.49,2734.94,1.49,2734.94,1695.5747660600682,2205.141010198156,1939.5239705391107,1806.9344739296093
2016-01-20,9.94,3043.2,9.94,3043.2,1708.9839723679281,2284.9561520840457,1982.8053834591456,1831.4149793963497
2016-01-21,4.34,1392.86,4.34,1391.32,1705.8231368219786,2199.8479471236606,1959.6098782254535,1822.7002273290952
2016-01-22,3.29,737.66,3.29,737.47,1696.187782226735,2060.5738569214072,1911.6828241773965,1801.210519857232
2016-01-25,4.39,2969.73,4.39,2969.73,1708.8598440951257,2147.1601562622254,1953.1748702880868,1824.3495194640195
2016-01-26,0.26,377.89,0.26,330.83,1695.1481043528856,1974.1763318562992,1889.553502825809,1794.774875514237
2016-01-27,5.25,2185.22,5.25,2124.43,1699.4195660011155,1988.486205012842,1898.7643458522477,1801.3026997614797
2016-01-28,9.58,1892.38,9.58,1888.7,1701.3029534040895,1978.9827569163808,1898.3696656227478,1803.0333393701633
2016-01-29,3.04,440.24,-77.63,22.73,1684.6007349622578,1792.6729705433922,1824.8151689316596,1767.7798078974868
2016-02-01,5.21,2069.15,5.21,2068.94,1688.4250062561657,1818.9841162059263,1834.3886917186533,1773.7433760579327
2016-02-02,6.45,2982.23,6.45,2982.23,1701.298687785955,1929.7694384720285,1879.4020763571375,1797.6738042548052
2016-02-03,0.72,1517.38,0.72,1514.2,1699.4370093005227,1890.1913967127878,1865.0804263039165,1792.060461596294
2016-02-04,5.94,1409.66,5.94,1409.66,1696.5536559741495,1844.4265017877603,1847.2208017429787,1784.4881752280507
2016-02-05,13.69,2807.3,13.69,2807.3,1707.6058584022674,1936.1287397127355,1884.870966380509,1804.7418747284853
2016-02-08,5.52,3165.25,5.52,3165.2,1722.1092826967722,2053.18314545438,1935.079948091077,1831.681639585347
2016-02-09,4.88,2564.59,4.88,2564.59,1730.492175406257,2101.8885601730103,1959.7666167933878,1846.1946764252411
2016-02-10,1.35,2089.04,1.35,2085.18,1734.021407491767,2100.2972687279616,1964.6847886838432,1850.9270590702858
2016-02-11,5.96,3092.01,5.96,3092.01,1747.5337317953315,2194.7461002776795,2008.893620500163,1875.5029588906762
2016-02-12,1.88,703.09,1.88,699.7,1737.1075255088108,2052.360757394091,1957.552694206039,1852.21973198195
2016-02-16,2.52,680.77,2.52,664.68,1726.4366048569818,1920.2006852613204,1906.8518042371747,1828.7040937248817
2016-02-17,1.25,540.3,1.25,499.16,1714.224897345967,1784.8634771411946,1851.6482040710112,1802.3764879085475
2016-02-18,21.08,2247.93,21.08,2247.93,1719.535395879838,1828.965050746795,1867.1886666564617,1811.1993297321405
2016-02-19,10.82,2252.53,10.82,2250.75,1724.82111333377,1869.1350459137668,1882.2302875718947,1819.903303400811
2016-02-22,1.3,390.78,1.3,388.33,1711.522694295623,1728.1059939219795,1823.6459625690752,1791.5553171948543
2016-02-23,14.94,2494.75,14.94,2494.68,1719.3153043026318,1801.1130421198861,1849.961022860484,1805.4785782405008
2016-02-24,6.68,1622.18,6.68,1608.7,1718.214654508576,1782.7879904894207,1840.49980627772,1801.581972730788
2016-02-25,3.41,1044.15,3.41,1012.47,1711.1923196378439,1709.424372347571,1808.0280491687897,1785.9559930727526
2016-02-26,3.49,1435.24,3.49,1419.69,1708.2917990444325,1681.8306226001835,1792.7991060641314,1778.7032011307178
2016-02-29,3.19,2082.44,3.19,2082.44,1712.0146667156323,1719.9838966382613,1804.157572492989,1784.7177912073373
2016-03-01,56.4,1175.89,56.4,1147.05,1706.3931277433373,1665.4187636250936,1778.3886480814992,1772.0907062329345
2016-03-02,72.18,689.71,25.54,617.17,1695.5550866712642,1565.5855480417513,1732.8506618822248,1749.220989277827
2016-03-03,1.07,805.56,1.07,805.56,1686.6994141670725,1493.2021625139655,1696.486322200569,1730.5346330545035
2016-03-04,0.46,1480.29,0.46,1293.02,1682.7822060659075,1474.1371946554925,1680.6641134868212,1721.8709769544143
2016-03-07,3.85,1279.83,3.85,1146.53,1677.4463632194806,1442.9365094502075,1659.7176776638087,1710.4780863216536
2016-03-08,8.66,3016.72,8.66,3016.72,1690.7724690580928,1592.8206514073306,1712.933455010326,1736.3442628301357
2016-03-09,1.13,1268.99,1.13,1239.11,1686.2783151371168,1559.1339227018705,1694.3521430491369,1726.4980398037962
2016-03-10,6.12,1802.65,6.12,1802.65,1687.4362423496827,1582.325930063597,1698.5991178315237,1728.0059994116418
2016-03-11,0.42,626.98,0.42,626.98,1676.8844389432181,1491.3406033908736,1656.5748387008757,1706.2035043737876
2016-03-14,4.57,1945.3,4.57,1945.14,1679.5536485059722,1534.5595935441238,1667.8911195361354,1710.934920128762
2016-03-15,9.58,2207.67,9.58,2206.27,1684.7946072273057,1598.532013206588,1689.0040168092282,1720.7435355717569
2016-03-16,8.47,942.76,8.47,912.52,1677.1102827772827,1533.1975357583417,1658.5536632088663,1704.7391091247914
2016-03-17,1.75,898.76,1.75,898.76,1669.3655038441755,1472.7749133051664,1628.7578332791068,1688.7791267658847
2016-03-18,2.71,2241.32,2.71,2241.32,1675.0565933581638,1545.969683466579,1652.7798790328673,1699.7205301962633
2016-03-21,4.15,1386.46,4.15,1386.46,1672.1849854640527,1530.7782850411904,1642.3359622080488,1693.5173513804957
2016-03-22,7.74,1775.43,7.74,1775.42,1673.2121995390373,1554.0774959896485,1647.554944082243,1695.1391860066244
2016-03-23,5,2565.32,5,2565.32,1682.0888940709872,1650.3863058953962,1683.5457305888217,1712.370489254018
2016-03-24,2.97,1263.84,2.97,1263.84,1677.9272135329675,1613.5723720005965,1667.0866823304366,1703.4886973876016
2016-03-28,0.73,1246.59,0.73,1246.47,1673.6341069306493,1578.610241333873,1650.5919104743411,1694.4388221918075
2016-03-29,4.3,993.51,4.3,953.95,1666.473071040792,1519.118789778266,1623.2726198675043,1679.7756771979102
2016-03-30,5.92,1080.76,5.92,1080.76,1660.6450802841673,1477.3703336089075,1601.997615166818,1667.9139806197338
2016-03-31,4.41,1594.65,4.41,1594.28,1659.9847312266133,1488.5045875509163,1601.6949635916485,1666.4558819936005
2016-04-01,7.53,1561.55,7.53,1560.96,1658.9994105178907,1495.4051030222577,1600.0975140390349,1664.3668546273907
2016-04-04,2.19,2197.36,2.19,2197.36,1664.3562323037825,1562.2579503534712,1623.519572312014,1674.9211743377393
2016-04-05,13.05,2289.27,13.05,2289.27,1670.5742797435457,1631.49719317695,1649.6274322213467,1687.0864976181801
2016-04-06,1.94,911,1.94,712.04,1661.0366252187343,1543.929841445812,1612.859297624431,1667.7786461801963
2016-04-07,4,2320.7,4,2320.7,1667.6004398931748,1617.907951784306,1640.6177565411201,1680.7077818994003
2016-04-08,1.65,846.32,1.65,843.05,1659.395957904188,1544.111956376277,1609.340589617939,1664.1204990895112
2016-04-11,1.87,1199.86,1.87,1199.86,1654.823460810614,1511.3260557690126,1593.2825272799807,1654.9272218798178
2016-04-12,25.46,550.95,25.46,540.61,1643.7367597080208,1418.876907600535,1552.0012517003736,1632.8615343178412
2016-04-13,6.48,1008.73,6.48,912.16,1636.4573889646574,1370.6181544957221,1526.909437908202,1618.5902168065968
2016-04-14,8.11,1824.6,8.11,1824.6,1638.3294547461037,1413.8545207342247,1538.5835775980765,1622.669618453991
2016-04-15,35.03,1707.97,35.03,1707.97,1639.0223954948988,1441.8655187595366,1545.2261823981519,1624.3587349202487
2016-04-18,5.37,775.73,5.37,775.72,1630.432321907885,1378.4230884014855,1515.0494693629303,1607.5540074960854
2016-04-19,0.91,702.75,0.91,702.75,1621.2016520381546,1314.0732704584868,1483.1945882114428,1589.637096456559
2016-04-20,2.33,1362.59,2.33,1362.59,1618.6284017691182,1318.6939113672024,1478.4649965168765,1585.1411143485084
2016-04-21,2.8,2289.03,2.8,2289.03,1625.2990644380823,1411.1068721893737,1510.2518593985676,1599.0795081237854
2016-04-22,6.71,1079.95,4.24,1079.95,1619.8727055879522,1379.5681224570524,1493.377276677055,1588.7997158837104
2016-04-25,2.67,2093.17,2.67,2093.17,1624.5821314029974,1447.5302060325712,1516.8985599446216,1598.7872462622508
2016-04-26,1.15,687.84,1.15,687.84,1615.261314175107,1375.178757838993,1484.3864595546365,1580.748686930325
2016-04-27,7.79,931.22,7.79,930.91,1608.4518483624192,1332.8674475686128,1462.6815003564154,1567.8805941198234
2016-04-28,10.5,2489.06,10.5,2449.12,1616.816705592644,1439.17721446684,1501.3653630875365,1585.3308793847773
2016-04-29,3.27,2188.68,3.27,2188.68,1622.506887626548,1510.5584321366648,1528.3188782605744,1597.2783867236926
2016-05-02,1.84,1590.07,1.84,1590.07,1622.1841325257863,1518.1309624093633,1530.7404908778067,1597.1356463925304
2016-05-03,8.26,2703.71,8.26,2703.71,1632.9455839434402,1631.0432517037098,1576.7392951571085,1619.0480098303021
2016-05-04,6.56,2382.32,6.56,2382.23,1640.401150272361,1702.584846779547,1608.327165935261,1634.1605244871278
2016-05-05,1.76,1982.75,1.76,1977.46,1643.754969672636,1728.7634328005424,1622.8029633495646,1640.9585339032242
2016-05-06,11.37,1283.24,11.37,1262.27,1639.9590993276347,1684.3354868195383,1608.6644157672288,1633.4597510536553
2016-05-09,15.73,2087.81,15.73,2087.81,1644.4153271950215,1722.7616309319633,1627.4544386783177,1642.4567856862561
2016-05-10,1.97,625.42,1.97,625.42,1634.2760702080063,1618.2529041765383,1588.1589704948542,1622.317443395439
2016-05-11,6.84,2123.56,6.84,2123.52,1639.1441690119068,1666.373579969249,1609.1535206715266,1632.2422464965196
2016-05-12,1.99,2086.58,1.99,2086.3,1643.5934807630322,1706.36657235313,1627.865147311859,1641.2334891401529
2016-05-13,12.13,2323.64,12.13,2308.72,1650.211655083798,1763.7335654623557,1654.5653376133546,1654.451043810645
2016-05-16,1.84,581.81,1.84,581.81,1639.5807928441582,1651.1694163707027,1612.4965008442034,1633.2106271015232
2016-05-17,5.68,2002.48,5.68,2002.48,1643.1917302287934,1684.6275671925405,1627.7899713993327,1640.522891911394
2016-05-18,5.68,2161.86,5.68,2161.42,1648.348230425522,1730.0363703170603,1648.7166391875942,1650.8376861309705
2016-05-19,7.53,2021.89,7.53,2021.88,1652.0649644511386,1757.8310017154356,1663.3504964743552,1658.1850586828325
2016-05-20,0.99,897.73,0.99,859.04,1644.174168784958,1672.231858694918,1631.8089083773216,1642.3604040554496
2016-05-23,2.49,1631.61,2.49,1631.61,1644.0491521801325,1668.363110247783,1631.8011080487993,1642.1475247672229
2016-05-24,2.2,985.67,2.2,983.56,1637.477120815156,1603.1437664146608,1606.379888125317,1629.1061876431195
2016-05-25,1.58,737.72,1.58,732.99,1628.477248966249,1520.2719791370741,1572.1293042772652,1611.3613126402854
2016-05-26,1.23,1680.95,1.23,1680.94,1628.9992663894702,1535.5736954097338,1576.396390384039,1612.7391084295866
2016-05-27,4.37,1055.86,4.37,1055.45,1623.2923085149482,1489.8476291802353,1555.9671201729002,1601.7036805398918
2016-05-31,1.64,1814.43,1.64,1814.43,1625.194176091914,1520.760235924975,1566.102919381806,1605.9160829054385
2016-06-01,4.43,1168.45,4.43,1168.23,1620.6472688671188,1487.185927741644,1550.5000597982057,1597.2490317587963
2016-06-02,19.54,1045.72,19.54,1045.72,1614.9265995251574,1445.1415536710113,1530.704763335531,1586.3276647932755
2016-06-03,6.71,1676.55,6.71,1675.47,1615.5290214204294,1467.077596178534,1536.38183144002,1588.0928595498442
2016-06-06,1.41,720.09,1.41,720.09,1606.619180411271,1395.9359203520069,1504.3703870698232,1570.9046841132135
2016-06-07,13.58,1264.28,13.58,1264.28,1603.2128204071787,1383.3972612708633,1494.9550777729673,1564.8329081901795
2016-06-08,3.36,1079.32,3.36,1079.3,1597.999757517555,1354.4356173403048,1478.6548786446158,1555.2183951567106
2016-06-09,4.05,1952.54,4.05,1952.54,1601.5275211243456,1411.397939498371,1497.2386088938465,1563.0861497080627
2016-06-10,6.88,2366.61,6.88,2366.09,1609.1351079788299,1502.3209928794786,1531.3112124666368,1578.9872160504774
2016-06-13,2.12,2240.97,2.12,2240.97,1615.4220223272991,1572.6685173671472,1559.1409688404942,1592.0957860296758
2016-06-14,3.91,2153.19,3.91,2153.19,1620.7729474782714,1627.956277617895,1582.4370092781219,1603.2065625439395
2016-06-15,3.47,1188.77,3.47,1188.77,1616.4744106874427,1586.1290130828575,1566.9990873456466,1594.9998979391091
2016-06-16,4.2,1856.42,4.2,1856.42,1618.8619289890603,1611.871011836871,1578.348927057582,1600.1765336234832
2016-06-17,1.99,1455.78,1.99,1455.78,1617.2392232279751,1597.0052011857404,1573.5423024670886,1597.3171963240084
2016-06-20,0.64,636.62,0.64,636.62,1607.4818180217267,1505.5399439299556,1536.8002513899478,1578.2934894661073
2016-06-21,1.66,1123.71,1.66,1123.71,1602.6681680911622,1469.1751873651979,1520.6006336883813,1569.2918362093526
2016-06-22,5.79,1818.25,5.79,1818.25,1604.8132609459765,1502.4204076161313,1532.2731578574644,1574.2217008388704
2016-06-23,3.11,352.73,3.11,326.63,1592.095019543529,1390.4403687955473,1484.9930340199169,1549.5169146836454
2016-06-24,7.88,4737.03,7.88,4737.03,1623.3879049212053,1709.1631908150189,1612.5238954309004,1612.6359856800088
2016-06-27,6.96,3379.38,6.96,3379.38,1640.8604630811933,1868.2314583564457,1681.8123701198847,1647.6210156665434
2016-06-28,1.39,484.37,1.39,416.86,1628.6813539958082,1730.0056051796414,1632.2063948210657,1623.2495104058198
2016-06-29,2.1,398.57,2.1,391.88,1616.3748728615215,1602.565071353009,1583.566144043769,1598.8659557443184
2016-06-30,1.73,950.7,1.73,949.82,1609.7424860668793,1540.3988740812938,1558.7133540812683,1586.0135605810647
2016-07-01,3.15,981.6,3.15,981.51,1603.4914165537762,1487.1713622640277,1536.0779284310224,1574.043193044806
2016-07-05,15.33,2317.97,15.33,2317.97,1610.600656190057,1566.295042048406,1566.740362610198,1588.7744169449088
2016-07-06,8.15,1071.67,8.15,1071.67,1605.2381620986137,1519.1878951866531,1547.3258385862687,1578.534725520257
2016-07-07,2.37,1634.33,2.37,1634.33,1605.527633122508,1530.1538099307813,1550.7377664848464,1579.6395824406482
2016-07-08,0.5,213.63,0.5,210.44,1591.6461641362143,1404.466780413564,1498.1770697599504,1552.5267194220214
2016-07-11,1.7,807.31,1.7,803.97,1583.8085903637148,1347.2766108503674,1470.9532631026975,1537.703814086932
2016-07-12,1.02,781.57,1.02,781.57,1575.8261168277575,1293.3997907693802,1443.9186253339642,1522.7308672733293
2016-07-13,2.77,1736,2.77,1729.55,1577.3557077050932,1334.9379059342011,1455.1198557130244,1526.8262956441545
2016-07-14,1.55,942.39,1.55,942.37,1571.0374419567838,1297.55048632142,1435.0120182340822,1515.252903651201
2016-07-15,2.39,1475.04,2.39,1453.42,1569.8671191512437,1312.3952019098563,1435.7338998719613,1514.0284897175138
2016-07-18,3.37,789.76,3.37,786.59,1562.0733169706343,1262.3185160136795,1410.2772763475707,1499.6237671488502
2016-07-19,6.82,1625.76,6.82,1625.76,1562.707015309235,1296.9319906790433,1418.7275792359012,1502.1215143340214
2016-07-20,4.68,1058.26,4.68,1056.11,1557.6662489877501,1273.996562995325,1404.507282010964,1493.2896031590903
2016-07-21,1.81,1788.35,1.81,1788.35,1559.9616096943396,1322.9826046148178,1419.5599376183773,1499.1323832945538
2016-07-22,6.28,943.62,6.28,940.9,1553.8017926824557,1286.5937851276922,1400.7889596725586,1488.0782766946618
2016-07-25,2.31,1769.76,2.31,1769.75,1555.9505310637248,1332.6086627345787,1415.2580200775562,1493.6559345818962
2016-07-26,11.02,994.49,10.63,994.29,1550.3618690630908,1300.3878377122378,1398.7494702705933,1483.7675002337398
2016-07-27,5.11,2132.3,5.11,2132.28,1556.152099221667,1379.6156626920247,1427.5153733972368,1496.6093319122797
2016-07-28,3.4,1690.32,3.4,1690.32,1557.4871032095111,1409.206551959451,1437.8214371855804,1500.4451867258979
2016-07-29,4.15,1402.95,4.15,1402.51,1555.9450424810582,1408.56878510617,1436.4366749430087,1498.5058760976624
2016-08-01,6.09,2007.19,6.09,2006.79,1560.4310619588587,1465.5422341436777,1458.803472004067,1508.5709082541443
2016-08-02,4.62,2223.59,4.62,2223.5,1567.02876283489,1537.728688034756,1488.7915711411624,1522.7279199718841
2016-08-03,4.91,889.02,4.91,889.02,1560.2824069857866,1475.946908221922,1465.2711173709208,1510.1792482892727
2016-08-04,3.96,1439.4,3.96,1435.12,1559.037009901351,1472.0586312484056,1464.0887206112768,1508.6929265409701
2016-08-05,19.27,953.74,19.27,953.74,1553.014154081437,1422.6949520818907,1444.0750452931875,1497.7037596787727
2016-08-08,2.62,1080.33,2.62,1080.33,1548.3108291652038,1390.0887661693298,1429.8105337130626,1489.4389327544407
2016-08-09,5.96,1411.84,5.96,1411.84,1546.9529104670426,1392.1603122484412,1429.1058069007856,1487.9023202246497
2016-08-10,7.56,1814.99,7.56,1814.65,1549.6165630992114,1432.3974253676372,1444.2251870223236,1494.3725713093102
2016-08-11,11.74,832.06,11.74,832.06,1542.4766967997168,1375.2224324754814,1420.2187090998796,1481.2574708873435
2016-08-12,0.97,1456.01,0.97,1455.58,1541.6120530504659,1382.875534144483,1421.6054263900803,1480.749006117297
2016-08-15,0.73,687.48,0.73,687.48,1533.1132266519537,1316.6473880354847,1392.8161939826261,1465.0407089664595
2016-08-16,2.05,1827.86,2.05,1827.1,1536.0384681778048,1365.2619225082956,1409.8469314735034,1472.2101998780147
2016-08-17,9.36,1674.56,9.36,1670.02,1537.371617748175,1394.2865013170294,1420.0497969059152,1476.1272256230045
2016-08-18,2.8,1020.93,2.8,963.81,1531.6645369745613,1353.288739286836,1402.1580401645067,1465.9823300661133
2016-08-19,4.69,1553.85,4.69,1553.75,1531.8842928255608,1372.380287926185,1408.1028229031535,1467.7203037281704
2016-08-22,4.58,1600.29,4.58,1600.21,1532.564150608391,1394.0783557427387,1415.6364376912652,1470.3438620701868
2016-08-23,0.71,887.98,0.71,887.98,1526.1503779655213,1345.8785123386683,1394.9440283700392,1458.8119044054306
2016-08-24,6.55,2110.29,6.55,2110.29,1531.962712513128,1418.6796064016523,1422.996811571214,1471.7124607538378
2016-08-25,1.98,1194.4,1.98,1135.25,1528.0153223388681,1391.686310553876,1411.712622882147,1465.0498377686133
2016-08-26,0.45,1798.51,0.45,1798.38,1530.7055181364913,1430.4190428820782,1426.8760494357882,1471.6504350405219
2016-08-29,2.36,426.82,2.36,426.82,1519.7215826326455,1334.8381816552137,1387.6581651441886,1450.960723455561
2016-08-30,3.41,1450.2,3.41,1450.2,1519.0298255915247,1345.8250214975742,1390.1107861189264,1450.9456596247578
2016-08-31,2.99,2099.36,2.99,2099.36,1524.804255187629,1417.5902575454243,1417.9244807809293,1463.7855475529805
2016-09-01,4.71,1581.77,-9.47,73.32,1510.3616257827769,1289.5645187315743,1365.1948932993243,1436.2515763143076
2016-09-02,4.97,525.09,2.54,457.3,1499.88340065061,1210.3012312333292,1329.5911719934684,1416.8663965853113
2016-09-06,1.66,1020.38,1.66,1019.63,1495.1047598481164,1192.1420663539645,1317.4358319152932,1409.0003293261964
2016-09-07,7.06,1237,7.06,1224.16,1492.4087920884335,1195.1913933678727,1313.7779561539091,1405.3401247850836
2016-09-08,8.43,1528.11,8.43,1528.03,1492.7632319681506,1226.8903082852182,1322.17999708905,1407.769627264587
2016-09-09,4.07,3120.8,4.07,3120.8,1508.9626027943382,1407.2626598771021,1392.7141148502637,1441.6910207841001
2016-09-12,6.97,861.39,6.97,501.11,1498.934218686932,1320.9624065554733,1357.7492476012337,1423.0656540359003
2016-09-13,10.82,2932.76,10.82,2920.81,1513.0822364114401,1473.3288440263807,1419.045747695303,1452.7239579163775
2016-09-14,5.73,2000.14,5.73,2000.09,1517.928084805356,1523.4965731667253,1441.831796805291,1463.5628894427857
2016-09-15,3.06,568.52,3.06,564.27,1508.4389496331635,1432.141661436561,1407.4176086952798,1445.7551094538196
2016-09-16,6.43,2715.9,6.43,2715.9,1520.4534874477588,1554.4043603473647,1458.7306436484062,1470.9064934250312
2016-09-19,0.81,1091.7,0.81,1087.43,1516.144796030368,1509.9306117428537,1444.1698340935668,1463.3128994958226
2016-09-20,20.42,1738.15,20.42,1738.15,1518.353803035041,1531.6657915768676,1455.6984680506819,1468.7552183176876
2016-09-21,0.65,676.08,0.65,320.26,1506.4324716615579,1416.2938114266897,1411.1714693035963,1446.0127387470404
2016-09-22,0.35,764.59,0.35,756.6,1498.971452043035,1353.4658293860525,1385.5019999191416,1432.3610013461089
2016-09-23,2.83,1997.4,2.83,1997.19,1503.928850530169,1414.7728932540476,1409.4897646281947,1443.5457339927207
2016-09-26,3.93,1984.26,3.93,1984.26,1508.7082649527545,1469.0097605631859,1432.0297738584616,1454.2529471809837
2016-09-27,1.64,1256.5,1.64,1256.5,1506.1987299781001,1448.7707357476443,1425.1462533149925,1450.3370472368058
2016-09-28,1.36,741.61,1.36,663.88,1497.8174490827957,1374.0192371050116,1395.2926747536203,1434.7636403608294
2016-09-29,7.87,2440.96,7.87,2440.96,1507.2019520769968,1475.6326430950105,1436.2992365279881,1454.688320749724
2016-09-30,0.91,961.32,0.91,961.32,1501.7702908623003,1426.6504866097714,1417.6725998014003,1444.9186510319078
2016-10-03,3.28,1641.41,3.28,1640.07,1503.1464073711331,1446.9761545516978,1426.3940664758552,1448.7830341797908
2016-10-04,2.97,2126.93,2.97,2126.93,1509.3532092878384,1511.7336636420123,1453.866063868959,1462.2116869683098
2016-10-05,1.65,990.56,1.65,990.56,1504.1910878023873,1462.0980766284872,1435.697198619196,1452.8720496026008
2016-10-06,16.88,1739.18,16.88,1739.18,1506.529285933707,1488.486831235298,1447.5984849478548,1458.5415139669058
2016-10-07,6.04,2074.16,6.04,2074.16,1512.1773527403366,1544.2652282605077,1472.1695247538212,1470.731979036868
2016-10-10,12.37,745.33,12.37,745.27,1504.546433807597,1468.1704446166498,1443.663661037985,1456.3663952935638
2016-10-11,9,2308.64,9,2308.59,1512.5468673020487,1548.210402272207,1477.5823409972797,1473.2421102382457
2016-10-12,2.19,1302.84,2.19,1302.84,1510.4602318065058,1524.8417925319968,1470.729700173857,1469.8678110256071
2016-10-13,8.25,1983.68,8.25,1983.68,1515.1688862163912,1568.5406694337114,1490.845398206255,1480.0423098171793
2016-10-14,3.83,1595.5,3.83,1595.46,1515.967802771452,1571.1044152019294,1494.9479316099312,1482.3278086326807
2016-10-17,2.09,1588.52,2.09,1587.1,1516.6755858284523,1572.627804230317,1498.5617382134633,1484.4025054914396
2016-10-18,7.09,650.13,0.98,649.67,1508.0486645764279,1484.7270609702869,1465.2718661266608,1467.8731489470547
2016-10-19,0.88,724.98,0.88,722.83,1500.2355435358663,1412.1654361159738,1436.1564988275761,1453.119819264935
2016-10-20,0.78,1332.36,0.78,1332.36,1498.565140117599,1404.564918390643,1432.0860478931613,1450.7285357151343
2016-10-21,6.22,1647.45,6.22,1647.45,1500.0465815094637,1427.6968309248675,1440.5316930738218,1454.6240102554286
2016-10-24,19.53,1441.95,19.53,1423.78,1499.2877100516582,1427.3237994082135,1439.8747639336718,1454.0132377751231
2016-10-25,13.86,2049.45,13.86,2049.45,1504.7619616929353,1486.5739137502883,1463.7796751519593,1465.804064749873
2016-10-26,15.46,1830.68,15.46,1830.68,1508.0049272482295,1519.3459219645465,1478.1679231852158,1473.02933079443
2016-10-27,38.97,2139.76,38.97,2139.76,1514.2910473751128,1578.432977015542,1504.1127105112857,1486.2319183034513
2016-10-28,3.82,2102.14,3.82,2102.14,1520.1402906848132,1628.3098363473953,1527.5647610794706,1498.4281179410066
2016-10-31,13.4,1766.35,13.4,1766.27,1522.589342518795,1641.4488995524052,1536.9257508410599,1503.7319175857392
2016-11-01,2.68,2457.85,2.68,2457.85,1531.8954187126378,1719.201385309319,1573.0404272786654,1522.625344960279
2016-11-02,4.41,2710.18,4.41,2705.36,1543.5716832030594,1813.1212533750981,1617.4451164049924,1546.0458331788875
2016-11-03,16.34,1892.89,16.34,1892.89,1547.0474873502926,1820.718276863184,1628.246876545973,1552.9140345020778
2016-11-04,3.08,1756.96,3.08,1756.89,1549.1354725507872,1814.6393933524046,1633.2917049167193,1556.9531625317397
2016-11-07,0.55,324.95,0.55,324.95,1536.9545225751574,1672.764213033128,1581.984187076848,1532.5570603033884
2016-11-08,32.89,1681.41,32.89,1681.41,1538.391890509733,1673.5876213156873,1585.8832385640305,1535.5046432676777
2016-11-09,10.81,1388.8,10.81,1388.79,1536.9033144847606,1646.464038333241,1578.1540919536765,1532.5994028069315
2016-11-10,0.37,2039.48,0.37,2039.47,1541.9039780222256,1683.893177539599,1596.2449118770617,1542.6364443355071
2016-11-11,14.08,1903.68,14.08,1889.54,1545.3630429175269,1703.4785892024943,1607.7466800387456,1549.505821675398
2016-11-14,1.81,1554.09,1.81,1554.05,1545.449480301432,1689.2472949927328,1605.6409278803635,1549.595805404598
2016-11-15,7.69,1246.87,7.69,1143.45,1541.449485472562,1637.2666002315202,1587.5157934536826,1541.5533142084673
2016-11-16,6.07,2033.18,6.07,2025.16,1546.2625254181087,1674.2088287808992,1604.6783113574597,1551.1296842241413
2016-11-17,3.62,1454.64,3.62,1454.64,1545.3508584985254,1653.2975117541469,1598.7944560101084,1549.2189974078217
2016-11-18,6.99,1778.46,6.99,1778.46,1547.6703524438137,1665.2177487299423,1605.8401636175552,1553.7584232017261
2016-11-21,1.49,695.12,1.49,694.96,1539.1856723199946,1572.8122488509002,1570.119372887455,1536.752513831395
2016-11-22,4.12,1375.72,4.12,1375.67,1537.5586507048704,1554.036796579386,1562.4939072840255,1533.5627610822585
2016-11-23,14.67,1172.89,14.67,1172.84,1533.9296094043243,1517.7323397623015,1547.2133619003382,1526.4197361103325
2016-11-25,2.96,536.65,2.96,525.85,1523.8989665246793,1423.2673550230347,1507.159896727776,1506.6064740091379
2016-11-28,3.75,2064.56,3.75,2064.56,1529.278678300553,1484.342845020841,1529.0187243070789,1517.6550586822243
2016-11-29,8.02,1933.88,8.02,1933.88,1533.3045620985577,1527.1559073998085,1544.8956370793503,1525.8971367281208
2016-11-30,3.02,2084.14,3.02,2084.14,1538.7855117294177,1580.2020114569696,1566.0424748409444,1536.9514508523164
2016-12-01,3.33,2124.44,3.33,2124.16,1544.6101335032545,1632.0075341753534,1587.9294366118877,1548.5793429146468
2016-12-02,5.87,1553.88,5.87,1553.88,1544.702370980834,1624.5668166348435,1586.594164587892,1548.6843064212874
2016-12-05,1.36,813.83,1.36,813.83,1537.4300090805273,1547.353786479144,1556.2896875452295,1534.1327359971035
2016-12-06,11.41,935.15,11.41,935.12,1531.4368746618156,1489.0458068144635,1531.9300919552206,1522.2710976605272
2016-12-07,5.13,954.29,5.13,873.94,1524.8946172024941,1430.4643014035623,1506.1265589373688,1509.432858102893
2016-12-08,0.26,1337.92,0.26,1332.71,1522.9823324542106,1421.1543679365564,1499.3259095672759,1505.933395566202
2016-12-09,4.82,1492.29,4.82,1492.29,1522.6769361113827,1427.9291900378366,1499.0499915450298,1505.6632293173664
2016-12-12,3.44,2113.94,3.44,2113.94,1528.5601506774385,1493.263552891376,1523.1633252099307,1517.7083138853393
2016-12-13,2.73,1369.73,2.73,1238.92,1525.6781591284093,1469.0403573779117,1512.0165281428747,1512.1877532143424
2016-12-14,7.65,2856.49,7.65,2856.49,1538.9200679928033,1601.1784185800154,1564.7409780196247,1538.8075996853454
2016-12-15,4.44,1577,4.44,1577,1539.2989727888948,1598.8757120485855,1565.2217239796394,1539.563884840091
2016-12-16,0.72,2274.74,0.72,2274.74,1546.6167939551744,1663.2437394725296,1593.0459700980848,1554.1218277145447
2016-12-19,4.86,1338.14,4.86,1338.14,1544.5423979954214,1632.2814785703838,1583.0496575452187,1549.844959839009
2016-12-20,3.44,887.28,3.44,881.31,1537.9430706521835,1560.7603853732044,1555.5304552885434,1536.606643802593
2016-12-21,2.28,1604.77,2.28,1604.77,1538.6080152228085,1564.951777242423,1557.4614178262475,1537.9564132322446
2016-12-22,5.56,1639.82,5.56,1639.82,1539.615099648452,1572.0820841717161,1560.6911661467868,1539.973513960319
2016-12-23,3.55,664.13,3.55,663.38,1530.8963424380197,1485.5390285363146,1525.50249296456,1522.615226555164
2016-12-27,1.3,477.12,1.3,477.1,1520.4108066923677,1389.4972162947608,1484.3886697110477,1501.9119547421906
2016-12-28,1.71,1718.61,1.71,1718.61,1522.3829379690605,1420.8412909333551,1493.5738199184575,1506.2030051433353
2016-12-29,1.22,991.42,1.22,991.42,1517.0997246559355,1379.9440251301785,1473.8815132549885,1496.00928226921
2016-12-30,0.82,1604.67,0.82,1604.67,1517.9710706792596,1401.3464989273043,1479.0104735194986,1498.1609796500177
2017-01-03,2.6,749.88,2.6,678.79,1509.6210102744908,1332.531594267561,1447.6292784795182,1481.935811736156
2017-01-04,5.64,478.48,5.64,474.52,1499.3214977344462,1250.8162043373172,1409.4681303038508,1461.9869837809845
2017-01-05,8.65,1868.4,8.65,1868.4,1502.993920642561,1309.6337086861442,1427.4654585272292,1470.0347662803708
2017-01-06,1.45,1688.15,1.45,1687.96,1504.83437914363,1345.6647840493686,1437.6809307418478,1474.3501174431358
2017-01-09,5.46,2015.56,5.46,2015.56,1509.9162261173253,1409.4643284256192,1460.3428550264812,1485.0671448204994
2017-01-10,14.2,1321.78,14.2,1321.47,1508.0411392902872,1401.0839161946078,1454.8968607117172,1481.8275973983114
2017-01-11,4.86,1140.49,4.86,1128.22,1504.2618244714783,1375.096876557026,1442.0860034289046,1474.8254667567605
2017-01-12,4.85,1893.57,4.85,1892.53,1508.1251894021104,1424.376221646833,1459.750473882673,1483.0968436526662
2017-01-13,11.08,1204.33,11.08,1204.27,1505.1017546816913,1403.4137243471346,1449.731631769627,1477.5755200159797
2017-01-17,4.49,1725.98,4.49,1725.98,1507.2995481674457,1434.1343220283597,1460.5649011119947,1482.4944206097227
2017-01-18,3.72,1400,3.72,1394.03,1506.1724879866752,1430.3148627875635,1457.955689303681,1480.7426499045798
2017-01-19,1.39,1919.48,1.39,1904.46,1510.1355478077032,1475.4715425220813,1475.465662272164,1489.1330924807266
2017-01-20,5.69,1022.92,5.69,1022.92,1505.2876319091192,1432.3713956152164,1457.7187735556085,1479.9011500553656
2017-01-23,2.34,1672.93,2.34,1672.93,1506.9557151737051,1455.2817388899578,1466.1584294946042,1483.7235035196159
2017-01-24,3.76,889.92,3.76,889.92,1500.8160563162553,1401.4377637575808,1443.5608440242277,1471.9650183014057
2017-01-25,3.09,1043.62,3.09,1043.62,1496.2668418255462,1367.3598814949542,1427.876889356611,1463.4829387310808
2017-01-26,3.81,1894.89,3.81,1894.89,1500.2332414093717,1417.6008451621015,1446.191128989685,1472.025652815614
2017-01-27,0.9,1670.13,0.9,1668.35,1501.9060449774377,1441.4817170514252,1454.903241578325,1475.9132636509482
2017-01-30,18.63,2209.84,18.63,2209.84,1508.950163932886,1514.6586963798609,1484.5086046536846,1490.4464663509295
2017-01-31,21.3,1665.91,21.3,1665.87,1510.5115553365388,1529.0597729151123,1491.620816235893,1493.9201996905151
2017-02-01,5.39,1876.81,5.39,1875.77,1514.14596772125,1562.0797945422444,1506.6854901089953,1501.4815818748614
2017-02-02,5.74,1503.52,5.74,1503.52,1514.040236699148,1556.5026712525068,1506.561353241976,1501.5219465902107
2017-02-03,1.66,739.45,1.66,726.25,1506.2015278762708,1477.4309882760776,1475.9609080168004,1486.170026855751
2017-02-06,1.03,1828.29,1.03,1828.29,1509.4063882954124,1510.8461322497844,1489.7777351533964,1492.9446797893006
2017-02-07,2.54,1943.64,2.54,1943.64,1513.7271207501844,1552.064595845043,1507.5762553434593,1501.869339595453
2017-02-08,3.85,1373.32,3.85,1373.32,1512.3300349715757,1535.041301002658,1502.3113041535196,1499.3238081183154
2017-02-09,13.74,993.01,13.74,993.01,1507.1626714395202,1483.4192723357382,1482.3387039906365,1489.2977921159725
2017-02-10,30.46,1008.06,30.46,1007.24,1502.1883164998235,1438.0688654466203,1463.7073822655136,1479.7520932621908
2017-02-13,2.02,941.23,2.02,939.64,1496.590820813258,1390.5994496897993,1443.1557202158856,1469.056804286702
2017-02-14,2.77,1040.55,2.77,1039.17,1492.0393698598923,1357.1299782907709,1427.3131429525176,1460.5441943008266
2017-02-15,3.99,1250.69,3.99,1250.68,1489.637784090142,1346.9918851202212,1420.386353032811,1456.3884676810083
2017-02-16,3.06,1946.51,3.06,1943.42,1494.1530300195934,1403.7945627278193,1440.897476443289,1466.0326564398001
2017-02-17,1.83,1570.67,1.83,1570.64,1494.9140943975078,1419.684604372789,1445.9854185435522,1468.1040889855467
2017-02-21,5.86,711.83,5.86,711.79,1487.121814851264,1352.2660706229995,1417.193441345766,1453.1275723719716
2017-02-22,20.65,1929.39,20.65,1929.18,1491.5204037582166,1407.21025437319,1437.2713456067163,1462.554353117081
2017-02-23,7.43,2036.48,7.43,2035.87,1496.9368176511696,1467.0826110995529,1460.745802641747,1473.9071382038715
2017-02-24,5.77,2003.01,5.77,2003.01,1501.9723717043917,1518.1233148043573,1482.0110652832473,1484.384422595874
2017-02-27,1.1,1079.77,1.1,1078.03,1497.7540396476315,1476.209665775371,1466.168670566257,1476.3378003662526
2017-02-28,7.02,2395.12,7.02,2395.12,1506.683054178501,1563.724935701526,1502.5981344656195,1494.531507289693
2017-03-01,0.94,872.11,0.94,872.11,1500.3688944354312,1497.8568465870949,1477.873109584615,1482.2063289275209
2017-03-02,5.94,2230.07,5.94,2230.07,1507.6296019534866,1567.5914326264192,1507.3710268558066,1497.0155105329166
2017-03-03,1.46,1318.88,1.46,1318.88,1505.7514964614122,1543.9046295191413,1499.9792218810692,1493.4880746807796
2017-03-06,2.11,2083.07,2.11,2083.03,1511.495561173239,1595.2499028982706,1522.84395827789,1505.1621722118532
2017-03-07,5.49,2230.68,5.49,2223.95,1518.5846600670375,1655.1261026222448,1550.3383128552275,1519.3955945442917
2017-03-08,3.46,2092.53,3.46,2090.63,1524.2766534992063,1696.6026642772692,1571.5262221550224,1530.7071669295533
2017-03-09,6.28,1918.17,6.28,1918.17,1528.1959902803087,1717.7043152984818,1585.120095796002,1538.379698277483
2017-03-10,0.3,1043.2,0.3,1037.64,1523.3148361481663,1652.936285270055,1563.6502881177275,1528.4640606878297
2017-03-13,2.47,1107.27,2.47,1107.27,1519.1750865347517,1600.9680676252879,1545.7530219170324,1520.1235842385659
2017-03-14,0.91,1956.02,0.91,1955.97,1523.521304579182,1634.7777754704985,1561.8399622340114,1528.7542063328517
2017-03-15,0.34,513.76,0.34,513.76,1513.473928414215,1528.0141778066416,1520.7387872444424,1508.6553111579437
2017-03-16,1.85,1461.11,1.85,1459.26,1512.9344863404417,1521.4661608726758,1518.327854411327,1507.677186184519
2017-03-17,0.97,2462.07,0.97,2450.93,1522.2677750335718,1609.9865265038495,1554.900487571667,1526.3554597254197
2017-03-20,3,1655.84,3,1650.47,1523.5434190630885,1613.8420954082449,1558.6483115884644,1528.8131733942232
2017-03-21,1.1,2857,1.1,2857,1536.811643749028,1732.2380863217454,1609.5640640751913,1555.1139026339415
2017-03-22,2.2,1610.75,2.2,1610.6,1537.5458562490376,1720.6535066720553,1609.6046890134191,1556.2126372352495
2017-03-23,1.52,1339.62,1.52,1339.24,1535.5726636495447,1684.3284107985262,1599.0021521893634,1551.916149369205
2017-03-24,1.44,1356.96,1.44,1353.89,1533.7648759515394,1652.8580859605713,1589.3899109270355,1547.9948394807059
2017-03-27,7.05,1433.78,7.05,1433.78,1532.7700015639618,1631.9935063452788,1583.2875614789166,1545.733159490989
2017-03-28,5.17,655.55,5.17,655.55,1524.0414443344696,1538.9988866933475,1546.9056963228807,1528.1057701941377
2017-03-29,3.81,868.92,3.81,868.92,1517.5228229978081,1475.1818498654095,1520.3180219572776,1515.052586625937
2017-03-30,8.59,1226.73,8.59,1226.73,1514.6293620724568,1451.5197689258466,1508.8047661942471,1509.3432284749283
2017-03-31,0.45,1447.62,0.45,1447.62,1513.9626022508403,1451.1483623614802,1506.4053635983944,1508.1209863269098
2017-04-03,14.77,1876.79,12.84,1876.08,1517.5657604373991,1491.6180421365773,1520.9024081631633,1515.4073034293472
2017-04-04,2.82,1336.58,2.82,1336.52,1515.7643100847881,1476.846800028332,1513.671725490098,1511.864980589162
2017-04-05,0.84,2386.13,0.84,2386.13,1524.4246652083225,1563.4452000256338,1547.8857754708783,1529.1771591913568
2017-04-06,9.52,746.38,9.52,746.27,1516.6818327186875,1485.618990499383,1516.4498627073144,1513.6740471281616
2017-04-07,2.24,1651.11,2.24,1651.11,1518.0194264229792,1501.3800390232514,1521.7306524050668,1516.3955511454258
2017-04-10,0.69,869.46,0.69,868.92,1511.5607256625515,1441.1457495924656,1496.1302346636917,1503.574253102942
2017-04-11,1.04,1184.29,1.04,1146.82,1507.9314647106853,1413.1147258217545,1482.431794088645,1496.5098124474382
2017-04-12,1.85,1916.48,1.85,1916.37,1511.9955297384397,1461.043799553016,1499.4489786341883,1504.823875567291
2017-04-13,2.16,2265.18,2.16,2265.17,1519.4898030743757,1537.6272472146336,1529.477253981867,1519.8802344669487
2017-04-17,0.25,638.19,0.25,525.39,1509.5982627452775,1441.223699860859,1490.1012832374802,1500.18735853691
2017-04-18,5.25,1774.38,5.25,1774.38,1512.2329068970657,1472.9528713026818,1501.2494682085594,1505.616915793605
2017-04-19,0.21,1838.79,0.21,1829.09,1515.3857137936122,1506.8706930833787,1514.105959651361,1512.0223234016523
2017-04-20,0.12,933.93,0.12,933.93,1509.600084800641,1452.3049127897236,1491.3539612336606,1500.5749506610255
2017-04-21,0.45,2046.61,0.45,2046.61,1514.9434670414307,1508.9053972859404,1513.1287078519483,1511.3875258954606
2017-04-24,0.6,802.61,0.6,772.56,1507.5565668718643,1438.777264211089,1484.0867977401072,1496.7572778579267
2017-04-25,1.05,1067.56,1.05,1067.56,1503.178491579607,1403.4232390481282,1467.752413515005,1488.2583218607401
2017-04-26,11.5,1769.08,11.5,1769.01,1505.8235812156308,1438.2410258054492,1479.5664365144164,1493.8177610318146
2017-04-27,0.73,2111.1,0.73,2110.72,1511.8424510542814,1502.2866423954065,1504.3175566511059,1506.0336469519766
2017-04-28,5.47,2027.77,5.47,2027.77,1516.9760585064776,1552.3326764529868,1524.8451034491018,1516.3650598836207
2017-05-01,0.14,1422.23,0.14,1413.94,1515.9508240934779,1539.1524215527024,1520.4958837059996,1514.3368408760243
2017-05-02,1.18,1729.06,1.18,1722.75,1518.0085273363288,1556.6379052143498,1528.4274176783133,1518.463834126004
2017-05-03,9.35,1930.41,9.35,1930.41,1522.1120245767634,1592.2352475748878,1544.1914405144578,1526.621183945291
2017-05-04,1.24,2294.8,1.24,2294.74,1529.7998651282383,1659.140462091565,1573.624717357028,1541.8314575305328
2017-05-05,2.69,646.89,2.69,633.28,1520.8792694553204,1561.4394657018922,1536.7484539312622,1523.8403395596313
2017-05-08,3.31,1569.45,3.31,1569.45,1521.362560306511,1562.2023737302834,1538.0308675025854,1524.74350115251
2017-05-09,0.6,1744.41,0.6,1744.41,1523.581937815899,1579.5554809940659,1546.1241668162095,1529.0933328128563
2017-05-10,4.74,820.99,4.74,805.74,1516.4392319669846,1505.8587685184405,1517.0894936077307,1514.7695044403245
2017-05-11,25.47,2056.24,25.47,2056.24,1521.8103838877112,1558.2760286595412,1538.232650721153,1525.491692471209
2017-05-12,7.03,1839.03,7.03,1838.94,1524.9659024559926,1585.005930691966,1550.0250957909118,1531.698589649997
2017-05-15,2.86,613.04,2.86,613.04,1515.892012879316,1492.4377468165405,1513.2805822304838,1513.507330449007
2017-05-16,0.17,1768.26,0.17,1768.25,1518.4030376267856,1518.7055804530605,1523.2793829273276,1518.5517397470464
2017-05-17,0.99,2539.65,0.99,2539.65,1528.564698943932,1615.9383823146738,1563.1370541850795,1538.7715072768078
2017-05-18,18.43,1828.89,18.43,1825.89,1531.5231596509575,1635.933774475181,1573.4410912758606,1544.4570219841978
2017-05-19,1.28,516.44,1.28,516.34,1521.4218346793061,1529.3057959537352,1531.9861465199444,1524.0982690736196
2017-05-22,0.17,1095.76,0.17,1095.41,1517.1829109511539,1487.9823868152844,1514.8655133230839,1515.6093924583004
2017-05-23,0.52,1203.3,0.52,1203.28,1514.0594989018887,1460.8678737852572,1502.6464735849238,1509.4246520135816
2017-05-24,6.09,1491.75,6.09,1491.75,1513.8375138381882,1463.8090286628517,1502.219160895319,1509.0746589044018
2017-05-25,1.01,1833.14,1.01,1833.14,1517.0146530039774,1498.9834068854373,1515.1964487033456,1515.4917943716414
2017-05-26,2.17,1268.82,2.17,1268.79,1514.5447559591616,1477.0602252773003,1505.5334507149792,1510.6066103246783
2017-05-30,2.74,1804.02,2.74,1804.02,1517.4251066461352,1508.1992514413669,1517.2388055889016,1516.4167764568629
2017-05-31,1.77,2289.95,1.77,2289.95,1525.1119215053777,1582.6517036850462,1547.541205369729,1531.7342660319746
2017-06-01,1.14,672.28,1.14,662.5,1516.5287183063192,1495.0182080959942,1512.8337071199355,1514.521706308569
2017-06-02,3.28,1705.75,3.28,1705.19,1518.4059449898384,1515.034569229709,1520.377091154448,1518.297316084637
2017-06-05,3.64,1479.2,3.64,1479.17,1518.0155375770041,1511.6188959697367,1518.76112679545,1517.5225177463274
2017-06-06,1.51,1469.67,1.51,1469.5,1517.5327959095712,1507.6075725440476,1516.8293179015109,1516.5715768008556
2017-06-07,0.34,1786.19,0.34,1786.19,1520.2060019204212,1534.1392323017574,1527.3924819053732,1521.9105554780665
2017-06-08,3.19,1610.25,3.19,1610.25,1521.1019621003175,1541.3878768444472,1530.6417963404565,1523.6598514091938
2017-06-09,5.96,1243.66,5.96,1243.66,1518.341345562006,1513.0328409544998,1519.3876082486738,1518.1152998961404
2017-06-12,2.12,1538.71,2.12,1538.71,1518.5440187404934,1515.4782846731189,1520.145349101667,1518.5231157397811
2017-06-13,0.45,865.08,0.45,846,1511.8520384545184,1451.7184480375838,1493.7082765878763,1505.2058263191914
2017-06-14,0.93,1904.25,0.93,1904.25,1515.7564957833292,1494.8166910816235,1509.8079520158028,1513.1076911445539
2017-06-15,6.45,2042.14,6.45,2042.14,1520.9941425914553,1546.9427205024213,1530.6837186034184,1523.5835784486221
2017-06-16,7.41,2282.71,7.41,2282.71,1528.573404854227,1617.0157947402859,1560.1749453248528,1538.6157848159762
2017-06-19,2.22,965.1,2.22,965.1,1522.9667043084137,1554.9285761935919,1536.8386729591723,1527.2590366017985
2017-06-20,2.3,2281.24,2.3,2281.23,1530.5116127232554,1624.1001403656308,1566.0304897058713,1542.1891546888917
2017-06-21,0.73,2124.36,0.73,2124.36,1536.4205519001384,1671.743936521285,1587.9257646193666,1553.7172902396067
2017-06-22,1.92,1185.76,1.92,1185.73,1532.9310936722763,1625.4568949478291,1572.153381693117,1546.430413205159
2017-06-23,0.64,1323.56,0.64,1323.56,1530.8477992078756,1596.7048097147026,1562.4046216267202,1542.017137696146
2017-06-26,0.69,853.31,0.69,851.68,1524.0899106585434,1525.75006593235,1534.533067837437,1528.3470953655292
2017-06-27,5.16,1934.09,5.16,1934.09,1528.1695135375628,1564.6395834626023,1550.2019671379298,1536.381608328588
2017-06-28,0.22,631.02,0.22,627.81,1519.210712407836,1475.417718370926,1514.0297331325207,1518.3900913319824
2017-06-29,2.15,1959.9,2.15,1945.58,1523.4531928813897,1520.1950785260758,1530.9532730096769,1526.8492974442204
2017-06-30,0.45,1265.03,0.45,1264.11,1520.8726635989879,1495.8060234283544,1520.488830930866,1521.6465390789883
2017-07-03,0.85,488.87,0.85,488.87,1510.6039803790975,1399.907354530416,1480.0331905022047,1501.1955185031668
2017-07-05,1.02,1857.76,1.02,1857.76,1514.0582691315442,1443.512368384662,1494.8460065609418,1508.2562013050842
2017-07-06,0.4,2376.41,0.4,2376.41,1522.6388833690412,1532.359761871837,1529.417143558552,1525.4473656356765
2017-07-07,1.21,1100.23,1.21,1091.24,1518.3463571663642,1490.3483559792812,1512.233726164099,1516.8491999795244
2017-07-10,1.34,1143.36,1.34,1143.27,1514.6142541099825,1457.293274457445,1497.7645604321735,1509.4515920591377
2017-07-11,2.31,1159.84,2.31,1159.1,1511.0767988452067,1428.8939149853074,1484.4835972779706,1502.513936770838
2017-07-12,0.55,797.81,0.55,797.81,1503.979616767145,1368.7906849867068,1457.5552209141285,1488.5594033694351
2017-07-13,4.56,968.6,4.56,968.6,1498.6524564013027,1330.6772864165441,1438.3805063684765,1478.2631775601394
2017-07-14,0.8,724.17,0.8,724.17,1490.9461633027822,1272.9146877102066,1410.3722512167715,1463.3306393906316
2017-07-17,1.52,1058.9,1.52,1058.47,1486.6429178967844,1252.4913841187583,1396.5721629337609,1455.3135970264607
2017-07-18,13.48,1530.27,13.48,1530.27,1487.0770182162194,1278.9464903931623,1401.815215367731,1456.7978822338575
2017-07-19,1.26,514.36,1.26,489.7,1477.1528687812322,1203.7801579747659,1366.0459912356632,1437.6474291203158
2017-07-20,0.86,1635.12,0.86,1635.12,1478.724681032165,1244.86014292955,1376.59791314799,1441.5577770585273
2017-07-21,8.59,1664.49,8.59,1664.44,1480.5725946537357,1284.820129317212,1387.8858381225787,1445.9712864237051
2017-07-24,0.89,1556.53,0.89,1556.53,1481.3283897318079,1310.6972598584298,1394.4993346667914,1448.1605678806613
2017-07-25,0.27,1016.41,0.27,1016.41,1476.7023361026356,1282.6699017766746,1379.6723019347603,1439.6110516850047
2017-07-26,1.25,1814.94,1.25,1814.94,1480.0678849971368,1333.3622920836578,1396.7416234275147,1447.0433080872817
2017-07-27,12.29,1840.41,12.24,1840.41,1483.6533786787575,1381.6525499804522,1414.1403832931023,1454.832747531098
2017-07-28,2.71,1619.82,2.71,1619.82,1485.0082704331976,1404.3351642680282,1422.2062506149414,1458.099821837413
2017-07-31,1.38,1451.04,1.38,1450.61,1484.6659990856035,1408.7422914805968,1423.3201231398457,1457.9515085337018
2017-08-01,4.19,1415.54,4.19,1415.54,1483.9781781991796,1409.3896922919685,1423.0150202716165,1457.1116766815494
2017-08-02,3.86,1820.19,3.86,1820.14,1487.3230719484416,1448.508769216543,1438.588548888416,1464.3003563512216
2017-08-03,0.49,1892.2,0.49,1892.2,1491.3516980982083,1490.7650769102056,1456.377233245733,1472.7736166214945
2017-08-04,1.54,1023.11,1.54,1023.11,1486.6925767240969,1446.2264981568528,1439.3863613537433,1463.8693865893856
2017-08-07,0.55,1394.97,0.55,1394.86,1485.7788197417676,1441.334450713343,1437.6402295359494,1462.5028640826652
2017-08-08,2.98,1818.07,2.98,1818.07,1489.0851996448346,1477.2140268358817,1452.5590440639514,1469.5437974671668
2017-08-09,4.06,1783.73,4.06,1783.71,1492.0167896981197,1506.4041195181787,1465.5453560614435,1475.764910388609
2017-08-10,3.94,2384.93,3.94,2384.93,1500.9014982583374,1590.073250992638,1501.5996558237398,1493.7681794898247
2017-08-11,17.19,1439.81,17.19,1439.74,1500.2929261363638,1575.7557985171486,1499.1737869679068,1492.698314549432
2017-08-14,0.05,692.02,0.05,691.65,1492.2467278663503,1491.55524627742,1467.5061874789694,1476.835971687067
2017-08-15,10.39,1578.7,10.39,1578.7,1493.1069594298692,1499.8547466319515,1471.8667291464608,1478.8530811586104
2017-08-16,0.28,1100.3,0.28,1100.3,1489.198432470368,1461.8019136193845,1457.2954848662075,1471.3569805416082
2017-08-17,2.09,2115.03,2.09,2114.97,1495.4250152318568,1524.008398036586,1483.0866423224347,1484.101792808111
2017-08-18,4.97,1358.74,4.97,1358.71,1494.0646668215895,1508.265693461673,1478.2091269372413,1481.6187870099307
2017-08-21,0.37,1302.09,0.37,1302.09,1492.1544711318224,1488.6299131319897,1471.3024945083298,1478.0637615245855
2017-08-22,2.4,586.71,2.4,586.45,1483.142486344441,1402.7080166432288,1436.6023966844737,1460.4080434745938
2017-08-23,0.89,1012.11,0.89,1012.05,1478.4549989181282,1365.5024912486356,1419.9532830890041,1451.5296663760869
2017-08-24,0.7,1228.8,0.7,1228.75,1475.9703720632215,1352.4784444630513,1412.4551151247294,1447.1181878339862
2017-08-25,1.09,741.85,1.09,741.84,1468.665592241697,1294.322402133237,1386.1564831590538,1433.1522831244024
2017-08-28,0.41,1386.77,0.41,1386.77,1467.8507107268542,1303.126935263405,1386.1805426430124,1432.2338220724341
2017-08-29,2.44,1231.57,2.44,1231.57,1465.4996588788258,1296.3119890478424,1380.1173841079922,1428.2602810412968
2017-08-30,1,1023.69,1,1023.5,1461.1016523228177,1270.3298948528097,1366.1323886527769,1420.2452259711722
2017-08-31,1.87,729.53,1.87,729.53,1453.8223323992077,1218.825142962066,1341.167589097766,1406.5676967440202
2017-09-01,0.71,512.54,0.71,504.45,1444.3758415295638,1150.7894150609168,1308.355134623344,1388.7039799768118
2017-09-05,0.06,1816.25,0.06,1816.25,1448.076081912354,1214.1666136265437,1328.2725803243893,1397.1702377990532
2017-09-06,1.53,871.97,1.53,871.93,1442.3432850774052,1181.5726504240158,1310.3767928606878,1386.7694410109532
2017-09-07,1.71,1401.27,1.71,1401.26,1441.9344961711624,1202.495255145538,1313.9408401994845,1387.0563827731125
2017-09-08,2.98,1783.12,2.98,1781.91,1445.3173370052803,1257.677611798344,1332.2925719563675,1394.875266282556
2017-09-11,0.55,597.57,0.55,597.47,1436.88104509478,1194.800696388978,1303.4760005070982,1379.085062989832
2017-09-12,2.55,758.41,2.55,752.18,1430.0680993724438,1152.6463443519324,1281.8565495068199,1366.671101346469
2017-09-13,0.95,1130.91,0.95,1130.91,1427.0914018662504,1150.576216318415,1275.9370769771406,1362.002564686143
2017-09-14,8.34,1459.16,8.34,1459.16,1427.4104923949444,1179.9651480976136,1283.1222896447036,1363.9264742963182
2017-09-15,1.68,1605.06,1.68,436.87,1417.554368092507,1109.1941816121266,1249.9359253449113,1345.5689203498564
2017-09-18,0.19,754.49,0.19,754.49,1410.9567126886016,1075.4128309824002,1230.506673370601,1333.8643872736216
2017-09-19,10.86,946.76,10.86,946.32,1406.3334618160782,1063.118275650743,1219.3620979443028,1326.1902409909756
2017-09-20,1.02,798.79,1.02,798.66,1400.2869597084555,1037.9317732078152,1202.8639764562909,1315.7440976050157
2017-09-21,4.1,1144.64,4.1,1144.64,1397.7432088655853,1048.0944614737375,1200.5806832619264,1312.3558976524412
2017-09-22,3.33,734.38,3.33,730.87,1391.1076545485148,1017.8826080000482,1182.1606564673411,1300.8413254216998
2017-09-25,1.41,899.24,1.41,899.24,1386.2134490306191,1006.5833120000436,1171.0657287627396,1292.8888239282007
2017-09-26,2.37,926.99,2.37,922.88,1381.6031659556877,998.6115680000395,1161.3329550857693,1285.561916523682
2017-09-27,0.81,793.57,0.81,793.57,1375.7520896775216,979.0837996190834,1146.910878415739,1275.819502335094
2017-09-28,3.42,917.18,3.42,917.18,1371.189183312571,973.1881996553611,1137.90182436022,1268.7177300116268
2017-09-29,0.17,834.18,0.17,831.3,1365.817151637819,959.675037783422,1125.8782234049172,1260.055992783674
2017-10-02,0.1,696.87,0.1,696.87,1359.1609610742587,934.6459865659532,1109.0543715066851,1248.9037949067695
2017-10-03,1.57,899.11,1.57,899.07,1354.582941561082,931.2577973691957,1100.8196902711288,1241.9763930274275
2017-10-04,2.88,1448.08,2.88,1447.15,1355.5040068191806,980.390388095939,1114.40127104481,1246.0392367298548
2017-10-05,4.6,892.34,4.6,891.18,1350.8838674478454,971.8941606582305,1105.6474957097196,1239.0123211510459
2017-10-06,2.13,1528.06,2.13,1527.94,1352.6456200105533,1024.8509072622085,1122.2079860740444,1244.7336613262726
2017-10-09,0.89,1198.45,0.89,1198.45,1351.1113352343289,1041.3841541896172,1125.1978689731015,1243.817153181198
2017-10-10,0.61,911.03,0.61,884.01,1346.4635607543853,1026.3961395048918,1115.7395211702349,1236.6922590587978
2017-10-11,2.56,1053.38,2.56,1053.38,1343.5473064185207,1028.9660309806163,1113.2940497517943,1233.0623133348613
2017-10-12,7.54,1529.02,7.54,1528.97,1345.3923083447046,1076.58545660151,1129.5950674085866,1238.9218714866463
2017-10-13,1.61,1110.33,1.61,1110.33,1343.0533799034638,1079.7992226394615,1128.839574569034,1236.3754977938413
2017-10-16,0.05,1168.03,0.05,1168.03,1341.3118537352702,1088.2021538166557,1130.3764539976994,1235.0221215999038
2017-10-17,2.48,1221.19,2.48,1221.19,1340.116611409546,1100.8676629769743,1133.9377695272015,1234.748218201886
2017-10-18,6.11,1205.09,6.11,1205.08,1338.7729635348242,1110.7926474553576,1136.7276609182916,1234.1607287325417
2017-10-19,0.25,982.29,0.25,982.28,1335.2257698678109,1098.5533476977046,1130.670889901888,1229.172991529917
2017-10-20,19.6,985.65,19.6,985.62,1331.7471054910168,1087.7977907741138,1124.982619709657,1224.3501600144732
2017-10-23,1.73,1921.65,1.73,1921.65,1337.6167860333946,1167.2122868908648,1156.2244777602587,1238.158077637949
2017-10-24,0.81,1258.26,0.81,1257.64,1336.8209971176395,1175.8244500441158,1160.201557063778,1238.5438582787817
2017-10-25,0.71,2128.34,0.71,2128.34,1344.6968080915933,1266.5402167065808,1198.1677705122572,1256.1635838574198
2017-10-26,0.3,1616.68,0.3,1616.68,1347.4031085085924,1299.8868627345255,1214.5800148058943,1263.302522790936
2017-10-27,0.87,1322.22,0.87,1322.18,1347.1521323045267,1302.0100186645707,1218.7996220684083,1264.4684134287393
2017-10-30,2.93,1891.67,2.93,1891.67,1352.5702205403027,1358.1681121250876,1245.1866957127845,1276.88824682619
2017-10-31,5.05,1551.45,5.05,1551.45,1354.5491238185086,1376.5759109703174,1257.1970213711068,1282.3251132256714
2017-11-01,6.14,1356.78,6.14,1356.78,1354.5713215914589,1374.6905861160014,1261.1022362192987,1283.7994674192225
2017-11-02,36.06,1897.36,35.32,1897.36,1359.9722039636831,1424.468625533525,1286.0535210734438,1295.9491809356737
2017-11-03,1.11,1550.18,1.11,1549.07,1361.853774073497,1436.3354231017606,1296.3678927960539,1300.961474382492
2017-11-06,3.9,1157.79,3.9,1157.74,1359.8227912468951,1409.8025256634978,1290.9315048432675,1298.1254055828388
2017-11-07,1.94,1837.08,1.94,1835.97,1364.5605744185677,1450.3899041717361,1312.3055634768648,1308.7757935910993
2017-11-08,6.43,1730.62,6.43,1714.91,1368.0466383547014,1475.5822942506184,1328.0939727522818,1316.8180551041469
2017-11-09,7.83,1564.22,7.83,1563.94,1369.995826032764,1483.9973138457976,1337.3428365659179,1321.7115589634707
2017-11-10,0.89,1447.85,0.89,1447.85,1370.7704944304478,1480.5547125271503,1341.6764508182348,1324.209349875085
2017-11-13,1.82,1700.7,1.82,1700.7,1374.053375082881,1501.5209303817073,1355.755805688108,1331.6646102735983
2017-11-14,4.23,1943.9,4.23,1943.8,1379.7224957288227,1543.6427465358304,1378.81636232779,1343.7861031394677
2017-11-15,6.95,1601.68,6.95,1601.68,1381.9310281096305,1549.1701040086084,1387.5561128247396,1348.8929129782903
2017-11-16,0.14,837.14,0.14,836.88,1376.5076347951067,1481.3329512458838,1365.960971145338,1338.7540434143637
2017-11-17,0.69,898.19,0.69,898.19,1371.748255344409,1425.7955273177045,1347.6170114925796,1330.030002950713
2017-11-20,1.53,1119.54,1.53,1119.54,1369.23872046536,1396.6283342398278,1338.672814963459,1325.8618840804018
2017-11-21,7.55,1175.22,7.55,1175.05,1367.3064943910779,1375.5256357407966,1332.2562339844997,1322.8755101382155
2017-11-22,1.49,933.44,1.49,933.44,1362.989414844898,1333.4222418607208,1316.616381671382,1315.1639158780529
2017-11-24,0.09,489.49,0.09,489.43,1354.2972813638542,1253.042028350176,1284.1777000372101,1298.8127492270023
2017-11-27,3.28,1601.61,3.28,1601.61,1356.7581044348606,1286.2389780311116,1296.626025525947,1304.8087343908242
2017-11-28,0.76,678.9,0.76,678.81,1350.0123521519267,1228.3885991710058,1272.3979460935568,1292.4127198484316
2017-11-29,2.59,1179.77,2.59,1179.77,1348.3183983991712,1223.7582563928147,1268.7654776192996,1290.182170940542
2017-11-30,2.23,1567.7,2.23,1567.69,1350.5012004051496,1256.51366054588,1280.4880079087388,1295.6773754763728
2017-12-01,0.88,1156.93,0.88,1156.93,1348.5751188090785,1247.0295023986532,1275.6425958338864,1292.9299026946626
2017-12-04,2.48,1382.81,2.48,1382.81,1348.9157643930678,1259.9609783606863,1279.8452391345184,1294.709706601699
2017-12-05,0.35,2079.25,0.35,2079.25,1356.1827717125398,1337.988504231097,1311.1944454429686,1310.245157956121
2017-12-06,4.07,1820.09,4.07,1820.09,1360.798764033808,1383.902932399564,1331.1511338569699,1320.3410954223364
2017-12-07,5.35,985.69,5.35,985.69,1357.066338521034,1345.9778912186532,1317.6036384115985,1313.7143410575377
2017-12-08,7.04,781.76,7.04,695.29,1350.4814993317698,1284.0076158644958,1293.1991820033004,1301.4683145019428
2017-12-11,3.35,979.8,3.35,979.35,1346.7886485921501,1254.992604829782,1280.8913709443475,1295.0897340167558
2017-12-12,9.65,1368.65,9.65,1368.56,1347.0052789544172,1265.8085472269456,1284.3293563975103,1296.5445907688993
2017-12-13,3.21,1528.67,3.21,1528.67,1348.8128881190498,1290.8429713005698,1293.9113424211373,1301.1411335259509
2017-12-14,1.57,2033.24,1.57,2030.78,1355.5986305258255,1361.3131645100393,1322.8081525222692,1315.5894279115755
2017-12-15,3.57,1159.06,3.57,1157.72,1353.6296889285536,1341.923339318607,1316.3341073253175,1312.4633006261977
2017-12-18,0.15,725.64,0.15,725.64,1347.381035307374,1283.2296879549301,1293.1696325282462,1300.843037247461
2017-12-19,3.63,1898.14,3.63,1897.37,1352.853562319241,1341.719241483032,1316.8637645859621,1312.6554523514717
2017-12-20,0.8,1249.17,0.8,1249.17,1351.8218850822336,1332.9050280084575,1314.2091071512186,1311.3983146811456
2017-12-21,3.87,812.5,3.87,812.5,1346.4554981659926,1283.3426443886044,1294.534240204112,1301.5191401330042
2017-12-22,1.32,986.7,1.32,985.72,1342.8660902240424,1254.9976306373087,1282.4238778431663,1295.2656918135388
2017-12-26,1.25,589.02,1.25,582.02,1335.2954823611167,1190.904522957565,1254.9570591042186,1281.1420147479241
2017-12-27,2.19,1012.73,2.19,1009.83,1332.057019850061,1173.6593302949398,1245.3442332569944,1275.7694996044008
2017-12-28,1.97,570.74,1.97,570.74,1324.4817261202095,1116.2384416954217,1218.8891652861319,1261.8085194142147
2017-12-29,1.17,1416.18,1.17,1416.08,1325.3931517309536,1144.794780581572,1226.6221391964796,1264.8634002178937
2018-01-02,1.67,716.92,1.67,716.92,1319.33869250975,1104.0448014785652,1206.6338200123039,1254.0130358571434
2018-01-03,7.57,1187.67,7.57,1187.67,1318.0285562658719,1112.0091060996542,1205.890140796135,1252.6993123748239
2018-01-04,2.74,1268.35,2.74,1268.35,1317.5342422731767,1126.8987150425444,1208.339547039424,1253.009226981263
2018-01-05,6.81,1111.84,6.81,1111.8,1315.4871353848864,1125.4607421813496,1204.5536824496426,1250.2130046648024
2018-01-08,1.6,1268.65,1.6,1268.65,1315.021094236778,1139.0978143545544,1207.0672635300486,1250.578093681341
2018-01-09,2.04,1651.6,2.04,1651.54,1318.3695410602927,1187.901832035073,1224.497566921027,1258.5179334104234
2018-01-10,2.32,1457.29,2.32,1457.02,1319.7491476169066,1213.5321337460184,1233.6160937084378,1262.4486674022962
2018-01-11,2.62,549.74,2.62,549.17,1312.0816934117634,1150.259549579731,1206.775070425754,1248.324337354726
2018-01-12,2.15,1152.47,2.15,1152.45,1310.49331835294,1150.4681639054709,1204.644675507097,1246.4258356249293
2018-01-16,2.4,2321.5,2.4,2321.5,1320.5530863295276,1261.9950054382832,1248.4429235264265,1267.714432939287
2018-01-17,5.43,1182.69,5.43,1179.3,1319.147582982965,1254.119290634637,1245.7314363293117,1265.9636520890042
2018-01-18,5.35,1289.22,-44.28,1288.92,1318.8468110129854,1257.433643907529,1247.4251054928682,1266.4182332357566
2018-01-19,6.18,1127.24,6.18,1127.24,1316.9402755800204,1245.034249249669,1242.711964100991,1263.6622286172267
2018-01-22,5.1,888.3,5.1,871.85,1312.511516619025,1209.492892178272,1228.168357665658,1255.9035706248064
2018-01-23,4.34,1446.4,4.34,1446.4,1313.8437403342587,1232.0554738755795,1236.7264612866127,1259.6757771470875
2018-01-24,2.98,1662.71,2.98,1657.09,1317.2591260025745,1272.5349525540958,1253.2113059420396,1267.5453657184323
2018-01-25,1.59,1875.28,1.59,1875.28,1322.8115725100115,1329.939242787039,1277.6061566894107,1279.5797149121267
2018-01-26,1.66,932.2,1.66,923.05,1318.8338454203597,1291.1878863311304,1263.701993681983,1272.5197205574311
2018-01-29,3.39,2156.57,3.39,2156.57,1327.1695285505054,1373.6052304900704,1298.7164253022972,1290.0256666850069
2018-01-30,10.33,2507.23,10.33,2507.23,1338.9114237888089,1481.5694942529208,1346.1091145061287,1314.1287227902542
2018-01-31,1.11,1856.47,1.11,1856.47,1344.0612603680247,1517.2743043240712,1366.1232668784373,1324.8681540221303
2018-02-01,16.2,1694.36,16.2,1694.36,1347.5468199663528,1534.1396086741597,1378.9952956283025,1332.1848242395138
2018-02-02,4.88,3028.13,4.88,3028.13,1364.269040663205,1676.4244078480492,1443.6672448193494,1365.76789702685
2018-02-05,7.41,3588.57,7.41,3588.57,1386.4013885173024,1858.5335118625208,1527.7810783558455,1409.7837802540412
2018-02-06,4.37,2005.14,4.37,801.62,1380.5826682335482,1757.8750821613282,1499.3041733222828,1397.7409331202978
2018-02-07,8.64,2246.9,8.64,2246.9,1389.2027411864483,1804.4488838602495,1528.621656721409,1414.5559641476186
2018-02-08,9.26,3454.99,9.26,3454.99,1409.7578382890706,1961.643275873559,1604.1655133205693,1454.9605985209332
2018-02-09,1.66,2339.29,1.66,1154.09,1407.2138796991296,1884.7334400760774,1586.515493190351,1449.0027648868554
2018-02-12,1.21,727.86,1.21,663.32,1399.8119505478944,1768.4083505450224,1550.311748359357,1433.4446903346404
2018-02-13,4.32,1355.47,4.32,1349.92,1399.3155132290099,1728.5523171597822,1542.4532484236959,1431.790736070588
2018-02-14,7.33,586.98,7.33,581.23,1391.1753588685222,1619.2835250493267,1504.7582190737471,1414.9479492177052
2018-02-15,0.96,966.21,0.96,896.08,1386.2490368897309,1550.4069988541528,1480.8884849924236,1404.673336361909
2018-02-16,4.99,1460.56,4.99,1460.56,1386.9884494579921,1541.850141820424,1480.0912895025247,1405.7800029686039
2018-02-20,5.84,2014.14,5.84,2014.14,1393.2287633937335,1586.8301283137168,1501.0343761887002,1417.826735583087
2018-02-21,4.93,2370.15,4.93,2370.15,1402.949372713199,1661.4320208552676,1535.117341828359,1436.6846220071843
2018-02-22,1.33,1477.01,1.33,1477,1403.6861948752567,1643.8670664880992,1532.8382303841097,1437.4829463238736
2018-02-23,0.96,560.96,0.96,484.95,1394.5445411949058,1533.4940125368516,1491.7445742906152,1418.6209077828069
2018-02-26,2.21,838.95,2.21,838.37,1389.0104661581406,1467.29172562858,1466.122041965493,1407.1307907970088
2018-02-27,2.87,2625.84,2.87,2625.84,1401.3172276889054,1577.6296565210962,1511.6011775746895,1431.2636464247907
2018-02-28,8.16,2806.1,8.16,2806.1,1415.2951657218516,1694.6268320905156,1562.3658372776429,1458.4881286738048
2018-03-01,4.16,2169.88,4.16,2169.88,1422.8034725305895,1739.8890385580855,1586.1899220902844,1472.5750964228384
2018-03-02,5.06,1227.46,5.06,1006.72,1418.6633384755587,1670.063415838268,1563.4656114200773,1463.3502430283268
2018-03-05,3.99,525.54,3.99,525.5,1409.7761410777919,1561.0573762346235,1522.7610776388979,1444.7789510871717
2018-03-06,1.75,1094.4,1.75,1093.89,1406.6329953954257,1516.5652451646592,1505.942604006,1437.8306550260395
2018-03-07,5.36,1669.3,5.36,1669.27,1409.2462989238295,1531.1085551489773,1512.3475999273332,1442.4136123522565
2018-03-08,2.53,1339.01,2.53,1258.18,1407.7431516708562,1505.1153594205032,1502.3802430674377,1438.7654220086474
2018-03-09,1.94,622.71,1.94,608.69,1399.7923740422905,1419.7415156661696,1467.3335668687146,1422.3282849391692
2018-03-12,1.71,1118.92,1.71,1118.72,1396.9956340020688,1391.072799888439,1453.6624465993532,1416.316239692849
2018-03-13,1.52,1882.38,1.52,1882.27,1401.8242346587647,1437.8534856133497,1470.4705859483981,1425.543046827644
2018-03-14,6.96,1892.96,6.96,1892.92,1406.7107596870358,1481.1931536501736,1487.0372296366963,1434.798035999374
2018-03-15,1.75,2003.15,1.75,2003.15,1412.64547849612,1530.903329493014,1507.2769461215319,1446.05253033602
2018-03-16,3.52,1273.19,3.52,1272.88,1411.2547772175517,1506.329679065108,1498.0849090187266,1442.6233713194652
2018-03-19,2.99,2255.49,2.99,2255.49,1419.655127692999,1577.6782810589073,1527.7870694493647,1458.7197402042282
2018-03-20,3.3,1580.19,3.3,1580.08,1421.2513950791383,1577.9070161961542,1529.837772608213,1461.1229136655306
2018-03-21,3.97,1181.08,3.97,1181.08,1418.8616299539729,1540.1139670346158,1516.1609972118126,1455.57750943453
2018-03-22,5.51,2664.03,5.51,2663.61,1431.2471858748288,1647.1135892217953,1561.1589973211533,1479.498944891272
2018-03-23,1.43,2584.9,1.43,2584.89,1442.7262188511986,1736.425628343529,1601.3053111516963,1501.3878766756031
2018-03-26,0.06,555.78,0.06,461.58,1432.9635699074056,1615.0117589774786,1556.6102009104534,1480.7976216919278
2018-03-27,1.78,2309.94,1.78,2309.94,1441.6897035401678,1681.1954009796236,1586.1525459727886,1497.2162826485232
2018-03-28,5.43,1700.97,5.43,1700.93,1444.269208977579,1683.0748866006118,1590.6536226013068,1501.250217645582
2018-03-29,1.19,595.02,1.19,595.02,1435.8189680922299,1579.4506116862678,1551.6091668130202,1483.305064820917
2018-04-02,3.62,2441.22,3.62,2440.64,1445.8171873151928,1661.468648668528,1586.473121055647,1502.2621922502058
2018-04-03,0.68,811.05,0.68,510.3,1436.5085585856884,1551.8335392715253,1544.2702535632686,1482.6193765620828
2018-04-04,6.1,970.69,6.1,711.41,1429.293647554985,1471.7932021980466,1511.6090671490228,1467.3479037588734
2018-04-05,1.01,561.28,1.01,555.68,1420.6009744449852,1384.5443257982326,1474.1216527510219,1449.2950739814698
2018-04-06,2.08,2321.48,2.08,2321.35,1429.5636513161794,1473.7639138174486,1507.3462938196092,1466.5634883580744
2018-04-09,1.23,25501.24,1.23,25501.14,1669.081823939899,3762.0854458348344,2448.279380336487,1942.4956965093997
2018-04-10,0.86,420.04,0.86,419.99,1656.653049572338,3443.790641469612,2368.7386203232913,1912.3470688557484
2018-04-11,3.94,1328.98,3.94,1328.76,1653.390432163658,3242.3591518058397,2327.9551450164954,1900.7908892744465
2018-04-12,1.88,1107.11,1.88,1107.11,1647.9548059729748,3039.0020897290933,2280.07886481977,1885.0744360214871
2018-04-13,0.74,1525.08,0.74,1524.95,1646.7308775553333,2894.806652612037,2250.465968160171,1877.9432590705667
2018-04-16,2.01,747.11,2.01,747.08,1637.779127529907,2690.261257125176,2191.509655683302,1855.5499272077832
2018-04-17,1.48,679.62,1.48,666.72,1628.1168476539876,2497.5430421608735,2131.7139829114076,1832.0087405304014
2018-04-18,3.94,1161.67,3.94,1161.67,1623.4755854882762,2370.317038145552,2093.673042405078,1818.734706064453
2018-04-19,2.35,1765.03,2.35,1747.57,1624.7103557819253,2311.0077964174043,2080.1003740754672,1817.3255039641667
2018-04-20,5.98,1883.83,5.98,1883.8,1627.2883621920553,2270.3213396157466,2072.402320190155,1818.6418306183416
2018-04-23,6.58,1270.08,6.58,1270.08,1623.7340501304427,2175.060259652342,2040.938699790541,1807.7792201110476
2018-04-24,1.02,1911.3,1.02,1911.3,1626.5954028654633,2149.940234923548,2035.8548292105197,1809.8291365444923
2018-04-25,5.32,1526.16,5.32,1526.16,1625.596045623021,2090.5325935022574,2015.8667966924602,1804.211925919849
2018-04-26,1.76,1159.25,1.76,1159.25,1620.9557864625929,2001.839013168709,1982.273981135893,1791.4404026343072
2018-04-27,4.22,1289.47,4.22,1289.47,1617.6574204281392,1933.9943452478797,1955.1051975619366,1781.5003946613506
2018-04-30,12,2214.52,12,2214.5,1623.5961525631826,1960.7091695099864,1965.2775427555862,1790.074644272017
2018-05-01,4.51,1684.62,4.51,1684.62,1624.2033550252404,1934.4149628899877,1954.2713646083082,1787.9864334943532
2018-05-02,9.81,2047.22,9.81,2044.26,1628.383023134442,1944.876394995703,1957.8003307021,1793.061157583574
2018-05-03,5.2,1984.4,5.2,1984.03,1631.9217990236516,1948.605309758017,1958.8289451843705,1796.8427188195428
2018-05-04,9.98,521.76,9.98,512.48,1620.783074655257,1811.831470733444,1902.109378706552,1771.4097936944033
2018-05-07,1.06,1066.59,1.06,1066.59,1615.2687157034634,1740.856092568354,1869.3439128749226,1757.4529660964943
2018-05-08,4.84,1472.21,4.84,1470.67,1613.8299225123842,1715.1240837523203,1853.7096417817884,1751.774095480722
2018-05-09,8.66,1083.11,8.66,1076.85,1608.4868387062909,1654.3360757759087,1823.2445577903457,1738.4092619068463
2018-05-10,16.31,760.01,16.31,707.3,1599.5198054853327,1564.1421637972508,1779.482026112293,1717.991256720572
2018-05-11,1.31,1191.95,1.31,1191.95,1595.4643845352298,1528.6952910546554,1756.441554500046,1707.5745981716498
2018-05-14,1.03,1220.25,1.03,1220.25,1591.7309080721927,1499.3195490494502,1735.4144347157305,1697.9246061286467
2018-05-15,11.98,1670.11,11.98,1670.11,1592.510799534161,1515.585306282836,1732.8534764915842,1697.3738218488716
2018-05-16,5.06,859.19,5.06,859.15,1585.2136771507364,1453.067658065423,1698.5905950605415,1680.7753303271118
2018-05-17,13.55,1296.22,13.55,1296.22,1582.3381181741122,1438.1297858687162,1682.8113560385596,1673.1603732909314
2018-05-18,7.72,1782.84,7.72,1782.84,1584.3331617743697,1470.9593300716956,1686.734047958616,1675.3322470871506
2018-05-21,0.91,768.67,0.91,768.67,1576.2171104134306,1404.0746319696293,1650.7315362739644,1657.3785392240386
2018-05-22,4.63,1885.56,4.63,1885.56,1579.2951491157846,1449.930381305855,1659.9404956357696,1661.8969839918793
2018-05-23,6.58,1557.6,6.58,1557.57,1579.0789784778167,1460.1817735624402,1655.9259663951511,1659.831103120753
2018-05-24,5.59,1608.69,5.59,1604.95,1579.3364015775398,1473.9692236993506,1653.926908889459,1658.7443486035104
2018-05-25,8.7,1729.53,8.7,1729.23,1580.8278801688082,1498.2797738232218,1656.8799712859507,1660.1401040767082
2018-05-29,3.01,2153.38,3.01,2153.3,1586.5241201671286,1560.6626525067245,1676.347423392384,1669.9056465702388
2018-05-30,0.68,396.91,0.68,396.91,1574.6871637475551,1449.8290665537031,1626.173406788761,1644.6978119846895
2018-05-31,5.69,2468.14,5.69,2468.14,1583.5772417202163,1546.811060215255,1659.1917045617508,1661.0035978859828
2018-06-01,1.56,1059.17,1.56,1058.37,1578.3512990165325,1500.2928640042785,1635.630069088741,1649.0702593139831
2018-06-04,0.43,1094.51,0.43,1094.51,1573.5369577327858,1461.646876956252,1614.4096742225158,1638.088868040439
2018-06-05,4.69,1385.95,4.69,1382.07,1571.631813874748,1454.0681267699424,1605.2983144490838,1633.0191874851828
2018-06-06,4.1,907.67,4.1,907.62,1565.0247311496262,1402.025448029948,1577.9383805491198,1618.6548471389415
2018-06-07,4.82,1488.41,4.82,1488.41,1564.2623955162965,1410.252548217572,1574.4274636648406,1616.075741255002
2018-06-08,4.16,857.66,4.16,855.26,1557.2076453121542,1357.3961150539938,1546.2248180309252,1601.0100830123286
2018-06-11,1.4,1029.98,1.4,1029.98,1551.9615990901427,1326.2136279059944,1525.979923206183,1589.7025566160448
2018-06-12,2.45,1356.51,2.45,1348.38,1549.935911537007,1328.3247109625663,1519.0152203353523,1584.9238921285985
2018-06-13,24.23,2230.05,24.23,2230.05,1556.703215899823,1414.2033099185123,1546.8989371849464,1597.6986665418935
2018-06-14,1.28,1526.86,1.28,1526.86,1556.4062684779342,1424.9325184977017,1546.113096511027,1596.295920669777
2018-06-15,7.18,2588.82,7.18,2588.81,1566.6789424234273,1535.777992926492,1587.0031711576532,1615.94966481493
2018-06-18,4.78,1145.41,4.78,1145.41,1562.487211653045,1498.6000888382548,1569.6857918965688,1606.6320476898818
2018-06-19,3.88,1806.94,3.88,1803.04,1564.8807717360994,1527.5943660917544,1578.8369373123896,1610.5213140722603
2018-06-20,3.6,1160.42,3.6,1160.42,1560.8562864451928,1492.6253788449208,1562.4284299668057,1601.6084167638987
2018-06-21,4.49,1936.58,4.49,1935.89,1564.5879651870316,1534.8410570501665,1577.0739817328133,1608.2278540557027
2018-06-22,1.01,1536.79,1.01,1536.79,1564.311368518504,1535.0266706644363,1575.4942177432913,1606.8132430843027
2018-06-25,3.52,2258.47,3.52,2258.47,1571.2184195780214,1603.9260353630614,1602.2775817533584,1619.717337280653
2018-06-26,2.56,1165.26,2.56,1165.26,1567.1790323185387,1562.1483177094365,1585.1396373708737,1610.7181820869769
2018-06-27,5.44,2176.11,5.44,2176.11,1573.2380469223344,1620.6208588799664,1608.314945709271,1621.914059669413
2018-06-28,3.16,1084.6,3.16,1084.6,1568.3759768037041,1569.5712532723505,1587.7771047010642,1611.2741772997217
2018-06-29,2.54,1531.89,2.54,1531.89,1568.0129322583937,1565.9825624845075,1585.5854535363167,1609.7022133927965
2018-07-02,4.98,1430.11,4.98,1430.11,1566.6407637782106,1553.042318438364,1579.4883769270493,1606.1459319394737
2018-07-03,1.17,646.99,1.17,642.87,1557.4490148848952,1466.3592404918531,1542.7582444985376,1587.0711610099793
2018-07-05,0.7,589.27,0.7,589.27,1547.8153928462395,1382.8269318735813,1505.3665486358498,1567.3127221780985
2018-07-06,2.51,395.2,2.51,372.97,1536.1253889373218,1286.6500812189545,1460.9588408462087,1543.6623712438786
2018-07-09,0.53,795.39,0.53,795.39,1528.754887554861,1239.8634068171493,1434.8581019894946,1528.8450965657821
2018-07-10,1.29,1115.48,1.29,1115.47,1524.6426001165041,1228.0164156917065,1422.3330783820634,1520.6594510892319
2018-07-11,5.39,2003.25,5.39,2003.25,1529.404862801912,1301.8481856258297,1445.1141341317864,1530.2156995825144
2018-07-12,0.3,902.73,0.3,901.46,1523.1566552118431,1263.7159774709887,1423.794364165834,1517.7650916699893
2018-07-13,4.82,1270.51,4.82,1270.51,1520.6427581450587,1264.3630272356565,1417.7832126299188,1512.8689512408805
2018-07-16,2.57,1501.51,2.57,1501.51,1520.4523824421228,1286.948453213213,1421.0666160561966,1512.6440215133384
2018-07-17,4.99,1021.47,4.99,1021.47,1515.487383611853,1261.6647910024308,1405.396160524581,1502.9178032655495
2018-07-18,1.45,1164.01,1.45,1164.01,1511.99009621273,1252.364334716485,1395.9300365824406,1496.2067576563306
2018-07-19,3.77,1475.14,3.77,1474.75,1511.6195479917078,1273.5439218863437,1399.021015539992,1495.7818713661063
2018-07-20,5.89,1587.56,5.89,1587.56,1512.37517437985,1303.4502150400253,1406.4147012050903,1497.599260051926
2018-07-23,3.29,1300.18,3.29,1300,1510.2619885651252,1303.1216231314515,1402.2415756676357,1493.6864034172343
2018-07-24,2.38,1307.6,2.38,1307.6,1508.2454513654723,1303.5481352141705,1398.5301413277284,1490.0015241416454
2018-07-25,4.93,1145.75,4.93,1134.01,1504.52171553099,1287.4016461461542,1388.1568024521312,1482.9521870299297
2018-07-26,2.37,1426.79,2.37,1426.79,1503.748265625209,1300.676727465568,1389.6718298069495,1481.8400645144857
2018-07-27,13.55,1800.85,13.55,1800.85,1506.7045017881421,1348.312277230752,1405.7964639321672,1488.1570929399413
2018-07-30,0.51,1296.18,0.51,1296.18,1504.609730626071,1343.3472984468708,1401.4977790720823,1484.355566347071
2018-07-31,0.66,1233.78,0.66,1233.78,1501.914907435762,1332.9123176424068,1394.920611265334,1479.3936739441588
2018-08-01,4.75,1960.1,4.75,1960.1,1506.4739630831673,1392.6444778669395,1417.0845088627718,1488.9126110937793
2018-08-02,7.94,1359.84,7.94,1359.84,1505.0149186743795,1389.5202418796118,1414.8396261622709,1486.3567178047936
2018-08-03,2.2,929.29,2.2,929.29,1499.2863125184156,1345.6887902720298,1395.7984643519858,1475.3256936898472
2018-08-06,5.78,1109.15,5.78,1109.15,1495.4043591600234,1323.1612864365984,1384.5573481028882,1468.0746898544046
2018-08-07,0.57,1274.9,0.57,1274.9,1493.2102859345505,1318.5649734426368,1380.2570599419907,1464.249448471149
2018-08-08,2.21,1531.57,2.21,1529.82,1493.5745616963957,1338.6844997814333,1386.1222732775989,1465.5478752340966
2018-08-09,23.92,1559.74,23.92,1556.28,1494.1984964058843,1359.40788075463,1392.7951253059284,1467.3445509720352
2018-08-10,4.93,1929.18,4.93,1929.02,1498.525078531199,1413.6566540160939,1413.8235517645194,1476.4866390715988
2018-08-13,4.84,2087.77,4.84,2087.77,1504.3882120781523,1477.8579250621801,1440.252824244342,1488.591260080082
2018-08-14,1.8,732.47,1.8,732.47,1496.7074338485188,1406.8685988657821,1412.4966350582895,1473.6185618606744
2018-08-15,6.32,2237.98,6.32,2237.98,1504.0832802778868,1486.0220656404695,1444.8685317226702,1488.7544319228393
2018-08-16,2.46,769.71,2.46,769.71,1496.7760834592013,1417.8018689128057,1418.3917265570753,1474.5159283204068
2018-08-17,3.53,570.79,3.53,540.96,1487.2654756635875,1334.2931194925386,1383.9826392411117,1456.029672314062
2018-08-20,1.24,707.79,1.24,707.25,1479.5041276470345,1274.574727159916,1357.4441043689112,1441.2023520702191
2018-08-21,0.84,985.65,0.84,984.24,1474.5761263769148,1246.9238007637334,1342.8086492956206,1432.153592623284
2018-08-22,1.78,1118.25,1.78,1109.36,1470.9421350696819,1233.8224864052827,1333.6538003036355,1425.76164029411
2018-08-23,4.67,1653.42,4.67,1653.38,1472.757437208292,1273.780344842875,1346.1920826446694,1430.2689345457118
2018-08-24,1.51,686.53,1.51,686.53,1464.934278629105,1217.851740572125,1320.3229813644864,1415.5414308913412
2018-08-27,0.32,653.05,0.32,653.05,1456.855828095482,1164.061098612875,1294.15541346784,1400.442590675671
2018-08-28,1.02,1361.47,1.02,1361.08,1455.902834781099,1182.8248035068868,1296.7799070573365,1399.6631334345686
2018-08-29,0.72,945.49,0.72,945.49,1450.8241001066604,1160.2214888871833,1283.0038322707742,1390.6696060398247
2018-08-30,3.15,1821,3.15,1821,1454.5074423941562,1223.1527756598325,1304.101721201332,1399.19099997963
2018-08-31,2.73,1298.38,2.73,1298.38,1452.953935504662,1230.317273216039,1303.8773399777504,1397.1947425542908
2018-09-04,4.76,1808.64,4.76,1808.57,1456.4924038080983,1285.388961481178,1323.6692089982307,1405.340787256186
2018-09-05,1.98,1379.29,1.98,1379.29,1455.7242206856297,1294.3319175305896,1325.8504164884962,1404.8249300827963
2018-09-06,1.74,1802.19,1.74,1802.19,1459.171641375325,1342.6993539562477,1344.530400155614,1412.6935453286815
2018-09-07,4.54,1532.85,4.54,1532.75,1459.9037643467148,1360.799415484224,1351.9115609338253,1415.0709008667275
2018-09-10,0.59,1071.49,0.59,1071.49,1456.0389507711257,1333.2461378190599,1340.914636975636,1408.2673186713466
2018-09-11,2.15,1101.45,2.15,1101.45,1452.5107025047464,1311.1703151696256,1331.5238668981601,1402.191728202607
2018-09-12,15.83,1058.21,15.83,1058.21,1448.5873124300724,1287.0788565820421,1320.8056760394088,1395.3802088322584
2018-09-13,3.19,1316.12,3.19,1313.64,1447.24455310241,1289.6084892885144,1320.5246691359025,1393.76159083558
2018-09-14,4.66,1322.11,4.66,1322.07,1445.9990351610925,1292.7000617372273,1320.5852703462592,1392.3419553734893
2018-09-17,1.82,1271.31,1.82,1271.31,1444.2608358062557,1290.6629130003485,1318.6529068032687,1389.945282989856
2018-09-18,1.85,929.76,1.85,929.76,1439.141424504701,1256.2912070003154,1303.4022045756894,1380.8327031286708
2018-09-19,2.27,1043.43,2.27,1042.89,1435.1986242608732,1235.9672825240948,1293.1860396903683,1374.1407684132516
2018-09-20,1.43,643.61,1.43,636.04,1427.2467971538,1178.8313508551335,1267.4156067613342,1359.5249116129892
2018-09-21,1.77,2110.19,1.77,2110.19,1434.0422519084884,1267.532174583216,1300.465582966772,1374.3895668285736
2018-09-24,3.3,2024.56,3.3,2024.56,1439.9180503969612,1339.6300627181477,1328.861442458271,1387.2642288715722
2018-09-25,2.78,1555.7,2.78,1555.7,1441.0701095969914,1360.208151983086,1337.7570721657899,1390.5995906760954
2018-09-26,8.28,2049.58,8.28,2049.58,1447.1249343771208,1425.8626136989826,1365.6716967867392,1403.6487076924104
2018-09-27,2.88,1291.15,2.88,1291.15,1445.5729449803334,1413.0328409657461,1362.7492773049062,1401.4210105103825
2018-09-28,4.41,1472.52,4.41,1472.52,1445.8410748810265,1418.698284683294,1367.054011528243,1402.828911292355
2018-10-01,0.77,1284.65,0.77,1284.57,1444.2363875687774,1405.9241623325042,1363.8193444094884,1400.4871506727045
2018-10-02,1.85,1556.01,1.85,1555.97,1445.3481648068991,1420.214242110361,1371.3546642365673,1403.5660189762152
2018-10-03,0.42,1168.91,0.42,1168.91,1442.5975363013579,1396.2805047665172,1363.4156577959175,1398.919365135102
2018-10-04,3.12,1912.15,3.12,1912.07,1447.2689040993544,1445.4033138363727,1384.9315143529402,1409.080763845298
2018-10-05,3.8,1840.27,3.8,1840.1,1451.1776712227438,1482.993474423385,1402.781258888119,1417.615798224599
2018-10-08,5.27,948.8,5.27,948.77,1446.178589917045,1432.1150482878245,1384.9768957944673,1408.3317230122307
2018-10-09,5.68,1779.53,5.68,1779.53,1449.4955193706066,1465.202186546127,1400.4495665476254,1415.6821839426816
2018-10-10,10.12,3116.38,10.12,3116.35,1466.0811360932871,1622.4543592560196,1467.7397796241892,1449.3587743596581
2018-10-11,7.77,2497.9,-0.02,593.52,1457.39893573415,1524.4606107554464,1433.456651011476,1432.4114718970907
2018-10-12,2.59,1350.09,2.59,1244.83,1455.2838219457506,1497.8291240168323,1426.0595274423986,1428.6969873050691
2018-10-15,1.94,1202.9,1.94,1202.88,1452.77234113037,1469.7387312533244,1417.307389111324,1424.2253637940776
2018-10-16,0.42,588.29,0.42,547.01,1443.7597805221076,1381.8598044672935,1383.1780797344093,1406.8547625308286
2018-10-17,5.81,1629.69,5.81,1629.68,1445.6097329547233,1405.4617278513608,1392.8448217056089,1411.2671434708122
2018-10-18,5.52,2313.77,5.52,2313.77,1454.2481435720892,1491.9672775798026,1428.9595345798987,1429.1384871644595
2018-10-19,1.03,1481.98,1.03,1481.98,1454.5240824420187,1491.0161082864881,1431.038768517942,1430.1848537552623
2018-10-22,0.56,1895.72,0.56,1895.72,1458.9140915719488,1529.5593360687274,1449.2615619093951,1439.4033715026828
2018-10-23,6.58,2317.49,6.58,2317.49,1467.4571354369045,1604.6003516812295,1483.309735952164,1456.7912255323326
2018-10-24,2.68,3062.7,2.68,3062.7,1483.3301987658906,1743.4669848544459,1545.246609052079,1488.5913992841677
2018-10-25,2.02,1102.27,2.02,1097.35,1479.489599773195,1681.9320339159271,1527.682036148076,1480.8440448428971
2018-10-26,5.91,2639.35,5.91,2639.35,1491.0304992779395,1773.1146973525056,1571.276858259916,1503.7847568262061
2018-10-29,1.23,2478.7,1.23,2305.29,1499.1325838622386,1823.7980595094098,1600.0616873477625,1519.6561477801426
2018-10-30,23.03,1274.09,23.03,1144.76,1495.6064885004253,1759.1277681275612,1582.2067192164777,1512.2324616854864
2018-10-31,1.74,1676.41,1.74,1676.41,1497.405528415844,1751.249885448746,1585.900965521714,1515.48350204815
2018-11-01,20.83,1291.88,20.83,1290.41,1495.3458714166813,1707.3603725488654,1574.3130845208625,1511.0266010174937
2018-11-02,1.15,1982.42,1.15,1982.42,1500.1923801588039,1733.5565275442116,1590.3172772847502,1520.3611237696225
2018-11-05,1.5,940.75,1.5,940.75,1494.6257893114525,1658.0511439685724,1564.8440507245639,1508.8836757741844
2018-11-06,2.11,1206.2,2.11,1115.27,1490.8511048406917,1606.3577016858512,1547.2136957941889,1501.0893455608343
2018-11-07,1.26,824.93,1.26,822.74,1484.2032331507346,1531.7274443824367,1518.8029626257894,1487.656685252699
2018-11-08,5.79,1958.47,5.79,1958.45,1488.9221064527173,1572.3676877745856,1536.0440229149742,1496.9793251486851
2018-11-09,14.36,2205.54,14.36,2205.54,1496.0526327566704,1632.6698127484347,1562.298767114387,1511.0102296011864
2018-11-12,5.94,2467.73,5.94,2467.73,1505.7210642715295,1712.199354391441,1597.8058742863718,1529.9551755496777
2018-11-13,2.99,1856.98,2.99,1856.98,1509.2161780598724,1725.9879873065418,1607.9695654908278,1536.430914647704
2018-11-14,13.56,2246.21,13.56,2246.21,1516.549449919973,1775.5329408963948,1632.9986021382463,1550.4859460408188
2018-11-15,6.33,1302.97,6.33,1302.85,1514.4230872342023,1730.515517953881,1620.051598132825,1545.5822639410005
2018-11-16,7.44,1660.25,7.44,1660.25,1515.8741012915734,1723.8235638630351,1621.6280060491847,1547.8529121797926
2018-11-19,2.67,2075.75,2.67,2075.71,1521.4446077463836,1757.3365577808413,1639.4351430668637,1558.3055277801927
2018-11-20,3.13,2790.77,3.13,2790.77,1534.0747111518922,1855.7587903731421,1684.5855296132613,1582.7107648538522
2018-11-21,0.51,637.3,0.51,637.3,1525.1515796976446,1739.7150960518904,1643.5155088441138,1563.9897596092214
2018-11-23,3.64,1022.76,3.64,1022.76,1520.1526585066233,1671.4336583326628,1619.1721555561094,1553.2723386268606
2018-11-26,0.48,930.56,0.48,822.62,1513.2120350388957,1590.5942623009807,1587.9348161225364,1538.8039754857346
2018-11-27,9.61,1690.45,9.61,1690.45,1514.9755968793047,1600.1043325580301,1591.9550194118488,1541.8068670602745
2018-11-28,2.34,545.68,2.34,357.48,1503.4582277561276,1481.759158028694,1543.5442343368743,1518.3548498907642
2018-11-29,5.08,1760.58,5.08,1760.58,1506.016653350594,1508.313523930723,1552.0554408334674,1523.1513875166897
2018-11-30,1.91,1779.95,1.91,1776.91,1508.7121095361601,1533.8941406992255,1560.8732666831354,1528.1763105361613
2018-12-03,4.06,849.92,4.06,849.92,1502.156964167641,1468.7537463469184,1532.9927464210516,1514.7454925057423
2018-12-04,5.34,3157.89,5.34,3157.88,1518.631820245575,1629.6229133614977,1596.7138151888535,1547.2828094858266
2018-12-06,2.89,2274.84,2.89,2274.76,1526.1554837257186,1691.0645406604026,1623.3038616520357,1561.6882984068993
2018-12-07,1.12,2652.54,1.12,2652.5,1537.3628918478507,1782.629822502269,1663.6644945284265,1583.2885301216143
2018-12-10,1.86,2337.09,1.86,2336.92,1545.3186839687676,1835.4193632163385,1690.0666712135862,1598.2119255647506
2018-12-11,0.15,1993.35,0.15,1992.68,1549.770040347188,1850.3965667195444,1701.9338605777593,1606.0231745634683
2018-12-12,0.64,1083.41,0.64,1083.41,1545.1296419357732,1777.3502270319686,1677.6780229080432,1595.6743988295382
2018-12-13,2.71,1915.73,2.71,1915.73,1548.817207687656,1790.529253028924,1687.0133945587081,1602.012133506181
2018-12-14,1.2,2555.8,1.2,2555.45,1558.833454377331,1863.37884797855,1721.069732026994,1620.8920912585338
2018-12-17,3.59,3032.19,3.59,3032.19,1573.49371851288,1974.6941957901167,1772.4862131239745,1648.838584500939
2018-12-18,0.4,2026.14,0.4,2026.1,1577.997263602304,1979.5899866672485,1782.4318518249952,1656.3091075801285
2018-12-19,1.69,3124.7,1.69,3124.7,1593.3873405813856,2088.6480831751296,1835.0698184200935,1685.3861549547794
2018-12-20,3.79,3338.98,3.79,3338.98,1610.7564217696306,2207.7273133489266,1894.046688285972,1718.1305875299322
2018-12-21,9.06,4956.14,-62.29,4956.14,1644.0438205579926,2469.4809025537907,2014.1287789414241,1782.2495857966662
2018-12-24,3.25,2000.37,3.25,1987.74,1647.4636830400027,2423.6008165962867,2013.0939248652899,1786.3187029096034
2018-12-26,0.48,557.64,0.48,114.67,1632.2120046017938,2203.7026435871167,1938.645927811749,1753.216748396542
2018-12-27,3.54,1962.26,3.54,955.96,1625.4831289341141,2084.870010864534,1900.1092247603078,1737.429486052056
2018-12-28,1.25,1622.03,1.25,1524.85,1624.4818042681031,2031.5347717345783,1885.3931767304919,1733.219991278748
2018-12-31,0.84,1274.76,0.84,976.58,1618.0350201460324,1931.0628887122375,1849.7534443096883,1718.2370211544164
2019-01-02,0.67,930.46,0.67,928.79,1611.1768607415943,1835.6083278825006,1813.6372308073476,1702.604406874131
2019-01-03,0.36,2124.71,0.36,2123.06,1616.2702253113296,1862.9846776079767,1825.7714570501967,1710.930260203356
2019-01-04,0.04,174.21,0.04,174.17,1601.9209693380826,1702.145184502455,1761.002772459993,1680.4993639617055
2019-01-07,0.91,686.48,0.91,686.48,1592.8121039715345,1605.4151669307928,1718.8646245203854,1660.8158122000875
2019-01-08,23.09,1114.91,23.09,1113.94,1588.047207414604,1558.6080081754792,1695.1420902254683,1649.9865881961255
2019-01-09,1.92,877.28,1.92,877.2,1580.974100873165,1493.7120073968622,1663.0659298244695,1634.6838834793705
2019-01-10,7.06,1419.4,7.06,1419.4,1579.3663983769147,1486.6346733590658,1653.5104031646865,1630.4208362817592
2019-01-11,4.36,1188.62,4.36,1178.58,1575.3784740149554,1457.2961330391547,1634.8856814719536,1621.473492989051
2019-01-14,17.65,1735.91,17.65,1735.91,1576.975802631722,1483.8307870354256,1638.8474194534456,1623.7395624348123
2019-01-15,16.23,1245.07,16.23,1245.06,1573.6731578294164,1461.0907120796708,1623.4047755533104,1616.2409572380834
2019-01-16,12.54,1244.23,12.54,1244.23,1570.3951164579794,1440.437310929226,1608.535176512004,1608.8744036294086
2019-01-17,1.72,811.9,1.72,811.9,1562.8479013688452,1380.5766146502522,1577.2945813546705,1593.0927322704104
2019-01-18,0.89,616.37,0.89,602.23,1553.2895142905481,1306.4483656359425,1539.0567546348796,1573.471688067036
2019-01-22,13.49,2493.72,13.49,2493.72,1562.647031561289,1419.5218546229955,1576.4945289629236,1591.6944269171936
2019-01-23,0.74,1518.33,0.74,1518.33,1562.206066073117,1428.9321541827103,1574.213567042809,1590.2416659881403
2019-01-24,4.72,1034.01,4.72,1034.01,1556.9503838236333,1391.3205204510236,1553.0291134332872,1579.2271775527315
2019-01-25,4.87,782.77,4.87,782.77,1549.247096422403,1333.3633280271167,1522.8228736908054,1563.4557482942616
2019-01-28,30.64,1794.12,30.64,1794.03,1551.6827472042696,1377.2363444054865,1533.458447271558,1568.021575060712
2019-01-29,6.53,1300.28,6.53,1297.21,1549.1506800679088,1369.6147877954402,1524.1938022805166,1562.6589696139652
2019-01-30,4.47,713.05,4.47,709.39,1540.7948524055414,1306.7362365768267,1492.2407119950062,1545.7625543740846
2019-01-31,1.68,1573.46,1.68,1573.45,1541.1197792472774,1332.1375473790338,1495.4253899559865,1546.3108206241027
2019-02-01,3.66,1521.64,3.66,1482.17,1540.5332142796428,1346.4263523905545,1494.9055707420262,1545.0407053642195
2019-02-04,4.95,942.14,4.95,831.07,1533.4738788141738,1297.3447950200255,1468.8728032619467,1530.902671594631
2019-02-05,5.98,1235.89,5.98,1234.64,1530.500407383187,1291.372909780023,1459.6872031340272,1525.0360840383019
2019-02-06,3.45,1911.99,3.45,1911.99,1534.2963237276329,1350.4792993247827,1477.4245677170065,1532.6985378197217
2019-02-07,20.48,2324.66,20.48,2324.66,1542.1606389144226,1443.2584136748033,1510.649486630065,1548.3809430114104
2019-02-08,1.93,1698.12,1.93,1698.12,1543.712473353085,1467.5309457057745,1518.0012714681015,1551.3460728527687
2019-02-11,1.55,1166.84,1.55,1166.84,1539.9624984938503,1438.893712781415,1504.2302412144504,1543.7320912121197
2019-02-12,4.55,806.07,4.55,790.23,1532.502473633215,1377.1162163260421,1476.2302317550602,1528.8112577227707
2019-02-13,48.99,1194.15,18.32,1172,1528.9153843433323,1357.5813385807048,1464.2996344313324,1521.745688262914
2019-02-14,2.55,1647.76,2.55,1647.76,1530.0979178324535,1385.2174015730186,1471.4941585712802,1524.2410211685988
2019-02-15,1.83,532.11,1.83,512.65,1519.9740579535237,1302.11574428035,1433.8924268626026,1504.2095157989236
2019-02-19,1.42,1062.52,1.42,1062.22,1515.4192912077174,1279.2685305393643,1419.3170375738732,1495.457248159341
2019-02-20,6.05,1310.17,6.05,1310.17,1513.377009703163,1282.2115276308534,1415.036761590584,1491.788193740344
2019-02-21,0.63,1983.5,0.63,1983.49,1518.0547509001465,1348.999953570772,1437.329045449777,1501.5248631712284
2019-02-22,0.17,1075.65,0.17,1038.47,1513.2827633290008,1319.4256722783175,1421.687514255668,1492.355459940115
2019-02-25,3.79,1485.01,3.79,1484.99,1513.0012432958763,1335.1937034899063,1424.1699646770144,1492.2096092482316
2019-02-26,0.79,1800.35,0.79,1800.27,1515.8596388849721,1379.4866841099151,1438.9189856700727,1498.3098150056924
2019-02-27,0.74,1444.72,0.74,1442.14,1515.126110139848,1385.4536665756375,1439.045299957521,1497.1975414412232
2019-02-28,1.28,2258.34,1.28,2258.27,1522.5205767056207,1468.579031663672,1471.171758782716,1512.2682831948623
2019-03-01,1.34,1327.46,1.34,1285.66,1520.1637550468583,1451.158171505227,1463.8967878500605,1507.7809904583303
2019-03-04,0.64,1685.96,-68.68,265.46,1507.6791405687802,1338.234536123777,1416.8992667579012,1483.1805748056902
2019-03-05,1.36,1777.23,1.36,1777.14,1510.3603431501854,1380.035056492941,1431.0263543360227,1489.0015535224093
2019-03-06,4.88,2578.03,4.88,2576.63,1520.9699914770492,1493.9964796840895,1475.951987499316,1510.5387504823616
2019-03-07,5.32,2167.1,5.32,2167.1,1527.3991457907105,1558.1015768570335,1503.0558311267937,1523.539963344097
2019-03-08,13.46,1667.63,13.46,1667.63,1528.79447767339,1568.5328552516016,1509.5097201022136,1526.393231396689
2019-03-11,1.07,492.17,1.07,492.15,1518.479607248779,1466.0202023704967,1469.613260490362,1505.913167408636
2019-03-12,1.56,1150.03,1.56,1150.02,1514.813342500035,1435.9249450018779,1457.0801914515243,1498.8657779549997
2019-03-13,1.68,687,1.68,686.98,1506.5761948134675,1364.596855001699,1426.8801839436214,1482.788831856881
2019-03-14,5.61,1658.11,5.61,1658.11,1508.0839938700499,1392.55048785868,1435.948019867401,1486.2605381567448
2019-03-15,2.84,2081.07,2.84,2081.07,1513.7853471648752,1458.1237747292819,1461.2469210490715,1498.0389433417597
2019-03-18,0.34,854.67,0.34,854.67,1507.2269855015431,1400.6519866598264,1437.459590811853,1485.2989642656853
2019-03-19,0.41,1785.55,0.41,1785.55,1509.9963687303834,1437.3089403112715,1451.1101950937411,1491.2445293297312
2019-03-20,12.71,1888.65,12.71,1888.65,1513.7640665539618,1480.2938031387694,1468.2686188155553,1499.1139445905287
2019-03-21,9.7,1128.84,9.7,1128.8,1509.9335783295444,1446.818202839839,1454.9561239600434,1491.7809951926965
2019-03-22,0.45,2863.08,0.45,2863.08,1523.397721828753,1581.7002787598542,1510.1766681184731,1518.9354309314551
2019-03-25,1.53,1491.96,1.53,1488.97,1523.055157432447,1572.8688236398682,1509.3450340746115,1518.3420560615252
2019-03-26,0.91,659.81,0.91,601.06,1513.881076263965,1480.315602340833,1473.726013130509,1500.178054951396
2019-03-27,1.46,1910.29,1.46,1910.26,1517.8251451568608,1521.2626878321823,1490.844993007744,1508.298489506814
2019-03-28,4.22,940.25,4.22,940.25,1512.0781287871407,1465.9281461338792,1469.2530324976365,1497.050004566085
2019-03-29,4.87,889.35,-81.8,163.7,1498.6614309882636,1341.9064179306527,1418.0548743604743,1470.6470341786376
2019-04-01,0.16,661.02,0.16,659.44,1490.3109689883804,1276.9096162229714,1388.3052714443772,1454.5835285513378
2019-04-02,0.08,1469.66,0.08,1469.66,1490.105486709889,1295.2667956303076,1391.4956529563624,1454.8820725404203
2019-04-03,1.98,1600.29,1.98,1600.29,1491.2018500262084,1324.3166246178973,1399.6836665659168,1457.76143744061
2019-04-04,1.64,699.63,1.64,699.63,1483.325513210027,1264.8226603685737,1372.2305816025475,1442.7489337289148
2019-04-05,0.48,666.52,0.48,666.52,1475.1980951681362,1207.8414546191857,1344.5556568338202,1427.378063754085
2019-04-08,9.28,1056.57,9.28,1056.57,1471.0326414848712,1193.4346494173585,1333.2621016638664,1420.0353298183604
2019-04-09,0.95,2004.81,0.95,2004.77,1476.343460972584,1270.7046828061816,1359.5957447358717,1431.614234178393
2019-04-10,2.01,1025.88,2.01,1025.88,1471.8612374803195,1247.38804634845,1346.5088527854452,1423.5798929075338
2019-04-11,2.35,1467.15,2.35,1467.15,1471.8143594954406,1268.3177562200262,1351.2398781664083,1424.4426673054045
2019-04-12,3.91,1209.29,3.91,1209.29,1469.2021768138939,1262.6960651514523,1345.6732162775295,1420.1822184478717
2019-04-15,3.56,1630.75,3.56,1630.75,1470.8096178406213,1297.7488208513141,1356.8526979921362,1424.3518774885079
2019-04-16,0.2,1292.89,0.2,1292.89,1469.0392733844958,1297.2860760083317,1354.3443568944053,1421.748671993686
2019-04-17,2.6,1821.14,2.6,1821.14,1472.5427632015655,1347.1769259123002,1372.6500683887423,1429.6574111621278
2019-04-18,3.03,1500.43,3.03,1481.25,1472.6294023736893,1359.9457901111289,1376.9088892362427,1430.67904658466
2019-04-22,1.34,1381.96,1.34,1381.94,1471.7270202605182,1362.0404767672119,1377.1061876975664,1429.7139169493203
2019-04-23,1.64,842.61,1.64,829.66,1465.3382936907617,1311.3375742179537,1355.6377097486422,1417.8316611681455
2019-04-24,0.16,1792.24,0.16,1792.23,1468.5909474848834,1357.136852863863,1372.7589760330093,1425.2454896598654
2019-04-25,3.87,1997.83,3.87,1997.83,1473.8570077089144,1418.1552478292092,1397.2715652081854,1436.5837967953137
2019-04-26,0.62,808.59,0.62,808.59,1467.2374354929052,1360.1014147026178,1374.1860136313937,1424.1482760666936
2019-04-29,0.98,1218.33,0.98,1218.33,1464.7607445924782,1346.5993752071304,1368.0740130968293,1420.0726666396304
2019-04-30,6.82,1649.85,6.82,1649.85,1466.6024287258863,1375.4803870921655,1379.1240517989145,1424.6227128447863
2019-05-01,0.2,2400.45,0.2,2400.45,1475.8944443604546,1473.0965407024355,1419.1760497675846,1443.9460254617213
2019-05-02,11.48,1903.71,11.48,1903.71,1480.1513155608482,1514.1073463498226,1438.1773811492478,1453.0502625812912
2019-05-03,0.57,528.37,0.57,528.37,1470.6808547094965,1420.227599078411,1402.4986603198656,1434.7397623321567
2019-05-06,1.44,1661.3,1.44,1661.3,1472.5775626228349,1443.1868753566575,1412.6477324641846,1439.226103672114
2019-05-07,4.94,2406.4,4.94,2406.4,1481.8693281688763,1534.9214586560236,1451.618409622452,1458.3780620152404
2019-05-08,0.94,1605.66,0.94,1605.66,1483.1010761472955,1541.6584625935452,1457.6592563039244,1461.2945360347405
2019-05-09,14.55,1858.02,14.55,1858.02,1486.831612703044,1571.7881328227313,1473.3596776253391,1469.150485816231
2019-05-10,0.66,1226.75,0.66,1152.77,1483.507616556745,1531.8816439824711,1460.7875334047376,1462.885525701058
2019-05-13,5.26,2610.15,5.26,2610.15,1494.7179885313049,1634.573868365093,1505.8605713104341,1485.6036341030172
2019-05-14,0.92,598.53,0.92,598.53,1485.8006951130828,1535.9030237588936,1470.2789802786524,1468.0378195663238
2019-05-15,5.41,1099.46,5.41,1099.46,1481.956509092057,1494.337021496142,1455.737059483411,1460.7392488818423
2019-05-16,0.92,985.35,0.92,985.28,1477.0144542752207,1445.8554004012713,1437.287763033081,1451.3242142505187
2019-05-17,0.19,2063.25,0.19,2063.25,1482.84764378492,1504.6548860773407,1461.8353017376662,1463.4415565425877
2019-05-20,0.53,1702.67,0.53,1690.75,1484.916323946264,1522.3782302604511,1470.812348728346,1467.9427138387741
2019-05-21,0.34,494.97,0.34,494.97,1475.066111767694,1424.5298273785033,1432.5440213272345,1448.675927426125
2019-05-22,5.23,1867.79,5.23,1867.78,1478.9737126456275,1466.7441295329315,1449.612098922245,1456.9750179721425
2019-05-23,0.16,2245.7,0.16,2245.7,1486.6028299327356,1540.9304029107475,1480.8312322978431,1472.5933344479417
2019-05-24,2.38,924.23,2.38,924.23,1481.0070803811661,1482.197031204962,1459.0037329920453,1461.7346545578835
2019-05-28,1.4,2480.95,1.4,2480.95,1490.9567611733933,1577.3163615663943,1499.0800571884356,1481.917136645846
2019-05-29,4.69,1927.05,4.69,1909.12,1495.117589420424,1608.9167080838806,1515.1600549457519,1490.3765992865224
2019-05-30,0.52,1543.62,0.52,1543.62,1495.6002004709671,1602.6979739806538,1516.276131222389,1491.4309240531259
2019-05-31,4.95,2309.21,4.95,2309.21,1503.6958203667784,1669.9848336015439,1547.371577056805,1507.6245691213808
2019-06-03,2.02,1009.34,2.02,919.09,1497.8788470297955,1598.4710399252065,1522.7330838388912,1495.970419237789
2019-06-04,0.74,372.37,0.74,329.38,1486.251992830494,1477.6052265989963,1475.9349236883463,1472.8696188568426
2019-06-05,0.25,1779.88,0.25,1779.88,1489.1736645436233,1506.3933002562349,1487.8543384456661,1478.949032344826
2019-06-06,2.14,1067.47,2.14,1067.47,1484.977608180005,1464.5910811842125,1471.3686781144636,1470.8009326944334
2019-06-07,1.03,922.45,1.03,922.45,1479.3803185463732,1412.9585972619066,1449.8424554433082,1459.9424983836525
2019-06-10,0.2,1221.09,0.2,1221.08,1476.8101661230262,1394.684445141725,1440.871378759257,1455.21254792061
2019-06-11,0.08,1143.22,0.08,1129,1473.3493684501602,1369.381164652037,1428.641128611835,1448.7528935063403
2019-06-12,2.04,1615.78,2.04,1615.78,1474.7665886645866,1392.8477203994619,1435.9799078819592,1452.0603609616603
2019-06-13,0.22,709.26,0.22,621.22,1466.273587782352,1319.3593660757035,1404.0285389454118,1435.6080765861818
2019-06-14,1.56,1692.97,1.56,1692.97,1468.5292734760599,1354.9413312113509,1415.3595766338271,1440.7043522973465
2019-06-17,0.75,1049.32,0.75,1049.32,1464.3580369240592,1325.8345377626508,1401.0050834325007,1432.9541671033396
2019-06-18,1.21,569.73,1.21,569.73,1455.456265412377,1253.8245817852555,1368.4060605527948,1415.8606192399072
2019-06-19,0.01,1186.58,0.01,1186.58,1452.7808796868808,1247.4203359009455,1361.2756268056264,1411.320408957929
2019-06-20,0.02,718.58,0.02,718.58,1445.4753982969617,1197.054589624665,1336.0718767348176,1397.602777097376
2019-06-21,0.03,2539.23,0.03,2539.23,1456.358528662166,1324.8808191842206,1383.254548235413,1420.209256758814
2019-06-24,0.56,1689.47,0.56,1689.47,1458.6780457899056,1359.603598309533,1395.2629973242204,1425.54115266458
2019-06-25,0.94,2160.97,0.94,2160.97,1465.6660254337871,1435.9242079943394,1425.290722919349,1440.1041001365686
2019-06-26,0.72,1280.66,0.72,1280.65,1463.825069956834,1421.1361881853547,1419.6185377068255,1436.9465932031712
2019-06-27,0.21,856.69,0.21,856.1,1457.778054335373,1367.3232178819876,1397.5197715222441,1425.4446804664747
2019-06-28,0.81,864.61,0.81,864.61,1451.8758846404937,1319.4457685598936,1376.621349109607,1414.3390432295148
2019-07-01,0.84,1097.19,0.84,1097.19,1448.3466718580012,1298.2785525065703,1365.6632569876617,1408.058864155663
2019-07-02,0.92,1430.1,0.92,1430.1,1448.165112934041,1310.8329760773731,1368.190188086185,1408.4953222911945
2019-07-03,2.37,435.27,2.37,435.19,1438.0857585764884,1227.438406927147,1331.6019454161385,1389.221949572557
2019-07-05,5.24,794.45,5.24,792.24,1431.6594326205034,1185.9909396007522,1310.4504965762899,1377.400524828546
2019-07-08,0.1,1710.47,0.1,1710.47,1434.4336671217918,1235.9413263054425,1326.1375359262393,1383.9959599804558
2019-07-09,0.97,1083.43,0.97,1083.43,1430.941093319585,1221.4164380858765,1316.6195933408965,1378.0441587927241
2019-07-10,1.09,1053.89,1.09,1053.76,1427.1880476149124,1205.449158268174,1306.3113739941946,1371.6226903017791
2019-07-11,0.99,1445.35,0.99,1445.35,1427.3687635590427,1228.2968574807287,1311.7638691316772,1373.0826370284765
2019-07-12,0.25,869.65,0.25,852.99,1421.6535519813408,1192.5533472444688,1293.7727370088664,1362.7837729289026
2019-07-15,1.12,1473.35,1.12,1472.32,1422.1576957427205,1219.1977903640432,1300.7745904594992,1364.9528071283303
2019-07-16,0.54,1667.8,0.54,1667.8,1424.6018977751312,1261.9218103293724,1315.167743774813,1370.949781244601
2019-07-17,0.39,1888.13,0.39,1888.11,1429.2139186927916,1321.558780774194,1337.6360675483497,1381.1905776555989
2019-07-18,0.91,1309.03,0.91,1309.02,1428.0179593028136,1320.3646111766518,1336.5138688209634,1379.761457305983
2019-07-19,0.05,1622.47,0.05,1622.47,1429.952805478905,1349.1365529693517,1347.727834749553,1384.5675670623002
2019-07-22,0.01,1222.15,0.01,1222.14,1427.8850163696623,1337.0416431627468,1342.8028216221196,1381.35117959572
2019-07-23,0.54,785.69,0.54,785.64,1421.4945186943423,1284.527200956771,1320.9532992055658,1369.5549186136266
2019-07-24,0.91,788.89,0.91,788.89,1415.1999463690254,1237.323658008507,1300.0880717857397,1358.0566033935547
2019-07-25,7.92,2192.47,7.92,2192.47,1422.9339767534132,1328.289976293411,1335.0834415196323,1374.579640950118
2019-07-26,0.12,955.55,0.12,955.39,1418.2817978802448,1292.7756928368956,1320.1935026365095,1366.2788559808087
2019-07-29,0.82,1640.31,0.82,1640.27,1420.490635712282,1325.8703887571912,1332.74552214096,1371.7044231891095
2019-07-30,2.36,1314.83,2.36,1311.11,1419.4022711778314,1324.4646374469826,1331.897070292295,1370.5045336210085
2019-07-31,0.18,2679.22,0.18,2679.22,1431.9377709671066,1453.488957690127,1384.7332636141657,1396.4196913710875
2019-08-01,1.03,2676.14,1.03,2675.99,1444.3164001117125,1569.9176283863055,1435.37078268812,1421.7577172845313
2019-08-02,0.03,2096.8,0.03,2096.64,1450.8071822001532,1620.0816637780858,1461.3029088572134,1435.1217228828573
2019-08-05,2.86,3039.67,2.86,3039.67,1466.6167624767686,1755.2805529420777,1523.1996575294795,1466.8949560930978
2019-08-06,0.06,1329.12,0.06,1329.12,1465.24863548695,1714.6938336142607,1515.588690567539,1464.1667391407593
2019-08-07,4.85,1873.14,4.85,1871.02,1469.2861615020051,1729.5820399367121,1529.5271732903807,1472.2232393557938
2019-08-08,0.31,501.59,0.31,493.26,1459.5744584024826,1611.8370837522634,1488.889244926052,1452.837828675481
2019-08-09,0.18,2148.33,0.18,2148.33,1466.4277473736022,1662.9316472044288,1514.749666693658,1466.6099508799268
2019-08-12,4.44,1854.76,4.44,1854.76,1470.2917498872978,1681.2010141373403,1528.083405254691,1474.2960904664628
2019-08-13,3.23,807.54,3.23,807.52,1463.6970061073246,1597.9932985052126,1499.8260168133304,1461.092603526533
2019-08-14,7.38,2970.77,7.38,2970.64,1478.691463757998,1728.7215557904303,1557.504996546141,1490.984631179473
2019-08-15,0.04,2092.48,0.04,2092.48,1484.7988123773214,1763.3652171437227,1578.4844084462923,1502.8954305620575
2019-08-16,0.01,354.54,0.01,342.51,1473.432754542721,1628.0456726538443,1530.0148238013396,1479.9175012439969
2019-08-19,2.79,692.17,2.79,665.93,1465.3979012636892,1536.4156085915733,1496.129144436581,1463.7989368629276
2019-08-20,0.31,1782.87,0.31,1782.87,1468.5568276192744,1559.8874553923758,1507.3738838704407,1470.117175736929
2019-08-21,0.11,773.43,0.11,773.43,1461.6401427673413,1484.9867453550066,1478.5917707774822,1456.321390078772
2019-08-22,0.01,1234.42,0.01,1234.42,1459.3792458243827,1461.123245797387,1469.016407217581,1451.927303146519
2019-08-23,0.45,2614,0.45,2614,1470.8680095475231,1570.9210319119215,1513.9177245815974,1474.938643678271
2019-08-26,0.18,742.6,0.18,690.97,1463.1078303480454,1487.1161717298337,1481.645264794084,1459.4145121202855
2019-08-27,0.08,2047.7,0.08,2047.7,1468.92466785702,1540.5051077555638,1503.8434897041197,1471.0637297020621
2019-08-28,0.44,501.62,0.44,465.22,1458.9375567340646,1438.0970022550339,1463.1131567745465,1451.1460320841995
2019-08-29,0.9,487.92,0.9,474.15,1449.1386755725316,1346.2925258497926,1424.330287881427,1431.7995760033243
2019-08-30,0.17,982.67,0.17,982.67,1444.497196213601,1311.6618091021933,1407.0102765919594,1422.9059210329615
2019-09-03,0.99,1903.68,0.99,1903.68,1449.0661793358538,1368.0444939496035,1426.4875206471766,1432.426199824388
2019-09-04,0.34,321.09,0.34,320.81,1437.839749690721,1268.3078754782127,1383.127617876699,1410.4139978476676
2019-09-05,0.51,782,0.51,782,1431.313981037082,1221.992839718383,1359.5539858031032,1397.9701563061296
2019-09-06,0.64,1279.59,0.64,1279.59,1429.804289683479,1227.4782835547276,1356.4181432225894,1395.625994795117
2019-09-09,0.11,954.61,0.11,954.44,1425.0742967513052,1201.4746375018963,1340.6542944687624,1386.8896384625405
2019-09-10,0.26,1279.09,0.26,1278.9,1423.6198261368643,1208.8484815493348,1338.2325574307717,1384.7512297801138
2019-09-11,0.02,912.58,0.02,792.13,1417.336345279781,1169.1610071160649,1316.816770864859,1373.016155923082
2019-09-12,0.61,1742.79,0.61,1742.79,1420.5746901028676,1223.7923397716777,1333.5216033799627,1380.3384102612388
2019-09-13,0.02,1388.71,0.02,1388.71,1420.2576285098044,1239.4987836029466,1335.6858542278073,1380.5041843154718
2019-09-16,1.97,1333.1,1.97,1333.1,1419.3903884251297,1248.4131851645707,1335.584448179658,1379.5654875963535
2019-09-17,0.04,1892.44,0.04,1892.44,1424.0973497343323,1309.7490722917544,1357.4219208000636,1389.7214185350394
2019-09-18,0.85,1823.85,0.85,1823.85,1428.0749880454334,1358.7110654068254,1375.7132180235906,1398.318024108603
2019-09-19,0.14,1637.99,0.14,1637.98,1430.1635951295584,1385.3081067966516,1385.9981898658027,1403.0638058094225
2019-09-20,0.5,2591.52,0.5,2591.52,1441.7193802526474,1500.1854299588751,1433.2735549691047,1426.5975918329984
2019-09-23,0.26,1284.27,0.26,1284.27,1440.1527197526211,1479.6220556770775,1427.4302783036496,1423.7792236778896
2019-09-24,2.35,2462.66,2.35,2462.66,1450.3269215461273,1573.2447170411654,1468.027522291742,1444.3511202387235
2019-09-25,0.23,1017.17,0.23,1017.17,1446.0169024262655,1520.285220180102,1450.346835143046,1435.8920881547883
2019-09-26,0.31,1723.03,0.31,1723.03,1448.773251655855,1539.5942468296162,1461.0402925884168,1441.577987399248
2019-09-27,0.01,1570.59,0.01,1570.59,1449.9853586045529,1542.5462233220337,1465.3363595457338,1444.1326807180749
2019-09-30,1.54,1306.81,1.54,1306.81,1448.5607281706766,1520.095154434221,1459.1196395635482,1441.4134197137566
2019-10-01,0.56,2369.48,0.56,2369.48,1457.7241040097745,1600.9889492500095,1494.8200458551737,1459.7909757590287
2019-10-02,1.99,2450.09,1.99,2450.05,1467.597993522115,1681.8519064642942,1532.2800440569315,1479.4000653479588
2019-10-03,0.37,925.27,0.37,815.14,1461.1058741835866,1599.3079153724566,1504.1569050743067,1466.2464006876032
2019-10-04,0.41,698.2,0.41,645.63,1452.9916863807648,1508.4814472417465,1470.4891833066868,1449.996570971017
2019-10-07,0.92,1643.41,0.92,1643.41,1454.886395969016,1521.3317855996754,1477.2703918044638,1453.82653986268
2019-10-08,0.13,2227.87,0.13,2227.87,1462.577775113603,1588.6211393520873,1506.70567055723,1469.154133132726
2019-10-09,0.07,755.96,0.07,755.91,1455.5462549632189,1509.3153165566505,1477.2627030843973,1455.030486932078
2019-10-10,1.87,821.66,1.87,821.66,1449.2389290431868,1443.8243340274457,1451.552793159519,1442.4884970918388
2019-10-11,0.78,505.76,0.78,505.76,1439.851079002956,1354.4848736438794,1414.462879702283,1423.9394179415053
2019-10-14,0.23,1333.69,0.23,1333.69,1438.7947498586482,1352.5044094873194,1411.2953157923896,1422.1523007545447
2019-10-15,0.05,726.22,0.05,702.74,1431.4708219993581,1290.6220847742413,1383.508832820139,1407.9065126207913
2019-10-16,0.32,1439.15,0.32,1439.15,1431.5472317307078,1304.767600510028,1385.6908393762121,1408.5251955391916
2019-10-17,3.02,896.29,3.02,873.96,1425.999100071696,1263.7383052233586,1365.622963322243,1397.939746122574
2019-10-18,0.04,1424.67,0.04,1424.62,1425.9853776829227,1279.0603713925625,1367.9365726037238,1398.4680679815328
2019-10-21,0.6,885.61,0.6,885.61,1420.608508253242,1241.5889074504137,1349.0218050506367,1388.312462674968
2019-10-22,0.65,1214.3,0.65,1214.3,1418.5556872755978,1238.9899638837076,1343.7385970094351,1384.8666713348696
2019-10-23,0.05,921.46,0.05,919.45,1413.589461531562,1208.5575863709735,1327.099828499261,1375.6504996252681
2019-10-24,30.82,1911.42,30.82,1911.42,1418.5429992277652,1275.496863859452,1350.0143450287019,1386.2597966623916
2019-10-25,7.29,1004.83,7.29,1004.83,1414.4264519717676,1249.719067301409,1336.4777040471843,1378.7067313819482
2019-10-28,6.93,1441.56,6.93,1441.56,1414.6964375242874,1267.9896323203225,1340.598578398275,1379.9513505625036
2019-10-29,0.82,1370.79,0.82,1367.03,1414.222144613598,1277.4220482898156,1341.6351047355977,1379.6954822345333
2019-10-30,0.26,1570.08,0.26,1570.08,1415.7729690453034,1305.2942341669761,1350.5937280792998,1383.4654726853346
2019-10-31,0.61,2190.26,0.61,2190.26,1423.479307661768,1389.5766880558356,1383.5218171742292,1399.4416019390903
2019-11-01,0.72,657.26,0.72,657.26,1415.8552349487156,1319.8322415743273,1355.0409615987692,1384.744936554158
2019-11-04,0.74,1091.69,0.74,1091.69,1412.6297102228577,1298.104409043439,1344.7134729086213,1378.9418685035805
2019-11-05,11.77,1826.2,11.77,1826.2,1416.7448374843218,1348.3992272297783,1363.59529750044,1387.798465166876
2019-11-06,0.11,2291.82,0.11,2291.82,1425.4520530317416,1438.248824636466,1399.996266225913,1405.699881698225
2019-11-07,1.76,1577.13,1.76,1577.13,1426.9612863349082,1451.4756032425169,1406.94268715823,1409.094537506181
2019-11-08,1.61,1365.2,1.61,1360.65,1426.301472540531,1442.8255457908485,1405.1272876618289,1408.1352397337814
2019-11-11,0.24,1574.37,0.24,1574.37,1427.7747912217199,1455.353589048863,1411.7642567731298,1411.4270171647956
2019-11-12,0.34,1801.12,0.34,1801.12,1431.4896689210061,1488.2837234251617,1427.0331094486933,1419.1437098942056
2019-11-13,0.07,1750.98,0.07,1749.33,1434.652259280001,1513.1452735751463,1439.6722031958034,1425.6820522725382
2019-11-14,0.74,1605.47,0.74,1605.47,1436.3519382921404,1521.9381046632277,1446.1740775802816,1429.24220965328
2019-11-15,2.17,637.44,2.17,637.42,1428.4023667668455,1437.6982851714918,1414.4582314006627,1413.5625619373734
2019-11-18,0.88,1758.49,0.88,1744.84,1431.5509999333444,1466.9498770599212,1427.414379188872,1420.1225112059403
2019-11-19,0.96,1831.65,0.96,1831.65,1435.532084511122,1501.6832221018335,1443.266756475583,1428.2715703899812
2019-11-20,5.54,1946.05,5.54,1937.11,1440.5229095408622,1543.152439044516,1462.633158182423,1438.3475788971102
2019-11-21,0.09,1304.23,0.09,1304.23,1439.1667611872217,1520.3979210402765,1456.4212696262496,1435.6917852555832
2019-11-22,0.13,925.92,0.13,925.92,1434.0598282400852,1463.7809761792978,1435.6172982683574,1425.597294458443
2019-11-25,0.26,792.86,0.26,792.86,1427.6797304466515,1399.883740352698,1410.411129708814,1413.0678430830283
2019-11-26,0.74,1884.86,0.74,1884.86,1432.2287878551426,1446.071955557203,1429.0169677594488,1422.4102620318793
2019-11-27,0.11,654.96,0.11,652.47,1424.4699939461361,1370.4908169327075,1398.5641454943723,1407.163920209466
2019-11-29,0.07,1097.04,0.07,1097.04,1421.2119840561247,1344.4478819867354,1386.7396692004754,1401.0228524825459
2019-12-02,0.57,1835.97,0.57,1835.97,1425.338929488402,1391.259512273713,1404.3565449181037,1409.6356672848717
2019-12-03,1.21,1888.98,1.21,1888.98,1429.9522734735922,1438.6614634857403,1423.3613862938644,1419.1276342693297
2019-12-04,0.34,780.94,0.34,780,1423.48508667286,1375.9318002966222,1398.1315280078304,1406.4716415115213
2019-12-05,0.13,1341.78,0.13,1341.78,1422.6721007358167,1372.6792478874202,1395.9216641643861,1405.1906189073327
2019-12-06,0.48,655.03,0.48,655.03,1415.0338708777488,1304.3317004695707,1366.8670890991161,1390.3359531863955
2019-12-09,0.09,1323.83,0.09,1323.83,1414.1263696749852,1306.1886813772305,1365.179360114837,1389.019003618348
2019-12-10,1.2,1289.09,1.2,1289.09,1412.8822266931445,1304.5602355317799,1362.1954636397454,1387.0402114674896
2019-12-11,2.29,1199.41,2.29,1199.41,1410.7581249350037,1294.545927385896,1355.8117199675985,1383.32476173546
2019-12-12,0.35,770.53,0.35,770.53,1404.3876958311728,1244.6396485872392,1332.8594956551437,1371.1902119981241
2019-12-13,0.04,1763.53,0.04,1763.53,1407.9612510965342,1294.0577772932165,1349.7485350412164,1378.9593167110327
2019-12-16,0.98,987.05,0.98,987.05,1403.7730794438323,1264.8189413605292,1335.5250630788157,1371.1987361821014
2019-12-17,0.26,1247.49,0.26,1247.49,1402.2180239269783,1263.1685659928596,1332.0727076639603,1368.7490582379014
2019-12-18,0.19,1228.49,0.19,1228.49,1400.4893868729785,1259.865845422111,1328.0106406967461,1365.9716511440815
2019-12-19,0.01,1179.4,0.01,1179.4,1398.2894924762325,1252.2024315723863,1322.1827724341285,1362.2771630026145
2019-12-20,0.27,1822,0.27,1822,1402.5055174267177,1306.4688666607306,1341.7834480249471,1371.3805855174141
2019-12-23,0.37,1096.18,0.37,1096.18,1399.4575023279444,1286.4413555501849,1332.151940259263,1365.9310689725148
2019-12-24,0.13,490.42,0.13,489.54,1390.403596832144,1210.5459883549292,1299.1083347588997,1348.5767903789997
2019-12-26,0.54,532.32,0.54,513.23,1381.675501341277,1144.134941844936,1268.2895765330604,1332.0352697774354
2019-12-27,0.59,1343.41,0.59,1343.41,1381.2947500841499,1163.113518812085,1271.2354754925482,1332.2605119600605
2019-12-30,1.12,1405.55,1.12,1405.55,1381.5360958544568,1186.2027074966484,1276.5027117477423,1333.7117889509504
2019-12-31,0.12,555.01,0.12,510.64,1372.870463059885,1121.8634020207771,1246.4688799144974,1317.413337684595
2020-01-02,0.04,1324.38,0.04,1324.38,1372.387970890135,1141.1506970664175,1249.5242179570662,1317.551291393811
2020-01-03,5.34,1688.97,5.34,1687.51,1375.5235134683426,1193.1849163934253,1266.7001309783577,1324.8772064157156
2020-01-06,0.25,1354.83,0.25,1354.83,1375.3176078616923,1208.579686260718,1270.1562042733242,1325.470331041147
2020-01-07,1.48,1571.34,1.48,1571.34,1377.2680794252576,1243.1282875692211,1281.9673335175075,1330.3390373571638
2020-01-08,0.32,1575.11,0.32,1575.11,1379.2366557493845,1274.7455935150097,1293.4631243599583,1335.1859871124675
2020-01-09,0.1,1461.86,0.1,1461.86,1380.0587785777489,1292.5660131802467,1300.0669234046659,1337.6943834072702
2020-01-10,2.38,1702.43,2.38,1702.43,1383.2664524227464,1331.6006785916518,1315.8458675848751,1344.916870864552
2020-01-13,1.91,969.99,1.91,969.99,1379.1542489160524,1297.1615663448279,1302.2828923854684,1337.4925763919866
2020-01-14,0.88,1243.63,0.88,1243.22,1377.801669324848,1292.024274311987,1299.9667005272147,1335.6257927010563
2020-01-15,1.54,1512.05,1.54,1512.05,1379.137473610173,1312.979105329893,1308.2836926634025,1339.1193413604412
2020-01-16,5.06,826.39,5.06,826.39,1373.6374987483803,1266.637285774665,1289.3859007942494,1328.966285095878
2020-01-17,1.04,1612.81,1.04,1612.81,1376.017324631481,1299.6061157008874,1302.0691988023182,1334.5869527177417
2020-01-21,0.73,2219.66,0.73,2219.66,1384.4117791127599,1387.2302951579456,1338.0531517904626,1352.113151673826
2020-01-22,0.05,1776.65,0.05,1776.65,1388.3146469822846,1424.3178860952842,1355.2530281908366,1360.5198219377107
2020-01-23,2.98,1598.77,2.98,1598.77,1390.4087300968888,1440.9323731338286,1364.8027133598234,1365.2376472458748
2020-01-24,0.45,2513.33,0.45,2513.33,1401.582076066074,1543.0654804544163,1409.8429991104185,1387.97214928061
2020-01-27,10.93,2610.08,10.93,2610.08,1413.6069310305907,1644.685910887329,1456.911116792363,1412.1723047403998
2020-01-28,1.38,818.3,1.38,818.3,1407.683478980535,1565.9824908028215,1431.8675435848193,1400.412457121778
2020-01-29,1.23,1713.83,1.23,1713.83,1410.7297130205297,1580.0632059644577,1442.9248948167872,1406.6187450995646
2020-01-30,0.55,1606.19,0.55,1532.32,1411.9395666223156,1575.5162339678427,1446.4305852161287,1409.1078788599693
2020-01-31,1.7,2946.08,1.7,2946.08,1427.204645561397,1706.0461164470958,1505.2403661880453,1439.5429703676928
2020-02-03,0.91,1208.73,0.91,1208.73,1425.0307684911343,1658.6826767854675,1493.612508690475,1434.9724164990255
2020-02-04,0.24,734.5,0.24,734.5,1418.1598155708245,1570.6652789963753,1463.843390702613,1421.1016755782528
2020-02-05,10.51,1005.07,10.51,1005.07,1414.0494691472343,1516.7990619491015,1445.8522773417262,1412.8634245767032
2020-02-06,1.5,1719.34,1.5,1719.34,1417.0871858721375,1536.0886750968061,1456.5772860734232,1418.9322676543923
2020-02-07,3.61,2110.35,3.61,2110.35,1423.985323326146,1590.7802298494912,1482.2154317176028,1432.6237078988597
2020-02-10,4.32,1459.79,4.32,1459.79,1424.341588765687,1578.3049698638254,1481.3360030227948,1433.1616542771
2020-02-11,0.72,989.85,0.72,966.04,1419.781373952098,1519.9940203529848,1461.128316629744,1423.9117205290386
2020-02-12,0.08,1122.66,0.08,1122.66,1416.8249423704851,1482.152685081272,1447.8550493109306,1417.9463399245033
2020-02-13,1.04,1718.3,1.04,1718.3,1419.8246941876941,1504.6429055497224,1458.4607336516783,1423.893937153721
2020-02-14,0.46,1710.88,0.46,1710.88,1422.720766882344,1524.284533592606,1468.359528410436,1429.5768294873108
2020-02-18,0.06,1798.16,0.06,1798.16,1426.4564806447086,1550.3679113456913,1481.2928802374777,1436.8755061311265
2020-02-19,0.8,1076.08,0.8,1075.13,1422.9606947676468,1505.1071578841968,1465.3649241497335,1429.7122287819952
2020-02-20,5.8,1606.97,5.8,1606.97,1424.7916331281679,1514.8083809428447,1470.9180643791558,1433.2222836575993
2020-02-21,0.63,2195.24,0.63,2193.38,1432.4392785696787,1579.4342494244786,1499.2499049917378,1448.2749117039834
2020-02-24,4.99,3201.8,4.99,3201.8,1450.0448578873934,1733.945273288814,1566.0165753842186,1482.998180779152
2020-02-25,2,3452.25,2,3452.25,1469.9672971123944,1897.5933424994032,1639.9865136044455,1521.9932663082777
2020-02-26,1.87,3404.48,1.87,3404.48,1489.2161797281915,2041.10635749946,1709.1823366003496,1559.2702313318762
2020-02-27,3.93,4305.16,3.93,4305.16,1517.2355212234334,2256.730513928083,1810.9853822238654,1613.6442861569876
2020-02-28,0.97,3156.67,0.97,3075.56,1532.7412374301653,2334.7142745063607,1860.5765437052823,1642.593112173681
2020-03-02,0.63,1422.74,0.63,875.6,1526.2025186497656,2195.7510102676597,1821.950012579585,1627.4051297544001
2020-03-03,0.22,3238.79,0.22,3238.79,1543.2431901059867,2295.088056908835,1877.5123650274445,1659.3137410463921
2020-03-04,0.08,932.67,0.08,665.63,1534.5107205526933,2139.9015752984697,1829.9875663989174,1639.6368352830973
2020-03-05,1.12,3505.17,1.12,3505.17,1554.1192705969452,2269.9271395557585,1895.6809951675873,1676.5780860695706
2020-03-06,1.05,3331.19,1.05,3331.19,1571.801566411901,2370.9997929314004,1951.975465945329,1709.3426784246287
2020-03-09,8.48,5326.6,8.48,5326.6,1609.1627448555637,2652.4855269379336,2084.3136829670807,1780.9715362776064
2020-03-10,0.12,1757.99,0.12,528.48,1598.4096827176975,2450.199286277178,2023.3005973605286,1756.1697236780499
2020-03-11,2.04,4495.93,2.04,4495.93,1627.2407306508546,2645.030782822209,2120.2664562875666,1810.4224024170985
2020-03-12,6.25,5133.37,6.25,5133.37,1662.1275890523386,2882.0154701724746,2238.427379570407,1876.2233449434925
2020-03-13,0.01,1459.85,0.01,464.65,1650.2123891612705,2651.7901872989055,2168.8674823323518,1848.271397518869
2020-03-16,9.97,4844.26,9.97,4844.26,1681.9939574283226,2860.5968361275814,2273.784835966377,1907.5979044986934
2020-03-17,2.03,2291.78,2.03,2018.19,1685.339191682767,2780.3676136392405,2263.761509065735,1909.787846983868
2020-03-18,6.48,5113.54,6.48,5113.54,1719.4506425117943,3002.5745075783607,2375.5175283180592,1973.2284836772567
2020-03-19,2.87,1750.7,2.87,1750.18,1719.7564072629207,2883.2988401899456,2350.9944879918608,1968.8116820202813
2020-03-20,0.01,4231.62,0.01,4231.62,1744.7500748523444,3011.710379219475,2424.744508070611,2013.6197675248302
2020-03-23,0.04,3398.6,0.04,3398.6,1761.2062930130176,3048.557009770001,2462.9349195188224,2041.0451186629523
2020-03-24,0.05,513.51,0.05,398.09,1747.642946813883,2796.131580268096,2381.960608949457,2008.5113539369531
2020-03-25,0.3,1470.95,0.3,1325.02,1743.4377433629986,2656.025715480658,2340.5119576181055,1994.9768716807757
2020-03-26,1.94,1421.66,1.94,1041.08,1736.4491091006803,2502.2213616253575,2289.553841633082,1976.0878247168
2020-03-27,6.29,3615.12,6.29,3615.12,1755.142351796196,2608.211708137228,2341.5368282357063,2008.5439073956752
2020-03-30,1.24,2129.13,1.24,2085.57,1758.4301890917561,2558.436307362254,2331.4989134029333,2010.069176556157
2020-03-31,0.65,2707.06,0.65,2707.06,1767.869291687858,2572.590944756325,2346.226799151838,2023.8709750401933
2020-04-01,0.65,3833.46,0.65,3833.46,1788.4224330640984,2692.673711922389,2404.5496697733342,2059.7044210790013
2020-04-02,36.28,1983.6,36.28,1752.74,1788.0673839788835,2603.156215548828,2378.9885062528115,2053.625917691298
2020-04-03,1.33,2823.12,1.33,2823.12,1798.3664149840688,2624.1051474013207,2396.4054275762305,2068.8634242716685
2020-04-06,1.37,582.56,1.37,563.36,1786.077793939451,2427.843704791671,2324.5212931614765,2039.0514752761899
2020-04-07,0.15,1815.63,0.15,1815.63,1786.3718457410487,2369.5376376686545,2304.564771861026,2034.6272876469584
2020-04-08,2.77,473.98,2.77,371.63,1772.2948124500929,2179.2607197954494,2228.763408258633,2001.6966482876128
2020-04-09,0.11,2277.23,0.11,1504.2,1769.6272023759625,2114.969222672073,2200.3491569543726,1991.8452295096401
2020-04-13,0.77,2773.58,0.77,2773.58,1779.6167824518236,2177.694058608066,2222.8287978581225,2007.3251259549938
2020-04-14,1.01,1851.2,1.01,1851.2,1780.3290532731985,2146.5993863596786,2208.2551195107453,2004.2335393024198
2020-04-15,0.03,3321.62,0.03,3321.62,1795.6652815988384,2258.506111468281,2251.9164873730692,2030.3203999102927
2020-04-16,1.89,2765.67,1.89,2765.67,1805.317069841636,2306.807434185587,2272.0636839466742,2044.8817781298908
2020-04-17,0.99,505.2,0.99,503.63,1792.364959693958,2135.076249977436,2202.713343399746,2014.3619409392
2020-04-20,3.47,3149.64,3.47,3149.64,1805.8701839756102,2231.701369027204,2239.847722089952,2036.8426945839683
2020-04-21,2.52,2919.47,2.52,2919.47,1816.9507791599324,2297.2031434055652,2266.4995761256405,2054.320463008048
2020-04-22,1.66,1351.13,1.66,1323.29,1812.0387316061021,2204.449510700273,2229.510965297184,2039.8446122554135
2020-04-23,0.31,1541.66,0.31,1541.66,1809.3483959682305,2141.32670015739,2202.536417638471,2029.9795704285737
2020-04-24,0.82,2043.72,0.82,2043.72,1811.6804517297408,2132.030823951924,2196.3083228291193,2030.2516581428592
2020-04-27,0.05,855.26,0.05,854.45,1802.155770618002,2010.3564597660265,2143.6864278162125,2006.9684569915155
2020-04-28,0.83,1094.14,0.83,1043.43,1794.606260462599,1918.2682255025954,2100.539116921459,1987.888487546139
2020-04-29,28.24,976.48,23.79,976.48,1786.465700657001,1828.5741087880626,2056.4583672382646,1967.8605967036412
2020-04-30,3.36,3223.2,3.36,3223.2,1800.7615643320557,1961.3956222368186,2102.212941072058,1992.7188027095096
2020-05-01,3.78,3231.74,3.78,3231.74,1815.0001557317369,2082.3808010714074,2146.508119853546,2017.2538759231827
2020-05-04,4.04,1955.99,4.04,1955.99,1816.4030397543067,2070.34358192175,2139.0368210357597,2016.0407298652979
2020-05-05,9.52,2498.13,9.52,2498.13,1823.1863925925722,2111.08514554825,2153.118906485338,2025.587052046183
2020-05-06,0.24,3052.75,0.24,3052.75,1835.42085634787,2200.7675126388926,2188.398557211403,2045.9269124017042
2020-05-07,2.81,1272.97,2.81,1195.26,1829.0510965832148,2105.0048923875697,2149.4519471246813,2029.082023047215
2020-05-08,0.11,502.06,0.11,468.78,1815.516060796317,1949.1739502554203,2083.5432433158703,1998.1849532839037
2020-05-11,4.49,2848.14,4.49,2848.14,1825.7909258630204,2034.7897645168089,2113.527429852503,2015.0157462881828
2020-05-12,0.08,3151.94,0.08,3151.94,1838.9864390385128,2141.1850250390175,2154.2494914269146,2037.5290978468327
2020-05-13,0.59,3849.43,0.59,3849.43,1858.990852580418,2303.8750226543493,2220.7271584297805,2073.408323632044
2020-05-14,5.5,1868.66,5.5,1399.89,1854.4226848930507,2217.7812109729825,2188.5374659423383,2060.0713271244786
2020-05-15,0.41,1976.4,0.41,1976.4,1855.6363895209806,2194.7925242136507,2180.218349630874,2058.4144691616175
2020-05-18,0.01,555.76,0.01,555.76,1842.7022960929112,2038.6941885742553,2116.514100625742,2028.6589351188131
2020-05-19,0.44,3015.37,0.44,3015.37,1854.3706314551707,2131.7109325195643,2151.763351581595,2048.1977680867576
2020-05-20,0.26,938.5,0.26,904.32,1844.917391341189,2014.8165579938916,2102.8440044607482,2025.5467231741486
2020-05-21,1.04,1994.11,1.04,1994.1,1846.4017954074457,2012.8435524706638,2098.5795336975816,2024.9240157845616
2020-05-22,0.16,1787.01,0.16,1787.01,1845.8108322690632,1991.3355950925054,2086.361120611402,2020.2128471551644
2020-05-26,0.35,803.56,0.35,803.56,1835.44017722161,1878.2141098456002,2036.0551943129155,1996.1207115679333
2020-05-27,0.01,991.4,0.01,874.87,1825.8822650104496,1782.657527955543,1990.5185200261346,1973.9177271804494
2020-05-28,1.72,3311.47,1.72,3311.47,1840.6642325227833,1928.2587157693008,2042.3205388486392,2000.4039108006386
2020-05-29,4.68,3494.62,4.68,3494.62,1857.1215038409646,2077.4359809341295,2099.2734588937906,2029.9923482105269
2020-06-01,0.49,722.13,0.49,722.13,1845.828056041552,1948.3592208451648,2045.2678330548183,2004.0940838895262
2020-06-02,0.05,1031.74,0.05,889.72,1836.3145430461136,1847.5364379075302,1999.9522317585509,1982.0272703471594
2020-06-03,0.31,747.58,0.31,732.06,1825.32693565262,1741.3005866782416,1950.2309677680194,1957.275443211572
2020-06-04,0.6,1584.66,0.6,1509.16,1822.180995994385,1719.191959375552,1932.9340670712343,1948.4018700786696
2020-06-05,0.42,767.92,0.42,702.11,1811.036010959615,1622.3270108635948,1884.6664565978526,1923.7228231464187
2020-06-08,0.34,469.71,0.34,445.55,1797.4490854774297,1510.2530098289667,1828.230517123427,1894.4520741732224
2020-06-09,4.61,4044.64,4.61,4044.64,1819.8091940796444,1751.623199369065,1915.1485360597633,1937.0300529024655
2020-06-10,3.08,4103.74,3.08,4103.74,1842.5348737405434,1975.634323238678,2000.9756522927137,1979.9352003697434
2020-06-11,139.48,4616.45,139.48,4616.45,1870.1360192754632,2227.140578168328,2103.543273771431,2032.143414223808
2020-06-12,4.34,948.81,4.34,472.3,1856.2272031632697,2060.0129040570587,2039.572949309806,2001.2554258233365
2020-06-15,0.06,2283.17,0.06,1566,1853.3393702959734,2012.9640560516245,2021.0014611015783,1992.636506500102
2020-06-16,0.17,1059.88,0.17,652.47,1841.3904213378046,1883.3931935705175,1967.3335606662224,1966.0985558763377
2020-06-17,5.77,2685.28,5.77,2685.28,1849.7873325682742,1959.7633656114206,1995.4883229930372,1980.3397725916577
2020-06-18,0.48,2085.28,0.48,1905.53,1850.3419859755552,1954.5982831722376,1991.9605456207612,1978.8583909561794
2020-06-19,0.01,4605.35,0.01,4605.35,1877.755001040475,2207.0508276320247,2094.4464065768097,2030.8681257887304
2020-06-22,0.02,1798.2,0.02,1798.2,1876.963408990321,2168.1126535718317,2082.828900436543,2026.2608361691516
2020-06-23,0.13,1922.69,0.13,1922.69,1877.4183999456413,2144.7390675173715,2076.5489435566783,2024.2099285222378
2020-06-24,0.95,3726.27,0.95,3726.27,1895.8149332795156,2295.3610610871456,2141.2438869466123,2057.9140883534806
2020-06-25,0.28,1457.93,0.28,852.36,1885.4322971274805,2157.9323886026555,2090.6994207918433,2034.041730168263
2020-06-26,1.04,4985.9,1.04,4985.9,1916.2827220316847,2427.2626373071644,2204.2366984078494,2092.494369174832
2020-06-29,1.49,750.36,1.49,520.41,1902.393441215449,2245.6576242302917,2138.2042788624435,2061.3639856268155
2020-06-30,1.07,1230.9,1.07,1224.51,1895.6483323476336,2148.4054695416926,2102.3731306717596,2044.7926195747993
2020-07-01,0.01,2229.61,0.01,2229.61,1898.9713340158164,2156.1392343472457,2107.3628118218867,2048.452369682229
2020-07-02,0.02,1239.52,0.02,1136.13,1891.3808729808331,2058.995497742746,2069.2752505739695,2030.386580183571
2020-07-06,1.07,934.12,1.07,906.11,1881.5771827024168,1949.1968789101036,2023.6609270220492,2008.1236776056785
2020-07-07,0.95,2451.58,0.95,2451.58,1887.2488525262734,1997.0428904424746,2040.4420671388316,2016.9049909204175
2020-07-08,0.47,1702.41,0.47,1693.84,1885.3243863319822,1968.1664246860485,2026.8498292118186,2010.507664367538
2020-07-09,0.68,2671.1,0.68,2671.1,1893.1430491545495,2035.1124794778534,2052.1145417917473,2023.5887007166955
2020-07-10,0.07,779.92,0.07,626.44,1880.5390387152008,1900.953195718058,1996.2057362312867,1995.9223898114144
2020-07-13,0.2,2882.43,0.2,2882.43,1890.508103006592,1994.427177078243,2030.959628928099,2013.4769959537625
2020-07-14,0.02,1064.5,0.02,851.34,1880.1681218821482,1885.56173164222,1984.700035636801,1990.4643821724999
2020-07-15,3.98,633.17,3.98,506.87,1866.5034639529727,1754.2577572001037,1926.7459165922205,1961.0862755948267
2020-07-16,17.01,2015.66,17.01,2015.66,1867.9876085902565,1779.153208895332,1930.2327433925257,1962.1669434048301
2020-07-17,0.02,1990.61,0.02,1990.61,1869.207731887866,1799.2919509053004,1932.60047894576,1962.730172248299
2020-07-20,1.23,1863.42,1.23,1863.42,1869.1501425158474,1805.3993841524145,1929.8875189871028,1960.7636341839761
2020-07-21,0.21,748.2,0.21,747.7,1857.9914346301175,1704.6661094712322,1883.5272241248636,1936.7425721209272
2020-07-22,0.04,1559.21,0.04,1559.21,1855.0184850318078,1690.8131466644481,1870.808901610163,1929.266679603681
2020-07-23,0.3,2052.78,0.3,2023.37,1856.6936244842277,1722.4852279345007,1876.7916897823136,1931.1301116907368
2020-07-24,0.67,2023.45,0.67,2023.45,1858.3528919022951,1751.1485395597863,1882.54299606536,1932.9582282909203
2020-07-27,0.65,1545.7,0.65,1545.7,1855.241917853516,1731.5820119826637,1869.3334668078949,1925.2897485227832
2020-07-28,0.25,1685.3,0.25,1685.3,1853.5509534967646,1727.174201317648,1862.116468109546,1920.5374762748072
2020-07-29,0.2,974.19,0.2,974.19,1844.8010932629659,1655.4614202397768,1827.2958223013286,1901.7979222891674
2020-07-30,0.72,2558.62,0.72,2558.62,1851.9037689518916,1741.4765230740836,1855.9752018189236,1914.8043000656196
2020-07-31,3.23,2328.47,3.23,2328.47,1856.645721499634,1797.3806637336947,1874.5044095907306,1922.99570006432
2020-08-03,0.32,1401.56,0.32,1401.56,1852.1175053653092,1759.6834576638191,1855.9575699989373,1912.6702406571058
2020-08-04,0.96,1219.15,0.96,1141.43,1845.0459878989877,1700.8021759815506,1827.9368809793712,1897.3981566836976
2020-08-05,1.91,999.86,1.91,995.53,1836.5930924970078,1633.633397316641,1795.293473882141,1879.5393813038224
2020-08-06,0.16,1917.05,0.16,1897.69,1837.2010219248982,1658.7816451912468,1799.3090239259786,1879.8987994958259
2020-08-07,3.02,1523.98,3.02,1523.98,1834.0843948410684,1645.943393268271,1788.5118073014305,1872.8509024761065
2020-08-10,2.2,843.56,2.2,843.56,1824.2284307132966,1569.5259272427213,1751.4548736817665,1852.4689044072727
2020-08-11,0.73,2085.23,0.73,2065.92,1826.6333219499802,1616.801553219605,1763.7868394197365,1856.6956587754455
2020-08-12,0.52,1548.73,0.52,1548.73,1823.8681147663983,1610.3185481510711,1755.3532378738644,1850.597328898704
2020-08-13,0.21,1824.85,0.21,1824.85,1823.8778847687227,1630.7501149938262,1758.0786010944971,1850.0874808017
2020-08-14,0.79,1108.13,0.79,1108.13,1816.7560152685364,1580.9767707086999,1732.590420659419,1835.395253459092
2020-08-17,1.34,1640.69,1.34,1640.69,1815.0041146190983,1586.663744926919,1728.9864825943437,1831.5397038856445
2020-08-18,2.63,2007.31,2.63,2005.4,1816.898601040799,1626.5433882672123,1739.8262283749577,1834.9824820265228
2020-08-19,1.67,1883.53,1.67,1883.53,1817.5616000354178,1651.018303670335,1745.461670399469,1835.9438190160965
2020-08-20,6.26,1892.83,6.26,1892.83,1818.3105393385479,1674.047989035065,1751.240820579882,1837.0702780454808
2020-08-21,2.21,1897.6,2.21,1897.6,1819.0994891958758,1695.338656746011,1756.980396243416,1838.2688864010158
2020-08-24,0.23,524.72,0.23,524.72,1806.2200912934293,1583.8511656273433,1708.656459135831,1812.258017363372
2020-08-25,0.15,1503.88,0.15,1503.88,1803.2117321760818,1576.234864139025,1700.6260097579552,1806.1515219700377
2020-08-26,0.89,1824.27,0.89,1824.27,1803.4212671793048,1599.8572580305463,1705.4747936890158,1806.5103037132053
2020-08-27,9.09,1170.27,9.09,1170.27,1797.1212545705555,1558.9441858371608,1684.4863704070935,1793.9114858178943
2020-08-28,0.27,627.52,0.27,627.52,1785.4834311419927,1470.237120519336,1643.0367088225016,1770.8146247125894
2020-08-31,19.69,2448.99,19.69,2448.99,1792.0854865535152,1563.4516804698753,1674.6427202412272,1784.2438400648155
2020-09-01,1.63,1430.73,1.63,1430.73,1788.4899095728833,1550.8115204251253,1665.077515525885,1777.243566004126
2020-09-02,1.23,1081.59,1.23,1056.24,1781.2038408209144,1503.7094708608277,1641.2015345248699,1762.9662676674106
2020-09-03,0.75,2602.81,0.75,2602.81,1789.3790264843879,1608.385711731225,1678.9116704258554,1779.5968366244915
2020-09-04,4.46,1750.83,4.46,1750.83,1788.9954540815581,1621.9518344234893,1681.731997075822,1779.0271962952936
2020-09-08,0.98,2609.34,0.98,2604.33,1797.1082356329855,1715.5116597164904,1717.9123109159857,1795.3698260716244
2020-09-09,2.27,976.01,2.27,976.01,1788.938103935145,1645.0829302196819,1688.8181026447705,1779.1448790207012
2020-09-10,0.02,2681.14,0.02,2664.45,1797.6496650900192,1742.1655082939978,1727.078177050858,1796.6756734955388
2020-09-11,0.45,1498.9,0.45,1498.9,1794.6770316065365,1718.9973646469505,1718.130013244942,1790.779125505528
2020-09-14,0.05,546.15,0.05,544.4,1782.2364641278646,1607.1309489662885,1672.101385274552,1766.0983507430424
2020-09-15,0.55,1863.94,0.55,1863.94,1783.049434634055,1631.588953826642,1679.6244682049619,1768.0358091441703
2020-09-16,0.09,1132.09,0.09,1132.09,1776.5722263292384,1584.0176248907712,1658.1525282753555,1755.4428228244838
2020-09-17,3.23,1874.96,3.23,1874.96,1777.551209151833,1611.7264225202216,1666.6547820684789,1757.8094996002364
2020-09-18,0.2,3896.86,0.2,3896.86,1798.6388588120137,1829.35819180401,1754.1138102226562,1800.166935251717
2020-09-21,9.29,3073.56,9.29,3073.56,1811.3246413113966,1947.8536021083899,1805.8567980570617,1825.3826395041583
2020-09-22,1.15,1640.81,1.15,1640.81,1809.6279782137708,1918.6113542885432,1799.3843746038435,1821.7277357516007
2020-09-23,0.56,3160.04,0.56,3160.04,1823.0649137539324,2036.8426538801104,1852.743418737026,1848.2289687070145
2020-09-24,2.08,1629.69,2.08,1588.92,1820.7351136170773,1994.1833535105761,1842.3974023159662,1843.0941376435092
2020-09-25,0.99,1219.06,0.99,1219.06,1814.7482965661611,1920.3620817476642,1817.9527983035755,1830.737026007004
2020-09-28,0.14,709.56,0.14,709.56,1803.7513980928659,1805.0475977716962,1774.4864140563764,1808.5355007395385
2020-09-29,2.66,2179.56,2.66,2179.56,1807.4907871665687,1840.7154456029632,1790.3716527208321,1815.8825205268745
2020-09-30,0.23,1370.53,0.23,1274.33,1802.1857047071999,1786.7739745931572,1770.1347251631523,1805.1587082392136
2020-10-01,0.01,1560.12,0.01,1452.91,1798.7103245608596,1754.977405584285,1757.6945398626365,1798.1834862938827
2020-10-02,12.02,991.31,12.02,989.56,1790.6590775503037,1682.080509814353,1727.5716167307685,1782.1711400306374
2020-10-05,0.94,572.86,0.94,515.35,1777.969434987614,1570.9633184034624,1680.0335141138755,1757.0855729013178
2020-10-06,0.26,2635.83,0.26,2635.83,1786.5053610076377,1672.379192841228,1717.5157292466647,1774.4864526458462
2020-10-07,0.28,523.8,0.28,523.8,1773.9411285598005,1562.9906982849204,1670.7033477075797,1749.7203842766214
2020-10-08,0.03,533.91,0.03,509.76,1761.362211857713,1462.6830127339756,1625.1761576014,1725.1667133008468
2020-10-09,0.85,1664.27,0.85,1664.27,1760.3961201974373,1481.8817734259778,1626.7092494601686,1723.960837789939
2020-10-12,0.61,1150.75,0.61,1150.75,1754.329989648209,1450.3454140520753,1608.0441808538876,1712.6101281307322
2020-10-13,0.89,2128.12,0.89,2128.12,1758.049293233799,1514.8953746185443,1628.4393110164804,1720.8380463855692
2020-10-14,1.36,1770.76,1.36,1770.76,1758.1757679279901,1539.263434178683,1634.0205145060302,1721.8265999224886
2020-10-15,2.97,1135.33,2.97,1135.33,1751.9782976003485,1500.7935833045226,1614.4640237410879,1710.2128058646176
2020-10-16,0.05,1665.57,0.05,1665.57,1751.1185135446235,1516.4865753707586,1616.46817967281,1709.3287899069023
2020-10-19,4.49,2413.51,4.49,2413.51,1757.7094736088561,1601.9173777164006,1647.7247216464255,1723.2729722849836
2020-10-20,2.98,923.02,2.98,923.02,1749.4041057122506,1537.260484600553,1619.3049286406833,1707.4263787743898
2020-10-21,4.02,2088.35,4.02,2088.35,1752.7767016753128,1589.7452003528813,1637.6988530077153,1714.9694207788573
2020-10-22,0.49,676,0.49,676,1742.0625056387426,1502.7218479383212,1599.9851724976088,1694.3957688822463
2020-10-23,0.85,1219.8,0.85,1219.8,1736.865863791591,1475.7769100394335,1585.0759500467223,1684.997832864776
2020-10-26,3.14,2772.57,3.14,2772.57,1747.1713775847095,1599.2810138452016,1631.644344162537,1706.5339153823052
2020-10-27,3.55,2243.51,3.55,2243.51,1752.1100703450606,1660.636155383754,1655.639075764006,1717.167105176715
2020-10-28,1.84,3212.93,1.84,3212.93,1766.6455920331696,1808.473664394825,1716.7093080869863,1746.7861724009385
2020-10-29,11.6,1157.81,11.6,1157.81,1760.5875264407998,1746.5056963572226,1694.7916881620065,1735.1232778979497
2020-10-30,9.7,2230.58,9.7,2063.29,1763.5994913518366,1776.675630037487,1709.2426023517316,1741.6216288306637
2020-11-02,0.01,641.57,0.01,629.84,1752.3183023831616,1667.4531890815358,1666.9130885340167,1719.6061510320367
2020-11-03,5.99,562.35,5.99,562.35,1740.4778217624337,1562.2052663118657,1623.5968889836631,1696.6901876452637
2020-11-04,1.04,1970.75,1.04,1970.4,1742.7656046304692,1601.0809552345452,1637.1970109843037,1702.1101839295159
2020-11-05,0.46,655.57,0.46,655.57,1731.947737917728,1511.032292831255,1598.7018340829584,1681.3866159309116
2020-11-06,19,2080.13,19,2080.13,1735.4122380379497,1565.2320744663737,1617.5813700012739,1689.282524526339
2020-11-09,3.78,1009.16,3.78,1009.16,1728.1858476097113,1512.2728292791,1593.7217084325964,1675.8147517634413
2020-11-10,44.38,1874.24,43.19,1874.18,1729.638525742948,1546.7401788715667,1604.7200728077887,1679.742776480997
2020-11-11,3.99,2222.97,3.99,2222.97,1734.5472966310779,1611.1430189790365,1628.965167991797,1690.4997512041455
2020-11-12,3.35,2785.31,3.35,2785.31,1745.0026469133556,1722.9684457429378,1674.3120241489814,1712.17916207139
2020-11-13,4.35,895.74,3.63,895.74,1736.5522723172028,1644.1847842436105,1643.7797879078448,1696.0120499511645
2020-11-16,17.84,560.99,17.84,560.99,1724.8551352792206,1541.0233762204095,1601.3174432840078,1673.5363657937157
2020-11-17,2.85,1337.48,2.85,1337.48,1721.0006563212185,1521.6382927708466,1590.9708768807134,1666.8817842928502
2020-11-18,0.59,2743.31,0.59,2743.31,1731.1728885966293,1637.9879791736232,1636.160646414803,1688.1971945048729
2020-11-19,1.25,1147.98,1.25,1053.25,1724.4273872175584,1582.2986478237544,1613.3014053789284,1675.6239827324991
2020-11-20,0.45,1843.95,0.45,1843.95,1725.6166669467368,1607.217824221492,1622.3464483052448,1678.9571711932417
2020-11-23,0.05,679.95,0.05,679.95,1715.2120234945305,1518.9066028670643,1585.389724842294,1659.1748509715933
2020-11-24,1.16,969.82,1.16,969.82,1707.7951874398586,1466.6126406892486,1561.2497356327924,1645.5242598632449
2020-11-25,7.43,1995.79,7.43,1922.31,1709.9296631867257,1510.0123891950343,1575.4089616864085,1651.0051656085272
2020-11-27,0.97,1334.53,0.97,1334.53,1706.1943431550171,1493.2997807002691,1565.9627278947846,1644.7383306459822
2020-11-30,3.29,3492.57,3.29,3492.57,1723.9692253126786,1683.7064682526245,1641.5159542518518,1681.3290567718043
2020-12-01,0.45,1650.57,0.45,1650.57,1723.2388847623038,1680.550614133327,1641.8710148694263,1680.7199665386993
2020-12-02,32.16,1143.14,32.16,1143.14,1717.4667565557136,1629.368650882534,1622.312935854939,1670.0748186864478
2020-12-03,0.04,1711.24,0.04,1449.53,1714.8007191770498,1612.2411603222927,1615.537134448863,1665.7075945540428
2020-12-04,5.41,987.84,5.41,981.19,1707.5011100310096,1552.1410498154078,1590.660776235182,1652.1527907014874
2020-12-07,5.47,2145.75,5.47,1924.77,1709.6629895331887,1587.6295212615594,1603.7630987357632,1657.551151281656
2020-12-08,0.39,1327.09,0.39,1168.36,1704.2768901348486,1547.6990906652204,1586.688467412792,1647.8641977909301
2020-12-09,0.19,2202.96,0.19,1897.68,1706.2012991882332,1581.0306058399613,1598.884213788761,1652.8110453594265
2020-12-10,3.79,1362.72,0.76,1114.22,1700.3109380022806,1536.572452902822,1579.877774032339,1642.1458761443885
2020-12-11,4.1,2375.11,4.1,2120.79,1704.4948092659395,1592.2122192930294,1601.0900181879335,1651.6239776068758
2020-12-14,0.03,2905.6,0.03,2430.94,1711.7231196215023,1672.0910555508362,1633.633154729583,1667.055978050304
2020-12-15,14.03,866.38,14.03,704.68,1701.7027900730295,1579.9566693078996,1597.2036192499916,1647.999027989902
2020-12-16,1,1803.42,1,1534.18,1700.035896639467,1575.596986516671,1594.7321047695998,1645.7451858514883
2020-12-17,1.37,983.39,0.05,844.5,1691.5231016480295,1505.968702086512,1565.31123791589,1629.8789445474983
2020-12-18,0.5,3253.37,0.5,3086.75,1705.4059563579995,1656.5193018877965,1624.975503095659,1658.727876338637
2020-12-21,5.23,2184.41,5.23,1880.05,1707.1437080360292,1677.8079398032444,1634.978424542888,1663.110492648763
2020-12-22,0.03,2110.11,0.03,1826.6,1708.3323278565663,1691.9786122029354,1642.4929961294413,1666.3479086359162
2020-12-23,0.38,727.54,0.38,611.24,1697.4159862858542,1589.0511253264654,1602.0517021635808,1645.4546827223337
2020-12-24,1.78,1064.94,1.78,975.65,1690.2342351785321,1530.6319705334686,1577.4869295297149,1632.1912236585251
2020-12-28,0.03,1712.74,0.03,1560.04,1688.9387701518801,1533.4327352445669,1576.802736214824,1630.7624865563762
2020-12-29,2.2,1844.97,2.2,1583.23,1687.886941593155,1538.1753318879414,1577.054785775027,1629.8212491988243
2020-12-30,0.06,842.59,0.06,761.85,1678.6726436668548,1464.2395859938517,1545.0859706465947,1612.6336997097387
2020-12-31,0.49,1239.29,0.49,1168.39,1673.5952044263886,1436.0634349468182,1530.3135796408458,1603.8367947649915
2021-01-04,9.82,2368.03,9.82,1833.46,1675.1858989097082,1473.9107268566452,1542.201674556891,1608.383788928061
2021-01-05,10.25,832.43,10.25,659.36,1665.078178522547,1396.3344671560124,1507.580432417405,1589.5912386522577
2021-01-06,0.02,1137.79,0.02,771.22,1656.1840672934668,1336.7997559982969,1478.7035527147618,1573.3858675898368
2021-01-07,0.34,1311.94,0.34,1071.3,1650.3643253303478,1311.51406495084,1462.726942804379,1563.4435731821172
2021-01-08,5.74,1880.3,5.74,1426.29,1648.134730053429,1322.4451063840934,1461.2980430865603,1560.7276608418772
2021-01-11,2.11,1604.67,2.11,1334.62,1645.0151805006585,1323.6046200617989,1456.330276691009,1556.2502814192658
2021-01-12,9.52,1042.39,0.11,880.32,1637.4062732319953,1281.3870371987705,1433.7416383894008,1542.8655233713596
2021-01-13,3.92,2037.33,0.27,1619.27,1637.2258128018261,1313.5663669893638,1441.0172604133459,1544.3784833046
2021-01-14,0.76,1083.25,0.28,869.08,1629.5825708834,1271.234332037996,1418.5883482402735,1531.0062361104494
2021-01-15,0.05,2715.68,0.05,2175.98,1635.0193612228686,1357.4005861296155,1448.2899816426157,1543.7779938112326
2021-01-19,13.6,1472.48,13.46,1196.68,1630.657775539059,1342.0938636410806,1438.4229235389837,1536.9047662110102
2021-01-20,1.8,1883.02,0.69,1519.95,1629.5562056331978,1359.032543294311,1441.6200637923569,1536.5690282662376
2021-01-21,0.05,2107.22,0.05,1901.32,1632.2603229900815,1410.6789677424717,1459.6475122710879,1543.7918197857182
2021-01-22,1.64,1859.87,1.55,1562.34,1631.564598383215,1425.1228755765221,1463.6746686526137,1544.1591104830306
2021-01-25,3.23,2018.5,3.23,1631.24,1631.5613685485562,1444.7530779025676,1470.245858117217,1545.8834845328715
2021-01-26,0.02,2276.57,0.02,1941.37,1634.6440414983217,1492.0499276261326,1488.72131466164,1553.7149006807354
2021-01-27,0.84,2909.48,0.84,2036.01,1638.6377326276915,1543.855648804596,1510.1836160474581,1563.2652986870573
2021-01-28,18.59,2554.35,18.59,1943.86,1641.6747701139832,1581.9513012993964,1527.1905330652048,1570.8018274259275
2021-01-29,24.99,3282.5,24.86,2120.67,1646.4408918043914,1633.2578440327873,1550.464237650883,1581.6903060907607
2021-02-01,1.5,1100.8,1.5,584.41,1635.8734202441487,1533.3675731725218,1512.5797577430053,1561.9421812176763
2021-02-02,50.18,2028.84,3,1609.51,1635.6110976546547,1540.619232870377,1516.3809437138677,1562.8841182232668
2021-02-03,1.16,1105.3,0.45,893.5,1628.2269076282403,1478.9888297398647,1491.954240038814,1549.6289871693407
2021-02-04,22.47,1428.69,22.47,1175.41,1623.7212667563174,1450.07656024083,1479.5407404294488,1542.2187101956904
2021-02-05,4.61,1326.02,0.75,1115.58,1618.6651347487918,1418.2197449797986,1465.2677702165292,1533.7704189046867
2021-02-08,0.24,1031.12,0.24,823.43,1610.752347338356,1361.5731026007702,1440.0976615805869,1519.704271995683
2021-02-09,16.92,1918.13,6.46,1587.17,1610.5176971160838,1383.058521400697,1445.8652042637011,1521.0402270056695
2021-02-10,1.4,1774.04,1.4,1309.55,1607.5229936621924,1376.0577098387257,1440.51950997885,1516.8523017184286
2021-02-11,3.73,2093.5,3.73,1783.22,1609.2712225809767,1414.835070806466,1453.9587448816403,1522.1269096051924
2021-02-12,20.03,1183.13,18.48,956.81,1602.7790711125092,1371.2136354915647,1434.4627156705956,1510.9325153555847
2021-02-16,37.68,1620.21,28.84,1217.31,1598.943557967111,1356.5561463971299,1425.9469228991998,1505.1182081208206
2021-02-17,2.02,2041.26,2.02,1588.2,1598.8366568928113,1378.6174657878794,1432.3097886678586,1506.763392118428
2021-02-18,46.59,2672.39,46.59,2217.36,1604.991118018256,1458.4977071414146,1463.0960714651974,1520.834612076479
2021-02-19,0.06,1271.77,0.06,1012.32,1599.093892963348,1416.0045921755657,1445.4185784665622,1510.7650157977369
2021-02-22,1.35,2086.3,1.35,1581.97,1598.9235059686878,1431.8108214921785,1450.7735361737557,1512.1750154849103
2021-02-23,63.92,2099.47,63.92,1532.17,1598.2592919789497,1441.3688384929235,1453.9655543630201,1512.5709557723378
2021-02-24,12.67,1066.49,12.67,832.08,1590.6356174318955,1383.341330065026,1429.5778855644703,1499.0958873412023
2021-02-25,0.42,3737.4,0.42,2189.15,1596.590984422623,1460.085012915976,1459.36502730704,1512.7603252156339
2021-02-26,21.84,3212.23,20.82,2221.83,1602.8122681597113,1532.632154543026,1489.26561447147,1526.8013088747302
2021-03-01,4.48,720.23,2.34,527.13,1592.1089620088683,1436.8700445865472,1451.534806060824,1507.0058374118644
2021-03-02,0.25,2116.49,0.25,1618.42,1592.3707633819145,1454.1605165306855,1458.0793234702035,1509.2120584532136
2021-03-03,12.15,2178.41,12.15,1521.51,1591.6656811592088,1460.5747530515725,1460.566800981176,1509.4555820481994
2021-03-04,7.65,2583.43,7.65,1602.99,1591.7783609486694,1474.1381099038038,1466.1520244721103,1511.3077487403143
2021-03-05,18.73,1481.74,16.95,593.36,1581.8438498944538,1390.2544803891558,1431.9248862575178,1493.1305655969418
2021-03-08,3.56,2008.7,3.56,1340.06,1579.4380404427677,1385.4740536854267,1428.3223416983994,1490.0994652880916
2021-03-09,1.21,1733.2,1.21,1229.61,1575.9571644184616,1370.6298580963385,1420.5297008474818,1484.941258054664
2021-03-10,17.33,1403.75,11.29,986.65,1570.093411538676,1334.060347801449,1403.5148106181687,1475.0741044298193
2021-03-11,0.96,1465.45,0.96,1131.83,1565.7325815731172,1314.8003146775015,1392.860504319417,1468.277191470813
2021-03-12,0.72,1146.41,0.72,794.54,1558.059023547514,1265.2517132796443,1369.3969551304203,1454.9358609466385
2021-03-15,0.46,1414.33,0.46,1000.61,1552.512267094305,1240.0477405863448,1354.934721595894,1445.9393092447249
2021-03-16,0.27,2647.39,0.2,2089.45,1557.8549311033169,1320.9431938638359,1383.7392423176236,1458.682095200275
2021-03-17,4.31,1086.21,4.31,530.57,1547.6331904953236,1245.6695563529943,1350.2816249718344,1440.3036378695765
2021-03-18,4.59,2767.06,4.59,1700.36,1549.1528602416388,1288.9734081288996,1364.0101886984291,1445.453268802852
2021-03-19,0.1,2987.01,0.1,2427.6,1557.8936278014235,1397.414035926147,1405.7195930631967,1464.9017189255678
2021-03-22,6.65,2052.99,6.65,1663.61,1558.9455320024044,1422.7660325046093,1415.8329423548362,1468.8365363725864
2021-03-23,6.92,2986.93,6.92,2284.22,1566.1621933755148,1504.8092675041703,1449.8873367722936,1484.9827435731293
2021-03-24,1.03,2727.3,0.13,2270.74,1573.1729178195394,1577.7550515513922,1482.0776372910273,1500.5422932053445
2021-03-25,19.51,852.77,-294.21,-146.99,1556.0568688860117,1413.493618070307,1418.1926319070653,1467.917891359694
2021-03-26,13.24,1917.58,0.37,1212.62,1552.6395866085388,1394.3627973017065,1410.1309600675725,1462.8624875703931
2021-03-29,1.88,2327.12,1.88,1842.53,1555.524068333827,1437.0453880348773,1427.0877851629618,1470.3806561333556
2021-03-30,0.45,1085.42,0.33,695.62,1546.9678089474207,1366.43344631727,1398.4027739801006,1455.038860962398
2021-03-31,0.95,2001.94,0.95,1610.79,1547.6028556245608,1389.7054990489585,1406.7316848044104,1458.1230419334397
2021-04-01,0.27,1128.54,0.27,849.45,1540.6560610412319,1338.252594377629,1384.8775010865904,1446.0701104100053
2021-04-05,0.27,1398.69,0.03,1237.62,1537.6407768517668,1328.6685377702358,1379.1026971224105,1441.9423854513914
2021-04-06,3.53,1252.12,3.53,1042.68,1532.7157939975202,1301.4315341730705,1365.9096501764336,1434.0361996008687
2021-04-07,1.93,1859.68,0.32,1466.03,1532.052253758739,1317.10757853754,1369.8359384048088,1434.6697402028317
2021-04-08,0.81,1592.86,0.73,1125.43,1528.006261184025,1298.8525710577742,1360.2513918006987,1428.5461809908945
2021-04-09,1.52,1452.98,1.52,1211.78,1524.859731221995,1290.559945242748,1354.4289842791027,1424.2537813673125
2021-04-12,1.76,1834.41,1.15,1485.36,1524.4666990705323,1309.1123314101053,1359.5635339152163,1425.4638054986528
2021-04-13,0.2,1542.71,0.2,1196.17,1521.200065248935,1298.3559188948573,1353.1559443499139,1420.92333410264
2021-04-14,0.56,1202.34,0.18,932.47,1515.342054649443,1263.5096409048708,1336.6584563361916,1411.2509908530828
2021-04-15,0.07,1657.09,0.07,1268.39,1512.8848202748218,1263.974437009169,1333.9812619700665,1408.4220603411407
2021-04-16,1.75,1222.37,0.06,960.2,1507.385468829301,1235.0435382463909,1319.323173265358,1399.5463759779498
2021-04-19,2.82,1775.66,2.82,1332.82,1505.6484989902035,1244.355582222925,1319.852460588285,1398.2250616021488
2021-04-20,0.5,2454.77,0.5,1921.35,1509.7848323335845,1308.831241058837,1343.4405993887444,1408.5839712733934
2021-04-21,1.8,324,-57.38,170.8,1496.4616001710613,1200.4473133389477,1297.4546935303622,1384.0733975848113
2021-04-22,1.35,2062.1,1,1583.71,1497.3297434529413,1236.9485215923812,1308.6803918232893,1388.0265976326368
2021-04-23,2.33,478.92,0.17,369.42,1486.1067609310214,1154.326757631202,1271.846650967474,1367.856169956743
2021-04-26,0.13,819.69,0.13,661.84,1477.905101618275,1107.423256904421,1247.9248215177693,1353.8756517397778
2021-04-27,0.16,1537.57,0.16,1281.74,1475.9532100598842,1124.0248514849523,1249.250906948445,1352.4472229924554
2021-04-28,3.66,1180.56,2.76,927.75,1470.4984517508306,1105.3320084863853,1236.6430282445845,1344.0373769926048
2021-04-29,4.31,1807.66,1.97,1405.57,1469.8523975045537,1133.9261029162535,1243.2676153722477,1345.2558447749295
2021-04-30,5.19,2414.73,0.22,1731.01,1472.450980613961,1190.7912359718484,1262.394767710591,1352.8945409180003
2021-05-03,0.04,1153.13,0.04,977.37,1467.5248017023794,1170.4654039745296,1251.2173258395874,1345.4584113948715
2021-05-04,6.02,2034.47,0.35,1421.91,1467.070923078475,1194.4125083579079,1257.9111561988193,1346.9723042385374
2021-05-05,0.22,1317.75,0.06,1029.32,1462.7151925005799,1178.6894123238214,1248.946797132199,1340.6821596001505
2021-05-06,2.28,1596.99,2.28,920.7,1457.3220065055493,1154.1189921025052,1236.07437371525,1332.3656811922267
2021-05-07,1.83,640.31,1.35,468.62,1447.4841755950463,1088.8333738070285,1205.9781237656323,1315.261806317133
2021-05-10,0.26,2459.11,0.26,1983.29,1452.8155768329066,1174.01971915874,1236.4609424414898,1328.49008738016
2021-05-11,52.1,1918.42,0.98,1173.37,1450.0350238295941,1173.9578411436219,1233.9867878359412,1325.4184024815431
2021-05-12,0.27,2925.5,0.27,2140.4,1456.9043270750708,1265.999951510896,1269.5324039992377,1341.5566519373542
2021-05-13,1.54,1653.88,-15.74,1156.76,1453.9178163579058,1255.5961466050962,1265.1099567835813,1337.8973122950304
2021-05-14,0.59,454.05,0.59,275.12,1442.188484851857,1162.2174659760394,1226.286821223441,1316.8522170020594
2021-05-17,1.12,1023.48,0.08,713.41,1434.9369576394008,1119.473897787845,1206.1740047048747,1304.9028661703355
2021-05-18,12.98,2063.97,12.92,1671.09,1437.2867391554266,1172.0087646651932,1224.4060045203698,1312.1540965432002
2021-05-19,55.91,2211.99,18.35,1389.64,1436.8126422484074,1192.735548982794,1230.8857690489829,1313.6884708690775
2021-05-20,1.9,1353.86,0.32,1008.54,1432.5512229225526,1175.1931157463373,1222.1663271254934,1307.645926891472
2021-05-21,0.25,1495.71,0.25,1234.41,1430.5796684656118,1180.8328190085908,1222.6464711597878,1306.1957105173835
2021-05-24,0.15,1060.83,0.06,895.79,1425.258378232123,1153.6858838649155,1209.828570329992,1298.068864764564
2021-05-25,1.75,2184.4,1.75,1880.19,1429.7850610357834,1222.8767520682568,1236.117253846463,1309.596015957345
2021-05-26,1.76,720.66,0.14,538.87,1420.9202345578155,1157.73325187128,1208.7742242838565,1294.334114651259
2021-05-27,0.03,1341.37,0.03,1116.59,1417.8920730199268,1153.814846931158,1205.1591566648817,1290.81442921262
2021-05-28,1.1,2201.18,0.59,1919.2,1422.8802115968429,1226.7086710329525,1233.160758364298,1303.2577078420732
2021-06-01,0.17,712.23,0.17,514.4,1413.8406075013518,1158.8697499821951,1204.974061957855,1287.6367631323292
2021-06-02,0.04,1229.05,0.04,955.95,1409.2844820535772,1139.5440595077002,1195.2084124693115,1281.0687084168376
2021-06-03,9.48,2309.68,9.48,1787.62,1413.049014570457,1201.265577649824,1218.4402394312992,1291.0994270620488
2021-06-04,16.47,1709.3,7.89,1462.08,1413.5368850722436,1226.1050464450789,1227.994739845758,1294.485180981612
2021-06-07,1.89,1526.02,1.5,1277.14,1412.1797021362015,1230.9655182122142,1229.9220049498458,1294.141712051283
2021-06-08,3.79,1666.29,3.79,1059.99,1408.6753269905676,1214.6821355253367,1223.2580047557342,1289.5050444859112
2021-06-09,8.27,2107,0.34,1851.04,1413.0769655279748,1275.2876464276856,1247.8769065300191,1300.624548555497
2021-06-10,4.22,2003.19,0.77,1689.39,1415.8263489555573,1314.7259658155251,1265.1911454896263,1308.3228743266754
2021-06-11,1.53,1081.25,0.98,858,1410.275838020676,1271.2282547854752,1249.2228652743468,1299.4055896865432
2021-06-14,1.15,1956.09,0.56,1810.34,1414.2565759508186,1322.5722305201919,1271.2274587929999,1309.523102762057
2021-06-15,3.51,1672.49,0.13,1345.52,1413.5726299214573,1324.7577323754117,1274.1408917815097,1310.235912608353
2021-06-16,8.95,2170.93,8.95,1703.21,1416.454593802836,1360.8008054825154,1290.9671313194897,1318.0175777052173
2021-06-17,0.67,2843.32,0.67,2190.24,1424.1539510784296,1439.7950144841807,1326.232734012843,1335.2893088397675
2021-06-18,72.28,4050.13,28.04,3440.74,1444.2194839035199,1630.3612035809253,1409.1545875809668,1376.9814017340295
2021-06-21,1.45,611.02,1.45,377.68,1433.6071507303504,1511.0582318113134,1368.7046037542623,1357.1932551650389
2021-06-22,6.56,1391.86,6.56,1015.12,1429.4430994793022,1463.826019257855,1354.8385408619383,1350.4195273399887
2021-06-23,1.94,1225.08,1.94,1060.8,1425.7750089372196,1425.4425888523451,1343.307617690882,1344.6844871946423
2021-06-24,1.65,778.92,0.32,627.01,1417.8270984005308,1349.4013899140266,1315.2175150363375,1330.47311121059
2021-06-25,3.2,2258.56,1.77,1992.48,1423.5450377199284,1410.6469718269764,1341.7768281721674,1343.5821585133508
2021-06-28,0.51,2197.9,0.51,1903.47,1428.320410478934,1457.5824983196453,1363.8040113811019,1354.6690464635815
2021-06-29,1.43,1939.32,1.43,1716.62,1431.1890631109845,1482.2527365749172,1377.6399325034115,1361.836392078164
2021-06-30,5.43,1264.6,5.43,888.09,1425.7850923337608,1425.665809282068,1358.4418959346503,1352.4552754033489
2021-07-01,1.63,1268.96,1.63,1059.1,1422.1364844498428,1390.754779826633,1346.7029980548602,1346.6462600488271
2021-07-02,25.21,1413.97,0.08,1124.4,1419.1739323657648,1365.3876579383823,1337.9852334252578,1342.2453440082563
2021-07-06,1.26,2536.14,1.26,2056.01,1425.5106096556576,1431.161214325203,1366.143067408581,1356.3792975922513
2021-07-07,3.78,2087.18,3.78,1518,1426.430902096895,1439.4315748656597,1372.0982412356955,1359.5797075409196
2021-07-08,31.36,2291.56,31.36,1775.18,1429.9010423745378,1471.4076153546446,1387.905369030374,1367.8094163024855
2021-07-09,0.14,398.11,0.14,327.88,1418.9356588683236,1362.500223416107,1346.3357467154574,1347.2167545935254
2021-07-12,1.77,1354.98,1.76,1069.98,1415.4634632576935,1334.641154519335,1335.498266452106,1341.7269178689012
2021-07-13,0.72,2127.36,0.72,1858.65,1419.8732795436867,1384.546758850827,1356.0140207088862,1351.9630185051606
2021-07-14,3.19,2100.54,3.19,1811.25,1423.7675752696202,1425.1851627697959,1373.8664120536357,1361.0578102179297
2021-07-15,8.97,1946.74,3.02,1647.75,1425.9962561127086,1446.3818139345772,1384.6069449142774,1366.7348832829211
2021-07-16,3.32,2605.89,1.22,2294.8,1434.6410694847214,1527.183545940808,1420.3007902117567,1385.1124103466257
2021-07-19,37.68,2802.67,10.86,2139.92,1441.6587702858685,1585.53939870835,1448.5211513799231,1400.059095290257
2021-07-20,0.17,305.52,-46.33,203.15,1429.3352999347653,1453.883265498031,1399.683067012083,1376.3579250864893
2021-07-21,0.76,474.27,-3.79,460,1419.6901725722303,1359.2277164029804,1362.832750658668,1358.2122235996283
2021-07-22,5.37,2035.39,0.19,1706.48,1422.5438026958898,1392.2993624598394,1376.3091133779358,1365.1086152115167
2021-07-23,210.83,2432.78,178.59,2111.79,1429.4019738133436,1460.822280320807,1405.1515010886048,1379.8943852073282
2021-07-26,32.79,1700.77,0.02,1389.54,1429.0053372579869,1454.0334917188254,1404.53928535964,1380.0853874804504
2021-07-27,3.22,1902.99,3.22,1438.33,1429.0981199718378,1452.5379210789372,1405.8644114239678,1381.2387461442038
2021-07-28,1.32,749.09,1.23,522.01,1420.0723675343072,1363.9162143095145,1371.2034541132239,1364.2243155274869
2021-07-29,0.13,1179.49,0.04,1009.66,1415.9886623847121,1330.177527232418,1357.0252794421172,1357.2032399724872
2021-07-30,0.86,2116.3,0.86,1805.98,1419.8691732067548,1375.4920484483782,1374.6313469149752,1366.0899084878833
2021-08-02,0.1,1760.56,0.1,1591.86,1421.5805247171354,1396.0985200247233,1383.1501176241918,1370.5606033693114
2021-08-03,3.93,965.3,3.93,557,1412.9777334264177,1316.1843752604639,1350.752073795792,1354.4504924115033
2021-08-04,5.86,2444.06,5.86,2087.85,1419.692880357498,1389.676339521372,1379.657874823408,1368.9732549380083
2021-08-05,3.16,931.96,3.16,728.21,1412.8124536872742,1326.6795452812414,1354.1108993401372,1356.284873652107
2021-08-06,0.46,1078.67,0.46,847.04,1407.1828770336695,1280.99958858779,1334.225766032681,1346.200816748105
2021-08-09,1.98,1490.82,0.74,1220.34,1405.3237439288569,1275.2224849127624,1329.759657560811,1343.7085233471523
2021-08-10,0.05,1208.38,0.01,950.84,1400.801517621107,1244.3289149210707,1314.9000631466618,1335.9289486274067
2021-08-11,4.63,953,0.69,710.36,1393.9314527691556,1193.4747325476353,1291.19260968993,1323.5414446941907
2021-08-12,2.21,1623.63,2.21,1302.13,1393.0180054779203,1203.8228532573844,1291.6215269569914,1323.1174556903452
2021-08-13,1.36,1475.5,1.3,1229.19,1391.3878760701798,1206.2387719947765,1289.1732317822075,1321.2575060727147
2021-08-16,5.24,1884.35,5.24,1464.89,1392.1192404873918,1230.8722222809884,1296.0640854378073,1324.101713873255
2021-08-17,4.02,2049.99,4.02,1641.34,1394.599049039756,1269.9643915875608,1309.6043173814228,1330.3836601331905
2021-08-18,1.04,2154.34,0.17,1669.74,1397.3367699448331,1308.0382590554123,1323.7272853272493,1337.1035876553055
2021-08-19,31.69,2546.74,29.17,1871.47,1402.0545135274715,1361.6984248596586,1345.2073917850043,1347.685100771042
2021-08-20,0.02,760.83,0.02,398.36,1392.067503442621,1269.9519082063578,1308.0761215189257,1328.8865839240907
2021-08-23,1.6,614.09,1.6,456.49,1382.7582745526447,1192.479345520038,1274.680587341713,1311.6114040444058
2021-08-24,0.03,593.6,0.03,476.15,1373.7372966963994,1124.2575030895582,1243.3656623479203,1295.0676138653087
2021-08-25,1.69,1233.48,1.69,965.92,1369.6794131471815,1109.1777408905527,1232.4854402950607,1288.5498393333223
2021-08-26,2.22,2094.79,2.22,1676.29,1372.7302647576573,1163.1884322343096,1249.8895406756465,1296.2278623168208
2021-08-27,0.02,384.71,-5.51,291.96,1361.9763317749942,1080.2142958310421,1212.323676335425,1276.3413699937155
2021-08-30,0.58,1546.59,0.01,1269.25,1361.0536817075813,1098.2176962280857,1214.5560811850162,1276.200946825523
2021-08-31,0.08,1302.94,0.08,869.21,1356.1597147254163,1076.4074394444585,1201.0130976091332,1268.1417201557108
2021-09-01,0.01,1458.27,0.01,1120.03,1353.8101653251633,1080.5619690211768,1197.8372898597554,1265.2088148060927
2021-09-02,1.56,1057.58,1.2,852.41,1348.8211089537688,1058.833210066779,1184.291121629961,1257.0345808495365
2021-09-03,7.13,1583.21,7.13,1198.62,1347.326570556219,1072.1462376794666,1184.853038428786,1255.8778564762783
2021-09-07,0.1,1700.98,0.1,1344.63,1347.2997390083958,1098.097072186184,1191.1188016276571,1257.6353246648669
2021-09-08,0.46,2164.43,0.46,1654.19,1350.3533734461232,1151.0583034065476,1209.2784564657882,1265.4878924932852
2021-09-09,3.92,1282.61,0.63,908.93,1345.961101073525,1127.9984649868763,1197.5000856239926,1258.4273401666856
2021-09-10,4.36,2136.46,0.23,1669.89,1349.1842741971716,1179.6071826071739,1216.0251803054048,1266.5751156089293
2021-09-13,1.34,857.53,1.34,550.78,1341.2399530608814,1119.7188795017287,1189.9371340189184,1252.400954903802
2021-09-14,2.65,2183.65,2.65,1850.53,1346.307515716992,1189.319938596802,1215.8427366064118,1264.2450944106572
2021-09-15,1.82,980.66,1.82,712.66,1340.0025653118478,1143.9237539685353,1196.1100802689054,1253.3226172936145
2021-09-16,0.31,1910.87,0.31,1467.98,1341.2759726221777,1174.7862535905795,1206.7716457485562,1257.573258535325
2021-09-17,61.14,3617.7,34.23,3151.52,1359.2883510040467,1363.0466103914766,1283.0362870917502,1295.0771544059128
2021-09-20,42.08,2962.9,25.15,2183.82,1367.4926460189317,1441.2155046399075,1318.3611385783481,1312.6760226354986
2021-09-21,0.01,1605.34,0.01,1088.59,1364.7174953122758,1407.6321232456305,1309.3505056929228,1308.2386756526175
2021-09-22,1.28,439.4,1.28,353.68,1354.657420732054,1307.2557305555704,1271.873230959867,1289.3365236594964
2021-09-23,2.94,678.25,2.94,545.34,1346.6045110730288,1234.6923276455161,1243.3817317065389,1274.6039192305955
2021-09-24,3.2,1556.35,0.01,1246.79,1345.6113318583718,1235.8444869173718,1243.5153892866747,1274.053148552762
2021-09-27,0.31,872.95,0.31,701.53,1339.2025623871443,1184.957392925241,1222.2610602950404,1262.7160565022123
2021-09-28,0.64,2522.07,0.64,1777.75,1343.5662184827947,1241.4138316942658,1244.0449402834702,1272.9147484526636
2021-09-29,1.04,1580.27,1.04,1138.85,1341.5292411844584,1231.6458477233834,1239.9196485076477,1270.2600009585515
2021-09-30,0.09,2357.49,0.09,1438.62,1342.4953183866032,1251.3576717497278,1247.7118191544066,1273.5938623257089
2021-10-01,0.23,629.8,-18.42,264.47,1331.7686983031545,1157.3683696783253,1209.153316442469,1253.611211586586
2021-10-04,0.04,1788.55,0.04,1126.2,1329.723238618546,1154.3999535184848,1205.900245209431,1251.0882172977426
2021-10-05,5.5,1173.99,-3.78,963.04,1326.0746491795555,1136.1751960405338,1196.3763140247474,1245.384292202738
2021-10-06,56.13,1662.37,25.78,1019.01,1323.0192795359778,1125.0166059414353,1189.4207722982867,1240.9016329511985
2021-10-07,0.05,742.94,0.05,609.98,1315.9243613316398,1075.9655006136795,1166.6976047571775,1228.4081352689966
2021-10-08,0.23,1221.2,0.23,1051.45,1313.292775646748,1073.6306910314242,1162.1780908451312,1224.9040137785214
2021-10-11,0.41,1640.89,0.41,1514.86,1315.2984196701634,1115.6525299808125,1176.0087539492438,1230.6457164759763
2021-10-12,0.09,1276.52,-2.55,1049.76,1312.6562463401121,1109.3770509350209,1171.0578224218225,1227.0638211002145
2021-10-13,0.12,1061.56,0.12,730.72,1306.8658359287676,1073.3144746554951,1153.7896725229275,1217.2352305833786
2021-10-14,0.24,651.34,0.04,489.59,1298.7337380588297,1017.721667545448,1127.7426265416361,1202.8264141361828
2021-10-15,6.9,1217.99,6.9,1090.58,1296.6625565856075,1024.6605563506434,1126.2852686380425,1200.6037128661594
2021-10-18,0.51,1482.04,0.51,1198.95,1295.6902923409746,1041.2595509839155,1129.1348659463545,1200.5709660767304
2021-10-19,0.23,1075.6,0.23,865.93,1291.4140705266366,1024.5614985092568,1118.8131064974777,1193.9444122930329
2021-10-20,0.21,797.05,0.21,585.45,1284.3895524119437,982.7413557940895,1097.8969062426747,1181.8950179902006
2021-10-21,0.7,1921.62,0.7,1623.95,1287.7682633332179,1043.808845718462,1118.5264393311973,1190.6485819903946
2021-10-22,9.16,1716.34,9.16,1306.1,1287.9506686731859,1068.788955650037,1125.8822652397778,1192.934748683654
2021-10-25,1.09,1081.32,1.09,862.91,1283.7214082883781,1049.181436064319,1115.5696273872375,1186.399605145364
2021-10-26,0.05,1897.45,0.05,1543.95,1286.3107475093893,1096.302251677241,1132.3688576857771,1193.4798109840697
2021-10-27,1.46,2420.37,1.46,1992.41,1293.3366107182512,1181.645846755599,1166.0959613059426,1209.3002107665634
2021-10-28,11.36,1020.75,11.36,703.88,1287.471370810607,1136.14433754078,1147.969845176298,1199.291889761285
2021-10-29,0.13,2156.62,0.13,1775.76,1292.3299641358744,1197.0601149178485,1172.5890669340902,1210.7070998650217
2021-11-01,0.05,581.96,0.05,442.86,1283.877526681786,1125.23153254472,1143.9722407798122,1195.5022067983878
2021-11-02,0.83,1811.47,0.83,1407.1,1285.1036209436588,1152.0761484928419,1154.2909764355059,1199.6922621093108
2021-11-03,0.93,918.77,0.9,514.42,1277.435127202926,1091.3469914935235,1129.197996967447,1186.12251434477
2021-11-04,0.71,2121.55,0.71,1727.45,1281.912887131255,1151.9282303989023,1152.6588598314686,1196.8418704963588
2021-11-05,13.54,1190.9,2.89,908.91,1278.2014156175112,1128.7836370275784,1143.1000810145483,1191.1402492984112
2021-11-08,0.2,1221.3,0.2,1026.9,1275.700904019327,1119.0804335011424,1138.5432150924091,1187.8879671340862
2021-11-09,10.9,1756.3,10.9,1243.72,1275.382686068886,1130.9508684057955,1142.6677948927068,1188.9935519433122
2021-11-10,20.8,2162.15,20.8,1711.28,1279.7199727746681,1186.2203095100056,1164.9663127400515,1199.335857845425
2021-11-11,0.01,1158.74,0.01,894.82,1275.8901222992984,1158.4678990804812,1154.372339691422,1193.3058408583868
2021-11-12,1.45,1419,1.45,1087.93,1274.019872326171,1151.7500039299591,1151.7667577427387,1191.2191905443592
2021-11-15,0.02,1266.04,0.02,984.82,1271.1422616562588,1135.851908317582,1145.219826066553,1187.1320778603124
2021-11-16,3.07,1869.18,3.07,1481.3,1273.2333834308233,1168.7517265730503,1158.3994407306097,1192.957185229415
2021-11-17,4.01,2034.59,3.59,1623.34,1276.7170313568847,1212.0458478518074,1176.6324038392133,1201.47961720507
2021-11-18,0.02,2269.58,0.02,1838.81,1282.3099962190054,1271.737671865921,1202.6001527082637,1214.1000208247717
2021-11-19,41.21,2321.37,26.95,1768.25,1287.1452201372242,1319.0245602596426,1224.7824996608808,1225.0732877391326
2021-11-22,0.01,1660.9,0.01,1218.76,1286.46477018561,1309.475554520629,1224.5463232035913,1224.9482721403378
2021-11-23,2.59,1494.25,2.59,948.24,1283.099349586748,1275.0721683758072,1213.7107811171759,1219.4689004147865
2021-11-24,0.26,1019.19,0.26,703.19,1277.3291073023029,1220.6071999590638,1193.690358328267,1209.2455558521174
2021-11-26,45.69,2098.88,43.09,940.74,1273.9799619560113,1193.9531809153434,1183.7707364330408,1203.9286141520754
2021-11-29,0.12,1821.62,0.12,1264.18,1273.8824498967474,1200.6414493995965,1186.9240408866472,1205.1217109015392
2021-11-30,6.09,3686.32,6.09,2030.25,1281.4084951714067,1279.6517875520158,1219.9956471263865,1221.4608849430929
2021-12-01,5.35,3516.65,2.57,2801.29,1296.5316942244276,1424.569712547062,1282.0071903763321,1252.744629795705
2021-12-02,12.46,629.15,0.68,313.11,1286.7464037346324,1318.7164065901989,1244.0112221262798,1234.1380034631168
2021-12-03,4.31,2561.78,4.31,1508.82,1288.956091259661,1336.8215107244657,1254.395880082112,1239.5772509192927
2021-12-06,3.22,649.91,-49.12,405.71,1280.1675729386693,1248.1442239888024,1221.1140808632056,1223.0650281288117
2021-12-07,0.39,704.76,0.39,478,1272.185806043757,1174.797155037488,1191.9723522019035,1208.311265195568
2021-12-08,0.35,1163.39,0.35,875.75,1268.2411711577495,1146.3164736053463,1179.571475644966,1201.725893607537
2021-12-09,2.04,2232.27,1.12,1712.87,1272.665338608916,1200.273952309599,1200.4851432667322,1211.8475590806552
2021-12-10,0.64,1371.31,0.64,978.65,1269.7398128516134,1179.1669092324944,1191.785725883723,1207.2297856335135
2021-12-13,0.33,2474.4,0.33,1966.47,1276.6724515297067,1254.1481559722567,1222.1655013392633,1222.264245323939
2021-12-14,43.84,2106.59,2.11,1719.62,1281.0798898229434,1298.4788077844228,1241.6735208945863,1232.1128741294056
2021-12-15,1.65,1747.61,-84.6,349.7,1271.8124282326653,1208.1189213287635,1206.6941671340144,1214.6393518694174
2021-12-16,0.87,1959.25,0.87,1438.54,1273.4714090462705,1230.0637859641192,1215.7861605797393,1219.073028070023
2021-12-17,0.23,3345.08,-99.71,2501.06,1285.6862208965565,1351.111044443727,1266.1890562432789,1244.4589087022996
2021-12-20,0.41,2499.2,0.41,1810.74,1290.9106366090286,1394.8852306871815,1287.5439952141307,1255.6723956586898
2021-12-21,1.56,439.44,0.14,335.44,1281.403466095506,1293.98568490745,1250.206583637106,1237.44997198228
2021-12-22,0.44,601.77,-8.07,376.91,1272.403531109481,1206.6451434876928,1215.959658788592,1220.4095764974822
2021-12-23,0.39,627.56,0.39,479.8,1264.5169288098841,1137.4217964888649,1187.0906525615883,1205.7440403292153
2021-12-27,0.8,746.78,0.8,627.95,1258.1829295182436,1088.9006730137348,1165.1635681474083,1194.3025741840822
2021-12-28,0.59,1365.62,0.59,1241.67,1258.0186217618432,1103.4501327267126,1168.1638203769216,1195.2405430121203
2021-12-29,0.32,1492.02,0.32,1160.32,1257.0464961721732,1108.8663105622638,1167.8562195778268,1194.5490471108901
2021-12-30,2.16,1010.13,0.38,924.04,1253.7329986978232,1091.2638047944292,1158.2947992022257,1189.1924323166152
2021-12-31,0.21,1243.36,0.02,1136.46,1252.5661031883922,1095.568204337817,1157.4385325668443,1188.148225736088
2022-01-03,0.19,868.19,0.19,695.2,1247.0201718133833,1057.4378991627868,1139.3115312897132,1178.3868747314132
2022-01-04,0.72,1382.47,0.72,1054.43,1245.1038516958372,1057.1514325758549,1135.9828437881558,1175.9322831525733
2022-01-05,5.46,2894.34,5.46,2138.97,1253.998042226227,1160.1817723305353,1175.3156734435222,1195.0023369515322
2022-01-06,0.22,1402.96,-66.41,948.57,1250.958957228951,1140.0282702038176,1166.4236862496587,1190.1224886950663
2022-01-07,0.21,1231.04,0.21,916.08,1247.6268283012998,1118.6998635177397,1156.6062867888877,1184.6959047605105
2022-01-10,1.3,1891.78,1.3,863.87,1243.8083523978044,1094.4303527065265,1145.1264324050098,1178.342916547431
2022-01-11,0.26,399.6,-33.04,92.65,1232.354040433647,999.0227000678096,1103.8528468204997,1156.8440469128284
2022-01-12,0.57,1195.93,0.13,790.67,1227.9591743596804,979.1795857756373,1091.5711665530291,1149.5930756868318
2022-01-13,5.49,1918.29,0.19,1466.46,1230.3323169033652,1025.5872442731957,1106.2726894333025,1155.8676682474886
2022-01-14,8.01,1433.34,0.84,757.56,1225.6281147451227,1000.0608400567008,1092.5976820045455,1147.9803876881324
2022-01-18,6.68,2643.88,6.68,2040.23,1233.7336061406936,1099.1245695751104,1129.7597336906417,1165.6486968428228
2022-01-19,0.16,2345.37,0.16,1782.02,1239.1891921492438,1164.162229615576,1155.3385676635578,1177.854069182569
2022-01-20,1.19,2771.53,-72.99,2383.72,1250.577558396515,1280.3105886998069,1203.5103885394967,1201.7326024660824
2022-01-21,8.16,3041.69,5.19,2074.91,1258.779871248291,1355.986723109349,1237.6829223222614,1219.0232440014074
2022-01-24,10.43,2091.44,-530.3,-262.8,1243.639773026915,1201.8165590036967,1178.840454780212,1189.6802094667262
2022-01-25,16.11,1530.74,-311.96,601.29,1237.2482329967966,1144.623553384297,1156.1914173378507,1178.0289181901574
2022-01-26,0.04,2841.25,0.04,1800.29,1242.8506386386196,1207.067976871507,1181.450185285386,1190.3509198101542
2022-01-27,22.08,2442.27,13.48,1738.52,1247.7826720850014,1257.6824552646967,1203.2960603722336,1201.2057530812403
2022-01-28,34.29,1722.87,-297.31,-175.73,1233.6183668901258,1121.1669833347255,1149.216607024303,1173.9396985647802
2022-01-31,0.05,644.26,-76.97,249.06,1223.8217662245524,1038.109175398085,1113.9163479253107,1155.6252490882498
2022-02-01,10.63,709.7,-21.03,300.52,1214.6346839735618,967.8625872649341,1082.0184519282398,1138.6924718785815
2022-02-02,3.9,1675.15,3.9,992.69,1212.4262791579044,970.2271027635118,1078.5153753820343,1135.8013338215799
2022-02-03,1.73,2416.45,1.73,1635.19,1216.6328833453879,1033.5569025003201,1100.345752818033,1145.6902183003606
2022-02-04,0.13,1242.35,0.13,753.58,1212.0253919688168,1006.8924355955278,1086.7470958447768,1137.9256595221357
2022-02-07,2.23,1355.59,2.23,935.24,1209.2713084666395,1000.0683941102394,1080.805641105766,1133.9120821058557
2022-02-08,1.8,1118.94,1.8,704.61,1204.2498029097576,971.9294994330737,1066.0528708663242,1125.411050777027
2022-02-09,0.2,709.13,0.2,527.12,1197.512192930556,929.5666899632572,1044.9182484794094,1113.5637032368877
2022-02-10,34.21,2628.92,-36.48,1952.44,1205.0239124038837,1026.9831956810422,1080.5073367743346,1130.175115053979
2022-02-11,2.31,2220.96,2.31,1535.99,1208.3171073053377,1075.4600341876096,1098.3694019988704,1138.2110533697419
2022-02-14,13.22,2309.67,11.55,1592.56,1212.1404196704586,1124.7076499792659,1117.7494254498952,1147.2080622139054
2022-02-15,10.72,655.25,8.73,411.91,1204.1779279324442,1056.82215950505,1090.0694479812719,1132.6477045463032
2022-02-16,0.07,1431.37,0.07,946.42,1201.6131724306288,1046.3076681236166,1084.4361362957318,1128.9600272285547
2022-02-17,13.47,2448.73,13.43,1906.03,1208.6222950930105,1128.185985445177,1116.6555034998207,1144.3475514418508
2022-02-18,4.06,2342.56,4.06,1630.79,1212.822968773677,1176.0530344503982,1136.8176406174748,1153.9800751756754
2022-02-22,22.79,2799.01,22.79,1760.45,1218.2719939600086,1231.709888312265,1161.2738115736522,1165.9893806177413
2022-02-23,0.38,2523.79,0.38,1707.03,1223.1352577017,1276.9784703777636,1182.6760150413522,1176.7030562490731
2022-02-24,28.6,1752.08,-103.26,157.89,1212.5358024011857,1170.398616056072,1142.4883281769855,1156.5285402837449
2022-02-25,0.86,742.95,-34.67,197.64,1202.4373367056514,1077.754938336446,1105.4354525622018,1137.540648396938
2022-02-28,22.01,2212.62,9.23,1527.33,1205.6700995245008,1120.571610875832,1121.980336775449,1145.2592494187809
2022-03-01,35.44,2514.68,2.16,1490.68,1208.506018932217,1155.8200288876576,1136.4391470979804,1152.0992642817753
2022-03-02,2.28,645.85,2.28,305.76,1199.5234714801552,1074.8619308983568,1103.8634942706085,1135.340070929661
2022-03-03,0.31,2199.18,0.31,1334.31,1200.8646309679148,1099.571270812799,1112.9006121423492,1139.280069525113
2022-03-04,31.18,2354.78,0.6,1279.22,1201.6442863811694,1116.6806735925325,1119.4229410779435,1142.051157257289
2022-03-07,10.57,3160.04,0.24,1915.34,1208.745736267924,1192.7434665837197,1150.6353747611613,1157.36380760863
2022-03-08,9.36,1641.91,-290.8,887.9,1205.553241379686,1163.7107554805084,1140.3320267313118,1152.0278906262809
2022-03-09,23.84,1054.59,0.08,584.69,1199.3754976843657,1108.5659216252218,1118.542143330084,1140.793476950513
2022-03-10,1.62,1849.72,0.92,929.17,1196.6868857671084,1091.480595756153,1111.11578476812,1136.6029130505028
2022-03-11,0.13,3091.01,0.13,2275.52,1207.421543620172,1204.246253303186,1156.7786951693702,1159.1557266534633
2022-03-14,3.95,2860.69,3.95,2058.08,1215.8858068677325,1285.563752988597,1192.1238443784146,1176.9562073137906
2022-03-15,42.08,1122.39,-7.14,349.52,1207.2652515755162,1196.4167288944448,1159.0805563635747,1160.5713319214383
2022-03-16,0.11,1136.84,0.11,296.91,1198.2069903658096,1110.749421380688,1125.2699463101012,1143.4691273289345
2022-03-17,3.7,980.89,3.7,365.94,1189.9257267800801,1039.8151907730035,1095.4923013567638,1128.0725109461832
2022-03-18,114.82,1872.09,15.49,1338.61,1191.405172284756,1068.2718392708127,1105.0263287545379,1132.2415701353677
2022-03-21,3.79,1963.59,3.79,1377.9,1193.2608422122707,1097.7602355307354,1115.7272570386735,1137.106093499024
2022-03-22,0.21,1128.08,0.06,966.24,1191.0019283594124,1085.2344988135226,1109.865011664608,1133.7226064990432
2022-03-23,1.01,1888.9,1.01,1335.88,1192.4435012115575,1109.1054989265203,1118.7283445405055,1137.7257232020324
2022-03-24,0.98,1046.99,0.98,508.38,1185.6368992094524,1051.8935466478042,1094.7931153428387,1125.2634316534773
2022-03-25,0.61,1359.37,0.16,812.05,1181.9196166302538,1029.0513041099182,1083.7051500352763,1119.0611854821213
2022-03-28,0.13,1575.36,0.13,896.22,1179.0768343752263,1016.4007037184974,1076.3527912103636,1114.648488739901
2022-03-29,5.86,873.88,5.86,354.97,1170.8767663714927,953.4073033643548,1048.0632699864277,1099.6053503490118
2022-03-30,1.55,1986.23,1.55,1600.67,1175.1533159598362,1015.0513697106068,1069.7341221438228,1109.5274226193285
2022-03-31,0.87,2904.47,0.87,2306.1,1186.4065167960566,1138.0083821191204,1118.2190585303395,1133.221929102114
2022-04-01,0.29,1035.93,0.29,654.98,1181.1186907582849,1092.0056790601566,1100.0528209409144,1123.7517918921712
2022-04-04,1.18,1087.01,1.18,709.77,1176.4286540343219,1055.6022810544273,1084.747612276565,1115.5541326467817
2022-04-05,0.25,2725.11,0.02,2097.94,1185.5979211583585,1154.8725400016247,1124.4806470892486,1135.0073181389246
2022-04-06,0.22,2414.55,0.22,1484.34,1188.5704791567828,1186.2503933348032,1138.5927785759447,1141.9247969876587
2022-04-07,0.1,2136.4,0.1,1294.63,1189.6257977721382,1196.5722606362506,1144.7118852984568,1144.9486623938437
2022-04-08,0.04,1357.71,-1.63,946.08,1187.2024565007737,1172.7158548613695,1136.922399600478,1141.0106690791142
2022-04-11,0.02,1942.17,0.02,1532.99,1190.643128575393,1207.0276782079056,1152.4544623612435,1148.7726360280426
2022-04-12,0.24,1924.58,0.24,1615.37,1194.8692665995184,1245.917423140486,1170.608012856881,1158.0121877898634
2022-04-13,0.22,428.25,-1.52,235.59,1185.3241992701699,1149.695763793773,1133.94063980367,1139.7464018930345
2022-04-14,0.07,2205.93,0.07,1808.72,1191.527142561014,1212.4599767657946,1160.4025754976437,1152.9934038357467
2022-04-18,0.11,1793.85,0.11,1456.9,1194.1676685056805,1235.7399789785761,1172.0299254781282,1159.0113562350389
2022-04-19,2.35,964.62,2.35,655.29,1188.8057016548776,1180.4590285996642,1151.7656146750644,1149.036675913553
2022-04-20,2.26,1332.94,2.26,884.98,1185.7825603448787,1152.3181687330296,1141.3034337074148,1143.8078308459578
2022-04-21,0.07,2903.62,0.02,2054.51,1194.4266144708004,1238.2412002822648,1177.1154559149672,1161.8415371658398
2022-04-22,0.41,2780.4,0.41,2118.29,1203.6192849735785,1322.0553716839538,1214.0242615653606,1180.7811106873082
2022-04-25,1.26,1955.73,1.26,601.25,1197.6255607449857,1253.4072410473868,1189.993898366719,1169.3052471093417
2022-04-26,0.03,2849.33,0.03,2031.05,1205.9183412350853,1327.468456185731,1222.9764905876318,1186.36949964183
2022-04-27,17.55,1653.79,-81.82,1014.17,1204.010397541204,1297.6305079775661,1214.788000760666,1182.9596085598137
2022-04-28,2.85,803.74,-387.42,-77.51,1191.2589507995003,1166.664745313036,1164.1096477896594,1157.9998143309065
2022-04-29,0.13,3189.28,0.13,2148.47,1200.7834388512465,1260.1700076641755,1202.712014543006,1177.613085334255
2022-05-02,0.16,1990.76,-5,601.97,1194.8250961761098,1197.4842926485398,1179.1535041687705,1166.214212357339
2022-05-03,6.08,945.33,6.08,509.32,1188.0041499455017,1131.9448362058217,1152.8855236131324,1153.206406172045
2022-05-04,0.33,1690.85,-605.05,-512.11,1171.0875912395763,975.3681851386007,1087.5915815106566,1120.2298436735887
2022-05-05,0.34,2817.11,0.34,1636.48,1175.7183614759986,1038.3312151254006,1109.1166175298465,1130.452619046389
2022-05-06,0.03,2033.84,-99.48,999.19,1173.9618603667845,1034.603480351553,1104.805769783578,1127.853359263292
2022-05-09,78.37,3505.18,36.85,2136.88,1183.5431353880106,1139.582196508548,1145.2792690077513,1147.8340848224348
2022-05-10,0.35,2150.76,-2.71,1171.66,1183.424895234896,1142.6372254124958,1146.3138074780356,1148.3058851229805
2022-05-11,28.41,2844.53,-17.77,2148.04,1193.023055481315,1238.3898706113057,1185.5971875769362,1168.10260026906
2022-05-12,32.72,1885.45,-236.59,348.24,1184.6172539342372,1153.613692457848,1152.7596508092133,1151.8676972934352
2022-05-13,0.05,483.58,0.05,180.23,1174.623350910016,1060.9104836523386,1114.6212331304207,1132.627346851981
2022-05-16,0.32,1632.05,0.32,1108.81,1173.968491696981,1065.472342352116,1114.3933416351101,1132.1557162212487
2022-05-17,2.74,577.34,2.74,318.07,1165.4520887945234,994.2911668900097,1083.1649752964784,1116.0352069891446
2022-05-18,2.15,3268.4,2.15,2316.14,1176.901719751792,1120.181531948104,1131.5169370495576,1139.7996583358943
2022-05-19,0.38,1454.69,-157.11,700.45,1172.1609066199333,1080.2071003339988,1114.6123512829083,1131.09966510152
2022-05-20,0.01,2262.7,0.01,1075.73,1171.2013951112772,1079.7807098259989,1113.0875531933825,1130.0032360896087
2022-05-23,2.13,967.72,1.62,553.57,1165.0558090902693,1029.6654041282848,1091.1456883622695,1118.5887165630818
2022-05-24,17.78,2129.82,17.78,1139.25,1164.7990348704657,1040.1020323065434,1093.032131955906,1118.9978508885654
2022-05-25,0.59,838.2,-32.5,258.21,1155.778248453844,965.636124467825,1060.2940091341056,1101.952546910574
2022-05-26,0.09,488.1,0.09,349.95,1147.7600569269403,906.9993507089845,1032.4373813249251,1087.0614073677905
2022-05-27,3.12,429.51,0.15,265.99,1138.9862255147318,845.9508411176527,1002.3806212729672,1070.8025676179332
2022-05-31,0.43,3279.64,0.43,1939.16,1146.9481536190629,950.0659991064476,1039.1170674975567,1087.9977642987662
2022-06-01,2.6,2236.75,2.6,1479.91,1150.261206816883,1000.5273325248812,1056.4030648505936,1095.7584026294837
2022-06-02,0.03,574.43,-91.15,190.62,1140.712538092337,923.3933008558449,1022.4507877976292,1077.8348699041474
2022-06-03,1.34,2116.16,1.34,1353.62,1142.8310203003734,964.3672722029073,1035.437815727134,1083.2959615892137
2022-06-06,0.04,1303.64,0.04,967.96,1141.0910101481309,964.7094367550114,1032.7916268750896,1081.0120811617046
2022-06-07,0.31,886.55,-82.94,362.27,1133.3415473605874,907.3342523021532,1006.4966611152822,1066.779564703057
2022-06-08,0.43,2117.78,0.43,1700.51,1138.9850145510293,982.8747997019482,1033.7128704833103,1079.3286822336895
2022-06-09,0.07,2814.48,0.07,2074.51,1148.2937208739047,1086.8400568731913,1074.5284441898473,1099.0352429815373
2022-06-10,27.81,2883.53,27.81,2012.82,1156.8959724074978,1175.0286228852683,1111.32419147652,1117.1299906452691
2022-06-13,25.11,3196.68,10.47,1853.73,1163.829644323841,1239.6668492771475,1140.4381447519504,1131.7161294443727
2022-06-14,0.61,2137.99,-17.25,1298.67,1165.1713394051958,1245.2861969650382,1146.6433155459915,1135.0221466830978
2022-06-15,0.02,1286.2,-14.61,369.69,1157.256102197184,1161.8960829683679,1116.1745580735997,1119.8670546695712
2022-06-16,61.89,3358.74,29.01,1830.3,1163.9530564041772,1225.5535988761424,1144.179477364831,1133.9350337850253
2022-06-17,3.03,2524.43,-12.22,1710.63,1169.3926279822451,1271.7513513641288,1166.3932233505238,1145.354736086312
2022-06-21,0.19,876.72,-6.9,681.5,1164.5379749674964,1215.5369369484974,1147.377802826974,1136.1694937875732
2022-06-22,42.08,2188.05,-9.03,1382.79,1166.7096369081185,1231.4658000962595,1156.6096536965044,1141.0530681680173
2022-06-23,0.01,1882.28,0.01,997.07,1165.021680321968,1209.1423905632823,1150.3531966887983,1138.201918303304
2022-06-24,0.09,1086.46,-18.12,966.58,1163.0471362391625,1186.0412105096364,1143.1464046617866,1134.8034644755157
2022-06-27,0.35,1489.75,0.35,987.34,1161.2988065253398,1167.1172856991948,1137.0363495770107,1131.8833958720402
2022-06-28,4.72,2436.27,4.72,1767.13,1167.3269776046898,1224.261353727843,1161.7459044955592,1144.4625365478414
2022-06-29,4.45,2164.61,4.45,1425.21,1169.8929778275287,1243.399320039477,1172.0778298094588,1150.0218922597653
2022-06-30,51.28,2312.73,24.33,1230.42,1170.495236754618,1242.1631943214315,1174.3657580522251,1151.6139339971958
2022-07-01,0.79,861.33,0.79,158.03,1160.4209557918855,1138.9124139098667,1134.509453814883,1131.9390046111128
2022-07-05,17.49,2032,9.68,747.74,1156.314677624802,1101.6578982994033,1119.342024253515,1124.3311035297045
2022-07-06,26.38,2288.55,12.05,1071.19,1155.4676659071422,1098.7561936994603,1117.4537095769067,1123.2788044499084
2022-07-07,0.59,294.11,0.59,168.46,1145.6466941070712,1010.1565562042736,1080.2382699856555,1104.3715013914943
2022-07-08,14.61,1614.54,-132.13,1150.45,1145.694488195558,1023.5178365657713,1082.9916711626886,1105.2839469084945
2022-07-11,7.75,2139.29,7.75,1392.44,1148.1496674174928,1058.6532807023646,1095.1268997445438,1110.970205385554
2022-07-12,0.62,1829.09,0.59,1316,1149.8198199805029,1083.162492064044,1103.7885899506402,1115.0302013185133
2022-07-13,52.68,1400,-105.1,715.56,1145.498826746866,1048.1527309150874,1088.5639393643405,1107.119900302305
2022-07-14,22.34,2414.01,22.34,1347.67,1147.5104802120713,1076.6781851136504,1098.7249613500526,1111.8832686131504
2022-07-15,4.45,376.17,-31.03,102.35,1137.1108734437921,983.8850246266361,1059.651433453972,1091.8925108188307
2022-07-18,0.19,1087.39,0.19,906.8,1134.8192229617644,976.5435937098136,1053.657259593032,1088.2273125847944
2022-07-19,1.15,316.67,0.22,145.66,1124.9768426337866,897.4118228803076,1018.0495239227171,1069.5626133256897
2022-07-20,1.68,1186.84,-21.24,609.44,1119.8471228065848,869.9859349869449,1002.025621023787,1060.4512744479532
2022-07-21,3.91,1186.07,3.91,404.86,1112.7328230771661,825.6882268929502,978.6073613757953,1047.4692690133402
2022-07-22,2.44,2299.08,2.44,1721.21,1118.78732235003,910.9760148079073,1007.7290334787053,1060.8106696269374
2022-07-25,0.22,1065.22,0.13,604.34,1113.6684435206766,881.7725848262019,991.9098556952267,1051.771646466008
2022-07-26,0.94,2047.04,0.94,1423.5,1116.7513445801724,933.3656719856112,1008.8349593934531,1059.1326039617306
2022-07-27,7.11,664.08,-47.4,109.26,1106.7265550818622,854.8794175107911,973.5575100054746,1040.323245467439
2022-07-28,1.11,762.46,-71.51,265.3,1098.3541515487093,798.7289967954777,945.7827056915344,1024.9762505076876
2022-07-29,0.27,1088.67,0.27,551.01,1092.9079410855381,775.1367113863846,930.3014231153958,1015.5907802006047
2022-08-01,0.47,1704.43,0.47,897.48,1090.9633844578213,786.7884531591098,929.0143084834194,1013.2519528698997
2022-08-02,0.15,1880.92,-31.04,1088.97,1090.9435497865993,815.5676480963375,935.287080699756,1014.7513201398027
2022-08-03,0.42,1089.27,0.42,694.09,1086.9947582464342,803.9983482776387,925.8283716527067,1008.4015910281234
2022-08-04,21.2,1800.99,8.25,1195.44,1088.0738153783104,841.2785055845302,936.4013766859339,1012.1053218988537
2022-08-05,4.62,1069.32,-14.04,526.95,1082.4904938322577,811.3424574336226,920.3444599531522,1002.4982858216487
2022-08-08,17.39,1101.22,4.42,839.82,1080.0758620528322,814.0546043447061,917.1866379942051,999.2769336271606
2022-08-09,0.73,1860.53,0.18,1274.55,1082.0109281020577,857.9113086928294,931.2008874846284,1004.7278854365237
2022-08-10,0.03,364.07,-16.63,75.88,1071.999675086117,783.4321364363694,897.6588918969959,986.3348580021371
2022-08-11,9.08,1485.21,9.08,1044.72,1071.7282355330212,808.3166948710009,903.425994175545,987.4909994278374
2022-08-12,0.23,413.4,0.01,106.91,1062.1280540849314,741.516057264239,872.1900728353276,970.0537519144149
2022-08-15,7.21,1513.81,7.21,996.82,1061.4782227010016,765.8307184771686,877.0775209594324,970.5837766289809
2022-08-16,0.36,1155.5,0.36,708.76,1057.9685886442753,760.3954119555335,870.476833862984,965.399147388803
2022-08-17,1.3,2326.36,1.3,1555.8,1062.9221350259243,836.1482298645303,897.352252142867,977.0902533811039
2022-08-18,0.14,1237.73,0.14,822.62,1060.5310690057659,834.8598270202893,894.4215755882448,974.0314364824682
2022-08-19,1.84,1693.84,-4.53,1693.84,1066.8326504086936,916.6674625421665,925.771317722039,988.2850714036074
2022-08-22,63.68,2198.83,16.36,1660.44,1072.739191200647,987.5029423000555,954.5818542819591,1001.5950699896746
2022-08-23,0.08,1276.86,0.08,1016.4,1072.1786022334763,990.2550430333835,957.0060952905097,1001.8882369205721
2022-08-24,0.14,700.26,-14.77,474.76,1066.2341385296606,941.160277030204,938.0944837104897,991.4500540112539
2022-08-25,0.09,562.6,0.09,238.04,1057.993400832848,874.1964411225656,910.6413667022352,976.531043040734
2022-08-26,0.42,2516.8,0.08,1880.83,1066.1808296802824,970.0663038727974,948.6879797727358,994.4379530795313
2022-08-29,0.27,1746.68,0.27,1369.28,1069.196741822767,1008.0866558849119,965.1817844875305,1001.8605678700357
2022-08-30,0.14,2200.73,0.14,1606.78,1074.5458289688092,1065.1050696101584,990.3424988213528,1013.8391704864706
2022-08-31,0.55,2257.15,0.51,1497.49,1078.7542286805624,1106.2845867901433,1010.2306361224762,1023.4164146352533
2022-09-01,1.26,1906.72,1.26,1101.83,1078.9838383454323,1105.8603404291773,1013.8227680392419,1024.9691588999017
2022-09-02,0.09,1761.02,-55.11,1293.88,1081.1221086106518,1123.7669746740175,1024.8054045867225,1030.2941260503987
2022-09-06,0.08,1982.57,0.08,1209.04,1082.3949234503468,1131.888215181254,1032.0302906813608,1033.8336483068265
2022-09-07,3.44,483.44,-76.33,434.05,1075.9437301821843,1065.4274327830394,1008.5800832036604,1021.9567443799586
2022-09-08,11.15,804.9,11.15,685.37,1072.0574244092272,1029.2314868037024,995.9051779799875,1015.2916603328307
2022-09-09,0.13,283.43,0.13,283.43,1064.2103853603792,958.2027737747784,967.9649749219487,1000.7993502272301
2022-09-12,0.57,433.22,0.57,375.27,1057.355257147838,902.685366748609,944.7220347289311,988.4126304207502
2022-09-13,56.38,2663.91,56.38,2663.91,1073.3408764797005,1070.4210461058842,1012.1411706219142,1021.5907961549929
2022-09-14,0.14,1453.48,0.14,1436.52,1076.954599101793,1105.287613143419,1028.7834776563489,1029.807216033112
2022-09-15,0.55,2073.39,0.55,2073.39,1086.8693792102329,1197.4878404630936,1069.7484393168843,1050.4722216562186
2022-09-16,49.81,4165.71,49.81,4165.71,1117.5046092678424,1480.1756651808942,1191.158696598575,1112.1600984551053
2022-09-19,0.28,888.24,0.28,616.98,1112.5242648970182,1397.9665542112853,1168.6418849672584,1102.3545519510437
2022-09-20,2.6,2496.68,2.6,2496.68,1126.29695877864,1502.6059300006866,1220.7218110469737,1129.9649568629043
2022-09-21,0.27,2680.82,0.27,2680.82,1141.7648497360665,1614.816793810145,1277.9805635549355,1160.6749577171042
2022-09-22,0.19,2361.21,0.19,2361.21,1153.8986323257573,1685.9018610663218,1320.4601492978793,1184.447928851419
2022-09-23,37.83,2964.9,37.83,2964.9,1171.9185464319687,1807.711207631434,1384.9479865803155,1219.7044055078266
2022-09-26,0.52,2845.8,0.52,2845.8,1188.574083283392,1906.5768069046308,1442.2363008320679,1251.9043182700477
2022-09-27,0.03,1760.45,0.03,1760.45,1194.2643909124129,1892.6599681518087,1454.7152694268887,1261.9745297894526
2022-09-28,0.45,332.67,0.45,323.86,1185.603650704329,1743.250447375446,1410.3680039591675,1243.3980044470873
2022-09-29,3.69,2508.32,3.69,2508.32,1198.7650074137387,1816.11421429207,1453.4249449803765,1268.4459647550657
2022-09-30,0.4,2475.84,0.4,2475.84,1211.4722212703184,1878.945241502349,1493.5196530203618,1292.3547575321932
2022-10-03,9.93,343.39,-15.97,343.39,1202.8345872278278,1732.701885168792,1448.4165293725046,1273.563376194922
2022-10-04,1.34,268.38,1.16,197,1192.8262828773022,1586.4445627717641,1399.3413713578966,1252.2452895375968
2022-10-05,1.82,1858.38,1.82,1858.38,1199.4487079232993,1612.34317584112,1417.3428862066066,1264.2479570715059
2022-10-06,1.25,2215.77,1.25,2215.77,1209.5613575957043,1669.8123971895848,1448.6537534141908,1283.0899777235552
2022-10-07,42.52,2808.97,38.12,2808.97,1225.4758714504735,1778.3035974572433,1501.9994885744186,1313.3054237092274
2022-10-10,0.03,2301.47,0.03,2301.47,1236.1822806897724,1828.128969127982,1533.351273336206,1332.8730390813218
2022-10-11,0.49,1970.76,0.49,1970.76,1243.491511727685,1841.7128768300788,1550.5045567347863,1345.5044640500084
2022-10-12,0.05,1649.2,0.05,1649.2,1247.5284121085042,1823.378317131976,1554.3749662745986,1351.5182370391171
2022-10-13,26.26,399.06,-235.62,225.04,1237.3543980576733,1671.155620262264,1502.244183283438,1329.2117372957682
2022-10-14,0.01,2513.05,0.01,2513.05,1250.047886634214,1751.3360373801436,1541.8836270762442,1352.6540791314956
2022-10-17,1.64,254.13,1.02,254.12,1240.138156418948,1608.74403382013,1491.3830926810974,1330.9009290496838
2022-10-18,0.14,908.36,0.14,613.84,1233.906333967018,1513.9912686944033,1456.9696380661524,1316.7017027318682
2022-10-19,1.6,2331.83,1.6,2331.83,1244.830947559386,1591.8806716758886,1491.2778875537542,1336.8032531728213
2022-10-20,0.13,1896.81,0.13,1896.81,1251.318301315014,1620.9215600877087,1507.1811076496854,1347.8924956842507
2022-10-21,1.53,508.78,1.53,497.79,1243.8205072720784,1513.956649603165,1467.5971426438155,1331.058782898424
2022-10-24,7.86,1642.48,7.86,1642.48,1247.7872683937494,1526.196968688578,1474.4552939126854,1337.2255396727126
2022-10-25,1.29,589.27,1.29,504.09,1240.3872955739112,1428.8534478610943,1436.401752974933,1320.7278062138469
2022-10-26,0.21,1555.15,0.21,1555.15,1243.519262782131,1440.8816909219424,1441.058546975916,1325.3698298531767
2022-10-27,1.01,1784.4,1.01,1784.4,1248.9011606648958,1473.597720357948,1454.522917682743,1334.4595361927177
2022-10-28,25.83,1002.76,23.9,990.71,1246.332094389623,1427.608413657191,1436.3341758128315,1327.652614683951
2022-10-31,0.27,1923.26,0.27,1923.26,1253.0676954404726,1474.8133266422205,1455.4293061731125,1339.4468203337738
2022-11-01,2.18,1151.48,2.17,1151.48,1252.056872600269,1444.0196764858185,1443.5097255388728,1335.7247050796395
2022-11-02,0.04,3087.1,0.04,3087.1,1270.316008196286,1600.5035168205025,1507.9642461059757,1370.4054039889536
2022-11-03,32.38,1744.16,32.38,1743.36,1275.0229135873678,1614.1088961709308,1517.1954521410355,1377.7906435139248
2022-11-04,0.23,1082.28,0.23,1068.33,1272.9662676810258,1562.1299536784613,1499.5928853904068,1371.6627099789955
2022-11-07,0.75,1364.22,0.75,1364.22,1273.874265017533,1543.281386661465,1494.2841447868614,1371.5153295833718
2022-11-08,1.7,1560.83,1.7,1253.9,1273.6755161118858,1515.7212545984682,1484.8573155795334,1369.1863131559783
2022-11-09,0.64,2985.47,0.64,2985.47,1290.7082970460958,1655.6973255890903,1543.7048718313165,1401.1919307172461
2022-11-10,4.41,575.14,4.41,575.14,1283.5882144884233,1552.787104104415,1505.7219356810688,1384.8344667426472
2022-11-11,0.04,932.83,0.04,932.83,1280.0980830009764,1493.743570380185,1483.2555852622033,1375.8838832427928
2022-11-14,0.28,2449.88,0.28,2449.88,1291.7377040656434,1584.8041827249292,1521.1624250558425,1397.151133079569
2022-11-15,0.01,907.44,0.01,897.77,1287.8176274082737,1519.3723557987455,1496.7156632889466,1387.2623977710628
2022-11-16,20.06,2525.08,20.06,2525.07,1300.1285962897834,1615.1530838179126,1537.043284336439,1409.7932413795565
2022-11-17,4.31,1786.75,4.31,1764.57,1304.7499037893876,1629.3832663114447,1545.965900636971,1416.8185237284763
2022-11-18,0.72,1303.63,0.72,1303.63,1304.7387604681003,1598.3591457103548,1536.4625319845406,1414.577166822962
2022-11-21,0.4,1800.51,0.4,1799.49,1309.6616583738903,1617.5144651665114,1546.7773346518136,1422.1992031234975
2022-11-22,3.33,834.24,3.33,834.24,1304.931094608976,1542.9168970554151,1518.8346940772326,1410.5564466260025
2022-11-23,0.79,833.76,0.79,822.85,1300.1342677969465,1474.3390973358519,1491.541176662439,1398.918695207666
2022-11-25,0.24,621.36,0.24,584.89,1293.0174094109072,1389.6296594943421,1455.9862285580298,1382.799315104544
2022-11-28,0.47,2240.8,0.47,2240.8,1302.4480819540822,1470.693501447262,1486.7632392028129,1399.789427676731
2022-11-29,0.04,770.69,0.04,770.69,1297.1569567605093,1404.0265013094274,1458.6819357046634,1387.332013267291
2022-11-30,0.03,965.34,0.03,255.12,1286.788429827569,1294.6068345180533,1411.4834284221276,1364.911973400612
2022-12-01,15.42,1786.61,15.42,1786.61,1291.7617787845086,1341.4642788496674,1426.1942743663578,1373.262429372877
2022-12-02,51.4,1112.36,51.4,1112.36,1289.9766864582946,1319.6448237211275,1413.8870479206182,1368.09604463282
2022-12-05,0.3,2831.11,0.3,2831.11,1305.3113462945305,1463.5938881286393,1469.4644185903978,1397.0666180064275
2022-12-06,0.63,2148.31,0.63,2148.02,1313.6965070279182,1528.777327354483,1496.0744413907744,1411.9369820063002
2022-12-07,0.58,1947.9,0.58,1947.9,1320.0069895450533,1568.6937723683418,1513.793090747999,1422.5501110754824
2022-12-08,3.11,1241.8,3.11,1204.99,1318.8625418878887,1534.0553178570713,1501.6831656206266,1418.2419900640866
2022-12-09,0.33,1920.52,0.33,1920.52,1324.8491832621385,1570.8614780611597,1518.108139517857,1428.1880892707384
2022-12-12,1.13,889.75,1.13,799.25,1319.6193406426146,1497.3746706267634,1489.9176242426468,1415.7338696812187
2022-12-13,18.17,1592.4,18.17,1592.4,1322.333576059106,1506.424701995643,1493.9365409390136,1419.232208895452
2022-12-14,2.83,1941.59,2.83,1941.59,1328.4953315212044,1547.869016091296,1511.4915785492483,1429.5759275311857
2022-12-15,1.18,2612.18,1.18,2612.18,1341.2683132971129,1649.231966939744,1554.6558303708464,1452.9938299563107
2022-12-16,11.88,3776.76,11.88,3776.76,1365.5020614235098,1851.8536843740542,1641.7971703563035,1499.0090016403442
2022-12-19,0.02,2187.53,0.02,2187.53,1373.6814438969077,1883.822857290811,1663.1984577933113,1512.643080815783
2022-12-20,0.83,1136.22,0.83,1136.22,1371.3186434601225,1812.6225851678767,1642.5326359190638,1505.1891584233913
2022-12-21,0.04,410.57,0.04,410.57,1361.7589554654944,1679.0937675328407,1594.2203756869435,1483.5135315239181
2022-12-22,0.34,1951.2,0.34,1951.2,1367.6240404857383,1705.0086468154273,1608.2195766403968,1492.7746497115634
2022-12-23,0.03,688.5,0.03,655.74,1360.540617197323,1605.0782994996723,1570.8674363799892,1476.1997061529185
2022-12-27,0.04,1247.51,0.04,1247.51,1359.4159344391405,1571.0241757377987,1558.1867526003819,1471.6711971201873
2022-12-28,0.36,1933.21,0.36,1933.21,1365.1253281263132,1605.5180637627702,1572.893546616053,1480.8105793554312
2022-12-29,1.14,255.63,1.14,244.85,1353.9783099360016,1475.9306291186967,1520.8134075330706,1456.336112437502
2022-12-30,1.25,1291.87,1.25,1291.87,1353.36031680231,1458.4010453931066,1511.8352346886365,1453.0793577357692
2023-01-03,0.02,1571.1,0.02,1571.1,1355.5268808142273,1469.1342791651916,1514.1593431322194,1455.416400156843
2023-01-04,12.39,447.6,12.39,354.1,1345.5624342389613,1362.9405382923162,1468.6668198721325,1433.6081546091827
2023-01-05,0.35,1532.58,0.35,1532.58,1347.4233055400662,1379.0966775025718,1471.173219092833,1435.5679931317732
2023-01-06,3.71,423.3,3.71,423.3,1338.2280487685232,1288.068422502327,1430.080151677428,1415.5230823766885
2023-01-09,0.02,1244.75,0.02,1244.75,1337.2979189300304,1283.9428584544862,1422.8123025920386,1412.1414371811106
2023-01-10,0.3,543.83,0.3,513.77,1329.1036112789852,1210.5930624112018,1387.1635848433311,1394.3519037715837
2023-01-11,0.1,893.18,0.1,893.18,1324.7660629080501,1180.3632469434683,1367.7916795553574,1384.4277076572948
2023-01-12,0.01,613.5,0.01,613.5,1317.6887886502586,1126.3762710440903,1338.2116136904415,1369.1618124561603
2023-01-13,0.13,1115.49,0.13,1115.49,1315.6768604049823,1125.3394833256054,1329.4774327614045,1364.1386082491076
2023-01-17,0.02,1635.1,0.02,1635.1,1318.8552001024452,1173.888103961262,1341.4626314766435,1369.5041803629867
2023-01-18,9.53,2696.18,9.5,2696.18,1332.5599244795353,1318.8682845363799,1394.588802791285,1395.7749886726306
2023-01-19,0.14,2030.35,0.14,2030.35,1339.5031093105847,1386.6284479138674,1419.5206144465287,1408.3408304810932
2023-01-20,0.09,395.86,0.09,369.08,1329.847157974161,1289.7190719220705,1378.3268648603903,1387.761408095329
2023-01-23,0.04,767.44,0.04,767.44,1324.2510668500402,1239.9782079294923,1354.3705172188063,1375.4778158558174
2023-01-24,0.02,1461.63,0.02,1461.63,1325.6180214087462,1261.0879024123979,1358.5767714455199,1377.1837997002567
2023-01-25,1.6,895.82,1.6,895.82,1321.3414241807984,1226.3004831350268,1340.4294470751074,1367.6518432705486
2023-01-26,0.95,975.57,0.95,975.57,1317.9009124974075,1202.4213895031194,1326.121233464319,1359.887846374102
2023-01-27,0.3,1255.28,0.3,1255.28,1317.277818840717,1207.4555428837746,1323.3431458774828,1357.8164038716445
2023-01-30,1.78,2170.52,1.78,2170.52,1325.7677907925506,1299.1759673710342,1356.5657676077776,1373.9095443890376
2023-01-31,0.35,398.17,0.35,279.18,1315.353981928943,1202.0334942880786,1314.315345348649,1352.2317316288586
2023-02-01,0.11,1533.9,0.11,1019.74,1312.4125492729338,1184.6722091177853,1302.763371021251,1345.6477369431386
2023-02-02,0.4,1469.82,0.4,1432.86,1313.6110313697204,1208.3091415827582,1307.865199608653,1347.3747124492152
2023-02-03,0.93,2421.26,0.93,2421.26,1324.632414142161,1323.8282709558289,1351.5277408004706,1368.6397676482406
2023-02-06,2.95,2022.48,2.95,2022.48,1331.5761712153733,1390.3665308647976,1377.839594102413,1381.5870989819389
2023-02-07,0.3,1433.29,0.3,1147.33,1329.7428759793995,1367.2201945919596,1368.8000021768282,1376.948344546653
2023-02-08,0.41,2087.76,0.41,2087.76,1337.285334924878,1435.8430332022492,1396.994511895384,1391.023822872462
2023-02-09,0.08,2476.51,0.08,2476.51,1348.6209037315957,1534.954172897273,1439.328452605369,1412.5185986571657
2023-02-10,1.88,1526.53,1.88,1526.53,1350.3911434954605,1534.1518707165803,1442.7481211306485,1414.776250168905
2023-02-13,0.1,641.18,0.1,626.66,1343.189838585058,1447.7240735054775,1410.7446654000348,1399.169987789323
2023-02-14,6.9,1243.49,-16.99,1243.49,1342.1978003901818,1428.2732093620987,1404.185658913759,1396.0872157538909
2023-02-15,0.21,1051.51,0.21,1051.51,1339.3053844659014,1392.3909989466606,1390.355240917141,1389.2639045508436
2023-02-16,4.53,2155.53,4.53,2155.52,1347.4269229289273,1465.069951427931,1420.3617020576453,1404.4372925795396
2023-02-17,0.61,1885.43,0.61,1885.43,1352.7801873773956,1505.104241768128,1438.599674525973,1413.9619006472715
2023-02-21,0.76,2517.59,0.76,2517.59,1364.3703347666751,1601.53145683783,1480.9130206229936,1435.8159224166325
2023-02-22,0.07,1500.63,0.07,1500.63,1365.7261523311859,1591.9217942818464,1481.6862355005233,1437.0993694974914
2023-02-23,0.17,1381.89,0.17,1364.51,1365.714051312965,1570.2635281597657,1477.0910890103066,1435.6619562401154
2023-02-24,4.52,1958.57,4.52,1958.57,1371.6131154790053,1607.2450969064546,1495.972614931471,1446.0165709680339
2023-02-27,0.39,1477.58,0.39,1464.23,1372.5346765190152,1593.6246114867922,1494.7278065027858,1446.377232929063
2023-02-28,0.17,2136.79,0.17,2136.79,1380.1392071009154,1645.35464848805,1519.906716051696,1460.0487728710618
2023-03-01,0.09,1761.92,0.09,1761.92,1383.938020960608,1656.4561105368073,1529.3974330692765,1466.026420933021
2023-03-02,4.61,1202.71,4.61,1175.21,1381.8611252296566,1610.62314762854,1515.5077298116578,1460.2676799244464
2023-03-03,0.08,482.52,0.08,413.89,1372.2295717447844,1496.6485621401075,1472.3070345249262,1439.5473298269326
2023-03-06,0.02,2085.2,0.02,2085.2,1379.3238048617518,1552.7010800315259,1496.3420527788505,1452.3325312164982
2023-03-07,0.32,2313.39,0.32,2313.39,1388.6179958581522,1625.147643838047,1528.3831487483073,1469.3831741627062
2023-03-08,1.93,1360.17,1.93,1360.17,1388.3349312227476,1599.911677758233,1521.7865546797464,1467.2205370505733
2023-03-09,0.21,2966.18,0.21,2966.18,1404.0348821558546,1730.0324703526871,1578.4294348883836,1496.9029026535322
2023-03-10,3.06,3047.37,3.06,3047.37,1420.3864753682342,1855.4931874619551,1636.034947245702,1527.6052214128683
2023-03-13,11.85,2760.25,11.85,2760.25,1433.7184507377044,1941.660502941769,1680.1218120595959,1552.0140289096432
2023-03-14,0.78,1907.84,0.78,1305.3,1432.440655207976,1881.0547407568386,1665.4229174690236,1547.1286025946008
2023-03-15,7.19,2820.75,7.19,2820.75,1446.25467853924,1970.5495273514252,1710.729861882003,1572.3488282857968
2023-03-16,18.22,742.78,-138.02,526.24,1437.100303628402,1832.9962390322419,1664.2792790631008,1551.6338019831078
2023-03-17,189.22,5273.4,189.22,5273.4,1475.2724399107065,2160.65374007679,1805.8134249821949,1625.3321425378977
2023-03-20,0.03,1661.38,0.03,1661.38,1477.1242564290078,2113.103860069477,1800.14936910054,1626.0459614975432
2023-03-21,0.06,603.37,0.06,603.37,1468.4301842257341,1969.3196829200028,1753.2168448220875,1605.794952358978
2023-03-22,11.68,2925.46,11.68,2925.46,1482.927993337916,2060.3806654990503,1799.187164632986,1631.9269335003844
2023-03-23,9.22,2400.24,9.22,2400.24,1492.05547599127,2092.7482211658075,1822.7578640591435,1647.1410536290896
2023-03-24,7.19,1174.88,7.19,1071.91,1487.8749239913568,1995.5255334357307,1793.3128497823143,1635.7503396958402
2023-03-27,0.23,786.18,0.23,786.18,1480.8928849466668,1880.3497683466135,1753.817443908498,1618.9271646523582
2023-03-28,0.68,1064.02,0.68,1063.97,1476.744398529287,1802.5993142183645,1726.76460297091,1607.937913867163
2023-03-29,3.42,475.22,3.42,475.22,1466.778981628498,1676.1822366737583,1677.6844224622469,1585.507856166823
2023-03-30,0.14,1050.91,0.14,1050.91,1462.640981811299,1616.6324998476862,1653.1050333460803,1574.9217600051038
2023-03-31,0.34,742.46,0.34,674.76,1454.8013700519828,1526.9303570050495,1614.7385614501557,1557.0967746584681
2023-04-03,0.06,1478.96,0.06,1478.96,1455.041754429575,1522.3617515759972,1609.413911981522,1555.549511793944
2023-04-04,0.3,2022.08,0.3,2022.08,1460.6839260272905,1569.9539657116165,1625.5968958253839,1564.7877392831729
2023-04-05,1.24,1873.53,1.24,1872.85,1464.7850809921931,1598.8012070724149,1635.2930959890944,1570.8879820696447
2023-04-06,0.13,1042.22,0.13,1042.22,1460.580453320629,1545.7934730655181,1612.0353275189339,1560.4193091573745
2023-04-10,0.16,782.2,0.16,782.2,1453.8303990587322,1473.0702851545163,1579.4927656554462,1545.0090258077234
2023-04-11,0.49,664.87,0.49,664.87,1445.980046829292,1396.0988294255149,1543.6252062179776,1527.5805302471745
2023-04-12,0.93,1885.63,0.93,1885.63,1450.3546732290006,1442.720845670704,1557.037158915312,1534.6706187571315
2023-04-13,0.93,1885.63,0.93,791.63,1443.800198868513,1380.7121937020654,1527.021191899025,1519.9569431381783
2023-04-14,0.84,1685.12,0.84,1685.12,1446.2013909195725,1409.7034133494878,1533.221145157887,1523.2274987196006
2023-04-17,0.01,1016.34,0.01,1016.34,1441.9241631492284,1372.2402311257272,1512.9512963281659,1513.1901225073314
2023-04-18,0.15,1332.54,0.15,1332.54,1440.8357635159027,1368.4592567328007,1505.876343530983,1509.6128923586714
2023-04-19,2.2,1639.29,2.2,1639.29,1442.810432535645,1394.2526608534863,1511.108251627807,1512.1807558763214
2023-04-20,0.57,2136.16,0.57,2136.16,1449.709433206932,1464.9105026769637,1535.6200848973049,1524.5367805124338
2023-04-21,0.21,1676.05,0.21,1676.04,1451.961478647659,1485.0180738505862,1541.1267482346655,1527.5368442646627
2023-04-24,0.11,1230.77,0.11,1230.77,1449.760568412359,1460.803971579102,1528.9558953627177,1521.660273091105
2023-04-25,0.39,2579.76,0.39,2579.76,1461.004343851042,1567.3712123810922,1570.1638994661405,1542.6127429308851
2023-04-26,0.3,2158.5,0.3,2158.5,1467.9445991361063,1623.6691921543215,1593.2359034086448,1554.8085301995804
2023-04-27,0.47,412.78,0.47,400.6,1457.3242548660953,1507.1864119491481,1546.465867980855,1531.9529157401828
2023-04-28,0.58,885.11,0.58,885.11,1451.6305806883233,1447.9410393825626,1520.5303437463115,1519.1441451314663
2023-05-01,0.12,1532.53,0.12,1532.53,1452.4355500347083,1455.9971308699376,1521.000918501358,1519.4092115645067
2023-05-02,0.11,2533.7,0.11,2533.7,1463.1944002831192,1558.6354993585148,1560.714607971893,1539.4941776721403
2023-05-03,0.14,2197.94,0.14,2197.94,1470.5053017728394,1619.5216422767514,1585.7038390318187,1552.5327088073454
2023-05-04,0.31,2237.91,0.31,2237.91,1478.1411694168908,1678.4157715837275,1611.2805512266493,1566.1045363557148
2023-05-05,0.2,357.75,0.2,355.39,1466.969515989857,1552.4133171471822,1562.0299413746238,1542.1299910813443
2023-05-08,0.04,1230.61,0.04,1230.61,1464.6176800098583,1521.765382180784,1549.0330809285601,1535.9612783866642
2023-05-09,0.19,1643.68,0.19,1643.68,1466.3993946366259,1533.3762981635664,1552.7447248137146,1538.0943223790075
2023-05-10,1.9,1631.55,1.9,1631.55,1468.0426842422316,1542.726174528941,1555.8351277621964,1539.944929856651
2023-05-11,1.61,1957.72,1.61,1957.72,1472.915095344299,1582.2493960023753,1571.5953188303456,1548.217703522856
2023-05-12,1.73,1792.57,1.73,1792.57,1476.0957411617687,1602.2799297164347,1580.2609926017046,1553.056362859037
2023-05-15,1.76,721.45,1.76,721.45,1468.586828314388,1518.391364981536,1546.5821301467358,1536.5889101291552
2023-05-16,0.07,2317.66,0.07,2317.66,1477.0353175848916,1594.512187364247,1576.8204779841187,1552.0556643840234
2023-05-17,0.12,560.69,0.12,560.69,1467.9174537283254,1496.052931424795,1536.972223945526,1532.4246611288943
2023-05-18,1.67,1347.01,1.67,1347.01,1466.7143944872475,1481.8583665271954,1529.52272496727,1528.7530836807973
2023-05-19,0.03,1990.82,0.03,1990.82,1471.9293756366283,1530.330903048415,1547.6128141842398,1537.9029236079102
2023-05-22,0.32,978.99,0.32,978.99,1467.0245062273086,1477.8222456152325,1525.3138802946619,1526.835340962209
2023-05-23,0.08,1821.12,0.08,1821.12,1470.547844473803,1510.5172698423532,1536.9141202831065,1532.6627599530564
2023-05-24,0.29,2131.73,0.29,2131.73,1477.1267713944617,1569.6803870002243,1560.2402332131808,1544.5254775777482
2023-05-25,13.3,2093.03,13.3,2093.03,1483.2551617288452,1619.5232072859171,1581.133949557762,1555.386953269278
2023-05-26,0.02,800.26,0.02,800.26,1476.4591899703491,1541.4981399253536,1550.5114417319674,1540.4339442936487
2023-05-30,0.1,1811.67,0.1,1811.67,1479.794620915918,1567.2287932657962,1560.7529538209099,1545.8049552977348
2023-05-31,0.29,2307.76,0.29,2307.76,1488.0330823993415,1637.7555748595298,1590.0473477887174,1560.8931740047103
2023-06-01,7.09,807.34,7.09,766.91,1480.8577283456168,1554.8179010633842,1557.7674517970029,1545.170734915508
2023-06-02,0.97,623.92,0.97,623.92,1472.3309847799887,1466.1609581049665,1521.1459830990811,1526.9281461053
2023-06-05,0.04,1624.45,0.04,1624.45,1473.844606821979,1481.2361049521126,1525.1971210167642,1528.8592719249968
2023-06-06,0.1,592.23,0.1,592.17,1465.0717251620588,1396.5631425757208,1488.6078221533617,1510.3109695106405
2023-06-07,0.06,1244.48,0.06,1244.48,1462.8767826231328,1382.0790337589856,1479.0341820689162,1505.0469899163704
2023-06-08,0.85,1344.63,0.85,1344.63,1461.7001977214102,1378.5124591152726,1473.7634298309194,1501.8704158586206
2023-06-09,0.22,1714.97,0.22,1714.97,1464.2202952565206,1410.5560344376277,1483.2225110140207,1506.0902096039945
2023-06-12,0.04,1170.29,0.04,1170.29,1461.2956157017293,1387.6735549673774,1470.9506478370004,1499.4407005029252
2023-06-13,0.03,581.22,0.03,581.22,1452.5386444012145,1310.868454494294,1436.0592498826081,1481.2581123741545
2023-06-14,0.46,1757.81,0.46,1757.81,1455.5761703275705,1353.434315971028,1448.6769263577999,1486.7343873766465
2023-06-15,2.17,429.46,2.17,424.45,1445.316208433764,1264.9596192118825,1408.511164539847,1465.6990529731486
2023-06-16,14.2,2845.95,10.21,2845.95,1459.252863076214,1415.5301316678936,1464.881314950049,1493.0307548944725
2023-06-20,0.23,2230.22,0.23,2230.22,1466.9241778714756,1493.119642937618,1494.8945967167137,1507.6285617282454
2023-06-21,1.14,1744.35,1.14,1744.35,1469.684633813053,1517.0463436102257,1504.6771615513524,1512.3161149613495
2023-06-22,0.16,1939.94,0.16,1939.94,1474.36379168556,1557.3219299330613,1521.746292470907,1520.7839146650851
2023-06-23,3.86,3499.52,3.86,3499.47,1494.514102216052,1742.2884127965792,1599.3040849230283,1559.9658173449845
2023-06-26,0.12,984.1,0.12,984.1,1489.43535493032,1670.0799925302383,1575.17843453389,1548.5625338332027
2023-06-27,0.05,518.57,0.05,518.57,1479.7750031399687,1560.4123741940252,1533.7428096502078,1528.1666420741294
2023-06-28,0.17,1203.68,0.17,1203.68,1477.027789178377,1526.4378623660227,1520.799170056082,1521.7411640132555
2023-06-29,0.12,749.56,0.12,745.29,1469.7468161517263,1452.042827854973,1490.3870457401572,1506.3658934387356
2023-06-30,0.6,760.98,0.6,760.98,1462.6944100208634,1386.2273204402136,1461.7828478679942,1491.6057767369784
2023-07-03,1.25,364.79,1.25,364.79,1451.769988030606,1288.9475756363838,1418.7635205006218,1469.2925930392164
2023-07-05,0.03,1652.8,0.03,1652.8,1453.7702866571672,1323.6001874805377,1427.94142165746,1472.926403078044
2023-07-06,48.04,2318.72,45.97,2318.72,1462.3767514665485,1418.3735029585816,1462.873914925795,1489.6747911359043
2023-07-07,0.74,705.81,0.74,705.81,1454.8487240887719,1350.5103122006215,1433.1851339483128,1474.1527160639062
2023-07-10,0.08,751.37,0.08,751.37,1447.8489357893811,1293.4493300862766,1406.4472855581828,1459.8401870329378
2023-07-11,0.13,573.12,0.13,503.19,1438.4493443884917,1218.1865367447265,1371.0254312225677,1440.8966189728797
2023-07-12,2.18,958.65,2.18,958.65,1433.6752215587555,1193.468771340467,1354.8538456844278,1431.3471809734167
2023-07-13,3.2,865.65,3.2,844.67,1427.814473085534,1160.249840736613,1334.8466360497443,1419.729811053151
2023-07-14,0.17,2285.31,0.17,2285.31,1436.3467668856779,1267.398427333126,1372.1197091458328,1436.8700128144749
2023-07-17,0.01,1262.36,0.01,1262.36,1434.615555274875,1266.9185771109235,1367.8154068263884,1433.4143689963664
2023-07-18,0.47,998.46,0.47,998.46,1430.2756990034834,1241.3510935765498,1353.330881068491,1424.801411194458
2023-07-19,0.01,1016.15,0.01,1016.15,1426.1550452820557,1219.9033703787832,1340.1081014187462,1416.7093040420925
2023-07-20,3.18,1579.1,3.18,1579.1,1427.6768856275078,1254.1125731998513,1349.480332735658,1419.9249613877937
2023-07-21,0.03,1326.27,0.03,1326.27,1426.6678618899207,1260.9847090855799,1348.5701236087696,1418.0704076969464
2023-07-24,0.57,848.88,0.57,848.88,1420.9187289357922,1221.7366415536198,1328.974432486857,1406.7993105148287
2023-07-25,1.97,1683.76,1.97,1683.76,1423.534064966282,1265.738866167561,1342.8875919971763,1412.283680603644
2023-07-26,0.62,1006.46,0.62,1006.46,1419.3840742701,1241.0456408182695,1329.6943530953263,1404.247568116443
2023-07-27,1.61,2435.48,1.61,2435.48,1429.494481491293,1354.8012940736724,1373.0584961111958,1424.668012312157
2023-07-28,0.05,838.35,0.05,838.35,1423.6124468495887,1305.6154565428465,1352.0895354793843,1413.0577546426093
2023-07-31,0.45,873.45,0.45,873.45,1418.1381936471053,1264.456841634004,1333.3193576174476,1402.3724525704783
2023-08-01,44.15,2014.11,44.15,2014.11,1424.0682613720096,1335.8523805260036,1360.0170298677438,1414.486067371063
2023-08-02,57.48,2318.29,57.48,2318.29,1432.9659901145767,1429.4178680949556,1397.596362029793,1432.3831749478736
2023-08-03,0.01,1761.27,0.01,1761.27,1436.2326966806008,1461.0228330382931,1411.8580733227423,1438.8957853449454
2023-08-04,0.66,1940.78,0.66,1940.78,1441.2530678579083,1506.713991796551,1432.6001096630268,1448.8340866252436
2023-08-07,0.07,1065.71,0.07,1047.58,1437.3359229040982,1462.9869449587843,1417.5012818331043,1440.888461147516
2023-08-08,0.46,1862.55,0.46,1862.55,1441.5669087458484,1501.040569248424,1434.95417274161,1449.2381945901393
2023-08-09,0.3,1873.93,0.3,1873.93,1445.869029056835,1536.5538483676216,1452.1689110654684,1457.6479333111267
2023-08-10,0.1,1713.37,0.1,1713.37,1448.5307302602496,1553.3934818564196,1462.4120910236852,1462.7117366118964
2023-08-11,4.42,1372.17,4.42,1338.21,1447.4330115511923,1532.899816917713,1457.5414207874624,1460.2463556888886
2023-08-14,21.39,1667.99,21.39,1667.99,1449.6276084511803,1545.7655486398355,1465.7943062467775,1464.3600912198017
2023-08-15,42.93,2363.44,42.93,2363.44,1458.7202690636063,1623.6393059122322,1500.9960981586687,1482.1636537699046
2023-08-16,0.64,2195.59,0.64,2195.59,1466.0523061873516,1678.1108005872577,1528.235074701466,1496.2909081506987
2023-08-17,0.43,1952.97,0.43,1952.97,1470.8972583645918,1704.287867197995,1544.8913462818007,1505.3340584843481
2023-08-18,63.8,1175.51,63.8,1166.62,1467.8696239530038,1653.0814036553288,1530.0571758393771,1498.6268494054502
2023-08-21,0.2,1472.23,0.2,1472.23,1467.9130107793421,1635.8574604500593,1527.7894434535192,1498.1041395162333
2023-08-22,1.6,1775.06,1.6,1775.06,1470.9691997268114,1649.1148451691013,1537.4863280239695,1503.5884139812583
2023-08-23,28.85,1140.94,28.85,1140.94,1467.6853270927138,1600.717240867282,1521.9354916308725,1496.4072572687583
2023-08-24,11.15,2053.19,11.15,2053.19,1473.5112442360698,1643.8098845942075,1542.7690017629952,1507.4326581149214
2023-08-25,0.6,876.25,0.6,876.25,1467.5683462834722,1570.708943204283,1516.6310016938583,1494.9339916175963
2023-08-28,2.17,473.75,2.17,468.27,1457.6250791562736,1465.7147581372085,1475.5188055490012,1474.6040115855646
2023-08-29,0.25,432.11,0.25,424.33,1447.3435360800918,1366.5352573622363,1434.2957151353148,1453.8065064056525
2023-08-30,0.18,1001.71,0.18,1001.71,1442.9093715419815,1331.789994756309,1417.3315694437338,1444.8541003382138
2023-08-31,0.96,1854.85,0.96,1854.85,1447.008283267932,1381.6052333509463,1434.4891549557442,1452.9728310245857
2023-09-01,0.72,704.7,0.72,704.7,1439.6221311956142,1317.1380682699037,1405.8699724084602,1438.1555472419207
2023-09-05,0.18,1975.76,0.18,1975.76,1444.956836357847,1379.863966529913,1428.2186009414618,1448.8011799698033
2023-09-06,0.14,1752.63,0.14,1752.63,1448.018260871699,1415.365493527064,1440.9406165908163,1454.817592247629
2023-09-07,0.2,2050.04,0.2,2050.04,1454.0085269326773,1475.8106846197245,1464.8268669205881,1466.604174579359
2023-09-08,0.03,1106.73,0.03,1106.73,1450.553019202004,1440.6601432273699,1450.7838525315456,1459.4779533005599
2023-09-11,1.25,1023.26,1.25,1023.26,1446.3013473691483,1400.9077486342871,1434.0182112557986,1450.8399740272814
2023-09-12,2.4,1145.6,2.4,1145.6,1443.309294161495,1376.5927249548313,1422.707693167336,1444.7956181059492
2023-09-13,0.68,1741.24,0.68,1741.24,1446.273778796704,1411.321036863895,1435.1991561803816,1450.6658038860294
2023-09-14,6.23,574.96,5.47,574.96,1437.6039899529555,1331.6676047816193,1401.4642873105627,1433.3250948981872
2023-09-15,0.26,3342.23,0.26,3342.23,1456.5554925404883,1523.1497376595603,1477.572746631717,1471.1251920289162
2023-09-18,1.36,1722.96,1.36,1722.96,1459.2062836594885,1542.179286453888,1487.1957761755714,1476.1120199095317
2023-09-19,0.15,1764.99,0.15,1764.99,1462.2489077026776,1563.3993544106604,1498.089667305941,1481.8323759509271
2023-09-20,1,1709.61,1,1709.61,1464.710212103646,1577.3241778001213,1506.3845823135512,1486.342823951899
2023-09-21,38.24,2376.7,37.14,2376.7,1473.784737356346,1653.455208485824,1540.514598693412,1503.9736591211683
2023-09-22,0.04,1565.43,0.04,1565.43,1474.6966305169794,1645.0718552966978,1541.4916732544546,1505.1906163662936
2023-09-25,0.63,1206.55,0.63,1206.55,1472.0285048401936,1603.3078690779646,1528.3567056758484,1499.276940794684
2023-09-26,7,2310.43,7,2310.43,1480.3708082746195,1670.6528339276822,1559.0262466297368,1515.3393776106307
2023-09-27,0.14,1398.93,0.14,1398.93,1479.5604519733795,1644.7744687917125,1552.7479624481784,1513.0342414203212
2023-09-28,0.25,746.4,0.25,746.4,1472.2653230980225,1559.2149955734542,1521.1264737247204,1497.8533653525922
2023-09-29,0.25,1669.04,0.25,1669.04,1474.2232800821218,1569.6745198045537,1526.9270041668883,1501.2431997020458
2023-10-02,28.24,2333.96,28.24,2333.96,1482.7778743101605,1642.463613156501,1558.5753569446574,1517.7326412921043
2023-10-03,1.9,2181.04,1.9,2181.04,1489.7257561578206,1693.7566023796912,1582.9857351036906,1530.8674404744388
2023-10-04,0.11,1206.43,0.11,1206.43,1486.9068929124692,1647.3445450101967,1568.2188435309968,1524.4429367026678
2023-10-05,28.28,1276.63,25.39,1276.63,1484.8145855203054,1612.0383978663685,1556.783986921938,1519.5357498372684
2023-10-06,35.04,582.16,-44.55,582.16,1475.8329478534367,1513.9547409267143,1518.5634384151954,1500.973853800887
2023-10-09,0.02,860.51,0.02,860.51,1469.7103314568851,1451.7219084575033,1492.7574212224426,1488.2914012503743
2023-10-10,0.09,486.22,0.09,486.22,1459.9243580095529,1359.7693457472649,1453.2853654882292,1468.4484032058124
2023-10-11,2.63,1182.4,2.63,1182.4,1457.162921611448,1342.8770271046683,1442.662409978887,1462.7840783898557
2023-10-12,0.17,2208.07,0.17,2201.95,1464.5737383118314,1424.6935007137474,1472.4383939012835,1477.421027332631
2023-10-13,0.22,1605.02,0.22,1605.02,1465.9712135525097,1441.8674530267238,1477.6376725718214,1479.9477396626778
2023-10-16,8.67,380.55,8.67,336.33,1454.7310024723852,1336.5781717860834,1432.880508941554,1457.3018438277734
2023-10-17,0.87,708.49,0.87,708.49,1447.3057188656949,1276.7602506635992,1404.4730380026695,1442.4738865242532
2023-10-18,0.04,2250.15,0.04,2250.15,1455.294219175489,1369.464036314685,1437.6368404339373,1458.4674729297135
2023-10-19,0.01,2216.54,0.01,2216.54,1462.868804059315,1450.1379376180485,1468.1820623777046,1473.4788100994222
2023-10-20,0.41,2345.21,0.41,2345.21,1471.6483184467845,1535.3828959401392,1502.575314833481,1490.7408138598296
2023-10-23,0.03,1966.41,0.03,1966.41,1476.5713202532843,1576.4330963267926,1520.7649103302072,1500.1600056645855
2023-10-24,2.08,1028.27,2.08,1028.27,1472.1106105990227,1524.2270871528124,1501.4513844349049,1490.815649116772
2023-10-25,1.3,2061.71,1.3,2061.71,1477.9772711900773,1575.4159359954017,1523.4223105354968,1502.120487748123
2023-10-26,0.02,1550.1,0.02,1550.1,1478.6949102827134,1573.0048944720302,1524.4684944360656,1503.0705770996453
2023-10-27,0.17,2255.02,0.17,2255.02,1486.4195380410943,1637.9587140461226,1553.1175730856316,1517.9606646818306
2023-10-30,0.02,969.26,0.02,969.26,1481.2736719909342,1574.273122232206,1530.221197670509,1507.0953049851607
2023-10-31,1.14,959.62,1.14,959.62,1476.0830881900295,1515.7347296386627,1507.8446801148027,1496.2542098369397
2023-11-01,1,1237.61,1,1237.61,1473.710221640875,1489.2466601492663,1497.247241678928,1491.1325423154162
2023-11-02,0.68,421.69,0.68,371.1,1462.7389756543987,1382.7565020398124,1453.0846047503426,1468.9536800913486
2023-11-03,1.06,599.8,1.06,599.8,1454.1525181852007,1308.189216131259,1419.622463387584,1451.7427161291437
2023-11-06,1.02,2119.07,1.02,2119.07,1460.7686125316166,1385.4159574520913,1447.0517785488553,1464.9571177899527
2023-11-07,0.29,1755.21,0.29,1741.65,1463.5634522079188,1419.3430091233208,1458.604649978312,1470.436184764409
2023-11-08,1.08,1973.24,1.08,1973.24,1468.6348606436609,1472.0951034925283,1478.786428410535,1480.3926959571932
2023-11-09,7.69,2275.86,7.69,2275.86,1476.66695158253,1548.6441412551446,1510.0442155316905,1496.144523760021
2023-11-10,0.1,803.23,0.1,803.23,1469.966086392654,1477.6523182784642,1482.326011001036,1482.4234440816047
2023-11-13,0.05,1377.77,0.05,1377.77,1469.0487123986973,1468.1397165376582,1478.2257752755052,1480.3510986542462
2023-11-14,0.31,373.54,0.31,373.54,1458.1481281957251,1363.8921244864525,1434.9047644803873,1458.4340471957464
2023-11-15,0.42,1027.12,0.42,1026.51,1453.853221447509,1331.7604935829809,1418.8892835203721,1449.8810957661276
2023-11-16,38.58,2080.54,38.58,2080.54,1460.0889107863397,1403.072827527459,1444.8363704411418,1462.3693908994717
2023-11-17,20.35,812.11,20.31,812.11,1453.6413594352318,1346.7906534772246,1420.0235716003126,1449.492967317304
2023-11-20,0.15,864.61,0.15,864.61,1447.7803508836375,1300.8686864793938,1398.2426472238299,1437.9111263803277
2023-11-21,3.03,1900.83,3.03,1900.83,1452.288307591263,1358.007859195642,1417.9519551758365,1447.077836749034
2023-11-22,0.17,884.78,0.17,860.87,1446.403548311748,1310.6613964151045,1396.1056039924704,1435.4697607738058
2023-11-24,1.3,373.24,1.3,373.24,1435.7253040499395,1221.3831681850945,1355.9932273653146,1414.4355080852156
2023-11-27,7.2,1730.1,7.2,1730.1,1438.6544055021789,1269.8323902627046,1370.6640811941259,1420.68629010333
2023-11-28,0.25,1084.38,0.25,1084.38,1435.1292870394707,1252.1702578567329,1359.4372544806308,1414.0267596062345
2023-11-29,0.95,1340.35,0.95,1340.35,1434.186209556491,1260.568328537044,1358.6887346970766,1412.5678138714575
2023-11-30,0.37,1255.36,0.37,1255.36,1432.4068442872722,1260.0722972478018,1354.636627454054,1409.454787854201
2023-12-01,0.65,391.14,0.65,391.14,1422.0459801650109,1177.3168403670588,1316.8524459852674,1389.2901385897612
2023-12-04,13.46,1663.04,13.46,1661.4,1424.42761220317,1223.419998427339,1330.364114770159,1394.6784526770928
2023-12-05,0.23,2220.04,0.23,2220.04,1432.3441533752778,1318.3361890533065,1365.2533651713293,1411.022245693388
2023-12-06,0.28,1849.93,0.28,1848.59,1436.4859030929367,1368.8365520006107,1384.2077430077477,1419.6869536994595
2023-12-07,1.43,1016.2,1.43,1016.2,1432.30395380843,1335.2521184767431,1369.7760668113654,1411.6971130321435
2023-12-08,1.43,1016.2,1.43,857.82,1426.58769556158,1289.7823929075296,1349.6993583089588,1400.7292494077446
2023-12-11,0.03,1411.61,0.03,1411.61,1426.4386637649473,1301.3850221544315,1352.1272266105682,1400.9447098155122
2023-12-12,25.21,1848.54,23.96,1848.05,1430.6338014389278,1353.4483533778189,1371.575178508193,1409.7982799181752
2023-12-13,10.15,978.35,10.15,193.3,1418.3220223201324,1242.9580340085029,1325.3683087627737,1385.7092050683104
2023-12-14,3.2,803.72,3.11,803.72,1412.2065793119718,1201.1258402934075,1304.9115123407041,1374.1846663540864
2023-12-15,5.46,4336.18,5.06,4336.18,1441.30084220439,1499.7024269321305,1423.7847863665588,1432.8380392975698
2023-12-18,3.64,1514.98,3.64,1514.94,1442.0335701426548,1501.1536243671658,1427.3595006266937,1434.4638206976178
2023-12-19,0.06,420.49,0.06,420.49,1431.8689575044193,1398.2332791893405,1387.874422170745,1414.385131178853
2023-12-20,0.42,2960.1,0.42,2960.1,1447.0752365342262,1546.9824906951176,1449.530327183657,1444.9933464030341
2023-12-21,3.36,468.51,3.05,248.94,1435.1534928871195,1423.3593963432015,1402.4483535686115,1421.309121721786
2023-12-22,1.73,928.24,1.73,888.66,1429.7157466892377,1372.4356443105157,1382.2997906835678,1410.7616143609584
2023-12-26,0.05,446.76,0.05,446.76,1419.9350924933249,1284.2760591380857,1345.6119557548004,1391.6724734825236
2023-12-27,0.16,1003.86,0.16,955.39,1415.3127532645356,1252.953577315411,1330.3091339604946,1383.0332165818795
2023-12-28,0.34,999.54,0.34,999.54,1411.1757109434955,1228.8189509044194,1317.3377953738086,1375.4392915010503
2023-12-29,0.02,1848.38,0.02,1845.92,1415.5015247649533,1287.5904793897128,1338.066509280718,1384.7557411742969
2024-01-02,20.51,1523.69,20.51,1523.69,1416.578027006098,1310.0761480192639,1345.3458618579448,1387.50691461639
2024-01-03,11.33,2095.95,11.33,2068.17,1423.0615292249427,1382.2755624936196,1373.6919064909666,1400.9853915546794
2024-01-04,10.26,1468.26,10.26,1468.26,1423.5112652525552,1390.4645565418464,1377.4004591775954,1402.3175620189431
2024-01-05,0.75,1121.32,0.75,1121.32,1420.5043869913357,1364.831741633099,1367.3580882294543,1396.7532538601522
2024-01-08,26.25,955.62,20.42,955.62,1415.8786716978896,1325.859194810899,1351.2114965341816,1388.0179419025255
2024-01-09,0.18,2039.26,0.18,2039.26,1422.0814709844776,1393.8021286384324,1378.1937907877432,1400.9138242410893
2024-01-10,0.5,1469.34,0.5,1469.34,1422.5517051040351,1400.9962116252484,1381.7681519333219,1402.2687980184935
2024-01-11,16.27,1828.54,16.27,1828.54,1426.5913896303632,1441.714667660939,1399.2886165633877,1410.7098119191173
2024-01-12,13.37,1504.92,13.37,1504.64,1427.3679927186183,1447.7075564551353,1403.4200433648234,1412.5698156434912
2024-01-16,19.56,2473.77,19.56,2473.77,1437.779952990075,1545.4277891736938,1445.3945514681636,1433.5836806802538
2024-01-17,8.91,2424.94,8.91,2424.94,1447.6024410200243,1629.1908568714373,1483.808098469412,1453.2144988846053
2024-01-18,7.52,1651.58,7.52,1651.58,1449.6320684725615,1631.3231562170147,1490.3873887255136,1457.1425286096626
2024-01-19,21.67,879.97,21.67,879.97,1443.9637891842774,1559.7657127677753,1466.4494519127484,1445.713369627293
2024-01-22,0.12,1261.28,0.12,1261.28,1442.1460400381652,1531.3385020279873,1458.4035910534249,1442.0612236940794
2024-01-23,0.06,1170.55,0.06,1168.15,1439.4197112815666,1496.7491208824647,1447.021097286624,1436.637239066474
2024-01-24,0.84,1982.62,0.84,1982.62,1444.824689278765,1543.0225379412775,1468.0249758244033,1447.4487788869399
2024-01-25,17.49,814.76,17.42,814.75,1438.555289385444,1473.6632486135368,1442.4063493214855,1434.9200901961094
2024-01-26,0.14,976.89,0.14,939.73,1433.5918536701658,1422.8124630312952,1422.6935513088783,1425.1143458357903
2024-01-29,0.1,856.09,0.1,762.69,1426.9162133351392,1359.9436570283146,1396.811059100687,1411.9970320568639
2024-01-30,1.56,1714.97,1.56,1714.95,1429.7822211626503,1393.7537849303799,1409.2870959986994,1417.996100729005
2024-01-31,14.33,2277.75,14.33,2277.74,1438.2196119968528,1477.9429482703438,1443.3440726262015,1435.0207323977377
2024-02-01,0.16,997.01,0.16,997.01,1433.8294666038494,1432.1398103398349,1425.8407756604681,1426.3472525482775
2024-02-02,8.74,1753.09,8.74,1753.09,1437.0061883291842,1462.7064950693743,1438.6740785757438,1432.817405963163
2024-02-05,6.06,2500.83,6.06,2491.81,1447.5017486443166,1560.716352681815,1479.9735264747342,1453.78755634013
2024-02-06,0.02,840.19,0.02,840.19,1441.4588456727315,1492.0947952835468,1454.8839764169015,1441.6371096799296
2024-02-07,0.06,1808.12,0.06,1808.12,1445.1072153675302,1522.192433827971,1468.7363694985916,1448.8941966169607
2024-02-08,0.9,1547.77,0.9,1547.77,1446.1287356126295,1524.6283925110213,1471.8357275574704,1450.852133317615
2024-02-09,2.28,1444.54,2.28,1444.54,1446.1129272980759,1517.0009265575907,1470.7653068689422,1450.7271405786523
2024-02-12,0.76,556.02,0.76,556.02,1437.256281255309,1425.478933552106,1434.8929418936896,1433.0101674978869
2024-02-13,16.46,2722.95,16.46,2722.95,1450.0492535811268,1549.0476065471435,1485.4049833880547,1458.5535305177307
2024-02-14,4.23,632.54,3.95,586.05,1441.452246082807,1457.3335487807487,1450.1361605100917,1441.2762328837161
2024-02-15,2.48,554.99,2.48,554.99,1432.6317262212865,1371.396067944487,1415.032389509696,1423.7260104503753
2024-02-16,56.22,1845.89,54.89,1845.89,1436.7437488459502,1416.5859662354883,1431.9287663916687,1432.085693411754
2024-02-20,14.28,1976.36,14.28,1976.36,1442.1130647778314,1469.8977789749656,1453.2790108468973,1442.8634024531054
2024-02-21,0.52,1336.51,0.52,1336.51,1441.0622880138728,1457.1941809773498,1448.6998339509405,1440.757394483737
2024-02-22,0.03,1373.76,0.03,1366.91,1440.324454302292,1448.5956875509355,1445.4923894822762,1439.2950698404948
2024-02-23,0.36,1261.12,0.36,1261.12,1438.5413254037617,1430.740860165132,1438.2620996986575,1435.7668506357325
2024-02-26,1.16,1634.67,1.16,1634.67,1440.4928545042217,1450.1626830065481,1445.96437029871,1439.7055268607673
2024-02-27,0.1,864.81,0.1,864.81,1434.7646668972145,1394.4148084344959,1423.1740028360155,1428.3214570219402
2024-02-28,0.87,1615.83,0.87,1581.21,1436.2218343907746,1412.2048266788295,1429.3714929208777,1431.3489529224958
2024-02-29,0.04,1271.46,0.04,1271.46,1434.5824131530553,1398.800557471322,1423.178885355353,1428.1828350428423
2024-03-01,1.09,1383.53,1.09,1369.72,1433.9370160072538,1396.0309805692914,1421.0824584786726,1427.0251551410038
2024-03-04,13.73,2052.79,13.73,2052.79,1440.09475714151,1458.5794586103113,1445.8553032442148,1439.4165382075184
2024-03-05,0.39,1891.14,0.39,1882.89,1444.5006799560224,1498.9899863617102,1462.9939188032652,1448.1981909162805
2024-03-06,0.03,1032.49,0.03,945.39,1439.5344045335744,1446.2661781367854,1442.6957259090195,1438.241593076354
2024-03-07,0.27,1049.49,0.27,1049.49,1435.653365682494,1408.4779706951867,1427.2758935204306,1430.5435417283074
2024-03-08,13.3,1754.49,13.3,1754.49,1438.8258695065488,1441.4314972956452,1440.1078192647274,1436.958323080222
2024-03-11,17.59,1231.52,14.04,1231.52,1436.7631245363343,1421.4399261246313,1431.9279047837576,1432.890237474673
2024-03-12,17.68,1423.97,17.68,1423.97,1436.6358297648285,1421.680885541333,1431.6158300863553,1432.713599108838
2024-03-13,22.6,1203.67,14.3,1203.67,1434.3177618069694,1400.917944061206,1422.676777926106,1428.1780822948017
2024-03-14,30.92,2673.1,30.9,2673.1,1446.6439532317756,1522.0781398649008,1471.7129827133176,1452.8300014572808
2024-03-15,9.17,2615.89,-8.54,2615.89,1458.278242254345,1626.2506979730053,1516.5826696657366,1475.8608925175326
2024-03-18,7.2,1582.76,7.2,1582.76,1459.5168667095256,1622.108726737481,1519.1778590906097,1477.9777065270864
2024-03-19,0.64,1375.97,0.64,1375.97,1458.6855546029633,1598.6669432386732,1513.561864616468,1475.9577519423917
2024-03-20,2.06,799.08,2.06,428.4,1448.4339570447248,1487.2129486445137,1471.0064973766066,1455.2140340821463
2024-03-21,1.92,1302.75,1.92,1302.75,1446.9843654323395,1469.6450487736076,1464.4082033618376,1452.1949442983414
2024-03-22,0.18,2035.49,0.18,2032.9,1452.8143717464457,1523.2883774618356,1486.7019993084323,1463.6940543122357
2024-03-25,12.86,1253.95,12.37,1253.95,1450.8356217788194,1497.6371034178512,1477.5744699237878,1459.5407067020924
2024-03-26,2.49,1627.98,2.49,1627.98,1452.5982524078859,1510.050712616151,1483.472726005208,1462.876138252546
2024-03-27,10.92,531.15,10.92,458.22,1442.7039414386531,1409.8763590336605,1443.2667367501017,1442.98195729705
2024-03-28,0.01,1041.84,0.01,1041.84,1438.7152455039402,1374.825277220931,1427.5245117795096,1435.038552202059
2024-04-01,2.3,1649.46,2.3,1649.46,1440.8122082352443,1400.980965104652,1436.2278642587444,1439.2845214653846
2024-04-02,1.9,1958.4,1.9,1955.94,1445.9378579045454,1453.8342065232564,1456.608732327029,1449.5153230205256
2024-04-03,0.05,1074.88,0.05,1074.88,1442.2457399154455,1417.7433297115176,1441.6389781181258,1442.0968017725943
2024-04-04,0.01,2398.33,0.01,2398.33,1451.7590161351923,1511.1325364056588,1479.1562730938856,1461.0321126285826
2024-04-05,0.27,789.03,0.27,789.03,1445.164697566683,1442.3608662717866,1452.092497678439,1447.7251401012838
2024-04-08,5.39,1017.19,5.39,1017.19,1440.9062428645268,1401.8684028173307,1435.0374977694808,1439.1996917824465
2024-04-09,0.11,820.54,0.11,820.54,1434.7334444280639,1346.503793025204,1410.9395566804815,1426.9490048164575
2024-04-10,2.97,2169.61,2.97,2169.61,1442.0456489611179,1424.8948603561369,1440.691338771443,1441.6551631369236
2024-04-11,0.38,1335.63,0.38,1335.63,1440.9867867824003,1416.3934450841239,1436.571286270602,1439.5556549559944
2024-04-12,0.28,2646.46,0.28,2646.46,1452.981545122874,1533.5426407903979,1484.0179024952843,1463.45475089746
2024-04-15,4.18,2324.94,4.18,2324.94,1461.6577486539898,1608.913817857979,1516.995239652332,1480.5138647410745
2024-04-16,0.57,2062.28,0.57,2062.28,1467.6340894634027,1652.0915494905523,1538.3789557443974,1492.0339862313504
2024-04-17,1.16,1336.7,1.16,1328.1,1466.2456905632694,1621.2352114438331,1530.1327221857937,1488.7877686822146
2024-04-18,17.29,1260.16,17.29,1260.16,1464.1950866770676,1586.84709606823,1519.5455566098801,1484.260486134052
2024-04-19,0.59,1046.64,0.59,1046.1,1460.034936560878,1535.3473726331606,1500.9790641938064,1475.5840408640706
2024-04-22,0.03,763.43,0.03,763.43,1453.1035441572872,1461.8314323823834,1472.0555714803238,1461.4819806489404
2024-04-23,0.66,541.62,0.66,539.48,1444.0127626233839,1373.9884388221565,1435.4839804418798,1443.224515685595
2024-04-24,0.08,1417.76,0.08,1417.76,1443.7515411047432,1378.157158934332,1434.7889223853356,1442.7202678502367
2024-04-25,24.28,1527.02,19.73,1527.02,1444.580082984298,1392.3345723691575,1438.4058273898322,1444.3895694769647
2024-04-26,0.49,850.41,0.49,850.41,1438.667942855101,1340.7227083339997,1415.3471674921918,1432.6275978041535
2024-04-29,10.34,809.87,9.04,766.93,1431.9839832247021,1286.0757837307615,1389.9190432768119,1419.4454671545664
2024-04-30,0.14,2413.94,0.14,2413.94,1441.7546898592823,1393.491423375451,1430.0767278541919,1439.1384282010106
2024-05-01,1.9,1439.59,1.9,1439.59,1441.7331506567023,1397.8817640063603,1430.4497973501059,1439.147370216832
2024-05-02,3.04,693.72,3.04,691.45,1434.2676466700684,1330.602548386707,1401.4694131402978,1424.341481697687
2024-05-03,3.38,854.36,2.68,854.36,1428.4974213300677,1285.2461152070207,1380.0141420367568,1413.0547196838713
2024-05-06,0.19,657.49,0.19,657.49,1420.8257056949426,1225.4598185206378,1351.679861956884,1398.093042066369
2024-05-07,17.62,1649.39,17.62,1649.39,1423.0999772800676,1265.8341215186722,1363.3547693311239,1403.0692194511932
2024-05-08,1.29,1632.8,1.29,1632.8,1425.1865446703157,1300.783252802608,1373.9212489651975,1407.6183438184964
2024-05-09,0.04,806.86,0.04,806.86,1419.0340417382727,1253.7429430118834,1351.6835529273467,1395.7221389904073
2024-05-10,0.03,1835.1,0.03,1835.1,1423.1740015219714,1309.1102817726564,1370.641060655686,1404.4226906935676
2024-05-13,0.06,1107.15,0.06,1107.15,1420.029484093892,1289.8759692228796,1360.3080778848748,1398.5361027590416
2024-05-14,0.03,734.38,0.03,734.38,1413.2071011675846,1236.971591201653,1335.7618787521346,1385.384496763813
2024-05-15,86.48,1607.88,86.48,1607.88,1415.1441449370614,1272.2962015634002,1346.4331776246,1389.7903483130444
2024-05-16,9.46,1694.96,9.46,1688.62,1417.8652977237573,1311.9460871287906,1359.852268698145,1395.7077671583306
2024-05-17,25.83,1184.95,25.83,1184.95,1415.547732572277,1299.8512216879535,1352.9933562001786,1391.5343460264826
2024-05-20,3.95,1406.47,3.95,1406.47,1415.4574068750405,1310.0053910510055,1355.0904794864462,1391.8301015507107
2024-05-21,6.01,1488.12,6.01,1488.12,1416.180417751906,1326.968687141386,1360.3073234281542,1393.7368322130728
2024-05-22,1.92,1948.15,1.92,1948.15,1421.4736474260162,1386.1288121755397,1383.3599774113638,1404.715310783111
2024-05-23,0.14,2335.76,0.14,2335.76,1430.5710240685435,1476.5698776826312,1420.7089979050359,1423.1518392824553
2024-05-24,0.06,646.96,0.06,644.84,1422.7528049235827,1397.3575083795236,1390.2827626930737,1407.7397236530996
2024-05-28,7.75,1434.16,7.75,1434.16,1422.8663093522039,1400.8625075814737,1392.0034386658942,1408.2628974421473
2024-05-29,0.77,2117.31,0.77,2117.31,1429.7761968213363,1469.0956020975239,1420.446833228016,1422.3034341264613
2024-05-30,0.16,945.73,0.16,945.73,1424.9598167534623,1419.2512590406168,1401.8304868269174,1412.8663364209867
2024-05-31,4.28,1085.48,4.28,1085.48,1421.5819081290497,1387.4635200843675,1389.4245853827247,1406.3834386700762
2024-06-03,0.8,1555.09,0.8,1555.09,1422.9103468541336,1403.4279467429992,1395.9212683088924,1409.3281230528469
2024-06-04,1.11,1877.65,1.11,1877.65,1427.4351195222516,1448.5919518150945,1414.8125911203083,1418.601823586454
2024-06-05,0.04,830.9,0.04,830.9,1421.4994466911844,1389.7641468803236,1391.9140581351983,1406.9641637134548
2024-06-06,0.16,1222.93,0.16,1222.93,1419.5236313012224,1373.875180510769,1385.2872323259749,1403.3199228478418
2024-06-07,77.11,2067.87,77.11,2067.87,1425.9748389499664,1439.969925224029,1412.055183999466,1416.4793303162014
2024-06-10,35.1,1369.77,33.93,1369.77,1425.415586821111,1433.284218059836,1410.396941489683,1415.5543930822173
2024-06-11,42.88,1623.05,41.79,1623.05,1427.3820983950302,1451.357149673185,1418.7362771175385,1419.6632169815794
2024-06-12,2.6,1433.46,2.6,1433.46,1427.4425750279154,1449.6526592281198,1419.31367801489,1419.9364206057064
2024-06-13,23.15,1746.56,23.15,1746.56,1430.6178727888316,1477.9295488254418,1432.1468671123453,1426.4042142570786
2024-06-14,1.02,1956.24,1.02,1956.24,1435.8479437063556,1523.4829251277806,1452.6995389902925,1436.8960119945623
2024-06-17,14.59,1010.06,14.59,1009.95,1431.6101532217153,1474.5750274965635,1435.3368119710653,1428.4416355194223
2024-06-18,22.6,1157.72,20.79,1131.26,1428.6215944831908,1441.8783582111764,1423.412231109455,1422.5568506576517
2024-06-20,0.07,1160.78,0.07,1160.78,1425.9565039908207,1415.1070860005882,1413.112927928692,1417.3731506446288
2024-06-21,67.73,2607.9,67.73,2607.9,1437.7171357919071,1528.7064111433892,1459.9673229118805,1440.9479397407747
2024-06-24,0.23,881.08,0.23,881.08,1432.1784578238285,1467.0277053202094,1437.2658592682774,1429.8614458845218
2024-06-25,0.29,1948.69,0.29,1946.61,1437.2971796365266,1512.7022095754276,1457.2401392969723,1440.0940905204718
2024-06-26,58.4,1482.11,49.62,1482.11,1437.743078346611,1509.7886658063392,1458.215427951993,1440.9260887279872
2024-06-27,5.31,1128.79,5.31,1128.76,1434.6686198556,1473.5002214438307,1445.2956072479933,1434.7445820205023
2024-06-28,6.22,2163.66,6.22,2163.66,1441.922265429176,1539.2297241634658,1473.4667599049346,1449.1785506933636
2024-07-01,0.24,1771.7,0.24,1771.7,1445.203635922418,1561.369750433612,1485.1621810851332,1455.5651140459702
2024-07-02,0.14,975.54,0.14,975.54,1440.5303659132396,1505.576440868506,1465.1769975131672,1446.0596662430796
2024-07-03,0.3,539.13,0.3,539.07,1431.5606110285307,1413.5282084048388,1428.8590760420625,1428.0994748323255
2024-07-05,18.05,1286.62,18.05,1286.45,1430.11672435163,1401.4255218900923,1423.2744063933542,1425.294534736636
2024-07-08,12.56,1052.31,10.85,1052.31,1426.357453462559,1368.1764245672264,1408.7267826132227,1417.9087023656136
2024-07-09,1.04,1408.24,1.04,1408.24,1426.1771802937774,1371.9920031798715,1408.7076930989786,1417.7172429128293
2024-07-10,0.01,570.98,0.01,570.98,1417.6677556142374,1295.7051457341695,1375.85562670294,1400.9501687957436
2024-07-11,1.26,560.04,1.26,560.04,1409.1341461056381,1225.6417985213914,1343.862857028315,1384.2984822849369
2024-07-12,0.81,816.97,0.81,816.97,1403.2419655473732,1186.7206748526874,1323.2003920468123,1373.064254912958
2024-07-15,5.06,1232.13,3.65,1232.13,1401.5393589250114,1191.0453724857648,1319.6290041234079,1370.273477587949
2024-07-16,0.17,469.64,0.17,449.64,1392.067723512822,1120.43533701093,1285.5117882754312,1352.0431116951183
2024-07-17,20.5,1837.03,20.5,1837.03,1396.495208851003,1188.6824477717937,1307.1399534411005,1361.646812453631
2024-07-18,0.91,2274.81,0.91,2274.81,1405.2346595092022,1292.1231670316229,1345.0877984041945,1379.7292518109848
2024-07-19,20.59,1715.19,17.46,1715.19,1408.3187922504042,1332.4152463619446,1359.601610231481,1386.3720389038365
2024-07-22,0.05,755.91,0.05,755.91,1401.8271624767683,1277.509984803664,1335.9274294380896,1373.8876420938595
2024-07-23,0.66,1431.38,0.66,1431.38,1402.1212205615766,1292.16427196522,1339.6706674993409,1375.0261046266544
2024-07-24,30.36,2225.69,30.36,2225.69,1410.3159347848446,1381.0714841590086,1374.4165236758374,1391.8709342380077
2024-07-25,21.3,1485.73,21.3,1485.73,1411.0663234934532,1391.0389618581507,1378.7817580414908,1393.7295295996314
2024-07-26,5.47,475.1,5.47,475.1,1401.7532257472496,1303.806679776422,1343.3432577261383,1375.5388458451832
2024-07-29,0.23,1509.66,0.23,1509.66,1402.8269249935456,1323.4117578929533,1349.8654829133486,1378.1947102838924
2024-07-30,0.24,1093.08,0.24,1093.08,1399.744866038386,1301.4753999983864,1339.7954639755703,1372.5488744366867
2024-07-31,2.06,1315.83,2.06,1308.65,1398.8384494608895,1302.1586952366354,1338.5740732314302,1371.2835501904156
2024-08-01,17.56,2307.59,17.56,2307.59,1407.8807534463533,1397.914057595051,1376.57469781059,1389.8242719688233
2024-08-02,31.08,2383.22,31.08,2383.22,1417.5856215712652,1491.7527187764747,1416.0509841709588,1409.495474504094
2024-08-05,68.18,2789.63,65.02,2789.63,1431.2378044412028,1615.360078893001,1469.9168279289604,1436.8248710485675
2024-08-06,1.6,743.07,1.6,743.07,1424.3903636009918,1532.2848332841438,1441.4130307552757,1423.087150829784
2024-08-07,9.59,2165.69,8.84,2165.69,1431.7664793860565,1592.6091348761302,1469.8160491570295,1437.7921577440457
2024-08-08,16.29,425.6,15.69,410.8,1421.6076089444043,1480.0558839355463,1428.2860080136165,1417.4556793728764
2024-08-09,0.5,1059.65,0.5,1059.65,1418.0060406962014,1440.017228322637,1413.8296939738668,1410.3704183951957
2024-08-12,0.01,1532.33,0.01,1532.33,1419.14359253007,1448.8089208633382,1418.476764798421,1412.7854596150928
2024-08-13,0.06,521.14,0.06,521.14,1410.2082334004176,1360.4594998287346,1383.2870877475025,1395.1291138801405
2024-08-14,0.65,1099.7,0.65,1099.7,1407.1185992372293,1335.6252617498076,1372.1660254828946,1389.2790324171674
2024-08-15,0.01,430.41,0.01,421.38,1397.3102549662121,1248.5542844403021,1334.8802989933693,1370.1127149435601
2024-08-16,1.94,1013.77,1.94,1013.77,1393.4939340212748,1226.1938763983685,1322.2877382485312,1363.056423558539
2024-08-19,0.05,394.04,0.05,372.89,1383.3386709961874,1144.926840550905,1285.0564543956477,1343.4491676464888
2024-08-20,0.19,1627.8,0.19,1627.8,1385.7711220310512,1190.9147604984378,1298.4973777526811,1349.0798771980435
2024-08-21,0.78,610.87,0.78,610.87,1378.060663105369,1135.6724023557294,1271.5315982329682,1334.4618598277852
2024-08-22,1.8,1652.85,1.8,1652.85,1380.794885363027,1184.9274116551837,1286.4852610473617,1340.7665754747597
2024-08-23,1,213.95,1,176.16,1368.8084685932458,1088.8543248308806,1242.9430939474653,1317.705059128725
2024-08-26,0.63,1087.77,0.63,1087.77,1366.0120659206762,1088.7510557993683,1236.8578745769764,1313.1518896410275
2024-08-27,0.27,1261.75,0.27,1261.75,1364.974632428928,1105.227145723238,1237.8340363582715,1312.1340304402152
2024-08-28,1.63,1701.41,1.63,1701.41,1368.3222480266502,1162.0064651781677,1256.013485912849,1319.842465481003
2024-08-29,0.04,810.97,0.04,810.97,1362.776454513947,1128.574420875485,1238.5608001907765,1309.7657829962307
2024-08-30,0.07,730.5,0.07,730.5,1356.4851465088332,1090.662571268296,1218.6368472421186,1298.2951734319488
2024-09-03,18.08,2027.32,18.08,2027.32,1363.160120175412,1179.8680406713154,1250.3499120561532,1312.7313086115141
2024-09-04,0.83,1387.1,0.83,1387.1,1363.3983279348606,1199.6044177502376,1255.7126606029708,1314.2039559657417
2024-09-05,0.55,1426.21,0.55,1426.21,1364.0233196967029,1221.1859017740246,1262.3988307754032,1316.4218974317666
2024-09-06,0.18,2009.72,0.18,2009.72,1370.4481622867854,1296.2843873193556,1291.705543294015,1330.1505727301476
2024-09-09,10.83,830.86,10.83,830.86,1365.0791258461209,1251.9582551937026,1273.6331690471907,1320.2636306958873
2024-09-10,0.02,1569.49,0.02,1569.49,1367.1130648924282,1282.1993737466832,1285.2353977120067,1325.1988063256717
2024-09-11,0.37,803.99,0.37,803.99,1361.509850316384,1236.6556238660467,1266.3630291742809,1314.8778398637774
2024-09-12,0.1,688.64,0.1,674.35,1354.67243887045,1183.1027073073756,1243.14683195176,1302.1941202625144
2024-09-13,4.47,412.92,4.47,398.78,1345.1610713195003,1108.405306611435,1210.034407169338,1284.3047317424646
2024-09-16,3.57,690.16,3.57,684.87,1338.5910109083609,1068.0686107436793,1189.4397245352463,1272.434737054495
2024-09-17,0.09,1057.12,0.09,1057.12,1335.7903043321583,1067.0258859109479,1184.2507157299426,1268.171078895
2024-09-18,0.12,1508.15,0.12,1500.77,1337.4318933437785,1108.3348491575243,1196.6632366817096,1272.7769981248018
2024-09-19,3.44,825.32,3.39,825.32,1332.3362526139897,1081.3810539996648,1182.1007568118387,1263.9164635084692
2024-09-20,0.82,3303.32,0.82,3303.32,1351.948031194945,1292.9942869520778,1265.2858251721586,1304.3006919538461
2024-09-23,0.23,1022.26,0.23,1022.23,1348.6672547651447,1267.2072120042608,1255.7542241850151,1298.7151336973343
2024-09-24,15.83,1011.46,14.41,1011.46,1345.3119586978298,1242.8503346705218,1246.174058530701,1293.02691322808
2024-09-25,5.59,1977,5.59,1977,1351.5974118451152,1312.7693504161864,1274.8338993726343,1306.5709347483162
2024-09-26,9.93,949.06,9.93,927.18,1347.3743530207857,1276.0465551384543,1261.200413122727,1299.058242971122
2024-09-27,0.02,907,0.02,906.98,1342.9923196573948,1240.8973594109825,1247.3094165296789,1291.2943173677334
2024-09-30,16.34,1655.69,13.28,1655.69,1346.1037393622962,1280.4014204194605,1263.3243413716523,1298.5100734594614
2024-10-01,0.47,1361.5,0.47,1361.5,1346.256935985557,1288.1250946652262,1267.1743672002149,1299.757398737492
2024-10-02,0.19,1160.91,0.19,1160.91,1344.4126878662978,1276.0093713637762,1263.007137113932,1297.0079452971456
2024-10-03,6.29,1617.56,6.29,1617.56,1347.1305715691208,1308.5380026624641,1276.9111709526014,1303.355510736806
2024-10-04,0.02,617.3,0.02,617.3,1339.8685758321146,1242.7058119327057,1251.0440662093622,1289.7702530984534
2024-10-07,0.56,1642.34,0.56,1642.34,1342.8782417442328,1280.7662107962576,1266.3890047893872,1296.7518322450187
2024-10-08,34.67,1409.12,34.5,1409.12,1343.537363716927,1292.990381196614,1271.986298719215,1298.9769444777905
2024-10-09,0.52,983.7,0.52,982.85,1339.948434724719,1263.4532020350316,1260.6476203380694,1292.717004983181
2024-10-10,0.51,1237.79,0.51,1237.79,1338.931932886662,1261.0090875555047,1259.7512430699098,1291.6293415181674
2024-10-11,0.19,597.3,0.19,597.3,1331.5525106688842,1197.7986982645043,1233.7727629495212,1277.8802456465205
2024-10-14,3.96,1007.48,3.96,1007.48,1328.3279085726765,1179.6731079535991,1224.8985369515008,1272.5257853366884
2024-10-15,14.8,1650.4,14.8,1650.4,1331.532605999814,1224.5042405294469,1241.5848688357557,1280.0084430527936
2024-10-16,0.05,657.55,0.05,657.55,1324.8263114127512,1170.5085985742614,1218.6815406461183,1267.682533289372
2024-10-17,8.68,1458.29,8.68,1443.04,1326.0025670205846,1196.4639701386175,1227.4799116011725,1271.1549583727508
2024-10-18,11.39,1010.19,8.09,1007.49,1322.8332877467478,1178.4664491730348,1218.8528562442639,1265.933870088142
2024-10-21,1.54,1860.88,1.54,1860.49,1328.1831057791185,1243.4210730613172,1244.0150971758615,1277.7072587992677
2024-10-22,1.42,1244.57,1.42,1244.57,1327.351134577336,1243.530494674525,1244.0368580709257,1277.0510754567078
2024-10-23,0.43,1820.58,0.43,1799.45,1332.0486357258203,1296.4752094674275,1265.8177655975562,1287.395608615981
2024-10-24,8.23,1222.21,6.91,1222.21,1330.9557139773046,1289.4023323752915,1264.10765714275,1286.1048044849715
2024-10-25,0.95,1755.23,0.95,1755.23,1335.1773486640977,1333.7668721490732,1283.367356862642,1295.3944123169522
2024-10-28,9.38,773.23,9.38,773.23,1329.5858327569922,1280.3824081348757,1263.361970319009,1285.0545229641411
2024-10-29,8.71,1701.05,8.71,1701.05,1333.281993625082,1320.4459883125066,1280.526206777087,1293.292057162871
2024-10-30,4.86,1439.77,4.86,1439.77,1334.341575778066,1331.8101799017918,1286.7710614132798,1296.1926104863785
2024-10-31,23.86,2249.72,20.28,2249.72,1343.44981880515,1419.2301627682878,1324.5337648872687,1315.0743409717968
2024-11-01,12.25,1716.05,9.32,1716.05,1347.157283294651,1447.4987186951175,1339.887342734827,1323.0144530317611
2024-11-04,8.1,1244.65,8.1,1244.65,1346.137310326545,1428.1797931051065,1336.15254498052,1321.4626816845976
2024-11-05,1.53,524.46,1.53,524.46,1337.961416691455,1342.1112413808105,1304.3214647852053,1305.6804503641106
2024-11-06,6.02,1323.3,6.02,1323.3,1337.8155319482564,1340.319694582638,1305.0657210681384,1306.0293523370985
2024-11-07,2.31,1374.79,2.31,1374.79,1338.1834371030002,1343.602580812863,1307.8000065164467,1307.3909493205224
2024-11-08,32.77,1789.31,32.77,1789.3,1342.672159121876,1386.0499540687808,1326.6823592020762,1316.933702799324
2024-11-11,0.74,1284.52,0.74,1284.4,1342.0923366430513,1376.3690060622303,1325.0242274686614,1316.2894710607236
2024-11-12,37.98,2306.01,37.98,2305.81,1351.681567124215,1464.8871959610656,1363.486414626753,1335.8839369803131
2024-11-13,24.39,1643.41,24.39,1643.3,1354.5832430732278,1481.8788915838213,1374.459496406096,1341.9713837727822
2024-11-14,20.64,1838.86,20.64,1838.86,1359.401917271504,1515.8770923853622,1392.6712808607588,1351.8107623119352
2024-11-15,20.64,1910,20.64,1910,1364.88050515935,1553.41260739628,1412.9586816113172,1362.864014543382
2024-11-18,17.22,1075.18,17.22,1075.18,1361.997913068212,1507.8666447871105,1399.7124588030301,1357.167301384107
2024-11-19,10.63,1366.04,10.63,1366.04,1362.0381328386775,1494.3593452835762,1398.3919702225191,1357.342998386402
2024-11-20,0.19,1242.02,0.19,1242.02,1360.8439225616758,1470.3270266851405,1392.2597360961458,1355.0593746559782
2024-11-21,1.79,633.76,1.79,633.58,1353.6074656207636,1390.636833667508,1362.5075895825714,1340.772654365761
2024-11-22,2.78,660,2.78,660,1346.7058987986666,1321.0523733182215,1334.9582723440392,1327.2920077446568
2024-11-25,1.14,1373.89,1.14,1373.89,1346.9763873678341,1326.0845282402956,1336.48500676192,1328.2147402645646
2024-11-26,2.01,1755.18,2.01,1755.18,1351.0381148567114,1366.9507636459819,1352.9044182614525,1336.669497883088
2024-11-27,0.04,1060.07,0.04,1060.07,1348.142909733759,1337.7240242511264,1341.420715584533,1331.192280103225
2024-11-29,0.21,764.04,0.21,764.04,1342.3309404826769,1283.0874505129239,1318.778334581218,1319.9615418833591
2024-12-02,0.03,1939.82,0.03,1939.82,1348.2761052539936,1345.633407606931,1343.13290969568,1332.23596679656
2024-12-03,2.9,1545.51,2.9,1545.5,1350.2385320673866,1364.6683211681757,1351.0688740213395,1336.4590169590044
2024-12-04,0.65,1747.87,0.65,1747.59,1354.1922780169648,1401.1370524854922,1366.618722098934,1344.6002245439747
2024-12-05,1.26,1668.26,1.26,1668.26,1357.317329976995,1426.5773332011595,1378.4477918205446,1351.0093290084505
2024-12-06,0.33,1453.09,0.33,1453.09,1358.2702918677712,1429.1023490867633,1381.3749372393468,1353.0307284340258
2024-12-09,1.13,1523.09,1.13,1523.09,1359.9102889636142,1438.0535539356429,1386.932390680941,1356.398238762065
2024-12-10,1.25,1992.68,1.25,1992.68,1366.206504993827,1490.8751202274864,1410.6871988895314,1368.9978775984596
2024-12-11,0.12,1620.27,0.12,1620.27,1368.7344999690126,1503.1984421105828,1418.9061322664124,1373.9735631905694
2024-12-12,1.05,2095.84,1.05,2095.84,1375.969380566336,1559.6404952429084,1445.4525584520434,1388.267948077885
2024-12-13,1.35,1770.93,1.35,1741.45,1379.606003645278,1576.9556861721553,1457.0603012578456,1395.2616520763427
2024-12-16,10.66,2053.09,10.66,2053.09,1386.3073369423398,1622.3018112986167,1480.4340149340085,1408.287955995623
2024-12-17,7.29,1869.6,7.29,1869.6,1391.1162191618191,1645.8540197463674,1495.695426113067,1417.4228479561057
2024-12-18,0.08,3134.41,0.08,3134.41,1408.4624259363284,1787.621255960999,1559.9587427360839,1451.4225935411332
2024-12-19,0.02,2143.4,0.02,2143.4,1415.775237618554,1821.5049458694753,1582.8387920405512,1465.1251164413088
2024-12-20,40.15,944.88,-77.36,944.88,1411.0897128661306,1738.0168557866682,1557.8208001958237,1454.8232329474215
2024-12-23,1.6,1036.65,1.6,1036.48,1407.362253036617,1671.2038219022236,1537.3760629332423,1446.5392085326212
2024-12-24,8.78,275.19,8.78,217.5,1395.5228276332675,1532.7558388639166,1485.6162173280172,1422.2017984626682
2024-12-26,5.15,724.14,5.15,724.14,1388.842401487663,1455.7448065911626,1455.7544048837813,1408.3787925525164
2024-12-27,0.01,1978.13,0.01,1879.8,1393.7275517216167,1496.1310154872424,1472.3836439079466,1417.713865967318
2024-12-30,14.44,1814.42,14.44,1814.42,1397.9135462318493,1526.444252107505,1485.796834342929,1425.5694329778662
2024-12-31,0.17,1005.32,0.17,998.63,1393.9405756225772,1476.1762280972664,1466.6922526039907,1417.1151867802846
2025-01-02,0.04,1139.58,0.04,1139.58,1391.4096246213576,1444.1194444689554,1453.8643211293245,1411.6194405074077
2025-01-03,2.43,925.39,2.43,925.39,1386.7726134310954,1394.7166402338169,1433.1398379477823,1401.991134754786
2025-01-06,6.34,1415.57,4.13,1415.57,1387.059154590985,1396.702674497263,1432.450824694928,1402.2600231754832
2025-01-07,0.02,1688.29,0.02,1688.29,1390.0564764358508,1424.472895973714,1442.4837335304212,1407.9239831126024
2025-01-08,71.97,2098.58,71.97,2098.12,1397.101884630519,1488.6297630238364,1468.194959666483,1421.5912309717587
2025-01-10,15.46,2356.07,12.02,2356.07,1406.6438559277278,1571.2431189263282,1503.01358869917,1440.0957610515259
2025-01-13,28.46,1484.49,28.46,1484.49,1407.4184444259595,1562.9809171238207,1502.2871734560654,1440.9748548920898
2025-01-14,4,846.81,4,846.81,1401.8402509490843,1494.7741631120282,1476.58218626171,1429.2092142011572
2025-01-15,3.73,602.35,3.68,602.35,1393.885124073969,1409.7813856727873,1442.2985711141919,1412.8357644149958
2025-01-16,3.57,1167.76,3.57,1091.4,1390.8753218443774,1379.4593489420456,1428.537842835204,1406.4706997731146
2025-01-17,0.46,1394.61,0.46,1394.61,1390.9124828210502,1380.9022680904222,1427.2073391946078,1406.2358344310726
2025-01-21,0.01,875.89,0.01,870.06,1385.7298710516866,1332.250623510382,1405.3584239320742,1395.6184911750117
2025-01-22,0.02,2160.13,0.02,2160.13,1393.4353449715702,1411.0962784141552,1434.9573092680712,1410.7573329339225
2025-01-23,0.78,1046.97,0.78,1032.08,1389.8397693997138,1374.9994899937594,1419.1581991006958,1403.258771885726
2025-01-24,1.15,1330.58,1.15,1330.56,1389.2499209479754,1370.7671576134014,1415.6837599202763,1401.8191922444246
2025-01-27,26.24,1860.94,26.24,1860.94,1393.9433545703837,1417.4502854597442,1433.1447889430106,1410.9106933880994
2025-01-28,0.01,1575.17,0.01,1575.17,1395.7466047736634,1432.4712106540544,1438.7144050628924,1414.1633529249686
2025-01-29,18.55,1636.23,18.55,1636.23,1398.1394743779056,1451.8768096393826,1446.4601146682692,1418.5607122729891
2025-01-30,5.79,976.9,5.48,782.94,1392.0180865731502,1388.1685420546796,1420.4397180146116,1405.974163515108
2025-01-31,20.81,2514.64,18.37,2514.64,1403.1884538709298,1495.451538049472,1463.3495329944308,1427.927942455403
2025-02-03,47.01,1833.54,46.49,1833.54,1407.4705588075376,1527.6504391876176,1477.8668062103354,1435.959864386979
2025-02-04,12.1,850.77,12.1,850.77,1401.9312497646765,1463.1856354554636,1453.2747745942438,1424.3719462803062
2025-02-05,6.2,1386.44,6.2,1386.44,1401.7771079759732,1455.876527316848,1450.6538030415284,1423.6208186311912
2025-02-06,28.37,1860.27,28.36,1860.27,1406.3392263045705,1494.3901913819102,1466.7171833144096,1432.267337074138
2025-02-07,36.56,2125.7,24.83,2125.7,1413.4970449483062,1554.5149350598235,1492.5596467138446,1445.998676934056
2025-02-10,5.94,1102.66,4.21,1102.66,1410.4041390284226,1511.4811317207927,1477.2694644897722,1439.1998912521935
2025-02-11,28.56,1748.28,28.56,1748.28,1413.7660878938113,1534.033404890241,1487.8973286274281,1445.3202894452195
2025-02-12,11.5,1710.49,11.5,1710.49,1416.7185646311864,1550.8387949006942,1496.62645299498,1450.57117480274
2025-02-13,20.34,894.32,20.34,759.89,1410.1829570229158,1475.5103382434852,1467.7348273873336,1436.894319856151
2025-02-14,8.43,1703.21,8.43,1703.21,1413.098648992837,1497.1960203155343,1476.969147881948,1442.1678976807816
2025-02-18,4.63,1024.1,3.6,996.77,1408.9560753710177,1449.5363993331025,1458.1378087493226,1433.3481373306672
2025-02-19,34.06,1756.18,34.06,1756.18,1412.4110397951868,1478.740551777569,1469.8257378179767,1439.7408474825352
2025-02-20,8.06,1731.49,8.06,1731.49,1415.5859548221003,1502.8119277987528,1480.087081432958,1445.5180584234752
2025-02-21,8.99,2526.02,8.99,2526.02,1426.635049798995,1600.2603156274429,1521.1040586316656,1466.9141364744955
2025-02-24,12,1938,12,1938,1431.7232582587064,1632.4259998534008,1537.4529190774826,1476.2425694155947
2025-02-25,0.24,2048.05,0.24,2048.05,1437.8558626541421,1672.0092379626008,1557.4763340156205,1487.5654888331078
2025-02-26,17.64,1598.48,17.13,1598.48,1439.4541127769864,1665.006453394734,1559.0843209169686,1489.7618157869076
2025-02-27,36.99,2429.76,34.39,2429.76,1449.3079026996036,1737.8401244999975,1593.2284651947346,1508.3756412168698
2025-02-28,30.85,1425.66,30.85,1298.31,1447.805436006075,1695.980112642855,1581.6630351870979,1504.215925549209
2025-03-03,16.65,3094.59,14.42,3094.59,1464.191352065716,1829.1810542959163,1640.993504395447,1535.7084814789278
2025-03-04,36.74,2604.18,36.74,2604.18,1475.5345226919278,1902.990477696305,1678.7655238309196,1556.8663333308302
2025-03-05,6.71,666.77,4.08,666.77,1467.4871145059385,1785.2551941061809,1639.079424857158,1539.2406633638832
2025-03-06,18.1,2297.52,18.1,2297.52,1475.7461481924465,1834.0423184770207,1664.9006238823677,1554.256095772519
2025-03-07,21.37,1019.62,21.37,1019.62,1471.2075795537157,1756.478288145876,1639.5955013771768,1543.669242390885
2025-03-10,12.38,3043.09,12.38,3043.09,1486.8482006526838,1879.0127368938877,1694.6345013231698,1573.3607425415605
2025-03-11,17.71,1915.09,17.71,1915.09,1491.1093130840004,1882.4486667135175,1703.279814996771,1580.1276585308365
2025-03-12,7.27,1688.82,7.26,1688.82,1493.0765836005776,1864.00784131223,1702.7127634282701,1582.2799821242852
2025-03-13,41.44,2430.36,41.44,2430.36,1502.4027867488305,1917.9461421396368,1731.247949176181,1599.0736458445963
2025-03-14,7.99,305.72,7.98,293.8,1490.3768883732203,1763.2655571739572,1674.8774413653505,1573.2266429565846
2025-03-17,7.94,445.8,7.94,445.8,1479.9830884889095,1637.7926469669137,1626.6783260176896,1550.9013628980383
2025-03-18,17.19,1810.04,17.19,1810.04,1483.2672368621543,1654.1971567795886,1633.868979899349,1556.0328210584732
2025-03-19,30.58,884.21,29.03,864.39,1477.1092544058145,1578.977427562485,1603.6933336287861,1542.3369236117708
2025-03-20,70.4,2247.58,53.26,2247.58,1484.775629983866,1642.6538630327245,1628.9437911335397,1556.3021330452011
2025-03-21,111.88,4073.28,111.88,4073.12,1510.5303003322854,1874.1268284581793,1724.7938385400676,1606.1401106086626
2025-03-24,0.09,797.83,0.09,797.83,1503.4387550553472,1771.6223686050193,1688.442315460065,1590.1339698045306
2025-03-25,1.22,1797.29,1.22,1797.29,1506.3626480398711,1774.0669049283508,1692.7108521086898,1594.2360694123618
2025-03-26,0.75,1998.61,0.75,1998.61,1511.2606316414644,1795.4519616018413,1704.7068971240353,1602.2434739784535
2025-03-27,11.6,2025.51,11.6,2025.51,1516.3775407793603,1817.3622509730944,1717.2874109623085,1610.6249893452168
2025-03-28,0.78,2753.38,0.78,2753.38,1528.6860229606602,1906.5067984994664,1757.9184928853551,1633.2538014373908
2025-03-31,25.17,1356.65,25.17,1355.53,1526.9630774585642,1854.0328176899934,1742.1385519878902,1627.754320220809
2025-04-01,26.7,1410.32,22.26,1185.22,1523.5626488271357,1790.336358862375,1720.2986087726788,1618.9912643748523
2025-04-02,58.85,845.41,55.93,722.65,1515.5933687393035,1688.6519437326249,1681.1751339188481,1601.2419324070336
2025-04-03,31.1,3510.12,31.1,3510.12,1535.4394048712506,1862.1250919485653,1752.898462000462,1639.0414981019437
2025-04-04,86.07,3338.52,83.49,3338.52,1553.380505320293,2002.7341308106068,1815.0796987847575,1672.6945377434895
2025-04-07,57.38,2093.23,-335.44,2093.23,1558.7521420832752,2011.3527850191203,1825.9875537343748,1681.021972639658
2025-04-08,0.01,3746.57,0.01,3484.21,1577.910926739163,2151.624900731585,1891.0158849604777,1716.728666250754
2025-04-09,30.42,1190.85,-960.23,-947.67,1552.7807682641464,1856.4539578047675,1779.6948698639883,1663.9682966220262
2025-04-10,10.31,2628.43,10.31,2628.43,1563.483745694354,1929.9754856328848,1812.9786004575574,1683.0665481740652
2025-04-11,4.06,615.91,-194.35,179.73,1549.7150517073455,1763.285439382134,1748.9296357337316,1653.2975076161629
2025-04-14,3.68,894.55,-0.75,707.3,1541.3328123868744,1662.7153975362164,1708.0814147245658,1634.5648837029714
2025-04-15,15.23,1683.06,15.23,1683.06,1542.7430331591443,1664.6529787232435,1707.100182774583,1635.5251830355858
2025-04-16,7.41,2260.63,7.41,2260.63,1549.8861870580583,1721.4126950353154,1728.8072344304817,1647.9034962428018
2025-04-17,5.37,744.69,5.37,744.69,1541.8742846992716,1628.391485984333,1690.2144017077178,1630.0180804756176
2025-04-21,15.64,2415.96,14.76,2415.96,1550.5716550007714,1703.3980111286824,1718.6750134054544,1645.5812868028331
2025-04-22,6,388.36,5.99,358.86,1538.7138275878285,1575.3467719735697,1665.3489344483778,1620.1016573611928
2025-04-23,3.32,1065.18,3.32,1065.18,1534.002048208845,1526.7594603570392,1641.8128978033433,1609.113109690674
2025-04-24,6.12,574.65,6.12,574.65,1524.456256684379,1436.082368894464,1599.9633723992906,1588.6286916769973
2025-04-25,26.34,1351.8,21.52,1351.8,1522.7382839810518,1428.0554766188009,1590.2314754424558,1583.9390146140865
2025-04-28,4.74,1156.29,3.21,758.22,1515.1311368767629,1364.2616217027246,1557.6035744447124,1567.58814303757
2025-04-29,18.47,1285.4,18.47,1284.73,1512.8385882511234,1356.6871815405605,1546.9026499566844,1561.9869916902915
2025-04-30,18.82,1879.08,18.82,1879.08,1516.4827814028536,1406.4388785366975,1559.9292127034812,1568.266061161771
2025-05-01,1.5,1787.08,1.5,1787.08,1519.175291040636,1442.690413914155,1568.8370867151093,1572.5990104456962
2025-05-02,3.47,726.68,3.47,611.35,1510.1422035675948,1363.5151363985212,1531.2885735105951,1553.5643765754844
2025-05-05,9.71,2009.24,9.71,2009.24,1515.108350795778,1425.012742455805,1550.0317667062582,1562.587656247257
2025-05-06,17.2,1828.76,17.2,1828.76,1518.2292627281583,1463.4648622219188,1560.962285658954,1567.8583957275093
2025-05-07,21.29,1754.24,21.29,1654.23,1519.5825038950422,1481.6329705817361,1564.619843084093,1569.5687245249844
2025-05-08,7.32,1198.29,6.31,1104.09,1515.4482501249422,1445.6764971929992,1546.559849237658,1560.351324039341
2025-05-09,26.27,1241.02,26.27,1241.02,1512.7176207704651,1426.1854022222374,1534.577894365593,1554.0279314841066
2025-05-12,10.36,948.41,10.36,937.85,1506.9975449419032,1379.6772686772624,1511.1768004689031,1541.8263882864014
2025-05-13,15.52,1328.59,12.34,1328.59,1505.222345489745,1374.811814517523,1504.0165337838482,1537.603885548057
2025-05-14,8.57,2057,8.57,2057,1510.7126704102452,1439.7821178968065,1525.702159909972,1547.8889571213629
2025-05-15,35.61,1680.44,35.61,1680.44,1512.401499560392,1462.7019161923488,1531.7703105017376,1550.5137302476726
2025-05-16,7.56,785.78,7.56,785.78,1505.1714348881494,1398.233162269268,1502.5157885212773,1535.3704880645503
2025-05-19,7.48,1569.07,7.48,1569.07,1505.8072415061777,1414.5033372912424,1505.1257575988743,1536.037805132579
2025-05-20,24.57,1844.73,15.27,1844.73,1509.1796072623351,1455.4773051682669,1518.4435710263695,1542.1505218626269
2025-05-21,11.44,3291.26,11.44,3291.26,1526.9117504736553,1630.3137522950985,1587.9657839272961,1576.786353112872
2025-05-22,44.2,1791.76,44.2,1791.76,1529.5470564390916,1645.6895854098511,1595.9577139693629,1581.0432570116268
2025-05-23,44.37,1670.62,44.37,1670.62,1530.9507673202947,1648.063910608913,1598.885646754878,1582.8170539024857
2025-05-27,4.8,708.87,4.8,707.64,1522.7586203817843,1558.4997286461594,1563.934837078216,1565.4868152113474
2025-05-28,22.08,2307.01,22.08,2307.01,1530.5621166963936,1629.786421156049,1593.0750395457371,1580.170442632905
2025-05-29,13.51,1426.38,13.51,1426.38,1529.525478719315,1610.414381045949,1586.5379791713945,1577.1250873332435
2025-05-30,30.59,2281.81,30.59,2281.8,1537.0107973390234,1674.3558685653825,1613.8031564587907,1591.079045999912
2025-06-02,19.77,1497.24,19.77,1497.24,1536.6150680122669,1657.4876906067745,1609.2320522839361,1589.2208470692208
2025-06-03,0.02,1069.43,0.02,1069.43,1531.9664603703538,1601.4821962632723,1588.0633443512327,1578.927959008444
2025-06-04,15.3,2003.27,14.77,2002.95,1536.6528637497534,1639.7172251905797,1604.3334092786354,1587.3244350676828
2025-06-05,10.36,1967.24,9.62,1967.24,1540.9373128666712,1670.9098704105245,1618.5650402873164,1594.8475155613921
2025-06-06,5.91,737.2,5.91,737.2,1532.939926668993,1581.9851208476175,1584.0017053740883,1577.8643964413645
2025-06-09,4.74,1334.17,4.74,1334.17,1530.962116453381,1558.383680766892,1574.2043835947122,1573.0387648286642
2025-06-10,1.74,1366.7,1.74,1366.7,1529.3276675334469,1540.128092122426,1566.0669567870764,1568.952848693443
2025-06-11,12.02,1918.81,12.02,1918.81,1533.2031136276414,1576.193035729814,1579.9000173052302,1575.8807130757511
2025-06-12,32.64,1797.34,32.64,1797.34,1535.8313413527394,1597.2546513745935,1588.427075450123,1580.2660454900927
2025-06-13,32.05,2525.36,32.05,2525.36,1545.6773976576874,1685.6456369579655,1625.16954307953,1598.980777262566
2025-06-16,4.93,1162.53,4.93,1162.53,1541.8649857406954,1635.8251001048259,1607.0268158999406,1590.3381876138023
2025-06-17,25.04,2648.79,18.96,2648.52,1552.8764784198925,1732.2722334281757,1647.8696858646488,1611.2922829085785
2025-06-18,13.6,1918.52,13.54,1847.23,1555.8053691818836,1743.2205921493019,1655.6877373993684,1615.9643169103888
2025-06-20,2.36,2873.38,2.36,2873.38,1568.9155645134072,1850.854821468416,1703.4403751484128,1640.8636373676088
2025-06-23,43.07,1588.49,36.32,1446.89,1567.7013797918808,1812.381981328567,1693.3795761229849,1637.0225752415176
2025-06-24,15.73,1111.05,15.73,1111.05,1563.157584968081,1745.588459297275,1670.5431221573776,1626.6072767218836
2025-06-25,13.86,2838.56,13.86,2838.56,1575.8481562619309,1849.6809869832489,1716.3477056021864,1650.6063405491732
2025-06-26,6.39,713.6,6.39,713.6,1567.2685726175334,1741.482797746749,1677.0242661668065,1632.0517595481995
2025-06-27,16.82,2621.66,14.91,2621.66,1577.7600296064138,1825.3091979613444,1714.0688047485003,1651.6479623294233
2025-06-30,10.98,1376.56,10.98,1376.56,1575.7580392620714,1782.571179107883,1700.8331653465982,1646.2006759466624
2025-07-01,0.26,1408.01,0.26,1408.01,1574.0889045430458,1746.898685859513,1689.3499039604571,1641.4840288982136
2025-07-02,34.08,1096.1,34.08,1096.1,1569.33279604013,1684.9178586347975,1666.0852018443609,1630.684345157655
2025-07-03,7.53,696.61,7.53,696.61,1560.6489871243077,1590.7933006695787,1628.0665664779153,1612.1878234713647
2025-07-07,16.52,2380.54,16.52,2380.54,1568.8071066554091,1666.0072720343808,1657.5753285768205,1627.4027180560902
2025-07-08,15.77,1573.81,15.77,1573.78,1568.856588181226,1657.2237223168206,1654.2892372600825,1626.3408820549794
2025-07-09,18.93,1786.93,18.93,1786.93,1571.0264728759403,1669.5767011437902,1659.4908357989027,1629.520864588544
2025-07-10,25,1450.36,24.17,1450.36,1569.8258114542891,1648.698920082477,1651.2896265518868,1625.9731246957017
2025-07-11,31.61,2274.69,31.61,2274.69,1576.8393854696694,1708.3171181698601,1675.7367000204404,1638.8190034145987
2025-07-14,3.06,1450.75,3.06,1450.75,1575.5847647187275,1683.7869164393971,1666.9136921765016,1635.0948647331215
2025-07-15,15.83,2522.61,15.83,2522.61,1585.0079013881927,1763.6748291594545,1700.4704101303644,1652.6694218671191
2025-07-16,0.54,1035.74,0.54,978.62,1578.9741909266188,1688.9077025728398,1672.1625509095659,1639.3219085628198
2025-07-17,26.2,1183.98,21,1183.98,1575.0439004696375,1640.819349946855,1653.0181371484064,1630.3052371061303
2025-07-18,13.58,2115.48,13.58,2115.48,1580.4213740968053,1686.0251261423925,1671.1538964759197,1639.9126581535336
2025-07-21,7.19,2102.2,7.19,2102.2,1585.6132012202202,1725.6608284145457,1688.05766524157,1649.0668629425725
2025-07-22,38.99,979.22,38.99,979.22,1579.579438023999,1654.5712257083985,1660.2601097419006,1635.802568626878
2025-07-23,17.08,1011.44,13.38,1011.44,1573.9263092874419,1593.320632783789,1634.8161838696692,1623.4389534065438
2025-07-24,31.74,2631.28,31.74,2631.28,1584.447241533338,1692.1739058519997,1673.8931962669371,1643.396201853939
2025-07-25,0.57,1300.1,0.57,1300.1,1581.6179157469367,1654.833533866095,1659.2346395505867,1636.5982572627718
2025-07-28,11.67,2305.16,10.88,2305.16,1588.8173394708476,1716.7693877836098,1684.5650458427206,1649.837103653608
2025-07-29,65.25,2226,64.77,2226,1595.157465446262,1765.2675413280278,1705.797789143006,1661.246269917893
2025-07-30,7.96,2749.69,7.96,2749.69,1606.6453513622196,1859.022061201549,1746.7347385883784,1682.7996111076377
2025-07-31,21.01,2666.88,21.01,2662.73,1617.1536563237896,1935.565674420449,1782.6561213888342,1702.204173263922
2025-08-01,19.05,2372.26,19.05,2372.26,1624.667152280767,1977.1556101899303,1805.7778421186838,1715.4726054765176
2025-08-04,8.46,683.85,8.46,683.85,1615.305787581456,1853.9836473146988,1761.7806718395198,1695.044435071042
2025-08-05,9.76,1834.47,9.76,1834.47,1617.4865260134811,1852.125204713299,1764.631233728166,1697.8053373468629
2025-08-06,31.12,2121.26,31.12,2121.26,1622.4991973964316,1877.757089978699,1778.6166755427478,1706.1905781914795
2025-08-07,17.81,1823.14,17.81,1823.14,1624.4956232929844,1872.5554623616802,1780.3626882665617,1708.5064083263017
2025-08-08,23.76,1633.11,22.14,1633.11,1624.581338484099,1849.7511326129486,1774.588073040422,1707.0134101416224
2025-08-11,10.89,2043.37,10.89,2043.37,1628.7483898424662,1868.1910247450487,1785.128540764327,1713.6739366734714
2025-08-12,42.57,720.6,41.76,720.6,1619.712087455974,1758.8966414359963,1743.3823234794515,1694.0091062442937
2025-08-13,9.12,894.33,8.45,888.43,1612.43564877482,1675.9950565373301,1709.854781382218,1678.0570447345058
2025-08-14,25.61,2128.96,25.61,2128.96,1617.575194558155,1719.1345749623463,1726.290280151543,1686.9858161259017
2025-08-15,20.59,1587.78,14.74,1587.78,1617.2787249605615,1706.6246154421228,1720.8585044593256,1685.0213445194481
2025-08-18,6.06,1249.94,5.91,1249.94,1613.6236132694116,1663.130842542873,1702.3911121275873,1676.4058723507462
2025-08-19,0.32,1824.38,0.32,1824.38,1615.720691744343,1678.4879051578375,1707.1749900833681,1679.336053096276
2025-08-20,19.14,1377.34,19.14,1377.34,1613.3487445628073,1649.8071522856626,1694.2402845899028,1673.3559332329833
2025-08-21,3.39,1356.89,3.39,1356.89,1610.7969162586996,1621.910280639409,1681.0108616648085,1667.0892810897558
2025-08-22,8.17,322.77,-3.98,277.31,1597.5283897287622,1493.8531110547033,1625.9637690505024,1639.5688992859982
2025-08-25,5.73,1881.09,5.73,1881.09,1600.3498982886751,1530.732814763779,1635.968719283816,1644.3514953397407
2025-08-26,9.04,1495.9,5.22,1495.9,1599.310595818141,1527.4154038338954,1630.4758283315095,1641.4118617686568
2025-08-27,12.18,1051.13,12.18,1051.13,1593.8560625264183,1482.0548891830483,1607.7563840832152,1629.7231120306635
2025-08-28,20.35,1341.25,18.83,1341.19,1591.341972352026,1468.6391854513295,1597.3028003936772,1624.0095850597593
2025-08-29,17.43,1290.92,16.3,1290.63,1588.3498134231502,1451.68592969406,1585.2764160645133,1617.408009117982
2025-09-02,16.46,1708.38,16.46,1708.38,1589.5441436378453,1476.1329840089113,1590.1040075913952,1619.209434680002
2025-09-03,10.71,1719.77,4.48,1719.77,1590.8399233031403,1499.3365093413959,1595.188948470164,1621.2007330031702
2025-09-04,19.11,1127.25,18.91,1127.25,1586.2270882453977,1463.8996989279296,1576.838401471334,1611.419530369444
2025-09-05,12.83,1265.71,12.83,1265.71,1583.037863486737,1445.0244895062222,1564.6372876881444,1604.5737970948014
2025-09-08,5.36,1780.81,5.36,1780.81,1585.0057454420928,1477.004061934201,1573.114648955276,1608.0636228949043
2025-09-09,5.87,1636.22,5.87,1636.22,1585.5153400148083,1492.1674846071342,1575.5893686040886,1608.6211749167874
2025-09-10,47.66,1982.82,47.66,1982.82,1589.4686202136659,1538.896295596931,1591.5591972862812,1616.0310526412075
2025-09-11,2.94,634.78,2.94,634.78,1579.9692309578086,1452.7899817305565,1554.038444451525,1596.6003387275202
2025-09-12,7.73,1993.35,7.73,1993.35,1584.0824724408155,1504.2718882324082,1571.266348590681,1604.4567676636088
2025-09-15,5.97,1207.72,5.97,1125.83,1579.522746346877,1468.2298036388454,1553.7982564890856,1594.979009888092
2025-09-16,6.34,1923.78,6.34,1923.78,1582.9481916568584,1511.615536625622,1568.3073444699057,1601.4899205833772
2025-09-17,20.27,1684.91,19.46,1281.21,1579.945821590621,1489.6721521850866,1557.048625078929,1595.1477439381617
2025-09-18,6.97,1230.61,6.97,1230.61,1576.4698432663363,1464.9995662626973,1544.2471103699513,1587.9291747512675
2025-09-19,2.42,3817.45,2.42,3817.45,1598.7681532835866,1689.0424647138689,1633.3923217279923,1632.0781019839158
2025-09-22,29.04,1732.62,29.04,1732.62,1600.100012454894,1693.1927061696908,1637.2836032288553,1634.0690306575016
2025-09-23,4.68,1742.69,3.8,1742.69,1601.5188183011142,1697.90673415353,1641.417187415959,1636.2199409415114
2025-09-24,5.71,2331.67,5.71,2331.67,1608.7840041886652,1758.2651404246224,1668.4859251643527,1649.9912292396994
2025-09-25,67.99,2299.24,67.99,2299.24,1615.6542131022109,1809.7865556222773,1693.221379079476,1662.8476405418835
2025-09-26,33.58,1144.25,30.81,1119.18,1610.7141711807958,1744.01450270587,1670.7099524489083,1652.081944689569
2025-09-29,4.35,1703.78,4.35,1703.78,1611.6401993282507,1740.1826453053109,1672.0068170587551,1653.1056685571023
2025-09-30,18.97,2049.49,18.96,2049.49,1615.9969137627954,1769.640488609567,1686.8100791348825,1660.9548632391397
2025-10-01,13.29,1637.89,13.29,1637.89,1616.2147554168969,1757.0928230277034,1684.8916446590047,1660.4981332740083
2025-10-02,14.13,1856.88,14.13,1846.48,1618.5059518804103,1765.6058875012554,1691.2284429076713,1664.180942516107
2025-10-03,3.2,1294.73,3.2,1294.73,1615.2843006179187,1720.7605648820881,1675.6794843622724,1656.8650822682634
2025-10-06,13.09,1883.44,13.09,1882.81,1617.946247875452,1736.1938444171274,1683.802249681399,1661.3392390550305
2025-10-07,18.66,2595.01,18.6,2595.01,1627.6682752597758,1817.9858592345438,1719.535886948795,1679.8277689747329
2025-10-08,22.98,1713.58,21.91,1713.58,1628.5231182920168,1808.0424440693491,1719.3023227547246,1680.4961299851343
2025-10-09,6.58,2425.28,6.58,2425.28,1636.4510474632405,1866.8269732056017,1746.9877218623824,1695.2443254309733
2025-10-10,13.45,3254.08,13.45,3254.08,1652.546857936243,1998.9463090907825,1806.0893798285636,1726.112358590756
2025-10-13,2.7,594,2.69,594,1642.0140533796634,1865.1418987011841,1758.5564629725413,1703.6942920840083
2025-10-14,34.44,1049.7,34.44,1049.33,1636.1166996146917,1787.4455273963094,1730.74366050303,1690.7365833298695
2025-10-15,8.23,1668.4,8.23,1668.4,1636.4379264841973,1776.1078581204704,1728.2988110715387,1690.29427474908
2025-10-16,29.02,2878.53,29.02,2878.53,1648.7970515938073,1881.100443061378,1773.4059165197136,1713.8236950510784
2025-10-17,33.31,1676.5,33.31,1676.3,1649.0707127719784,1861.5956389602943,1769.5978413620778,1713.0806515847205
2025-10-20,1.23,768.35,1.23,657.29,1639.202247968277,1746.8998638212186,1725.9779260145453,1692.1739060087855
2025-10-21,15.79,2017.82,15.79,2017.82,1642.9695887845132,1772.701781552531,1737.4227132296612,1698.622343513562
2025-10-22,0.09,2454.46,0.09,2454.46,1651.0441202393938,1837.6311356903852,1765.5418225147725,1713.5894258202243
2025-10-23,5.98,1551.15,5.98,1551.15,1650.0501488937282,1810.3472180055867,1757.1343000632128,1710.3728035267545
2025-10-24,12.82,1243.47,10.09,1243.47,1646.0045752728952,1756.3589115288642,1736.9906020215183,1701.1272034569179
2025-10-27,4.77,1297.47,4.77,1272.3,1642.2861217875927,1710.2580628118294,1718.7674411579294,1692.6355756656917
2025-10-28,8.64,2469.89,8.64,2469.89,1650.5209862474176,1782.6039615916552,1748.223227779187,1708.026752385183
2025-10-29,36.62,2348.75,36.62,2348.75,1657.4685386230651,1836.5226319162596,1771.7732972780425,1720.7143414468626
2025-10-30,42.35,2674.51,37.84,2674.51,1667.588354159154,1916.3309526861397,1807.1747366004722,1739.6013841904892
2025-10-31,11.93,1492.94,11.93,1492.94,1665.8505595904062,1876.0080048112693,1794.851805753395,1734.7170003451329
2025-11-03,17.81,2069.45,17.81,2069.45,1669.8664744203525,1894.4310519721007,1805.6203623905167,1741.3453765759223
2025-11-04,65.24,2900.75,64.33,2900.75,1682.1140716898017,1990.2709517842816,1848.5666226889277,1764.3038839704584
2025-11-05,17.98,1278.22,17.98,1278.22,1678.095225205326,1922.4565754238738,1826.2000884658326,1754.6784605254988
2025-11-06,20.72,2196.16,20.72,2196.16,1683.2500985863676,1948.5235682406478,1840.7083202907017,1763.4206692279643
2025-11-07,33.51,1206.87,33.51,914.11,1675.5969632770505,1850.0079903129672,1804.3711312596938,1746.6026361739453
2025-11-10,3.01,1430.31,3.01,1402.33,1672.8778890155872,1807.3719912355418,1788.6048123867647,1739.7853562497087
2025-11-11,9.74,1113.65,9.74,1113.65,1667.313432408467,1741.3032301654903,1762.1359962147346,1727.386636323972
2025-11-12,16.26,1581.9,16.26,1581.9,1666.4635475088803,1726.1219701497293,1755.0679179318038,1724.505712832408
2025-11-13,27.87,2719.41,27.87,2719.41,1676.9406266381452,1820.7208301354694,1792.8852544834976,1744.2067878258258
2025-11-14,6.03,1958.51,5.32,1958.51,1679.7423119452283,1833.8436082178057,1799.3803425429683,1748.4504157896708
2025-11-17,6.27,2717.56,6.27,2717.56,1690.0688561049772,1918.0070741018242,1835.38738793344,1767.640704585915
2025-11-18,11.18,960.64,11.18,960.64,1682.8108575367685,1826.829257520698,1801.0835687987953,1751.6604926139166
2025-11-19,3.21,2051.89,3.21,2051.89,1686.4832868150095,1848.2636139472982,1810.919115120411,1757.605631374037
2025-11-20,3.86,2900.51,3.86,2900.51,1698.563154607895,1948.477555476127,1853.6481694294146,1780.2374010497988
2025-11-21,0.59,379.44,-64.13,350.29,1685.1475013282145,1796.269216859353,1794.6929470988493,1751.9216109300007
2025-11-24,0.44,1446.98,0.44,1446.85,1682.7763819120134,1762.9911962060812,1781.05204721262,1745.880588931387
2025-11-25,28.13,640,28.13,640,1672.400497514879,1656.039653710264,1736.3049081062427,1723.9819634079931
2025-11-26,0.27,983.19,0.27,983.19,1665.5426816192085,1591.9587343092865,1706.770990141292,1709.3128156177359
2025-11-28,0.02,397.62,0.02,397.62,1652.926535533445,1478.2121881845926,1655.4317356259473,1683.3387004569886
2025-12-01,21.38,1872.99,21.38,1872.99,1655.1162217470426,1515.8100750241551,1663.963432268067,1687.0941717350681
2025-12-02,0.86,1646.13,0.86,1646.13,1655.0268066052809,1528.221496450426,1663.2640819830447,1686.283000017542
2025-12-03,1.61,782.85,1.61,782.85,1646.3484304201536,1457.2337348837189,1628.738039552337,1668.393237640957
2025-12-04,1.52,1075.58,1.52,1075.58,1640.6691425552765,1420.8857601328884,1607.0455674130299,1656.654361648067
2025-12-05,34.58,1796.31,32.27,251.48,1626.846365017413,1309.5137829773753,1553.8861333968325,1628.8291267639468
2025-12-08,11.6,1413.83,11.6,1413.83,1624.7267991963442,1319.4486607890537,1548.3937360087214,1624.5717183131756
2025-12-09,4.22,1190.92,4.22,1190.92,1620.4103136322015,1307.207835952001,1534.3751581260265,1615.9845555743009
2025-12-10,0.23,684.43,0.23,630.21,1610.557574193075,1242.7318515756199,1498.9177009446137,1596.464267345107
2025-12-11,10.57,650.47,10.57,650.47,1601.0044640020992,1186.3259609493705,1465.6452420840405,1577.731707595699
2025-12-12,7.1,1646.54,7.1,1646.54,1601.457553912526,1230.1558694303828,1472.7391541591762,1579.0942480393485
2025-12-15,0.61,1502.54,0.61,1502.54,1600.4732996447397,1256.0972151989179,1473.907814780385,1577.578322335599
2025-12-16,5.3,1558.76,3.33,1558.76,1600.0582419368318,1284.9222423228305,1477.235351455664,1577.2056822893496
2025-12-17,5.16,1655.85,5.16,1655.85,1600.613383808107,1320.2486954349417,1484.2398474770105,1578.7629955113428
2025-12-18,11.86,1046.14,10.12,1046.14,1595.096235710514,1294.1431053935187,1467.0594613014414,1568.216005501217
2025-12-19,2.99,2413.23,2.99,2413.23,1603.2368701810562,1400.722809641755,1504.164188309228,1584.9489558873315
2025-12-22,3.85,711.02,3.85,710.81,1594.3570008260208,1335.0168277711116,1473.052259355925,1567.6392735925328
2025-12-23,3.46,1186.66,3.46,1186.66,1590.3003142506375,1320.8876060786247,1461.821190361575,1560.0951295609975
2025-12-24,5.76,325.43,5.76,325.43,1577.714539979487,1226.0821197854223,1417.2568299552388,1535.646315114245
2025-12-26,1.54,726.32,1.54,726.32,1569.2429525170046,1178.485727424906,1390.1612679962097,1519.6200514486163
2025-12-29,30.04,1095.57,30.04,1095.57,1564.5297888103678,1170.5889914796767,1378.6086692512604,1511.2230207268615
2025-12-30,0.39,941.54,0.39,941.54,1558.3308854391203,1148.7748018149455,1361.4687214374856,1499.94216883128
2025-12-31,19.16,1520.3,19.16,1520.3,1557.9524686685818,1184.1581540230459,1367.6973990281724,1500.3452942009576
2026-01-02,0.91,409.49,0.91,409.49,1546.5249814181482,1110.3802345922795,1330.1206382819696,1478.7441992662852
2026-01-05,14.74,1183.84,14.74,1183.84,1542.9161756328929,1117.376402726348,1324.3841426630688,1472.9045121521015
2026-01-06,27.95,1077.96,27.54,1077.96,1538.2897460246054,1113.622459609553,1314.7204507939289,1465.083828743149
2026-01-07,29.4,2208.73,29.4,2208.73,1544.9607933278432,1217.9184158372148,1349.7796488020101,1479.8094955007105
2026-01-08,37.06,1067.5,37.06,1067.5,1540.2099396628896,1203.5928524241467,1338.7098586529116,1471.6449510353498
2026-01-09,0.92,1293.44,0.92,1293.43,1537.7544178751991,1212.1487712408946,1336.9341779214249,1468.1159421039567
2026-01-12,0.71,1376.77,0.71,1376.77,1536.1525828714657,1227.8269835036665,1338.4963670225454,1466.3071115672446
2026-01-13,1.12,1711.63,1.12,1711.63,1537.8986268229935,1273.9034612652222,1353.1290585118575,1471.164990546111
2026-01-14,3.59,1026.28,3.59,1026.28,1532.8078942177897,1250.320274478058,1340.3114483741376,1462.3553867729208
2026-01-15,15.93,1466.78,15.93,1466.78,1532.1509002454734,1270.9354864325287,1345.2709994182892,1462.4430028764273
2026-01-16,5,1372.63,5,1357.78,1530.415866412185,1279.2063924865736,1345.7615484607093,1460.3704681660029
2026-01-20,29,2272.94,24.57,2272.94,1537.8041662488797,1373.8476884402332,1382.12148773676,1476.4609539448938
2026-01-21,0.27,863.76,0.27,863.74,1531.09706011705,1325.2660038268777,1361.7928019431615,1464.3278657479652
2026-01-22,14.02,1095.94,14,1095.94,1526.7671391208605,1303.4254320338418,1351.367201866959,1457.0330565252332
2026-01-23,4.52,1517.8,4.52,1517.69,1526.6768193286132,1323.8315813639522,1357.889664538843,1458.2341841187929
2026-01-26,12.41,1616.81,12.41,1616.81,1527.5736668974828,1351.7342879007185,1368.0434031843786,1461.3742992847574
2026-01-27,0.39,959.51,0.39,959.51,1521.921292102483,1314.3795938149358,1352.0224854124422,1451.4363923682276
2026-01-28,11.04,1786.38,11.04,1786.38,1524.5527220318115,1359.3320134516086,1369.0561134354837,1458.0689390540053
2026-01-29,4.26,1244.86,4.26,1244.86,1521.769709872291,1348.4299169324079,1364.1856776144843,1453.846979864817
2026-01-30,16.08,1637.94,16.08,1630.73,1522.8538918636116,1375.3156391293214,1374.6383961394065,1457.3496139268998
2026-02-02,22.86,1506.19,20.86,1506.19,1522.688081994322,1387.779863974148,1379.7972825653121,1458.316750284783
2026-02-03,28.03,1471.13,28.03,1447.5,1521.9399418749754,1393.46749597661,1382.4522910921626,1458.1025572098367
2026-02-04,29.6,1275.38,25.22,1275.38,1519.4866091200006,1382.2210677883616,1378.2533777159992,1454.484288750236
2026-02-05,51.15,2161.57,51.15,1983.25,1524.1011702232843,1439.4619184751843,1401.9787354526268,1464.9548968937956
2026-02-06,0.05,700.6,0.05,700.6,1515.9071287285253,1369.094116715643,1374.4736870035042,1449.8191563612452
2026-02-09,53.62,1385.27,53.62,1385.27,1514.6072568008783,1370.6346770284388,1374.8970718268963,1448.5409552451808
2026-02-10,16.53,894.48,-63.66,762.76,1507.1261895690288,1312.741850644778,1350.8916964611358,1434.9611343492368
2026-02-11,16.71,1674.39,16.71,1674.39,1508.79050609073,1347.1845315357516,1363.577904443052,1439.7023000056874
2026-02-12,45.69,2133.57,45.69,2133.57,1515.0072174729119,1422.078385675204,1393.7736728962657,1453.4422544610204
2026-02-13,2.73,1061.3,2.73,1061.3,1510.4927177965644,1387.7185394204225,1380.7354896454317,1445.6770613033764
2026-02-17,16.39,1445.43,16.39,1392.02,1509.3138847836633,1388.1282023327633,1381.178019463258,1444.614545237963
2026-02-18,25,1144.69,24.82,1144.69,1505.685786427607,1364.943611634405,1371.9039794843065,1438.6754453322608
2026-02-19,2.17,1370.57,2.17,1370.57,1504.3413507417602,1365.4794581454141,1371.8516665633533,1437.326822652414
2026-02-20,12.68,1015.82,2.04,1000.7,1499.3299940179616,1330.7385573696604,1357.2966992471434,1428.6807469563266
2026-02-23,44.91,2283.5,44.91,2283.5,1507.1326806446484,1421.4777423820738,1393.618397315883,1445.6078608779835
2026-02-24,6.25,807.35,6.25,807.35,1500.1696688969405,1362.9893859647334,1370.6274797740837,1432.9690913556472
2026-02-25,28.19,1360.08,25.57,1360.08,1498.7757418432395,1362.7123015871398,1370.2138531162764,1431.525743011971
2026-02-26,24,1115.48,24,1115.48,1494.9618538646998,1339.1663681026503,1360.2242902489713,1425.2674114671795
2026-02-27,17.63,1387.81,17.63,1387.81,1493.895666264056,1343.799094950017,1361.3060827882273,1424.5256805470374
2026-03-02,9.25,1151.11,9.25,1127.1,1490.2459581420255,1323.1610859071582,1352.1215305220223,1418.6360631104624
2026-03-03,0.79,1749.37,0.79,1749.37,1492.8243068172292,1363.7524110588574,1367.6999018740999,1425.185249979562
2026-03-04,0.63,836.55,0.63,836.55,1486.2942142120826,1313.5426576246805,1346.8704939574684,1413.5291064156104
2026-03-05,13.52,1849.78,13.52,1849.78,1489.910988200022,1364.6128807080443,1366.592435370901,1422.1677379717369
2026-03-06,1.55,1649.59,1.55,1649.59,1491.499834088579,1391.7535587358495,1377.690379081846,1426.6711491010094
2026-03-09,0.54,959.04,0.54,445.44,1481.0912785255086,1301.6284579038638,1341.1315406864794,1407.240829316831
2026-03-10,3.37,1835,3.37,1835,1484.6127583411753,1352.4257476273053,1360.498931247794,1415.7113079442204
2026-03-11,1.91,1793.91,1.91,1793.91,1487.690342835293,1394.4718669008953,1377.4954437478805,1423.2003909552259
2026-03-12,3.72,2426.33,3.72,2426.33,1497.0300409165338,1492.744070053191,1418.6262106597283,1443.064343609578
2026-03-13,17.34,1840.26,17.34,1840.26,1500.445264390001,1525.8408252862205,1435.160869065229,1450.9296041321604
2026-03-16,8.14,904.14,8.12,904.14,1494.5118786746777,1466.631222878009,1414.3365212587494,1440.1020872186523
2026-03-17,13.2,1146.65,13.2,1146.65,1491.050566449059,1436.156820699151,1403.8390106211514,1434.2911547984809
2026-03-18,7.41,2429.77,7.41,2429.77,1500.3910583251877,1530.7866472992318,1444.0715984399299,1454.003607178709
2026-03-19,38.62,1109.22,36.75,1109.22,1496.4988089886187,1490.6374427945432,1430.9401632069914,1447.1762090167545
2026-03-20,12.49,4756.03,12.09,4756.03,1528.9319551678366,1801.6272101474437,1561.335843081227,1512.6980662639473
2026-03-23,2.89,501.47,2.89,501.47,1518.7084531263656,1677.8027139429253,1519.7724766858848,1492.673748120107
2026-03-24,1.69,1172.68,1.69,1172.68,1515.2653839410286,1629.6957888055038,1506.1610070119286,1486.3372382563423
2026-03-25,3.67,856.5,2.1,856.5,1508.7105044988293,1556.058094633551,1480.6841047761668,1473.8652137364147
2026-03-26,0.27,1983.74,0.27,1983.74,1513.437166145607,1596.789704668451,1500.4117869418073,1483.9617441574758
2026-03-27,7.67,2136.12,7.67,2136.12,1519.6330152386856,1648.154494700027,1525.3415207872267,1496.8757690256446
2026-03-30,9.99,1877.05,9.99,1877.05,1523.1894031467584,1669.9540666333578,1539.1340101681199,1504.4039716191962
2026-03-31,0.62,659.27,0.62,659.27,1514.593190180124,1573.6984412397046,1504.6295391811348,1487.668645448519
2026-04-01,0.62,659.27,0.62,659.27,1506.082511670869,1486.6100182644946,1471.4781847034433,1471.2647118752811
2026-04-02,50.41,1015.93,36.11,1015.93,1501.2053722512585,1441.7833498583523,1453.6135500091907,1462.2481829272558
2026-04-06,12.72,1000.28,12.72,1000.28,1496.221040189057,1399.7354117766045,1435.8357637343204,1453.100298116815
2026-04-07,0.64,1524.74,0.64,1524.74,1496.5048109334446,1411.640610655023,1439.32220437219,1454.518906074898
2026-04-08,2.29,953.77,2.29,953.75,1491.1042655510223,1368.0319810688304,1420.2801571419081,1444.602690113019
2026-04-09,1.43,1466.38,1.43,1466.38,1490.8582529584748,1377.3984590622752,1422.0879941167352,1445.033923972167
2026-04-10,19.33,1695.15,16.37,1695.15,1492.8910066603805,1407.6605105801536,1432.7963080729417,1449.9867175568766
2026-04-13,2.09,581.53,2.09,581.53,1483.8227379373916,1328.9814143344247,1399.413315599493,1432.789554832978
2026-04-14,21.16,1314.28,21.16,1314.28,1482.1357455201041,1327.581279635908,1396.0747542034344,1430.4428309748992
2026-04-15,0.3,1260.4,0.3,1249.81,1479.824046559705,1320.174491099155,1390.3388814895743,1426.865943232822
2026-04-16,3.41,1399.22,3.41,1396.87,1478.998633161101,1327.4788252801877,1390.5950037841008,1426.2719641589047
2026-04-17,1.6,973.14,1.6,973.14,1473.965213925667,1293.7322704915985,1374.2242193219793,1417.2990539775403
2026-04-20,10.7,1222.54,10.7,1222.54,1471.4634705035212,1286.9520542543034,1368.2758185642547,1413.442439047292
2026-04-21,2.53,2049.54,2.53,2049.54,1477.2154757721428,1359.5794776586554,1394.9920609734995,1426.0384303532862
2026-04-22,9.68,1474.94,9.68,1474.94,1477.1928342221713,1370.5661940721168,1398.1272742686565,1427.0067782670826
2026-04-23,5.88,1815.36,5.88,1815.36,1480.5576816428463,1412.9275089223913,1414.4893419443954,1434.6969410736751
2026-04-24,20.8,1304.29,16.48,1304.29,1478.803774362818,1402.5810795012112,1410.1677991230465,1432.1146254088499
2026-04-27,11.43,1323.41,11.43,1323.41,1477.2575676527404,1395.040976691572,1406.7655324907703,1429.9620585690707
2026-04-28,4.94,1578.79,4.94,1578.79,1478.2678406114196,1412.540883673327,1413.5115900401518,1432.909146518198
2026-04-29,1.22,1788.26,1.22,1788.26,1481.3523397098134,1448.3236566568196,1428.2076061170085,1439.945797082194
2026-04-30,25.77,532.69,24.39,532.69,1471.912913444044,1361.120451260932,1393.089268622224,1421.9803357538337
2026-05-01,1.04,1522.9,1.04,1522.9,1472.4202476386306,1376.5280273313194,1398.1798855389995,1423.9787449468272
2026-05-04,32.88,1977.16,32.88,1977.16,1477.4425337317787,1433.7310723473843,1420.884988066882,1434.9328292053058
2026-05-05,27.47,1180.12,27.47,1180.12,1474.4841005603182,1409.5776368857287,1411.443223828965,1429.8870306071808
2026-05-06,9.5,1437.36,9.5,1437.36,1474.1147065248922,1412.223576229945,1412.459567992535,1430.0350101991178
2026-05-07,38.29,2345,38.29,2345,1482.7802318331023,1501.0594261128074,1449.0297810124357,1448.1531288090362
2026-05-08,12.4,1558.46,11.82,1558.46,1483.533264352176,1506.5261474353972,1453.321162149203,1450.337423288065
2026-05-11,19.56,1782.29,17.96,1782.29,1486.505968189468,1532.7893714891688,1466.22190088845,1456.9107416387965
2026-05-12,47.66,1827.54,47.66,1827.54,1489.8993416403189,1560.860859918772,1480.3912381085106,1464.2499348736717
2026-05-13,42.29,2012.39,38.56,2012.39,1495.0982536637982,1603.8636351646032,1501.2539346532749,1475.1041935890446
2026-05-14,10.03,1384.68,10.03,1384.68,1493.9995645726162,1582.989003244165,1496.6824078041268,1473.3136154981723
2026-05-15,80.57,2337.98,80.24,2337.98,1502.3973798505006,1654.8929076971017,1529.6744702431806,1490.435722121971
2026-05-18,20.4,1291.51,17.61,1291.51,1500.2989979614408,1620.285011725949,1520.3346870963892,1486.496598911635
2026-05-19,35.48,2043.53,33.18,2043.53,1505.7042815638144,1660.5940582282396,1540.8521503475113,1497.5269632896222
2026-05-20,22.2,760.39,21.28,760.39,1498.288219060692,1574.8603383969787,1510.245791510354,1482.9301917393327
2026-05-21,47.83,791.67,45.11,698.24,1490.3275402640681,1491.372687121076,1478.402427137399,1467.39177210093
2026-05-22,28.23,1221.59,28.23,1211.72,1487.5553259330825,1464.7390978714498,1467.9442927398538,1462.3289647325948
2026-05-26,24.26,1174.12,24.26,1174.12,1484.4365664710617,1437.0610885503593,1456.421771455938,1456.6218565200681
2026-05-27,41.19,1559.53,41.19,1559.53,1485.1837648146332,1448.724794402706,1460.4652313988422,1458.6596415394727
2026-05-28,38.37,1316.22,38.37,1316.22,1483.5025333239403,1436.105290173877,1454.8085556577112,1455.839054578295
2026-05-29,0.06,1938.41,0.06,1938.41,1488.0289757784285,1483.943833966841,1473.773318180938,1465.3949148836753
2026-06-01,1.24,1547.76,1.24,1540.89,1488.5549561189416,1489.3672783509514,1476.4053449189405,1466.8898670641966
2026-06-02,37.4,1890.14,37.4,1890.14,1492.5508272023353,1527.5361089841942,1492.6302333534918,1475.2710578154006
2026-06-03,0.1,2787.08,0.1,2787.08,1505.4317144938543,1647.4926700333185,1543.3929693004136,1501.2474725121253
2026-06-04,48.12,1201.35,46.09,1201.35,1502.406025792423,1605.0028919349072,1529.9795195239267,1495.308908700004
2026-06-05,26.98,2164.75,26.98,2164.75,1508.996513097971,1658.312140322059,1554.8724795425962,1508.5651679336672
2026-06-08,3.18,1699.46,1.11,1699.46,1510.891672171623,1662.2309841009105,1560.542578384063,1512.3452636181491
2026-06-09,33,1181.64,33,1181.64,1507.6155361301144,1616.4604141865382,1545.6836537415509,1505.7966445366017
2026-06-10,36.17,2087.92,36.17,2087.92,1513.389709899964,1661.3613271211536,1566.9478241830586,1517.3238396942927
2026-06-11,13.67,644.17,13.67,644.17,1504.7407575626507,1564.4859626334246,1530.7604585288211,1500.0336646508413
2026-06-12,44.03,928.32,42.9,908.4,1498.8070186814302,1502.001585239765,1506.354166037495,1488.3181465389434
2026-06-15,2.01,1790.05,2.01,1790.05,1501.7049587940528,1529.4347675978827,1517.4794928595538,1494.2930347262911
2026-06-16,22.93,1803.7,22.92,1803.7,1504.7098845771966,1555.5552659218938,1528.7038264729047,1500.4199053257705
2026-06-17,21.64,2750.78,21.64,2750.78,1517.1085921933438,1669.3861929769516,1576.6283822974967,1525.1795111609038
2026-06-18,0.03,1990.5,0.03,1990.5,1521.8189544600768,1699.9684603124801,1592.858641815242,1534.3937782666285
2026-06-22,1.78,1952.61,1.78,1952.61,1526.1054325251507,1724.0295593303392,1606.9665382146443,1542.6752876078833
2026-06-23,58.56,1794.39,58.56,1794.39,1528.77493070898,1730.7305536798308,1614.3164778925013,1547.6597373582222
2026-06-24,1.3,1850.28,1.3,1850.28,1531.973986124811,1742.1162152341326,1623.5699493476973,1553.6522178065743
2026-06-25,1.07,1479.78,1.07,1479.78,1531.4546429792906,1717.1318137832627,1617.9311278046503,1552.1894016123847
2026-06-26,27.04,1186.62,27.04,1097.9,1527.140666432233,1658.157355327714,1597.5377502436836,1543.193571877486
2026-06-29,17.66,1717.83,17.66,1716.76,1529.0274259702207,1663.7385595822175,1602.2131325870685,1546.630530850209
2026-06-30,44.69,2300.68,44.65,2300.68,1536.7055610351936,1724.3996491458158,1629.6039901326735,1561.5622035066406
2026-07-01,12.12,1969.43,12.12,1969.43,1541.0112768457886,1747.7358730366905,1642.930500323549,1569.638793536212
2026-07-02,23.75,1283.06,21.95,1239.67,1538.0128561806564,1699.3486470331961,1627.1163630559588,1563.1047580206434
2026-07-06,12.83,1518.63,9.31,1518.63,1537.819991940053,1682.137347315749,1622.8619958772938,1562.224069743007
2026-07-07,13.53,1909.02,13.53,1909.02,1541.5135243585598,1703.7452189999633,1634.0838783919098,1569.09131588671
2026-07-08,15.59,1872.56,15.59,1858.38,1544.6664246136986,1718.4723409999667,1642.879804729482,1574.8198046810326
2026-07-09,20.3,1103.84,19.12,1103.84,1540.2800920304778,1659.9359275713985,1621.7409888577376,1565.4934719150715
2026-07-10,12.54,1136.97,12.47,1136.97,1536.2670562888811,1610.1296487550749,1602.7303618437088,1557.0078586098225
2026-07-13,19.64,1779.88,19.07,1779.88,1538.6910656790415,1626.296348873639,1609.677406477289,1561.4211683403212
2026-07-14,6.57,1208.54,6.57,1149.39,1534.8174232344738,1580.8766965999591,1591.6269199487679,1553.2621353038792
2026-07-15,4.2,1696.15,3.45,1696.15,1536.4227225057725,1591.855106447582,1595.7258642645024,1556.0915979711292
2026-07-16,27.5,1741.06,27.5,1741.06,1538.4589143216356,1606.065096309717,1601.4252421364827,1559.7543386053642
2026-07-17,12.88,2262.06,12.88,2262.06,1545.6589251244054,1668.5408014230773,1627.332487542895,1573.661381405258
2026-07-20,2.68,1943.24,2.68,1943.24,1549.6149557201825,1694.7026298589747,1639.7210174431737,1580.9797698922825
2026-07-21,3.6,1301.93,3.6,1301.93,1547.1504287975936,1657.2957127295485,1626.4743108767748,1575.4540318746135
2026-07-22,6.35,1426.34,6.35,1415.63,1545.841767814533,1634.2799305648296,1618.205906528666,1572.2891995602647
2026-07-23,34.89,2403.8,26.62,2403.8,1554.3786656472241,1707.567556225322,1649.0135180373459,1588.754759965012
2026-07-24,9.7,1481.64,9.69,1481.64,1553.6548978298388,1686.0506461086247,1642.4498506633324,1586.6336756092692
2026-07-27,1.88,805.09,1.88,805.09,1546.2064908862583,1602.1496321935176,1609.6122094608488,1571.1575632209667
2026-07-28,20.77,1339.34,20.77,1339.34,1544.1481178426138,1577.1201434131826,1599.0132992859135,1566.5671164245118
2026-07-29,20.24,1751.89,20.24,1751.89,1546.215201247165,1593.7648916595463,1605.0084640197992,1570.2368764953135
2026-07-30,7.18,1254.55,7.18,1254.55,1543.313059941223,1561.4587115014942,1591.2649948425521,1563.9856512181786
2026-07-31,40.15,1709.94,40.15,1709.94,1544.9710394442955,1575.59978659659,1595.9189166134324,1566.8758363425711
2026-08-03,0.03,973.81,0.03,973.81,1539.2878450219641,1518.2864735873911,1571.5224885109449,1555.1319583951936
2026-08-04,21.29,1077.65,21.29,1077.65,1534.6944336287108,1476.3210951504968,1552.1549399418882,1545.6768701101403
2026-08-05,0.07,1932.73,0.07,1932.73,1538.6549865279276,1519.7886098980684,1567.0794521010298,1553.3412885238008
2026-08-06,42.4,2098.42,42.4,2098.42,1544.224787657003,1574.8963613363476,1587.9163363323619,1564.1349263748148
2026-08-07,3.91,870.51,3.91,835.82,1537.1759837997192,1504.5081364471716,1558.4223623585438,1549.7128486248184
2026-08-10,1.52,1513.13,1.52,1513.13,1536.936720279324,1505.3292663093457,1556.6461912856596,1548.9884357807625