time,open,high,low,close,EMA,EMA,EMA,EMA
2007-09-28,1240,1240,1240,1240,,,,
2007-10-01,369,369,369,369,,,,
2007-10-02,825,825,825,825,,,,
2007-10-03,1356,1356,1356,1356,,,,
2007-10-04,786,786,786,786,,,,
2007-10-05,318,318,318,318,,,,
2007-10-08,1349,1349,1349,1349,,,,
2007-10-09,593,593,593,593,,,,
2007-10-10,1087,1087,1087,1087,,,,
2007-10-11,1323,1323,1323,1323,,,,
2007-10-12,731,731,731,731,,,,
2007-10-15,1538,1538,1538,1538,,,,
2007-10-16,1473,1473,1473,1473,,,,
2007-10-17,953,953,953,953,,,,
2007-10-18,999,999,999,999,,,,
2007-10-19,1884,1884,1884,1884,,,,
2007-10-22,753,753,753,753,,,,
2007-10-23,622,622,622,622,,,,
2007-10-24,1221,1221,1221,1221,,,,
2007-10-25,988,988,988,988,,1020.4,,
2007-10-26,449,449,449,449,,965.9809523809523,,
2007-10-29,870,870,870,870,,956.8399092970521,,
2007-10-30,1267,1267,1267,1267,,986.3789655544757,,
2007-10-31,445,445,445,445,,934.819064073097,,
2007-11-01,1831,1831,1831,1831,,1020.1696293994687,,
2007-11-02,974,974,974,974,,1015.7725218376146,,
2007-11-05,1509,1509,1509,1509,,1062.7465673768893,,
2007-11-06,560,560,560,560,,1014.8659419124236,,
2007-11-07,1843,1843,1843,1843,,1093.7358522064785,,
2007-11-08,878,878,878,878,,1073.1895805677664,,
2007-11-09,1452,1452,1452,1452,,1109.2667633708363,,
2007-11-12,1295,1295,1295,1295,,1126.9556430498044,,
2007-11-13,255,255,255,255,,1043.9122484736326,,
2007-11-14,1281,1281,1281,1281,,1066.4920343332867,,
2007-11-15,1528,1528,1528,1528,,1110.4451739205927,,
2007-11-16,1030,1030,1030,1030,,1102.783728785298,,
2007-11-19,1764,1764,1764,1764,,1165.756706996222,,
2007-11-20,970,970,970,970,,1147.11321109182,,
2007-11-21,1552,1552,1552,1552,,1185.6738576545038,,
2007-11-23,273,273,273,273,,1098.7525378778844,,
2007-11-26,1694,1694,1694,1694,,1155.442772365705,,
2007-11-27,606,606,606,606,,1103.1148892832568,,
2007-11-28,181,181,181,181,,1015.2944236372324,,
2007-11-29,1226,1226,1226,1226,,1035.3616213860673,,
2007-11-30,682,682,682,682,,1001.7081336350133,,
2007-12-03,1314,1314,1314,1314,,1031.4502161459643,,
2007-12-04,1370,1370,1370,1370,,1063.6930527034915,,
2007-12-05,420,420,420,420,,1002.3889524460161,,
2007-12-06,349,349,349,349,,940.1614331654431,,
2007-12-07,1005,1005,1005,1005,,946.3365347687343,1025.62,
2007-12-10,687,687,687,687,,921.637817171712,1012.3407843137254,
2007-12-11,1839,1839,1839,1839,,1009.0056441077394,1044.7587927720108,
2007-12-12,824,824,824,824,,991.3860589546214,1036.1015852123242,
2007-12-13,1233,1233,1233,1233,,1014.3969104827527,1043.8230916745858,
2007-12-14,1665,1665,1665,1665,,1076.3591094843953,1068.1829704324452,
2007-12-17,1706,1706,1706,1706,,1136.3249085811194,1093.1954029645062,
2007-12-18,603,603,603,603,,1085.5320601448223,1073.9720538286433,
2007-12-19,1031,1031,1031,1031,,1080.33853060722,1072.286875247128,
2007-12-20,712,712,712,712,,1045.2586705493895,1058.1579781786131,
2007-12-21,342,342,342,342,,978.2816543065906,1030.0733515833733,
2007-12-24,455,455,455,455,,928.4453062773914,1007.5214554428488,
2007-12-26,1035,1035,1035,1035,,938.5933723462113,1008.5990454254822,
2007-12-27,1752,1752,1752,1752,,1016.0606702180006,1037.7520240362476,
2007-12-28,1005,1005,1005,1005,,1015.0072730543815,1036.467630936787,
2007-12-31,1260,1260,1260,1260,,1038.339913715869,1045.2336061941678,
2008-01-02,1456,1456,1456,1456,,1078.117064790548,1061.342092225769,
2008-01-03,1243,1243,1243,1243,,1093.8202014771625,1068.465931746327,
2008-01-04,1795,1795,1795,1795,,1160.599229907909,1096.9574638347062,
2008-01-07,955,955,955,955,,1141.0183508690604,1091.3905044686394,
2008-01-08,1586,1586,1586,1586,,1183.3975555481975,1110.7869552737907,
2008-01-09,773,773,773,773,,1144.3120740674167,1097.5404080081519,
2008-01-10,698,698,698,698,,1101.8061622514722,1081.8721567137145,
2008-01-11,1563,1563,1563,1563,,1145.729384894189,1100.739915273961,
2008-01-14,693,693,693,693,,1102.612300618552,1084.7501146749821,
2008-01-15,1740,1740,1740,1740,,1163.3158910358327,1110.4461886092965,
2008-01-16,1001,1001,1001,1001,,1147.8572347467057,1106.1541812128535,
2008-01-17,1787,1787,1787,1787,,1208.7279742946384,1132.854017243722,
2008-01-18,1238,1238,1238,1238,,1211.5157862665776,1136.977389116517,
2008-01-23,600,600,600,600,,1153.2761875745225,1115.9194522884184,
2008-01-24,853,853,853,853,,1124.678455424568,1105.6088855320097,
2008-01-25,1273,1273,1273,1273,,1138.8043168127044,1112.173242962127,
2008-01-28,389,389,389,389,,1067.394381878161,1083.8135079440044,
2008-01-29,771,771,771,771,,1039.1663455088124,1071.5463115540435,
2008-01-30,1300,1300,1300,1300,,1064.0076459365446,1080.5052797283947,
2008-01-31,445,445,445,445,,1005.0545367997308,1055.5835040527713,
2008-02-01,373,373,373,373,,944.8588666283279,1028.8155235016823,
2008-02-04,1228,1228,1228,1228,,971.8246888542014,1036.6266794427927,
2008-02-05,1816,1816,1816,1816,,1052.2223375347537,1067.1903390724872,
2008-02-06,1352,1352,1352,1352,,1080.7725911028724,1078.35934538337,
2008-02-07,639,639,639,639,,1038.699010997837,1061.1295671330417,
2008-02-08,1234,1234,1234,1234,,1057.2991051885192,1067.9087997944912,
2008-02-11,817,817,817,817,,1034.413476122946,1058.0692390182367,
2008-02-12,717,717,717,717,,1004.1836212540939,1044.6939747430117,
2008-02-13,478,478,478,478,,954.0708954203707,1022.4706816158348,
2008-02-14,1623,1623,1623,1623,,1017.7784291898591,1046.0208509642334,
2008-02-15,1179,1179,1179,1179,,1033.1328645051105,1051.2357195538714,
2008-02-19,930,930,930,930,,1023.3106869331953,1046.4813776105823,
2008-02-20,637,637,637,637,,986.5191929395576,1030.4232843709517,
2008-02-21,1587,1587,1587,1587,,1043.7078412310282,1052.2498222387576,
2008-02-22,717,717,717,717,,1012.592808732835,1039.1027703862574,1049.16
2008-02-25,359,359,359,359,,950.3458745678031,1012.432073508365,1035.4934653465348
2008-02-26,596,596,596,596,,916.5986484184886,996.1014039590173,1026.7906244485837
2008-02-27,1146,1146,1146,1146,,938.4463961881563,1001.9797802743499,1029.151206142671
2008-02-28,1430,1430,1430,1430,,985.2610251226176,1018.7648869302577,1037.088806021034
2008-02-29,1843,1843,1843,1843,,1066.950451301416,1051.0878325408357,1053.047443525568
2008-03-03,1006,1006,1006,1006,,1061.145646415567,1049.3196822451166,1052.1158109805074
2008-03-04,1294,1294,1294,1294,,1083.3222515188463,1058.9149888237396,1056.9055969016854
2008-03-05,825,825,825,825,,1058.7201323265751,1049.7418520071224,1052.3134068640281
2008-03-06,1830,1830,1830,1830,,1132.1753578192822,1080.3402107519412,1067.713141381572
2008-03-07,1300,1300,1300,1300,,1148.1586570745887,1088.954320134218,1072.3128811561944
2008-03-10,1699,1699,1699,1699,,1200.6197373531993,1112.8776801289546,1084.7225270738936
2008-03-11,216,216,216,216,,1106.846429033847,1077.7060063984072,1067.5201007952026
2008-03-12,1337,1337,1337,1337,,1128.7658167449092,1087.874398304352,1072.8563364230204
2008-03-13,652,652,652,652,,1083.3595484834893,1070.7812846453578,1064.5225475829607
2008-03-14,1806,1806,1806,1806,,1152.1824486279188,1099.6133911298537,1079.2052694130011
2008-03-17,1557,1557,1557,1557,,1190.7365011395457,1117.5501208894673,1088.666551206803
2008-03-18,204,204,204,204,,1096.7615962691127,1081.7246259526255,1071.1484016779555
2008-03-19,1654,1654,1654,1654,,1149.831920433959,1104.1667974838952,1082.6900174863129
2008-03-20,544,544,544,544,,1092.1336422973916,1082.19947209237,1072.022888427178
2008-03-24,365,365,365,365,,1022.8828192214495,1054.0740025985515,1058.0224351909962
2008-03-25,679,679,679,679,,990.1320745336924,1039.365218182922,1050.5170404347389
2008-03-26,1302,1302,1302,1302,,1019.8337817209598,1049.6646213914348,1055.4969010201896
2008-03-27,1413,1413,1413,1413,,1057.2781834618208,1063.9130676113787,1062.5761703069186
2008-03-28,1403,1403,1403,1403,,1090.2040707511712,1077.2105943717168,1069.317236241435
2008-03-31,678,678,678,678,,1050.9465402034407,1061.555276945375,1061.5683800782383
2008-04-01,243,243,243,243,,973.9992506602558,1029.4550700063407,1045.3591052252038
2008-04-02,801,801,801,801,,957.5231315497552,1020.4960476531509,1040.5203110623286
2008-04-03,897,897,897,897,,951.7590237831118,1015.653065392243,1037.6783247046587
2008-04-04,963,963,963,963,,952.829592946625,1013.5882392984296,1036.1995459976358
2008-04-07,957,957,957,957,,953.226774570756,1011.3690926592755,1034.6312381560986
2008-04-08,1164,1164,1164,1164,,973.3004150878269,1017.3546184373431,1037.192995816374
2008-04-09,1608,1608,1608,1608,,1033.747994603272,1040.5171824201923,1048.496104810109
2008-04-10,702,702,702,702,,1002.1529474981985,1027.241998795871,1041.6347958039682
2008-04-11,1765,1765,1765,1765,,1074.8050477364652,1056.1736851176015,1055.9588592533946
2008-04-14,1152,1152,1152,1152,,1082.15694795204,1059.931579818872,1057.8606640206542
2008-04-15,713,713,713,713,,1046.999143385179,1046.326419825975,1051.0317399806413
2008-04-16,263,263,263,263,,972.3325583008763,1015.6077366955448,1035.4271510701335
2008-04-17,1119,1119,1119,1119,,986.3008860817451,1019.6623352565038,1037.0820589697348
2008-04-18,441,441,441,441,,934.3674683596741,996.9696946582095,1025.2784538416213
2008-04-21,1187,1187,1187,1187,,958.4277094682766,1004.4218634951425,1028.4808606962426
2008-04-22,1588,1588,1588,1588,,1018.3869752332026,1027.30728061298,1039.5604476131487
2008-04-23,966,966,966,966,,1013.3977394967071,1024.903073530118,1038.1038050861557
2008-04-24,759,759,759,759,,989.1693833541635,1014.475502019133,1032.5769970646477
2008-04-25,695,695,695,695,,961.1532516061479,1001.9470509595592,1025.8923040534664
2008-04-28,893,893,893,893,,954.6624657388958,997.6746175885961,1023.2607732801305
2008-04-29,1289,1289,1289,1289,,986.5041356685248,1009.0991423890433,1028.5229361854745
2008-04-30,1067,1067,1067,1067,,994.1704084619986,1011.3697642561397,1029.2848582412075
2008-05-01,560,560,560,560,,952.8208457513321,993.6689891872714,1019.9920887710846
2008-05-02,970,970,970,970,,954.4569556797766,992.7407935328687,1019.0021464191819
2008-05-05,1129,1129,1129,1129,,971.0801027578931,998.0842918256974,1021.180321737614
2008-05-06,697,697,697,697,,944.97723582857,986.2770646952779,1014.7609094259781
2008-05-07,1619,1619,1619,1619,,1009.1698800353728,1011.0897288248748,1026.7260399323943
2008-05-08,890,890,890,890,,997.8203676510516,1006.341112008213,1024.0185935970994
2008-05-09,1139,1139,1139,1139,,1011.26604692238,1011.5434213412243,1026.29545312983
2008-05-12,440,440,440,440,,956.8597567392962,989.1299538376469,1014.6856421767642
2008-05-13,934,934,934,934,,954.6826370498395,986.9679948636215,1013.0879066881154
2008-05-14,859,859,859,859,,945.5700049498548,981.9496421238716,1010.036661011123
2008-05-15,546,546,546,546,,907.5157187641544,964.8535777268571,1000.8478162386255
2008-05-16,1032,1032,1032,1032,,919.3713645961396,967.4867707571765,1001.4646911645933
2008-05-19,1041,1041,1041,1041,,930.9550441584121,970.3696424921892,1002.2475685672746
2008-05-20,1303,1303,1303,1303,,966.3878970957062,983.4139702375935,1008.2030622590117
2008-05-21,1529,1529,1529,1529,,1019.9700021342104,1004.8095008165114,1018.5158729073481
2008-05-22,814,814,814,814,,1000.3538114547619,997.3267752942953,1014.4660536418561
2008-05-23,1616,1616,1616,1616,,1058.9867817924037,1021.5884703807935,1026.3776169360767
2008-05-27,692,692,692,692,,1024.0356597169366,1008.6634323266447,1019.7562779868475
2008-05-28,826,826,826,826,,1005.1751206962759,1001.5001604706979,1015.9195200069099
2008-05-29,696,696,696,696,,975.7298711061544,989.5197620208666,1009.5844800067731
2008-05-30,921,921,921,921,,970.5175024293778,986.8327125298522,1007.8303318878271
2008-06-02,1466,1466,1466,1466,,1017.706311721818,1005.6235865482894,1016.9029985831177
2008-06-03,1169,1169,1169,1169,,1032.1152344149782,1012.0305047228662,1019.914820393353
2008-06-04,1005,1005,1005,1005,,1029.5328311373612,1011.7547986553028,1019.6194774152668
2008-06-05,277,277,277,277,,957.8630376957078,982.9408849825459,1004.9141412288259
2008-06-06,1797,1797,1797,1797,,1037.78084362945,1014.8647718459754,1020.5990097193442
2008-06-09,1240,1240,1240,1240,,1057.0398109028356,1023.6936043226038,1024.9435837843077
2008-06-10,1210,1210,1210,1210,,1071.6074479597085,1030.9997374864233,1028.6080672737273
2008-06-11,1685,1685,1685,1685,,1130.02578624926,1056.6468066046027,1041.6059273277128
2008-06-12,900,900,900,900,,1108.1185685112353,1050.5037945808929,1038.8018495588472
2008-06-13,380,380,380,380,,1038.7739429387366,1024.2095281267402,1025.756268379464
2008-06-16,768,768,768,768,,1012.9859483731426,1014.1620956511817,1020.6521838570984
2008-06-17,1276,1276,1276,1276,,1038.0349056709385,1024.4302487629002,1025.7085762559677
2008-06-18,1434,1434,1434,1434,,1075.7458670356111,1040.4918076349434,1033.7935549439683
2008-06-19,808,808,808,808,,1050.2462606512672,1031.3744818453376,1029.3223954401274
2008-06-20,1717,1717,1717,1717,,1113.746616779718,1058.261757067089,1042.9397737482436
2008-06-23,1262,1262,1262,1262,,1127.865986610221,1066.251492084066,1047.2776000106546
2008-06-24,1414,1414,1414,1414,,1155.116845028295,1079.888688472926,1054.539429713414
2008-06-25,568,568,568,568,,1099.2009550256003,1059.8146222583016,1044.9049855606731
2008-06-26,1772,1772,1772,1772,,1163.2770545469716,1087.7434606011134,1059.3029066386796
2008-06-27,1233,1233,1233,1233,,1169.9173350663077,1093.439795479501,1062.7424530418741
2008-06-30,1200,1200,1200,1200,,1172.7823507742785,1097.6186270293247,1065.4604242687676
2008-07-01,1088,1088,1088,1088,,1164.7078411767282,1097.2414259693512,1065.9067525010691
2008-07-02,1685,1685,1685,1685,,1214.2594753503731,1120.2907818136903,1078.1660247287707
2008-07-03,1258,1258,1258,1258,,1218.4252396027186,1125.6911433111927,1081.7270935460228
2008-07-04,1048,1048,1048,1048,,1202.1942644024598,1122.6444318087931,1081.0592303074877
2008-07-07,1403,1403,1403,1403,,1221.3186201736542,1133.6387678162914,1087.4342950538742
2008-07-08,516,516,516,516,,1154.1454182523537,1109.417639666633,1076.118764458748
2008-07-09,1531,1531,1531,1531,,1190.0363307997486,1125.9502812483338,1085.1263136773866
2008-07-10,784,784,784,784,,1151.3662040569154,1112.5404662974188,1079.1634163768442
2008-07-11,1172,1172,1172,1172,,1153.3313274800664,1114.872212717128,1081.0017645674018
2008-07-14,1393,1393,1393,1393,,1176.1569153391076,1125.7791847674366,1087.1799474472552
2008-07-15,1352,1352,1352,1352,1056.75,1192.9038757830021,1134.6505892863606,1092.4239088839433
2008-07-16,465,465,465,465,1050.8619402985075,1123.5796971370019,1108.3897818633661,1079.9996730644593
2008-07-17,633,633,633,633,1046.7041100467811,1076.8578212191921,1089.7470453197047,1071.1481943899155
2008-07-18,1085,1085,1085,1085,1047.0851636781565,1077.6332668173643,1089.5608866797163,1071.4224875703133
2008-07-21,799,799,799,799,1044.6166545868316,1051.0967652157105,1078.1663421040412,1066.0279828659507
2008-07-22,567,567,567,567,1039.8642500635794,1004.9923113856429,1058.1206031980003,1056.1462406309813
2008-07-23,855,855,855,855,1038.0248047893149,990.707329348915,1050.1550893470983,1052.1631467571005
2008-07-24,1644,1644,1644,1644,1044.0544087217595,1052.9256789347326,1073.4431250589769,1063.8826884054747
2008-07-25,748,748,748,748,1041.1085937096027,1023.8851380838056,1060.680649566468,1057.6275856647721
2008-07-28,1522,1522,1522,1522,1045.89358282692,1071.3246487424908,1078.77160448543,1066.823079017945
2008-07-29,446,446,446,446,1039.9244924505329,1011.769920290825,1053.9570317605112,1054.529552700758
2008-07-30,640,640,640,640,1035.9451442669454,976.3632612155084,1037.7234226718638,1046.3210467066835
2008-07-31,1353,1353,1353,1353,1039.0999189508564,1012.2334268140314,1050.0872100180652,1052.3938972669473
2008-08-01,1095,1095,1095,1095,1039.6561386627882,1020.1159575936475,1051.8484958997096,1053.237582469582
2008-08-04,1425,1425,1425,1425,1043.4904059397754,1058.6763425847287,1066.4818882173681,1060.5992144998875
2008-08-05,440,440,440,440,1037.4855262786832,999.7547861480879,1041.9139710323732,1048.3101211434541
2008-08-06,850,850,850,850,1035.6199986540196,985.4924255625557,1034.3879329526724,1044.3831880515045
2008-08-07,1613,1613,1613,1613,1041.365073294278,1045.2550516994552,1057.078602248646,1055.6429269019698
2008-08-08,464,464,464,464,1035.6201471918475,989.8974277280785,1033.8206178467383,1043.9272253791585
2008-08-11,652,652,652,652,1031.8030312993913,957.7167203254044,1018.8472602841211,1036.1662902231355
2008-08-12,1322,1322,1322,1322,1034.690563326263,992.4103660086992,1030.7356030180772,1041.8263636840636
2008-08-13,1042,1042,1042,1042,1034.7632940394344,997.1331882935849,1031.1773440761917,1041.8298020269535
2008-08-14,659,659,659,659,1031.0243557902859,964.9300275037197,1016.5821541124195,1034.2490138680039
2008-08-15,990,990,990,990,1030.616153245109,967.3176439319368,1015.5397166962462,1033.3727957716078
2008-08-18,1517,1517,1517,1517,1035.4557935113269,1019.6683445098475,1035.2048258454129,1042.9495720929622
2008-08-19,1489,1489,1489,1489,1039.968671187831,1064.3665974136716,1053.0007150279457,1051.7822538336957
2008-08-20,845,845,845,845,1038.0286844098425,1043.4745405171313,1044.8438242425361,1047.687555737979
2008-08-21,1112,1112,1112,1112,1038.7647174007893,1050.0007747535951,1047.4773997624366,1048.9610694857417
2008-08-22,521,521,521,521,1033.612829665458,999.6197485865861,1026.831227222733,1038.5063948424597
2008-08-25,1766,1766,1766,1766,1040.9002641961501,1072.6083439592921,1055.8182379198809,1052.9122088059753
2008-08-26,739,739,739,739,1037.8962814678302,1040.836120725074,1043.3939932955718,1046.6961254632827
2008-08-27,404,404,404,404,1031.588855781583,980.1850616084002,1018.3197190486867,1033.9694695135147
2008-08-28,391,391,391,391,1025.2148373160946,924.0721985980764,993.7189457526598,1021.2374008102768
2008-08-29,1442,1442,1442,1442,1029.3619533627007,973.39865587445,1011.29859493883,1029.569333467499
2008-09-02,1002,1002,1002,1002,1029.0896951202858,976.1225934102167,1010.9339441569151,1029.023406072103
2008-09-03,1016,1016,1016,1016,1028.9594493976958,979.9204416568627,1011.1326130135067,1028.7655168429524
2008-09-04,1825,1825,1825,1825,1036.8802508962262,1060.4042091181138,1043.048981130624,1044.5325363114086
2008-09-05,969,969,969,969,1036.2048255141742,1051.6990463449602,1040.1450995176583,1043.036842523064
2008-09-08,584,584,584,584,1031.7052750115456,1007.1562800263926,1022.2570563993188,1033.9470040572608
2008-09-09,1827,1827,1827,1827,1039.6186553596895,1085.2366343095932,1053.8156032071886,1049.6510237788991
2008-09-10,697,697,697,697,1036.2095145103392,1048.2617167562987,1039.8228344539655,1042.6678351892178
2008-09-11,891,891,891,891,1034.7646437191916,1033.284410398556,1033.9866448675355,1039.6645117201244
2008-09-12,770,770,770,770,1032.130169652334,1008.2097046463126,1023.6342274217498,1034.3246203989338
2008-09-15,1944,1944,1944,1944,1041.2035012975844,1097.3325899180923,1059.7270028169753,1052.3379942524202
2008-09-16,702,702,702,702,1037.828342080693,1059.68186706875,1045.6984929025841,1045.4006082276198
2008-09-17,1865,1865,1865,1865,1046.058905841084,1136.3788321098216,1077.8279637691494,1061.6302991538055
2008-09-18,355,355,355,355,1039.1826978227648,1061.9618004803149,1049.4817691115356,1047.637619962641
2008-09-19,307,307,307,307,1031.8972978444287,990.0606766250468,1020.3648369895146,1032.9715284782324
2008-09-22,1711,1711,1711,1711,1038.654538661897,1058.7215645655185,1047.4485688722787,1046.397834845
2008-09-23,1491,1491,1491,1491,1043.1554885259577,1099.8909393688025,1064.8427426419933,1055.2018381153962
2008-09-24,1309,1309,1309,1309,1045.8007075455998,1119.8060880003452,1074.4175370481896,1060.227544291329
2008-09-25,521,521,521,521,1040.5788099580814,1062.776936762217,1052.714888536496,1049.5497711370451
2008-09-26,1207,1207,1207,1207,1042.2347421973045,1076.5124665943868,1058.7652850644765,1052.6675974511631
2008-09-29,1942,1942,1942,1942,1051.1876303346448,1158.9398507282547,1093.4019405521442,1070.2781400758927
2008-09-30,349,349,349,349,1044.2006887392752,1081.8027220874685,1064.209707589315,1055.9954046288453
2008-10-01,1262,1262,1262,1262,1046.3678460652525,1098.9643676029477,1071.966189644636,1060.074703547086
2008-10-02,1877,1877,1877,1877,1054.6328426218172,1173.0629992598099,1103.536142991905,1076.2514420907082
2008-10-03,1501,1501,1501,1501,1059.0743068743363,1204.2950945683995,1119.122960913791,1084.6623046235654
2008-10-06,1844,1844,1844,1844,1066.8845127760842,1265.219371276171,1147.5495114661915,1099.6986946310196
2008-10-07,1872,1872,1872,1872,1074.8956121514466,1323.0080025832024,1175.9593345459486,1114.991789786841
2008-10-08,1456,1456,1456,1456,1078.6876956126262,1335.673907099088,1186.9413214264996,1121.7444276128442
2008-10-09,1922,1922,1922,1922,1087.0788628204607,1391.5144873753652,1215.7671519587936,1137.5910726106097
2008-10-10,1115,1115,1115,1115,1087.3566850809536,1365.179774291997,1211.8154989408017,1137.1437246381224
2008-10-13,141,141,141,141,1077.9402006522873,1248.591224359426,1169.8227342764565,1117.4181063284566
2008-10-14,1293,1293,1293,1293,1080.0800991532597,1252.8206315632901,1174.6532152852228,1120.8949755100714
2008-10-15,1975,1975,1975,1975,1088.9847747835754,1321.5996190334529,1206.03936370541,1137.8079462920502
2008-10-16,464,464,464,464,1082.7660208056293,1239.9234648397908,1176.9397808150018,1124.4652146823066
2008-10-17,1122,1122,1122,1122,1083.1564086583096,1228.6926586645725,1174.7852796065704,1124.4163985499838
2008-10-20,328,328,328,328,1075.6424145423066,1142.9124054584227,1141.578013739646,1108.6457767965187
2008-10-21,1669,1669,1669,1669,1081.546470119,1193.0159858909537,1162.2612288871107,1119.7419000282707
2008-10-22,1908,1908,1908,1908,1089.7698883267713,1261.1097015203868,1191.5058865778124,1135.3509713148396
2008-10-23,1302,1302,1302,1302,1091.88163073148,1265.0040156613024,1195.8389890649569,1138.6509520808825
2008-10-24,1735,1735,1735,1735,1098.2808184853957,1309.7655379792736,1216.982558121233,1150.4598441188848
2008-10-27,1745,1745,1745,1745,1104.7158352168842,1351.2164391241047,1237.68912446942,1162.2329165125702
2008-10-28,270,270,270,270,1096.4102050157212,1248.243444921809,1199.740531352972,1144.5649379677668
2008-10-29,806,806,806,806,1093.5205512344703,1206.1250215959224,1184.299726201875,1137.8606817703853
2008-10-30,289,289,289,289,1085.515371620197,1118.7797814439298,1149.1899330174879,1121.0515593590906
2008-10-31,477,477,477,477,1079.460492300593,1057.6578974968888,1122.8295434873903,1108.2980631341582
2008-11-03,990,990,990,990,1078.5703381483481,1051.2142882114708,1117.6205417820024,1105.9555272305115
2008-11-04,462,462,462,462,1072.435309908066,995.0986417151403,1091.9099323003552,1093.2039326318875
2008-11-05,1816,1816,1816,1816,1079.8339635408217,1073.2797234565555,1120.3056212297531,1107.5167260451174
2008-11-06,1796,1796,1796,1796,1086.959993754346,1142.1102259845027,1146.803440005057,1121.1500582026397
2008-11-07,514,514,514,514,1081.2588992891285,1082.2902044621692,1121.9876188283881,1109.1272847728844
2008-11-10,1457,1457,1457,1457,1084.9976167091372,1117.9768516562483,1135.1253592664905,1116.0158533912431
2008-11-11,1642,1642,1642,1642,1090.539928980688,1167.883818165177,1155.0027961580006,1126.431381046862
2008-11-12,1934,1934,1934,1934,1098.9325665032682,1240.8472640542077,1185.5517061125888,1142.4228388479144
2008-11-13,228,228,228,228,1090.2665708166685,1144.3856198585688,1148.000658814056,1124.3154559004308
2008-11-14,1810,1810,1810,1810,1097.4280974752091,1207.777465586324,1173.961417291936,1137.8933676647787
2008-11-17,1495,1495,1495,1495,1101.384036803814,1235.1319926733408,1186.5511656334286,1144.9647861268622
2008-11-18,1111,1111,1111,1111,1101.4797180296468,1223.3098981330227,1183.5883748242745,1144.292216104548
2008-11-19,1944,1944,1944,1944,1109.8630044174115,1291.9470506917824,1213.408438556656,1160.128013805448
2008-11-20,1866,1866,1866,1866,1117.3867556172384,1346.618760149708,1239.0002644956105,1174.1056768984095
2008-11-21,437,437,437,437,1110.6167381484101,1259.988402040212,1207.5492737310767,1159.5095248806192
2008-11-24,194,194,194,194,1101.4961735897195,1158.4656970840012,1167.8022433886815,1140.3905243879337
2008-11-25,735,735,735,735,1097.8494454942995,1118.1356306950488,1150.829606393047,1132.362989251539
2008-11-26,254,254,254,254,1089.4529335988339,1035.8369992002822,1115.6598179070452,1114.9696627317064
2008-11-28,702,702,702,702,1085.5976805281987,1004.0429992764458,1099.4378642636316,1106.7920456479103
2008-12-01,1945,1945,1945,1945,1094.1489473886147,1093.657951726308,1132.5971637042735,1123.3902229618132
2008-12-02,314,314,314,314,1086.3862712951957,1019.4048134666597,1100.495314147243,1107.3626937942524
2008-12-03,589,589,589,589,1081.4371541678804,978.4138788507873,1080.436674376763,1097.0980859963465
2008-12-04,1609,1609,1609,1609,1086.6865357184488,1038.4696999126172,1101.1646479306155,1107.2347575607753
2008-12-05,394,394,394,394,1079.7941323779667,977.0916332542727,1073.4327009529443,1093.1112970150173
2008-12-08,344,344,344,344,1072.4727977274397,916.797191991961,1044.8274969940053,1078.277409945413
2008-12-09,1487,1487,1487,1487,1076.5974465062711,971.10222132606,1062.1675951511031,1086.3709265801572
2008-12-10,499,499,499,499,1070.850208232577,926.1401050092924,1040.0825914196873,1074.7398191231243
2008-12-11,1679,1679,1679,1679,1076.9014499417056,997.8410473893598,1065.1381760698957,1086.7053672593001
2008-12-12,586,586,586,586,1072.016858399997,958.6180904951351,1046.348443674998,1076.7904094917892
2008-12-15,1562,1562,1562,1562,1076.8923125452707,1016.0830342575032,1066.570073334802,1086.3985201949222
2008-12-16,169,169,169,169,1067.8585581915863,935.4084595663124,1031.3712469295156,1068.2322128643298
2008-12-17,978,978,978,978,1066.9644431847048,939.4647967504732,1029.2782568538482,1066.4454363719667
2008-12-18,1388,1388,1388,1388,1070.1588268346081,982.18243515519,1043.345776192913,1072.812853473512
2008-12-19,874,874,874,874,1068.2069977118758,971.8793460927909,1036.7047653618183,1068.8759652859176
2008-12-22,1555,1555,1555,1555,1073.0507091774293,1027.4146464649061,1057.0300686809626,1078.5021837951074
2008-12-23,1406,1406,1406,1406,1076.3636374443206,1063.4703944206294,1070.715164026807,1084.9872890664915
2008-12-24,870,870,870,870,1074.3102679175115,1045.0446425710456,1062.843981123795,1080.730115025571
2008-12-26,508,508,508,508,1068.6753398785313,993.8975337547556,1041.0853936287442,1069.388924629025
2008-12-29,1416,1416,1416,1416,1072.131306645909,1034.097768635255,1055.7879272119308,1076.2525102799354
2008-12-30,300,300,300,300,1064.448408072318,964.1836954318975,1026.1491849683257,1060.881173442709
2008-12-31,307,307,307,307,1056.9116079919963,901.5947720574311,997.9472561460384,1045.9528333745366
2009-01-02,425,425,425,425,1050.6239303005336,856.2047937662472,975.4787362971741,1033.6567376641497
2009-01-05,851,851,851,851,1048.6376225363492,855.7090991218428,970.5972172266967,1030.0397725618893
2009-01-06,523,523,523,523,1043.407397436485,824.0225182530959,953.0443851785909,1019.9993810260103
2009-01-07,1749,1749,1749,1749,1050.42821935254,912.115611752801,984.2583308578619,1034.4350368472774
2009-01-08,717,717,717,717,1047.1105256276392,893.5331725382486,973.7776120006909,1028.1491945334699
2009-01-09,1704,1704,1704,1704,1053.6467393029861,970.7204894393677,1002.4137840790951,1041.5323788001338
2009-01-12,1716,1716,1716,1716,1060.2373190114142,1041.6994904451421,1030.397557252464,1054.888173279339
2009-01-13,820,820,820,820,1057.8468979267236,1020.5852532598905,1022.1466726543281,1050.2369223233125
2009-01-14,1891,1891,1891,1891,1066.136978544368,1103.4818958065675,1056.21935215808,1066.8856961386923
2009-01-15,684,684,684,684,1062.3346205489017,1063.531239063085,1041.6225148185474,1059.3038011656488
2009-01-16,648,648,648,648,1058.2118880061266,1023.9568353427911,1026.1863377668396,1051.1591714395963
2009-01-20,1928,1928,1928,1928,1066.8664960856677,1110.0561843577634,1061.551579423042,1068.5223561635646
2009-01-21,223,223,223,223,1058.4698145325765,1025.5746429903575,1028.6672037593935,1051.7793392098306
2009-01-22,1624,1624,1624,1624,1064.096980557128,1082.567534134133,1052.0135879256918,1063.1104414036954
2009-01-23,847,847,847,847,1061.9368115963607,1060.1325308832631,1043.9738393795863,1058.8310267224342
2009-01-26,696,696,696,696,1058.2956492919193,1025.4532422277143,1030.3278064627398,1051.6462539160493
2009-01-27,606,606,606,606,1053.7951950701092,985.5053143965034,1013.6875003269461,1042.821575620682
2009-01-28,258,258,258,258,1045.876834920158,916.2190939777888,984.0526963925561,1027.2805543212626
2009-01-29,1777,1777,1777,1777,1053.1516922841365,998.198227884666,1015.1486690830441,1042.1264839386633
2009-01-30,1607,1607,1607,1607,1058.6626207191202,1056.1793490385073,1038.3585251974346,1053.3120981180957
2009-02-02,1015,1015,1015,1015,1058.2281667816167,1052.2575062729352,1037.4425046014567,1052.5534427098166
2009-02-03,700,700,700,700,1054.6637074106552,1018.7091723421795,1024.209465205321,1045.5721864185332
2009-02-04,1157,1157,1157,1157,1055.6819789787085,1031.87972735721,1029.4169371580535,1047.778677776582
2009-02-05,583,583,583,583,1050.9786757052884,989.1292771327138,1011.9103906028357,1038.5751396027883
2009-02-06,275,275,275,275,1043.2574948524996,921.1169650248363,983.0119439125284,1023.4548398086737
2009-02-09,1055,1055,1055,1055,1043.3743356997384,933.8677302605662,985.8350049355665,1024.0794964461256
2009-02-10,1869,1869,1869,1869,1051.5895164390445,1022.9279464262265,1020.4689263106424,1040.8105955264004
2009-02-11,841,841,841,841,1049.4940983650242,1005.6014753380144,1013.4309292004211,1036.8539500704321
2009-02-12,975,975,975,975,1048.752863555422,1002.6870491153464,1011.9238339376595,1035.6291193759682
2009-02-13,1232,1232,1232,1232,1050.5762181469104,1024.5263777710277,1020.5542718224572,1039.517651665553
2009-02-17,1896,1896,1896,1896,1058.988395080772,1107.5238656023585,1054.8854768490276,1056.4776981672253
2009-02-18,1361,1361,1361,1361,1061.9934856769833,1131.6644498307053,1066.8899679529873,1062.5078427579733
2009-02-19,1393,1393,1393,1393,1065.2870828344262,1156.5535498468287,1079.6785966607133,1069.0522419112808
2009-02-20,1418,1418,1418,1418,1068.7966640997554,1181.4532117661784,1092.9461026740187,1075.962098507097
2009-02-23,1835,1835,1835,1835,1076.4205778898076,1243.6957630265424,1122.0462555103318,1090.9925520020058
2009-02-24,226,226,226,226,1067.9586815923967,1146.7723570240146,1086.9071866667894,1073.8639866158276
2009-02-25,1518,1518,1518,1518,1072.4367046611292,1182.127370640775,1103.8127871896604,1082.6587591580885
2009-02-26,1280,1280,1280,1280,1074.5020110824114,1191.4485734368918,1110.722089652811,1086.5665065014928
2009-02-27,1319,1319,1319,1319,1076.9348268925366,1203.596328347664,1118.889850842897,1091.1691499371068
2009-03-02,1929,1929,1929,1929,1085.4130873214667,1272.6823923145532,1150.6588763000382,1107.7598598393422
2009-03-03,1314,1314,1314,1314,1087.6875839650343,1276.61740257031,1157.0644105627819,1111.8438230108404
2009-03-04,337,337,337,337,1080.2180557663771,1187.1300308969473,1124.905021913261,1096.5003809710217
2009-03-05,1900,1900,1900,1900,1088.3750900373584,1255.022408906762,1155.3009034068587,1112.41126451615
2009-03-06,1122,1122,1122,1122,1088.7096662558922,1242.3536080584988,1153.9949856261976,1112.6011404663252
2009-03-09,1429,1429,1429,1429,1092.095639725983,1260.1294549100703,1164.7794959937978,1118.8664644174871
2009-03-10,161,161,161,161,1082.8310064948787,1155.4504592043493,1125.4155941901195,1099.8988116567448
2009-03-11,967,967,967,967,1081.6784591665714,1137.5027964229828,1119.2032179473697,1097.2671520199776
2009-03-12,188,188,188,188,1072.7861361897897,1047.073958668413,1082.6854446945317,1079.2618618809681
2009-03-13,821,821,821,821,1070.280801501334,1025.5431054618975,1072.4232703927853,1074.1477656060974
2009-03-16,1066,1066,1066,1066,1070.23820646152,1029.396143036955,1072.1713774362054,1073.9864237129075
2009-03-17,291,291,291,291,1062.484592466878,959.0727008429593,1041.5372057720404,1058.481742055226
2009-03-18,337,337,337,337,1055.2658403030284,899.8276817150585,1013.9082957417643,1044.1949748858156
2009-03-19,1103,1103,1103,1103,1055.7408070661825,919.1774263136243,1017.4020880656167,1045.3594308286706
2009-03-20,1608,1608,1608,1608,1061.2359234137828,984.7795761885172,1040.562790494416,1056.5008282380038
2009-03-23,125,125,125,125,1051.9201430813073,902.895807027706,1004.6583673377722,1038.0552672827957
2009-03-24,1599,1599,1599,1599,1057.3637237471648,969.1914444536388,1027.9658823441341,1049.1630837722453
2009-03-25,560,560,560,560,1052.4148309735613,930.2208306961494,1009.6142791149524,1039.476686073785
2009-03-26,291,291,291,291,1044.8385639987,869.3426563441352,981.4333269927974,1024.6553655574724
2009-03-27,1741,1741,1741,1741,1051.7655434613996,952.3576414542175,1011.2202553460211,1038.840407823661
2009-03-30,1815,1815,1815,1815,1059.3599161632762,1034.5140565538159,1042.7410296461771,1054.2099046984401
2009-03-31,521,521,521,521,1054.0031010770745,985.6079559296429,1022.280597111033,1043.6512927242136
2009-04-01,477,477,477,477,1048.261776688248,937.1691029839626,1000.8970442831494,1032.4304750465064
2009-04-02,215,215,215,215,1039.9706147311508,868.3910931759661,970.0775523504768,1016.2437329663776
2009-04-03,586,586,586,586,1035.4534941865622,841.4967033496837,955.0156875524189,1007.7240550858553
2009-04-06,1468,1468,1468,1468,1039.7574395180393,901.1636839830471,975.1327194131084,1016.83843023267
2009-04-07,1737,1737,1737,1737,1046.6951764382577,980.7671426513283,1005.0098676714179,1031.0990553765776
2009-04-08,408,408,408,408,1040.3400005533,926.2178909702494,981.5977159980289,1018.7604602206058
2009-04-09,204,204,204,204,1032.0182095030184,857.4352346873685,951.1036879196748,1002.6265897211878
2009-04-13,933,933,933,933,1031.032953687068,864.6318790028572,950.3937393738053,1001.2478453702731
2009-04-14,1576,1576,1576,1576,1036.4555113618235,932.3812238597279,974.9273182218914,1012.6290761550202
2009-04-15,529,529,529,529,1031.406202791059,893.9639644445158,957.4399724092682,1003.052262765812
2009-04-16,439,439,439,439,1025.511613708561,850.6340630688476,937.1089930991009,991.8829110278751
2009-04-17,743,743,743,743,1022.70055287564,840.3831999194335,929.4968757226655,986.9545365520756
2009-04-20,1892,1892,1892,1892,1031.3502986181709,940.5371808794874,967.242096282561,1004.876228897579
2009-04-21,326,326,326,326,1024.3318876866467,882.0098303195363,942.095347408735,991.4331352560429
2009-04-22,1020,1020,1020,1020,1024.2887843265805,895.1517512414852,945.1504318240787,991.9988157460223
2009-04-23,938,938,938,938,1023.4301894576594,899.2325368375342,944.8700227329384,990.929532265903
2009-04-24,421,421,421,421,1017.4358592142996,853.6865809482453,924.3261002728232,979.6437989537069
2009-04-27,1487,1487,1487,1487,1022.1081392221175,914.00214466746,946.3917433993792,989.6904564001682
2009-04-28,922,922,922,922,1021.1120383343352,914.763845175321,945.4352044425408,988.3500513229371
2009-04-29,272,272,272,272,1013.6581872066304,853.5482408729094,919.0259807389117,974.1649017917898
2009-04-30,1074,1074,1074,1074,1014.2586032543256,874.5436465040609,925.1033932589544,976.1418344295762
2009-05-01,821,821,821,821,1012.3356320776657,869.4442515989123,921.0209072487993,973.0697188963172
2009-05-04,228,228,228,228,1004.5312974301266,808.3543228752063,893.8436167684542,958.3158630765881
2009-05-05,1226,1226,1226,1226,1006.734966112414,848.1301016489962,906.8693572873384,963.6165390552695
2009-05-06,687,687,687,687,1003.5535236635343,832.7843776824251,898.24702955058,958.1389838264523
2009-05-07,1468,1468,1468,1468,1008.1748816370315,893.2811036174322,920.5902832936945,968.2352415724631
2009-05-08,290,290,290,290,1001.028862914275,835.825760415772,895.8612525762946,954.8048407492461
2009-05-11,1618,1618,1618,1618,1007.1678792036852,910.3185451380795,924.1804191419302,967.9374181601521
2009-05-12,1252,1252,1252,1252,1009.6040197091212,942.85963607731,937.0360889795015,973.5624197807432
2009-05-13,1881,1881,1881,1881,1018.2746264781847,1032.2063374032805,974.0542815685407,991.5314807751839
2009-05-14,499,499,499,499,1013.1077147719341,981.4247814601109,955.4247018991862,981.7783821459724
2009-05-15,1392,1392,1392,1392,1016.8777872617655,1020.5271832258146,972.5453018247083,989.9015824995175
2009-05-18,187,187,187,187,1008.6202968412505,941.1436419662132,941.7396037139355,974.0025412619033
2009-05-19,912,912,912,912,1007.6589008527803,938.36805701705,940.5733447447616,972.7747681676082
2009-05-20,1120,1120,1120,1120,1008.7767227348422,955.6663373011404,947.6096841665357,975.6901192930021
2009-05-21,1577,1577,1577,1577,1014.4306856927045,1014.840971843889,972.2916573364754,987.5972456436357
2009-05-22,1098,1098,1098,1098,1015.2622211584487,1022.7608792873281,977.2213962644568,989.7834387992073
2009-05-26,215,215,215,215,1007.2994129877179,945.831271736154,947.330361116831,974.4411924863517
2009-05-27,1561,1561,1561,1561,1012.8088715649545,1004.4187696660441,971.3958371514651,986.056218377711
2009-05-28,637,637,637,637,1009.0694798080893,969.4265058883257,958.2822749102312,979.1442140534
2009-05-29,459,459,459,459,1003.5961516507949,920.8144577084852,938.702577854928,968.8443286266
2009-06-01,266,266,266,266,996.2568864602398,858.4511760219627,912.3220846057152,954.9266191488456
2009-06-02,869,869,869,869,994.9906487840185,859.4558259246329,910.6231793270597,953.2251019379773
2009-06-03,1541,1541,1541,1541,1000.4235776518392,924.3647948841917,935.3438389612926,964.8642088302946
2009-06-04,455,455,455,455,994.9964773766965,879.6633858476021,916.5068256686928,954.767887863358
2009-06-05,1107,1107,1107,1107,996.1109402883711,901.3144919573542,923.9771462307049,957.7823851333906
2009-06-08,1361,1361,1361,1361,999.7416772009246,945.0940641518919,941.1152973589126,965.766892358472
2009-06-09,849,849,849,849,998.2417600148458,935.9422485183784,937.5029327566023,963.4546766682053
2009-06-10,1171,1171,1171,1171,999.9607474773846,958.3287010404376,946.6596804916375,967.5644850510131
2009-06-11,808,808,808,808,998.050690288555,944.0116818937292,941.2220459625537,964.4047922777257
2009-06-12,1092,1092,1092,1092,998.9855092906589,958.1058074276598,947.1349069051986,966.9314300544045
2009-06-15,1838,1838,1838,1838,1007.3339121832892,1041.9052543393113,982.0707929089162,984.1803126275846
2009-06-16,1573,1573,1573,1573,1012.9624304700226,1092.485706306996,1005.244487304645,995.8401084171373
2009-06-17,1089,1089,1089,1089,1013.7190232016642,1092.1537342777583,1008.5290172142667,997.6848587455108
2009-06-18,841,841,841,841,1012.0004259558765,1068.2343310132098,1001.9592518333151,994.5821882753027
2009-06-19,796,796,796,796,1009.8511679861663,1042.3072518690947,993.882418428087,990.6498677153957
2009-06-22,1867,1867,1867,1867,1018.3800120858064,1120.8494183577523,1028.1223235877699,1008.0033356814274
2009-06-23,1087,1087,1087,1087,1019.0627980352014,1117.6256642284425,1030.431252074524,1009.5676260639734
2009-06-24,567,567,567,567,1014.5646607413188,1065.1851247781146,1012.2574774833663,1000.8039106963699
2009-06-25,226,226,226,226,1006.7182462065794,985.2627319421038,981.4238509153912,985.4612589994122
2009-06-26,825,825,825,825,1004.91010445328,969.9996146142844,975.2895822520426,982.2838083261565
2009-06-29,818,818,818,818,1003.050302418919,955.5234608414954,969.1213633401977,979.0306636068267
2009-06-30,1271,1271,1271,1271,1005.7164685640045,985.5688455232578,980.9597412484253,984.8122346245133
2009-07-01,501,501,501,501,1000.6944141504323,939.4194316638999,962.1377906112322,975.231794334919
2009-07-02,1824,1824,1824,1824,1008.88650953202,1023.6652000768618,995.936308626478,992.0390855362077
2009-07-06,1179,1179,1179,1179,1010.5791810789651,1038.4589905457321,1003.1152769156357,995.7412818622234
2009-07-07,1723,1723,1723,1723,1017.6679454463386,1103.6533723985197,1031.3460503699246,1010.142444597625
2009-07-08,1366,1366,1366,1366,1021.1339360389123,1128.6387655034225,1044.4697346691432,1017.1891288630185
2009-07-09,874,874,874,874,1019.6699167748436,1104.3874545030965,1037.7846470350592,1014.3537005687012
2009-07-10,1071,1071,1071,1071,1020.1806638716114,1101.207696931373,1039.0872098964294,1015.4754094683309
2009-07-13,269,269,269,269,1012.7062294052272,1021.949821033147,1008.8877114691185,1000.6937181917303
2009-07-14,591,591,591,591,1008.510147520598,980.906980934752,992.4999580781727,992.5809712968446
2009-07-15,136,136,136,136,999.8284545104428,900.4396494171566,958.9117244280483,975.6189718652239
2009-07-16,533,533,533,533,995.1833952615827,865.4453970917132,942.2093038622425,966.8542397490809
2009-07-17,1107,1107,1107,1107,996.2959982938058,888.4505973686929,948.6716841029388,969.629403318406
2009-07-20,362,362,362,362,989.9845953257083,838.3124452383412,925.6649513930196,957.5971379061604
2009-07-21,1021,1021,1021,1021,990.2932063174923,855.7112599775468,929.403580750156,958.8526401258404
2009-07-22,855,855,855,855,988.9470052596067,855.6435209320662,926.4857932697578,956.7961522025564
2009-07-23,274,274,274,274,981.8331047097599,800.248899890917,900.8981151023163,943.2754363173573
2009-07-24,690,690,690,690,978.9292927225981,789.7490046632106,892.6276007845784,938.2600811427561
2009-07-27,778,778,778,778,976.9299962775972,788.6300518381429,888.1324007538105,935.0866141894343
2009-07-28,1126,1126,1126,1126,978.4132798967256,820.7605230916531,897.4605419007199,938.867077274792
2009-07-29,1416,1416,1416,1416,982.7673766141711,877.4499970829243,917.7954226104956,948.3152539624199
2009-07-30,370,370,370,370,976.6701887871644,829.1214259321696,896.3132491747899,936.8634667552433
2009-07-31,844,844,844,844,975.3500874061976,830.5384329862487,894.2617492071511,935.0245862254365
2009-08-03,328,328,328,328,968.9087930041459,782.6776298447012,872.0554061009883,923.0042973892891
2009-08-04,817,817,817,817,967.3972627254976,785.9464270023487,869.8963705676163,920.9052023914815
2009-08-05,1226,1226,1226,1226,969.970424290418,827.8562910973632,883.8612187806509,926.9466835322442
2009-08-06,1385,1385,1385,1385,974.1000718099164,880.917596707138,903.5137200049392,936.0170462345759
2009-08-07,397,397,397,397,968.3577825381759,834.8302065445534,883.6504368674906,925.3434413586438
2009-08-10,1171,1171,1171,1171,970.3741230104329,866.846377349834,894.9190471864125,930.2079276683736
2009-08-11,1597,1597,1597,1597,976.6092063635629,936.3848176022308,922.4516335712591,943.411731080881
2009-08-12,463,463,463,463,971.4986669967612,891.3005492591612,904.4339224508176,933.898627495121
2009-08-13,724,724,724,724,969.0359936933108,875.3671636154317,897.3580823547071,929.7422190298711
2009-08-14,1609,1609,1609,1609,975.4037947510889,945.2369575568191,925.2656085368754,943.1928681579924
2009-08-17,1860,1860,1860,1860,984.2057470421228,1032.3572473133124,961.9218591824882,961.3474648281311
2009-08-18,381,381,381,381,978.2036998078728,970.3232237596636,939.1406098027828,949.8554358216335
2009-08-19,663,663,663,663,975.0673445859039,941.0543453063623,928.3115662811051,944.1751301617992
2009-08-20,455,455,455,455,969.8925451372879,894.7634552771849,909.7503283877285,934.4884939209715
2009-08-21,219,219,219,219,962.4209775239816,830.405030965072,882.6620802156607,920.3204049324373
2009-08-24,1084,1084,1084,1084,963.6307190411559,854.5569327779223,890.5576849130857,923.561585032785
2009-08-25,837,837,837,837,962.3707118865175,852.8848439419297,888.4573835439451,921.8474942400567
2009-08-26,1070,1070,1070,1070,963.4416500767014,873.5624778522222,895.5767018363393,924.7812072254021
2009-08-27,920,920,920,920,963.0093948520577,877.9850990091534,896.5344782349142,924.6865298546021
2009-08-28,1142,1142,1142,1142,964.7903958983059,903.129375293996,906.1605771276627,928.9897668871843
2009-08-31,1614,1614,1614,1614,971.2501929540441,970.8313395517106,933.9189858677544,942.5543259587251
2009-09-01,1817,1817,1817,1817,979.6656139196755,1051.4188310229763,968.5496138729404,959.8700818803345
2009-09-02,1264,1264,1264,1264,982.4948117911215,1071.6646566398356,980.1359035249819,965.8924564965655
2009-09-03,416,416,416,416,976.8580474946924,1009.220403626518,958.0129269161591,955.0034969619801
2009-09-04,322,322,322,322,970.3420470221084,943.7708413763734,933.0712435076823,942.4687742498617
2009-09-08,546,546,546,546,966.1197380965153,905.887904102433,917.8919790564006,934.6179074330328
2009-09-09,524,524,524,524,961.7205367224207,869.517627521249,902.445234779679,926.4868597610915
2009-09-10,427,427,427,427,956.3999343669736,827.3730915668443,883.8003236118485,916.5960308549313
2009-09-11,1045,1045,1045,1045,957.2815270598396,848.0994637985734,890.1218795486387,919.1386837092891
2009-09-14,627,627,627,627,953.9951437060104,827.0423720082331,879.8033744682999,913.3537592794022
2009-09-15,650,650,650,650,950.9703164054531,810.1811937217346,870.7914774303274,908.1388333530774
2009-09-16,306,306,306,306,944.5527013168416,762.1639371768075,848.6427920409028,896.215292098561
2009-09-17,1265,1265,1265,1265,947.7412316519975,810.0530860171116,864.9705256863576,903.5179595817579
2009-09-18,904,904,904,904,947.3059955161567,819.000411158339,866.5010933065005,903.5275049365745
2009-09-21,1383,1383,1383,1383,951.6412592423641,872.7146577146877,886.75595239252,913.0220097893156
2009-09-22,610,610,610,610,948.2418437275147,847.6942141228127,875.9027777888919,907.0215739519034
2009-09-23,1550,1550,1550,1550,954.2294870735096,914.5804794444496,902.3379629736412,919.7538200122617
2009-09-24,1722,1722,1722,1722,961.868994664818,991.4775766402163,934.4815722687925,935.639882982316
2009-09-25,1261,1261,1261,1261,964.845422578601,1017.1463788649576,947.2862164935458,942.0826575767255
2009-09-28,258,258,258,258,957.8121347917493,944.8467237349616,920.255384474191,928.5364663375824
2009-09-29,1035,1035,1035,1035,958.5801732515329,953.4327500459177,924.7551733183404,930.6446551229768
2009-09-30,1318,1318,1318,1318,962.1564899355972,988.153440517735,940.1765390705624,938.3150579918288
2009-10-01,1884,1884,1884,1884,971.329062175044,1073.4721604684269,977.1892238128933,957.04149248704
2009-10-02,1412,1412,1412,1412,975.7138476260386,1105.7129070904814,994.240626800623,966.0505718437323
2009-10-05,287,287,287,287,968.8609735203069,1027.7402492723404,966.505700259422,952.6040258666287
2009-10-06,349,349,349,349,962.6932026395078,963.0983207702127,942.2897904453271,940.6514708989727
2009-10-07,978,978,978,978,962.8455090809058,964.5175283159067,943.6901908200201,941.3910457326564
2009-10-08,465,465,465,465,957.8918224233844,916.9444303810584,924.9180264741369,931.9575596785444
2009-10-09,665,665,665,665,954.9774759316094,892.9497227257195,914.7251626908375,926.6712713680781
2009-10-12,855,855,855,855,953.982675176071,889.3354634185082,912.3829994480595,925.2520382716806
2009-10-13,1189,1189,1189,1189,956.3211560200901,917.874943092936,923.2307249599004,930.4747701870929
2009-10-14,332,332,332,332,950.1090052139201,862.0773294650373,900.0452063340219,918.6237846388336
2009-10-15,957,957,957,957,950.1775723262194,871.1175838017004,902.2787276542564,919.3837096954904
2009-10-16,1469,1469,1469,1469,955.339984541879,928.0587662967766,924.5030912756581,930.2672005926095
2009-10-19,429,429,429,429,950.1027707653428,880.5293599827979,905.0715975001422,920.3411174125578
2009-10-20,1542,1542,1542,1542,955.9922954343444,943.52656379396,930.0491819119013,932.6511942954775
2009-10-21,1425,1425,1425,1425,960.659038763356,989.3811767659638,949.4590179153562,942.4006755965571
2009-10-22,542,542,542,542,956.4932771836211,946.7734456453958,933.4802328990677,934.4719493471204
2009-10-23,1740,1740,1740,1740,964.2893639778139,1022.3188317744057,965.1084590598886,950.4229998550982
2009-10-26,1633,1633,1633,1633,970.943201152164,1080.478943033986,991.3002841947949,963.9393760955912
2009-10-27,1361,1361,1361,1361,974.8243633297544,1107.1952341736064,1005.7983122655872,971.8019627075597
2009-10-28,1869,1869,1869,1869,983.7216333463738,1179.7480690142154,1039.6493588434073,989.5682604757269
2009-10-29,278,278,278,278,976.6995275419323,1093.867300536671,1009.7807565358227,975.4777998722471
2009-10-30,1834,1834,1834,1834,985.2298805017141,1164.356129056988,1042.1030798089278,992.4782394787374
2009-11-02,895,895,895,895,984.3320707454782,1138.7031643848939,1036.3343315811267,990.5479773108416
2009-11-03,619,619,619,619,980.6969257629361,1089.207624919666,1019.968279362259,983.190591621518
2009-11-04,1117,1117,1117,1117,982.0531752578322,1091.8545177844596,1023.7734448774645,985.8402828765375
2009-11-05,243,243,243,243,974.6994123199433,1011.0112303764158,993.1548784116816,971.1305743047249
2009-11-06,1099,1099,1099,1099,975.9362340879042,1019.3911131977095,997.3056674935764,973.6626421402749
2009-11-09,243,243,243,243,968.6433362362832,945.4491024169753,967.7250530820636,959.1940749691803
2009-11-10,1251,1251,1251,1251,971.4528552787082,974.5491879010729,978.8338745298258,964.9724101183054
2009-11-11,719,719,719,719,968.9408865694672,950.2111700057326,968.6443108227738,960.1016693238836
2009-11-12,1746,1746,1746,1746,976.672818046388,1026.000582386139,999.1288476532533,975.6640125055889
2009-11-13,456,456,456,456,971.4919939862249,971.7148126350781,977.8296771570473,965.3736360203296
2009-11-16,220,220,220,220,964.014461707755,900.1229257174516,948.1108662881435,950.6137620397291
2009-11-17,1146,1146,1146,1146,965.8252630837973,923.5397899348371,955.8712244729222,954.482796454784
2009-11-18,1214,1214,1214,1214,968.2946634511227,951.2026670839002,965.9939215524155,959.6217509804318
2009-11-19,1780,1780,1780,1780,976.3713334665345,1030.135746409243,997.91572855036,975.8668648224034
2009-11-20,1221,1221,1221,1221,978.8054495514446,1048.3132943702674,1006.6641313523066,980.7209863110687
2009-11-23,376,376,376,376,972.8073853768033,984.2834568111944,981.9322046326083,968.74631331481
2009-11-24,1177,1177,1177,1177,974.8391526864868,1002.6374133053663,989.5819220979962,972.8701486947148
2009-11-25,742,742,742,742,972.5223451970691,977.814802514379,979.8728271137611,968.2984625819481
2009-11-27,1887,1887,1887,1887,981.6216253443619,1064.403868941581,1015.4464417367509,986.4905722337908
2009-11-30,873,873,873,873,980.5408131518807,1046.174929042383,1009.8603067666822,984.2432341697553
2009-12-01,366,366,366,366,974.4259791901704,981.3963643716797,984.6108829719104,972.0007938891661
2009-12-02,734,734,734,734,972.0336808897707,957.8348058600911,974.7830052083061,967.2879068814598
2009-12-03,1539,1539,1539,1539,977.6751368013153,1013.1838719686539,996.909161866804,978.6089384283615
2009-12-04,527,527,527,527,973.1908070818992,966.8806460668773,978.4813515975176,969.6661871723544
2009-12-07,1036,1036,1036,1036,973.8157741756116,973.4634416795557,980.7369848682032,970.9797280204266
2009-12-08,1532,1532,1532,1532,979.3698460743618,1026.657399614836,1002.3551423243521,982.0890403368538
2009-12-09,975,975,975,975,979.3263650188956,1021.737647270566,1001.2823916449657,981.9486633004805
2009-12-10,910,910,910,910,978.6365504415932,1011.0959665781311,997.7026900118299,980.5239372945304
2009-12-11,644,644,644,644,975.3068335217763,976.1344459516424,983.8319962858758,973.8600969520644
2009-12-14,394,394,394,394,969.5226859245447,920.693070146724,960.701329764861,962.3777187945977
2009-12-15,1300,1300,1300,1300,972.8110174078826,956.8175396565598,974.0071599701606,969.0633085214374
2009-12-16,696,696,696,696,970.056678926212,931.9777739749827,963.1049184027033,963.6561142932901
2009-12-17,1588,1588,1588,1588,976.2053686881403,994.4560812154606,987.6106078771071,976.0193595548091
2009-12-18,772,772,772,772,974.173474472338,973.2697877663691,979.1552899211421,971.979372236892
2009-12-21,499,499,499,499,969.4453801989813,928.1012365505244,960.3256707085483,962.6134440737852
2009-12-22,694,694,694,694,966.7046301472501,905.8058806885697,949.8815267591934,957.2943659733143
2009-12-23,554,554,554,554,962.5981164144416,872.3005587182297,934.356761003931,949.3083389243377
2009-12-24,515,515,515,515,958.1444038133029,838.2719340783983,917.9113978273062,940.7081737971231
2009-12-28,1042,1042,1042,1042,958.9787878549616,857.6746070233128,922.777617520353,942.7139525338138
2009-12-29,1074,1074,1074,1074,960.1232775280466,878.2770254020448,928.7079070293588,945.3136762460155
2009-12-30,1117,1117,1117,1117,961.6842399407029,901.0125467923262,936.0919106752663,948.7134054292627
2009-12-31,1562,1562,1562,1562,967.6575310855716,963.9637328121047,960.6373259429029,960.8576944306634
2010-01-04,303,303,303,303,961.0440233135758,901.0148058776185,934.8476268863185,947.8308093924325
2010-01-05,948,948,948,948,960.9142320368238,905.4895862702263,935.3634062241099,947.8341597014931
2010-01-06,871,871,871,871,960.0195630613331,902.2048637682999,932.8393510780663,946.3126911925527
2010-01-07,833,833,833,833,958.7556868119666,895.6139243617952,928.9240824083382,944.0688755253735
2010-01-08,808,808,808,808,957.255630226773,887.2697410892432,924.1819615295799,941.3744423466533
2010-01-11,920,920,920,920,956.8849274384469,890.3869086045534,924.0179630382238,940.9511860625611
2010-01-12,1602,1602,1602,1602,963.3039828868206,958.1595839755482,950.6054938994699,954.0412615860747
2010-01-13,468,468,468,468,958.3755850471507,911.4777188350198,931.6797882563535,944.4166821487267
2010-01-14,865,865,865,865,957.4464747481741,907.0512694221608,929.0648945992416,942.8440745814253
2010-01-15,1601,1601,1601,1601,963.8499924123713,973.1416247152883,955.4152908894674,955.8768651837732
2010-01-19,387,387,387,387,958.1101914928453,917.3186128376418,933.1244951683118,944.6119767642925
2010-01-20,1674,1674,1674,1674,965.2334731695333,989.3835068531044,962.1784365342603,959.0553039570789
2010-01-21,1728,1728,1728,1728,972.8231898544136,1059.7279347718563,992.2106547093873,974.2819316014932
2010-01-22,1691,1691,1691,1691,979.96922776631,1119.8490838412033,1019.6141584462741,988.4743685994835
2010-01-25,793,793,793,793,978.1088374402771,1088.7205996658506,1010.727328703283,984.6035890232561
2010-01-26,1445,1445,1445,1445,982.7545206498265,1122.6519711262458,1027.7576295384483,993.7203496366569
2010-01-27,915,915,915,915,982.0803463150024,1102.8755929237461,1023.3357617134111,992.1615308319706
2010-01-28,1618,1618,1618,1618,988.4079050581367,1151.9350602643417,1046.6559279207283,1004.5543718055949
2010-01-29,1476,1476,1476,1476,993.2595676943741,1182.798387858214,1063.4929503552096,1013.8899287995436
2010-02-01,396,396,396,396,987.3166864237834,1107.8652080621937,1037.3167562236326,1001.6544846648991
2010-02-02,519,519,519,519,982.6568188971786,1051.7828072943657,1016.9906089207451,992.0969701170793
2010-02-03,1396,1396,1396,1396,986.7696863708385,1084.5653970758547,1031.853722296402,1000.0950499167411
2010-02-04,1938,1938,1938,1938,996.2346646159048,1165.8448830686305,1067.3888704416413,1018.6674251659146
2010-02-05,990,990,990,990,996.1726281520649,1149.0977513478085,1064.3540127772633,1018.0997533804509
2010-02-08,1472,1472,1472,1472,1000.9072288669697,1179.850346457541,1080.340129923253,1027.0878770758875
2010-02-09,356,356,356,356,994.4902415150596,1101.38840869968,1051.9346346321452,1013.7990082228996
2010-02-10,1146,1146,1146,1146,995.9978013009794,1105.6371316806628,1055.623472489708,1016.4168496442284
2010-02-11,315,315,315,315,989.2217037755966,1030.3383572348855,1026.5794147450138,1002.5274070770159
2010-02-12,839,839,839,839,987.7269604544464,1012.1156565458488,1019.2233592648172,999.2892406002434
2010-02-16,253,253,253,253,980.416244430024,939.818927351006,989.1753843916871,984.5112358358821
2010-02-17,708,708,708,708,977.7056350327103,917.7409342699578,978.148898729268,979.03576581933
2010-02-18,603,603,603,603,973.9772207537779,887.7656071966285,963.4371772104732,971.5895130308284
2010-02-19,792,792,792,792,972.1665021393125,878.645073177902,956.7141506531998,968.0332850500199
2010-02-22,1018,1018,1018,1018,972.6225568443939,891.9169709704827,959.1175172942508,969.0227249500196
2010-02-23,1656,1656,1656,1656,979.422332398181,964.6867832590082,986.4462421062409,982.6262353470489
2010-02-24,548,548,548,548,975.1295728718309,925.0023277105312,969.2522718275648,974.0197752411667
2010-02-25,1028,1028,1028,1028,975.6556467736037,934.8116298333377,971.5561043049152,975.0886905829258
2010-02-26,964,964,964,964,975.5396701887918,937.5914746111151,971.2597864890362,974.8691125515808
2010-03-01,350,350,350,350,969.3153948635302,881.630381791009,946.8966576071132,962.4954667584801
2010-03-02,608,608,608,608,965.7202168051866,855.5703454299605,933.6065926029127,955.475754545441
2010-03-03,876,876,876,876,964.8274783295132,857.5160268175833,931.3475105400533,953.9019772277095
2010-03-04,845,845,845,845,963.6351651123041,856.3240242635278,927.9613336561297,951.7455024311212
2010-03-05,230,230,230,230,956.3353127231269,796.6741171908109,900.5903009637325,937.4535122839702
2010-03-08,891,891,891,891,955.6852101089664,805.6575346012098,900.2142107298606,936.5336407535946
2010-03-09,919,919,919,919,955.3201831427081,816.4520551153803,900.9509083482975,936.1864399465927
2010-03-10,667,667,667,667,952.4513255989996,802.2185260567726,891.7763629228741,930.8560153931949
2010-03-11,810,810,810,810,951.0338994736364,802.9596188132705,888.5694467298202,928.4628269695672
2010-03-12,947,947,947,947,950.9937611704162,816.6777503548637,890.8608409757096,928.8298997028431
2010-03-15,1199,1199,1199,1199,953.4614849398648,853.08939317821,902.9447295648974,934.1798026790244
2010-03-16,489,489,489,489,948.8399776270303,818.4142128755234,886.7116029152936,925.364361041816
2010-03-17,602,602,602,602,945.38883357104,797.8033354588068,875.5464420166546,918.9611063677206
2010-03-18,1276,1276,1276,1276,948.6784969185918,843.3458749389205,891.2505031140407,926.0311834693499
2010-03-19,1473,1473,1473,1473,953.8956263024864,903.312934468547,914.0642088742744,936.8622491432242
2010-03-22,592,592,592,592,950.294674796989,873.6640835667806,901.4342398988126,930.0332937146454
2010-03-23,494,494,494,494,945.754429276621,837.5055994175634,885.4564265694474,921.3989710668307
2010-03-24,1466,1466,1466,1466,950.9310021196396,897.362208996843,908.2228412137829,932.1831498575865
2010-03-25,1264,1264,1264,1264,954.0461165264094,932.2800938542865,922.1748866563796,938.7537805534758
2010-03-26,956,956,956,956,954.0655581530123,934.5391325348306,923.5013616894628,939.0952898494467
2010-03-29,598,598,598,598,950.5226172758679,902.4877865791325,910.736602407523,932.3409276742101
2010-03-30,918,918,918,918,950.1990091437697,903.9651402382627,911.0214415287967,932.0569489083841
2010-03-31,1295,1295,1295,1295,953.62986477418,941.2065554536663,926.0794242139419,939.2439400191092
2010-04-01,431,431,431,431,948.4295676122479,892.6154549342695,906.664544833003,929.1797035830873
2010-04-05,320,320,320,320,942.1765370887429,838.0806497024342,883.6580920944539,917.1167391556994
2010-04-06,836,836,836,836,941.1200541326359,837.8824925879167,881.7891473064361,915.5104670932103
2010-04-07,1343,1343,1343,1343,945.118859564152,885.9889218652579,899.875847412066,923.9756063586913
2010-04-08,990,990,990,990,945.5654380759514,895.8947388304714,903.4101279057105,925.2830200941627
2010-04-09,598,598,598,598,942.1070755080315,867.5238113228074,891.4332601447022,918.8021682111099
2010-04-12,923,923,923,923,941.9169553537228,872.8072578634924,892.6711715115766,918.8852935930681
2010-04-13,968,968,968,968,942.1764881362727,881.8732333050646,895.625243217005,919.8578620367698
2010-04-14,369,369,369,369,936.4732394981008,833.028163466487,874.9732728947696,908.9497855607941
2010-04-15,1003,1003,1003,1003,937.1351973140402,849.2159574220597,879.9939288596806,910.8121660447388
2010-04-16,1738,1738,1738,1738,945.1040013208657,933.8620567151968,913.6412257671442,927.1921231527638
2010-04-19,1151,1151,1151,1151,947.1527177256332,954.5418608375589,922.949412991962,931.6239622982536
2010-04-20,307,307,307,307,940.7830389422936,892.8712074244581,898.7945340511008,919.2551709656149
2010-04-21,855,855,855,855,939.9294763657534,889.264425764986,897.0771013432144,917.9827913425333
2010-04-22,626,626,626,626,936.8057999840047,864.1916233111778,886.4466267807354,912.2009538902059
2010-04-23,516,516,516,516,932.6186775961041,831.0305163291608,871.9193080834517,904.3553904468355
2010-04-26,1108,1108,1108,1108,934.3637653812175,857.4085623930503,881.1773744331202,908.3879569726407
2010-04-27,1861,1861,1861,1861,943.5840264222004,952.9886993079979,919.6017911220175,927.2515617850637
2010-04-28,815,815,815,815,942.3045833732233,939.8469184215219,915.4997600976246,925.0287585813991
2010-04-29,388,388,388,388,936.7891148819474,887.2900690480436,894.813494995757,914.394525738203
2010-04-30,1679,1679,1679,1679,944.1742978184454,962.6910148529919,925.5659069567076,929.5352281988327
2010-05-03,1019,1132,744,749,942.2322650043316,942.3394896288975,918.6417537427191,925.9602731849944
2010-05-04,2803,2803,2664,2686,959.5831877406068,1108.4023953785263,987.9499202626124,960.8125450031133
2010-05-05,2829,2855,2053,2510,975.0102206984118,1241.8878815329524,1047.6381586836865,991.4895243099824
2010-05-06,2381,3039,1723,2998,995.139472233751,1409.1366547202902,1124.1229367745223,1031.2224050167154
2010-05-07,2262,2621,1392,2263,1007.7549998732162,1490.4569733183578,1168.7847823912077,1055.6140405609387
2010-05-10,820,820,177,191,999.6280844515921,1366.699166335657,1130.4402811209643,1038.492970450821
2010-05-11,2704,2704,896,1440,1004.0098945565514,1373.6801981132135,1142.57987793975,1046.4436046993196
2010-05-12,1330,1330,568,571,999.7013383918096,1297.234464959574,1120.1649807656422,1037.0288798537886
2010-05-13,2353,2353,1346,2018,1009.8336633829359,1365.878801630091,1155.3741972062053,1056.4540505497532
2010-05-14,2779,2949,2760,2760,1027.248253797036,1498.652249093892,1218.3006992765502,1090.1876337071837
2010-05-17,1250,2711,1250,1857,1035.5044900776627,1532.780606323045,1243.3477306774698,1105.3720370001108
2010-05-18,801,2455,661,2421,1049.2905150520144,1617.372929530374,1289.5301726116868,1131.4240758713959
2010-05-19,2375,2855,1795,2445,1063.178171618661,1696.194555289386,1334.8427148622088,1157.435480309586
2010-05-20,3042,3056,2939,2979,1082.2410753836496,1818.3665024046825,1399.3194711421222,1193.506064857911
2010-05-21,2964,2964,686,747,1078.90534329028,1716.3315974137604,1373.7383154110587,1184.664360603299
2010-05-24,1817,2195,1193,1957,1087.6426035560482,1739.252397660069,1396.6113226498408,1199.9581356408573
2010-05-25,3086,3086,1991,1991,1096.6312343664358,1763.2283597876815,1419.9206825459255,1215.6223309747018
2010-05-26,819,1351,462,1259,1098.24684397473,1715.2066112364737,1413.6100675441246,1216.481294717777
2010-05-27,687,687,283,283,1090.134935079459,1578.8059815949048,1369.272417836512,1197.9965166045538
2010-05-28,2207,2393,1637,2130,1100.48185114832,1631.3006500144377,1399.1048720390017,1216.4520311272358
2010-06-01,2612,2612,1480,2466,1114.0690964105256,1710.7958262035388,1440.9438966649232,1241.19555526333
2010-06-02,1077,1576,476,476,1107.720150177585,1593.1962237079638,1403.1029595408086,1226.043168030393
2010-06-03,1051,1694,823,1070,1107.3448253001961,1543.3680119262528,1390.0400983823454,1222.953204307019
2010-06-04,2830,2830,2456,2656,1122.7543295260648,1649.3329631713716,1439.6855847202926,1251.330368578167
2010-06-07,1439,2298,1085,2290,1134.3687143069,1710.3488714407647,1473.0312480645948,1271.8980840518668
2010-06-08,1218,2308,1218,1240,1135.4197718759856,1665.5537408273585,1463.8927677483362,1271.266438823117
2010-06-09,949,1635,560,1542,1139.4653462851797,1653.7867178914196,1466.9557964640876,1276.627499440481
2010-06-10,745,745,447,447,1132.575143834581,1538.8546495208082,1426.9575299360843,1260.1992321248279
2010-06-11,2734,2734,991,991,1131.1664359357294,1486.6780162331122,1409.8611562131005,1254.8685542609699
2010-06-14,873,1217,550,1217,1132.0205012498018,1460.9943956394825,1402.2979736165082,1254.1186818993665
2010-06-15,940,952,484,489,1125.6222873070176,1368.4235008166747,1366.4823668080178,1238.9678169112601
2010-06-16,2677,2677,1519,1868,1133.0091302193855,1416.0022150246105,1386.1497249724093,1251.4238997447005
2010-06-17,1242,2334,1242,1585,1137.5065518092424,1432.0972421651238,1393.9477749734913,1258.0293670764886
2010-06-18,1586,1824,1118,1374,1139.8597204479563,1426.5641714827311,1393.1655092882563,1260.3258152531919
2010-06-21,797,1881,686,1828,1146.706887408673,1464.7961551510425,1410.2178422573443,1271.5668882184752
2010-06-22,1435,2482,1111,2476,1159.9336845488854,1561.1012832318956,1452.0132209923504,1295.4170488478123
2010-06-23,1947,2467,1290,1636,1164.6706628120805,1568.2344943526675,1459.228388796572,1302.161265702311
2010-06-24,2398,2536,1923,2409,1177.0520492517612,1648.3073996524136,1496.4743343339615,1324.0788644012753
2010-06-25,1761,1761,743,865,1173.9470537368184,1573.7066949236123,1471.7106349483158,1314.9881938190717
2010-06-28,1692,2168,1112,1705,1179.2311626548599,1586.2108192166015,1480.8592374993623,1322.7111998820603
2010-06-29,2910,2950,2851,2867,1196.0248824294383,1708.1907411959728,1535.2176987738972,1353.2911761220196
2010-06-30,1793,1983,875,1972,1203.7460278779017,1733.315432510642,1552.3464164690383,1365.5428360007916
2010-07-01,1899,2675,1502,1852,1210.1963161577237,1744.6187246524858,1564.097537391821,1375.1756511294889
2010-07-02,1098,2222,1098,1866,1216.721725947199,1756.1788461141539,1575.9368496509653,1384.8949451665287
2010-07-06,669,1747,514,1578,1220.3165346442418,1739.2094321985203,1576.0177575077903,1388.7188076384787
2010-07-07,1053,1053,459,459,1212.741245742309,1617.2847243700899,1532.2131395663084,1370.308534219895
2010-07-08,891,1415,772,772,1208.3557607100472,1536.7814172872243,1502.4008595833159,1358.4608404729663
2010-07-09,1735,1735,689,689,1203.1880416980068,1456.0403299265363,1470.5027866584799,1345.204190166571
2010-07-12,2039,2402,1612,1964,1210.7583099398178,1504.4174413621042,1489.8556185542257,1357.45757253951
2010-07-13,753,753,491,515,1203.8353416817101,1410.1872088514276,1451.62598645406,1340.7752443704107
2010-07-14,2412,2441,1442,1700,1208.7723034560215,1437.7884270560535,1461.3661438480185,1347.8886058680264
2010-07-15,1849,2552,1548,1548,1212.1477034216332,1448.2847673364292,1464.7635499716257,1351.8512077320258
2010-07-16,2574,2661,2469,2470,1224.663646671169,1545.590979971055,1504.1845872276403,1373.992767974956
2010-07-19,977,2145,973,1083,1223.2540581470778,1501.5346961642879,1487.6675445912622,1368.230534945749
2010-07-20,2715,2715,589,589,1216.943072493873,1414.626629862927,1452.4256800974872,1352.8002273230609
2010-07-21,1101,2180,1101,2096,1225.6899075934364,1479.5193317807436,1477.6638887211152,1367.5170545047824
2010-07-22,730,730,408,435,1217.8223463238498,1380.0413001825775,1436.7751087712675,1349.051370257163
2010-07-23,2335,2335,630,630,1211.9733677534632,1308.6087954032844,1405.13686921161,1334.8127292619715
2010-07-26,1675,1675,707,707,1206.9487571290506,1251.3127196505907,1377.758952771939,1322.3807940290612
2010-07-27,1068,1900,1050,1723,1212.0835953665726,1296.2353177791058,1391.2978173691179,1330.3138476126442
2010-07-28,1643,2267,1643,2105,1220.9683357111837,1373.2605256096672,1419.2861382566034,1345.6541674618989
2010-07-29,899,2197,791,1450,1223.2472577439082,1380.569046980175,1420.4906034230112,1347.7204215715642
2010-07-30,2743,2743,1108,1289,1223.9015138857599,1371.8481853630155,1415.3341091711284,1346.5576409463847
2010-08-02,615,615,435,489,1216.5890610112747,1287.7674058046332,1379.0072813604959,1329.5763015217037
2010-08-03,2291,2471,1554,1897,1223.359319110665,1345.7895576327633,1399.320721307143,1340.8124143628581
2010-08-04,1111,1224,821,821,1219.355743796131,1295.8095997629762,1376.6414773343138,1330.51909922696
2010-08-05,2578,2578,1705,1782,1224.9541941066173,1342.1134474045975,1392.5378899878701,1339.4593150838518
2010-08-06,2542,2542,1653,1654,1229.2233066030687,1371.8169286041598,1402.7913060667772,1345.687843498033
2010-08-09,1060,1355,850,876,1225.708646835874,1324.596268737097,1382.1328234759233,1336.3870941218345
2010-08-10,2679,2748,2032,2262,1236.0200035837759,1413.8728145716593,1416.6374186337302,1354.7160625550655
2010-08-11,2951,2951,2738,2739,1250.9750284237382,1540.0754036600727,1468.4947747657409,1382.127625672787
2010-08-12,2753,2753,1672,1794,1256.3782619717606,1564.2586985495896,1481.2596855592412,1390.2835142733259
2010-08-13,1721,1896,1280,1686,1260.6531051362206,1575.8531082115335,1489.2887174980945,1396.1392862679136
2010-08-16,2297,2297,972,1160,1259.6515817020293,1536.2480502866256,1476.3754344589536,1391.463260797262
2010-08-17,799,839,518,663,1253.7147500433025,1453.081569306947,1444.4783585978182,1377.0382457319695
2010-08-18,2280,2357,1025,1306,1254.2350012866527,1439.0738008015235,1439.0478347312371,1375.631547796683
2010-08-19,2265,2630,2088,2492,1266.5510709255916,1539.3524864394735,1480.3400765064828,1397.737853780907
2010-08-20,2402,2569,1779,1782,1271.6799159910086,1562.461773445238,1492.1698774277972,1405.347005191186
2010-08-23,926,1922,735,1921,1278.140812349307,1596.608271212358,1508.9867449796484,1415.55795558344
2010-08-24,2808,2808,2033,2336,1288.6667744154831,1667.0265310968953,1541.4186373333878,1433.7845307204016
2010-08-25,2546,2546,1167,1193,1287.714866212344,1621.8811471829054,1527.7551613595294,1429.0165202110866
2010-08-26,1090,2051,869,1978,1294.5833750062511,1655.7972284035811,1545.4118216983713,1439.8874802069067
2010-08-27,895,2048,460,460,1286.2790628171342,1541.9117780794306,1502.8466522200038,1420.483767727562
2010-08-30,2190,2404,1801,2404,1297.400664182138,1624.0154182623419,1538.1859991917684,1439.959336683452
2010-08-31,2232,2287,937,1350,1297.9240406579374,1597.9187117611664,1530.8061560862088,1438.1779636798192
2010-09-01,658,658,412,455,1289.5367367707938,1489.0693106410554,1488.6176793769457,1418.709093111902
2010-09-02,1906,1906,929,929,1285.949306554169,1435.7293762942882,1466.6718880288302,1409.0118833473098
2010-09-03,756,1019,646,683,1279.9498109665653,1364.0408642662608,1435.9396571257387,1394.6354104097393
2010-09-07,2422,2498,2124,2254,1289.6418526484902,1448.7988771932835,1468.0204548855136,1411.652530995685
2010-09-08,1063,1070,709,956,1286.322033219152,1401.8656507939231,1447.9412213605915,1402.629708599731
2010-09-09,723,1487,700,1196,1285.423306520454,1382.259398337359,1438.0611734640977,1398.5380312017164
2010-09-10,1495,1495,938,1121,1283.7872537192554,1357.3775508766582,1425.6274019557018,1393.0422286036626
2010-09-13,930,939,746,885,1279.8192213439395,1312.389212697929,1404.4263273692036,1382.981986453095
2010-09-14,2300,2300,1330,1726,1284.2588310818107,1351.780716250507,1417.0370596292348,1389.774422364915
2010-09-15,2406,2406,1419,1485,1286.256255648161,1364.4682670837922,1419.702272977108,1391.6600773675898
2010-09-16,2102,2108,1827,1827,1291.636790417831,1408.518908313907,1435.6747328603585,1400.2806698949641
2010-09-17,1142,1993,1142,1310,1291.819508921136,1399.136155141154,1430.746311963874,1398.49293385744
2010-09-20,1477,1691,647,655,1285.4829963945576,1328.2660451277106,1400.3248879652906,1383.7703015038273
2010-09-21,2035,2096,1541,2021,1292.8015735448605,1394.2407074965001,1424.66508843724,1396.3887113750386
2010-09-22,1473,2156,1352,1982,1299.6592693304838,1450.217782973024,1446.5213594789168,1407.984974516127
2010-09-23,2758,2758,1458,2193,1308.5482318247077,1520.9589464994026,1475.7950316562142,1423.5298265059068
2010-09-24,738,738,551,600,1301.4980006622727,1433.2485706423167,1441.4501284540097,1407.2223051889582
2010-09-27,1879,1980,1474,1827,1306.7268762775734,1470.74870677162,1456.569731259735,1415.5347347891768
2010-09-28,1896,2509,1004,1050,1304.1723799962044,1430.677401364799,1440.6258202299414,1408.296423209193
2010-09-29,2238,2238,1305,1448,1305.6035005932572,1432.3271726633895,1440.915003750336,1409.0826326505953
2010-09-30,881,2028,870,1540,1307.9358040699412,1442.5817276478285,1444.8006898777737,1411.6750557664252
2010-10-01,1014,1014,1014,1014,1305.0110697010862,1401.7644202527972,1427.9065451766846,1403.800302186892
2010-10-04,1959,2420,1812,2224,1314.1552381617719,1480.0725707049119,1459.1258963462265,1420.0418803614089
2010-10-05,821,875,564,613,1307.1785691253363,1397.4942306377775,1425.9444886463743,1404.0608530275197
2010-10-06,1613,1926,1492,1651,1310.5996778902584,1421.6376372437035,1434.7701949739676,1408.9507371259847
2010-10-07,1183,2140,1183,1668,1314.155900000803,1445.1007194109698,1443.9164618377336,1414.0804254997277
2010-10-08,1874,1874,785,822,1309.2588263689543,1385.7577937527822,1419.5275809813518,1402.356060638347
2010-10-11,1806,1806,1162,1414,1310.3010271016014,1388.4475276810886,1419.3108130997302,1402.5866336950132
2010-10-12,2588,2605,1276,1396,1311.153753200093,1389.1668107590801,1418.3966635664076,1402.4562053050129
2010-10-13,1131,1262,733,899,1307.0527208299427,1342.4842573534534,1398.0281669559602,1392.4867754969928
2010-10-14,1859,2283,1375,1889,1312.8432410206894,1394.5333757007436,1417.2819643302362,1402.3187205366562
2010-10-15,1068,2238,1068,1894,1318.6258953388915,1442.101625634006,1435.9767892584623,1412.0549834963265
2010-10-18,1891,1891,1067,1067,1316.1221550867633,1406.3776612879103,1421.5071112483265,1405.2222115459042
2010-10-19,2819,2819,2054,2591,1328.8075067774423,1519.1988364033475,1467.3695774738824,1428.702959832124
2010-10-20,1057,1229,747,848,1324.0233524811495,1455.275137698267,1443.080574435691,1417.2038913205968
2010-10-21,1201,2040,783,1600,1326.7693887748694,1469.0584579174797,1449.2342773989972,1420.8236162449414
2010-10-22,1538,1602,1266,1284,1326.343822717408,1451.4338428777198,1442.7545018147227,1418.1142377054375
2010-10-25,772,1284,697,1282,1325.9025906505683,1435.297286413175,1436.4504037043414,1415.4189062657258
2010-10-26,2650,2650,1491,1713,1329.754306166483,1461.7451638976345,1447.2954859120143,1421.311601191157
2010-10-27,2546,2546,2092,2092,1337.3388404334833,1521.7694340026217,1472.578015876249,1434.5925595834112
2010-10-28,983,1912,983,1580,1339.7533793346427,1527.3152021928481,1476.7906427046314,1437.4719148391853
2010-10-29,1932,1932,1247,1315,1339.5070770527059,1507.0947067459101,1470.4459116181754,1435.046728406726
2010-11-01,1091,1912,785,1557,1341.6711857387486,1511.8475918177282,1473.8401895939332,1437.4616446758998
2010-11-02,753,1057,753,830,1336.5799301592585,1446.9097259303255,1448.5915547078966,1425.432701216971
2010-11-03,1368,2136,1368,1369,1336.902517918868,1439.4897520321992,1445.4703172683712,1424.315221984952
2010-11-04,766,766,555,555,1329.1223933624613,1355.2526327910375,1410.5499126696116,1407.1010591733686
2010-11-05,1676,1676,1224,1312,1328.952021289203,1351.1333344299862,1406.6852102119797,1405.2178698828068
2010-11-08,2163,2265,1702,1719,1332.8330957042358,1386.1682549604636,1418.9328490271962,1411.4313774098798
2010-11-09,1590,2419,1418,2317,1342.6258012196165,1474.8188973451813,1454.1511686731885,1429.3634293423574
2010-11-10,1799,2305,1274,1274,1341.9429574263866,1455.6932880742118,1447.0864169605145,1426.2869257910236
2010-11-11,2685,2689,1975,2041,1348.8987488947807,1511.4367844480964,1470.377145707161,1438.4594619139737
2010-11-12,2679,2690,2260,2605,1361.3972688062754,1615.5856621197063,1514.8721596009977,1461.5592745493404
2010-11-15,1115,1709,1057,1709,1364.856002449994,1624.4822657273533,1522.4850160872331,1466.459090894898
2010-11-16,2868,3001,2734,2734,1378.4793258087007,1730.1506213723671,1569.995407613224,1491.5589108771774
2010-11-17,1559,1653,1130,1320,1377.8974419698081,1691.0886574321416,1560.1916661381956,1488.1617047211937
2010-11-18,765,765,634,688,1371.0327908059294,1595.5564043433662,1525.9880713876782,1472.3169184890908
2010-11-19,2242,2477,1324,1324,1370.564802837711,1569.693889643998,1518.0669705489458,1469.3799498061385
2010-11-22,2422,2422,1550,1582,1372.668635645296,1570.8659001540934,1520.5741481744774,1471.6100498099772
2010-11-23,2855,2855,2462,2462,1383.5077536985766,1655.735814425132,1557.4928090303802,1491.2217319919578
2010-11-24,827,872,608,608,1375.7912586368993,1555.9514511465482,1520.2577969115416,1473.7321927445923
2010-11-26,2699,2699,2110,2223,1384.2211963619054,1619.4798843706865,1547.8163146797165,1488.5691790268777
2010-11-29,2583,2723,1799,1869,1389.0448660498466,1643.2437049068117,1560.4117533197275,1496.1024626105038
2010-11-30,2788,2788,1866,2101,1396.1289967359178,1686.8395425347344,1581.6112924052284,1508.0806316677215
2010-12-01,669,763,587,763,1389.8292057236201,1598.854824198093,1549.5088887814939,1493.3265597535092
2010-12-02,1353,1353,936,936,1385.313492233833,1535.7257933220842,1525.4497166724157,1482.2903902534397
2010-12-03,2306,2306,1182,1194,1383.4098753956853,1503.1804796723618,1512.451688567615,1476.5816696543616
2010-12-06,2135,2194,1470,1584,1385.405797033539,1510.8775768464225,1515.2575047022183,1478.7087653047702
2010-12-07,824,1552,824,1551,1387.0535005456431,1514.698760003906,1516.6591711844842,1480.1402749026954
2010-12-08,1518,2168,1445,1948,1392.635057754144,1555.9655447654388,1533.5744978047005,1489.4048239145231
2010-12-09,1166,1814,1166,1446,1393.1660522043517,1545.492635740159,1530.1402037731436,1488.5453224508692
2010-12-10,1702,1940,1157,1177,1391.0151462122685,1510.3980990030009,1516.2915683310596,1482.3761081449113
2010-12-13,1373,1760,1373,1757,1394.6567865484649,1533.8839943360483,1525.731114671018,1487.814205013329
2010-12-14,1491,1880,1372,1778,1398.471146881316,1557.133137732615,1535.6240121348997,1493.5604583794018
2010-12-15,2086,2107,1484,2104,1405.4913344745366,1609.2156960437947,1557.913266560982,1505.6483700946612
2010-12-16,1659,1765,1065,1066,1402.1133112459343,1557.4808678491474,1538.6225502252573,1496.942461775955
2010-12-17,2053,2053,1433,1433,1402.4206414822931,1545.6255471016095,1534.48048943211,1495.676274414055
2010-12-20,1512,1840,1416,1624,1404.6254112187878,1553.08978071098,1537.991058473988,1498.217338287044
2010-12-21,1188,1343,1040,1047,1401.0669494156157,1504.890753976601,1518.7365071612826,1489.2823414892807
2010-12-22,1555,1589,1151,1257,1399.6334474313808,1481.2821107407342,1508.4723304098598,1484.6826911627604
2010-12-23,1942,1942,1528,1678,1402.4032638748497,1500.0171478130453,1515.1204743153555,1488.5107566842898
2010-12-27,2592,2592,1408,1462,1402.9962662243536,1496.3964670689459,1513.0373184598513,1487.985791205393
2010-12-28,1569,2071,1569,1671,1405.6629700430167,1513.0253749671415,1519.2319334222102,1491.6098349439
2010-12-29,1454,1516,1181,1324,1404.850403176917,1495.0229583036041,1511.5757791703588,1488.2908283113477
2010-12-30,1652,1718,1358,1602,1406.8120907074951,1505.2112479889752,1515.121827046031,1490.5424950774595
2010-12-31,2779,2779,1178,1486,1407.6000301034405,1503.3816053233586,1513.9797946128533,1490.4525446798862
2011-01-03,1017,1017,781,878,1402.3303780626102,1443.8214524354196,1489.0394105103885,1478.3247715179082
2011-01-04,1423,2277,1423,1957,1407.849478778405,1492.6955998225226,1507.3908061766479,1487.8034889135931
2011-01-05,2110,2110,1283,1283,1406.6071954074755,1472.7245903156156,1498.5911667187402,1483.7479742816408
2011-01-06,1822,2016,1632,1892,1411.4369745576498,1512.6555817141284,1514.018964102319,1491.8321728107173
2011-01-07,1394,2289,1319,1753,1414.835611626728,1535.5455263127828,1523.3907694316397,1497.0038129530794
2011-01-10,2665,2665,1498,1539,1416.0710781777059,1535.8745238068036,1524.002896120595,1497.835420617375
2011-01-11,1167,1492,1118,1319,1415.1051968028034,1515.2198072537747,1515.963566860964,1494.294125159605
2011-01-12,1026,1168,926,986,1410.8354933520293,1464.8179208486533,1495.180681886024,1484.2288949584247
2011-01-13,1903,1988,1552,1733,1414.0411103336012,1490.3590712440198,1504.5069296551997,1489.1550554542976
2011-01-14,2190,2190,1358,1365,1413.5531390865008,1478.4201120779226,1499.0360696687212,1486.6965395047075
2011-01-18,1926,2030,1464,1465,1414.0650481503167,1477.1420061657395,1497.7013218385753,1486.2669050590698
2011-01-19,1984,2514,1984,2435,1424.2236048851394,1568.3665770070977,1534.4581327468663,1505.0536990182961
2011-01-20,2175,2178,1283,1283,1422.8183948862822,1541.1888077683266,1524.5970295018913,1500.6565960674388
2011-01-21,379,1068,379,1042,1419.0291571262198,1493.6470165522956,1505.6716557959348,1491.5742872344204
2011-01-24,820,858,451,519,1410.0736431249638,1400.8234911663626,1466.9786496862903,1472.315390457501
2011-01-25,1459,1513,966,967,1405.6649501585464,1359.5069681981377,1447.3716438162396,1462.309145101907
2011-01-26,551,899,401,500,1396.6533586146802,1277.649161703077,1410.2198146469752,1443.2535184662256
2011-01-27,1069,1163,795,889,1391.602081414534,1240.6349558265933,1389.7798219157214,1432.2782012688747
2011-01-28,1141,1784,1099,1766,1395.32743383827,1290.6697219383464,1404.5335543896147,1438.886553718996
2011-01-31,446,796,366,563,1387.045568824954,1221.367843658504,1371.5322385311983,1421.5422655265406
2011-02-01,328,437,220,243,1375.6620308266956,1128.1899537862655,1327.2760723142885,1398.2047949220546
2011-02-02,1303,1303,881,1181,1373.7250951965793,1133.2194819970973,1321.5397557529438,1393.903709874093
2011-02-03,1133,1543,841,857,1368.5835519607924,1106.9128646640404,1303.322510429299,1383.2719532429228
2011-02-04,964,1382,964,984,1364.7568499512322,1095.2068775531793,1290.8000590399147,1375.3655779311816
2011-02-07,684,684,303,509,1356.2418564193792,1039.377651119543,1260.1412331952122,1358.2098239127424
2011-02-08,1084,1186,683,684,1349.552882723664,1005.5321605367294,1237.5474593444196,1344.859134330312
2011-02-09,1401,1494,1118,1269,1348.751361502533,1030.6243357237076,1238.780892311305,1343.3569732544643
2011-02-10,1582,1582,927,931,1344.5946315373337,1021.1363037500212,1226.7110533971363,1335.191488635564
2011-02-11,1488,1488,485,486,1336.0514013727832,970.1709414881144,1197.6635611070526,1318.3758155932755
2011-02-14,938,1048,842,852,1331.2349695183277,958.916566108294,1184.1081273381485,1309.140650928062
2011-02-15,1318,1318,986,1233,1330.2575071350607,985.0197502884564,1186.0254556778289,1307.6329152661203
2011-02-16,442,675,381,487,1321.8668851735179,937.589297880032,1158.6126927100709,1291.3827585281774
2011-02-17,1244,1244,583,648,1315.161742037463,910.0093647486003,1138.5886655449701,1278.642505884055
2011-02-18,869,1042,714,858,1310.6128689823638,905.0560919154003,1127.5851884647752,1270.3129513120934
2011-02-22,1733,1797,1460,1792,1315.4027906840317,989.5269403044098,1153.6406712700782,1280.6433879197748
2011-02-23,1009,1604,796,1503,1317.2694295826982,1038.4291364658945,1167.341037102624,1285.0464891490863
2011-02-24,1186,1348,581,915,1313.266748691328,1026.673980612,1157.4453101574231,1277.7188358986093
2011-02-25,359,417,211,211,1302.2989203461407,948.990744363238,1120.3298077983086,1256.5956906332904
2011-02-28,371,970,371,720,1296.504901238219,927.1821020429296,1104.6305996493554,1245.9700333930273
2011-03-01,607,1712,607,1694,1300.4600763502765,1000.212378038841,1127.7431251533023,1254.841913919898
2011-03-02,943,1038,539,758,1295.0624636502737,977.1445325113324,1113.2433947551335,1245.0034601789098
2011-03-03,229,316,193,229,1284.4548769472858,905.8926722721578,1078.5671831961088,1224.8845797793274
2011-03-04,1072,1650,1072,1365,1285.2563209577606,949.6171796748094,1089.7998426786144,1227.6591425559743
2011-03-07,559,1731,536,1615,1288.5373525900218,1012.9869720867324,1110.395927279453,1235.329258544965
2011-03-08,821,1051,339,429,1279.9847421164893,957.3691652213294,1083.6745183665332,1219.3623425341734
2011-03-09,1137,1377,865,1055,1277.7460879660764,966.6673399621551,1082.5500274501985,1216.1076426820116
2011-03-10,1885,1891,1560,1590,1280.8530920659164,1026.0323552038546,1102.4500263737202,1223.5114517378133
2011-03-11,847,847,600,617,1274.2475886622753,987.0768928034876,1083.412770437496,1211.501323980629
2011-03-14,1603,1691,1248,1379,1275.2899012128994,1024.4029030126792,1095.0044264987707,1214.818129446359
2011-03-15,1931,1931,1325,1579,1278.311892245607,1077.2216741543289,1113.9846450674463,1222.0296516355402
2011-03-16,1284,1705,881,1629,1281.801326153611,1129.7719909015357,1134.1813256530365,1230.0884704150344
2011-03-17,133,570,133,497,1273.992357734172,1069.5079917680562,1109.1938226862508,1215.5718670404792
2011-03-18,218,616,216,532,1266.6093491995036,1018.3167544568128,1086.5587708162018,1202.0357904654202
2011-03-21,206,239,161,201,1256.006271098016,940.4770635561639,1051.8309758822331,1182.2132995651148
2011-03-22,752,1281,752,1253,1255.976357952762,970.2411527412911,1059.7199572201848,1183.6150164054095
2011-03-23,1422,1609,782,937,1252.8024638437794,967.075328670692,1054.9074098782169,1178.7315507340152
2011-03-24,446,1128,446,533,1245.6402502731944,925.7348211782452,1034.4404526280907,1165.9447873531435
2011-03-25,648,924,321,639,1239.6040288774411,898.4267429707933,1018.9329838975774,1155.5102371085268
2011-03-28,720,1265,557,1265,1239.8567251075162,933.3384817354796,1028.5826708035547,1157.6783512251895
2011-03-29,1169,1361,513,513,1232.624319882566,893.3062453797196,1008.3637425367486,1144.9124432801364
2011-03-30,366,532,334,386,1224.2001972966698,844.9913648673654,983.9573212607977,1129.8844741062724
2011-03-31,1068,1133,774,807,1220.0489515524243,841.3731396419021,977.0178184662566,1123.490722143772
2011-04-01,296,706,296,562,1213.5012007907087,814.7661739617209,960.7426098989524,1112.372093982509
2011-04-04,627,982,627,805,1209.436512225627,813.8360621558428,954.6350565695817,1106.2855178640436
2011-04-05,1330,1330,618,908,1206.437143944775,822.8040562362387,952.806230821755,1102.3590719657457
2011-04-06,439,1001,356,825,1202.6417494776629,823.0131937375493,947.7942217699215,1096.8668131149389
2011-04-07,956,1437,707,1300,1203.6104882888303,868.4405086196874,961.6062130730618,1100.8892524591975
2011-04-08,372,1532,372,1376,1205.3258068133196,916.7795077987648,977.8569498152947,1106.336990034263
2011-04-11,763,1472,763,1361,1206.8748037604507,959.0862213417396,992.8821674695969,1111.3798219147725
2011-04-12,1722,1722,1397,1571,1210.4979400414413,1017.3637240710977,1015.5534550198088,1120.4812115798265
2011-04-13,312,1153,312,904,1207.4482092947603,1006.5671789214693,1011.1788097249143,1116.1944549148795
2011-04-14,1680,1680,848,848,1203.8716101973,991.4655428337104,1004.7796407160941,1110.8836736294363
2011-04-15,972,1106,495,528,1197.1465195485707,947.325967325738,986.0823999036983,1099.3414226664772
2011-04-18,1885,1885,1733,1733,1202.478394975948,1022.1520656756677,1015.3732861819847,1111.889117267141
2011-04-19,402,1009,402,709,1197.5681621901176,992.3280594208422,1003.3586475081813,1103.9111149450193
2011-04-20,155,322,155,266,1188.2988272429523,923.1539585236192,974.4426221157037,1087.3188156391773
2011-04-21,665,961,573,573,1182.1764508524752,889.8059624737507,958.6997741895976,1077.1342846364214
2011-04-25,1168,1425,1073,1149,1181.8463369136446,914.4911089048221,966.1625281429467,1078.5573681089675
2011-04-26,514,743,347,466,1174.7234877901258,871.7776699615057,946.5483113530272,1066.4275192355226
2011-04-27,878,1184,700,705,1170.0496222399752,855.8940823461242,937.0758285548693,1059.2705386566013
2011-04-28,1143,1143,755,768,1166.0491284863435,847.523217360779,930.4454039056587,1053.5028052178568
2011-04-29,870,1089,701,721,1161.620778949166,835.4733871359429,922.2318586544565,1046.9185912531468
2011-05-02,609,1355,609,1296,1162.9578856262885,879.3330645515673,936.8894328248699,1051.8508963768468
2011-05-03,1224,1581,1078,1409,1165.4060658688131,929.7775345942752,955.4035727140907,1058.923155854533
2011-05-04,1171,1707,1168,1550,1169.2328711835512,988.8463408233918,978.7210796664793,1068.6474497980075
2011-05-05,1685,1685,849,1309,1170.6235888832173,1019.3371655068783,991.6731941893624,1073.406906237651
2011-05-06,173,895,173,695,1165.8910158595036,988.4479116490803,980.0389512799757,1065.913700173539
2011-05-09,949,1039,501,528,1159.5438415723443,944.5957295872631,962.3119335827217,1055.261943734459
2011-05-10,456,500,283,294,1150.9314650392862,882.6342315313333,936.1036224618307,1040.1874497991232
2011-05-11,1433,1769,1279,1689,1156.2853808100397,959.4309713854921,965.6289706005824,1053.0352230704277
2011-05-12,1587,1677,578,717,1151.9143819960095,936.3423074440166,955.8788148907556,1046.3810602373499
2011-05-13,896,1725,896,1605,1156.4226966030144,1000.0239924493483,981.3345476401378,1057.4428214207687
2011-05-16,1642,1642,721,1453,1159.373714547263,1043.1645645970293,999.8312320464069,1065.2756368381793
2011-05-17,1573,1573,1115,1189,1159.6685034572406,1057.0536536830266,1007.2496151034105,1067.7256242275223
2011-05-18,922,922,306,306,1151.1742894924919,985.5247342846432,979.7496301973944,1052.6419485002446
2011-05-19,441,1300,441,792,1147.6004159652034,967.0938072099152,972.3868996014181,1047.4807217972693
2011-05-20,1545,1723,1140,1429,1150.4004118262462,1011.0848731899233,990.2932956954802,1055.0355589894027
2011-05-23,1897,1897,1691,1765,1156.5158306140447,1082.886313838502,1020.6739507662456,1069.0942607915927
2011-05-24,552,1212,473,1087,1155.8241308069398,1083.2780934729303,1023.2749723048242,1069.4488298848285
2011-05-25,1406,1406,467,589,1150.1840897043833,1036.2039893326512,1006.2445812340468,1059.9349916692872
2011-05-26,1368,1402,443,468,1143.39618831429,982.0893236819225,985.1369505974175,1048.213506685737
2011-05-27,356,649,318,457,1136.5663754952423,932.0808166645965,964.4256976328129,1036.5063085335441
2011-05-31,198,737,198,345,1128.690093152006,876.1683579346349,940.1344938040752,1022.8131143051571
2011-06-01,1291,1841,1291,1837,1135.7379529216378,967.6761333694316,975.305690125484,1038.9356268931738
2011-06-02,611,1355,611,1023,1134.6161822458005,972.9450730485333,977.1760552186023,1038.620069924992
2011-06-03,1819,1819,1296,1558,1138.8289565518123,1028.664589901054,999.9534648178728,1048.9048210155863
2011-06-06,1142,1727,1126,1722,1144.6316535015455,1094.696533720001,1028.269015217172,1062.2334384212184
2011-06-07,269,790,269,789,1141.0930300836196,1065.58257812762,1018.8859165812045,1056.8228752841644
2011-06-08,1380,1498,1141,1479,1144.4552884907478,1104.9556659249895,1036.9296061270395,1065.1828183478444
2011-06-09,833,891,418,583,1138.8686687047702,1055.245602503562,1019.1284451024497,1055.634643727095
2011-06-10,1610,1759,1568,1699,1144.44211478731,1116.5555451222704,1045.7900747062752,1068.374551772103
2011-06-13,619,1286,425,1069,1143.691446978481,1112.026445586816,1046.7002678550487,1068.3869368855267
2011-06-14,159,195,123,177,1134.072626610536,1022.9763079118811,1012.5943749979879,1050.735710412546
2011-06-15,1814,1814,1490,1768,1140.3803616691375,1093.9309452536068,1042.2181249980667,1064.9389636717035
2011-06-16,1054,1370,566,964,1138.6253331948178,1081.5565695151681,1039.1507475471622,1062.9401723118679
2011-06-17,211,892,211,781,1135.0668721680038,1052.9321343232473,1029.0271888198224,1057.357198602722
2011-06-20,1155,1155,509,529,1129.0363560270287,1003.0338358162713,1009.4182794543392,1046.8946798185098
2011-06-21,245,260,144,175,1119.5434569620832,924.173470500436,976.6959939855416,1029.6294386339848
2011-06-22,1423,1423,729,1382,1122.1549648530076,967.7759971194421,992.5902687312066,1036.6070735125197
2011-06-23,1863,1863,1178,1178,1122.71063684452,987.7973307271143,999.8612385848847,1039.4069334429648
2011-06-24,723,1468,697,1358,1125.0518245376093,1023.0547278007225,1013.9058958952814,1045.7157070381536
2011-06-27,1114,1114,433,530,1119.130910860618,976.0971346768441,994.9291940954665,1035.5035148195764
2011-06-28,549,549,319,319,1111.1694092600148,913.5164551838113,968.4221668760365,1021.3153264073076
2011-06-29,373,919,373,518,1105.2672260832983,875.8482213567817,950.758552488741,1011.3486862804302
2011-06-30,507,507,335,449,1098.7372039332158,835.1960097989929,931.0817465087904,1000.2130687303227
2011-07-01,1039,1039,231,240,1090.1925551378604,778.5106755324222,903.9805015476613,985.159344597049
2011-07-05,1185,1349,986,1093,1090.220489912608,808.4620397674296,911.3930308987334,987.2948031198797
2011-07-06,1253,1343,738,792,1087.253121853776,806.8942264562459,906.7109512556458,983.4275792957237
2011-07-07,192,325,192,311,1079.5292101935395,759.6662048889843,883.3497374809145,970.1121816859074
2011-07-08,1821,1821,1496,1501,1083.7229493955938,830.2694234709859,907.5713164032317,980.624811751533
2011-07-11,1858,1882,1803,1848,1091.3276961677768,927.1961450451777,944.4508726227127,997.8005580534829
2011-07-12,1345,1345,571,1130,1091.7124952108836,946.5107978980179,951.7273089904495,1000.4183687850971
2011-07-13,325,702,166,564,1086.4616246117703,910.0811980982066,936.5223164810201,991.7764208883625
2011-07-14,802,1681,497,1650,1092.0689716305587,980.549655422187,964.5018334817644,1004.8105511678009
2011-07-15,390,1006,390,662,1087.7896783805033,950.2115930010264,952.6390164824795,998.0222234219038
2011-07-18,1670,1832,1573,1743,1094.3091840682596,1025.7152508104525,983.6335648557156,1012.7742586016682
2011-07-19,240,408,202,217,1085.5797394506649,948.6947507332666,953.5695034888248,997.0163524907441
2011-07-20,962,1196,842,966,1084.3898912969269,950.3428697110508,954.0569739402434,996.4021672929076
2011-07-21,412,412,202,317,1076.7541709855147,890.0245011671411,929.0743475112142,982.9486590296817
2011-07-22,1075,1500,968,1055,1076.5377115727235,905.7364534369372,934.0126083931274,984.3754182568167
2011-07-25,1794,1794,1234,1549,1081.2388288705074,966.999648347705,958.1297610051616,995.5561030438105
2011-07-26,1109,1471,1032,1298,1083.3956564439352,998.5234913622094,971.4580056716259,1001.5450911023489
2011-07-27,1687,1826,1658,1822,1090.7449533947417,1076.9498255181895,1004.8125936845033,1017.7917229617084
2011-07-28,857,1182,474,1170,1091.5335608236499,1085.8117468974096,1011.2905311870718,1020.8057482495954
2011-07-29,1815,1834,796,1223,1092.841684596549,1098.877294811942,1019.5928632973827,1024.8095948189102
2011-08-01,229,1504,229,1203,1093.9377872373793,1108.7937429250903,1026.7853000308187,1028.3381176937833
2011-08-02,2337,2408,1595,1786,1100.8239784091468,1173.2895769322245,1056.5584255198062,1043.3413232840053
2011-08-03,844,1784,844,859,1098.4177696687573,1143.3572362720126,1048.8110362837353,1039.6910000506587
2011-08-04,1814,1902,1738,1881,1106.2046575327497,1213.6089280556305,1081.4458976059418,1056.3505842080713
2011-08-05,307,1752,307,1301,1108.1429196468516,1221.9318872884276,1090.0558624057087,1061.19512709504
2011-08-08,1905,1945,1823,1945,1116.4698557697686,1290.795517070482,1123.5830834878377,1078.6962136872176
2011-08-09,431,918,109,109,1106.4452800904673,1178.2435630637694,1083.7955115863538,1059.4943084656884
2011-08-10,1884,1884,1268,1738,1112.7294066567313,1231.553699914839,1109.4505895633595,1072.9300647336945
2011-08-11,260,687,67,78,1102.433591665122,1121.6914427800923,1069.0015468353845,1053.2284792934233
2011-08-12,249,1016,249,821,1099.6332574196979,1093.0541625153217,1059.275995979095,1048.6298955450386
2011-08-15,210,379,133,133,1090.0150160523376,1001.6204327519577,1022.9514471171696,1030.4986104847408
2011-08-16,1845,1850,1501,1637,1095.4576527085333,1062.1327724898665,1047.0317825243394,1042.5085389899934
2011-08-17,261,1267,173,942,1093.930710890538,1050.6915560622601,1042.9128890920124,1040.5182708911816
2011-08-18,1931,1942,1911,1924,1102.190106802075,1133.8637888182354,1077.4653248138943,1058.0129585963068
2011-08-19,1743,1743,402,1633,1107.4717972816563,1181.4005708355464,1099.2509983506043,1069.3988406043006
2011-08-22,184,1186,135,995,1106.3526749206449,1163.6481355178753,1095.1627239054826,1067.9255962358986
2011-08-23,784,985,141,141,1096.7471756677032,1066.2530749923633,1057.7445778699735,1049.5706339341978
2011-08-24,965,1303,330,475,1090.560636606333,1009.9432583264239,1034.891849326053,1038.192997618669
2011-08-25,373,1776,373,1741,1097.0326700729368,1079.5677099143836,1062.5823650387567,1052.109967962854
2011-08-26,1660,1785,187,208,1088.1865738533056,996.561261351109,1029.0693311156683,1035.3949190923024
2011-08-29,177,177,65,65,1078.0056129194418,907.8411412224319,991.2626906797598,1016.1791781201777
2011-08-30,1658,1743,500,734,1074.5826714973578,891.2848420583908,981.173957711926,1010.5914716227484
2011-08-31,291,1101,230,710,1070.9549832237522,874.0196190052108,970.539684860478,1004.6391652539811
2011-09-01,1182,1703,517,1703,1077.2439883658044,952.9701314809049,999.2636187875181,1018.4680926746944
2011-09-02,1880,1885,1751,1843,1084.8634511681348,1037.734880863676,1032.351320011537,1034.7954571761857
2011-09-06,1898,1898,1441,1445,1088.446899415218,1076.5220350671354,1048.5336211875551,1042.9183194103207
2011-09-07,151,178,92,92,1078.5320048936735,982.7580317274083,1011.0224987880432,1024.0882536794234
2011-09-08,1640,1715,885,1681,1084.526711312642,1049.2572668009884,1037.2961262865513,1037.09640707191
2011-09-09,1833,1876,1595,1829,1091.9344057274416,1123.5184794866086,1068.343337020412,1052.777666337813
2011-09-12,1774,1774,897,899,1090.0146603968203,1102.1357671545506,1061.7024218431409,1049.732564034094
2011-09-13,549,1116,339,392,1083.0692408903842,1034.5037893303077,1035.4395817708607,1036.708156825498
2011-09-14,345,1493,193,339,1075.665566851674,968.2653332036117,1008.1282256229838,1022.8921537200426
2011-09-15,266,868,238,305,1067.9972527536472,905.0972062318392,980.5545697162001,1008.6764675077645
2011-09-16,513,1249,403,931,1066.6340960098298,907.5641389716641,978.6112532567413,1007.1383196363237
2011-09-19,1899,1899,1507,1662,1072.558134855503,979.4151733553151,1005.4108119525554,1020.1058776633272
2011-09-20,523,1405,332,1401,1075.8262131156473,1019.5661092262375,1020.924113444612,1027.64833553138
2011-09-21,1087,1848,921,1847,1083.499584129422,1098.3693369189768,1053.3192462507056,1043.8731209664022
2011-09-22,1916,1916,1749,1820,1090.8279464763928,1167.0960667362172,1083.3851581624426,1059.2419700561763
2011-09-23,981,1040,401,599,1085.9341360636922,1112.991679428006,1064.3896617639155,1050.1282676788262
2011-09-26,339,1362,311,311,1078.2233486401728,1036.6115194824815,1034.8449691457226,1035.4920643584535
2011-09-27,177,439,82,305,1070.5295839770865,966.9342319127214,1006.2235978066747,1021.0268749652167
2011-09-28,1163,1833,722,1833,1078.1163542857723,1049.4166860162718,1038.646201814256,1037.1055507084798
2011-09-29,145,1167,101,462,1071.9858432978542,993.4722397290078,1016.0326252725206,1025.7173219815793
2011-09-30,1855,1855,1310,1758,1078.8118548073282,1066.2844073738643,1045.129385065755,1040.217969071053
2011-10-03,1695,1906,770,1906,1087.0425826201906,1146.2573209573059,1078.8890170239608,1057.3621677033093
2011-10-04,1727,1727,322,325,1079.4600693602881,1068.042338008991,1049.3247418465505,1042.8599465606694
2011-10-05,1301,1352,424,475,1073.445541306952,1011.562115341468,1026.8022029506074,1031.6151951436264
2011-10-06,1031,1300,194,194,1064.6948394034002,933.6990567375187,994.1432930309757,1015.0287556358318
2011-10-07,776,1702,691,1608,1070.1008609018738,997.9181941910883,1018.2161050689766,1026.770760474726
2011-10-10,124,124,53,53,1059.9804543257358,907.9259852205084,980.3644931054873,1007.4881711583948
2011-10-11,1742,1742,827,861,1058.0005493075691,903.4568437709362,975.6835325915466,1004.5874152938721
2011-10-12,303,335,169,314,1050.5975587671953,847.3180967451327,949.7351587644272,990.9124169712212
2011-10-13,1613,1737,1056,1169,1051.7756925108054,877.9544684836915,958.3337799893516,994.4389037638703
2011-10-14,172,675,172,245,1043.748073679852,817.6730905328637,930.359906264279,979.5985294319124
2011-10-17,1587,1791,1545,1785,1051.123714737764,909.7994628630672,963.8752040578366,995.5470734035578
2011-10-18,811,1592,176,194,1042.595120561269,841.628085447537,933.6840195849803,979.6748541282398
2011-10-19,1316,1605,759,1602,1048.161338267127,914.0444582620573,959.8924894051771,991.9981243435221
2011-10-20,1053,1682,731,769,1045.38361350825,900.2307003323376,952.4065094285035,987.5823199010762
2011-10-21,187,388,127,177,1036.7429805380186,831.3515860149721,921.9984110195426,971.5311848535301
2011-10-24,538,538,168,186,1028.2778762540584,769.8895302040223,893.1357282344625,955.9761118861335
2011-10-25,1766,1825,1547,1780,1035.7576983808835,866.0905273274487,927.9147192840913,972.2934166012595
2011-10-26,174,1195,174,327,1028.7053829741085,814.7485723438822,904.3494361749113,959.5153291438088
2011-10-27,198,198,93,121,1019.6734886161572,748.677279739703,873.6298504425617,942.911065200367
2011-10-28,1097,1097,697,1084,1020.3135534060463,780.6127769073503,881.8796602291279,945.7049054934291
2011-10-31,1807,1815,1464,1763,1027.7034682975284,874.1734648209359,916.4333990436719,961.888966770787
2011-11-01,1927,1927,1741,1819,1035.5770656279012,964.1569443617991,951.828167708626,978.8614624782962
2011-11-02,199,475,139,222,1027.481771442549,893.4753306130564,923.2074552494641,963.8741067856566
2011-11-03,332,1309,297,315,1020.3924005824241,838.3824419832415,899.3561824945832,951.0251145720792
2011-11-04,1698,1771,1229,1282,1022.9954612731462,880.6317332229328,914.3618223967565,957.5790726993648
2011-11-07,956,1636,680,868,1021.4532178773935,879.4287110112249,912.5437117145307,955.805229675615
2011-11-08,489,1499,419,444,1015.7074147144343,837.9593099625368,894.1694485100393,945.6704726523355
2011-11-09,1905,1914,1812,1894,1024.4466444187683,938.5346137756286,933.3784897449397,964.4492751740714
2011-11-10,186,889,186,507,1019.2979215887308,897.4360791303307,916.6577646569028,955.390873685476
2011-11-11,184,189,114,163,1010.7775442594897,827.489785879823,887.1025581997694,939.6999652956646
2011-11-14,1565,1699,1362,1605,1016.690205510639,901.5383777007922,915.2553990546804,952.8742234086217
2011-11-15,1464,1585,465,590,1012.4445318239659,871.8680560150025,902.5002853662616,945.6885952223123
2011-11-16,1808,1808,962,1617,1018.4600091192499,942.8330030611927,930.519882018565,958.981890366425
2011-11-17,1248,1713,832,1644,1024.6842876354763,1009.6108122934601,958.4994944884252,972.5466054086739
2011-11-18,429,1109,429,829,1022.7371802958198,992.4097825512258,953.4210829398595,969.7040983708785
2011-11-21,1891,1902,1770,1797,1030.441287954568,1069.037422308252,986.5026090990807,986.0861954328412
2011-11-22,1476,1590,946,1368,1033.8000811092488,1097.510048755085,1001.4632910951951,993.6488450282305
2011-11-23,1824,1876,1794,1855,1041.9712245807987,1169.6519488736485,1034.9353188953835,1010.705303542523
2011-11-25,1102,1298,366,1297,1044.5088243362136,1181.7803346952057,1045.2123652132116,1016.3745054525721
2011-11-28,149,149,43,91,1035.0211743428185,1077.8964932956624,1007.7922724597523,998.0502578198478
2011-11-29,1123,1167,512,982,1034.4936004687606,1068.7634939341708,1006.780810794664,997.7324309323261
2011-11-30,130,130,52,99,1025.1852064342456,976.4050659404403,971.1815633125203,979.935749131686
2011-12-01,1368,1368,686,1274,1027.6609755244522,1004.7474406127793,983.056796123794,985.7588036043259
2011-12-02,236,836,224,799,1025.385741937144,985.1524462687051,975.838882550312,982.0606094735472
2011-12-05,158,538,138,361,1018.7749385347844,925.7093561478761,951.7275538228488,969.7623795829819
2011-12-06,1066,1467,675,1018,1018.7672277035925,934.4989412766498,954.3264732807763,970.7175799872794
2011-12-07,1737,1750,806,922,1017.8043697164921,933.3085659169689,953.0587684462361,969.7528754330758
2011-12-08,1802,1850,1702,1849,1026.0749730028951,1020.5172739248766,988.1937187032464,987.1637095829159
2011-12-09,424,424,128,140,1017.2583066048564,936.6584859320312,954.9312199305701,970.388190581274
2011-12-12,1864,1865,1699,1699,1024.041806041624,1009.2624396527901,984.1103877764301,984.816147203427
2011-12-13,278,1709,258,1650,1030.2702457825035,1070.2850644477626,1010.2237059028446,997.9881046845472
2011-12-14,1524,1647,1246,1492,1034.8645716951153,1110.4483916432137,1029.1168939066547,1007.7705184531701
2011-12-15,193,671,193,612,1030.656964016557,1062.9771162486218,1012.7593686554134,999.9334784838004
2011-12-16,278,857,211,651,1026.8792827825614,1023.7412004154197,998.5727267473579,993.023904652438
2011-12-19,387,1731,387,1714,1033.7163048444265,1089.4801337091892,1026.6286982474614,1007.3006590157561
2011-12-20,108,108,68,87,1024.296242109656,994.005835260695,989.780514002463,989.0768835897015
2011-12-21,1511,1511,656,684,1020.9102098498585,964.4814699977717,977.789121296484,983.0357571819846
2011-12-22,636,676,341,497,1015.6971729359295,919.9594252360791,958.9346459515239,973.4112867427374
2011-12-23,588,807,511,511,1010.6753105186566,881.0109085469287,941.3685814044053,964.2546275993168
2011-12-27,1470,1470,730,898,1009.5541631503118,882.628917256745,939.6678527218796,962.9426547755679
2011-12-28,1492,1821,1492,1790,1017.3197933677216,969.0452108513407,973.0142114386687,979.320027948329
2011-12-29,477,477,237,237,1009.5554173143114,899.3266193416893,944.1509090293091,964.6206214543026
2011-12-30,1258,1258,737,1189,1011.3409355499899,926.9145603567665,953.7528341654146,969.0637774651085
2012-01-03,64,414,64,376,1005.0191351962587,874.4465069894554,931.0958602765747,957.3199402875816
2012-01-04,1373,1498,1022,1121,1006.1731736520173,897.9277920380787,938.5430814421993,960.5611295888176
2012-01-05,1531,1687,802,824,1004.3605052574699,890.8870499392141,934.0511958954464,957.8569488048806
2012-01-06,1174,1529,872,1209,1006.396719135505,921.1835213735746,944.8335019387622,962.8300785315166
2012-01-09,536,1125,536,761,1003.9549607361467,905.9279479094247,937.6243449999872,958.8334433130708
2012-01-10,112,398,112,362,997.5673491865333,854.1252862037652,915.0508412744975,947.0149592870694
2012-01-11,1437,1437,796,831,995.9099626274633,851.9228779938828,911.7547298519682,944.7176333605927
2012-01-12,508,1366,508,736,993.3237938451005,840.8826038992273,904.8623875048322,940.5846109178086
2012-01-13,1691,1760,1411,1412,997.4897262446517,895.2747368612056,924.7501370144466,949.9195691174559
2012-01-17,150,762,150,704,994.5694304611228,877.0580952553765,916.0932688962331,945.0498746794865
2012-01-18,1107,1107,297,297,987.6284411033007,821.8144671358169,891.8151014885377,932.2172038937541
2012-01-19,561,845,561,704,984.8062675599842,810.5940416943106,884.449803390948,927.6980513414026
2012-01-20,1053,1053,823,823,983.1962549474471,811.7755615329477,882.0400071795383,925.6248226019688
2012-01-23,720,1149,394,876,982.129625544985,817.892174720286,881.8031441528898,924.6421528474744
2012-01-24,1575,1667,841,845,980.7651516589652,820.4738723659731,880.3598835978745,923.0650805138611
2012-01-25,1295,1412,419,419,975.1754486573835,782.2382654739756,862.2673391430559,913.0835937710124
2012-01-26,457,1235,457,1137,976.7856431981061,816.0250973335969,873.0411689805832,917.5175820131706
2012-01-27,1163,1163,708,760,974.628572121508,810.6893737780163,868.6081819617368,914.3984219733059
2012-01-30,1714,1788,1293,1403,978.8909743889557,867.0999096086814,889.5647238455903,924.0737007461116
2012-01-31,214,1233,214,884,977.9467855890656,868.7094420269023,889.3464993810574,923.2801621174757
2012-02-01,199,321,199,276,970.9622404588262,812.2609237386258,865.293695483761,910.4627331646544
2012-02-02,638,957,556,834,969.5994320960517,814.3313119539948,864.0664917392997,908.9486196366414
2012-02-03,180,311,180,296,962.8969501846482,764.9664251012334,841.78937441619,896.8110232081931
2012-02-06,1501,1501,1158,1170,964.9576770484825,803.5410512820683,854.6603793410452,902.2207059169417
2012-02-07,1142,1465,743,936,964.6695409584479,816.1561892552047,857.8501683864944,902.8896028294776
2012-02-08,583,1304,417,839,963.4190977648315,818.3317902785185,857.1109460968279,901.6244621793888
2012-02-09,526,1364,526,1018,963.9621913194103,837.3478102519929,863.4203207596973,903.9289282748465
2012-02-10,1732,1763,1546,1594,970.2312242416052,909.4099235613269,892.0705042593171,917.5937019723743
2012-02-13,135,548,135,409,964.646833950644,861.7518356031053,873.1265629158145,907.5225395570798
2012-02-14,1324,1541,1258,1258,967.5657709262595,899.4897560218571,888.2196388799002,914.4626872886228
2012-02-15,383,1360,383,1254,970.415862757839,933.2526364007279,902.563966766963,921.1861984314223
2012-02-16,709,847,278,280,963.546053178159,871.0380996006585,878.1496935604154,908.4894420268397
2012-02-17,392,960,392,861,962.5256944400679,870.0820901148815,877.4771565580461,907.5490570362092
2012-02-21,587,1237,587,1124,964.1324039481269,894.2647481991785,887.1447190459659,911.8352143226209
2012-02-22,1040,1398,930,1295,967.4246188342153,932.4300102754472,903.1390437892613,919.4226358211829
2012-02-23,894,1196,498,506,962.8333290945714,891.8176283444523,887.5649636406629,911.2360489732387
2012-02-24,713,1019,713,1010,963.3026492030831,903.0730923116473,892.3663376155389,913.1917707757488
2012-02-27,1645,1710,891,1051,964.1752596587738,917.1613692343476,898.5872655521845,915.9206466019715
2012-02-28,931,1234,765,1088,965.4073466273433,933.4317150215526,906.015215922687,919.3281585504473
2012-02-29,517,1425,398,1425,969.9804078549319,980.2477421623571,926.3675603963071,929.3414623415275
2012-03-01,348,658,328,622,966.5179162344848,946.128909575466,914.4315776356676,923.2554927902102
2012-03-02,938,1566,938,1487,971.6968424411068,997.6404419968502,936.8852412577983,934.4187503587209
2012-03-05,1313,1496,1042,1090,972.8739882874639,1006.4365903781026,942.8897416006297,937.4995671833007
2012-03-06,1753,1871,1753,1840,981.5021078069916,1085.8235817706643,978.0705360476638,955.3708628826413
2012-03-07,511,734,333,371,975.4274599681161,1017.7451454115534,954.2638483595201,943.7991626275394
2012-03-08,194,822,194,345,969.154549918682,953.6741791818816,930.3711484238527,931.941753466598
2012-03-09,795,795,292,472,964.2077384767051,907.8004478312263,912.3958092699761,922.8339959722099
2012-03-12,835,1299,835,1155,966.1061689396234,931.3432623234904,921.909699102526,927.4313425866216
2012-03-13,266,476,200,200,958.4832219850003,861.6915230545866,893.5995148239956,913.0267615453023
2012-03-14,1027,1522,995,1445,963.3241849503237,917.2447113351021,915.2230632622703,923.5608850790587
2012-03-15,951,1097,556,558,959.2911084831563,883.0309293031877,901.2143156833578,916.3220556715526
2012-03-16,644,1051,644,1001,959.706122329095,894.2660788933603,905.1274797742064,917.9988466483535
2012-03-19,1185,1185,435,704,957.1617828034324,876.1454999511354,897.2401276261984,913.7612457246237
2012-03-20,1764,1785,1366,1474,962.304451631259,933.084023765313,919.8581618369357,924.855082442948
2012-03-21,786,1186,625,1057,963.2466958936345,944.8855453114736,925.2362731374479,927.4718134836817
2012-03-22,1739,1743,1578,1578,969.3636441932003,1005.1821600437142,950.8348506614695,940.3535597513315
2012-03-23,894,1384,486,492,964.6137571863028,956.3076686109796,932.8413271061178,931.475271439424
2012-03-26,105,386,105,279,957.7917297516132,891.8021763623149,907.2004907490151,918.5549690346829
2012-03-27,786,1348,783,1345,961.6445483610498,934.9638738516182,924.3690989549361,926.9994250934021
2012-03-28,1069,1664,1069,1401,966.0162443972583,979.3482668181308,943.0605068390563,936.3855750915526
2012-03-29,1684,1763,1065,1188,968.2250379853454,999.2198604544993,952.6659771590934,941.3680389511259
2012-03-30,260,1090,260,836,966.9093659655907,983.6751118397851,948.0908407999133,939.2815431303115
2012-04-02,1206,1206,329,389,961.1590240156844,927.0393869026627,926.165709788152,928.3848789099094
2012-04-03,1171,1521,1054,1326,964.78928248319,965.0356357690758,941.8454858748911,936.2584456641686
2012-04-04,1838,1838,1695,1724,972.3436179808698,1037.317956172021,972.518211919013,951.857288324284
2012-04-05,1341,1341,846,1176,974.3700496427517,1050.5257698699238,980.4978898829733,956.295757862417
2012-04-09,1806,1837,1680,1741,981.9982083527741,1116.2852203585026,1010.3215020444253,971.8344557265275
2012-04-10,1132,1815,1036,1801,990.1474799114529,1181.496151752931,1041.3285019642517,988.2535754151111
2012-04-11,94,380,94,301,983.2902910566127,1097.639375395509,1012.2960116911438,974.6445937237228
2012-04-12,703,703,186,223,975.7252135336613,1014.3403872626034,981.343226918942,959.760542362857
2012-04-13,1481,1678,1391,1651,982.444365637804,1074.9746360947363,1007.6042768436894,973.4484524150777
2012-04-16,220,1226,220,848,981.1066107558358,1053.358004085714,1001.3452855949173,970.9643246444821
2012-04-17,138,343,138,250,973.8319181114991,976.8477179823126,971.8807645911951,956.6878033643933
2012-04-18,1642,1642,1275,1414,978.2117000208375,1018.4812686506638,989.2187738229129,965.7434904264845
2012-04-19,1165,1420,488,1210,980.5180512644113,1036.721147826791,997.8768611239751,970.5802529922967
2012-04-20,240,627,240,599,976.7218517493425,995.0334194623347,982.2346312759761,963.222228180568
2012-04-23,1857,1895,1666,1680,983.7196442692496,1060.2683318944933,1009.5979790690751,977.4158474245171
2012-04-24,650,848,389,550,979.4040259183117,1011.6713479045416,991.5745289095036,968.952167277497
2012-04-25,162,442,162,334,972.9820953121593,947.1312195326805,965.7872924816799,956.3788570343783
2012-04-26,1204,1204,536,592,969.1912286921379,913.3091986248062,951.1289672863198,949.1634341228064
2012-04-27,568,1247,537,551,965.0301219389822,878.8035606605389,935.437635235876,941.279009684731
2012-04-30,1326,1581,1272,1313,968.4925087853605,920.1556025023923,950.2440024815279,948.6398213741423
2012-05-01,881,1082,272,796,966.7761654143619,908.3312594069264,944.1952180704876,945.6172506538622
2012-05-02,1570,1579,1117,1117,968.2709299376021,928.204472796743,950.9718761853704,949.0109684626966
2012-05-03,989,1634,952,1568,974.2383833710588,989.1373801494341,975.1690575114343,961.2681770079897
2012-05-04,1477,1714,1477,1671,981.171334780302,1054.0766772780594,1002.4565454521623,975.322272512782
2012-05-07,1355,1355,783,887,980.2343065735329,1038.164612775387,997.9288377873717,973.5733166214397
2012-05-08,1664,1710,1214,1218,982.6001343688212,1055.2917925110644,1006.5590794427688,978.4134489655696
2012-05-09,1801,1801,1042,1382,986.5742623850518,1086.406859890963,1021.2822527979544,986.4052618573405
2012-05-10,184,849,184,732,984.0411851473897,1052.6538256156332,1009.9378507274463,981.3675338997695
2012-05-11,1616,1616,715,1225,986.4387852951769,1069.067746985573,1018.3716605028405,986.1919391690809
2012-05-14,1709,1802,1481,1724,993.7777028544289,1131.4422472726612,1046.0433600909644,1000.8019997795942
2012-05-15,857,1390,739,1352,997.3421038210514,1152.4477475324077,1058.0416596952402,1007.7564156255428
2012-05-16,390,1427,354,1422,1001.5675555243246,1178.1193906245594,1072.3145357856229,1015.9592588804825
2012-05-17,977,1731,977,1731,1008.8255897977144,1230.7746867555538,1098.1453383038338,1030.1184814769085
2012-05-18,719,1553,598,1473,1013.4442406454983,1253.843764207406,1112.8455211154483,1038.8884125367717
2012-05-21,507,932,213,213,1005.4796213355929,1154.7157866638433,1077.557461463862,1022.5341865459445
2012-05-22,744,1271,395,1086,1006.2808191332488,1148.1714260291917,1077.8885414064557,1023.790935327213
2012-05-23,1593,1801,752,815,1004.3775274005797,1116.4408140264115,1067.5791868414967,1019.6564613603375
2012-05-24,635,1483,635,868,1003.0205370781858,1092.7797841191343,1059.7525520633988,1016.6533631155784
2012-05-25,939,1217,837,1044,1003.4282929281542,1088.1340903935024,1059.1348049236576,1017.1948806776461
2012-05-29,215,576,198,319,996.6180611577248,1014.8832246417403,1030.109910612926,1003.3692394761085
2012-05-30,1782,1850,1772,1829,1004.9004685093893,1092.4181556282413,1061.4389337261446,1019.7183634468787
2012-05-31,1355,1658,842,1033,1005.1800658376541,1086.7592836636468,1060.3236814231584,1019.981366150901
2012-06-01,1793,1848,1754,1816,1013.2479258790704,1156.210780457585,1089.9580468575443,1035.7441113756356
2012-06-04,459,1531,459,1133,1014.4394888056469,1154.000229937815,1091.645966588621,1037.669970556316
2012-06-05,1208,1208,391,423,1008.5545187677798,1084.381160419928,1065.4245561341652,1025.4982879710424
2012-06-06,160,175,92,120,999.713180272578,992.5353356180301,1028.34908334459,1007.5676288032989
2012-06-07,129,1136,120,1127,1000.9797157922538,1005.3414941305987,1032.2177467428414,1009.9326262527386
2012-06-08,1512,1577,562,563,996.6217086699429,963.2137327848274,1013.8170507921418,1001.0824752378329
2012-06-11,279,1734,279,1734,1003.9588060961127,1036.6219487100818,1042.0595193885283,1015.5956935499551
2012-06-12,276,1040,276,313,997.0835940951563,967.705572642455,1013.4689500007429,1001.6829075390649
2012-06-13,1504,1580,831,1491,1001.9981851986871,1017.5431371526973,1032.195657843851,1011.372354914529
2012-06-14,721,883,368,453,996.5355166892474,963.7771240905357,1009.4821026342883,1000.3154765993897
2012-06-15,746,799,432,466,991.2565563241802,916.3697789390561,988.169079001571,989.7349721122731
2012-06-18,1649,1649,743,879,990.1395756642381,912.8107523734317,983.8879386485683,987.5422003872776
2012-06-19,341,508,162,261,982.884455508375,850.7335378616763,955.5393920348989,973.155226122183
2012-06-20,1042,1352,820,1101,984.0597345580429,874.5684390177071,961.2437296021578,975.6868058029319
2012-06-21,867,1842,867,1841,992.5865033684106,966.6095400636398,995.7439755001125,992.8217205395075
2012-06-22,328,793,328,550,988.1826575637498,926.9324410099598,978.2638195981473,984.0529735981311
2012-06-25,1768,1806,1643,1691,995.1758649511752,999.7007799613922,1006.2142580452787,998.0519246159898
2012-06-26,622,1217,485,712,992.3581946531535,972.3007056793548,994.6764440042874,992.3875300691385
2012-06-27,489,649,343,408,986.5436852536196,918.5577813289401,971.6695246315703,980.8154997707397
2012-06-28,1681,1681,840,843,985.1153898779618,911.3618021547553,966.6236609205283,978.0864799732993
2012-06-29,44,166,44,126,976.5669780383801,836.5654400447786,933.6580271589389,961.2134803698676
2012-07-02,747,1149,602,602,972.839943431033,814.2258743262282,920.6518300154511,954.1003421447217
2012-07-03,834,834,359,365,966.7917847899282,771.4424577237303,898.8615621717079,942.4349888349252
2012-07-05,1241,1503,999,1218,969.2913690208742,813.9717474643274,911.3767950277194,947.8917217292832
2012-07-06,1762,1762,1495,1510,974.6715544037511,880.2601524677249,934.8522148305539,959.022578724743
2012-07-09,1153,1574,1153,1212,977.0330314743605,911.8544236612748,945.720755425434,964.0320326113817
2012-07-10,204,1554,204,1439,981.629717728347,962.058764264963,965.0650395263974,973.4373388963048
2012-07-11,904,1237,637,953,981.3448449151297,961.196024811157,964.5919007214407,973.03263911618
2012-07-12,1731,1776,1061,1277,984.2866872542826,991.2725938767611,976.8431987323645,979.0517947772457
2012-07-13,261,288,175,230,976.7813470825981,918.7704420789744,947.5552301546247,964.2190859697755
2012-07-16,1370,1592,1080,1242,979.4203386539156,949.5542095000244,959.1020838740512,969.7196981287899
2012-07-17,265,1423,265,594,975.5853104086029,915.6919038333554,944.7843550946767,962.2797041064376
2012-07-18,1204,1204,555,713,972.9725212503084,896.3879129920834,935.6947725419443,957.3434723419538
2012-07-19,528,1150,528,980,973.0424464119969,904.3509688975993,937.4322324422602,957.7921164539943
2012-07-20,1614,1638,1421,1508,978.3654071442159,961.8413528121137,959.807439013152,968.6873220687667
2012-07-23,1803,1875,1629,1699,985.5359006054674,1032.046938258579,988.7953825812637,983.1489592555238
2012-07-24,843,1721,843,1598,991.6300707486967,1085.9472298530002,1012.6857597349396,995.3242273890778
2012-07-25,323,1155,323,952,991.2357416865206,1073.1903508193811,1010.3059260198439,994.4663218962248
2012-07-26,156,598,156,458,985.9299134110328,1014.6007935984877,988.6468700974971,983.8432264131312
2012-07-27,409,604,173,199,978.0997650188832,936.9245275414889,957.6803261721051,968.3017763851484
2012-07-30,682,1188,672,1023,978.546533526158,945.1221915851567,960.2418820084931,969.3849095260365
2012-07-31,986,1333,784,1290,981.6455729935594,977.967697148475,973.1735729101208,975.7337231987882
2012-08-01,465,1405,465,1405,985.85805485432,1018.6374402771917,990.10794259992,984.2340455116835
2012-08-02,1513,1513,1083,1330,989.2823528159686,1048.2910173936496,1003.4370428901192,991.0808960956106
2012-08-03,134,239,131,227,981.6974537829739,970.072825260921,972.9885314042322,975.95058132144
2012-08-06,637,721,402,714,979.0337975264268,945.6849371408333,962.8321184079878,970.7634410972531
2012-08-07,324,632,324,626,975.5210234216863,915.2387526512301,949.6230157253216,963.9364422636442
2012-08-08,1356,1356,851,995,975.7148440841571,922.8350619225415,951.4025053047208,964.5515622188195
2012-08-09,1099,1099,634,846,974.4241491181456,915.5174369775376,947.2690737241435,962.2040065313181
2012-08-10,1457,1457,891,891,973.5940580821441,913.1824429796769,945.0624433820202,960.7940262039652
2012-08-13,1167,1597,1061,1225,976.0956097430183,942.8793531720886,956.0403867788037,966.0258276652729
2012-08-14,350,1208,350,1065,976.9802305415952,954.509890965223,960.3133127874781,967.9857122659606
2012-08-15,1015,1015,583,610,973.3286859590918,921.6994251590113,946.5755358154202,960.896886280496
2012-08-16,809,1188,414,434,967.9622313724342,875.2518608581531,926.4745344108939,950.4632845719714
2012-08-17,922,993,668,668,964.9775325528079,855.5135883954719,916.3382781594862,944.8699522042095
2012-08-20,1259,1532,1113,1113,966.4503929254168,880.0361037863793,924.0505025453887,948.1992600813539
2012-08-21,351,1074,329,1074,967.5205382694426,898.5088558067241,929.9308749945891,950.6903638421192
2012-08-22,1448,1547,1129,1213,969.9631199782043,928.4603933489409,941.0316249948013,955.8846140630673
2012-08-23,1332,1612,1238,1540,975.63512873464,986.7022606490418,964.5205808773582,967.4512553687491
2012-08-24,1195,1325,544,655,972.4447294437481,955.1115691586568,952.3825188821677,961.2641017970907
2012-08-27,530,1159,530,1089,973.6044833796312,967.8628482864038,957.7400671612984,963.7935255238809
2012-08-28,1041,1125,607,860,972.4740905101821,957.5901960686512,953.9071233510514,961.7382081867744
2012-08-29,766,1159,692,854,971.295243838439,947.724463109732,949.9891969451278,959.6047783216898
2012-08-30,1671,1743,1493,1620,977.7500175315888,1011.750704718329,976.26413039826,972.6819114242305
2012-08-31,158,801,158,548,973.4738979541601,967.583970935631,959.4694586179361,964.2723686237507
2012-09-04,861,1440,671,737,971.1209238451635,945.6235927512852,950.745166123115,959.7719256807061
2012-09-05,838,1223,838,1075,972.1545464934703,957.9451553464008,955.6179047065223,962.0536697266327
2012-09-06,170,245,161,203,964.5012674238835,886.0456167419817,926.1034770709724,947.0229039894717
2012-09-07,561,690,498,616,961.0335931211583,860.3269865760786,913.9425564015226,940.4679949995812
2012-09-10,1122,1238,869,1238,963.789477766719,896.2958449974045,926.6506914446,946.3597178708766
2012-09-11,774,774,437,633,960.4980401770003,871.220050235747,915.1349780546158,940.1545749427404
2012-09-12,485,1023,485,734,958.2443283344431,858.1514740228187,908.0316455818858,936.0723061319931
2012-09-13,1135,1253,225,275,951.4458773062397,802.6132384015979,883.2068751669099,922.9817654165081
2012-09-14,411,595,271,528,947.2324854922473,776.4595966490648,869.2771937878153,915.1603443191515
2012-09-17,1385,1555,1315,1452,952.2550478256578,840.7967779205824,892.1290685412343,925.7908325504554
2012-09-18,1386,1386,1113,1224,954.9589776980393,877.2923228805269,905.1436148729506,931.6959645791593
2012-09-19,710,1008,631,894,954.3524207060191,878.8835302252386,904.706610368129,930.9495098350176
2012-09-20,1587,1669,1228,1275,957.5429438830736,916.6089082990254,919.2279197654573,937.7623908283836
2012-09-21,228,894,228,893,956.9007255359783,914.3604408419753,918.1993738923021,936.8760068515838
2012-09-24,1439,1439,930,1172,959.0410168241775,938.8975417141681,928.1523396220158,941.5319275079881
2012-09-25,408,1714,408,1712,966.5331460100066,1012.5263472651998,958.8914635584074,956.7887210226814
2012-09-26,999,1448,999,1327,970.1198808755787,1042.4762189542284,973.3270924384699,964.1196374380739
2012-09-27,349,803,306,398,964.4271457424884,981.0975314347781,950.765245676177,952.9093475878151
2012-09-28,1657,1688,1147,1326,968.0248855858467,1013.9453855838469,965.4803340810328,960.2972812989475
2012-10-01,346,954,331,835,966.7012548835,996.9029679091948,960.3634582347178,957.8161470158
2012-10-02,340,1066,340,826,965.3012423970971,980.6264947749858,955.0943030098268,955.2059262828138
2012-10-03,675,1353,675,1029,965.9350608807081,985.2334952726062,957.9925656368924,956.6671950692928
2012-10-04,361,854,361,416,960.4630702251786,931.0207814371199,936.7379552197594,945.9609139788117
2012-10-05,269,1063,269,938,960.2395570886097,931.685468919299,936.7874471719257,945.8032721178452
2012-10-08,1554,1554,1181,1289,963.5108052767827,965.7154242603181,950.5997041455756,952.5992469273928
2012-10-09,1018,1574,833,1573,969.5753743785062,1023.5520505212402,975.0075588849649,964.8844103545731
2012-10-10,873,1395,870,1238,972.2462661757351,1043.9756647573126,985.3209879482996,970.2926398525024
2012-10-11,204,694,204,693,969.4676963630412,1010.5494109709019,973.8574197934644,964.8016964890865
2012-10-12,829,1480,653,1392,973.6719978917672,1046.8780384974827,990.255168036858,973.2610688358372
2012-10-15,497,1148,497,510,969.0583461714511,995.7467967358177,971.4216320354126,964.0875823242366
2012-10-16,341,510,292,410,963.4955765578048,939.9613875228827,949.4050974457886,953.1155509910834
2012-10-17,830,830,467,507,958.9533320149411,898.7269696635605,932.0558779381106,944.2815796843292
2012-10-18,1110,1181,785,1066,960.0184729899169,914.6577344575071,937.3085886072043,946.6918454331544
2012-10-19,1603,1806,1423,1734,967.7197817163853,992.6903311758398,968.5513890539806,962.2821059196266
2012-10-22,952,1383,857,999,968.0310276694561,993.291252016236,969.7454522283343,963.0091929311192
2012-10-23,1794,1865,1520,1558,973.9013657025959,1047.0730375384992,992.8142580233016,974.791189110701
2012-10-24,318,1219,318,1152,975.6734914169979,1057.0660815824517,999.0568361400349,978.3002744748455
2012-10-25,193,1046,193,740,973.3284815521521,1026.8693119079326,988.8977445267002,973.581457158512
2012-10-26,1005,1554,880,1275,976.3301882033744,1050.500806011939,1000.1174408197708,979.5501411751751
2012-10-31,751,1048,671,756,974.1378480222463,1022.4531102012782,990.5442078464464,975.1234057063598
2012-11-01,701,701,334,434,968.7633420717762,966.4099568487754,968.7189447936446,964.4080907418775
2012-11-02,576,1515,576,1511,974.1587317029027,1018.2756752441302,989.9848685272271,975.2316929054047
2012-11-05,1041,1248,801,841,972.8337691983962,1001.3922776018321,984.1423246634143,972.5736395805452
2012-11-06,521,669,378,445,967.5816918929396,948.4025368778481,962.999488402104,962.126636816574
2012-11-07,1776,1904,1776,1816,976.0236651079352,1031.0308666990054,996.4504888569235,979.0350202459488
2012-11-08,961,1606,767,1606,982.2920863506423,1085.7898317752906,1020.3543912546912,991.4501683598904
2012-11-09,1291,1291,537,987,982.3389312625762,1076.38127636812,1019.04637591137,991.36204621415
2012-11-12,647,1179,647,1100,983.5096881654362,1078.6306786187754,1022.2210278364142,993.5132928237708
2012-11-13,1586,1586,694,1304,986.6986464921482,1100.0944235122254,1033.2711836075352,999.6615444510229
2012-11-14,551,1809,551,1773,994.522540556903,1164.1806688920135,1062.2801567993965,1014.9751772341709
2012-11-15,837,1443,758,1234,996.9054008498691,1170.8301289975361,1069.0142682974595,1019.3123024374547
2012-11-16,1081,1406,600,616,993.1152973588256,1117.9891643311041,1051.2490028740297,1011.3259202109705
2012-11-19,116,256,116,185,985.0743491263995,1029.1330534424276,1017.2784537417148,994.9630307018424
2012-11-20,1324,1437,875,928,984.5064451549925,1019.5013340669583,1013.7773379087064,993.6370300938851
2012-11-21,784,1099,648,648,981.1581223176295,984.1202546320098,999.4331285789532,986.7927324682636
2012-11-23,324,451,259,259,973.9724693592451,915.0611827622946,970.3965353013472,972.3809951916643
2012-11-26,1431,1431,1045,1046,974.6891612064168,927.5315463087427,973.3613770542355,973.8387972670769
2012-11-27,1163,1260,762,1260,977.5280750252584,959.1952085650529,984.6021073658341,979.5053557370358
2012-11-28,1575,1691,574,574,973.512870298639,922.5099506064764,968.500063939723,971.47554671254
2012-11-29,283,748,283,478,968.5823939772595,880.1756695963359,949.2647673146358,961.7037537083313
2012-11-30,895,1199,786,882,967.7208776192767,880.3494153490658,946.6269333022972,960.1254615556911
2012-12-03,466,1276,466,1215,970.1813663991844,912.2208996015357,957.1513672904424,965.1724821189448
2012-12-04,894,1263,594,960,970.0800592708343,916.7712901156752,957.2630783770917,965.0700567304508
2012-12-05,672,1298,672,944,969.8205561935126,919.364500580849,956.7429576564215,964.6528278843033
2012-12-06,1011,1171,867,870,968.827316828403,914.6631195731492,953.3412730424442,962.7785144608517
2012-12-07,413,1047,413,777,966.9185873077224,901.5523462804683,946.425929001564,959.0997319962804
2012-12-10,879,951,771,795,965.2079545981928,891.4045037775666,940.4876572760124,955.8502323527897
2012-12-11,396,774,396,592,961.4944426121411,862.889789132084,926.8214746377374,948.6452772566948
2012-12-12,613,1158,613,1114,963.0119108448562,886.8050473099808,934.1618089656693,951.9196282021069
2012-12-13,987,1557,886,1421,967.5690062593352,937.6807570899825,953.2535027317215,961.2083484357286
2012-12-14,1086,1086,774,1022,968.110608187103,945.7111611766509,955.9494438010657,962.4121435162092
2012-12-17,496,653,412,412,962.5771692996692,894.8815267788746,934.618093063769,951.5128931495516
2012-12-18,822,822,322,323,956.2132173663392,840.4166194666008,910.6330698063663,939.067093285204
2012-12-19,915,1128,748,1106,957.7036331139378,865.7102747554959,918.2945180492538,942.3726953983683
2012-12-20,807,1000,558,560,953.7463830332022,836.5950104930678,904.2437526355576,934.8009588558263
2012-12-21,1637,1731,1439,1442,958.6046279781455,894.252628541347,925.3322329243592,944.8445042250178
2012-12-24,1310,1393,1219,1279,961.7926416301042,930.895235346933,939.201557123404,951.4614447354135
2012-12-26,684,1400,684,1390,966.053411365128,974.6194986472251,956.8799274322901,960.145376522831
2012-12-27,933,1686,677,1062,967.0081037893556,982.9414511570131,961.0022832192591,962.1622997600027
2012-12-28,1655,1655,1158,1556,972.8687196720485,1037.5184558087262,984.3355270145822,973.9214621409927
2012-12-31,1222,1222,117,117,964.3526130086451,949.8500314459905,950.3223690924417,956.9527203164187
2013-01-02,55,234,55,146,956.2098009389074,873.2928855939914,918.780315402542,940.8942506071827
2013-01-03,971,1091,605,959,956.2375641136447,881.4554679183732,920.3575579357756,941.2527802981296
2013-01-04,618,632,413,453,951.2302251672403,840.6501852594805,902.0298105657452,931.5844084110379
2013-01-07,1446,1446,1197,1209,953.7950985486608,875.7311199966729,914.0678572102257,937.0777864623045
2013-01-08,1069,1402,980,1149,955.7374358765348,901.7567276160373,923.2808824176678,941.2742659382985
2013-01-09,519,745,503,659,952.7848245742807,878.6370392716528,912.916926244426,935.6846765137777
2013-01-10,438,985,438,673,950.0008959715516,859.0525593410192,903.5084193328798,930.4829997511287
2013-01-11,904,1308,904,1003,950.5282502404914,872.7618394037793,907.4100499472767,931.9189799540766
2013-01-14,863,1153,863,935,950.3737402878497,878.689283270086,908.4920087728736,931.9799902520157
2013-01-15,1520,1520,684,684,947.7232553098612,860.147446768173,899.6884005857021,927.0694953955401
2013-01-16,1382,1410,1129,1198,950.2135711774248,892.3238804092994,911.3868946803805,932.4344558827571
2013-01-17,286,483,286,412,944.8582122602365,846.578748941747,891.803094888993,922.1288230929995
2013-01-18,810,1162,726,726,942.6805186059058,835.0950585663426,885.3010127364835,918.245084021851
2013-01-22,898,1028,491,491,938.1861850874391,802.3241006076432,869.8382279232881,909.784785328349
2013-01-23,1002,1339,1002,1157,940.3634369771163,836.1027576926296,881.0994738870806,914.6801361139262
2013-01-24,598,992,423,814,939.1060893455032,833.9977331504743,878.4681219699403,912.6864700522643
2013-01-25,556,1034,556,647,936.1995610933091,816.1884252313815,869.3909407162172,907.4253518334076
2013-01-28,882,1396,882,1027,937.1030480476045,836.265718066488,875.5716881391106,909.7931666485877
2013-01-29,901,1023,701,701,934.7537639874294,823.3832687268225,868.7257395846357,905.6586484971305
2013-01-30,1068,1479,997,1419,939.5721344950172,880.1086717052203,890.3051223460225,915.823823774415
2013-01-31,1210,1210,757,862,938.8002724602409,878.3840363047232,889.1951175481393,914.7580054818524
2013-02-01,355,500,355,419,933.6281304457111,834.6331757042733,870.7560933305651,904.941015274291
2013-02-04,1598,1666,1428,1648,940.7363082522214,912.0966827800568,901.2362465332881,919.6550545757901
2013-02-05,349,524,349,473,936.0822156327963,870.2779510867181,884.4426682378651,910.8104000297349
2013-02-06,1445,1445,744,751,934.2406015468978,858.9181462213163,879.2096224246154,907.6458376529084
2013-02-07,905,1580,905,1198,936.8650731732968,891.2116561050004,891.7112058589443,913.3954250261181
2013-02-08,668,711,546,582,933.3340774203286,861.7629269521433,879.5656683742798,906.8331393820366
2013-02-11,1001,1307,1001,1084,934.8332408290815,882.9283624805106,887.5827009870532,910.3413940477388
2013-02-12,763,763,587,638,931.8796762437175,859.601851768081,877.7951440856001,904.9484951557044
2013-02-13,588,1021,585,786,930.4281371766159,852.5921515996923,874.1953345136158,902.5930794100469
2013-02-14,1298,1298,911,940,930.523379592769,860.9167085901978,876.7759096307288,903.333810510838
2013-02-15,767,1221,767,1058,931.791803676423,879.6865458673218,883.8827367040336,906.3965073324056
2013-02-19,663,741,490,560,928.0923827443193,849.2402081656721,871.1814529117186,899.537170553546
2013-02-20,1061,1741,1061,1741,936.1810157518385,934.1697121498938,905.2919841700825,916.1998008396145
2013-02-21,1411,1641,1340,1518,941.9702593761983,989.7725967070468,929.319749496746,928.1166364665528
2013-02-22,255,611,255,364,936.2193115217088,930.1752065444709,907.1503475556972,916.9460100018686
2013-02-25,336,1770,336,1769,944.5056865314431,1010.0632821116642,940.9483731417482,933.8183662394554
2013-02-26,345,1082,345,619,941.2668239788914,972.8191600057914,928.3229467440326,927.5843391852087
2013-02-27,850,850,283,367,935.5527262278576,915.122097148097,906.3102821658352,916.4836592013432
2013-02-28,1007,1007,578,970,935.895485170864,920.3485640863735,908.8079181593318,917.5433887221087
2013-03-01,1614,1655,907,908,935.6179181542385,919.1725103638618,908.77623509426,917.3544107276115
2013-03-04,1217,1347,855,856,934.8257000631515,913.1560808053987,906.7065788160537,916.1394719013222
2013-03-05,280,415,257,386,929.3647478237172,862.9507397763131,886.28671298013,905.6416605765435
2013-03-06,584,1030,584,887,928.9432080443767,865.2411455119023,886.3146850201249,905.2725187829485
2013-03-07,705,895,679,773,927.3915343324924,856.4562745107688,881.8709718820808,902.6532609852663
2013-03-08,295,792,295,504,923.1786832446069,822.889010271648,867.052502396509,894.7591370053601
2013-03-11,1241,1310,848,856,922.5102386352078,826.0424378648244,866.6190709299792,893.9916293418877
2013-03-12,1128,1353,937,1215,925.4205845194346,863.0860152110315,880.2810681484114,900.3482307410583
2013-03-13,854,1195,795,818,924.3517229819278,858.7921090004571,877.8386733190619,898.7175727065819
2013-03-14,562,654,470,470,919.8308103154409,821.7642890956516,861.8449998555692,890.228115821303
2013-03-15,1092,1252,931,1023,920.8573694167798,840.9295948960657,868.1648037828018,892.8572620426634
2013-03-18,1763,1763,1185,1407,925.6946095220854,894.8410620488214,889.2955957913193,903.0383063586502
2013-03-19,534,1530,534,1190,928.3245139049502,922.9514370917908,901.0879253681303,908.7207161337265
2013-03-20,241,558,241,461,923.6745187417168,878.9560621306679,883.8295753536938,899.8549593786032
2013-03-21,1422,1498,1172,1470,929.1105931820978,935.2459609753662,906.8166508300195,911.1449601829873
2013-03-22,392,816,392,689,926.7214330509327,911.793964691998,898.274821385705,906.7460500803539
2013-03-25,447,1408,390,1144,928.8834088414707,933.908825197522,907.9111028999911,911.4441480985647
2013-03-26,378,788,378,579,925.4019818878241,900.1079847025198,895.012628276462,904.8610956609693
2013-03-27,1703,1703,953,996,926.1044497297363,909.2405575879941,898.9729173636596,906.66582643996
2013-03-28,618,930,618,697,923.8248034637688,889.0271711510422,891.0524108003788,902.5140278965945
2013-04-01,1058,1701,1058,1539,929.9459496979601,950.9293453271334,916.4621201807561,915.1177105125035
2013-04-02,314,1209,314,1090,931.5385273129058,964.1741695816921,923.2675272324911,918.5807261459194
2013-04-03,788,1718,788,1678,938.9660046530759,1032.1575820024834,952.8648791057268,933.6187315687724
2013-04-04,783,969,589,645,936.0409697809059,995.2854313355803,940.7917465917767,927.90350916147
2013-04-05,1772,1800,1127,1131,937.9808606288572,1008.2106283512393,948.250893784256,931.9252218513418
2013-04-08,758,1164,463,463,933.254682911157,956.2858066035022,929.2214469691871,922.6395738938895
2013-04-09,596,1092,596,889,932.8143378075634,949.8776345460259,927.6441353233366,921.9734437177729
2013-04-10,335,507,317,358,927.094792157737,893.5083360178329,905.3051496243822,910.8056527530645
2013-04-11,922,922,534,753,925.3625056686052,880.1265897304203,899.3323986587202,907.6807883421127
2013-04-12,1496,1636,1339,1339,929.4783016321016,923.8288192799041,916.5742653779861,916.2217628303877
2013-04-15,1698,1940,1698,1939,939.5232936556628,1020.5117888722942,956.6693922259082,936.474797229786
2013-04-16,234,432,215,217,932.3340071516263,943.9868565987424,927.6627493935196,922.2277715420674
2013-04-17,1647,1888,1647,1809,941.0570518565853,1026.3690607321955,962.2249945153424,939.7876176501453
2013-04-18,631,1474,631,1158,943.2156881565198,1038.9053406624625,969.9024457108192,944.1086549243998
2013-04-19,485,893,400,401,937.820507179838,978.1524510755613,947.5925458790223,933.3540280942137
2013-04-22,626,1591,626,835,936.797417556158,964.5188843064602,943.1771519229821,931.4064235774966
2013-04-23,370,506,304,331,930.7695825555993,904.1837524677497,919.1702047887476,919.5171874670511
2013-04-24,543,909,543,617,927.6474971570361,876.8329188993927,907.3203928362477,913.5267481112679
2013-04-25,518,688,393,652,924.9047359912945,855.4202599565933,897.3078284112968,908.348000623916
2013-04-26,1083,1516,1058,1343,929.0648878719782,901.856425675013,914.7859527873244,916.954970908591
2013-04-29,429,568,345,449,924.2881228185256,858.7272422773927,896.5198369917431,907.6885358410941
2013-04-30,927,1268,635,635,921.4096340342617,837.419885870022,886.264157109714,902.2887628541417
2013-05-01,1380,1728,1380,1715,929.3060555861596,920.9989443585913,918.763601928941,918.3820546788122
2013-05-02,440,648,400,449,924.526890853959,876.0466639434874,900.3414998925119,909.0873605267565
2013-05-03,162,397,162,388,919.1883148255614,829.5660292822029,880.2496763673154,898.7687989321672
2013-05-06,862,918,688,761,917.61430174272,823.0359312553264,875.5732184705579,896.0407039038074
2013-05-07,611,755,436,484,913.2997315761259,790.7467949452954,860.2174059815164,887.881482044326
2013-05-08,1062,1062,648,649,910.6698835007415,777.2471001886006,851.9343704528295,883.1511556672107
2013-05-09,991,1407,991,1356,915.1010289385451,832.3664239801625,871.7016500429146,892.5144991193451
2013-05-10,721,931,631,631,912.2741530287088,813.1886693153851,862.2623696490748,887.3359941862888
2013-05-13,1241,1479,1083,1203,915.1669475259356,850.3135579520151,875.6246296628366,893.5867665786395
2013-05-14,639,639,400,453,910.5682714311502,812.4741714803946,859.0511147740979,884.8622761513398
2013-05-15,1281,1300,640,740,908.8710747004919,805.5718694346427,854.3824436064862,881.9937162275509
2013-05-16,1268,1429,920,1334,913.101213260686,855.8983580599148,873.1909752297612,890.9443357081934
2013-05-17,367,588,367,406,908.0554300441618,813.050895387542,854.8697605148686,881.3414775753579
2013-05-20,1044,1044,617,877,907.746420789991,819.1412863030142,855.7376130436974,881.2555077223805
2013-05-21,690,1202,690,928,907.9479489413344,829.5087828455843,858.5714321400229,882.1811412328284
2013-05-22,870,1751,308,1663,915.4609046732614,908.8888987650524,890.117650487473,897.6429008123763
2013-05-23,1691,1788,1103,1118,917.476219054622,928.8042417398093,899.0542132134545,902.0064077269827
2013-05-24,1590,1683,1137,1137,919.6605352829342,948.6324091931608,908.3854205384171,906.6597461878346
2013-05-28,147,727,147,607,916.5494851806164,916.0959892700026,896.5663844388713,900.7258898276795
2013-05-29,1624,1756,1461,1541,922.7629231390183,975.6106569585738,921.8382909314646,913.4045850786165
2013-05-30,746,795,451,729,920.8349338540529,952.123927724424,914.2760050125836,909.7530091364657
2013-05-31,1633,1664,1053,1663,928.2196608803807,1019.8264107982884,943.6377303062078,924.6687911337634
2013-06-03,770,1324,770,796,926.904042364158,998.50960976988,937.8480153922388,922.1208942796295
2013-06-04,674,1616,585,1424,931.8502707983455,1039.0325040775103,956.9127991023471,932.0590943929042
2013-06-05,1336,1762,1280,1758,940.0706661137848,1107.5055989272712,988.3279834512747,948.4143598504704
2013-06-06,986,1132,365,365,934.3485699335481,1036.7907799818167,963.8837488061266,936.861600249471
2013-06-07,554,868,439,511,930.1361463521198,986.715467602596,946.1236017941217,928.428697274234
2013-06-10,668,1339,668,897,929.8064334530937,978.1711373547298,944.1971860374895,927.80634683316
2013-06-11,1836,1887,1490,1745,937.9178122247048,1051.2024576066603,975.6012179575879,943.9883993711172
2013-06-12,233,1632,233,1592,944.4260927000809,1102.706985453645,999.7737192141531,956.8203122548575
2013-06-13,1152,1152,233,233,937.3472261060502,1019.8777487437741,969.7041615979117,942.4872367646624
2013-06-14,1027,1473,680,1352,941.4731243537512,1051.508439339605,984.6961552607387,950.5964003930849
2013-06-17,159,781,159,551,937.5878196338134,1003.8409689263093,967.6884628975724,942.683600385301
2013-06-18,664,869,432,459,932.8257517767605,951.9513528380894,947.7398957251186,933.1057073083643
2013-06-19,1093,1756,1093,1756,941.0165403162953,1028.527414472557,979.4363704025649,949.4006437973077
2013-06-20,1834,1952,1834,1936,950.9168732484715,1114.95337499898,1016.9486696024643,968.9372647122125
2013-06-21,300,1456,300,935,950.758496400228,1097.8149583324105,1013.7349962847206,968.2652396684063
2013-06-24,1835,1945,1433,1717,958.3827899683849,1156.7849623007523,1041.3140160382611,983.0916705660616
2013-06-25,146,521,146,321,952.0406726552667,1077.1863944625854,1013.0664075661724,969.9809444162386
2013-06-26,217,749,217,642,948.9556908378014,1035.7400711804344,998.514783740048,963.4862722495803
2013-06-27,197,334,197,330,942.796927744888,968.526731068012,972.2985177110264,950.9419896307768
2013-06-28,1398,1451,806,1085,944.2118836877249,979.619423347249,976.718183683143,953.5966036974941
2013-07-01,262,577,262,527,940.0605216609814,936.512811599892,959.0821764798825,945.1491461985338
2013-07-02,973,1404,640,1163,942.2788249280363,958.0830200189498,967.0789538728283,949.4630244916322
2013-07-03,1556,1556,928,1051,943.3606276650708,966.9322562076212,970.3699752895801,951.4736576700157
2013-07-05,395,1025,395,503,938.9789298773586,922.7482318068954,952.0417409644986,942.5929911815005
2013-07-08,360,721,353,672,936.3224231124098,898.8674478252864,941.0597119070673,937.2347141284014
2013-07-09,298,658,298,420,931.1848865640276,853.2610242228782,920.6259977146333,926.9924425615023
2013-07-10,870,1185,851,893,930.8049374439875,857.045688582604,919.5426252552359,926.3193248870172
2013-07-11,95,404,95,293,924.4586196584752,803.327051574737,894.9723262256188,913.7783481565812
2013-07-12,993,1202,905,938,924.593359761376,816.1530466628573,896.6596859814769,914.2579848267478
2013-07-15,612,906,612,702,922.3785004602678,805.2813279330613,889.0259728057326,910.054856414337
2013-07-16,841,1448,841,1324,926.3747342865338,854.6831062251507,906.0837777937431,918.2517899506868
2013-07-17,383,819,383,722,924.3411548408966,842.0466199179936,898.8648061155571,914.3656158922573
2013-07-18,467,517,303,497,920.0890040464598,809.1850370686608,883.1054019541627,906.1009502310245
2013-07-19,1171,1253,885,885,919.7398597275895,816.4055097287884,883.1796999167447,905.6831096323904
2013-07-22,791,895,596,729,917.8419506755737,808.0811754689038,877.1334371749115,902.1844341941252
2013-07-23,536,1119,536,1005,918.7091949474585,826.8353492337701,882.1478121876601,904.2203859922613
2013-07-24,698,1564,698,1491,924.4036308186281,890.0891254972206,906.0243685724577,915.8397842894442
2013-07-25,1196,1196,632,632,921.4941419547612,865.5092087831996,895.2783149029495,910.2191945015344
2013-07-26,1587,1610,1163,1164,923.9071355671516,893.9369031847996,905.816420200873,915.2445569866525
2013-07-29,1214,1528,1048,1429,928.9329352132496,944.8952933576758,926.3334233302505,925.4179320958277
2013-07-30,457,1150,457,951,929.1525079971974,945.476693990278,927.3007400623976,925.9245076978906
2013-07-31,587,972,561,971,929.5689009524492,947.907485038823,929.0144365305389,926.817091703873
2013-08-01,224,504,224,476,925.0557775598875,902.9639150351255,911.2491645097334,917.890020581024
2013-08-02,1265,1363,1030,1035,926.1497499224756,915.5387802698755,916.1021384505282,920.2090300744691
2013-08-05,1228,1295,949,1027,927.1532349978738,926.1541345298873,920.4510741975663,922.3237027462618
2013-08-06,1231,1669,1231,1551,933.3606654954074,985.6632645746599,945.1784830525637,934.7727383354447
2013-08-07,1540,1634,1371,1453,938.5312061372441,1030.171525091359,965.09305234462,945.0346643090003
2013-08-08,316,862,316,616,935.3219404045352,990.7266179398009,951.4031287232624,938.5191264018914
2013-08-09,1122,1295,848,1033,936.2938613955349,994.7526543264865,954.6030060282325,940.3900347899728
2013-08-12,1504,1504,914,948,936.4103403866242,990.3000205811069,954.3440646153606,940.5407271703693
2013-08-13,877,1433,877,1075,937.7893419748169,998.3666852876681,959.0756699245621,943.2032870283819
2013-08-14,921,1314,921,1310,941.4929306118834,1028.0460485936046,972.8374083588931,950.4665882753446
2013-08-15,1801,1855,1686,1704,949.0800656306706,1092.4226153942136,1001.5104511683483,965.3880419728625
2013-08-16,1298,1315,882,1236,951.9349903507634,1106.0966520233362,1010.7061197499817,970.7466946070633
2013-08-19,1246,1627,1082,1626,958.6421048746364,1155.6112565925423,1034.8352915244923,983.7220075851412
2013-08-20,791,844,299,407,953.1531287067296,1084.3149464408716,1010.2142997000024,972.301769811178
2013-08-21,1569,1639,997,1572,959.3108090181054,1130.7611420179314,1032.2451114764729,984.1769822901646
2013-08-22,479,479,234,283,952.5813482318556,1050.0219856352712,1002.8629502421014,970.2922895715475
2013-08-23,670,1153,670,722,950.2870064584043,1018.7817965271502,991.8487168992739,965.3756105701307
2013-08-26,892,1252,682,1205,952.8214641055844,1036.5168635245645,1000.2075907463612,970.1206479845836
2013-08-27,1766,1795,1658,1794,961.1913997861258,1108.658114617463,1031.3367048347393,986.4350905987502
2013-08-28,1062,1078,621,900,960.5825301365126,1088.7859132253238,1026.1862458216124,984.7235046462997
2013-08-29,1062,1062,452,663,957.6215099361492,1048.2348738705311,1011.943647946255,978.3527421780561
2013-08-30,1019,1714,1019,1621,964.2222909318094,1102.7839335019091,1035.8282107718921,991.078430451758
2013-09-03,125,1081,125,802,962.6081387832342,1074.1378445969654,1026.6584770161317,987.3343031160796
2013-09-04,963,963,480,515,958.1543264570328,1020.8866213020162,1006.5934387017735,977.9811485989295
2013-09-05,752,899,665,878,957.3567709698981,1007.2783716542052,1001.5505587526843,976.0013238741982
2013-09-06,325,1393,325,874,956.5273503632325,994.5851934014238,996.5485760565006,973.9814956786695
2013-09-09,323,442,240,240,949.3977249864839,922.7199368870025,966.8800044464417,959.4472086355275
2013-09-10,389,733,389,576,945.6823247378622,889.6989905168118,951.551376821091,951.8541946031409
2013-09-11,1050,1285,800,849,944.7203115563909,885.8228961818774,947.529754200656,949.8174778783261
2013-09-12,996,1464,996,1451,949.7579203966259,939.6492870216986,967.2736854084735,959.7418842569732
2013-09-13,687,1008,650,738,947.6508764125798,920.4445930196321,958.2825604904941,955.350955855845
2013-09-16,109,706,109,644,944.6294746572307,894.1165365415719,945.9577541967493,949.185590393353
2013-09-17,769,769,583,587,941.0709724218354,864.8673425852318,931.8809795223669,942.0135985043758
2013-09-18,1006,1412,249,345,935.1399179698769,815.356167100924,908.8660391489408,930.1915470488435
2013-09-19,550,1254,550,1163,937.4071824676892,848.4651035675028,918.8320768293745,934.801615424114
2013-09-20,728,1528,728,1497,942.975270204329,910.2303317991691,941.5053287184187,945.9342567028443
2013-09-23,1255,1397,1095,1213,945.6620834361267,939.0655382944864,952.1521785725984,951.2226872631841
2013-09-24,990,1374,590,956,945.7649482775583,940.678344171202,952.3030735305357,951.3172875153982
2013-09-25,835,1053,598,1048,946.7822124738016,950.8994542501351,956.055894176397,953.2317966735092
2013-09-26,551,1001,375,739,944.7147277725697,930.7185538453604,947.5438983263423,948.9895828779942
2013-09-27,1607,1610,1351,1414,949.3842329688625,976.7453582410403,965.8362944704073,958.197709949717
2013-09-30,1773,1783,1129,1239,952.2659818945455,1001.7219907895127,976.5485966480384,963.7581513368514
2013-10-01,576,582,315,397,946.7409472488285,944.1294202381305,953.8212007010565,952.5352176470127
2013-10-02,1615,1653,1108,1162,948.8828283707307,964.8789992630705,961.9850751833679,956.683035119349
2013-10-03,1186,1810,1186,1627,955.6302629143056,1027.938142190397,988.0640918428437,969.9566383843124
2013-10-04,984,984,477,583,951.922499104213,985.5630810294068,972.1792254960656,962.2941306935339
2013-10-07,1777,1777,1349,1567,958.0426732424795,1040.9380256932727,995.5055303785728,974.2685043431669
2013-10-08,964,1725,862,1724,965.6641391803653,1105.9915470558183,1024.073940951962,989.1146725739953
2013-10-09,740,1375,740,1010,966.1052920243418,1096.8494949552642,1023.5220216989438,989.5282434141143
2013-10-10,125,188,122,160,958.0843438449951,1007.6257335309533,989.6584130048676,973.1019415643299
2013-10-11,1193,1193,398,398,952.5113652992738,949.5661398613387,966.4561222987944,961.7137843056303
2013-10-14,1690,1690,666,675,949.7500581818681,923.4169836840683,955.0264704439397,956.0362836263108
2013-10-15,1363,1602,1178,1568,955.9017988964764,984.8058423808237,979.0646480735892,968.1543770198492
2013-10-16,274,430,245,347,949.8430745293473,924.0624288207453,954.2777991295269,955.8542903461888
2013-10-17,1288,1288,363,363,944.003839956916,870.6279117901981,931.0904344577807,944.1146014284425
2013-10-18,390,869,390,523,939.8147470220213,837.5204916197031,915.086888008456,935.7756984298595
2013-10-21,1203,1222,1032,1083,941.2394759073743,860.8994924178267,921.6717159296929,938.6910311342187
2013-10-22,367,697,251,593,937.7744064953606,835.3852550447003,908.7826290304893,931.8456641810659
2013-10-23,1474,1494,1263,1300,941.3786412566008,879.6342783737765,924.1244867155681,939.1358490487676
2013-10-24,641,974,641,742,939.3947741794207,866.5262518619883,916.9823499816242,935.232168869584
2013-10-25,736,1141,736,878,938.7838809040036,867.6189897798942,915.4536303745017,934.0988585949387
2013-10-28,1034,1349,1003,1140,940.7860313427697,893.5600383722851,924.2593703598153,938.1761089197914
2013-10-29,641,1088,641,789,939.2757225731899,883.6019394796865,918.9550813260971,935.2221265649441
2013-10-30,747,1660,747,1544,945.2928795625114,946.4969928625735,943.4666467642894,947.2771339596977
2013-10-31,1029,1366,864,1286,948.6830001638795,978.8306125899475,956.8993272833369,953.9845174456443
2013-11-01,962,1431,827,1053,949.7209802617513,985.8943637718572,960.6679811153629,955.9452200704831
2013-11-04,455,884,455,554,945.783458070092,944.7615672221566,944.7202171500545,947.9859087819586
2013-11-05,1549,1697,1278,1393,950.2333739101906,987.4509417724274,962.2998164775033,956.7980690040981
2013-11-06,403,1010,403,933,950.0618975528753,982.265137794101,961.1508040666208,956.3268201129279
2013-11-07,729,1788,727,1786,958.3796896170257,1058.8113151470436,993.4978313581258,972.7559919918798
2013-11-08,974,974,560,560,954.415712605911,1011.3054756092299,976.4979164029052,964.5826060118426
2013-11-11,1112,1141,860,945,954.3220239232652,1004.9906684083509,975.2627039949481,964.1948316353704
2013-11-12,1362,1438,1146,1191,956.6770286603471,1022.7058428456507,983.7229901127932,968.6860230881354
2013-11-13,1491,1491,447,447,951.6056154398461,967.8767149555888,962.6750297162131,958.3556067893604
2013-11-14,759,1061,661,692,949.0224749877084,941.6027421026756,952.0603226685184,953.081238338086
2013-11-15,812,1053,675,675,946.2958831967859,916.2120047595637,941.1952119756354,947.5746791630744
2013-11-18,599,1428,599,1358,950.3924415729373,958.2870519253195,957.5404977805124,955.7019132390532
2013-11-19,1098,1591,924,1470,955.5626660348981,1007.0216184086224,977.6369488479432,965.8860337689729
2013-11-20,577,1429,513,1286,958.8505997061927,1033.5909880839918,989.7296175205729,972.2249241893893
2013-11-21,481,585,367,383,953.1207429926983,971.6299415998021,965.9362991864327,960.5571039084112
2013-11-22,907,1174,731,736,950.9603375897859,949.1889947807733,956.9191894144158,956.1104285834922
2013-11-25,736,1207,736,1155,952.9905829869025,968.7900428968901,964.6870643393406,960.0488359382746
2013-11-26,967,1074,791,929,952.7518707183762,965.0005150019482,963.2875716201507,959.4340075038533
2013-11-27,805,922,714,735,950.5851854375962,943.0957040493818,954.3351178311252,954.9897697314998
2013-11-29,699,981,602,976,950.8380691645854,946.2294465208693,955.184721053434,955.4058138952324
2013-12-02,1150,1474,1079,1434,955.6456505659328,992.6837849474531,973.9617908160444,964.8829264913664
2013-12-03,1404,1512,1039,1295,959.0223107593066,1021.4758054286481,986.5515245095329,971.4198982440126
2013-12-04,1501,1562,793,1144,960.862884781602,1033.1447763402055,992.7259745287669,974.8373260015569
2013-12-05,1236,1398,1056,1192,963.1627565748199,1048.273845260186,1000.5406421943054,979.1375769718231
2013-12-06,171,530,171,507,958.6238236735779,996.7239552354063,981.1861072062934,969.7883180218861
2013-12-09,703,1122,703,981,958.8464721942388,995.2264356891772,981.1788088844779,970.0103315264032
2013-12-10,1094,1366,928,1365,962.8878008291219,1030.442965623541,996.2306203007729,977.8319091199397
2013-12-11,1020,1806,1020,1781,971.0282207213695,1101.9245879451087,1027.0058900928996,993.7362277512281
2013-12-12,1018,1329,906,1114,972.4508254903111,1103.0746271884316,1030.4174238147466,996.1176885878374
2013-12-13,497,1087,497,876,971.4911157839399,1081.4484722181048,1024.3618385671095,993.7391204969891
2013-12-16,349,610,301,557,967.366826074647,1031.5009986735233,1006.0339233291837,985.0908210812072
2013-12-17,1115,1465,1050,1157,969.2537233276355,1043.4532845141403,1011.95416163,988.494963238015
2013-12-18,852,1261,342,342,963.0123927472611,976.6482097985079,985.6814494092157,975.6930827778563
2013-12-19,1326,1490,1215,1303,966.3953540134574,1007.7293326748404,998.125314138266,982.1744078713641
2013-12-20,563,602,383,440,961.1575892969056,953.6598724200937,976.2380469171576,971.4382809828222
2013-12-23,378,635,378,580,957.3649764680806,918.0732179038944,960.6992999792299,963.6870278940535
2013-12-24,779,779,478,499,952.8041309310848,878.1614828654283,942.5934450780836,954.4853045694188
2013-12-26,477,901,425,847,951.751353508885,875.1937225925303,938.8446825260019,952.356882696757
2013-12-27,705,1119,705,928,951.5150216331747,880.2228918694321,938.4194008583155,951.8745681879103
2013-12-30,902,1066,902,990,951.8979567413023,890.6778545485339,940.442169452107,952.6295272336943
2013-12-31,636,832,534,669,949.0830516991003,869.565677924864,929.7973784932009,947.013100951839
2014-01-02,1493,1745,1481,1623,955.7886929757262,941.3213276463055,956.9817950228793,960.3989801409115
2014-01-03,685,1008,563,807,954.3082084685051,928.5288202514192,951.1001560023742,957.3613765737647
2014-01-06,599,1386,599,1372,958.4643456976742,970.7641707036651,967.6060322375752,965.5720423841852
2014-01-07,553,750,436,651,955.4049989743143,940.3104401604588,955.1901094047291,959.342893030043
2014-01-08,1210,1504,1115,1216,957.9979840591469,966.5665887166056,965.4179482516025,964.4252119799431
2014-01-09,627,1419,627,1055,958.9631782476131,974.9888183626431,968.9309698887946,966.2187721387561
2014-01-10,724,999,665,665,956.0381714988806,945.4660737566771,957.0121083245282,960.2540439775926
2014-01-13,1151,1746,1151,1676,963.201970787449,1015.0407333988984,985.2077119196447,974.4272312255611
2014-01-14,417,641,399,444,958.0357820233947,960.6559016466224,963.9838800796587,963.923721696342
2014-01-15,737,740,604,688,955.3488588191818,934.6886729183726,953.1609828216328,958.4598856231471
2014-01-16,1002,1275,967,975,955.5443925622745,938.5278469261467,954.0174148678433,958.7874126405105
2014-01-17,980,1401,980,1322,959.1907170143912,975.0490043617518,968.448104480869,965.9797411030746
2014-01-21,320,1047,320,738,956.9898143575316,952.4729087082517,959.4109239129917,961.4652907842019
2014-01-22,686,1055,686,790,955.3282241649193,936.9992983550849,952.767358269345,958.0699384914454
2014-01-23,1531,1689,1527,1529,961.0364010389002,993.3803175593625,975.3647167685864,969.3754842638921
2014-01-24,1763,1944,1763,1918,970.5584268992096,1081.4393349346612,1012.3308063070732,988.1601281398546
2014-01-27,972,1798,732,1579,976.6125719051877,1128.826064940884,1034.5531276283646,999.8599275826298
2014-01-28,575,685,391,456,971.4323473091162,1064.7473920893713,1011.8647696821542,989.0904240661421
2014-01-29,1690,1719,1393,1671,978.3932194751947,1122.4857356999073,1037.7132100867757,1002.5935839856244
2014-01-30,264,490,264,434,972.9763715202176,1056.9156656332495,1014.0381822402354,991.3343050948199
2014-01-31,1727,1748,1075,1367,976.8970046394195,1086.4475070015114,1027.879822152383,998.7732297464077
2014-02-03,1188,1956,1188,1941,986.4900692698731,1167.8334587156533,1063.6884565777798,1017.4311855930134
2014-02-04,494,974,463,591,982.5548447000235,1112.896938837972,1045.1516543590433,1008.9870037000825
2014-02-05,1411,1745,1189,1323,985.9423586831078,1132.9067541867364,1056.0476679135907,1015.2050828347343
2014-02-06,432,499,301,390,980.012583969843,1062.153729978476,1029.9281515248224,1002.8247841647395
2014-02-07,320,817,269,436,974.5995234328296,1002.5200414090972,1006.6368514650254,991.6005310129625
2014-02-10,1240,1341,971,971,974.5637072792691,999.5181327034688,1005.2393278781617,991.1925997057751
2014-02-11,769,769,349,404,968.8864564605699,942.8021200650433,981.6613150201946,979.5650234739776
2014-02-12,671,1039,523,883,968.031864853997,937.1066800588486,977.7922438429321,977.6528447913246
2014-02-13,1613,1613,430,472,963.0962244076886,892.8108057675297,957.9572538883073,967.6399171716944
2014-02-14,959,1267,692,715,960.6276052593535,875.8764433134793,948.4295184417069,962.6371465346311
2014-02-18,710,968,632,696,957.9944947592604,858.7453534741003,938.5303216400714,957.3572030388958
2014-02-19,1288,1556,793,1523,963.6164400850389,922.0077007622812,961.450701183598,968.5580505034721
2014-02-20,579,912,539,561,959.6103063528494,887.6260149753972,945.7467521175745,960.4875940578588
2014-02-21,738,1007,686,992,959.9325918617762,897.5663945015499,947.5606049757088,961.111602096317
2014-02-24,502,702,345,701,957.3561481616591,878.8457855014022,937.891561643328,955.9608773023306
2014-02-25,946,1323,836,1188,959.6511118615431,908.2890440250782,947.6997356965309,960.5557114151557
2014-02-26,701,1054,588,847,958.5302052758561,902.4519922131659,943.7507264535296,958.3070834663407
2014-02-27,1124,1161,742,743,956.3856261188824,887.2660881928643,935.8781489455481,954.0435768630468
2014-02-28,778,1037,561,838,955.2076596898388,882.5740797935439,932.0397901633697,951.7456842518974
2014-03-03,1592,1747,1319,1441,960.0414143197906,935.7575007655873,951.9990140785317,961.433888524137
2014-03-04,122,259,122,244,952.916624127554,869.8758340260076,924.2343468597658,947.2272768701937
2014-03-05,1261,1261,1039,1102,954.4000408029017,891.9828974521022,931.2055489436965,950.2920832688037
2014-03-06,584,849,584,822,953.0826274615792,885.3178595995211,926.9229783968849,947.7516459763522
2014-03-07,739,1288,739,1087,954.4151386311157,904.5256824948048,933.2005086558306,950.5090391253353
2014-03-10,1316,1621,1208,1260,957.4557840178708,938.3803794000614,946.0161749830529,956.6375730040415
2014-03-11,832,1636,790,1515,963.003487659484,993.2965337429127,968.3292661601881,967.6942547267338
2014-03-12,1594,1594,1009,1009,963.4611643991906,994.7921019578735,969.9241968990043,968.5121902766995
2014-03-13,522,1716,522,1634,970.133192614124,1055.6690446285522,995.9663852559061,981.6901667068638
2014-03-14,1060,1060,465,849,968.9278872149786,1035.986278473452,990.2029975988117,979.0626386532625
2014-03-17,286,608,219,527,964.5305948048792,987.5113948093139,972.0381741635642,970.110903234386
2014-03-18,809,809,366,420,959.1123799311988,933.4626905417601,950.3896183140128,959.2176180218239
2014-03-19,1035,1684,1010,1584,965.330167195565,995.4186247758782,975.2370842624829,971.5895463778274
2014-03-20,1289,1531,861,899,964.6701655319275,986.235898606747,972.247394683562,970.1521296178705
2014-03-21,298,961,298,954,964.5639947306148,983.165813025152,971.5318105783242,969.8322854670216
2014-03-24,467,1689,467,1482,969.7126116984693,1030.6738308322804,991.5501709478017,979.9742204082687
2014-03-25,188,1047,188,848,968.5015409353005,1013.2763231339679,985.9207524792605,977.3608695090951
2014-03-26,323,1639,323,1639,975.1731673936557,1072.869054264066,1011.5317033624267,990.4626344693111
2014-03-27,1018,1245,718,1004,975.4600015489427,1066.3100967151074,1011.236342446253,990.7307011134832
2014-03-28,563,629,206,549,971.2166184489532,1017.0424684565257,993.1094270562039,981.9835585171766
2014-03-31,388,494,330,380,965.3338660265756,956.3717571749519,969.0659201128234,970.0630920118859
2014-04-01,625,852,546,546,961.1613897477042,917.2887326820993,952.4750997162421,961.6658030611555
2014-04-02,1007,1007,710,742,958.980679401956,900.5945676647565,944.2211742371737,957.3159851787565
2014-04-03,964,1466,964,1309,962.4634587113892,939.4903231252558,958.5262262278728,964.2800250762068
2014-04-04,549,1599,386,1557,968.3792451918729,998.3007685418982,981.9957859836425,976.0170542826186
2014-04-07,1334,1695,1307,1675,975.4102974785209,1062.7483143950508,1009.1724218274212,989.8583007324677
2014-04-08,855,1112,422,564,971.3166626777396,1015.2484749288554,991.7146797949733,981.425463094201
2014-04-09,567,1065,465,498,966.6070441436327,965.9867154118216,972.3533198030136,971.852681646791
2014-04-10,1249,1918,924,1880,975.6955312665816,1053.0355996583148,1007.947307261719,989.8357968617061
2014-04-11,1655,1712,1239,1669,982.5940831942773,1111.6988758813325,1033.8709422710633,1003.2845929634544
2014-04-14,292,1148,292,606,978.8468783863741,1063.5370781783483,1017.0916896329824,995.4175713206138
2014-04-15,837,1634,466,824,977.3061134273057,1040.7240231137437,1009.5194665101203,992.0231639677303
2014-04-16,284,682,284,384,971.4025700101186,978.1788780552919,984.9892913528607,979.9831013149039
2014-04-17,1133,1221,672,778,969.4781663284258,959.1142230024069,976.8720642409838,975.9834359423315
2014-04-21,956,1265,785,848,968.2694283550086,948.5319160497967,971.818257800161,973.449110478127
2014-04-22,766,925,472,559,964.1970957345608,911.4336383307684,955.6293065138801,965.2421973993521
2014-04-23,1079,1336,927,1258,967.1205077173015,944.4399584897428,967.4869807682378,971.0393816092659
2014-04-24,1127,1211,815,1078,968.2237862474776,957.1599624431007,971.8208246596795,973.1574136566071
2014-04-25,1484,1734,1484,1636,974.8683256878012,1021.8113945913768,997.8670668298881,986.2830094257832
2014-04-28,572,1610,545,1140,976.5114269247385,1033.067452249341,1003.4409073463631,989.326910229233
2014-04-29,390,866,390,835,975.1033530249899,1014.2038853684513,996.8353815680744,986.2709318088522
2014-04-30,1326,1486,718,728,972.6446131938955,986.9463724762179,986.2928175850126,981.1566559314492
2014-05-01,1287,1417,818,982,972.7377016198268,986.4752893832448,986.124471797365,981.1733558139948
2014-05-02,845,934,441,815,971.1681722504753,970.1443094419834,979.4137081974683,977.8827943127276
2014-05-05,1764,1764,1061,1144,972.8878919295751,986.7019942570327,985.8680725818813,981.1722439302973
2014-05-06,1354,1618,1119,1596,979.0880124078877,1044.730375756363,1009.7948148335722,993.3470509811825
2014-05-07,920,1445,783,784,977.1468381550729,1019.8989113986141,1000.9401162126478,989.2015648231393
2014-05-08,1126,1427,529,1342,980.7772178749229,1050.575205551127,1014.3150136160734,996.1876724504039
2014-05-09,1131,1439,872,872,979.694857498058,1033.5680431176863,1008.7340326899529,993.7285106197028
2014-05-12,283,316,198,312,973.0511275727042,964.8472771064781,981.4111294472096,980.2289361519859
2014-05-13,889,1325,816,1325,976.5531064028265,999.1475364296707,994.885202802221,987.0560859311545
2014-05-14,1292,1500,1213,1496,981.7217322097636,1046.4668186744639,1014.5367634766437,997.1341832394485
2014-05-15,1704,1879,1598,1600,987.8737547748406,1099.1842645149911,1037.4961060854027,1009.0721202050039
2014-05-16,1207,1341,675,675,984.7605830855387,1058.785763132611,1023.2805725134261,1002.456830695994
2014-05-19,1293,1293,586,703,981.9569951941403,1024.901404739029,1010.7205500619192,996.5269924643901
2014-05-20,1367,1774,1367,1684,988.942497729522,1087.6726995257882,1037.1236657457655,1010.1403193462834
2014-05-21,384,989,377,650,985.5699355630591,1045.989585285237,1021.9423455204413,1003.0088278740798
2014-05-22,890,890,434,657,982.3005829703918,1008.9429581152143,1007.630880990228,996.1571679161772
2014-05-23,697,783,499,538,977.8796816473033,964.0912478185272,989.2139836964935,987.0847487495201
2014-05-27,331,687,331,585,973.9704310836486,927.9873194548579,973.362454924082,979.1226745168564
2014-05-28,1161,1435,1026,1189,976.1100287843088,952.8456699829667,981.8188292407847,983.2786611600869
2014-05-29,557,1152,545,721,973.5716205376988,930.765129984589,971.5906398587931,978.0850243054317
2014-05-30,1033,1284,918,1061,974.4415546617017,943.1684509384377,975.0968892760953,979.7269050122549
2014-06-02,796,1479,796,1047,975.1635292421823,953.0571698966817,977.9166191084054,981.0590455070617
2014-06-03,1494,1494,1042,1137,976.7738423840511,970.5755346684263,984.1551830649385,984.1469851999911
2014-06-04,1332,1490,762,787,974.8855454449064,953.0921504142905,976.4236072584703,980.2430845029617
2014-06-05,581,1212,295,367,968.8369330524198,897.2738503748342,952.524642267942,968.0996570870615
2014-06-06,558,569,386,533,964.5002471514007,862.5811027200881,936.0726955123364,959.4838222932583
2014-06-09,896,971,546,784,962.7042247916853,855.0971881753178,930.1090603942056,956.0088951191344
2014-06-10,1232,1508,1232,1233,965.393734992763,891.0879321586209,941.9871364571779,961.493867493013
2014-06-11,1559,1684,1418,1473,970.4445435998002,946.5081290958951,962.8111703216023,971.622701800082
2014-06-12,1242,1519,1242,1390,974.6192247580111,988.7454501343813,979.5636734462453,979.9074007743378
2014-06-13,879,1386,741,835,973.2299787405185,974.1030263120592,973.8945097816867,977.0379472936579
2014-06-16,1175,1332,905,1013,973.6257003450904,977.807499996625,975.4280584176989,977.750067149229
2014-06-17,1192,1192,616,689,970.7936038242437,950.3020238064702,964.1955855385735,972.0322440373632
2014-06-18,1076,1272,535,543,966.5369510498732,911.5113548725207,947.6781115958843,963.5365560366233
2014-06-19,684,1132,599,915,966.0241455667899,911.8436067894235,946.3966170234967,962.5754361151061
2014-06-20,618,1035,618,880,965.1681839193592,908.8108823332879,943.7928281206144,960.9402789643119
2014-06-23,880,1262,880,1151,967.0172567161815,931.8765125872604,951.9185995668648,964.7038377967018
2014-06-24,1181,1534,586,1530,972.619075057314,988.8406542456166,974.5884584073799,975.8978212066681
2014-06-25,1165,1165,595,595,968.8616713254005,951.3320205079389,959.7026365090513,968.3552900936648
2014-06-26,1194,1681,1140,1140,970.5645402674363,969.3003995071828,966.7731213518337,971.754195240325
2014-06-27,1294,1294,626,691,967.7828035483574,942.7955995541178,955.9584891419578,966.1947062256651
2014-06-30,1285,1413,811,811,966.2227756523538,930.2436376918208,950.2738425089399,963.1215437261469
2014-07-01,432,632,409,631,962.8872256458627,901.7442436259331,937.753299665452,956.5448794939459
2014-07-02,1103,1324,977,1278,966.0226761369487,937.5781251853681,951.0963075217088,962.9103274247589
2014-07-03,613,844,613,633,962.7090176679243,908.5706846915235,938.6219425208575,956.3774496539716
2014-07-07,1537,1752,1537,1705,970.0949975916266,984.4210956732832,968.6759839906277,971.2016585717147
2014-07-08,1480,1721,1419,1487,975.2383309489238,1032.2857532282085,989.0024159909952,981.415487114849
2014-07-09,522,1067,522,848,973.9722779046559,1014.7347291112362,983.4729094815444,978.7735962808916
2014-07-10,1847,1849,1393,1553,979.7337477762513,1065.9980882434995,1005.8073051881505,990.1444161565175
2014-07-11,1126,1458,1075,1145,981.3781880968857,1073.5220798393568,1011.2658422395956,993.210863361339
2014-07-14,339,653,339,621,977.7923354790062,1030.4247389022753,995.9612994066703,985.8403512155699
2014-07-15,830,1683,669,1391,981.9038545289663,1064.7652399592014,1011.4530131554283,993.8633145578358
2014-07-16,366,1181,366,885,980.9396370709667,1047.644740915468,1006.4940714630585,991.7076053586708
2014-07-17,1598,1826,1156,1813,989.2188446623004,1120.5357179711377,1038.1217549350954,1007.9708210941426
2014-07-18,570,601,241,273,982.0922889940188,1039.8180305453152,1008.1169802317584,993.416943448714
2014-07-21,1660,1764,1306,1398,986.2306741781579,1073.930599064809,1023.4065104187482,1001.4284891229969
2014-07-22,310,610,310,578,982.1686774201662,1026.6991134395892,1005.9395884415424,993.0437665661059
2014-07-23,1028,1229,777,1024,982.5849094856372,1026.442055016771,1006.6478398752074,993.6567612875691
2014-07-24,670,1166,670,1097,983.7233680977205,1033.1618593008882,1010.1910618408856,995.7031620541519
2014-07-25,1651,1696,1422,1535,989.2087077186387,1080.9559679388988,1030.771804513792,1006.3823073600103
2014-07-28,1059,1566,1059,1202,991.3260340099955,1092.483970992337,1037.4866357093294,1010.2559250360497
2014-07-29,877,1379,696,1378,995.1735361591498,1119.6759737549714,1050.8401009756303,1017.537985926425
2014-07-30,433,1303,433,1137,996.5847447545812,1121.3258810164027,1054.2189205452135,1019.9035703635255
2014-07-31,1758,1958,1736,1924,1005.8127572445853,1197.7710352053168,1088.3279824846168,1037.8064699602874
2014-08-01,1125,1610,822,1267,1008.4116352819526,1204.3642699476677,1095.3347282695338,1042.344955703648
2014-08-04,725,1382,564,575,1004.0990816970576,1144.4248156669375,1074.9294448079834,1033.0906001451601
2014-08-05,1618,1686,1058,1502,1009.0533196901217,1178.4795951272292,1091.6773097174741,1042.375934795751
2014-08-06,1554,1554,634,890,1007.8687095439514,1151.005347972255,1083.7683956109065,1039.3585895522708
2014-08-07,512,1548,512,1379,1011.5615582052055,1172.7191243558498,1095.3461055869493,1046.0841620363842
2014-08-08,753,1041,437,437,1005.8445277753029,1102.6506363219594,1069.5286112502063,1034.0230895208122
2014-08-11,410,572,247,549,1001.2988110810213,1049.9220042912966,1049.1157245345119,1024.4186719065387
2014-08-12,1341,1560,956,1359,1004.8580268911604,1079.3580038826017,1061.2680490625703,1031.0440447400726
2014-08-13,409,680,409,584,1000.6703848325419,1032.1810511318777,1042.5516549816853,1022.191687418487
2014-08-14,570,833,570,732,997.997047670029,1003.5923795955084,1030.3731587078937,1016.4453173705962
2014-08-15,300,1594,300,1128,999.290609384755,1015.4407243959362,1034.2016622879762,1018.65432098702
2014-08-18,218,423,218,369,993.0190610326679,953.8749411201327,1008.1153225904085,1005.789878987277
2014-08-19,580,750,551,741,990.5114086840841,933.6011372039296,997.6402119005885,1000.5465150469349
2014-08-20,1494,1523,949,1042,991.0237329757848,943.924838422603,999.3798114338988,1001.3673761351145
2014-08-21,816,1355,760,822,989.341904786971,932.3129490490218,992.4237403972753,997.8155469047161
2014-08-22,1312,1575,1113,1308,992.5126321025235,968.0926681872102,1004.7992799895391,1003.9578133026425
2014-08-25,365,909,365,790,990.4975810368268,951.1314616931902,996.3757788134787,999.721024920412
2014-08-26,567,747,544,747,988.0747195339728,931.6903701033625,986.5963365070678,994.7166481893147
2014-08-27,736,1173,736,1042,988.6112894888587,942.1960491411376,988.7690291930652,995.6529521855659
2014-08-28,1664,1685,1225,1356,992.2668985486711,981.605949222934,1003.1702437345136,1002.7885372908023
2014-08-29,708,1152,525,525,987.6174766725649,938.1196683445593,984.4184694704151,993.327378136529
2014-09-02,801,1245,782,978,987.5217803872657,941.917795168887,984.1667647853008,993.0238656981819
2014-09-03,374,1263,374,1206,989.6956930202283,967.0684813432787,992.86610734274,997.2412148922773
2014-09-04,798,1449,565,1319,992.9723527911713,1000.585768834395,1005.6556717606717,1003.6126759835194
2014-09-05,1204,1373,723,723,990.2860607235974,974.149028945405,994.5711356131943,998.0559893303804
2014-09-08,1188,1514,985,1292,993.2881894726163,1004.4205499982236,1006.235012647971,1003.8766628089867
2014-09-09,1426,1755,1426,1683,1000.1509935574659,1069.047164284107,1032.7748160735407,1017.3246496840562
2014-09-10,1031,1451,966,966,999.8111826762971,1059.2331486380017,1030.1561958353627,1016.3083199873422
2014-09-11,1463,1520,803,826,998.0817181720554,1037.0204678153348,1022.1500705084858,1012.5398384034345
2014-09-12,1267,1759,1267,1663,1004.6978204788011,1096.6375661186362,1047.2814402924666,1025.4202376429705
2014-09-15,1196,1621,1196,1464,1009.2679914193105,1131.624464583528,1063.6233445947228,1034.1049854124167
2014-09-16,833,1156,512,629,1005.4842303106607,1083.7554679565253,1046.579291865518,1026.0831045131608
2014-09-17,773,1151,578,1131,1006.7331434418979,1088.254947198761,1049.8899078707918,1028.160666800029
2014-09-18,533,987,533,881,1005.4820673877497,1068.516380798879,1043.2667742288,1025.2465941901276
2014-09-19,554,1608,554,1444,1009.8454299013044,1104.2767254847001,1058.9818026904156,1033.538740839828
2014-09-22,1657,1907,1657,1844,1018.1454753749233,1174.726561152824,1089.7668300358896,1049.58747864498
2014-09-23,1466,1660,1005,1649,1024.422634823929,1219.8954600906502,1111.6975425835017,1061.4570335232972
2014-09-24,857,1320,627,726,1021.4532553729447,1172.857797224874,1096.5721487566977,1054.8143199881824
2014-09-25,1632,1977,1632,1899,1030.185063777194,1242.0141974891717,1128.039907628984,1071.5308681072283
2014-09-26,803,867,446,456,1024.4717795605056,1167.1557024902029,1101.6854014474554,1059.3421380456991
2014-09-29,1897,1897,1298,1334,1027.5516623509484,1183.0456355863741,1110.7957778612806,1064.7809075893485
2014-09-30,1601,1661,1110,1622,1033.4665711832772,1224.8508131495767,1130.8430022588775,1075.8149490232229
2014-10-01,1369,1820,1207,1735,1040.4470033108068,1273.436449992474,1154.535433542843,1088.8681183494957
2014-10-02,889,1656,659,837,1038.422655019157,1231.8710738027146,1142.0830635999864,1083.8806308574265
2014-10-03,433,679,431,645,1034.5080017353844,1175.9785905834085,1122.589610125477,1075.1899252958933
2014-10-06,401,1386,401,1241,1036.562648484286,1182.171105765941,1127.2331548264387,1078.4732931118162
2014-10-07,1806,1862,1324,1860,1044.7560549670295,1246.7262385501372,1155.9691095391274,1093.9490694858398
2014-10-08,1081,1535,377,378,1038.1216663603925,1163.990406307267,1125.4605170081813,1079.7718601890906
2014-10-09,1283,1970,1283,1962,1047.3144856005877,1239.9913199922892,1158.2659869294291,1097.2417243437621
2014-10-10,792,1690,792,1690,1053.7093663408803,1282.849289516833,1179.1183011674907,1108.9795119805194
2014-10-13,570,1420,570,1420,1057.3540492628615,1295.9112619438013,1188.5646422981774,1115.1383335254595
2014-10-14,536,819,264,691,1053.7087353398479,1238.300665568201,1169.0523033845234,1106.7395546437672
2014-10-15,1954,1954,908,1043,1053.6021807593518,1219.7006021807533,1164.1090758008165,1105.4773852448807
2014-10-16,1797,1797,482,677,1049.8548953786617,1168.0148305444911,1145.0067591027453,1096.9926845469622
2014-10-17,201,920,201,797,1047.3389262704163,1132.680084778349,1131.3594352163632,1091.0522353480126
2014-10-20,1009,1009,475,475,1041.6440115811583,1070.04388622803,1105.6198495216038,1078.8531811827054
2014-10-21,405,405,281,281,1034.0754144509976,994.8968494444082,1073.2818162070312,1063.0541082879984
2014-10-22,822,1666,653,1663,1040.333370526112,1058.5257209258932,1096.40801949303,1074.9342249555627
2014-10-23,226,404,226,377,1033.7330384810762,993.6185094091414,1068.195940297225,1061.1137452534724
2014-10-24,950,1192,799,824,1031.6461425757918,977.4643656558899,1058.61962891302,1056.418423565285
2014-10-27,1569,1760,1216,1216,1033.480509316331,1000.1820451172337,1064.791408171333,1059.578454781814
2014-10-28,386,446,215,215,1025.336424646517,925.4028027251162,1031.466254909712,1042.8541289445502
2014-10-29,995,1563,720,1310,1028.1688980331187,962.0311072274861,1042.3891468740371,1048.144146193173
2014-10-30,1339,1431,603,726,1025.1622423312965,939.5519541582017,1029.981729349565,1041.7650541893477
2014-10-31,342,594,342,396,1018.9019215120796,887.7851013812301,1005.1197007476213,1028.977627373717
2014-11-03,854,1243,820,1159,1020.2959322433027,913.6150917258749,1011.1542222869302,1031.5523278217622
2014-11-04,1307,1632,1145,1361,1023.6860224697375,956.2231782281725,1024.8736645501879,1038.0760441025193
2014-11-05,829,991,713,826,1021.7189973705362,943.8209707778703,1017.0746973129257,1033.876518476727
2014-11-06,1163,1226,870,870,1020.2093556056552,936.7904021323588,1011.3070621241835,1030.6314389029303
2014-11-07,1053,1211,812,850,1018.5157301767432,928.5246495483246,1004.9812949820587,1027.0545787266346
2014-11-10,773,1041,738,873,1017.0678124635418,923.2365876865795,999.8055579239387,1024.0039930092755
2014-11-11,1079,1300,1019,1084,1017.7338043793275,938.5473888592862,1003.1073007504509,1025.1920327516661
2014-11-12,1461,1461,967,1008,1017.6369506044088,945.1619232536399,1003.2991713092567,1024.851596459554
2014-11-13,879,1531,879,1445,1021.8893192551111,992.7655496104361,1020.620772434384,1033.1713668266916
2014-11-14,971,1147,801,1038,1022.0496245361547,997.0735925046803,1021.3023107702905,1033.266983325173
2014-11-17,1175,1356,1019,1209,1023.9098272770885,1017.2570598851869,1028.6630044655733,1036.7468450415063
2014-11-18,594,763,413,763,1021.3137095927394,993.0421018008834,1018.2448474277077,1031.326115436724
2014-11-19,1537,1702,1252,1440,1025.4797423331102,1035.6095206769899,1034.7842651756407,1039.4186676062939
2014-11-20,1360,1360,592,611,1021.3555657924821,995.1705187077528,1018.1652743844392,1030.935129633892
2014-11-21,184,796,168,683,1017.9888437447958,965.4399931165382,1005.021538134069,1024.0453250866863
2014-11-24,555,900,555,755,1015.3720393294246,945.3980890102013,995.216771932733,1018.7176948869499
2014-11-25,691,1292,691,1077,1015.9852528684353,957.931604342563,998.4239573471356,1019.8717999386935
2014-11-26,987,1165,900,946,1015.2888821931275,956.7952610718427,996.368115882542,1018.4089920191154
2014-11-28,1100,1408,1027,1408,1019.1964555046387,999.7671409697624,1012.5105427106777,1026.1236654444795
2014-12-01,1641,1734,1508,1698,1025.9507196289708,1066.2655084964517,1039.3924822122196,1039.428147316866
2014-12-02,843,843,441,673,1022.438772169976,1028.8116505444086,1025.0241495764462,1032.1721443997003
2014-12-03,971,971,443,580,1018.0363963274887,986.0676838258935,1007.5722221420758,1023.2182405502012
2014-12-04,1355,1625,1174,1337,1021.2101635282102,1019.4898091758084,1020.490958528661,1029.431740737326
2014-12-05,797,1054,774,954,1020.5414056821584,1013.2526844923981,1017.8834699589096,1027.9380429009434
2014-12-08,1377,1740,1021,1622,1026.5260683121867,1071.228619302646,1041.5743142742465,1039.701646011816
2014-12-09,1708,1708,668,668,1022.9586447468913,1032.825893654775,1026.9243411654525,1032.3412173779186
2014-12-10,1630,1937,1569,1932,1032.00383236135,1118.4615228305106,1062.4175042570034,1050.1562427763756
2014-12-11,335,960,264,882,1030.5112569149685,1095.9413777990335,1055.3423080116308,1046.8264161867444
2014-12-12,1684,1808,1483,1803,1038.1977120700435,1163.2802941991256,1084.6622175013708,1061.80015051968
2014-12-15,425,1699,425,1606,1043.847486079297,1205.4440757039708,1105.1068364228856,1072.5763851628546
2014-12-16,1484,1484,344,1150,1044.9037299989059,1200.163687541688,1106.867352641596,1074.1095260507188
2014-12-17,624,674,130,132,1035.8201107949367,1098.4338125377176,1068.6372603811412,1055.4538918714966
2014-12-18,129,621,129,335,1028.8467763591661,1025.7258303912683,1039.8671717387435,1041.187478171071
2014-12-19,867,1072,638,818,1026.7487984849456,1005.9424179730523,1031.166498337224,1036.7679241478816
2014-12-22,787,1080,787,802,1024.512492032359,986.5193305470474,1022.1795768338035,1032.119054362775
2014-12-23,575,736,512,675,1021.034755793231,956.8508228759,1008.5646914677719,1025.0473899199478
2014-12-24,851,1121,834,1061,1021.4324199146914,966.7697921258143,1010.6209780768789,1025.75932279282
2014-12-26,356,688,356,686,1018.0947838956398,940.0298119233559,997.8907436424915,1019.031415410784
2014-12-29,988,988,641,906,1016.9794129116036,936.7888774544648,994.2871850682762,1016.7931695610655
2014-12-30,1274,1382,1104,1378,1020.5716575592494,978.8089843635634,1009.3347464381478,1023.9457800648067
2014-12-31,753,1590,719,1590,1026.2376112153763,1037.0176525194145,1032.1059328523381,1035.154774518969
2015-01-02,421,1487,421,1106,1027.0312668251736,1043.5873998985178,1035.0037394071485,1036.5576502710685
2015-01-05,1748,1817,1565,1763,1034.3543387970624,1112.1028856224684,1063.552612371574,1050.9426472954037
2015-01-06,825,1808,825,1670,1040.6791712468428,1165.2359441346143,1087.3348628668064,1063.2012087350988
2015-01-07,371,823,361,568,1035.9758959110534,1108.3563304075083,1066.968789813206,1053.395244205691
2015-01-08,274,388,274,349,1029.1403148572122,1036.0366798925074,1038.813150997002,1039.4468235283505
2015-01-09,1102,1722,1102,1505,1033.875237097439,1080.699853236078,1057.0949882128057,1048.6656983099674
2015-01-12,1135,1721,1135,1415,1037.6675232954744,1112.5379624516897,1071.130478871127,1055.9198428978889
2015-01-13,232,1641,232,1113,1038.4171001781065,1112.5819660277193,1072.7724208761808,1057.0501430385248
2015-01-14,1729,1778,1280,1280,1040.820910126583,1128.526540691746,1080.8989926065267,1061.4649916912272
2015-01-15,557,1613,557,1558,1045.9669707223384,1169.4287749115797,1099.6088360337217,1071.297368093381
2015-01-16,896,978,294,294,1038.4847123071906,1086.0546058723817,1068.0163326598501,1055.905341002423
2015-01-20,704,1689,704,1371,1041.7933221349797,1113.1922624559643,1079.898045104562,1062.144839200395
2015-01-21,1361,1361,557,794,1039.3277169396067,1082.79299936492,1068.6863570612459,1056.8350404043474
2015-01-22,328,851,328,389,1032.8567943829937,1016.71747561588,1042.0319901176676,1043.6105841587168
2015-01-23,1082,1334,1075,1334,1035.8532441901282,1046.934858890558,1053.4817159954061,1049.3608696209205
2015-01-26,1234,1398,542,542,1030.9392815613708,998.8458247105049,1033.4236094857824,1039.314119727437
2015-01-27,1694,1752,1177,1361,1034.2234678144914,1033.3366985475996,1046.2697424471244,1045.6841371585767
2015-01-28,717,1884,717,1872,1042.5595527118596,1113.2093939240187,1078.651321174688,1062.0468275118722
2015-01-29,784,1502,645,645,1038.6037362669656,1068.6180230741122,1061.645387010975,1053.7884744918351
2015-01-30,1738,1797,1349,1631,1044.498226453364,1122.1782113527681,1083.9730188928975,1065.2184056900167
2015-02-02,718,1342,532,532,1039.398741613032,1065.9707626525046,1062.3270181519995,1054.6596253793232
2015-02-03,386,473,256,259,1031.6335800049421,989.1164043046471,1030.8239978323131,1038.903989233198
2015-02-04,1472,1472,1050,1379,1035.08996229345,1026.248175323252,1044.4779587016342,1045.6385637038277
2015-02-05,488,488,344,369,1028.4622014746099,963.6531110067519,1017.9886269878446,1032.2397802641478
2015-02-06,995,1322,908,1252,1030.686458176355,991.1147194822994,1027.1655435765565,1036.5914677836697
2015-02-09,1178,1385,873,1372,1034.0826128213664,1027.3895081030328,1040.6884634362993,1043.2332208968644
2015-02-10,597,1371,597,859,1032.340497270905,1011.3524120932201,1033.5634256544836,1039.5850383048473
2015-02-11,1180,1526,1164,1224,1034.2475569995527,1031.6045633224371,1041.0315266092098,1043.2368197245532
2015-02-12,348,488,317,379,1027.7276808105023,969.4517477679193,1015.0695059578682,1030.083615373572
2015-02-13,840,945,652,746,1024.9244203049252,948.1706289328794,1004.517760626187,1024.4581972473627
2015-02-17,1157,1282,848,1015,1024.82566985413,954.5353309392718,1004.9288288369248,1024.2709062127615
2015-02-18,1207,1262,919,919,1023.7726781142878,951.1510137069603,1001.5590708433199,1022.1863338125088
2015-02-19,1432,1454,1030,1170,1025.2276763420064,971.9937743062974,1008.1645974769152,1025.1133371033502
2015-02-20,996,1582,769,769,1022.6781472241754,952.6610338961739,998.7855936542911,1020.0417858735809
2015-02-23,1291,1561,1225,1225,1024.691299988114,978.5980782870145,1007.656746844319,1024.1003643711338
2015-02-24,963,1070,775,935,1023.7988492419636,974.4458803549178,1004.8074626543456,1022.3360007202202
2015-02-25,931,1174,895,1021,1023.7709999957749,978.8796060354018,1005.442464118881,1022.3095452604139
2015-02-26,1138,1396,1101,1209,1025.6140746226827,1000.7958340320303,1013.4251125848073,1026.0063859483264
2015-02-27,894,1209,894,1193,1027.2796062184768,1019.1009926956464,1020.4672650324619,1029.3131901869733
2015-03-02,982,1004,724,809,1025.1076698381935,999.0913743436801,1012.1744311096203,1024.9505527575284
2015-03-03,1360,1558,1332,1376,1028.5991358099527,1034.9874339299963,1026.4421004778706,1031.9020269603495
2015-03-04,1570,1800,1423,1480,1033.0906866974158,1077.3695830795205,1044.228684772856,1040.7752541492534
2015-03-05,1033,1162,809,978,1032.5425206606255,1067.9058132624232,1041.6314814484303,1039.5321798096643
2015-03-06,1598,1780,1379,1761,1039.7908537883804,1133.9147834279067,1069.8420115877077,1053.8186712985819
2015-03-09,662,1024,662,954,1038.9372134521777,1116.7800421490585,1065.2991876038761,1051.8420639461347
2015-03-10,1788,1874,1680,1780,1046.3109725223053,1179.943847658672,1093.3266704429398,1066.2610329769043
2015-03-11,880,1237,782,866,1044.5168334922325,1150.0444335959414,1084.4118990530205,1062.2954679674606
2015-03-12,236,498,236,435,1038.451989377882,1081.9449637296614,1058.9447657568237,1049.8737755324614
2015-03-13,1462,1835,1444,1517,1043.2136611253657,1123.3787767077888,1076.9077161193013,1059.1237997793435
2015-03-16,565,815,565,660,1039.400589870387,1079.2474646403803,1060.5583939185444,1051.2203581995545
2015-03-17,1537,1537,945,1027,1039.2772009164528,1074.2715156270108,1059.2423784707585,1050.740747146098
2015-03-18,1475,1542,318,384,1032.7570297630552,1008.5313712815812,1032.7622851973954,1037.5379600738981
2015-03-19,1537,1559,1232,1384,1036.251984690786,1044.290288302383,1046.53631322887,1044.3985945278803
2015-03-20,247,437,247,427,1030.1897758878927,985.5007370354895,1022.2407715336203,1032.1728797847538
2015-03-23,811,938,649,937,1029.2625144362719,980.8816192225858,1018.8979961793607,1030.2882683038677
2015-03-24,1148,1290,1011,1261,1031.5683600637717,1007.5595602490062,1028.392192407621,1034.8568174463653
2015-03-25,757,1723,757,1714,1038.3587246402517,1074.8396021300532,1055.2787730975183,1048.3051972989126
2015-03-26,1187,1451,1010,1281,1040.7730656886074,1094.4739257367148,1064.1305859172235,1052.9130151741817
2015-03-27,1034,1265,890,917,1039.541492895686,1077.571647095123,1058.3607590185088,1050.2216683390495
2015-03-30,343,512,343,457,1033.7450601305547,1018.4695854670159,1034.777984155038,1038.4747046095633
2015-03-31,1622,1622,1150,1323,1036.623218736221,1047.472482089205,1046.0808083058207,1044.1088688747204
2015-04-01,1120,1426,923,1023,1036.4876643209352,1045.1417695092807,1045.1756785683376,1043.6908714712606
2015-04-02,726,726,311,651,1032.6519661684881,1007.6044581274444,1029.7178088205596,1035.9148146104435
2015-04-06,1133,1133,413,510,1027.4514490921847,960.2135573534022,1009.3367182785769,1025.5006598656823
2015-04-07,961,1347,923,1347,1030.6310366634068,997.050361414983,1022.5784156009856,1031.8669834326986
2015-04-08,562,1082,544,847,1028.8038621692435,982.7598508040322,1015.6929875382019,1028.2062510874966
2015-04-09,790,1503,790,1110,1029.6117839387039,994.8779602512673,1019.3913017523901,1029.8259292837838
2015-04-10,583,860,583,812,1027.4464925562293,977.4610116559085,1011.2583095268061,1025.512544545491
2015-04-13,925,1328,841,1327,1030.4271244710926,1010.7504391172505,1023.6403366041862,1031.4825931683527
2015-04-14,612,1199,612,824,1028.3731232325742,992.9646830108456,1015.8113037961789,1027.374026966999
2015-04-15,451,710,451,709,1025.1952812103596,965.9204274860032,1003.7794879610346,1021.0695907894348
2015-04-16,1335,1440,1000,1203,1026.964482392346,988.4994343920981,1011.5920570606019,1024.67217315004
2015-04-17,1819,1921,1785,1812,1034.7757810750093,1066.9280596880888,1042.980603842539,1040.262823186673
2015-04-20,393,596,393,561,1030.061594198641,1018.7444349558898,1024.0794036918512,1030.7724702522833
2015-04-21,616,1200,616,1169,1031.4440658981569,1033.0544887696146,1029.7625643313866,1033.5096490591686
2015-04-22,906,1392,810,821,1029.3500950932,1012.8588231725084,1021.5757971027048,1029.3015371966108
2015-04-23,1067,1085,575,683,1025.9038254902825,981.4436971560791,1008.298314863383,1022.4440810144996
2015-04-24,947,1129,947,1044,1026.0838869281902,987.4014402840716,1009.6983809471719,1022.8709308954006
2015-04-27,599,1411,502,1360,1029.4064353169645,1022.8870173998743,1023.4356993414004,1029.5467540459867
2015-04-28,984,1398,746,746,1026.5864707864473,996.5168252665529,1012.5558679946788,1023.9319668371553
2015-04-29,1584,1630,1307,1453,1030.8293914751393,1039.991413336405,1029.8281868968484,1032.4283635334493
2015-04-30,1384,1786,1384,1701,1037.4977557390682,1102.9446120662712,1056.1486501557954,1045.6674058397177
2015-05-01,485,955,485,666,1033.8012606570874,1061.3308394885312,1040.8487030908623,1038.1492393874462
2015-05-04,546,857,389,826,1031.7335864216934,1038.9183785848616,1032.4232637539658,1033.948264350071
2015-05-05,952,1781,938,1706,1038.442704964761,1102.4499615767795,1058.8380377243984,1047.2562195114558
2015-05-06,478,1543,478,1212,1040.1696432238182,1112.8832985694671,1064.8443891861866,1050.5184725904369
2015-05-07,1196,1341,794,926,1039.0336268733324,1095.084889181899,1059.3995111788852,1048.0527602619134
2015-05-08,233,503,233,457,1033.2422475014585,1034.3148997360038,1035.7760009365759,1036.348745207222
2015-05-11,922,1240,775,1232,1035.2199365810459,1053.1420521420987,1043.4710597233768,1040.2230274803462
2015-05-12,1599,1750,1154,1251,1037.3670018886971,1071.9856662238035,1051.6094495381462,1044.396828916379
2015-05-13,467,1200,467,1061,1037.60215609876,1070.939412297727,1051.9777064190032,1044.7256045814013
2015-05-14,415,600,351,530,1032.5513883763842,1019.4213730312767,1031.5079924417873,1034.5330183520666
2015-05-15,929,1420,929,952,1031.7498820243804,1013.0002898854409,1028.390031953874,1032.8987011569761
2015-05-18,1285,1285,750,786,1029.3046095664265,991.3812146582561,1018.8845405047025,1028.009617965749
2015-05-19,1121,1397,1121,1262,1031.619986585666,1017.1544323098508,1028.4184800927533,1032.6430908773182
2015-05-20,971,1223,810,1027,1031.5740165698883,1018.0921054231983,1028.3628534224492,1032.53134650351
2015-05-21,1015,1148,837,1021,1031.4688024746656,1018.3690477638461,1028.0741140725493,1032.303003008391
2015-05-22,1350,1491,1094,1415,1035.2850332958133,1056.1434241672894,1043.247678226567,1039.8811613646606
2015-05-26,1595,1884,1595,1855,1043.4414011237157,1132.2250028180238,1075.0811026098388,1056.0221284663505
2015-05-27,990,990,522,522,1038.2529294707433,1074.108335882974,1053.3916476055315,1045.4474328531555
2015-05-28,1246,1679,1217,1217,1040.0315072869548,1087.717065798881,1059.8076614249223,1048.8445133907169
2015-05-29,1225,1739,1225,1531,1044.9167659209154,1129.9344881037496,1078.2857923494353,1058.3921467889204
2015-06-01,628,1407,628,995,1044.4200816828964,1117.083584474821,1075.019682845536,1057.1368567534962
2015-06-02,1207,1282,603,811,1042.0974938054546,1087.9327669057905,1064.6659697927698,1052.2628595900605
2015-06-03,943,1029,660,859,1040.27562819545,1066.1296462480962,1056.6006376440337,1048.4358722714455
2015-06-04,1671,1851,1471,1773,1047.5664179646496,1133.450632319706,1084.6947302854442,1062.783676780922
2015-06-05,1542,1666,910,932,1046.4165033580362,1114.2648578130675,1078.7067016467993,1060.193901003082
2015-06-08,1241,1536,1179,1534,1051.2680804390507,1154.239633259442,1096.5613407979051,1069.5761999931199
2015-06-09,764,1371,764,1211,1052.8574527729904,1159.6453824728285,1101.04913135485,1072.376671280385
2015-06-10,272,358,186,358,1045.9434482677866,1083.298203189702,1071.9099497330913,1058.2305985817634
2015-06-11,634,1018,634,894,1044.4315731606443,1065.2698028859209,1064.9330889592445,1054.9785075207383
2015-06-12,1541,1664,1357,1451,1048.4770301441206,1102.0060121348808,1080.0729678235878,1062.8205172728028
2015-06-15,1760,1844,1363,1499,1052.959845764577,1139.8149633601304,1096.5014788893295,1071.4577347525492
2015-06-16,1305,1305,712,736,1049.8060164534868,1101.3563954210704,1082.3641659917087,1064.8150073317067
2015-06-17,499,1423,499,964,1048.9522252449945,1088.274833952397,1077.7224339920338,1062.818670552861
2015-06-18,471,555,381,529,1043.7785712624573,1035.0105640521688,1056.2039071688168,1052.2480038092401
2015-06-19,1199,1348,1025,1341,1046.7359984140746,1064.1524150948194,1067.3723813974907,1057.9658651199481
2015-06-22,452,758,452,755,1043.8331526587108,1034.7093279429318,1055.122484087785,1051.966541058167
2015-06-23,851,1051,851,874,1042.1432705427037,1019.4036776626526,1048.0196415745386,1048.442451136223
2015-06-24,1160,1663,1080,1663,1048.3209494427763,1080.6985655043047,1072.136518375537,1060.6119075493673
2015-06-25,679,1446,679,1324,1051.0640245726988,1103.870130694371,1082.0135176549277,1065.8275133404688
2015-06-26,1041,1304,802,1053,1051.0832880097864,1099.0253563425263,1080.8757326488521,1065.573503175311
2015-06-29,1721,2041,1644,2040,1060.923255293271,1188.6419890718096,1118.488449015564,1084.8690773698595
2015-06-30,285,1137,285,922,1059.5409343450792,1163.2475139221135,1110.7830196424045,1081.6439471249118
2015-07-01,450,1043,450,858,1057.535551913785,1134.1763221200074,1100.8699600485847,1077.2153541125374
2015-07-02,718,1363,718,1217,1059.122262840016,1142.0642914419116,1105.4240792623657,1079.983366902388
2015-07-06,1794,1794,1164,1379,1062.3051258963342,1164.6295970188723,1116.152546742273,1085.9044883498655
2015-07-07,1221,1808,856,871,1060.401592305326,1136.6648734932655,1106.5387213798308,1081.6489539270958
2015-07-08,1757,1958,1608,1881,1068.566750590845,1207.5539331605735,1136.909751913955,1097.477687512698
2015-07-09,112,866,112,863,1066.5213102864584,1174.7392728595664,1126.1681930153686,1092.834564987694
2015-07-10,198,408,172,355,1059.4414962537574,1096.6688659205602,1095.9263030931972,1078.2239795423932
2015-07-13,336,579,336,467,1053.546555992526,1036.7004024995545,1071.262526501307,1066.12053440294
2015-07-14,1060,1060,634,719,1050.217734539864,1006.4432213091206,1057.4483097757657,1059.246860454367
2015-07-15,1179,1587,1179,1473,1054.4245232509102,1050.8772002320616,1073.7444544904415,1067.439991930518
2015-07-16,412,747,393,705,1050.9476623230405,1017.9365144956747,1059.2838876476792,1060.2629623873395
2015-07-17,1214,1657,1214,1511,1055.5252975238063,1064.8949416865628,1076.998244994829,1069.1884482806595
2015-07-20,1111,1559,1111,1444,1059.3907174489425,1101.0001853354615,1091.3904706813064,1076.610459205795
2015-07-21,630,1345,630,1312,1061.9042426484555,1121.0954057797032,1100.0418247722355,1081.271638231423
2015-07-22,1299,1299,955,1102,1062.3032054081723,1119.2767957054457,1100.118615957638,1081.6821008407017
2015-07-23,793,1610,793,1564,1067.2952133145586,1161.6313865906413,1118.3100427828288,1091.2329503290046
2015-07-24,1341,1727,1254,1695,1073.541032087548,1212.4283973915326,1140.9253352227179,1103.1887334908065
2015-07-27,1644,1644,1398,1601,1078.7893800269753,1249.4352166875772,1158.967478939474,1113.0463823325726
2015-07-28,678,1197,470,493,1072.9606299769557,1177.3937674792364,1132.8511072163574,1100.7682361477691
2015-07-29,896,896,475,512,1067.3789321662398,1114.022932481214,1108.5040049725787,1089.109459194348
2015-07-30,1379,1477,1094,1095,1067.6537686620982,1112.2112246258603,1107.9744361501246,1089.226103566737
2015-07-31,574,915,574,914,1066.12487544158,1093.3339651376832,1100.3675955167864,1085.7562797337323
2015-08-03,1049,1623,1049,1401,1069.456966233206,1122.6354922674277,1112.1571015749516,1091.998729639995
2015-08-04,725,1286,694,1191,1070.666349653771,1129.146397765768,1115.2489799445614,1093.9591508352426
2015-08-05,326,1012,326,1004,1070.003002891047,1117.2276932166471,1110.8862748486963,1092.1777815117723
2015-08-06,980,1550,980,1296,1072.2517292304394,1134.2536271960141,1118.1456366193356,1096.2138650461927
2015-08-07,1326,1391,1210,1301,1074.5278314271516,1150.134234129727,1125.316395967597,1100.269036035377
2015-08-10,302,446,296,403,1067.8459624577272,1078.9785927840387,1096.990262792397,1086.461728391112
2015-08-11,1674,1674,1496,1496,1072.1062016372523,1118.694917280797,1112.637703467205,1094.5713971358425
2015-08-12,1712,1712,1112,1123,1072.6126075911104,1119.1049251588163,1113.0440680371184,1095.1343397668159
2015-08-13,1080,1576,962,1267,1074.5468105006516,1133.1901703817862,1119.0815555650745,1098.537620167473
2015-08-14,1080,1080,624,624,1070.0637576598492,1084.6958684406636,1099.6665926017383,1089.1408356097013
2015-08-17,1647,1647,690,700,1066.3815312154727,1048.05816668441,1083.9933928918663,1081.4350764887172
2015-08-18,1354,1555,1329,1431,1070.0095756809903,1084.528817476371,1097.601495131401,1088.35715418201
2015-08-19,1816,1923,1347,1706,1076.3378386095376,1143.716549145288,1121.4602600282087,1100.5877055843464
2015-08-20,1820,1915,1607,1915,1084.6827357378008,1217.1721158933558,1152.5794655172986,1116.714681711389
2015-08-21,1766,1935,1577,1899,1092.7853950836934,1282.1081048558933,1181.8508590264241,1132.2054800933417
2015-08-24,1731,2090,1691,2059,1102.3994707545023,1356.097809155332,1216.2488645547996,1150.5578468241667
2015-08-25,34,1405,34,1402,1105.38057054799,1360.4694463786336,1223.5332228075526,1155.5368993623022
2015-08-26,96,954,96,260,1096.968823577363,1255.6628324378114,1185.7476062268643,1137.8034954145337
2015-08-27,146,527,120,183,1087.8746064273396,1153.504467443734,1146.424170688556,1118.896495505335
2015-08-28,1263,1263,654,750,1084.512670044978,1115.0754705443308,1130.8781247792008,1111.5916144062194
2015-08-31,1638,1755,1002,1246,1086.119509149008,1127.5444733496327,1135.392708121193,1114.2531665961953
2015-09-01,1782,2054,1782,2029,1095.5014045803612,1213.3973806496676,1170.4361313321265,1132.3669652774588
2015-09-02,183,1120,183,466,1089.2377090123973,1142.2166777306518,1142.8111850053765,1119.17157982642
2015-09-03,592,822,221,734,1085.7030054401346,1103.3388988991612,1126.779373828695,1111.5444198298571
2015-09-04,1890,1921,1692,1768,1092.4920302616258,1166.6399561468602,1151.9252807373737,1124.543540229266
2015-09-08,107,321,107,310,1084.7060399107638,1085.0551984185877,1118.9086030613983,1108.4139651752212
2015-09-09,244,1709,244,1708,1090.9079698619005,1144.3832747596746,1142.0102264707552,1120.2869559638307
2015-09-10,926,1231,535,940,1089.4063980224787,1124.918200973039,1134.0882568052355,1116.7169172318736
2015-09-11,1695,1726,944,946,1087.9794686889218,1107.87837230894,1126.7122467344418,1113.336384217381
2015-09-14,1189,1573,1189,1422,1091.3030560651514,1137.7947178033266,1138.292158627209,1119.4485350249577
2015-09-15,749,809,391,418,1084.6035231689807,1069.2428399172954,1110.0454073084948,1105.5584650244634
2015-09-16,582,760,358,387,1077.6621945802347,1004.2673313537435,1081.6906854532597,1091.3295845289294
2015-09-17,1091,1091,354,987,1076.7600831913767,1002.622823605768,1077.9773252394064,1089.26365216202
2015-09-18,1866,1866,1484,1709,1083.0510276372336,1069.8968404052187,1102.72331248492,1101.5356590499007
2015-09-21,384,874,352,816,1080.3938034816392,1045.716188938055,1091.4792610149232,1095.881487583566
2015-09-22,1950,1994,1759,1907,1088.6187407604289,1127.743218563002,1123.4604664653184,1111.9432403046835
2015-09-23,762,1510,762,1366,1091.3787532901758,1150.434340604621,1132.9718207215803,1116.9740672293433
2015-09-24,1643,1861,1235,1241,1092.8675219141542,1159.059641499419,1137.2082199089693,1119.4300262941088
2015-09-25,351,1360,351,1214,1094.0728202035655,1164.2920565947124,1140.2196622654803,1121.30269904076
2015-09-28,1726,2010,1710,2003,1103.1168717438286,1244.1690035856923,1174.054185313893,1138.7620515350025
2015-09-29,866,1349,579,1100,1103.0858580946363,1230.4386222918167,1171.1500996153088,1137.9944861580718
2015-09-30,172,737,172,363,1095.721819705635,1147.8254201687866,1139.457938846081,1122.6480606895952
2015-10-01,588,1617,588,1089,1095.6549359274695,1142.2229992003308,1137.4791961462347,1121.981762458118
2015-10-02,1702,1702,377,377,1088.5041405451066,1069.3446183241088,1107.6564825718726,1107.2296483500365
2015-10-05,149,205,131,150,1079.1657908879413,981.787988007527,1070.1013263925836,1088.2746058084517
2015-10-06,1142,1172,724,1100,1079.3730964512454,993.046274863953,1071.273823396796,1088.5067918320467
2015-10-07,254,785,241,379,1072.404209919392,934.5656772578623,1044.1258303224117,1074.457152389828
2015-10-08,1297,1297,371,428,1065.9922277311393,886.3213270428278,1019.9640330548661,1061.6560206593365
2015-10-09,646,1150,646,1011,1065.445041385556,898.1954863720823,1019.6125023468322,1060.6529311413299
2015-10-12,1007,1262,994,1091,1065.6993195807245,916.5578210033126,1022.4120120587212,1061.253863197937
2015-10-13,1645,1725,832,1710,1072.1102716246974,992.123742812521,1049.3762468799478,1074.1003213524334
2015-10-14,888,1397,603,1355,1074.9250947926107,1026.6833863541856,1061.361492100342,1079.6626912266427
2015-10-15,569,1139,309,309,1067.3039495707937,958.332587653787,1031.857119861113,1064.40204387562
2015-10-16,626,1376,626,982,1066.4551540526763,960.5866269248548,1029.9019386900889,1062.7703202345185
2015-10-19,1495,1495,1061,1141,1067.1968938133462,977.7688529320116,1034.2587254081245,1064.319422804132
2015-10-20,1113,1137,538,841,1064.9461784520192,964.7432478908676,1026.6799518627079,1059.8972560159314
2015-10-21,676,1722,676,1715,1071.4143756813523,1036.196271901261,1053.6728949269154,1072.8695875799724
2015-10-22,366,678,366,548,1066.206272440742,989.7013888630457,1033.8425853219383,1062.4761304001709
2015-10-23,662,1108,613,837,1063.9256130134709,975.1583994475176,1026.1232682504897,1058.0112565308605
2015-10-26,1057,1507,1057,1397,1067.2397860183119,1015.3337899763254,1040.667453809294,1064.723904916388
2015-10-27,1628,1816,1543,1687,1073.406554316637,1079.3020004547707,1066.0138281697139,1077.0462038289347
2015-10-28,632,767,279,367,1066.3776333781632,1011.4637146971735,1038.6015211826661,1062.985882961035
2015-10-29,1419,1462,1070,1358,1069.2793484689278,1044.4671704403,1051.1269517245223,1068.827746664777
2015-10-30,790,1301,790,1058,1069.167116145854,1045.7560113507475,1051.396483029443,1068.613335839732
2015-11-02,841,841,332,369,1062.2002791692782,981.3030578887715,1024.6358366361317,1054.759606417163
2015-11-03,1240,1241,750,900,1060.5863460432158,973.5599095184123,1019.748156768048,1051.6950597554371
2015-11-04,610,1488,610,1340,1063.36658140597,1008.458965754754,1032.3070525810658,1057.4040684731513
2015-11-05,1023,1489,859,1091,1063.6415407949653,1016.3200166352536,1034.6087367935731,1058.0693344439799
2015-11-06,1467,1611,1088,1088,1063.8839135233736,1023.1466817176105,1036.7025118212762,1058.6620208906338
2015-11-09,1445,1844,1432,1707,1070.2830785629421,1088.275569173076,1062.988687828285,1071.5003967145817
2015-11-10,1177,1327,920,963,1069.215585243908,1076.344562585164,1059.067562815411,1069.3518740073623
2015-11-11,655,1349,655,1294,1071.4522460872522,1097.0736518627675,1068.280599567748,1073.8003517497907
2015-11-12,1727,1869,1585,1866,1079.358193887379,1170.304732637742,1099.563713310189,1089.4874734973196
2015-11-13,1295,1654,948,1406,1082.6083611123802,1192.751900957957,1111.5808225921426,1095.755048279551
2015-11-16,958,1110,421,421,1076.0251933401178,1119.2517199143422,1084.4992217061763,1082.3935621750054
2015-11-17,948,1436,697,1386,1079.1095197745444,1144.6563180177382,1096.3227816392673,1088.4055708448072
2015-11-18,501,720,323,334,1071.6954947021609,1067.4509543970012,1066.4277705945901,1073.4668466696626
2015-11-19,1007,1157,870,1030,1071.2806141578608,1063.884196835382,1064.9992305712728,1072.6061170326395
2015-11-20,420,891,357,846,1069.0390160070363,1043.133320946298,1056.4110254508307,1068.118867190409
2015-11-23,1021,1177,653,1043,1068.7799213203991,1043.1206237133172,1055.8851028841316,1067.6214638797078
2015-11-24,1378,1466,707,771,1065.816937028654,1017.2043738358584,1044.713138065146,1061.7477715256541
2015-11-25,950,1209,743,866,1063.8287087995132,1002.8039572800624,1037.7047797096502,1057.8715780300965
2015-11-27,1042,1309,846,890,1062.0990699059857,992.0607232533898,1031.912435407311,1054.5473883661343
2015-11-30,711,1234,711,1215,1063.6204721954784,1013.2930353244956,1039.092339901142,1057.7246678044287
2015-12-01,438,932,438,664,1059.6441490890559,980.0270319602579,1024.382836375607,1049.9281397290936
2015-12-02,1387,1779,1220,1733,1066.3442073070753,1051.738743202138,1052.171744753034,1063.4543151800026
2015-12-03,738,1815,738,1738,1073.0273495229253,1117.0969581352676,1079.0669704489935,1076.811655473468
2015-12-04,867,904,644,688,1069.1962316172246,1076.2305811700041,1063.7310108235429,1069.112414771023
2015-12-07,1523,1845,1523,1714,1075.6121895115805,1136.97052582048,1089.2317554971294,1081.882465963676
2015-12-08,1772,1869,1364,1507,1079.9046055363408,1172.2114281232914,1105.6148239090066,1090.3006349544942
2015-12-09,1161,1482,357,1332,1082.4130174215513,1187.4293873496447,1114.4926739517907,1095.0867609949992
2015-12-10,1131,1131,601,1035,1081.941246103924,1172.9123028401548,1111.3753141889754,1093.896924143613
2015-12-11,1824,1970,1753,1920,1090.2801391775167,1244.0635120934733,1143.0860861815645,1110.2554008932443
2015-12-14,877,1734,877,1354,1092.904217394656,1254.5336537988567,1151.3572200567974,1115.0820266181306
2015-12-15,218,568,210,472,1086.7260659777937,1180.0066391513465,1124.7157604467268,1102.347729061336
2015-12-16,386,823,348,411,1080.0024235302535,1106.767911613123,1096.7269070958748,1088.6576750205174
2015-12-17,789,1722,789,1675,1085.9227974254748,1160.8852533642541,1119.4042832881935,1100.268414129022
2015-12-18,1484,1576,1219,1524,1090.2817745655198,1195.4676101867062,1135.2707819827742,1108.6591386017146
2015-12-21,337,1029,337,725,1086.6471300424798,1150.6611711213056,1119.1817317089399,1101.061927936334
2015-12-22,583,975,364,418,1079.9939247684254,1080.8839167288004,1091.6844088968246,1087.5359491653176
2015-12-23,213,318,213,257,1071.8049304921226,1002.418781802248,1058.9516869793022,1071.0896927462024
2015-12-24,967,1294,705,1065,1071.7372197409572,1008.3788978210815,1059.1888757252118,1070.96910477103
2015-12-28,1679,1830,1400,1400,1075.0035160619427,1045.6761456476452,1072.5540178536348,1077.484568042891
2015-12-29,232,891,232,498,1069.2621875439133,993.5165127288218,1050.0224877417277,1066.0096261014476
2015-12-30,1521,1753,1249,1752,1076.055598613128,1065.7530353260768,1077.5510176342088,1079.593593901419
2015-12-31,1604,1604,1007,1488,1080.154547880659,1105.9670319616885,1093.6470561583576,1087.6808494677275
2016-01-04,1827,1927,1619,1619,1085.5161941704037,1154.827314632004,1114.2491323874417,1098.2020207653964
2016-01-05,632,1318,632,1007,1084.7349385070165,1140.7485227622892,1110.0432840585224,1096.3960401561806
2016-01-06,1901,1901,1561,1685,1090.7077251885387,1192.5819967849284,1132.5906062523059,1108.051564113484
2016-01-07,1868,1956,1761,1943,1099.1882453359165,1264.0503780435067,1164.3713667914312,1124.5851965072764
2016-01-08,312,1627,312,1626,1104.4301533425244,1298.5217706107917,1182.4744504466692,1134.5142025170333
2016-01-11,396,1564,396,1222,1105.6000025629967,1291.2339829335735,1184.0244719977802,1136.246594546399
2016-01-12,289,1639,289,1052,1105.066669204161,1268.449794082757,1178.8470417233575,1134.5783451494406
2016-01-13,487,1941,414,1910,1113.0759560777512,1329.5498136939232,1207.519706753814,1149.933229403907
2016-01-14,729,1572,387,559,1107.5627624849378,1256.1641171516449,1182.0875613909193,1138.2315812968989
2016-01-15,1729,2060,1729,1827,1114.7213419626996,1310.5294393276786,1207.3782452579421,1151.870559885079
2016-01-19,315,1605,315,1408,1117.639537565061,1319.8123498678997,1215.2457650517483,1156.9424299863647
2016-01-20,2005,2066,1096,1346,1119.9117809723737,1322.3064117852425,1220.3733821085425,1160.6861442440604
2016-01-21,981,1327,362,810,1116.8280816592157,1273.5153249485527,1204.2803083003644,1153.7418641600195
2016-01-22,58,265,58,188,1107.5860111949448,1170.1329130486906,1164.4261785630952,1134.6182628895242
2016-01-25,1518,1841,1380,1841,1114.883662824846,1234.0250165678628,1190.958485286111,1148.6060200600286
2016-01-26,298,682,217,262,1106.3972582196236,1141.4512054661616,1154.5287407650872,1131.0494652073548
2016-01-27,1520,1548,731,1434,1109.6569869935577,1169.3129954217652,1165.4883979899857,1137.0484856982982
2016-01-28,247,914,247,826,1106.8345294115322,1136.6165196673114,1152.1751274805745,1130.8891097438766
2016-01-29,258,390,158,168,1097.4928923029597,1044.3673273180436,1113.5800244421205,1111.8219986598394
2016-02-01,1736,1736,1002,1194,1098.4531620312885,1058.6180580496584,1116.733748973802,1113.4492858150902
2016-02-02,1825,1953,1810,1842,1105.851638030977,1133.225862044929,1145.1755627395353,1127.876032630633
2016-02-03,330,1582,330,724,1102.0521192445992,1094.2519704216024,1128.6588740046516,1119.8784874300266
2016-02-04,801,887,430,721,1098.2605558690311,1058.7041637147831,1112.6722514946653,1111.979903520521
2016-02-05,1488,1663,1248,1661,1103.8599533230706,1116.065671932423,1134.1753004556588,1122.8515885993227
2016-02-08,1802,1922,1612,1623,1109.025525926821,1164.3451317483825,1153.344896516221,1132.75551753795
2016-02-09,1615,1641,1140,1399,1111.910844076803,1186.6932144390128,1162.9784299861733,1138.0276855074956
2016-02-10,516,1046,349,1040,1111.1953132899691,1172.7224321114877,1158.1557464573038,1136.0865432202183
2016-02-11,1727,1884,1561,1650,1116.5565539537506,1218.1774385770602,1177.4437564001546,1146.2630473148674
2016-02-12,245,501,245,319,1108.6206678447581,1132.5414920459116,1143.7792953648545,1129.881600833385
2016-02-16,205,572,205,287,1100.4453378164521,1052.0137308986818,1110.1801073113309,1113.1908760644071
2016-02-17,210,368,201,339,1092.8687672909152,984.1076612892836,1079.937750161867,1097.860363667092
2016-02-18,1116,1264,1029,1134,1093.2780332880207,998.3831221188756,1082.0578383908132,1098.57600003012
2016-02-19,1567,1577,1128,1161,1093.9518837030653,1013.8704438218398,1085.1536094343107,1099.8121188414048
2016-02-22,192,330,153,317,1086.221019188607,947.5018301245217,1055.0299384761024,1084.3108887653373
2016-02-23,1363,1591,1135,1557,1090.9053871568794,1005.5492748745672,1074.71503892802,1093.6710691858257
2016-02-24,1792,1824,742,742,1087.4336917622836,980.4493439341322,1061.6673903426074,1086.7072856375914
2016-02-25,543,1094,543,556,1082.145794331813,940.0255968927863,1041.8372966036816,1076.198230476451
2016-02-26,500,886,500,814,1079.4776769752775,928.0231590934734,1032.902500658439,1071.0061863086005
2016-02-29,828,1045,483,1044,1079.1246652640807,939.0685725131426,1033.3376967110494,1070.4714103420936
2016-03-01,228,557,228,366,1072.0288974505077,884.4906132261766,1007.1675909576749,1056.5214814244284
2016-03-02,1228,1228,539,541,1066.7450278241345,851.7772214903503,988.8865089593347,1046.313135257608
2016-03-03,995,995,446,458,1060.6878633681729,814.2746289674598,968.0674301766157,1034.663370203002
2016-03-04,739,1062,470,731,1057.4073871157532,806.3437119229397,958.7706682089054,1028.6502341593782
2016-03-07,1284,1284,579,651,1053.3635325175865,791.5490726921836,946.7012302399287,1021.1720117007767
2016-03-08,1626,1790,1583,1782,1060.613646621889,885.8777324357851,979.4580447403237,1036.237912459177
2016-03-09,339,876,339,640,1056.428436207741,862.4608055371389,966.1459645544286,1028.3916171629558
2016-03-10,592,1727,592,1307,1058.9216855987088,904.797871676459,979.5127894738628,1033.9086148428971
2016-03-11,141,333,141,277,1051.1413703191197,845.0075981834628,951.963268318025,1018.9203254400675
2016-03-14,1355,1573,1147,1271,1053.3290183756458,885.5783031183712,964.4745126977103,1023.9120021640265
2016-03-15,1737,1772,1535,1560,1058.3705206803656,949.8089409166215,987.8284533762316,1034.5276060815704
2016-03-16,1321,1321,375,401,1051.829520474591,897.5414227340862,964.8155728516734,1021.9825049710442
2016-03-17,842,964,322,383,1045.174500370366,848.5374777117922,941.9992758770981,1009.3293860607265
2016-03-18,519,908,481,819,1042.9240078293674,845.7243845963834,937.1757748623099,1005.5604873268508
2016-03-21,1152,1411,947,1148,1043.9695400897717,874.5125384443469,945.4433915343762,1008.3810717362201
2016-03-22,1608,1689,1001,1203,1045.5519327256943,905.7970585925043,955.5436506898909,1012.2349118998593
2016-03-23,1475,1763,1475,1762,1052.680769215986,987.3401958694086,987.1693898785227,1027.081745327585
2016-03-24,1754,1754,906,906,1051.2212590745335,979.5935105485125,983.9862765499531,1024.6840870042665
2016-03-28,504,1281,504,908,1049.796171919563,972.7750809724637,981.006422567602,1022.3735110239841
2016-03-29,1416,1416,320,340,1042.7335234427514,912.5107875465147,955.8689158002451,1008.8611642710339
2016-03-30,300,950,300,841,1040.7262247020276,905.7002363516086,951.3642524355296,1005.5371808201223
2016-03-31,895,1067,804,994,1040.2612871428034,914.1097376514555,953.036242536097,1005.3087217939812
2016-04-01,1716,1779,978,990,1039.7611748329248,921.3373816846502,954.4858016523285,1005.0055787881598
2016-04-04,1111,1589,1061,1564,1044.9774815510052,982.543345333731,978.3883192345902,1016.0747752478002
2016-04-05,1675,1771,1442,1636,1050.8583026300996,1044.7773124448042,1004.1770125979396,1028.3505222725962
2016-04-06,737,1232,505,505,1045.4268767332826,993.3699493548229,984.6014434764518,1017.9871455939309
2016-04-07,1561,1781,1309,1666,1051.6017336812101,1057.4299541781731,1011.3229554969831,1030.819083304942
2016-04-08,166,628,166,503,1046.143009962989,1004.6271013992995,991.3887219480819,1020.3672202692006
2016-04-11,330,959,250,955,1045.2361143414666,999.9007107898424,989.9617132442355,1019.0728198678303
2016-04-12,630,848,297,349,1038.3083918107059,937.9101669050955,964.8259597836773,1005.8040511575762
2016-04-13,365,627,365,429,1032.2456217429376,889.442531961753,943.8131770470625,994.3821887584162
2016-04-14,927,1434,927,1203,1033.9446702828088,919.3051479653956,953.9773661824718,998.5132345255763
2016-04-15,1155,1207,829,903,1032.6417382401937,917.752276730596,951.9782537831592,996.621883346852
2016-04-18,1542,1542,517,540,1027.7398303970076,881.7758694229202,935.8222438308784,987.5798658548351
2016-04-19,425,803,315,617,1023.6528669104703,856.5591199540706,923.3194107394714,980.2416506893928
2016-04-20,1022,1280,727,967,1023.0891567919581,867.0772990060639,925.032375024198,979.9794397846524
2016-04-21,610,1448,610,1384,1026.6803094606948,916.3080324340577,943.0311054154059,987.9798469176296
2016-04-22,666,725,399,536,1021.7979183217825,880.0882198212903,927.0691012814684,979.0297509390628
2016-04-25,1324,1566,1324,1377,1025.3322673932075,927.4131512668816,944.7134502508226,986.9103499303684
2016-04-26,554,779,421,421,1019.3190110012354,879.1833273367024,924.1756678880453,975.7042043871928
2016-04-27,858,1089,617,685,1015.99245367784,860.6896771141593,914.7962299316513,969.9476854884365
2016-04-28,1459,1496,927,1448,1020.2910362283093,916.6239935794774,935.7061816990375,979.414067954012
2016-04-29,1024,1623,1024,1306,1023.1339114897191,953.7074227623843,950.2275079069184,985.8811161133385
2016-05-02,685,1096,685,764,1020.5554646092244,935.6400491659667,942.9244683811569,981.4874306457476
2016-05-03,1628,1887,1628,1735,1027.6643654588838,1011.7695682930175,973.986253934837,996.4084716230595
2016-05-04,1407,1457,923,1314,1030.5134762503378,1040.5534189317777,987.3201263295493,1002.6974127790386
2016-05-05,534,1227,534,1153,1031.7322476309314,1051.2626171287513,993.8173762774102,1005.6737016348992
2016-05-06,1361,1361,699,730,1028.7299367092305,1020.6661774022036,983.4715968155509,1000.2148164540101
2016-05-09,963,1299,914,1110,1029.5385940554074,1029.1741605067557,988.433494979647,1002.3887804846238
2016-05-10,425,585,399,406,1023.3342299354531,969.8242404584933,965.5929657647589,990.579101663146
2016-05-11,1266,1484,1103,1458,1027.6592624734087,1016.3171699386368,984.9030455386899,999.834961036153
2016-05-12,414,1447,414,1142,1028.7969812547678,1028.2869632778143,991.0637104195256,1002.6501103225659
2016-05-13,1352,1661,972,1573,1034.2119366651682,1080.164395346594,1013.8847413834658,1013.9441675439012
2016-05-16,514,514,312,422,1028.1202756038233,1017.4820719802516,990.6735750547024,1002.2225008598635
2016-05-17,1147,1551,858,1465,1032.4673375381137,1060.1028270297516,1009.274611327067,1011.3864117339257
2016-05-18,1384,1482,782,1287,1035.0000008461923,1081.7120815983467,1020.165803039731,1016.8441065510757
2016-05-19,1522,1783,1294,1394,1038.572140141255,1111.4537881127899,1034.8259676264083,1024.3125400847177
2016-05-20,321,490,321,341,1031.6311238214414,1038.0772368639527,1007.6171061508629,1010.7815986969016
2016-05-23,1037,1309,938,1245,1033.754197216253,1057.7841666864335,1016.926239242986,1015.4195868415175
2016-05-24,280,456,280,365,1027.099926597186,991.8047222401066,991.360504370712,1002.5399910624775
2016-05-25,436,709,436,639,1023.2382357852736,958.2042725029536,977.5424453757821,995.34117935827
2016-05-26,615,1181,615,1106,1024.0617359267137,972.2800560741009,982.5799965375162,997.5324431333537
2016-05-27,862,862,594,613,1019.9715694000797,938.0629078765675,968.0866633399665,989.9179393089308
2016-05-31,700,1204,679,948,1019.2554343811735,939.0092976026086,967.2989510521247,989.0878811047936
2016-06-01,1536,1536,697,697,1016.0489126460374,915.9607930690269,956.6989921873355,983.3039626670749
2016-06-02,1373,1412,688,688,1012.7847443610021,894.2502413481672,946.16177680744,977.4563594459447
2016-06-03,1006,1412,1006,1154,1014.1898712827832,918.9883136007227,954.312295364011,980.9522731202825
2016-06-06,642,737,445,520,1009.2725591307158,880.98942659113,937.2804406438537,971.8245053357224
2016-06-07,683,842,509,728,1006.4738271990668,866.4190050110224,929.0733645401732,966.9962973092724
2016-06-08,651,835,546,615,1002.578565236887,842.4743378671154,916.756762009186,960.0260736001779
2016-06-09,1652,1654,1341,1368,1006.2145994136345,892.5244009273902,934.4525752637277,968.1047652120556
2016-06-10,1730,1863,1655,1784,1013.9537576284241,977.4268389343054,967.768160547503,984.2611064949851
2016-06-13,1420,1726,1046,1717,1020.9492426271463,1047.8623780834191,997.1498013103461,998.7707875544904
2016-06-14,1300,1651,864,1314,1023.8651705612045,1073.2088182659506,1009.5752992981757,1005.0129501771738
2016-06-15,671,919,454,891,1022.5431290630831,1055.8555974787173,1004.9252875609923,1002.7552679954476
2016-06-16,1665,1803,993,1019,1022.5078740475301,1052.3455405759823,1005.4772370684043,1003.0769458569239
2016-06-17,764,1070,677,868,1020.9704822659627,1034.7888224258888,1000.0859728696433,1000.4021548498561
2016-06-20,136,393,136,393,1014.7220197558536,973.6660774329471,976.2786798159318,988.3743894072846
2016-06-21,916,1280,854,992,1014.4959300070391,975.4121652964759,976.8952021760914,988.4461836764473
2016-06-22,639,1263,584,1262,1016.9586570716457,1002.7062447920496,988.0757824829113,993.863090930379
2016-06-23,131,261,125,195,1008.7799639664552,925.7818405261401,956.9747714051501,978.0440198228467
2016-06-24,1405,1956,1405,1871,1017.359267807585,1015.8026176188886,992.8188980167129,995.7263164600181
2016-06-27,1766,1959,1766,1804,1025.1865387746736,1090.8690349885183,1024.6299216239006,1011.7317359360574
2016-06-28,271,429,165,299,1017.960802070448,1015.4529364181832,996.1738462661006,997.6182362145513
2016-06-29,98,233,98,201,1009.8318388657669,937.8859900926419,964.9905581772339,981.8436176756493
2016-06-30,781,1204,377,379,1003.5549051457095,884.6587529409618,942.0105362879306,969.9061202959334
2016-07-01,647,910,402,739,1000.9225180298318,870.7864907561083,934.0493387864431,965.3337218742317
2016-07-05,1543,1712,1543,1612,1007.0028909847589,941.3782535412408,960.6356392261904,978.1389947084053
2016-07-06,1486,1600,703,703,1003.9779865968509,918.6755627277894,950.5322808251633,972.6906977834864
2016-07-07,588,1311,438,1021,1004.1473598645439,928.4207472299047,953.295720792804,973.6473176293579
2016-07-08,191,242,100,136,995.509077676837,852.9521046365804,921.244908212694,957.0602420327369
2016-07-11,411,580,392,528,990.857246058162,822.0042851473823,905.8235392631766,948.5639996162471
2016-07-12,321,504,321,439,985.3661291819614,785.5276865619173,887.5167338018756,938.4736233862224
2016-07-13,583,1300,583,1056,986.0689537672155,811.2869545084014,894.1239207116059,940.8008783686734
2016-07-14,384,846,384,846,984.6752328342084,814.5929588409347,892.2367081346802,938.923633252462
2016-07-15,622,1210,622,952,984.3501061393406,827.6793437132266,894.5803666392025,939.1825712078588
2016-07-18,1093,1235,726,812,982.6351797100934,826.1860728833955,891.3419208886455,936.6641044512676
2016-07-19,1376,1508,1224,1327,986.0616953348687,873.8826373706911,908.426551442032,944.3935281254999
2016-07-20,925,1186,542,650,982.7177978688501,852.5604814306253,898.2921768756778,938.5639533111336
2016-07-21,1012,1386,784,1270,985.5763272432894,892.31662605628,912.8689542531022,945.1270433445765
2016-07-22,844,1036,602,616,981.8989508528089,866.0007569080628,901.2270344784707,938.6096761496343
2016-07-25,1250,1490,1115,1316,985.2233394015371,908.8578276787235,917.4926409695111,946.0827518694435
2016-07-26,883,1020,505,762,983.002211646298,894.8713678997975,911.3948903432557,942.4375488621279
2016-07-27,714,1444,714,1233,985.4897518289218,927.0740947664834,924.0068554278339,948.1912607658481
2016-07-28,1124,1324,945,1049,986.1216945967933,938.6860857411041,928.9085473718404,950.1874734239501
2016-07-29,985,1275,648,812,984.3891404217009,926.6207442419513,924.3238984552977,947.4510878115947
2016-08-01,1114,1462,937,1241,986.9424823080521,956.5616257427179,936.7425691041095,953.2639375578997
2016-08-02,952,1747,952,1608,993.1221591010069,1018.6033756719828,963.0663899235562,966.2290081013076
2016-08-03,1272,1272,659,659,989.7975605029869,984.3554351317939,951.1422177696913,960.1452653666282
2016-08-04,764,1018,580,941,989.3120126372855,980.2263460716231,950.7444837395074,959.7661512009524
2016-08-05,551,551,444,499,984.4332861433822,934.3952654933732,933.0290137889384,950.6420689989534
2016-08-08,1180,1180,1180,1180,986.3792235946919,957.7861925892424,942.7141505030977,955.1838102068949
2016-08-09,801,1103,767,984,986.355549728078,960.2827456759812,944.3332034245449,955.7544278265603
2016-08-10,730,1351,730,1182,988.3022606760574,981.3986746592211,953.6534699569156,960.2345381666285
2016-08-11,502,804,502,679,985.2246262414698,952.5988008821524,942.8827456448797,954.6655374108536
2016-08-12,1021,1300,893,1163,986.9935354330969,972.6370103219474,951.5147948352766,958.790972313609
2016-08-15,487,567,333,567,982.8144952795337,934.0049141008095,936.4357832731089,951.032735238092
2016-08-16,1365,1500,1262,1498,987.9407192071005,987.7187318054944,958.4579094192615,961.8637701838724
2016-08-17,1207,1609,1078,1085,988.9064831950895,996.9836144906853,963.4203443439962,964.3021113683501
2016-08-18,640,774,506,543,984.4696027652876,953.7470797772868,946.9332720167807,955.9594953016501
2016-08-19,1550,1617,1160,1191,986.5246315934937,976.3425959889737,956.5045162514168,960.6137627214194
2016-08-22,1418,1591,1061,1062,987.2756302841058,984.5004439900238,960.6415940454789,962.6214109843617
2016-08-23,334,623,295,621,983.6310966494381,949.881354086212,947.322315847617,955.8566305688297
2016-08-24,1206,1574,1159,1513,988.8984489215829,1003.5117013160966,969.5057544418281,966.8891725377638
2016-08-25,1256,1256,592,808,987.098464355199,984.8915392859922,963.1721954441093,963.7428522894912
2016-08-26,548,1613,235,1312,990.3313154561423,1016.0447260206596,976.8517171913992,970.6390334322735
2016-08-29,771,771,358,524,985.6912028645389,969.1833235425015,959.0928263211482,961.794696136585
2016-08-30,733,1241,733,1041,986.241539154444,976.0230070146442,962.3048723477699,963.3631179952665
2016-08-31,1334,1715,1156,1321,989.5724691131063,1008.8779587275353,976.371347941975,970.4450364508058
2016-09-01,939,1626,939,1097,990.6413997686973,1017.2705340868176,981.1018833167996,972.951075332968
2016-09-02,258,433,205,271,983.4807888257252,946.1971498880731,953.2547506377093,959.0510540392459
2016-09-06,669,1217,669,865,982.3018755040762,938.4640879939709,949.7937800244658,957.1886569295579
2016-09-07,1029,1029,725,725,979.741657837369,918.1341748516879,940.9783376705652,952.5908617428339
2016-09-08,1147,1286,1020,1176,981.6944771623703,942.6928248658129,950.1948734481902,957.014805074659
2016-09-09,1784,1978,1771,1975,991.5781142055308,1041.0077939262117,990.3833097835552,977.1729277464478
2016-09-12,1608,1608,369,393,985.6221130691574,979.2927659332391,966.956513321455,965.6051469989934
2016-09-13,1825,1969,1761,1913,994.849753735136,1068.2172644157877,1004.0562578970842,984.3654411178252
2016-09-14,728,1251,521,1164,996.5328407626471,1077.3394297095222,1010.3285615089632,987.9225610956901
2016-09-15,762,837,279,367,990.2688323968496,1009.6880554514725,985.099990469396,975.6270648363695
2016-09-16,1569,1675,1280,1284,993.1915305819556,1035.8130025513321,996.8215594705961,981.733459592085
2016-09-19,270,785,198,620,989.4781820189511,996.2117642131101,982.0442434129257,974.5704207882812
2016-09-20,487,1262,487,1260,992.169941401847,1021.334453335671,992.9444691614384,980.2224916637608
2016-09-21,275,803,205,216,984.4468574077988,944.635933970369,962.4760586060879,965.0893730169537
2016-09-22,125,406,125,328,977.9150478813531,885.9087021636672,937.5946445431041,952.4737418681032
2016-09-23,1351,1476,1197,1475,982.8611668079068,942.0126352909369,958.6693643649431,962.8207964845764
2016-09-26,1303,1536,1235,1534,988.3451352973804,998.3923843108477,981.2313500761219,974.1312757621095
2016-09-27,1303,1303,736,882,987.2869747471576,987.3073953288622,977.3399245829406,972.3068940638499
2016-09-28,518,1263,489,489,982.3288953964396,939.8495481546848,958.1893393051782,962.7364605180311
2016-09-29,1269,1648,990,1604,988.5146775317985,1003.101972139953,983.5152475677203,975.4347484285652
2016-09-30,262,769,262,526,983.9125414369547,957.663689079005,965.5734731532999,966.5350504398807
2016-10-03,1300,1509,1232,1278,986.8387848057413,988.1719091667188,977.8254938139548,972.7026732034474
2016-10-04,761,1561,761,1425,991.1985978922513,1029.7745844841743,995.3617489585056,981.65905591229
2016-10-05,321,675,321,674,988.0423929380995,995.8912907237767,982.7593274307211,975.5667973793734
2016-10-06,1249,1528,966,1085,989.0071452471732,1004.3778344643694,986.7687655706928,977.733791490673
2016-10-07,783,1668,783,1459,993.6836910656093,1047.675183563001,1005.2876375090971,987.2638154215507
2016-10-10,212,425,138,420,987.9753956321207,987.896594652239,982.3351811361913,976.03086858152
2016-10-11,1537,1879,1525,1802,996.0751429392637,1065.4302523044066,1014.4788995230073,992.3866929660444
2016-10-12,951,1159,629,777,993.8952907707138,1037.9607044658917,1005.1660015024972,988.1216099370138
2016-10-13,1635,1768,1165,1334,997.2794172307067,1066.1549230881876,1018.0614524239679,994.970686967964
2016-10-14,426,1045,264,1040,997.7044976562718,1063.6639780321698,1018.921787623028,995.8623565329548
2016-10-17,796,1144,753,1143,999.1502240477516,1071.2197896481537,1023.7875998731053,998.7759732352725
2016-10-18,144,546,144,483,994.0144009228984,1015.1988573007104,1002.5802430153365,988.5625876266533
2016-10-19,666,999,471,627,990.362516336601,978.2275375577856,987.8516060343429,981.4029324261255
2016-10-20,1235,1496,933,1190,992.3489589601173,998.3963435046632,995.7789940329961,985.5335674275884
2016-10-21,1707,1714,1137,1168,994.096730512753,1014.5490726946953,1002.5327589728787,989.1467641121907
2016-10-24,286,826,275,662,990.7922854330241,980.9729705332957,989.178533130805,982.6686103673949
2016-10-25,1204,1503,1159,1382,994.6848995083174,1019.1660209586961,1004.5832965374401,990.5761626373475
2016-10-26,1537,1537,974,1304,997.7626617022645,1046.2930665816775,1016.3251280457758,996.7825752583901
2016-10-27,692,1412,692,1391,1001.6754710385603,1079.1222983358034,1031.0182602792747,1004.5888608968379
2016-10-28,810,1179,557,1060,1002.255814610316,1077.3011270657269,1032.1547990918523,1005.6861111761084
2016-10-31,785,1092,785,879,1001.0293885942929,1058.4153054404196,1026.1487285392307,1003.177475311235
2016-11-01,707,1735,707,1565,1006.6410364689765,1106.6614668270463,1047.2801509494568,1014.3026738199234
2016-11-02,1331,1562,1049,1557,1012.117245061325,1149.5508509387562,1067.2691646377134,1025.0491555264596
2016-11-03,753,1159,545,1086,1012.8523968517595,1143.498388944589,1068.0037072009404,1026.2561029417773
2016-11-04,1108,1108,534,958,1012.3066018582097,1125.8318757117709,1063.6898363303153,1024.90449694293
2016-11-07,93,259,93,226,1004.4826555710633,1040.1336018344593,1030.8392545134402,1009.0846059143572
2016-11-08,1348,1348,571,772,1002.1693953166249,1014.5970683264156,1020.6886955129131,1004.3898612427857
2016-11-09,1342,1342,575,616,998.3269137711859,976.6354427715189,1004.8185505908381,996.6989729013444
2016-11-10,632,974,615,823,996.5823673655025,962.003495840898,997.6884113519817,993.2593892795356
2016-11-11,1008,1065,744,754,994.1686124663432,942.1936390941459,988.1320030636687,988.521579590832
2016-11-14,643,816,593,709,991.3311138348373,919.9847210851796,977.1856500023483,982.986498806855
2016-11-15,786,989,684,713,988.5616500155852,900.2718905056387,966.8254284336288,977.640231503749
2016-11-16,1193,1271,1026,1074,989.411782851251,916.8174247431969,971.0283528087806,979.5483457313975
2016-11-17,530,869,441,832,987.8454964547211,908.7395747676543,965.5762605417696,976.6265963109738
2016-11-18,817,1047,817,907,987.0410636541766,908.5739009802586,963.2791522852295,975.2478518295684
2016-11-21,371,735,309,548,982.6724958566226,874.2335294583293,946.9936953328676,966.7874983279928
2016-11-22,552,912,552,648,979.3424212709846,852.6874790337265,935.2684523786374,960.4748745987256
2016-11-23,1310,1402,859,859,978.1449842434126,853.288671506705,932.2775326775144,958.4654711413251
2016-11-25,772,874,707,707,975.4470242011896,839.3564170774949,923.4431196313374,953.4859568612989
2016-11-28,1092,1471,1092,1448,980.1490438608793,897.322472593924,944.0139776850104,963.2783141511741
2016-11-29,946,1113,834,1016,980.5057697926118,908.6250942516455,946.8369589522649,964.3223079303588
2016-11-30,632,1153,632,1145,982.142528302138,931.1369900372031,954.6080586011957,967.9000840109458
2016-12-01,697,1215,650,1147,983.782901154853,951.6953719384219,962.1528406168351,971.446617000828
2016-12-02,968,1021,717,924,983.1880464169938,949.057717468096,960.6566507887239,970.5070800305147
2016-12-05,345,442,308,407,977.4548320247849,897.433172947325,938.9446252675975,959.3485239903065
2016-12-06,800,1139,550,580,973.5000575767771,867.201442190437,924.8683654531819,951.8366720301024
2016-12-07,769,854,450,470,968.4901067551176,829.3727334103953,907.0303903373708,942.2953517918825
2016-12-08,818,1051,462,539,964.2165733545692,801.71818737131,892.5978260104151,934.3093052217462
2016-12-09,794,1098,721,942,963.9955129231804,815.0783600026139,894.5351661668694,934.4615962074541
2016-12-12,1059,1368,886,1287,967.2094879189697,860.023278097603,909.9259439642472,941.4425546983956
2016-12-13,415,1137,412,869,966.2322790839551,860.8782039930694,908.3210049852571,940.008048664764
2016-12-14,1174,1762,1168,1753,974.0608136204331,945.842184565158,941.4456714564235,956.1068991862538
2016-12-15,1119,1183,477,790,972.2293627386377,931.0000717494287,935.5066255169559,952.8176536578131
2016-12-16,615,1058,475,960,972.1076775372583,933.7619696780545,936.467150006487,952.9598783378565
2016-12-19,747,925,634,799,970.3852130841512,920.9274963753826,931.0762813787817,949.9111678757207
2016-12-20,644,644,644,644,967.1375990236124,894.5534491015367,919.8183879913785,943.8535209870926
2016-12-21,902,1232,902,1231,969.7630955507407,926.5959777585332,932.0215884623049,949.5395898784373
2016-12-22,1254,1505,1175,1306,973.1087363910318,962.7296941624824,946.6874085226067,956.5982118610425
2016-12-23,855,932,651,724,970.6300424965937,939.9935328136745,937.9545689727006,951.9923066756753
2016-12-27,671,671,438,627,967.2108380936425,910.1846249266579,925.7602721502418,945.5568154543748
2016-12-28,838,1711,838,1660,974.1042625902231,981.595613028881,954.5539869678794,959.7042052473575
2016-12-29,444,1037,404,824,972.6106878380816,966.5865070261304,949.4342227730606,957.0169932622614
2016-12-30,853,1389,853,1252,975.3906809939216,993.7687444522132,961.2995473701955,962.8582409204345
2017-01-03,302,827,302,516,970.8196294417432,948.2669592662882,943.8368200223447,954.009562882406
2017-01-04,346,466,276,293,964.0751555169497,885.8605821933083,918.3138074724488,940.920264607507
2017-01-05,1083,1420,1009,1210,966.5221688948906,916.7310029368028,929.7524816892155,946.2485761994375
2017-01-06,974,1312,901,1162,968.4672219407125,940.0899550380597,938.8602275053247,950.5208816212308
2017-01-09,1359,1570,1292,1528,974.0347122696606,996.0813878915778,961.963747995312,961.9561116881372
2017-01-10,819,851,546,741,971.7159589137436,971.7879223780942,953.298502975888,957.5807431398572
2017-01-11,951,987,667,667,968.6839593225621,942.7605011992281,942.0711107023238,951.8266690182759
2017-01-12,1172,1665,1172,1312,972.1000393293028,977.9261677516826,956.5781259688994,958.9588141862308
2017-01-13,548,745,537,684,969.2333722712998,949.9331993943795,945.8887876956092,953.5140851924441
2017-01-17,1088,1240,1027,1191,971.4400053830282,972.8919423092004,955.5009920997029,958.216776574772
2017-01-18,875,1057,807,869,970.4207018468786,962.9974716130861,952.1087963310871,956.4501077317072
2017-01-19,1259,1629,1259,1458,975.2722371518848,1010.1405695546969,971.9476670632014,966.3817887667229
2017-01-20,452,786,413,563,971.1700258369407,967.5557534066305,955.9105036489582,958.3940305733224
2017-01-23,1116,1407,898,1098,972.4320156296079,979.9790149869514,961.4826407607637,961.1585052154348
2017-01-24,499,714,344,412,966.8555776631441,925.8857754643846,939.9343019074005,950.2840793695847
2017-01-25,386,632,386,550,962.7077609699785,890.0871301820622,924.6427606561299,942.3576619563256
2017-01-26,807,1279,807,1239,965.4569374777399,923.31692730758,936.9704955323601,948.2317676601607
2017-01-27,920,1472,920,1296,968.7459231744788,958.8105532782868,951.0500839428558,955.1182673104546
2017-01-30,1700,1848,1612,1612,975.1464612523447,1021.0190720136881,976.9696884941164,968.1258263736139
2017-01-31,1076,1349,750,750,972.9061979563014,995.2077318219083,968.0689163963079,963.806503079087
2017-02-01,640,1257,640,1077,973.9419571806168,1002.9974716483932,972.3407235964527,966.0479584636595
2017-02-02,1088,1088,805,959,973.7932809897649,998.8072362533081,971.8175579652193,965.9083949297257
2017-02-03,353,527,329,389,967.9744423729513,940.7303566101359,948.9619674567793,954.4844663172559
2017-02-06,1263,1508,1147,1410,972.3727066279469,985.4227035996468,967.0418903016115,963.504575895132
2017-02-07,853,1341,731,1231,974.9461125321463,1008.8110175425376,977.3931887211561,968.8015149863176
2017-02-08,1418,1418,960,971,974.9068477308315,1005.2099682527721,977.1424754379735,968.8450493430241
2017-02-09,538,538,415,512,970.3008094449526,958.2375903239367,958.9015940482491,959.7986127223702
2017-02-10,540,669,389,490,965.521696913162,913.6435341026095,940.5132962424354,950.4956698961846
2017-02-13,492,858,461,790,963.7752123667624,901.8679594261705,934.6108140368498,947.3175378190324
2017-02-14,1241,1359,908,908,963.2202351292822,902.4519632903448,933.5672527020713,946.538972713705
2017-02-15,1288,1288,725,744,961.038939257349,887.3613001198357,926.1332427921861,942.528299986701
2017-02-16,716,1389,716,1156,962.9788503095148,912.945938203661,935.1476254277867,946.7554623632019
2017-02-17,1393,1479,1049,1049,963.8347821472311,925.9034678985504,939.6124244306186,948.7801066728415
2017-02-21,591,668,429,496,959.1797096880547,884.9602804796408,922.2158587666728,939.8141639664486
2017-02-22,1308,1474,1196,1247,962.0435931737456,919.440253767294,934.9524917562151,945.8970518086971
2017-02-23,481,1349,481,1130,963.7148012018675,939.4935629323137,942.6014136481282,949.5426547431783
2017-02-24,1570,1570,1048,1048,964.5534598963764,949.8275093197124,946.73469154428,951.4923051443035
2017-02-27,1079,1199,618,711,962.0305398974074,927.0820322416445,937.4901938366612,946.7300812800598
2017-02-28,1401,1533,1283,1483,967.2143156198213,980.026600599583,958.8827352548313,957.3492875913457
2017-03-01,360,442,320,421,961.7793473051962,926.7859719710514,937.7892946566027,946.7285096192398
2017-03-02,1477,1543,1332,1519,967.3238314116122,983.1873079738084,960.581871336736,958.0606183396509
2017-03-03,834,1291,756,989,967.5395146811484,983.7408976905886,961.6963077549032,958.6732793626281
2017-03-06,1655,1780,1432,1510,972.9371314504901,1033.8608121962468,983.1984133331423,969.5906401673286
2017-03-07,1083,1467,1083,1417,977.3556674559579,1070.350258653747,1000.2102402612544,978.4502314511438
2017-03-08,906,1363,840,1363,981.1929244961972,1098.2216625914855,1014.4372896627739,986.0650783531014
2017-03-09,1012,1450,708,1294,984.3054327101654,1116.8672185351536,1025.4005332054103,992.1627995738321
2017-03-10,198,975,198,625,980.7302542752384,1070.0227215318057,1009.6985515110805,984.8922490872216
2017-03-13,627,938,600,756,978.4941323421515,1040.1157956716338,999.7495887067244,980.3597293033162
2017-03-14,1663,1705,1373,1433,983.0165787865081,1077.533338941002,1016.7398009143038,989.3229029804783
2017-03-15,327,422,213,250,975.7228814851499,998.72063999424,986.6715734274684,974.6828454957163
2017-03-16,574,1031,574,937,975.337579181815,992.8424838043123,984.7236685871756,973.9366505354051
2017-03-17,728,1082,728,879,974.378996304384,982.000342489616,980.5776423680707,972.0567168614367
2017-03-20,1234,1478,1221,1322,977.8379117640419,1014.3812622525097,993.9667544320679,978.9862868245766
2017-03-21,402,1726,402,1726,985.2823106519619,1082.1544753713183,1022.6739405327711,993.7786375805256
2017-03-22,1342,1492,1001,1022,985.6476607947285,1076.4254777169072,1022.6475114922703,994.3374764403171
2017-03-23,1170,1170,353,696,982.765594518164,1040.1944798391064,1009.83780515924,988.4298036395188
2017-03-24,443,1242,416,1045,983.3848423339036,1040.6521484258583,1011.2167147608385,989.5500055476472
2017-03-27,1554,1678,956,1020,983.7491722609294,1038.6852771472052,1011.5611573192369,990.1529757348225
2017-03-28,959,1216,461,466,978.5974392036068,984.1438221808047,990.1666021302473,979.7737088885883
2017-03-29,1127,1159,695,725,976.0740815995907,959.4634581635852,979.7679118506297,974.7286849502004
2017-03-30,831,995,727,782,974.1429962105401,942.56217643372,972.0123074643305,970.9122753472261
2017-03-31,1161,1161,640,839,972.7982897805845,932.6991120114609,966.7961385441607,968.3001510829246
2017-04-03,721,1599,721,1371,976.7604958524195,974.4420537246551,982.6472703659583,976.2744055169261
2017-04-04,1156,1234,918,983,976.8225804708034,975.2570962270689,982.6611029006266,976.4075856056999
2017-04-05,398,1432,290,1431,981.3417587745764,1018.6611823006814,1000.2430204339354,985.4094155937058
2017-04-06,961,967,406,439,975.9453233638841,963.4553554149022,978.2334902208398,974.5894271661077
2017-04-07,997,1187,827,1151,977.6871609423529,981.3167501372925,985.0086474670813,978.0827058360858
2017-04-10,811,980,377,703,974.953955360837,954.8103929813599,973.9494848213135,972.6355235423019
2017-04-11,1138,1354,660,660,971.8200851582416,926.7332126974209,961.6377403185169,966.4447210959197
2017-04-12,1317,1592,1250,1519,977.2646614253238,983.1395733929046,983.4950838354378,977.3864097870896
2017-04-13,1277,1664,932,1655,984.008296635022,1047.1262806888185,1009.8286099595382,990.8045006823947
2017-04-17,350,646,334,335,977.5505026386536,979.3047301470262,983.3647429023014,977.8182729461097
2017-04-18,1522,1522,1040,1042,978.1917911696123,985.2757082282618,985.66416474927,979.0891982343055
2017-04-19,463,1142,463,1047,978.8764499639445,991.1542122065226,988.0694916218476,980.4339665861014
2017-04-20,464,663,424,466,973.7732017055969,941.139525329711,967.5961782249125,970.2471553665746
2017-04-21,1201,1389,1075,1236,976.3824235791731,969.2214752983099,978.1218182945238,975.5095879335731
2017-04-24,155,515,155,468,971.3238920012708,921.4860966984709,958.1170411065033,965.4598931230073
2017-04-25,457,549,325,508,966.7137040211586,882.1064684414737,940.46539243566,956.4012813779973
2017-04-26,1027,1035,504,844,965.492672140351,878.4772809708571,936.6824358695557,954.1755134299182
2017-04-27,879,1271,757,1118,967.0101579897008,901.2889684974422,943.7929285805535,957.4195626689296
2017-04-28,1064,1489,1064,1421,971.5274698504998,950.7852572119715,962.5069313813161,966.5993733091489
2017-05-01,706,1128,706,881,970.6266990062162,944.1390422394028,959.3105811310684,964.9043362139182
2017-05-02,580,1201,580,1043,971.3468313544131,953.5543715499358,962.5925191259284,966.4507850017615
2017-05-03,1425,1581,1233,1367,975.2836788036229,992.9301456880371,978.4516360229509,974.382452625489
2017-05-04,886,1438,886,1181,977.3306073727412,1010.8415603844145,986.39470912009,978.4738892071625
2017-05-05,518,766,487,487,972.4516958565945,960.9518879668512,966.8106028800865,968.7417329852385
2017-05-08,877,1440,877,1146,974.1785446540413,978.575517684294,973.8376380612597,972.2517976786002
2017-05-09,984,1259,984,1125,975.6792556525086,992.520706476266,979.7655738235632,975.2765145562516
2017-05-10,880,918,598,621,972.1501088300955,957.1377820499549,965.6963356344038,968.2611380303853
2017-05-11,1316,1691,1235,1295,975.3625455581542,989.3151361404354,978.6102048252114,974.7312145050311
2017-05-12,1183,1360,1164,1301,978.6027192341925,1018.9994088889653,991.2529418908895,981.1919825346345
2017-05-15,380,531,236,456,973.4026921771358,965.3804175662067,970.262630444188,970.7921412963249
2017-05-16,650,1447,650,1157,975.2295310609454,983.6299016075203,977.5856645444159,974.4794256270907
2017-05-17,1553,1726,1553,1695,982.3914262742693,1051.3794347877565,1005.719560052478,988.7471597730889
2017-05-18,1309,1438,726,942,981.9895215352218,1040.9623457603511,1003.2207537759102,987.8214734409486
2017-05-19,547,547,243,371,975.9100238085032,977.1564080688892,978.4277830396001,975.6071868381575
2017-05-22,460,814,354,614,972.3089290442394,942.5700834908997,964.136497430204,968.4466484849266
2017-05-23,692,1135,679,890,971.4899347253913,937.5634088727188,961.2291838054902,966.8932495050271
2017-05-24,682,1138,640,876,970.5397861211586,931.700227075317,957.8868628719415,965.0933831781949
2017-05-25,676,1090,401,1005,970.8826738214456,938.6811578300487,959.7344368769634,965.8836132142703
2017-05-26,1058,1266,953,976,970.9335924898888,942.235333274806,960.3723020974746,966.0839377050769
2017-05-30,1372,1516,1215,1350,974.7053975397407,981.0700634391102,975.6518196622795,973.6862359683427
2017-05-31,750,1534,750,1022,975.1759905990468,984.9681526353854,977.469395361798,974.6429441669893
2017-06-01,673,683,277,283,968.288667309504,918.1140428605868,950.2353014260412,960.9470442824945
2017-06-02,676,1023,665,900,967.6091780825438,916.3888959214833,948.2652896054121,959.7401721184847
2017-06-05,1312,1457,1152,1327,971.1852061613245,955.4947153575324,963.1176311895136,967.0126439577226
2017-06-06,1595,1595,932,1122,972.6858508761371,971.3523615139579,969.3483123193366,970.0817005130152
2017-06-07,837,1208,662,1038,973.3357429072204,977.6997556554858,972.0405353656372,971.4266173345396
2017-06-08,1159,1159,718,784,971.45180516685,959.2521598787729,964.6663967238475,967.7151991694992
2017-06-09,644,798,438,641,968.1637275034983,928.9424303665088,951.973596852324,961.2455912651527
2017-06-12,687,1071,643,942,967.9033919064485,930.1860084268413,951.5824754071349,960.864490448021
2017-06-13,706,877,528,551,963.7550994496679,894.0730552433326,935.8733587245022,952.7483619242978
2017-06-14,809,1425,809,1207,966.1754467188255,923.8756214106343,946.5057760294236,957.783047826787
2017-06-15,1678,1678,1281,1295,969.4473328211258,959.2208003239072,960.1722161851325,964.4606112361575
2017-06-16,1196,1257,875,875,968.5075583651942,951.1997717216303,956.8321292759116,962.6891139839564
2017-06-19,599,847,599,733,966.1641995754908,930.4188410814751,948.0543987160719,958.1408146971454
2017-06-20,1401,1690,1401,1615,972.6202771916551,995.6170466927632,974.2091281781867,971.1479272774
2017-06-21,884,1454,812,1398,976.8529112494496,1033.939232722024,990.8283780535519,979.6004435689366
2017-06-22,829,1039,661,822,975.3120862618929,1013.754543891355,984.2076573455695,976.4796427061854
2017-06-23,738,965,461,587,971.4482844085408,973.1112539969401,968.6308864692727,968.7671745337857
2017-06-26,444,953,444,688,968.6279034691523,945.9578012353268,957.6257536665561,963.2074285034137
2017-06-27,946,1361,786,1360,972.5221531858772,985.3903915938671,973.4051358757107,971.0647071469105
2017-06-28,250,471,220,413,966.9547685770625,930.8770209658798,951.4284638805848,960.0139208667736
2017-06-29,860,1594,860,1350,970.7661639146041,970.7934951596055,967.0587201989932,967.736417483273
2017-06-30,386,944,386,837,969.4351573084887,958.0512575253574,961.9583782304053,965.1475775331093
2017-07-03,370,590,370,568,965.4407776337773,920.9035187134186,946.509030064507,957.2832690671071
2017-07-05,1135,1531,1135,1319,968.9587798463765,958.8174693121407,961.1165190815851,964.4459766103327
2017-07-06,1512,1733,1406,1685,976.0835681066116,1027.977710330032,989.5041065685817,978.7143731130983
2017-07-07,732,910,555,557,971.913582354307,983.1226902986004,972.5431612129511,970.3635934474923
2017-07-10,1290,1290,789,1074,972.9293676045129,991.7776721749242,976.5218607732276,972.415799517839
2017-07-11,1017,1249,840,899,972.193752006458,982.94170339636,973.4817878017284,970.962021309565
2017-07-12,195,488,153,462,967.1171972601251,933.3282078348019,953.4236784761704,960.8835654420488
2017-07-13,803,1192,803,897,966.419513705298,929.8683785172017,951.2109852025951,959.6185443441865
2017-07-14,688,696,476,587,962.6441951609667,897.2142472298491,936.9282014691601,952.239959307668
2017-07-17,1108,1130,670,816,961.1850489404595,889.4795570174825,932.1859190586048,949.5421383312785
2017-07-18,1315,1435,1185,1194,963.5016156176689,918.4815039681985,942.4531379190516,954.3828880672927
2017-07-19,522,559,394,394,957.8349328752046,868.5308845426557,920.9451717261477,943.286197214475
2017-07-20,741,1169,741,1052,958.7718987172424,886.0041336338313,926.0845767564948,945.4389457844854
2017-07-21,921,1370,921,1178,960.9532728593593,913.8132637639426,935.9636129621225,950.0441151748917
2017-07-24,1118,1253,1042,1069,962.028364671704,928.5929529292814,941.1807261792942,952.3996772506364
2017-07-25,394,575,394,575,958.177336167508,894.9174336026832,926.8206977016748,944.9264163149802
2017-07-26,890,1147,890,1118,959.7676114295228,916.1633923071896,934.3179252427856,948.3536159919113
2017-07-27,907,1275,892,1090,961.0634560919157,932.7192597065049,940.4231046450293,951.1584948831605
2017-07-28,1203,1220,995,1015,961.6001381208519,940.5555206868378,943.3476887765968,952.422683103296
2017-07-31,664,1293,664,1028,962.2608332639279,948.8835663357104,946.667387255946,953.919263635904
2017-08-01,496,1028,496,844,961.0841085548341,938.8946552561189,942.6412152066932,951.742644554005
2017-08-02,1249,1602,1185,1307,964.5260577234427,973.9523071364885,956.9297950025092,958.7774436717475
2017-08-03,1033,1280,977,1219,967.0581367510702,997.290182647299,967.2070579435873,963.9303655792377
2017-08-04,635,920,635,744,964.8386528032983,973.167308109461,958.4538399850153,959.5753088350943
2017-08-07,1083,1265,967,1054,965.725830387345,980.8656597180837,962.200748220897,961.4451046997459
2017-08-08,1094,1322,684,1232,968.3753246123465,1004.7832159354091,972.7811110357638,966.8026273789588
2017-08-09,1399,1489,1279,1320,971.8740776012784,1034.8038620367986,986.3975380539691,973.7966347575933
2017-08-10,1467,1715,1381,1715,979.2683653863403,1099.5844466047224,1014.9701836204802,988.4739291188291
2017-08-11,1013,1106,853,1021,979.6836055317499,1092.1002135947488,1015.2066470079124,989.1180097303375
2017-08-14,319,455,267,432,974.2340174170062,1029.233526585725,992.3357981056413,978.0859699336971
2017-08-15,1084,1417,1084,1343,977.9033306765384,1059.116047863275,1006.0873354348319,985.3119903310496
2017-08-16,342,878,342,852,976.6505612170704,1039.3907099715345,1000.0446948295444,982.6721489383556
2017-08-17,1345,1747,940,1745,984.2958292646617,1106.5915947361502,1029.2586283656406,997.7677499494772
2017-08-18,1459,1459,753,1007,984.521741411282,1097.106680951755,1028.3857409787527,997.9505667821609
2017-08-21,1151,1273,915,983,984.5065997056971,1086.2393780039688,1026.6059079991937,997.6545159547913
2017-08-22,378,567,344,483,979.5164842857399,1028.7880086702576,1005.2880292541273,987.4633374210331
2017-08-23,1395,1395,817,1014,979.8596038450858,1027.3796268921378,1005.6296751657302,987.9888158879434
2017-08-24,495,967,495,947,979.5326426127964,1019.7244243309818,1003.3304722180545,987.1771561673901
2017-08-25,363,673,363,573,975.4875416912761,977.1792410613646,986.4547674251896,978.9756283224913
2017-08-28,554,1313,554,1134,977.0647800824077,992.1145514364727,992.2408549771429,982.0454178606598
2017-08-29,1517,1530,1019,1066,977.9497076437767,999.1512608234752,995.1333704682354,983.707884833716
2017-08-30,1154,1154,704,760,975.7810538363759,976.3749502688586,985.912453979285,979.2780257280979
2017-08-31,323,492,323,479,970.8379587733274,929.0059073861102,966.0335342153915,969.3715301691257
2017-09-01,598,673,520,545,966.6007651536922,892.4339162064806,949.5224152265525,960.9681335321133
2017-09-05,946,1611,946,1399,970.9032451024117,940.6783051391967,967.1489871784524,969.642031878012
2017-09-06,439,845,439,776,968.9639093302484,924.9946570307018,959.652948465572,965.8075361972592
2017-09-07,668,1146,668,976,969.0339201826837,929.8523087420635,960.2940093100593,966.0093671636502
2017-09-08,1286,1323,893,974,969.0833339122092,934.0568507666289,960.8314991410374,966.1675975168451
2017-09-11,318,401,270,373,963.1521564603464,880.622864979331,937.7792834884477,954.4217044967096
2017-09-12,693,738,573,692,960.4541250527808,862.6587826003471,928.1408802143909,949.2252351007352
2017-09-13,1013,1013,897,947,960.3202531617084,870.6912794955521,928.8804535393167,949.1811710393345
2017-09-14,1204,1309,882,923,959.9489073591043,875.6730624007375,928.649847518167,948.6627320088526
2017-09-15,1032,1092,742,743,957.7902117634914,863.0375326482863,921.369461340984,944.5902026621426
2017-09-18,604,861,488,785,956.0709061738049,855.6053866817829,916.0216393276121,941.4300006292289
2017-09-19,665,1045,665,924,955.7517926795382,862.119159378756,916.3345162167253,941.0848521019174
2017-09-20,674,1005,653,830,954.5005310608364,859.0601918188745,912.9488489141087,938.8851520602952
2017-09-21,968,1162,963,1133,956.276645179634,885.1496973599341,921.5783058194378,942.7290104353389
2017-09-22,843,843,655,697,953.6967780634187,867.2306785637498,912.7713134343618,937.8630894366192
2017-09-25,857,1077,713,836,952.5256658438822,864.2563282243451,909.7606736918378,935.8459985566861
2017-09-26,755,818,658,815,951.1572512583709,859.565249345836,906.0445688411776,933.4530084862567
2017-09-27,483,1122,483,691,948.568621892616,843.5114160748041,897.6114484944648,928.6519588132616
2017-09-28,974,1286,788,788,946.9709241623411,838.2246145438703,893.3129603182113,925.8667715100287
2017-09-29,865,935,808,884,946.3443478025168,842.5841750635017,892.9477461880854,925.0377265296321
2017-10-02,795,795,537,537,942.2712697149296,813.4809202955491,878.9890110434545,917.3538111528077
2017-10-03,768,1070,768,772,940.5770282252289,809.5303564578778,874.7933635515543,914.4755178626531
2017-10-04,867,1124,776,999,941.1583513274654,827.5750844142703,879.6642120397287,916.1492699841847
2017-10-05,639,760,541,702,938.77866623963,815.6155525652922,872.6969880381707,911.9086903805375
2017-10-06,1410,1423,1178,1179,941.1689282670964,850.2235951781215,884.7088708602032,917.1976272046852
2017-10-09,580,1200,580,1135,943.0975956475232,877.34515754211,894.5242092578422,921.5105454778598
2017-10-10,360,837,310,726,940.9374205664534,862.93133301429,887.9154167379269,917.6390495278031
2017-10-11,696,988,696,848,940.0126701130558,861.5093012986433,886.350106277616,916.2600584480446
2017-10-12,1095,1305,886,994,940.549857475115,874.1274630797249,890.5716707373173,917.7994632312516
2017-10-13,545,888,545,856,939.7085653609347,872.401038024513,889.215918943697,916.5757114840981
2017-10-16,633,1077,633,971,940.0199229195324,881.7914153555117,892.42313780865,917.6534201675813
2017-10-17,1045,1282,972,1199,942.5968391093878,912.0017567502249,904.4457598553696,923.2246395702035
2017-10-18,503,972,503,851,941.685427774966,906.1920656311559,902.3498477041786,921.7944486876253
2017-10-19,1425,1527,1009,1012,942.3850752597922,916.2690117615219,906.6498536765638,923.5806972284644
2017-10-20,539,767,539,716,940.132487446262,897.1957725461389,899.1733888265024,919.4701883724551
2017-10-23,791,1415,791,1412,944.8276865761499,946.2247465893637,919.2842363235023,929.2232539492383
2017-10-24,504,913,504,853,943.9139782520091,937.3461992951386,916.6848545068945,927.7138825839068
2017-10-25,1111,1727,1111,1367,948.1237894136806,978.2656088860778,934.3442719772123,936.4126175822453
2017-10-26,538,899,538,887,947.5155925040917,969.5736461350227,932.4876338604589,935.4341499073494
2017-10-27,981,1152,732,732,945.371158747832,946.9475845983538,924.6253737090684,931.405750899283
2017-10-30,1237,1441,1146,1354,949.4371173672566,985.7144813032726,941.4635943479285,939.7739538517725
2017-10-31,702,910,653,735,947.303414706886,961.8369116553419,933.3669828048725,935.7190240725295
2017-11-01,373,1107,373,952,947.3501468988572,960.9000629262616,934.0976893615441,936.0414196354496
2017-11-02,928,1158,854,952,947.3964140938934,960.0524378856653,934.7997407591306,936.357431127817
2017-11-03,1079,1158,978,1031,948.2282905705711,966.809348563221,938.572299945047,938.2315414025137
2017-11-06,910,910,713,774,946.4946757390231,948.4465534619618,932.1184842609275,934.9794316717708
2017-11-07,942,1383,832,1250,949.5146292142567,977.1659293227274,944.5844260546166,941.2174627277753
2017-11-08,1186,1265,890,913,949.1512995703338,971.0548884348486,943.3458211112984,940.6587010896015
2017-11-09,1509,1509,1056,1158,951.229396092022,988.8591847743869,951.7636320481103,944.9624891868372
2017-11-10,1002,1108,813,1060,952.3116906582704,995.6345005101596,956.0081954972039,947.2404596979889
2017-11-13,1408,1438,1054,1101,953.7911763233623,1005.6693099853825,961.6941486149607,950.2852030703059
2017-11-14,1452,1452,1148,1166,955.9027069072094,1020.9388995105842,969.706142786923,954.5567832075276
2017-11-15,1662,1731,1247,1363,959.9534262414661,1053.5161471762428,985.1294313050829,962.6447676984676
2017-11-16,439,554,331,447,954.8494120500087,995.7527045880292,964.0263163519423,952.43398021929
2017-11-17,1169,1169,662,736,952.6718059599589,971.0143517701217,955.0841078675525,948.148158828809
2017-11-20,817,1063,732,732,950.4760665971733,948.2510801729672,946.3357114805896,943.8679972678425
2017-11-21,390,659,390,607,947.0583942927237,915.7509772993513,933.0284286774292,937.1973438565981
2017-11-22,649,930,587,930,946.8886590261295,917.1080270803656,932.9096667685104,937.0548221960714
2017-11-24,485,894,485,808,945.5066823194019,906.716786406045,928.0112484638629,934.4992811624859
2017-11-27,895,1232,895,1199,948.029003888363,934.5532829388026,938.6382583280251,939.7369191592684
2017-11-28,689,790,503,518,943.7501083272848,894.8815417065357,922.1426403543771,931.3856930373026
2017-11-29,763,956,659,865,942.9665251598491,892.0356805916275,919.9017524973427,930.0711248583461
2017-11-30,435,870,435,822,941.7628781433332,885.3656157733773,916.0624680856822,927.9311025839235
2017-12-01,832,1598,832,1097,943.3075261220065,905.521271414008,923.1580575725183,931.2790015426576
2017-12-04,285,1014,285,1000,943.871630339698,914.5192455650548,926.1714670794784,932.639813393298
2017-12-05,920,1464,920,1463,949.0370867542283,966.7555078921924,947.2235664096949,943.1419953063021
2017-12-06,1196,1404,1023,1306,952.5889565377684,999.0645071405551,961.2932304720598,950.3273023299397
2017-12-07,1136,1136,524,658,949.6577231393826,966.5821731271689,949.3993782966849,944.5386428778617
2017-12-08,410,812,410,680,946.9745617151101,939.2886328293432,938.834696794854,939.3002539099832
2017-12-11,743,1002,718,924,946.7459591109797,937.832572559882,938.2529439793695,938.9972785850331
2017-12-12,695,1029,695,1029,947.5644072790296,946.5151846970361,941.81165205861,940.7795106922601
2017-12-13,681,874,574,858,946.6732191469,938.0851671068423,938.5249206053312,939.1403124607302
2017-12-14,826,1446,826,1425,951.4326896031498,984.4580083347621,957.6023746992398,948.761296372399
2017-12-15,389,507,367,493,946.8711703036159,937.6524837314514,939.3826737306422,939.7363202066089
2017-12-18,181,494,181,468,942.1062830369133,892.9236757570275,920.8970786823817,930.3950069351908
2017-12-19,744,1353,744,1353,946.1947777330633,936.7404685420724,937.8422912830725,938.7634226394445
2017-12-20,463,886,463,885,945.5858744720379,931.8128048713988,935.7700445660893,937.6988004089604
2017-12-21,488,756,488,721,943.3511891539081,911.7353948836466,927.347689877223,933.4077350543275
2017-12-22,1045,1171,949,1028,944.1934658787449,922.8082144185373,931.2948392938025,935.2808492116676
2017-12-26,778,846,601,816,942.9179090043295,912.6360035215338,926.7734730469867,932.9188521975751
2017-12-27,914,1081,691,943,942.9187258301571,915.5278127099591,927.409807437301,933.1184788867321
2017-12-28,717,984,581,581,939.3175444786133,883.6680210232963,913.8251091064265,926.1458357404601
2017-12-29,576,1360,576,1357,943.4735888121594,928.7472571163157,931.204516592449,934.6776013693619
2018-01-02,428,728,428,578,939.8370356896503,895.3427564385713,917.3533590790196,927.6146785699686
2018-01-03,717,1055,717,916,939.5998512549274,897.3101129682312,917.30028617396,927.3846849349197
2018-01-04,423,821,423,788,938.0913950235351,886.8996260188759,912.2296867161576,924.6245921639312
2018-01-05,684,1058,684,770,936.418843829271,875.7663283027924,906.6520519429749,921.5627190517741
2018-01-08,1026,1302,805,824,935.3002483682833,870.8362017977646,903.4107950040348,919.6307840210459
2018-01-09,728,1218,728,1209,938.0236289815342,903.0422778170251,915.3946853960334,925.3608675057776
2018-01-10,1340,1395,1067,1160,940.2323490911707,927.5144418344513,924.9870506746204,930.0071869611087
2018-01-11,528,530,363,370,934.5583953688705,874.4178283264083,903.222852608949,918.917935734156
2018-01-12,649,872,649,799,933.2095556139564,867.2351780096075,899.1356819184019,916.5433231453609
2018-01-16,423,1422,423,1392,937.7746346625737,917.2127801039305,918.4636943921901,925.9583068454527
2018-01-17,475,754,450,516,933.5778721286177,879.0020391416514,902.6808044160257,917.8403205712854
2018-01-18,1172,1488,1172,1385,938.0696345949997,927.1923211281608,921.5952826742208,927.091007292646
2018-01-19,770,790,475,476,933.4719267880843,884.2216238778598,904.1209578634671,918.1585120987322
2018-01-22,927,1077,700,700,931.1488230389491,866.6767073180636,896.116214417841,913.8385415621236
2018-01-23,903,1240,771,841,930.2518198246312,864.2313066211051,893.9547942445923,912.3961942044579
2018-01-24,459,1294,459,1091,931.8513042044856,885.8283250381427,901.6820572153927,915.9329032301122
2018-01-25,396,1209,396,1006,932.5891021726002,897.2732464630815,905.772956932436,917.7164100968427
2018-01-26,715,1011,715,724,930.5135887181465,880.7710325142166,898.6446056801836,913.8804415800735
2018-01-29,1481,1608,1319,1607,937.2447967906028,949.9356960842912,926.4232485946862,927.6055813507651
2018-01-30,1478,1689,1478,1590,943.7398734394525,1010.8942012191205,952.4458662968555,940.722302512136
2018-01-31,345,1305,345,1103,945.3245513156768,1019.6661820553948,958.3499499714886,943.935722264371
2018-02-01,1209,1241,889,1013,945.9979388647745,1019.0313075739286,960.493089188293,945.3033317244824
2018-02-02,1479,1871,1479,1865,955.1422379805479,1099.5997544716497,995.9639484358108,963.515146937859
2018-02-05,1402,1925,1204,1922,964.7627132245225,1177.9235873791117,1032.279087712838,982.4950450182974
2018-02-06,1505,1505,461,555,960.6854722969153,1118.597531438244,1013.562260743707,974.0297966020935
2018-02-07,962,1145,525,1145,962.519447696946,1121.1120522536494,1018.7166818910126,977.4153451842302
2018-02-08,871,1853,871,1852,971.3700004561804,1190.7204282294922,1051.3944590717572,994.733853200384
2018-02-09,202,1670,202,690,968.570298959104,1143.032768398112,1037.222127343453,988.6995194736437
2018-02-12,326,995,326,458,963.4899974769238,1077.7915523601966,1014.5075341142979,978.190618097928
2018-02-13,1286,1445,791,840,962.2612412831236,1055.1447378497016,1007.6641014039333,975.4541702148007
2018-02-14,1488,1488,382,427,956.935258782794,995.3214294830634,984.8929601724064,964.5936915966859
2018-02-15,368,1105,368,548,952.8662512327164,952.7193885799145,967.7599029107434,956.3443115650683
2018-02-16,1089,1089,466,854,951.882507439356,943.317542048494,963.298730247577,954.3176915340769
2018-02-20,1272,1543,983,1434,956.6796964200589,990.0492047105422,981.7576035712015,963.8163511076594
2018-02-21,582,1141,429,1141,958.5137292915011,1004.4254709285858,988.0024034311543,967.3249382144385
2018-02-22,318,956,318,955,958.4787668109886,999.7182832211015,986.7081915318934,967.0808800319744
2018-02-23,259,654,259,341,952.334699479536,936.9832086286157,961.3863016678976,954.6832388432224
2018-02-26,545,1190,545,655,949.376145255859,910.1276649496999,949.371152582882,948.7489172819704
2018-02-27,897,1741,767,1741,957.2529995319201,989.258363525919,980.4154211090436,964.4370575338125
2018-02-28,405,1631,405,1627,963.9171487903089,1049.9956622377363,1005.7716791047674,977.5571158004698
2018-03-01,875,1464,654,1145,965.7189682053307,1059.043694405571,1011.2316132575216,980.8728164776882
2018-03-02,1578,1631,568,578,961.8610680241832,1013.230009224088,994.242138227815,972.8951369434765
2018-03-05,1414,1414,426,482,957.0863310289177,962.6366750122701,974.1542112384889,963.1744411624176
2018-03-06,500,1114,500,561,953.1451735062419,924.3855631063396,957.9520853075677,955.2105908423697
2018-03-07,1259,1396,881,939,953.004425511155,925.7774142390692,957.2088662758983,954.8895890435109
2018-03-08,461,1278,461,914,952.6163217747255,924.6557557401103,955.5144009317455,954.0798942109661
2018-03-09,461,595,351,351,946.6300897172656,870.0218742410522,931.8079538363829,942.1377180879767
2018-03-12,700,1008,597,849,945.6586460384868,868.0197909799996,928.5605830977013,940.2934068387099
2018-03-13,418,1359,392,1310,949.2839331425815,910.1131442199996,943.5189916036737,947.614329475567
2018-03-14,448,1373,448,1257,952.3457845540981,943.1499876276188,955.812364481961,953.740778396843
2018-03-15,617,1462,617,1306,955.8647319714703,977.7071316630836,969.5452129336488,960.7162085275986
2018-03-16,695,818,403,526,951.5874709568288,934.687404838028,952.1512830146822,952.1079667745769
2018-03-19,1494,1833,1494,1610,958.1388394050196,999.0028900915491,977.9492719160672,965.1355317889416
2018-03-20,565,1167,565,1074,959.2916867741238,1006.145471987592,981.7159671350449,967.291263832725
2018-03-21,896,896,504,799,957.6967446171674,986.4173317982976,974.5506350905333,963.9587635588097
2018-03-22,1698,1792,1262,1792,965.9982695463498,1063.1394906746502,1006.6074729301203,980.3556197259619
2018-03-23,374,1703,374,1699,973.2918191031025,1123.6976344199215,1033.7601210505077,994.5862015135666
2018-03-26,100,648,100,292,966.5127960274498,1044.4883359037385,1004.6714888524485,980.673603463793
2018-03-27,1007,1574,713,1533,972.1494846241916,1091.0132562938586,1025.3902539954897,991.6107598308466
2018-03-28,638,1100,638,986,972.2873006975827,1081.0119937896816,1023.8455381525293,991.4996556757803
2018-03-29,237,426,237,405,966.6426509393979,1016.6298991430452,999.5770856759596,979.885801107943
2018-04-02,1203,1860,1114,1790,974.8352613778118,1090.2841944627553,1030.5740627082748,995.9276664325382
2018-04-03,437,842,308,334,968.458791115346,1018.2571283234453,1003.2574327981464,982.8201878893196
2018-04-04,1785,1785,461,487,963.6681563778799,967.66121134026,983.0120432766505,973.0019663469569
2018-04-05,389,634,369,433,958.3878762149159,916.7410959745209,961.4429435403113,962.3088581024628
2018-04-06,1338,1840,1056,1763,966.3939669988471,997.3371820721856,992.876553597554,978.1641282390476
2018-04-09,335,1078,335,1078,967.5044747899033,1005.0193552081679,996.2147279662773,980.1410761947101
2018-04-10,170,336,170,335,961.2108979263221,941.2079880454852,970.2847386342664,967.3660053789732
2018-04-11,1308,1308,736,1016,961.756063121085,948.331036803058,972.0774939819422,968.3290547774094
2018-04-12,529,819,529,819,960.3356047815718,936.0137952027668,966.0744550022582,965.3720437917182
2018-04-13,416,1264,416,1126,961.9840067240436,954.10771946917,972.3460450021697,968.5527953998029
2018-04-16,558,617,337,431,956.7005837715656,904.2879366625824,951.1167883354179,957.9081855899058
2018-04-17,413,485,306,441,951.5692346793112,860.1652760280508,931.1122084006956,947.6723799346601
2018-04-18,368,759,368,757,949.633222393945,850.3400116444269,924.2842786594919,943.8966892428846
2018-04-19,1082,1489,994,1312,953.2388619721147,894.3076295830529,939.4888167512765,951.1858637133225
2018-04-20,1095,1529,1059,1425,957.933002649009,944.8497600989526,958.5284709963245,960.5683218576132
2018-04-23,791,1294,692,1005,958.4013309808597,950.5783543752428,960.3508838984294,961.4481570683536
2018-04-24,371,1471,371,1274,961.5416162447317,981.380415863315,972.6508492357459,967.6373024729406
2018-04-25,1367,1551,837,978,961.7053812572219,981.0584714953802,972.8606198539519,967.8425044041695
2018-04-26,796,867,603,711,959.2108003491899,955.3386170672487,962.5915759381106,962.7565142179484
2018-04-27,744,1122,744,900,958.6216381566607,950.0682725846536,960.1370043326946,961.5138109661078
2018-04-30,519,1406,519,1401,963.0234129013705,993.0141513861151,977.4257492608242,970.2165077786601
2018-05-01,1372,1663,968,968,963.0729311809589,990.6318512541042,977.0561120349096,970.1726165355184
2018-05-02,1055,1116,704,1077,964.2065338557752,998.8573892299038,980.9754801904033,972.2880102674883
2018-05-03,1318,1614,1065,1180,966.3537325238769,1016.1090664461034,988.7803633201914,976.4011189750628
2018-05-04,1425,1425,311,391,960.6288197624453,956.5748696417126,965.3379961311643,964.80901760922
2018-05-07,505,763,505,701,958.0454484215255,932.2344058663114,954.971800204452,959.5850766664631
2018-05-08,977,1206,933,933,957.7962399795202,932.3073195933293,954.1101609807481,959.058639504751
2018-05-09,552,963,552,633,954.5644365966394,903.8018605844409,941.5176056481697,952.6020327818846
2018-05-10,506,743,431,528,950.3200143419465,868.0112071954466,925.3012289560846,944.1940717366988
2018-05-11,757,1173,607,971,950.5257853435191,877.8196636530231,927.0933376244735,944.7248821973582
2018-05-14,513,1173,513,1115,952.1623446933348,900.4082671146399,934.4622263450824,948.0966667083015
2018-05-15,1542,1583,1094,1136,953.9915750943961,922.8455750084837,942.3656684491968,951.8175247932857
2018-05-16,580,770,476,605,950.5190221083823,892.5745678648186,929.1356422355028,944.9498510350028
2018-05-17,722,941,543,787,948.8919671620303,882.5198471157883,923.5616954811694,941.8221312125274
2018-05-18,788,1051,788,1009,949.490057041015,894.5655759619036,926.912217227006,943.1523860400022
2018-05-21,268,622,268,482,944.8384146823979,855.2736163464842,909.4646792965351,934.0206556233685
2018-05-22,664,1283,664,1277,948.1435050835681,895.4380338372953,923.8778291280436,940.8123258090444
2018-05-23,1408,1408,1001,1001,948.6694403563685,905.4915544242195,926.9022279857674,942.0041609415385
2018-05-24,1142,1503,1048,1124,950.4140230393897,926.3018825742938,934.6315523784824,945.6080389426962
2018-05-25,1130,1276,969,1099,951.8924904718335,942.749322329123,941.0773738538361,948.6455035180884
2018-05-29,1582,1582,1098,1250,954.8587343477357,972.0112916311112,953.1919866438817,954.6129192900074
2018-05-30,381,381,217,280,948.1437220656686,906.1054543329102,926.7923008931413,941.2542476208984
2018-05-31,959,1563,959,1479,953.4258740849157,960.6668396345378,948.4475047796848,951.9026783610786
2018-06-01,407,661,407,594,949.8494972283494,925.7461882407723,934.5476026314618,944.8154966113543
2018-06-04,315,886,310,648,946.8460196439877,899.2941703130797,923.3104417439536,938.9379620249908
2018-06-05,869,1117,784,859,945.9719298962863,895.4566302832626,920.7884636363475,937.355032083902
2018-06-06,608,926,608,612,942.6488261162237,868.4607607324757,908.6791121211966,930.9123581812504
2018-06-07,639,1102,639,956,942.7816736175548,876.7978311389066,910.534833214483,931.4091431677602
2018-06-08,886,1100,764,795,941.3112092034498,869.0075615066298,906.0040554413661,928.7079720159234
2018-06-11,745,907,699,854,940.4424409526692,867.5782699345698,903.9646807181753,927.2286062334298
2018-06-12,686,1050,686,944,940.4778395501551,874.8565299408012,905.5346932390312,927.5607130406886
2018-06-13,750,1394,750,1387,944.9208461217953,923.6320985178678,924.41568566103,936.6585207032492
2018-06-14,540,1021,540,861,944.0858128270511,917.6671367542614,921.9287960272642,935.160332174472
2018-06-15,1425,1512,1039,1124,945.8760037441948,937.3178856348079,929.8531569673714,938.8997315373538
2018-06-18,1405,1405,819,827,944.6931579357948,926.8114203362547,925.8196998313961,936.6838952692874
2018-06-19,1550,1635,1154,1167,946.9051663145432,949.6865231613733,935.2777508184001,941.2446102144501
2018-06-20,498,918,498,709,944.5379507293238,926.7639971460044,926.404113531404,936.6457070418867
2018-06-21,1074,1549,1074,1438,949.4480208713206,975.4531402749564,946.4666973144863,946.5735148232354
2018-06-22,355,771,355,700,946.9659510119045,949.2195078678177,936.8013366354868,941.6908709653496
2018-06-25,1307,1753,1307,1605,953.513553489398,1011.6747928327875,963.0052057870363,954.8257052036596
2018-06-26,789,1023,574,753,951.518393753185,987.0390982772839,954.769707520878,950.8291565857653
2018-06-27,781,1592,703,1591,957.8813948103673,1044.5591841556377,979.7199150690789,963.5058069504037
2018-06-28,925,1216,687,792,956.2308336679756,1020.5059285217675,972.3583497722523,960.1096523573264
2018-06-29,540,887,497,887,955.5419696513788,1007.791078186361,969.0109635066738,958.6619364690624
2018-07-02,1608,1661,983,983,955.8151838837034,1005.4300231209933,969.5595531730787,959.1438783211602
2018-07-03,420,760,375,738,953.647868621179,979.9604971094701,960.4787863819776,954.7647916217312
2018-07-05,351,866,351,428,948.4175415702219,927.392830718092,939.5972653473902,944.3338056490237
2018-07-06,1013,1013,345,439,943.3487103108167,880.8792277925594,919.9660000396494,934.3271956361717
2018-07-09,354,670,354,623,940.1611609544902,856.3193013361251,908.3202745478985,928.1623006730792
2018-07-10,690,1221,681,1036,941.1147812435003,873.4317488279228,913.3273226048436,930.297700659751
2018-07-11,1581,1581,1161,1490,946.5763257087391,932.1525346538349,935.9419374046537,941.3809145080727
2018-07-12,539,1020,539,774,944.8591483385029,917.0903884963268,929.5912731927065,938.0664409534573
2018-07-13,779,1000,596,946,944.8705000963288,919.8436848300099,930.2347526753455,938.2235411325968
2018-07-16,979,1438,979,1338,948.7822364137783,959.6680957985805,946.225546688077,946.1399066547236
2018-07-17,948,948,649,777,947.0729604295616,942.2711342939538,939.5892507395249,942.7906015724519
2018-07-18,1009,1262,861,861,946.2165130621032,934.5310262659582,936.5073193379749,941.1709856997301
2018-07-19,1155,1220,732,825,945.0103786037738,924.0994999549146,932.1344832855053,938.8705701413196
2018-07-20,1000,1242,987,1197,947.5177380206517,950.0900237687322,942.5213662939169,943.9820439999073
2018-07-23,1091,1345,1039,1114,949.1742779408441,965.7004976955196,949.2460185961163,947.3487361979289
2018-07-24,471,1232,471,1092,950.5954294041194,977.7290217245178,954.8442139452882,950.213117659356
2018-07-25,925,1062,704,710,948.2014450319391,952.2310196555161,945.2424800650808,945.4564222601608
2018-07-26,803,812,522,730,946.0302863749049,931.066160640705,936.8015984939012,941.1899584530289
2018-07-27,671,1521,671,1465,951.1941641224183,981.9170024844474,957.515261298062,951.562434523266
2018-07-30,704,1026,701,1025,951.9285505490609,986.0201451049762,960.1617216393145,953.016643740627
2018-07-31,602,782,458,568,948.1083659664832,946.2087027140261,944.7828305946355,945.3925517853671
2018-08-01,1123,1470,1123,1246,951.0724618275133,974.7602548364998,956.5952686105321,951.3451745222906
2018-08-02,1362,1362,781,844,950.0070641973888,962.3068972330236,952.1797678807073,949.2195275020472
2018-08-03,660,1040,660,871,949.2209242551262,953.61100225845,948.99624757166,947.6706259673532
2018-08-06,1091,1091,678,798,947.7162384416423,938.7909068052643,943.0748260982615,944.7068511957225
2018-08-07,582,901,582,893,947.1717982581433,934.4298680619058,941.1111074277414,943.6829531522428
2018-08-08,1062,1384,983,1081,948.5034221560722,948.3889282464862,946.5969463521437,946.4021025947727
2018-08-09,742,995,631,958,948.5979154679521,949.3042684134875,947.0441249265695,946.6317639295297
2018-08-10,1585,1585,1163,1402,953.1093789956342,992.418147612203,964.8855317921942,955.6489567230044
2018-08-13,1014,1606,923,1421,957.7650070653293,1033.2354668872313,982.7723736826964,964.8638288671033
2018-08-14,330,482,294,450,952.7126189353261,977.6892319455902,961.8793394206299,954.6685055232002
2018-08-15,1619,1691,1480,1495,958.108513274278,1026.9569241412482,982.7860319923699,965.3681390771962
2018-08-16,322,421,249,411,952.6646474705539,968.2943599373199,960.3630503456103,954.3905521647765
2018-08-17,1102,1102,484,532,948.4789295852747,926.7425161337657,943.5644993516648,946.026382814979
2018-08-20,502,817,458,627,945.2801342660183,898.1956098353118,931.1502052594427,939.7090286998309
2018-08-21,531,633,487,631,942.1529687509335,872.7484088986154,919.3796089747586,933.595978626567
2018-08-22,888,1157,888,995,942.6788098578894,884.3914175749377,922.3451145051603,934.8118998418825
2018-08-23,1138,1417,1076,1375,946.980513242388,931.1160444725626,940.0962864853501,943.5284958846174
2018-08-24,502,708,502,564,943.1697618668419,896.1526116656519,925.3474125055325,936.013080124526
2018-08-27,722,722,722,722,940.9690677189132,879.5666486498756,917.3730041719822,931.775197349783
2018-08-28,1082,1082,1082,1082,942.3723605774314,898.8460154451255,923.8289647926888,934.749945917114
2018-08-29,743,743,743,743,940.3885559945714,884.003537783685,916.7376328400343,930.952917285092
2018-08-30,1439,1439,1439,1439,945.349863895123,936.8603437090484,937.2185099835624,941.0132555566743
2018-08-31,912,912,912,912,945.0180244533805,934.4926919272342,936.2295488077365,940.4387356446609
2018-09-04,1298,1558,1150,1328,948.8287903792175,971.9695784103548,951.5930959133154,948.1132161269448
2018-09-05,1358,1358,937,971,949.0493994301705,971.8772376093685,952.3541509755383,948.5664197679954
2018-09-06,749,1241,652,1155,951.098659137333,989.3175006941906,960.3010470157133,952.6542134359559
2018-09-07,1524,1524,1028,1216,953.7344933747725,1010.9063101518867,970.3284569366657,957.868981486729
2018-09-10,356,865,356,839,952.5928566247748,994.5342806136118,965.178321370522,955.51514026917
2018-09-11,1349,1363,797,953,952.5969078026377,990.5786348408869,964.7007401403055,955.4653355113647
2018-09-12,1041,1154,802,888,951.9541525011189,980.8092410465167,961.6928679779405,954.1293882735159
2018-09-13,464,896,464,824,950.6809768543416,965.8750276135152,956.2931476650801,951.5525687037433
2018-09-14,906,1065,714,865,949.8284298209651,956.2678821265138,952.7130242272339,949.8386564521841
2018-09-17,890,1219,884,1137,951.6908335043386,973.4804647811316,959.9399644536169,953.5448216709527
2018-09-18,613,923,613,787,950.0521187431013,955.7204205162619,953.158005063279,950.2469044101418
2018-09-19,762,1032,658,1012,950.6685155715282,961.0803804670941,955.4655342764837,951.4697379861786
2018-09-20,424,718,424,469,945.8757940235529,914.2155823273708,936.3884545009354,941.9158817884326
2018-09-21,764,1013,645,987,946.2849901029206,921.147431629526,938.3732209910947,942.8086366045032
2018-09-24,1172,1517,1172,1442,951.217477763588,970.7524381409996,958.1232907561498,952.6936140974834
2018-09-25,552,1006,552,1003,951.7327267410648,973.8236345085235,959.883161706889,953.689780154959
2018-09-26,933,1415,925,1409,956.2826498580691,1015.2690026505688,977.4955867379914,962.7058241122865
2018-09-27,729,907,573,905,955.7723747351033,1004.7671928743242,974.6526225521878,961.5631345259045
2018-09-28,1012,1012,619,825,954.4711570760476,987.6465078386743,968.7838922560236,958.858914040243
2018-10-01,546,1306,546,1210,957.0137326275296,1008.8230309016577,978.2433474616697,963.8320048513273
2018-10-02,978,1349,747,1222,959.6504119048676,1029.1255993872142,987.8024318749376,968.9442423790238
2018-10-03,430,811,430,767,957.7334923834261,1004.1612565884318,979.1435129778812,964.9453464903302
2018-10-04,1395,1647,1330,1530,963.4276864890636,1054.241136913343,1000.7457281552191,976.1345475499276
2018-10-05,663,1510,663,1315,966.9259184642968,1079.0753143501677,1013.0694250903085,982.8447545291369
2018-10-08,1252,1252,866,890,966.1604864397765,1061.0681415549136,1008.2431731259827,981.0062445384609
2018-10-09,1187,1214,863,1168,968.1688398085349,1071.2521280734932,1014.5081467288853,984.7090911812637
2018-10-10,1158,1835,1158,1832,976.7641747358132,1143.704306352208,1046.566650778733,1001.4871289796546
2018-10-11,1111,1711,1052,1711,984.0700038429195,1197.7324676519977,1072.622860552116,1015.5368888018396
2018-10-12,210,1267,210,865,982.8852276852786,1166.0436612089502,1064.480787589288,1012.5559603107141
2018-10-15,704,1016,451,741,980.4784094993554,1125.5633125223835,1051.795266507355,1007.178614561987
2018-10-16,468,786,181,182,972.5333506983668,1035.7001399012042,1017.685648212949,990.8384439766012
2018-10-17,1361,1720,1206,1323,976.0205810396766,1063.0620313391848,1029.6587600477353,997.4159005315199
2018-10-18,1475,1793,1082,1695,983.1746051089335,1123.246599783072,1055.7505733791966,1011.2294470556483
2018-10-19,755,1196,361,1117,984.5062010779989,1122.6516855180175,1058.1525116780515,1013.3239134505859
2018-10-22,463,1250,463,1213,986.7797712165262,1131.2562868972539,1064.2249622004808,1017.2778953624555
2018-10-23,1520,1863,1209,1417,991.0605695128792,1158.4699738594202,1078.0592774083052,1025.1931845631989
2018-10-24,967,1711,817,1705,998.1644444430992,1210.5204525394754,1102.6451880981756,1038.6547056609572
2018-10-25,223,491,223,417,992.3817136526206,1134.9470761071443,1075.7571415060902,1026.3447114894532
2018-10-26,1491,1834,1145,1477,997.2037861535896,1167.523545049321,1091.492155564675,1035.268578588672
2018-10-29,261,1449,257,1174,998.9629524605191,1168.140350282719,1094.7277573072367,1038.0157354483022
2018-10-30,705,738,280,397,992.973271341509,1094.6984121605553,1067.3658844716588,1025.3223545483359
2018-10-31,331,837,331,837,991.4212984923397,1070.1557062405025,1058.3319282178682,1021.5931990127252
2018-11-01,488,560,405,437,985.904668656595,1009.855162789026,1033.96597024854,1010.0170960619782
2018-11-02,413,1346,413,1053,986.5722838938428,1013.9641949043569,1034.712402787813,1010.8682426746124
2018-11-05,505,1016,505,745,984.1685795764912,988.3485572944181,1023.3511320902518,1005.6035249978873
2018-11-06,964,964,706,737,981.7091907249838,964.4105994568545,1012.1216759298497,1000.2846433147608
2018-11-07,310,805,310,414,976.0603430560785,911.9905423657254,988.6659239326008,988.6750464174388
2018-11-08,1255,1362,1051,1179,978.0796431251723,937.4200145213706,996.1300053470086,992.4438573794697
2018-11-09,1472,1647,1380,1445,982.7256168254194,985.7609655193353,1013.7327502353612,1001.4053651541336
2018-11-12,1046,1590,1046,1589,988.7581977525297,1043.2123021365414,1036.2922502261313,1013.0409024778141
2018-11-13,501,1125,501,1058,989.4471709092209,1044.6206543140138,1037.143534530989,1013.9311816366693
2018-11-14,286,1432,286,1190,991.4427214474375,1058.4663062841078,1043.137905725852,1017.4176928913887
2018-11-15,1307,1371,586,595,987.4980177514432,1014.3266580665737,1025.5638702071913,1009.0529861014602
2018-11-16,1352,1352,781,855,986.1796295151104,999.1526906316619,1018.8750909833799,1006.0024319212332
2018-11-19,1154,1589,887,1436,990.6554540970495,1040.7571962857894,1035.2329305526591,1014.5172352495256
2018-11-20,1336,1744,1336,1708,997.7932107727008,1104.304129972857,1061.6159528839273,1028.2495672247826
2018-11-21,424,436,199,417,992.0141738495894,1038.846593784966,1036.336895908087,1016.1456153985492
2018-11-23,1587,1587,850,1138,993.4667691346681,1048.289775329255,1040.3236843038483,1018.558573509469
2018-11-26,205,756,205,581,989.3626221781042,1003.7859872026593,1022.3109908017366,1009.8940473013607
2018-11-27,1172,1409,1040,1238,991.836625937526,1026.092083659549,1030.7693833193155,1014.4109968597496
2018-11-28,492,1259,266,267,984.6243212018293,953.7975995014967,1000.8176427969894,999.6107791001506
2018-11-29,1062,1445,835,1138,986.150447359025,971.3406852632589,1006.1973430794604,1002.3511597120288
2018-11-30,1073,1164,805,861,984.9051692758505,960.83204857152,1000.5033296253639,999.552126846444
2018-12-03,243,887,243,519,980.2692969447476,918.7528058504229,981.6208461106437,990.0362431465145
2018-12-04,1109,1865,1109,1861,989.0327865273869,1008.4906338646683,1016.1063031259125,1007.2830502129201
2018-12-06,1578,1821,1160,1160,990.733952830597,1022.9200973061285,1021.7491931994061,1010.3071482285059
2018-12-07,617,1627,514,1552,996.3186896183522,1073.3086594674496,1042.543342485704,1021.0337393526938
2018-12-10,995,1806,995,1418,1000.514523552498,1106.1364061848353,1057.2671329764607,1028.8944573853137
2018-12-11,120,1343,120,1136,1001.8626377460055,1108.9805579767558,1060.3546963891486,1031.0153592192678
2018-12-12,113,610,113,609,997.9535567734084,1061.3633619789696,1042.654512217025,1022.6586194327476
2018-12-13,521,1386,521,1286,1000.8196905368571,1082.757327504782,1052.1974725222397,1027.8733002360595
2018-12-14,1485,1682,1038,1616,1006.9408876459431,1133.5423439328981,1074.3073755605833,1039.5193734987117
2018-12-17,1307,1782,970,1750,1014.3345106544411,1192.2525968916698,1100.8051255385997,1053.5882967957668
2018-12-18,263,1035,263,985,1014.0426249762875,1172.5142543305583,1096.2637480664978,1052.230112700801
2018-12-19,523,1649,396,1601,1019.8829968670707,1213.3224205847907,1116.057326573694,1063.0968431423694
2018-12-20,989,1791,776,1603,1025.6851561022243,1250.434571005287,1135.153117688451,1073.7879947633126
2018-12-21,798,1690,460,1689,1032.2853038026997,1292.2027071000214,1156.872603269296,1085.9704107085936
2018-12-24,1546,1739,1308,1718,1039.1083356056579,1332.7548302333525,1178.8775992195197,1098.4858481203046
2018-12-26,195,1193,114,114,1029.90327753993,1216.6829416397,1137.1176933677739,1078.9910788505956
2018-12-27,1431,1842,804,804,1027.6554837335625,1177.379804340681,1124.054254412175,1073.545710952564
2018-12-28,517,1200,291,873,1026.1166231989002,1148.3912515463303,1114.208989533266,1069.5745087554835
2018-12-31,311,1317,311,579,1021.6677015750306,1094.1635133038226,1093.220401708432,1059.8601620474542
2019-01-02,1824,1824,704,753,1018.9943911115975,1061.67175013203,1079.8784251708464,1053.7837231950293
2019-01-03,1205,1568,943,1371,1022.4969344836213,1091.131583452789,1091.2949575170878,1060.0652336268108
2019-01-04,174,174,73,104,1013.3576615036848,997.1190516953806,1052.5775082026921,1041.1332488025175
2019-01-07,802,972,275,438,1007.6327096479267,943.8696182005824,1028.4764294496454,1029.1900161529627
2019-01-08,228,814,228,388,1001.4672100494399,890.9296545624317,1003.3597067261298,1016.4931841499338
2019-01-09,266,859,266,524,996.7162925365102,855.9839731755334,984.5612868545169,1006.7408438697371
2019-01-10,1522,1547,724,741,994.1718518147538,845.0331185873873,975.0098638406142,1001.4786489416235
2019-01-11,1400,1475,888,924,993.4736244335126,852.5537739600171,973.0094770233352,999.9444182695122
2019-01-14,1639,1639,1034,1326,996.782344588403,897.6438907257298,986.8522426302633,1006.4009644423932
2019-01-15,682,682,682,682,993.6501819556826,877.1063773232793,974.8972527231941,999.9771829682863
2019-01-16,643,699,466,652,990.250677657616,855.6676747210622,962.2346153615002,993.0865456817857
2019-01-17,1201,1201,429,496,985.332760466993,821.4136104619134,943.9509049551668,983.2432477474929
2019-01-18,258,536,258,408,979.5881558852319,782.0408856560169,922.9332224079054,971.8522923465524
2019-01-22,1558,1793,1506,1648,986.2390200057769,864.5131822602058,951.3672136860267,985.2413558644424
2019-01-23,419,1362,419,1022,986.5948506524855,879.5119268068529,954.13712687481,985.9692498077208
2019-01-24,880,947,582,656,983.3053496509683,858.2250766347717,942.4454748405037,979.4352052570728
2019-01-25,186,438,186,397,977.4714655748393,814.2988788600316,921.0554562193075,967.9018348559426
2019-01-28,1650,1650,1159,1170,979.3871723850399,848.1751761114571,930.8179873479621,971.9037787201814
2019-01-29,681,995,678,872,978.3186433065817,850.444206957985,928.5113996088263,969.9254860722571
2019-01-30,483,973,316,419,972.7532836716904,809.3542824857959,908.5305604084801,959.0160705064698
2019-01-31,979,1099,527,655,969.5915594560516,794.6538746300058,898.5881854905006,952.9959502984209
2019-02-01,757,1070,757,857,968.4712454316133,800.5916008557195,896.957276255579,951.0950403915215
2019-02-04,1157,1273,547,547,964.2775016959754,776.4400198218415,883.2334615004582,943.0931584035706
2019-02-05,606,1076,606,708,961.7274768034781,769.9219226959518,876.3615610494599,938.4378483361731
2019-02-06,1061,1415,1061,1228,964.3769546462296,813.5484062487183,890.1513037534027,944.1717523295163
2019-02-07,1483,1615,1237,1362,968.333402858705,865.781891367888,908.6551741944456,952.4455790160605
2019-02-08,1347,1497,1053,1053,969.1758565616034,883.6121874280891,914.315755598585,954.4367556692079
2019-02-11,767,903,694,698,966.4775893321347,865.9348362444616,905.8327847907974,949.3588001114017
2019-02-12,311,496,311,453,961.3683595875364,826.6077089830843,888.0746363676288,939.5299129804829
2019-02-13,470,921,470,742,959.1855898403967,818.5498319370763,882.3462192551729,935.6184295551268
2019-02-14,1441,1441,761,980,959.3926983991987,833.9260384192595,886.1757792843817,936.4972725342332
2019-02-15,327,415,286,355,953.3788407036843,788.3140347602824,865.3453565673472,924.9824750583077
2019-02-19,1231,1231,595,734,951.1959666668317,783.1412695450174,860.1945582705885,921.2006438690343
2019-02-20,896,916,664,749,949.1840665009926,779.8897200645396,855.8339873580163,917.7907301290534
2019-02-21,1318,1389,1139,1188,951.5603444462563,818.7573657726787,868.8601055008392,923.1414087403592
2019-02-22,487,615,385,484,946.9080027104726,786.8757118895664,853.7675523439435,914.4455392603521
2019-02-25,450,1070,450,1070,948.1327987034032,813.8399298048458,862.2472561735927,917.5258256116323
2019-02-26,1063,1275,978,1274,951.3752584177972,857.6646983948605,878.3944225981577,924.5847201539761
2019-02-27,1237,1351,931,971,951.5705294783166,868.458536642969,882.0260138688182,925.5038346063726
2019-02-28,1212,1270,1042,1179,953.8335092845025,898.0339141055433,893.6720525406292,930.5235606537711
2019-03-01,308,1062,308,725,951.5565589433631,881.5544937145391,887.0574622449183,926.4537871754786
2019-03-04,543,1550,543,1150,953.5311205459168,907.1207324083925,897.3689343137451,930.8804448551721
2019-03-05,924,1230,924,1190,955.8840447195893,934.0616150361647,908.8446623798727,936.0115251550696
2019-03-06,941,1646,941,1642,962.7110691502402,1001.4843183660537,937.595852090466,949.9914949539792
2019-03-07,1172,1514,1172,1437,967.4303619945164,1042.9620023311913,957.1803284790751,959.6352277271677
2019-03-08,1515,1515,1089,1096,968.709661875168,1048.0132402044112,962.6242371661702,962.3355202474219
2019-03-11,406,469,276,276,961.8170284236737,974.488169708753,935.6977964929871,948.7447178662848
2019-03-12,570,918,570,819,960.3959634642342,959.6797725936337,931.1214123167915,946.175515532299
2019-03-13,383,609,342,608,956.8895359670777,926.1864609180495,918.4499843827997,939.4789706702733
2019-03-15,653,907,502,806,955.3881475494948,914.7401313068067,914.0401810736703,936.8358227362085
2019-03-18,579,936,393,577,951.6230913549724,882.5744045156822,900.8229190707813,929.7103608998478
2019-03-19,485,1351,485,1236,954.452712336515,916.2339850379982,913.9671183229075,935.7755022681677
2019-03-20,1240,1557,801,1232,957.2143768903805,946.3069388439031,926.4389960357346,941.6413339064218
2019-03-21,1147,1147,372,486,952.5256766228146,902.4681827635314,909.1668785441371,932.6187332350075
2019-03-22,1529,1802,1496,1801,960.968207203682,988.042641547957,944.140726444367,949.8144018838193
2019-03-25,1124,1448,597,835,959.7147922066305,973.467151876723,939.8606979563526,947.5408493712685
2019-03-26,210,702,158,450,954.6430032294501,923.6131374122732,920.6504745070839,937.6885553243127
2019-03-27,697,1582,697,1107,956.1589932470675,941.0785528968186,927.9582990362179,941.0412571990788
2019-03-28,593,1157,417,597,952.5852719212261,908.3091669066454,914.9795422112682,934.2285590367209
2019-03-29,367,975,367,778,950.8481050364378,895.8987700583934,909.6077954578851,931.1349242043106
2019-04-01,255,650,255,434,945.7053378221449,851.9084110052131,890.9565093614974,921.2906682794727
2019-04-02,1135,1522,1093,1157,947.8077722716757,880.9647528142405,901.3895874257524,925.958179798691
2019-04-03,432,939,395,827,946.6057048858879,875.8252525462176,898.4723487031739,923.9986118818853
2019-04-04,729,830,634,634,943.4952003596602,852.7942761132445,888.1008840481475,918.2560651119469
2019-04-05,473,636,367,452,938.604700853594,814.6233926738878,870.9988885952789,909.0232717433935
2019-04-08,1214,1343,947,947,938.6882361684835,827.230688609708,873.9793243366405,909.7752861643164
2019-04-09,1509,1596,1389,1595,945.2187014802399,900.3515754087834,902.2546449508899,923.3440923788844
2019-04-10,409,656,409,464,940.4304556943669,858.7942825127088,885.068188286149,914.2481697575204
2019-04-11,820,1086,758,934,940.3664710605921,865.9567317972128,886.9870828631629,914.6392951088566
2019-04-12,433,786,433,613,937.1090932390937,841.8656144831925,876.2424913783329,908.6662397601664
2019-04-15,754,1289,754,1170,939.426415694426,873.1165083419361,887.7623936772219,913.8411657055096
2019-04-16,502,954,502,856,938.5963021054268,871.4863646903232,886.5168096114485,912.6957960875787
2019-04-17,611,1234,611,1148,940.67992098995,897.8209966245781,896.7710523717839,917.3552852739633
2019-04-18,999,1226,771,928,940.5537526218908,900.6951874222374,897.9957169846551,917.5660717041819
2019-04-22,1248,1312,1153,1193,943.065655580877,928.5337410010719,909.5645123970216,923.0202088981586
2019-04-23,683,778,392,486,938.517738609923,886.3876704295412,892.9541393618443,914.3663433754227
2019-04-24,962,1103,781,994,939.0698009123117,896.6364637219659,896.9167221319681,915.9432474669985
2019-04-25,1504,1583,1224,1320,942.8601511519902,936.9568005103501,913.508223224832,923.9443712795332
2019-04-26,795,879,506,509,938.5431347226172,896.1990099855549,897.6451556473876,915.7276510561761
2019-04-29,772,855,676,851,937.672058755228,891.894342367883,895.815933857294,914.4459153916973
2019-04-30,793,1365,793,984,938.133033294977,900.666309761418,899.2741325295569,915.8232239978023
2019-05-01,697,1442,697,1441,943.1366847049773,952.1266612127115,920.5182841950646,926.2227641166577
2019-05-02,1034,1367,721,991,943.6129365984601,955.828883954358,923.28227305016,927.5054816589021
2019-05-03,244,399,244,307,937.2784795178784,894.0356569110859,899.1143407736831,915.2182443983298
2019-05-06,1718,1718,1097,1185,939.7433702689443,921.7465467290777,910.3255430962838,920.5604573805412
2019-05-07,1631,1792,1568,1718,947.4872173309449,997.580208945356,941.999051210155,936.3513394126096
2019-05-08,1143,1171,735,1171,949.7112251186967,1014.0963795219888,950.9794805744626,940.997847543053
2019-05-09,1616,1715,1040,1090,951.1071333264708,1021.3252957579898,956.4312656499739,943.9483852154679
2019-05-10,1293,1604,629,706,948.6682563779488,991.2943152096099,946.610431702916,939.2365360032803
2019-05-13,1782,1847,1741,1764,956.7810100458298,1064.8853328086946,978.6649245773115,955.5684857853936
2019-05-14,408,598,335,439,951.6289601946276,1005.2772058745331,957.5015942017307,945.3394068589502
2019-05-15,1584,1584,633,772,949.8416073568701,983.0603291245776,950.2270218800942,941.9069433567927
2019-05-16,634,634,634,634,946.6989047961052,949.8164882555702,937.8259621985219,935.8097761616086
2019-05-17,1748,1748,1036,1508,952.2839903205221,1002.9768227074206,960.1857283868152,947.140275643557
2019-05-20,1455,1455,1078,1250,955.2463386755418,1026.5028395924282,971.5509939402734,953.1374979080409
2019-05-21,302,361,232,342,949.1443850568796,961.3120929645779,946.8627196681058,941.0357652761985
2019-05-22,1349,1448,1219,1339,953.0235454045724,997.2823698250943,962.2406522301409,948.9162451717193
2019-05-23,1713,1738,1594,1596,959.4213210721886,1054.3030965084185,987.0939599858216,961.7297848712892
2019-05-24,173,835,173,639,956.233049220724,1014.7504206504739,973.4432164569658,955.3390960619568
2019-05-28,600,1433,600,1432,960.9670487309655,1054.4884758266192,991.4258354194378,964.7779258429081
2019-05-29,1610,1714,1330,1387,965.2061825744385,1086.156240033608,1006.9385477559305,973.1387589945336
2019-05-30,434,1236,326,1049,966.039951902056,1082.6175505065976,1008.5880164713842,974.640961786721
2019-05-31,1728,1749,1381,1407,970.4276140721848,1113.5111171250169,1024.2120158254477,983.2025268998552
2019-06-03,539,880,414,583,966.5726129371383,1062.9862488273961,1006.9095838322928,975.2777243869868
2019-06-04,254,512,254,301,959.9499998730871,990.4161298914537,979.2268550545558,961.9256902407099
2019-06-05,563,1316,563,1035,960.6967660435041,994.6622127589343,981.4140372092791,963.3727062755473
2019-06-06,822,1309,751,867,959.764459913718,982.503906781893,976.9272122206798,961.4643358542494
2019-06-07,357,571,301,550,955.6872016061188,941.3130585169508,960.1849686041826,953.3165272234721
2019-06-10,487,803,487,803,954.167925968247,928.1403862772412,954.0208521883322,950.3399623279578
2019-06-11,247,1055,247,938,954.0070510829909,929.0793971079801,953.3925834750643,950.0956066382953
2019-06-12,1096,1202,950,1059,955.0517570423641,941.452787859601,957.5340507897677,952.2521292791212
2019-06-13,378,626,312,473,950.2552221464202,896.8382366348771,938.5327154646787,942.7619881052772
2019-06-14,1308,1365,1164,1301,953.7452199360081,935.3298331458412,952.7471187797894,949.8558101229944
2019-06-17,843,1016,742,915,953.3596953595304,933.393658560523,951.2668396119545,949.1655960611529
2019-06-18,225,542,165,493,948.7790018733659,891.4514053642828,933.2955909997211,940.1326139609321
2019-06-19,931,1067,658,715,946.4528426507454,874.6465096153034,924.7349795879674,935.6745423973492
2019-06-20,173,749,173,518,942.1896302860614,840.6801753662269,908.7845882315764,927.4037593795799
2019-06-21,1343,1519,1146,1264,945.3917235170459,880.996349140872,922.7146043793578,934.0690314710733
2019-06-24,798,1309,798,1308,948.999766069115,921.663363508408,937.8238355801673,941.4736051053095
2019-06-25,939,1293,848,1293,952.4226539689248,957.0287574599881,951.7523126162391,948.4345238160954
2019-06-26,607,958,607,958,952.4781499493336,957.1212567495131,951.9973199646219,948.6239391860737
2019-06-27,441,660,441,458,947.5579693528227,909.5858989638452,932.6248760444406,938.9086136576366
2019-06-28,394,499,344,412,942.2290343343867,862.1967657291933,912.2082142387762,928.4747797238219
2019-07-01,181,951,181,787,940.6844668285719,855.0351689930797,907.2980881901967,925.6732989372116
2019-07-02,1062,1201,984,1030,941.5731786014219,871.698486231834,912.1099278690125,927.7391742057816
2019-07-03,578,655,489,499,937.1694653815073,836.2033923049926,895.9095385408159,919.2492895680434
2019-07-05,1465,1485,817,817,935.9737493080595,834.3744977997552,892.8150468333329,917.2245511607555
2019-07-08,1341,1393,1070,1325,939.8446572751435,881.1007361045404,909.7634763692806,925.2993125239088
2019-07-09,1358,1421,1001,1002,940.4631183967839,892.6149517136317,913.3805949430343,926.8181380184849
2019-07-10,270,940,270,809,939.1550276664676,884.6516229790002,909.2872382786016,924.4851055824753
2019-07-11,771,1278,759,1027,940.0291069931694,898.2086112667145,913.9034250127742,926.5151034917332
2019-07-12,613,754,587,642,937.0636432419936,873.807791146075,903.2405456005085,920.8811410463524
2019-07-15,752,1288,752,1121,938.8938557470484,897.3499062750203,911.7801320475475,924.8438907286028
2019-07-16,1128,1128,695,966,939.1635686251873,903.8880104393041,913.9064013790162,925.6588631894225
2019-07-17,972,1443,972,1385,943.5997520219515,949.7081999212752,932.3806601484665,934.7547272846815
2019-07-18,1241,1300,831,898,943.1460231461112,944.7836094525824,931.0323989661737,934.0269109028067
2019-07-19,761,1208,680,1207,945.771435851125,969.7565990285269,941.8546578302453,939.4323186077016
2019-07-22,615,1117,615,1056,946.8682374844471,977.9702562639053,946.330945758471,941.740589526361
2019-07-23,453,835,453,561,943.0287525343532,938.2588032863905,931.2199282777466,934.2011719119776
2019-07-24,1096,1096,521,532,938.938914200678,899.5674886876866,915.5642448158742,926.2367922701562
2019-07-25,1084,1528,1084,1465,944.1733528653479,953.4182040507641,937.1107450191732,936.9053706410442
2019-07-26,566,715,519,576,940.5099364189265,917.4736131887865,922.9495393321469,929.7587296382512
2019-07-29,843,1217,843,1115,942.2461559570467,936.2856500279497,930.4809299465725,933.4268736058106
2019-07-30,1427,1427,713,716,939.9949504251357,915.3060643110022,922.0699130859226,929.121390960151
2019-07-31,656,1486,656,1395,944.5223638537414,960.9912010432877,940.6161910041218,938.3467099510391
2019-08-01,977,1485,717,1451,949.5619423228584,1007.6587057058317,960.6312423372934,948.4982602490384
2019-08-02,1284,1553,1252,1316,953.2080921504917,1037.0245432576573,974.5672720495564,955.7755224223247
2019-08-05,1772,1860,1772,1820,961.8328872534719,1111.5936343759756,1007.721496675064,972.8888784139618
2019-08-06,279,1070,279,595,958.1828087733378,1062.3942406258827,991.5363399427085,965.4059303265567
2019-08-07,1409,1671,935,935,957.9521340591753,1050.2614558043701,989.3192285724062,964.8038326963278
2019-08-08,388,456,264,272,951.1267396904273,976.1413171563349,961.1890627460374,951.0849449201629
2019-08-09,1261,1580,1261,1457,956.160304469627,1021.9373821890649,980.6326289128594,961.1030648227339
2019-08-12,1515,1595,1399,1519,961.7606994500287,1069.2766791234396,1001.7450748378453,972.15052888565
2019-08-13,1300,1300,263,498,957.1461651271428,1014.8693763497787,981.990366020675,962.7614095017758
2019-08-14,1701,1860,1701,1858,966.1098848771214,1095.167530983133,1016.3436850002563,980.4889063433247
2019-08-15,618,1232,618,998,966.4271994554585,1085.913480413311,1015.6243248041678,980.8356606731599
2019-08-16,257,280,165,210,958.9005606549067,1002.4931489453766,984.0312140275338,965.5715881845824
2019-08-19,209,402,209,402,953.3592615439126,945.3033252362931,961.206460536258,954.4117547551848
2019-08-20,1411,1438,1103,1348,957.2860350608886,983.6553894995033,976.3748346328753,962.205581393696
2019-08-21,272,569,211,518,952.9150297368997,939.3072571662173,958.3993509217821,953.4094312670882
2019-08-22,457,1337,457,1069,954.0701040678758,951.6589469599108,962.7366312777907,955.6983534202151
2019-08-23,1478,1819,1004,1815,962.6365706940661,1033.8819043923004,996.1587241688577,972.7142276099138
2019-08-26,132,647,132,504,958.073022726961,983.4169611168433,976.8583820445888,963.4327577562522
2019-08-27,271,1508,271,1449,962.9578682719664,1027.758202915239,995.3737396114676,973.0479506719699
2019-08-28,1289,1289,338,447,957.8239591349319,972.4478978756924,973.8688870776846,962.6311595695547
2019-08-29,125,302,125,277,951.0495913823455,906.2147647446741,946.5406954275793,949.054304924613
2019-08-30,298,1098,298,794,949.4869088810286,895.5276442928003,940.5587073715958,945.9839226488781
2019-09-03,1630,1630,1340,1369,953.6611684941527,940.6202495982479,957.3603266903567,954.360478636029
2019-09-04,134,405,134,325,947.4058334842606,881.98974963651,932.5618825064212,941.8978949006621
2019-09-05,319,477,304,458,942.5361236983475,841.6097734806519,913.9516126042085,932.3157583679757
2019-09-06,636,917,616,879,941.903923462543,845.1707474348756,912.5809611295336,931.2600007765307
2019-09-09,620,708,609,617,938.6710486022192,823.4402000601256,900.9895508891598,925.0370304641241
2019-09-10,977,1011,573,608,935.3807894121474,802.9220857686851,889.499764579781,918.7590694648345
2019-09-11,884,884,421,422,930.2725228508325,766.6437918859532,871.166440478613,908.9222562081051
2019-09-12,944,1234,837,952,930.4887166533118,784.296764087291,874.3363839892556,909.7752808376475
2019-09-13,493,865,434,863,929.8171871343734,791.7923103646918,873.8918199112456,908.8490376527436
2019-09-16,1207,1207,777,920,929.7195036803,804.0025665204355,875.6999838362948,909.0698487883328
2019-09-17,1305,1308,1011,1012,930.5382150864662,823.8118458994417,881.0450825093812,911.1080696044054
2019-09-18,1261,1519,1180,1184,933.0602228965511,858.1154796233044,892.9256675090134,916.5118702062983
2019-09-19,463,1099,463,1083,934.5521609771824,879.5330529925135,900.3795629008167,919.8086648556786
2019-09-20,465,1136,465,1067,935.8700499226832,897.3870479456075,906.91369768902,922.7233447595265
2019-09-23,1423,1423,759,922,935.7320394756913,899.7311386174543,907.5053173874898,922.7090211009221
2019-09-24,715,1531,715,1463,940.9784868440923,953.3757920824587,929.2894225879803,933.4078523662504
2019-09-25,818,1057,514,544,937.0284521491262,914.3876214079388,914.1800334668831,925.6968057847405
2019-09-26,978,1385,978,1163,939.2769252620702,938.0649907976589,923.9376792132798,930.3958789375179
2019-09-27,584,1340,575,1147,941.3438215281193,957.9635631026438,932.6852212049159,934.6850694536066
2019-09-30,631,919,618,800,939.9374153437599,942.9194142357253,927.48187919688,932.0180383753174
2019-10-01,457,1645,457,1639,946.8932619572548,1009.2128033561324,955.3845506009238,946.0176811797666
2019-10-02,1625,1707,1519,1560,952.9938265148941,1061.6687268460246,979.0949603812797,958.1757468989791
2019-10-03,1058,1564,652,692,950.3968730172335,1026.4621814321174,967.8363344839746,952.9049400296924
2019-10-04,366,954,366,401,944.9302374648232,966.8943546290586,945.607458621858,941.9761293360351
2019-10-07,1379,1516,753,1254,948.0055584850737,994.2377494262911,957.701283773942,948.1548198442324
2019-10-08,1633,1702,1383,1614,954.6323688484064,1053.2627256714063,983.4384883318266,961.3398729166238
2019-10-09,217,757,217,597,951.073837815089,1009.80913275032,968.2840378090099,954.1252219677798
2019-10-10,707,707,447,649,948.0681279860831,975.4463582026705,955.763095149833,948.0831383644575
2019-10-11,194,341,176,341,942.0276491006495,915.0228955167019,931.6547384772905,936.0616900800128
2019-10-14,1371,1458,1115,1190,944.4950356767624,941.2111911817778,941.7859252036712,941.090171464567
2019-10-15,740,763,401,563,940.699065172516,905.1910777358943,926.9315751956841,933.6032373761598
2019-10-16,1017,1044,705,938,940.6722088026403,908.3157369991425,927.3656310703632,933.6903019825725
2019-10-17,437,679,315,560,936.8844256304748,875.1428096658908,912.9591357342705,926.2904940225216
2019-10-18,1107,1243,860,948,936.9950283605198,882.0815896977107,914.333287274103,926.7203852299964
2019-10-21,310,552,310,505,932.6965703668827,846.1690573455478,898.2810014986479,918.3694865125707
2019-10-22,827,1050,656,869,932.0627736468142,848.343432836448,897.1327269300735,917.3918729182624
2019-10-23,995,995,690,691,929.6641390831643,833.3583439948815,889.0490905798746,912.9088655337423
2019-10-24,595,1260,595,1097,931.3291725251229,858.467073138226,897.2040282041933,916.5542345330741
2019-10-25,1061,1061,586,735,929.3756484203954,846.7083042679188,890.8430859216759,912.9591011759835
2019-10-28,375,751,375,751,927.6007663465606,837.5932276709742,885.3590433365122,909.7519902616076
2019-10-29,1234,1234,707,847,926.7987686714704,838.4891107499291,883.8547671272372,908.5093765930609
2019-10-30,1101,1324,991,1004,927.5669401274756,854.2520525832691,888.5663448869534,910.4002800268617
2019-10-31,1226,1517,1226,1302,931.2926422157594,896.8947142420054,904.7794294011906,918.1547299273199
2019-11-01,309,490,270,422,926.2250537360006,851.6666462189573,885.8469027580066,908.3298837901452
2019-11-04,398,725,398,682,923.7949536988265,835.5079180076281,877.8529065714182,903.8481039131127
2019-11-05,628,1001,612,934,923.8964964480919,844.8881162926159,880.054753372539,904.445171162358
2019-11-06,1158,1219,907,1088,925.5293671302004,868.0416290266525,888.2094689265571,908.0799202482518
2019-11-07,391,944,391,870,924.9768361139795,868.2281405479237,887.4953721059078,907.3258624215538
2019-11-08,1232,1232,925,969,925.4148775456812,877.8254604957405,890.6916320233232,908.5471324726121
2019-11-11,1361,1361,1071,1071,926.8634857293063,896.2230356866223,897.7625484145655,911.764020938501
2019-11-12,882,1088,617,1043,928.0190729359798,910.2017941926583,903.4581347512492,914.3627531971445
2019-11-13,1400,1400,1070,1130,930.0288334042785,931.1349566505004,912.3421294668865,918.6327976882901
2019-11-14,834,944,675,864,929.371830086823,924.7411512552146,910.4463596838714,917.5509601103041
2019-11-15,385,775,385,630,926.3930059068547,896.6705654213847,899.4484632256804,911.8568816922783
2019-11-18,1221,1221,1099,1109,928.2099909227069,916.8924163336338,907.6661705501635,915.7607058171836
2019-11-19,745,1116,745,993,928.8546676299436,924.1407576351925,911.0125952344708,917.2901967911008
2019-11-20,1257,1393,864,1190,931.4531286485511,949.4606854794598,921.9532777742955,922.6903909140493
2019-11-21,989,1394,938,1133,933.4585701545357,966.9406201957017,930.2296198223623,926.8549376286226
2019-11-22,490,998,490,748,931.6132112475253,946.0891325580159,923.0833602214853,923.3132556953825
2019-11-25,410,410,279,374,926.0648210858584,891.6044532667763,901.550679428486,912.4357654835927
2019-11-26,1035,1035,738,904,925.8452706272926,892.7849815270833,901.6467312156042,912.2687206225315
2019-11-27,637,828,601,602,922.622929626026,865.0911737625992,889.8958790110706,906.1247855606993
2019-11-29,1359,1359,1079,1343,926.8057860476575,910.606300070923,907.66466806946,914.775779906032
2019-12-02,970,1478,963,1461,932.1211513606162,963.024747683216,929.3640928510498,925.5921010960116
2019-12-03,1550,1585,1246,1260,935.3836274664807,991.3081050467192,942.330206856891,932.2140396881697
2019-12-04,305,539,252,539,931.4395117702968,948.2311426613173,926.513335999758,924.4276230606812
2019-12-05,522,931,522,778,929.9127504591496,932.0186528840491,920.6892836076107,921.5280661683905
2019-12-06,225,404,225,401,924.6499370217451,881.4454478474729,900.3093117014299,911.2205797096105
2019-12-09,1039,1047,805,1022,925.6185943648123,894.8315956715231,905.0814955562759,913.4142315965489
2019-12-10,1148,1158,834,1012,926.4781108387944,905.9904913218543,909.2743780834808,915.3664250302807
2019-12-11,732,987,702,775,924.9708659548262,893.5152064340587,904.008716197854,912.5868918613642
2019-12-12,431,726,331,622,921.9562304726886,867.6566153451007,892.9495508567617,906.8326959829213
2019-12-13,1088,1289,713,1075,923.4790540500748,887.403604359853,900.0887841564966,910.1627416070219
2019-12-16,361,581,361,575,920.0116007759447,857.6508801351051,887.3402043856536,903.5258556346056
2019-12-17,789,894,761,795,918.7677042508109,851.6841296460475,883.7190198999417,901.376828790356
2019-12-18,621,960,621,759,917.1779758503053,842.8570696797573,878.8280779430812,898.5574856459924
2019-12-19,863,934,760,789,915.9025731055261,837.7278249483518,875.3054082198231,896.3880304846856
2019-12-20,507,811,507,765,914.4010549651726,830.8013654294612,870.9797059366928,893.786287306771
2019-12-23,1160,1167,906,949,914.7453230749719,842.0583782457029,874.0393253117244,894.8796281521815
2019-12-24,875,884,776,845,914.0513397607931,842.338532698493,872.9005282406764,893.8919127432274
2019-12-26,560,856,560,670,911.6229682208847,825.9253391081604,864.9436447802577,889.4584095205893
2019-12-27,697,1168,697,1123,913.726222268438,854.2181639550023,875.0635018476986,894.0829954706766
2019-12-30,1194,1316,859,1092,915.5000907035779,876.8640531021449,883.5708155007301,898.0021440752176
2019-12-31,644,758,450,638,912.738895771204,854.1150956638454,873.9405874418779,892.8535867667975
2020-01-02,491,1186,491,878,912.3932351167642,856.3898484577649,874.0997800912161,892.5594563357719
2020-01-03,1422,1422,1098,1125,914.5087253146073,881.9717676522635,883.9390044013645,897.1622393786279
2020-01-06,1287,1338,831,877,914.1355041671983,881.4982659710955,883.6668865817031,896.7629871137045
2020-01-07,1342,1377,1047,1196,916.9401260162809,911.4508120690864,895.915243970656,902.6884725173935
2020-01-08,724,996,651,869,916.4631098370145,907.4078775863163,894.8597442071008,902.0213740517025
2020-01-09,852,901,741,859,915.8913375998303,902.7976035304766,893.4534797283909,901.1694656546391
2020-01-10,1193,1210,844,1150,918.2207770266976,926.3406889085264,903.5141275821795,906.0968029684086
2020-01-13,870,870,526,538,914.4374857129992,889.3558613934287,889.1802402260156,898.8077573650738
2020-01-14,1131,1187,679,871,914.0052719248101,887.607684117864,888.467289628917,898.2571087043793
2020-01-15,639,974,635,835,913.2191498161055,882.5974284875912,886.3705331728811,897.0044926904312
2020-01-16,247,447,247,403,908.1423423552487,836.9214829173444,867.4148259896308,887.2222255084425
2020-01-17,668,1006,668,960,908.6583389487289,848.6432464490259,871.0456171272923,888.6633695577804
2020-01-21,1430,1430,1195,1271,912.2637286109306,888.8676991681663,886.7301027301436,896.2343919427748
2020-01-22,513,1104,513,1036,913.4949352914189,902.8802992473885,892.5838241917065,899.0020277458882
2020-01-23,1509,1509,856,921,913.5696125522007,904.6059850333515,893.6981840273259,899.4376311568607
2020-01-24,1037,1668,1037,1519,919.5937955118803,963.1197007444609,918.2198238693915,911.7061929161307
2020-01-27,1731,1745,1517,1640,926.7620164520606,1027.5844911497504,946.5249288156898,926.1278524623459
2020-01-28,446,508,312,507,922.5852799699505,978.0050158021552,929.2886570974274,917.828291027448
2020-01-29,575,1153,575,1147,924.8182622588067,994.0997762019499,937.8263568190969,922.3663446704688
2020-01-30,1332,1576,949,949,925.0588765646893,989.8045594208119,938.2645389046224,922.8937437859051
2020-01-31,1454,1743,1454,1714,932.9090369968815,1058.775553761687,968.6855373789509,938.5592142059862
2020-02-03,388,651,334,619,929.7855639919374,1016.8921676891454,954.9723790503646,932.2313089741846
2020-02-04,191,467,191,466,925.1707822606743,964.4262469568458,935.7969916366247,922.9990058261809
2020-02-05,347,421,340,379,919.7362471138019,908.6713662942891,913.9618154940121,912.2267482850684
2020-02-06,903,1101,802,1101,921.5398665455054,926.9883790281664,921.2966462589527,915.9648324774433
2020-02-07,1447,1530,1335,1428,926.5792708584855,974.7037715016743,941.1673660135036,926.1041427254147
2020-02-10,1043,1132,830,830,925.6182830887493,960.9224599300862,936.8078614639545,924.2010903942183
2020-02-11,361,593,293,552,921.9006882321448,921.9774637462685,921.717357092819,916.8307717725506
2020-02-12,487,631,487,606,918.7573978019742,891.8843719609097,909.3362842656496,910.6757069849754
2020-02-13,1091,1331,897,979,919.3568266795666,900.181098440823,912.0681946866046,912.0286632823025
2020-02-14,859,1148,831,976,919.9204403444464,907.4019462083637,914.5753243067377,913.2954224252272
2020-02-18,1041,1350,971,1161,922.319241933059,931.5541418075671,924.2390370790225,918.2004635653217
2020-02-19,590,804,590,799,921.0921847993967,918.9299378258941,919.3277022916099,915.8400583462064
2020-02-20,861,1181,636,805,919.9370386819897,908.0794675567613,914.8442629860565,913.6452057056875
2020-02-21,1445,1516,1255,1339,924.1068193916217,949.1195182656412,931.4778213003287,922.0680729194363
2020-02-24,1816,1820,1761,1788,932.7027714374761,1029.0128974784373,965.0669263473746,939.2152397923187
2020-02-25,1166,1809,1166,1806,941.3922960997899,1103.0116691471576,998.0446939415953,956.3792944498965
2020-02-26,411,1394,411,1392,945.8759548450656,1130.5343673236189,1013.4939216301601,965.005447035047
2020-02-27,1741,1814,1159,1739,953.7677363888959,1188.48347519756,1041.9451403897617,980.3320718462343
2020-02-28,1756,1756,1321,1321,957.4217887631357,1201.1040966073163,1052.8884682176142,987.0779714136356
2020-03-02,1141,1184,400,400,951.8753033028061,1124.8084683590005,1027.284998875747,975.4526650490092
2020-03-03,1374,1675,383,1552,957.8466933196936,1165.4933761343339,1047.8620577433649,986.8694439589298
2020-03-04,400,707,278,278,951.0820496050698,1080.9701974548734,1017.6713888122525,972.8324252666737
2020-03-05,1762,1788,1655,1736,958.8921784647208,1143.3539881734569,1045.8411382705956,987.9446544693138
2020-03-06,1804,1804,1492,1566,964.933052310843,1183.6059892997944,1066.239525005082,999.3912949748719
2020-03-09,1577,1890,1577,1883,974.0680468152127,1250.214942699814,1098.2693475539022,1016.8884970545774
2020-03-10,201,1136,131,336,967.7191110260067,1163.1468529188792,1068.3764319635532,1003.4055565188432
2020-03-11,1800,1858,1760,1844,976.4383238516185,1227.9900097837478,1098.7930424747863,1020.0509910432226
2020-03-12,1774,1892,1774,1871,985.3394350570751,1289.22905647101,1129.0756682600888,1036.9014664681092
2020-03-13,249,959,153,233,977.853470529144,1188.6358129975804,1093.9354459753795,1020.9826255479486
2020-03-16,580,1861,580,1842,986.4519434592023,1250.8609736644776,1123.2713108390901,1037.2403953390783
2020-03-17,1225,1225,465,657,983.1738146685635,1194.302785696432,1104.98616139442,1029.7108825600867
2020-03-18,1779,1863,1691,1767,990.9730801942494,1248.845377534867,1130.9474883985604,1044.3106670638474
2020-03-19,1491,1491,453,517,986.2569301425654,1179.1458177696418,1106.871116304499,1033.8688716764445
2020-03-20,757,1305,511,1286,989.2394482505995,1189.3224065534855,1113.895778410205,1038.861567286812
2020-03-23,1589,1606,1183,1361,992.9385582182553,1205.6726535483917,1123.5861400411773,1045.2405461524197
2020-03-24,51,261,51,143,984.4814581364816,1104.4657341628306,1085.1317816081898,1027.374396723659
2020-03-25,358,1167,196,513,979.7901003440788,1048.135664242561,1062.6952411529667,1017.1887651053687
2020-03-26,363,430,143,278,972.8071142710035,974.7894105051743,1031.922878754811,1002.5513638161535
2020-03-27,1801,1801,1329,1556,978.6100285568641,1030.142799980872,1052.4749227252107,1013.5107427504871
2020-03-30,1314,1314,782,784,976.6736103622684,1006.7006285541223,1041.9464943830455,1008.9659755673091
2020-03-31,995,1290,744,1084,977.7415346372707,1014.0624734537297,1043.5956514660634,1010.451797833303
2020-04-01,1786,1808,1682,1772,985.6446039443625,1086.2469997914698,1072.160527879159,1025.5319602524455
2020-04-02,653,1187,313,731,983.1108267906873,1052.413952192282,1058.7816836486038,1019.6996442078427
2020-04-03,944,1672,944,1463,987.8858434395362,1091.5173853168267,1074.6333823290506,1028.477869075014
2020-04-06,93,176,73,158,979.6282728580483,1002.6109676676051,1038.6869751788918,1011.2406835487761
2020-04-07,109,751,109,686,976.7065985012517,972.4575421754522,1024.8561134071706,1004.8002739735529
2020-04-08,333,527,191,210,969.0776771231298,899.8425381587425,992.9009717049286,989.0616546869478
2020-04-09,102,513,96,334,962.758496256233,845.9527726198147,967.0617179125784,976.0901367723548
2020-04-13,1553,1608,1388,1400,967.1091579850267,898.7191752274514,984.0396897591439,984.4843914897339
2020-04-14,122,683,122,553,962.9886688508474,865.7935394915037,967.1361725136873,975.9401461136995
2020-04-15,1801,1823,1688,1718,970.5012194095455,946.9560595399319,996.5818128072682,990.6344006461014
2020-04-16,1095,1547,1095,1262,973.401704788555,976.9602443456527,1006.9903691677674,996.0079768709311
2020-04-17,134,273,134,202,965.7260659349375,903.1545067889239,975.4221193964825,980.2850466358632
2020-04-20,1623,1623,1126,1503,971.0720752291172,960.2826489995025,996.1114480476008,990.6358377915886
2020-04-21,1686,1711,1478,1523,976.5638953760912,1013.8747776662166,1016.7737442025968,1001.177702389775
2020-04-22,160,598,160,561,972.4289312429958,970.7438464599103,998.9002640377892,992.4613122434429
2020-04-23,373,693,250,690,969.6186931211749,944.0063372732521,986.7865281931699,986.4719793277311
2020-04-24,577,1216,525,637,966.3090543836508,914.7676384853233,973.0694094404967,979.5517421133206
2020-04-27,430,430,198,239,959.0721483698832,850.4088157724354,944.2823737761635,964.8873511803836
2020-04-28,190,646,186,472,954.2256593313768,814.3698809369654,925.7614963731767,955.1272056124552
2020-04-29,194,242,170,239,947.108986104199,759.5727494191592,898.8296729859933,940.9464688676542
2020-04-30,1644,1654,1445,1587,953.4760608693313,838.3753447125727,925.8167446336014,953.7396080979977
2020-05-01,1705,1782,1705,1718,961.0832642437658,922.1491214066134,956.8827546479699,968.873477244572
2020-05-04,1630,1630,1067,1070,962.1670128582557,936.2301574631264,961.3187250539319,970.8759826456695
2020-05-05,191,902,191,902,961.5683361133974,932.9701424666381,958.992500542013,969.5121018012009
2020-05-06,921,1435,921,1412,966.0502432167467,978.5920336602916,976.7575005207576,978.2742383991969
2020-05-07,196,510,196,476,961.1741213936945,930.7261256926448,957.1199514807279,968.3282138764405
2020-05-08,191,288,177,250,954.0977619768418,865.8950661028691,929.3897573050131,954.1038928095803
2020-05-11,1559,1579,1226,1387,958.4052469322961,915.5241074264054,947.3352570185419,962.6760929519648
2020-05-12,1252,1603,1081,1603,964.8191250722732,980.9980019572239,973.0475998805599,975.3557742796487
2020-05-13,1593,1770,1386,1688,972.0149546735441,1048.3315255803454,1001.0849489048517,989.4675411255962
2020-05-14,1771,1795,683,685,969.1590844777875,1013.728523144122,988.6894607125046,983.4384809052874
2020-05-15,1153,1153,679,759,967.0679493088543,989.4686637970628,979.6820308806416,978.9941545507272
2020-05-18,70,154,70,152,958.95782046001,909.7097434354378,947.2239120225772,962.6180326784356
2020-05-19,1384,1489,853,1384,963.1870958783184,954.8802440606341,964.3523860609075,970.9622300511398
2020-05-20,156,413,156,349,957.0757814914695,897.177363673907,940.2209199408719,958.646146287751
2020-05-21,620,1328,620,990,957.4033856557335,906.0176147525825,942.1730407275044,959.2670146780926
2020-05-22,1244,1459,952,953,957.3595708730894,910.492127633289,942.5976273656414,959.1429153775363
2020-05-26,112,295,112,274,950.5599731529592,849.8738297634519,916.3781125669888,945.5757289344167
2020-05-27,340,860,340,348,944.5643515295467,802.0763221669326,894.0887748192637,933.7425461832402
2020-05-28,1130,1367,962,1331,948.4094823600984,852.4500057700819,911.2225483557631,941.6090304172354
2020-05-29,1445,1523,1075,1188,950.7934676102467,884.4071480776931,922.0765660673019,946.4880595178843
2020-06-01,559,566,328,484,946.1487564897467,846.2731339750557,904.897092888192,937.3298801214905
2020-06-02,334,572,334,488,941.5900623953213,812.1518831202884,888.5481872847334,928.4322587329461
2020-06-03,211,318,211,309,935.2956339137758,764.2326561564514,865.8208073912144,916.1662734115016
2020-06-04,1419,1419,701,773,933.6807519842855,765.0676412844084,862.1807757288138,913.3312977003827
2020-06-05,119,234,115,207,926.4500977356856,711.9183421144647,836.4874119747427,899.3445393300781
2020-06-08,277,416,277,366,920.8734798477684,678.9737381035634,818.0369252306351,888.7832613235419
2020-06-09,1685,1743,1532,1632,927.9493656204274,769.7381439984621,849.9570458098259,903.50042446565
2020-06-10,1462,1664,1373,1568,934.3180286490799,845.7630826652752,878.11559303297,916.6588319019737
2020-06-11,1856,1878,1821,1876,943.6879985132682,943.8808843162013,917.2483148748142,935.655686715796
2020-06-12,38,866,38,298,937.2632423091561,882.3684191432297,892.9640672326647,923.0288414342951
2020-06-15,1786,1786,462,543,933.3402249727466,850.047617320065,879.239986164717,915.5035178415368
2020-06-16,78,490,78,326,927.2970386546098,800.1383204324397,857.5443004327674,903.8301808545757
2020-06-17,1166,1466,1135,1450,932.4980631456086,862.0299089626835,880.7778572785412,914.6454247980495
2020-06-18,1317,1317,757,1137,934.5329082884384,888.2175366805232,890.8257844440886,919.0484856931376
2020-06-19,343,1455,343,1311,938.2788494994987,928.48253318714,907.3032046619675,926.809901818026
2020-06-22,1500,1500,802,849,937.3905027383097,920.9127681216982,905.0168044791452,925.2691116830156
2020-06-23,202,874,202,869,936.7100002235006,915.9686949672507,903.6043807740807,924.1548718477084
2020-06-24,1648,1839,1648,1774,945.0412440023713,997.6859621132269,937.737542312352,940.9834882467636
2020-06-25,1547,1547,537,537,940.9811321217506,953.8111085786338,922.0223445746127,932.9838152121742
2020-06-26,1454,1754,1454,1577,947.309678070788,1013.1624315711449,947.7077428265886,945.7366109505471
2020-06-29,693,693,231,293,940.7991340103821,944.575533326274,922.0329293824087,932.8111335059817
2020-06-30,1113,1248,515,560,937.0100879008261,907.949292057105,907.8355596027064,925.428734822695
2020-07-01,371,1239,371,1145,939.079639264997,930.5255499564283,917.1361258927964,929.7766806677902
2020-07-02,136,788,129,755,937.2480010633552,913.808830912959,910.77784644602,926.315756298131
2020-07-06,118,683,118,508,932.9768766746652,875.1603708260105,894.9826367814702,918.0322759753957
2020-07-07,1611,1613,1343,1584,939.4547186978028,942.6689069378191,922.002925535138,931.2197556590512
2020-07-08,803,1261,414,788,937.9477065714565,927.938534848503,916.7479088474855,928.3837208935255
2020-07-09,1366,1732,1337,1568,944.2168836204967,988.896769624836,942.287206539741,941.049389786723
2020-07-10,586,784,403,411,938.911242987457,933.8589820415183,921.4524141264178,930.5533622661939
2020-07-13,688,1169,408,1167,941.1807828582286,956.0628885137546,931.0817312194995,935.2354739044871
2020-07-14,910,1040,475,475,936.5421681034203,910.2473753219684,913.1961731324603,926.1219001638042
2020-07-15,181,350,158,252,929.7308032466699,847.5571491008286,887.2669114409913,912.7729516457091
2020-07-16,1529,1529,881,1133,931.7533823188423,874.7421825197973,896.9035031491877,917.1338832962891
2020-07-17,662,1128,528,936,931.7956372211424,880.5762603750547,898.4366991041215,917.5074697656695
2020-07-20,1184,1400,1184,1269,935.1509045124743,917.5689974821923,912.968593256901,924.4677178891216
2020-07-21,188,446,174,410,929.9255223780218,869.2290929600788,893.2443346978068,914.2802383269608
2020-07-22,1256,1256,713,757,928.2048704140614,858.5406079162617,887.9014196116183,911.1657781620705
2020-07-23,887,1160,628,1015,929.0685035442697,873.4415024004272,892.8856776660646,913.221901366782
2020-07-24,1127,1493,1040,1415,933.9036428124859,925.0185021718152,913.3607491301404,923.1581013397171
2020-07-27,1114,1155,743,744,932.0140543267896,907.7786448221185,906.7191511250369,919.6104161646732
2020-07-28,938,1187,893,1155,934.2328199553788,931.3235357914406,916.4556550024864,924.2715960426004
2020-07-29,364,687,343,349,928.4096078165193,875.8641514303511,894.2024920612124,912.8800792892816
2020-07-30,1638,1691,1351,1377,932.8731938083947,923.591375103651,913.135727666655,922.0705727687018
2020-07-31,1182,1657,1182,1258,936.1082864073162,955.4398155699699,926.6598167777667,928.7226406346681
2020-08-03,815,1042,649,709,933.8485024629648,931.9693569442585,918.1241376884425,924.3716972557638
2020-08-04,833,1022,664,664,931.1634427369652,906.44846580671,908.1584852300722,919.2158220625804
2020-08-05,263,678,263,540,927.2712691773934,871.5486119203567,893.7208975739909,911.7065978633213
2020-08-06,972,1206,822,1021,928.203893364683,885.7820774517513,898.7122349240304,913.870823648206
2020-08-07,1249,1249,612,613,925.0675362167757,859.8028319801559,887.5078335544606,907.9129855561624
2020-08-10,373,531,373,530,921.1365159559123,828.3930384582363,873.4879185131092,900.4295600996047
2020-08-11,291,990,291,902,920.9461028618236,835.4032252717376,874.6060393557324,900.4606579194145
2020-08-12,153,916,153,742,919.1655446243925,826.5076800077626,869.4058025182527,897.3228231091291
2020-08-13,1369,1369,864,1214,922.0992207972841,863.4117104832137,882.9193004587133,903.5936582950869
2020-08-14,1369,1441,701,893,921.809676311739,866.2296428181457,883.314622009352,903.383882883303
2020-08-17,844,1113,844,1017,922.7568437116222,880.5887244545128,888.5571858521225,905.6337069846238
2020-08-18,951,1424,951,1341,926.9184671572777,924.4374173636068,906.300041308902,914.2548216977996
2020-08-19,977,977,616,889,926.5411689766083,921.0624252337394,905.6216083163961,913.7547262186353
2020-08-20,1204,1263,1149,1236,929.6203613250998,951.0564799733833,918.5776236765374,920.1358207489593
2020-08-21,1145,1455,1145,1272,933.0271238989794,981.6225294997278,932.43732470883,927.1034282588809
2020-08-24,334,722,334,421,927.9323266462533,928.2299076426108,912.3809590339739,917.0815781943486
2020-08-25,500,1376,500,970,928.3509104607184,932.2080116766479,914.6405292679357,918.1294677350546
2020-08-26,1238,1321,1029,1249,931.5414486650893,962.3786772312528,927.7526653750755,924.6813594630734
2020-08-27,454,920,454,751,929.7450163400636,942.2473746378001,920.8211883015431,921.2421246222204
2020-08-28,487,894,473,473,925.2002898093167,897.5571484818191,903.2595730740316,912.366042946533
2020-08-31,1459,1539,1388,1521,931.1286451345971,956.9326581502173,927.4846878554421,924.4182005119482
2020-09-01,1357,1357,707,707,928.8985093621136,933.1295478501967,918.8382295081699,920.1128896107215
2020-09-02,891,1079,551,578,925.4069819057742,899.3076861501779,905.4720244294182,913.3383769451626
2020-09-03,914,1587,793,1498,931.1044248718858,956.3260017549229,928.7084156282646,924.9158348274366
2020-09-04,398,1479,398,1016,931.9491569627129,962.0092396830255,932.1316150153914,926.7194816625369
2020-09-08,1684,1729,1244,1527,937.8700608735317,1015.8178835227374,955.4597869755721,938.6062245999124
2020-09-09,305,752,305,583,934.3390154917055,974.5971327110481,940.8535208196673,931.5645171820923
2020-09-10,580,1505,570,1502,939.9873834967632,1024.8259772147578,962.859265101249,942.8602693171005
2020-09-11,678,1219,678,970,940.2860164967954,1019.604455575257,963.1392939208079,943.3976897266629
2020-09-14,314,392,254,321,934.1239665814044,953.070697901423,937.9573608258743,931.0729829994023
2020-09-15,293,980,293,940,934.1824345756193,951.8258695298589,938.0374643228988,931.2497556132755
2020-09-16,547,690,343,668,931.5338531370559,924.794834336539,927.4477598396479,926.0368891654879
2020-09-17,1717,1717,1033,1117,933.3792874341996,943.1000882092495,934.8811810224068,929.8183369047852
2020-09-18,825,1500,808,1336,937.3854636786353,980.5191274274163,950.611330786234,937.8615381541954
2020-09-21,1774,1808,1668,1668,944.6552600599424,1045.9934962438529,978.7442197750091,952.3197255174787
2020-09-22,432,1164,384,835,943.564162944918,1025.8988775539622,973.1071915485381,949.9965626359444
2020-09-23,654,1736,612,1731,951.3993454031776,1093.0513654059657,1002.8284781544778,965.4619772372129
2020-09-24,1425,1620,395,827,950.1615409713052,1067.713140129207,995.9332437170473,962.7201559057829
2020-09-25,1280,1280,463,536,946.0405306133817,1017.0737934502349,977.8966459242218,954.2702518284407
2020-09-28,92,248,92,246,939.0749531943432,943.6381940740221,949.1948166722916,940.2450983268874
2020-09-29,1028,1498,1028,1329,942.9548044063397,980.3393184479247,964.0891375871037,947.9432151917015
2020-09-30,369,1060,273,811,941.6418212779184,964.2117643100271,958.0856419954525,945.2314683562222
2020-10-01,375,1058,367,636,938.6006091258994,932.9535010424055,945.4548325054348,939.1080729432277
2020-10-02,1746,1746,510,586,935.0921453535024,899.9103104669383,931.3585645640452,932.115833875045
2020-10-05,171,515,171,365,929.4195866932685,848.966471374849,909.1484247772199,920.8858173626679
2020-10-06,347,1284,347,1280,932.9079490147285,890.0172836248634,923.6916238055643,927.9969892960804
2020-10-07,174,563,174,435,927.9536410643332,846.6823042320192,904.5272464014245,918.234672676356
2020-10-08,218,554,218,352,922.222759063693,799.5697038289698,882.8595112484275,907.0221049005866
2020-10-09,191,1033,191,944,922.4394480282334,813.3249701309726,885.2571774739794,907.7543404471096
2020-10-12,862,922,650,707,920.29577192845,803.1987824994513,878.2666999259802,903.7790069729094
2020-10-13,1407,1531,1357,1435,925.4172070336396,863.3703270233132,900.0993783602555,914.2982345576042
2020-10-14,529,1133,420,1131,927.4628069636531,888.8588673068072,909.154304699069,918.5893586257705
2020-10-15,1715,1715,658,688,925.0800924665023,869.7294513728256,900.481586867733,914.0232327123889
2020-10-16,750,1073,705,1072,926.5419820937012,888.9933131468422,907.2077991474297,917.1514855299654
2020-10-19,577,1492,444,1469,931.9395743116744,944.2320452280953,929.2388658475305,928.0791788858077
2020-10-20,201,598,201,580,928.4376880001155,909.5432790158958,915.5432240495882,921.1865218781679
2020-10-21,922,1163,772,1139,930.5328353831989,931.3963000620009,924.3062348711729,925.4996600587982
2020-10-22,573,974,466,499,926.2389763246596,890.2157000560961,907.6275589938721,917.0541222358518
2020-10-23,354,951,354,656,923.5500312866033,867.9094429078965,897.7598115823477,911.884733676726
2020-10-26,1661,1811,1641,1698,931.2560011245475,946.9656864404778,929.1417797555889,927.4513726138206
2020-10-27,1021,1424,984,1423,936.1489762377361,992.3022877318609,948.5087687847815,937.2642167204776
2020-10-28,1792,1818,1706,1766,944.4062003547735,1065.9877841383504,980.5672484402803,953.6748262903692
2020-10-29,1171,1446,450,569,940.6708152766166,1018.6556142204123,964.427356344583,946.0575029974906
2020-10-30,989,1546,989,1215,943.400458905705,1037.355079532754,974.2537345271484,951.3830969975403
2020-11-02,245,508,243,345,937.4462254837578,971.4165005296345,949.577117486868,939.3755109183811
2020-11-03,146,352,120,277,930.8746212500886,905.2815957172884,923.2015442520889,926.259164167522
2020-11-04,1184,1292,808,1155,933.104724521232,929.0643008870704,932.2916797716148,930.7886856691553
2020-11-05,203,333,164,319,926.9942297498765,870.9629388978257,908.241025662924,918.6740582301621
2020-11-06,739,1245,739,1205,929.7604563195295,902.775992336128,919.8786324996721,924.3438788592679
2020-11-09,202,469,202,469,925.1757751621212,861.4639930660205,902.197117499685,915.3271683868071
2020-11-10,519,725,512,520,921.1441754092643,828.9436127740186,887.2089952447953,907.4989076266723
2020-11-11,729,1213,729,1077,922.6949796340477,852.5680306050645,894.6517797449994,910.8553649013917
2020-11-12,1463,1656,1294,1592,929.3547310804752,922.9901229283917,921.9987687746072,924.3433774776017
2020-11-13,235,352,180,249,922.585032263754,858.8005874114019,895.6066601952109,910.9702412899264
2020-11-16,256,381,256,303,916.4200070670997,805.8671981341256,872.3671833248105,898.931226610918
2020-11-17,1499,1580,738,884,916.0974199321037,813.3084173594469,872.8233722140336,898.6355587572365
2020-11-18,687,1313,596,1313,920.0466993357643,860.8980918966424,890.0852007546597,906.8407952174892
2020-11-19,1339,1339,722,723,918.0860356607816,847.7649402874384,883.5328399407515,903.2003834310043
2020-11-20,1143,1250,994,1051,919.408562669132,867.1206602600633,890.1001795509181,906.1271085115785
2020-11-23,273,490,272,436,914.598527219688,826.061549759105,872.2923293724508,896.8176608182799
2020-11-24,239,412,239,374,909.2194373966065,783.0080688296664,852.7514537107861,886.4648358515814
2020-11-25,1374,1484,1185,1224,912.3515822981328,825.0073003696982,867.3102202319318,893.1487004881837
2020-11-27,918,1207,888,1008,913.3033078474051,842.4351765249651,872.8274664973462,895.4229836468336
2020-11-30,1262,1664,1262,1535,919.4893445852418,908.393731141635,898.7950168307837,908.0878750597676
2020-12-01,191,588,191,550,915.8128336938464,874.2609948424317,885.1167808766353,900.9970260486831
2020-12-02,1450,1450,767,800,914.66046718943,867.1885191431525,881.778867901081,898.9970849388081
2020-12-03,674,804,451,695,912.474790898988,850.7896125580903,874.454206414764,894.957538702396
2020-12-04,301,400,271,324,906.6193203427791,800.6191732668436,852.8677669475184,883.651448827101
2020-12-07,1135,1366,1133,1228,909.8171380508112,841.3221091461919,867.5788349103608,890.4702320186436
2020-12-08,1232,1232,727,765,908.376171503042,834.0533368465545,863.5561355021114,887.9856729687694
2020-12-09,375,1215,375,1004,909.3276523836087,850.2387333373589,869.0637380314404,890.2829863753285
2020-12-10,1360,1360,762,811,908.3492677827768,846.5017111147533,866.7867286968741,888.7130262490844
2020-12-11,1439,1514,1096,1251,911.7587278048387,885.025357675253,881.8539158068006,895.8870257293005
2020-12-14,220,1336,220,1334,915.9601334983229,927.7848474204669,899.5851347947693,904.5625301703044
2020-12-15,362,629,304,305,909.8809281898818,868.4720048089939,876.2680706851704,892.6900048203973
2020-12-16,704,1260,704,1153,912.3000234317735,895.5699091128993,887.1203032073206,897.8446581902905
2020-12-17,537,900,537,609,909.2821127508604,868.2775368164326,876.2136246501708,892.1249619885026
2020-12-18,738,1324,738,1241,912.5827882458767,903.7749142624866,890.5189727031053,899.0333785827897
2020-12-21,1694,1713,1306,1331,916.7461435867137,944.4630176660593,907.7927384794541,907.5871730662989
2020-12-22,859,1211,859,1103,918.599415789831,959.5617778883393,915.44792520575,911.4567339956791
2020-12-23,292,539,292,538,914.8123569262506,919.4130371370688,900.6460457859167,904.0615511442795
2020-12-24,849,1207,849,872,914.3863633249944,914.8975097906813,899.522671441371,903.4266689434027
2020-12-28,315,913,315,906,914.3029169237507,914.0501279058545,899.7766843260231,903.4776259940284
2020-12-29,424,1511,424,1404,919.1755247155542,960.7120204862493,919.5501476857869,913.3889601327604
2020-12-30,396,590,249,562,915.6215393950014,922.7394471066066,905.5285732667364,906.4307629024087
2020-12-31,1392,1392,709,809,914.5606285552501,911.9071188107392,901.7431390209821,904.5014408647372
2021-01-04,479,1570,479,1412,919.5102740422625,959.5350122573354,921.7532120005515,914.5509172832573
2021-01-05,541,678,361,470,915.0375349970659,912.9126301375892,904.0373997652357,905.7479288222027
2021-01-06,471,490,274,407,909.9824351463488,864.7304748863902,884.5457370293441,895.871732211862
2021-01-07,522,807,522,724,908.1318636523554,851.3275725162578,878.2498257732914,892.4683315740033
2021-01-08,587,1442,587,1078,909.8220938647697,872.9154227528046,886.0831659390446,896.1422259982804
2021-01-11,1555,1555,1045,1116,911.8736153188516,896.0663348715851,895.0995123728076,900.4958452854432
2021-01-12,606,687,467,479,907.5664151664253,856.3457315504818,878.7818844366191,892.1493929035532
2021-01-13,897,1277,897,1211,910.5856548165106,890.122328545674,891.8100458312615,898.4632663114037
2021-01-14,384,596,373,567,907.166892082018,859.348773446086,879.0723969751336,891.8996372755344
2021-01-15,1561,1724,1322,1402,912.0906045986148,911.0298426416969,899.5793617996383,902.0006345572069
2021-01-19,484,937,484,768,910.6568672394246,897.4079528662971,894.4193868271034,899.3471566451831
2021-01-20,577,913,577,767,909.2274456748532,884.9881478314117,889.4225481280013,896.7264208700309
2021-01-21,942,1360,942,1275,912.866973578586,922.1321337522296,904.5432325151385,904.2169867933966
2021-01-22,1618,1646,934,935,913.0872026972071,923.3576448234459,905.7376155537605,904.8265514113491
2021-01-25,1190,1382,889,1162,915.5639469489762,946.0854881735938,915.7871208261621,909.919094947758
2021-01-26,462,1307,462,1208,918.4737584221207,971.0297273951563,927.2464494212146,915.8216871270104
2021-01-27,1717,1717,1419,1584,925.095910079612,1029.4078485956177,953.0014906203827,929.0529408472676
2021-01-28,363,790,363,692,922.7765477902627,997.2737677769874,942.7661380470344,924.3588232067276
2021-01-29,1293,1661,1057,1591,929.425537364489,1053.8191232267982,968.1870738098958,937.5596385887726
2021-02-01,362,832,296,331,923.4710544056383,984.9792067290078,943.199345425194,925.5485566365197
2021-02-02,465,587,395,478,919.038506600607,936.6954727548166,924.9562338398923,916.686208980351
2021-02-03,743,1098,737,764,917.4958348931383,920.2482848734055,918.6442246697005,913.6627196936114
2021-02-04,666,699,507,507,913.4112992225598,880.8913053616526,902.5013138983397,905.6099925709656
2021-02-05,354,802,354,613,910.4221320661164,855.3778477081619,891.148321196444,899.8157352923326
2021-02-08,363,563,363,428,905.6219118465531,814.6751955454798,872.9856419338385,890.4728494449597
2021-02-09,1049,1273,831,950,906.0634848630053,827.563272160196,876.0058128383938,891.6516049014951
2021-02-10,507,1231,429,940,906.4011616305376,838.2715319544631,878.5153888055156,892.6089988638417
2021-02-11,675,1359,577,998,907.3125928580944,853.4837670064189,883.2010598327503,894.6959493813895
2021-02-12,1199,1199,746,746,905.7074924316457,843.2472177677124,877.8206261138189,891.7514751362135
2021-02-16,485,985,485,955,906.1979651437687,853.8903398850731,880.8472682270025,893.0039211731201
2021-02-17,1494,1517,1169,1200,909.1213684756715,886.8531646579232,893.3630616298651,899.0830514469197
2021-02-18,1443,1577,1333,1438,914.3838424211872,939.3433394524068,914.7213729384979,909.7546741905451
2021-02-19,383,550,372,535,910.6088788150062,900.834449980749,899.8303387056156,902.3337895531085
2021-02-22,1125,1125,734,886,910.3640143491853,899.4216452206776,899.2879724818661,902.0103481758192
2021-02-23,1353,1456,994,1065,911.9026808730739,915.1910123425179,905.7864833649302,905.2378660337238
2021-02-24,637,736,403,489,907.6946939987149,874.6013921194209,889.4419153898349,896.9955320528579
2021-02-25,871,1763,871,1743,916.0061895808172,957.3060214413808,922.9147814529786,913.7480957745835
2021-02-26,890,1664,866,1371,920.533491177028,996.7054479707731,940.4867508077637,922.802588927562
2021-03-01,85,295,85,293,914.2893768369581,929.6858814973662,915.0951135211847,910.3312505329569
2021-03-02,982,1414,982,1262,917.7491840326103,961.3348451642837,928.6992267164323,917.2949881461657
2021-03-03,636,1002,636,984,918.4083961317883,963.4934313391138,930.8678844922586,918.615879470004
2021-03-04,738,1767,738,1538,924.5734867175416,1018.2083426401506,954.6769870611896,930.8809115597069
2021-03-05,262,1358,262,367,919.0254918248298,956.1885004839457,931.6308307058489,919.7149529149602
2021-03-08,676,704,449,698,916.8262331997072,931.5991194854747,922.4688373448353,915.3245578077333
2021-03-09,838,913,553,910,916.7583104813021,929.5420604868581,921.9798633313123,915.2191210194613
2021-03-10,356,512,277,435,911.9646954516375,882.4428166309668,902.882613788908,905.7098314943235
2021-03-11,618,679,405,556,908.422758183462,851.3530245708747,889.2793740324802,898.78488433602
2021-03-12,848,897,638,638,905.7319844701937,831.0336888974581,879.4252809331672,893.6208272204552
2021-03-15,670,1149,670,789,904.5704721869081,827.0304804310335,875.8791914848077,891.5491276715353
2021-03-16,1262,1609,1262,1530,910.7936515681329,893.9799584852208,901.5309878971682,904.191719202792
2021-03-17,952,1428,706,721,908.9051575226788,877.5056767247236,894.4513413129655,900.564160406697
2021-03-18,1000,1545,922,1518,914.9658027214581,938.5051360842737,918.9042298889276,912.7906126758713
2021-03-19,816,1332,717,1007,915.8815658784586,945.0284564571999,922.3589659717147,914.6561450981313
2021-03-22,970,1390,970,1283,919.5344856209615,977.2162225088952,936.5017516198827,921.9500828189604
2021-03-23,1171,1798,1171,1738,927.6784210874196,1049.6718203651908,967.9330554779266,938.109487119575
2021-03-24,350,1264,350,1260,930.9851034646591,1069.703075568506,979.3866611454589,944.4835566815635
2021-03-25,1423,1634,419,437,926.0698288033192,1009.4456398000768,958.1165960024997,934.4343773413345
2021-03-26,292,808,292,373,920.5666464271668,948.8317693429267,935.1708471396565,923.3168649187338
2021-03-29,1104,1652,964,1523,926.5610081542596,1003.5144579769337,958.2229707812386,935.1917784846995
2021-03-30,909,1104,689,703,924.3365205109337,974.894033407702,948.2142268290331,930.5939214850025
2021-03-31,460,1111,460,1058,925.6665053814717,982.8088873688732,952.5195512671103,933.1168141288639
2021-04-01,483,660,396,397,920.406142143845,927.0175647623139,930.7344708252629,922.5006395916587
2021-04-05,341,877,341,732,918.5314541623143,908.4444633563793,922.9409621654486,918.7283496987545
2021-04-06,809,922,584,846,917.809748150749,902.4973716081527,919.9236695315094,917.2881843581852
2021-04-07,683,1501,683,1322,921.8315417014878,942.4500028835666,935.6913687655679,925.302279717429
2021-04-08,725,1297,725,818,920.7983920328163,930.5976216565602,931.0760209708397,923.1774820992621
2021-04-09,897,1150,862,877,920.3625871369674,925.4930862606974,928.9553926974735,922.2630765131381
2021-04-12,705,1218,705,929,920.4485315435647,925.8270780453929,928.9571420034549,922.3964809386206
2021-04-13,1205,1440,1104,1181,923.0410834685044,950.1292610886888,938.8411756503782,927.5173427022122
2021-04-14,537,772,399,743,921.2496299016536,930.402664794528,931.1611295464418,923.8635339358318
2021-04-15,412,965,412,735,919.3963997533784,911.7928871950492,923.468536230895,920.1236619767064
2021-04-16,436,972,436,758,917.7904654274741,897.1459455574254,916.9795740257618,916.9132924326133
2021-04-19,1079,1535,1067,1336,921.9517543286933,938.9415697900515,933.411747593379,925.212039117116
2021-04-20,1033,1663,1033,1543,928.1313388627361,996.4709440957608,957.3171692563837,937.4454640850939
2021-04-21,949,949,306,312,922.0006787745497,931.2832351342598,932.0106135992706,925.0604053903396
2021-04-22,750,1423,717,1288,925.6424630653502,965.2562603595684,945.9709816934169,932.2473280558775
2021-04-23,539,553,345,403,920.442040547287,911.7080450872286,924.6780020191652,921.7671829458601
2021-04-26,410,811,410,736,918.6067963627369,894.9739455551115,917.2788646850803,918.0886248677242
2021-04-27,679,1068,679,945,918.8694153044012,899.73833169272,918.3659680307634,918.621523385195
2021-04-28,680,907,680,829,917.9751922665464,893.0013477219848,914.8614202648511,916.846839753805
2021-04-29,372,1112,372,871,917.507777418123,890.9059812722719,913.1413645681903,915.9389815408584
2021-04-30,1082,1568,1082,1516,923.4629239114751,950.438744960627,936.7828796831632,927.82137794599
2021-05-03,283,634,283,617,920.4135415839977,918.6826740119958,924.242374597549,921.6664991747823
2021-05-04,868,1565,868,1226,923.4542028617689,947.9509907727581,936.0760069662725,927.6929051317173
2021-05-05,579,1230,579,955,923.7680913905075,948.6223249848764,936.8181243401442,928.2336396835645
2021-05-06,645,1377,645,814,922.6758715756765,935.8011511767929,932.0017273071974,925.9715874126028
2021-05-07,780,780,490,490,918.3706390226847,893.343898683765,914.6683262363268,917.3384866717593
2021-05-10,501,1383,501,1379,922.9540157488271,939.5968607138826,932.8774114819611,926.480298816873
2021-05-11,1666,1800,1419,1461,928.307707134411,989.2543025506557,953.5881012277665,937.0648473551527
2021-05-12,993,1799,993,1786,936.8419588047153,1065.134845164879,986.2317051011875,953.8754444372289
2021-05-13,358,593,208,575,933.2415413041709,1018.4553361015571,970.1049715678075,946.3729603889669
2021-05-14,175,314,175,270,926.6421229827364,947.1738755204565,942.6498746435798,932.9794364208685
2021-05-17,877,1371,877,949,926.8645894207191,947.3477921375559,942.8988991673609,933.2966753036236
2021-05-18,1034,1278,855,1278,930.3584741031,978.8384786006458,956.0401188078566,940.1224837134529
2021-05-19,1654,1844,1427,1428,935.3101310771984,1021.6157663529652,974.5483494428427,949.7834246300182
2021-05-20,757,1091,626,721,933.1776919620024,992.9856933669686,964.6052769156723,945.2530597858595
2021-05-21,237,942,237,833,932.1808990071567,977.7489606653526,959.4442856640774,943.0302269188128
2021-05-24,726,789,545,685,929.7213875742497,949.8681072686524,948.6817646576429,937.9207174748759
2021-05-25,749,1495,569,1483,935.2266473993815,1000.6425732430664,969.6354209455785,948.7143666337893
2021-05-26,539,706,448,495,930.8462827486413,952.4861376961077,951.0222671830068,939.7299237301498
2021-05-27,455,695,455,690,928.4498023232817,927.487457915526,940.7860998424967,934.7847767255925
2021-05-28,740,1095,740,908,928.2463217031495,925.6315095426187,939.5003704369086,934.2543851072639
2021-06-01,293,605,293,511,924.0946170095858,886.1427943480836,922.6964343413435,925.8731101546449
2021-06-02,1061,1135,954,1036,925.2081034075004,900.4149091720757,927.1397114259968,928.0538406466321
2021-06-03,1628,1721,1137,1196,927.9025501397641,928.5658702033065,937.683252154389,933.359705188283
2021-06-04,437,1118,437,787,926.5005347154879,915.0834063744202,931.7741050110797,930.4614932043565
2021-06-07,652,1010,652,913,926.3662010367268,914.8849867197135,931.0378655988804,930.115721061696
2021-06-08,907,1177,605,685,923.9645472950679,892.9911784606932,921.3893218499047,925.261944407009
2021-06-09,889,1284,889,1268,927.3877856304404,928.7063043215795,934.9818974636339,932.0488365969692
2021-06-10,522,1171,503,1091,929.0157678629733,944.1628467671434,941.1002544258444,935.1963843871282
2021-06-11,570,890,570,667,926.4086457946851,917.7663851702725,930.3512248405171,929.8855648943138
2021-06-14,784,1443,784,1316,930.2851766823002,955.693396106437,945.4747062193204,937.5313952924462
2021-06-15,852,1476,852,1009,931.0684087551131,960.7702155248716,947.9658942107196,938.9466151876453
2021-06-16,1230,1511,925,1312,934.858772847102,994.2206711891695,962.2417414965738,946.3338109265038
2021-06-17,1002,1661,1002,1532,940.8004765998672,1045.4377501235342,984.5852026143552,957.9311612051869
2021-06-18,1671,1765,1563,1721,948.563655937182,1109.777012016531,1013.4642142765374,973.0414352407278
2021-06-21,439,488,315,336,942.4684951815882,1036.083963253052,986.8969901872614,960.4267533547728
2021-06-22,1398,1525,883,1018,943.2200524434629,1034.3616810384756,988.1167160622707,961.5668176447773
2021-06-23,766,1009,647,1001,943.7949772947718,1031.1843780824304,988.6219428833581,962.3476727409203
2021-06-24,500,863,500,542,939.7970173216895,984.5953896936275,971.1073568879323,954.023956449021
2021-06-25,604,856,603,853,938.9333654080409,972.0624954370915,966.4756958335036,952.0234820638918
2021-06-28,1205,1595,1205,1456,944.0783070457718,1018.15178158594,985.6727273694446,962.0032150923296
2021-06-29,567,1301,567,1253,947.1521547368586,1040.5182785777552,996.1561498255448,967.7655276647587
2021-06-30,1197,1197,812,886,946.5436755852481,1025.8022520465404,991.8363008127784,966.1464083050605
2021-07-01,401,723,401,621,943.3044350321611,987.2496566135366,977.2937007809047,959.311825962386
2021-07-02,929,1357,929,1157,945.4307590616918,1003.4163559836759,984.3410066326339,963.2264432700615
2021-07-06,1358,1738,1358,1518,951.1279654391874,1052.4243220804688,1005.2688102940992,974.2120582548127
2021-07-07,893,1526,893,1124,952.8480851860611,1059.2410533109003,1009.9249353806051,977.178156111153
2021-07-08,1896,1919,1396,1676,960.0436266269958,1117.980000614624,1036.045526149993,991.0162124257837
2021-07-09,214,302,207,207,952.5506552177719,1031.2200005560885,1003.533936889209,975.4911389124019
2021-07-12,1460,1534,829,829,951.3212954643612,1011.96095288408,996.6894687759067,972.5903242804732
2021-07-13,1455,1699,1455,1696,958.7310338179497,1077.107528799882,1024.1134111768515,986.9152683541272
2021-07-14,430,1381,376,1275,961.8779887053332,1095.9544308189409,1033.952100934622,992.6199165055306
2021-07-15,1466,1565,967,1190,964.1478594644841,1104.9111516933274,1040.0716263881661,996.5284330103716
2021-07-16,439,1526,439,1482,969.3006170817529,1140.8243753415818,1057.4021508435321,1006.1417313666019
2021-07-19,1875,1908,1715,1773,977.2976258670091,1201.0315776900027,1085.4648115947662,1021.3270436167682
2021-07-20,567,567,187,241,969.9712813310189,1109.5999988623835,1052.3485444734029,1005.8750229510896
2021-07-21,278,381,260,361,963.9118655963819,1038.3047608754898,1025.236836846995,993.1052205164145
2021-07-22,1317,1621,1317,1498,969.2261753914428,1082.085259839729,1043.776568735348,1003.1031369418321
2021-07-23,593,1004,564,726,966.8060144422742,1048.1723779502308,1031.3147425104326,997.6159461113008
2021-07-26,601,925,601,785,964.9969993731969,1023.1083419549708,1021.6553408433567,993.4057293566216
2021-07-27,1636,1636,1238,1337,968.6985217674935,1053.0027855783069,1034.021798065186,1000.2095763000548
2021-07-28,466,1282,466,718,966.2040091130906,1021.0977583803729,1021.6287863763552,994.6212678584695
2021-07-29,338,584,338,583,962.391033898035,979.3741623441468,1004.427657498851,986.4703516632524
2021-07-30,1138,1414,716,1313,965.8796803269103,1011.1480516447043,1016.5285336753666,992.936285293683
2021-08-02,417,1262,417,1262,968.8261511694286,1035.0387133928277,1026.1548656880973,998.2642796443031
2021-08-03,942,1474,760,760,966.748279018489,1008.8445502125584,1015.7174199748385,993.5461750968911
2021-08-04,1385,1609,1246,1572,972.7706842023847,1062.4784025732672,1037.53242311308,1005.0007062830913
2021-08-05,521,657,472,566,968.7232147078336,1015.194745185337,1019.0409555400181,996.3076229903568
2021-08-06,584,830,584,768,966.7259687903427,991.6523885010191,1009.1962121855075,991.7866799608447
2021-08-09,1464,1498,1141,1319,970.2311830312348,1022.828351500922,1021.3453803350955,998.2661516447884
2021-08-10,844,844,645,740,967.9403254886354,995.8923180246437,1010.3122281650917,993.1519704240994
2021-08-11,942,963,582,582,964.1001232449673,956.4740020222966,993.5156701978332,985.0103472473846
2021-08-12,1202,1515,1025,1259,967.0344503768582,985.2860018296969,1003.9268203861534,990.4358849256542
2021-08-13,1101,1301,1026,1182,969.1734110696258,1004.0206683221068,1010.9100823317945,994.2292337390077
2021-08-16,1687,1735,1278,1415,973.6094965316196,1043.1615570533347,1026.7567457697633,1002.5613281204135
2021-08-17,1788,1788,1477,1532,979.1656209442402,1089.7175992387315,1046.5702067199686,1013.045262217039
2021-08-18,1335,1528,836,1526,984.6067590442975,1131.268304073138,1065.3713750838915,1023.2027817770976
2021-08-19,1750,1750,1378,1559,990.3221146756975,1172.0046560661726,1084.7293603747194,1033.8126276825017
2021-08-20,1141,1141,377,439,984.8363224898698,1102.1946888217753,1059.4066403600245,1022.0341598076006
2021-08-23,296,613,296,521,980.2210356989258,1046.842813695892,1038.292654463553,1012.1126912965591
2021-08-24,510,624,505,564,976.0795328561504,1000.8577838200927,1019.6929425238058,1003.2391726570232
2021-08-25,1282,1282,571,771,974.0389404894225,978.9665663134172,1009.9402781111075,998.6403771588643
2021-08-26,1261,1624,1032,1581,980.078354016891,1036.3030838073773,1032.3347770087112,1010.1722508784908
2021-08-27,462,462,211,272,973.0327982555289,963.5123139209604,1002.5177269299381,995.5549785838672
2021-08-30,903,1354,903,1246,975.7488898151753,990.4159030713452,1012.0660513640582,1000.514285938642
2021-08-31,955,1166,747,911,975.1046222548252,982.852483731217,1008.1026768007619,998.7417258210452
2021-09-01,779,1123,698,835,973.7105464114936,968.7712948044344,1001.3143365340653,995.4993154087473
2021-09-02,489,811,489,658,970.5691479397375,939.1740286325835,987.851029219004,988.8161606481781
2021-09-03,1248,1479,1191,1254,973.3893554229242,969.1574544770993,998.2882437594352,994.0673257838578
2021-09-07,1214,1466,1059,1456,978.1914513888652,1015.5234111935661,1016.2377243963201,1003.2145074515041
2021-09-08,1375,1553,1109,1371,982.0999941611153,1049.3783244132264,1030.1499704984253,1010.4973884920684
2021-09-09,1257,1257,724,1130,983.5716360102584,1057.0565792310144,1034.0656579298595,1012.86377683876
2021-09-10,819,1460,819,1459,988.3022664977185,1095.336905018537,1050.7297497757475,1021.6981574954183
2021-09-13,482,831,482,670,985.1350797663979,1054.828628350105,1035.7991713531692,1014.733837545014
2021-09-14,648,1647,648,1545,990.7058749926028,1101.5116161262854,1055.7678313001038,1025.2341575936275
2021-09-15,1042,1042,575,591,986.7287021071043,1052.8914622094962,1037.5416418373547,1016.6354614036547
2021-09-16,917,1480,917,1253,989.3781677577798,1071.9494181895443,1045.990989216282,1021.3159473164536
2021-09-17,924,1483,924,1346,992.9266437004885,1098.049473600064,1057.7560484627024,1027.745334498306
2021-09-20,1950,1979,1768,1785,1000.8079706288419,1163.4733332572007,1086.275419111224,1042.7404763894285
2021-09-21,271,1224,271,1043,1001.2277918166146,1151.9996824708007,1084.5783438519602,1042.745615470826
2021-09-22,266,375,193,374,994.9867192612254,1077.9044746164388,1056.712526446001,1029.50312803576
2021-09-23,375,454,311,434,989.404761855641,1016.5802389386828,1032.2924273696872,1017.7109868865371
2021-09-24,1314,1314,912,1153,991.0325751705103,1029.5725971349987,1037.0260576689152,1020.3899772452195
2021-09-27,624,624,623,623,987.3705594971719,990.851397407856,1020.7897416818989,1012.5208687849181
2021-09-28,1281,1705,1123,1668,994.1429917409812,1055.3417405118696,1046.1705361257461,1025.5006535614543
2021-09-29,753,957,643,948,993.6838574948023,1045.1187176059773,1042.3207111796385,1023.9659871542968
2021-09-30,680,1537,659,1471,998.4332718480879,1085.6788397387413,1059.1316636823976,1032.8181458245087
2021-10-01,398,1024,350,424,992.7175178993507,1022.6618073826708,1034.2245396164212,1020.7623409566967
2021-10-04,1198,1325,1142,1229,995.068587372989,1042.3130638224163,1041.8627929647969,1024.885858957554
2021-10-05,864,877,450,755,992.6798452100737,1014.9499148869481,1030.6132716720597,1019.541584522751
2021-10-06,1776,1845,1181,1181,994.5536775960431,1030.7642087072388,1036.5107904300182,1022.7387808688352
2021-10-07,314,503,235,472,989.3541385154855,977.5485697827398,1014.3731123739391,1011.833062435789
2021-10-08,881,1184,711,1182,991.2710127591125,997.0201345653361,1020.9467158102552,1015.2027047637931
2021-10-11,781,1257,495,1256,993.9051320351413,1021.6848836543517,1030.1644916608334,1019.9709680357972
2021-10-12,674,919,542,819,992.1647824626523,1002.3815614015563,1021.8835312035458,1015.9913449063755
2021-10-13,898,1422,825,856,990.8099090053124,988.4404603156937,1015.3782946857597,1012.8231994626849
2021-10-14,217,493,217,441,985.3391636420755,936.3032736189609,992.853655678475,1001.4999677901565
2021-10-15,324,1011,324,1010,985.5845450983733,943.3220094647742,993.5260613381427,1001.6682852596583
2021-10-18,1012,1099,867,1023,985.9568381819715,950.9103895157481,994.6819020699802,1002.0906954525364
2021-10-19,588,1026,588,800,984.1065213841409,936.5379714666292,987.0473176750791,998.0888995029811
2021-10-20,926,937,506,575,980.0358097285773,902.1057837079026,970.8885993348799,989.7109014930211
2021-10-21,1043,1281,891,1031,980.5429160994372,914.381423354769,973.2459091648847,990.5285074040504
2021-10-22,857,1096,729,1032,981.0549268845174,925.5831925590768,975.5499911584186,991.3497250792177
2021-10-25,900,1037,634,741,978.6663206468605,908.0038408867838,966.351952289461,986.3923047806194
2021-10-26,951,1306,856,1303,981.893521436444,945.6225227070901,979.5538365134037,992.6617640918943
2021-10-27,1294,1689,1223,1686,988.8995560490166,1016.1346634016529,1007.2576076305251,1006.3912341098766
2021-10-28,597,664,531,555,984.582147531116,972.2170764110193,989.5220151744261,997.4527938304731
2021-10-29,1181,1432,1008,1240,987.1236186999606,997.7202119909223,999.3446812460172,1002.255708804127
2021-11-01,500,616,389,429,981.5701498571749,943.5563822775011,976.9782231579381,990.9041106099859
2021-11-02,1158,1392,1158,1251,984.2510438884468,972.8367268225011,987.7241751909602,996.0545242612733
2021-11-03,1014,1037,579,612,980.5470534019946,938.4713242679771,972.9898938109226,988.4494841768916
2021-11-04,713,1393,677,1269,983.4172319751091,969.950245766265,984.5981332693178,994.004939935765
2021-11-05,425,729,381,656,980.1593490698841,940.050222359954,971.7119319646387,987.3117728083241
2021-11-08,551,1042,551,956,979.9189575368505,941.5692488018631,971.095777769947,986.6917377032088
2021-11-09,866,1332,866,1064,980.7555848250411,953.2293203445428,974.739080602498,988.2225943823531
2021-11-10,1044,1451,933,1336,984.2903551252895,989.6836707879196,988.9061754808314,995.1092756817125
2021-11-11,699,810,687,785,982.3073665170776,970.1899878557368,980.90985487374,990.9486959652429
2021-11-12,849,1059,758,970,982.1849051586987,970.1718937742381,980.482017427711,990.5338703025649
2021-11-15,758,1186,758,1082,983.1780901819952,980.822189605263,984.463114783487,992.345080791623
2021-11-16,1184,1225,1013,1188,985.2161191354082,1000.553409642857,992.4449534194287,996.2194356274324
2021-11-17,1364,1674,1341,1504,990.3781478007276,1048.5007039625848,1012.5059356382747,1006.2744963080773
2021-11-18,875,1666,875,1385,994.3047333947502,1080.5482559661482,1027.113546005401,1013.7740112326699
2021-11-19,1455,1490,1294,1463,998.9683678883348,1116.9722315884198,1044.2071324365618,1022.6695753666764
2021-11-22,747,1028,611,1027,999.2472896008887,1108.4034476276179,1043.5323429292457,1022.7553263495146
2021-11-23,851,1203,691,973,998.9861225401834,1095.5078811868923,1040.7663686967262,1021.7700723623955
2021-11-24,1589,1589,922,981,998.8071561467488,1084.6023686929025,1038.4225895321488,1020.9627441968034
2021-11-26,1858,1959,1858,1879,1007.5652938965324,1160.259285960245,1071.386409550496,1037.9535809453816
2021-11-29,386,1376,386,1123,1008.7138979373628,1156.7107825354599,1073.4104719210648,1039.6376684514137
2021-11-30,1577,1954,1556,1814,1016.726694972812,1219.3097556273208,1102.4531985123956,1054.9715760068311
2021-12-01,181,1685,181,1684,1023.3662303462169,1263.5659693770997,1125.2589554334781,1067.4275844027354
2021-12-02,311,489,239,334,1016.5068648701351,1175.0358770554712,1094.2291924753026,1052.904265899711
2021-12-03,586,1734,586,1525,1021.5664980555069,1208.3657935263786,1111.1221653194084,1062.2526962779345
2021-12-06,545,634,313,375,1015.1330005624174,1128.9976227143425,1082.2546294245296,1048.643731995203
2021-12-07,209,450,153,373,1008.7436174722441,1056.9978491225004,1054.4407223882736,1035.264648193318
2021-12-08,800,812,623,708,1005.7511436665501,1023.7599587298813,1040.8548117063806,1028.7841601102818
2021-12-09,1606,1720,1473,1716,1012.8182964658879,1089.6875817079879,1067.331093600248,1042.3923945635436
2021-12-10,384,1358,384,1023,1012.9196069488144,1083.3363834500842,1065.5926193414148,1042.008386750404
2021-12-13,1339,1635,1339,1570,1018.4626954368858,1129.685299311981,1085.373300935869,1052.463666220693
2021-12-14,1327,1493,824,1490,1023.1546089151258,1164.0009850917922,1101.2410146246586,1061.1277520381052
2021-12-15,966,1543,608,644,1019.3819262393533,1114.4770817497167,1083.3099944432995,1052.8677965522022
2021-12-16,435,1370,435,1278,1021.9552404061259,1130.0506930116485,1090.9448966219936,1057.325859986812
2021-12-17,1526,1674,838,1204,1023.766631048851,1137.0934841533963,1095.3784300877978,1060.2302984029147
2021-12-20,1899,1956,1742,1742,1030.913231734932,1194.7036285197396,1120.7361387118058,1073.7306885335502
2021-12-21,177,291,177,261,1023.252403558465,1105.7794734226215,1087.0209960172251,1057.6370115328857
2021-12-22,885,1119,503,521,1018.2548672046494,1050.0861902395147,1064.824094212628,1047.010536056987
2021-12-23,524,647,444,557,1013.6652665359464,1003.1256006928943,1044.9094238513485,1037.3073571251655
2021-12-27,826,1160,487,488,1008.4347663714096,954.0660196745234,1023.069838602276,1026.4299837167464
2021-12-28,941,1178,431,1112,1009.46526620851,969.1073511340926,1026.5572959119906,1028.1244394847315
2021-12-29,1147,1147,850,945,1008.8238207735994,966.8114129308457,1023.3589705821087,1026.4784109800833
2021-12-30,452,1049,342,1048,1009.2136335022203,974.5436593183841,1024.3252854612417,1026.9045810596856
2021-12-31,812,1131,687,903,1008.1567814275713,967.729977478538,1019.5674311294283,1024.4510249990979
2022-01-03,507,880,507,758,1005.6676592243119,947.7556939091535,1009.3098848106272,1019.1747670783236
2022-01-04,467,804,467,799,1003.6112646051646,933.5884849654245,1001.0624383474653,1014.814870700535
2022-01-05,721,1724,713,1724,1010.7793117235211,1008.8657721115745,1029.4129309612902,1028.8581405876532
2022-01-06,592,1157,592,947,1010.1446917063716,1002.9737938152341,1026.1810513157493,1027.2371873086897
2022-01-07,986,1023,673,1022,1010.2626549729749,1004.7858134518784,1026.0170885190532,1027.1334806293098
2022-01-10,1400,1773,1333,1333,1013.4739718389155,1036.0443074088423,1038.0556340673256,1033.1902433891255
2022-01-11,779,1188,509,521,1008.5737333131552,986.9924686080002,1017.7789425352737,1023.0478623319151
2022-01-12,431,1299,431,1048,1008.9660344742184,992.8027096929526,1018.9640820436944,1023.5419640679168
2022-01-13,636,1100,539,1098,1009.8519445789526,1002.8214992460047,1022.0635298066867,1025.0163806210273
2022-01-14,1597,1636,1128,1130,1011.047447617968,1014.9337374130519,1026.2963325593657,1027.0952641730862
2022-01-18,1618,1873,1602,1801,1018.9076720197793,1089.7971909927612,1056.6768685374298,1042.4201104270844
2022-01-19,567,1561,567,1560,1024.291675283264,1134.5784108982125,1076.4150305555697,1052.6692171513005
2022-01-20,620,1674,334,1674,1030.7564347331818,1185.9518955745732,1099.849735239665,1064.9727970096906
2022-01-21,1514,1763,900,1761,1038.0225398602147,1240.7183817103282,1125.7771966028154,1078.7555139005879
2022-01-24,1592,1953,906,915,1036.7984349859837,1209.6975834522018,1117.5114241870187,1075.512830457012
2022-01-25,1879,1931,1033,1295,1039.3676047871181,1217.8216231234207,1124.47176049341,1079.8591110420216
2022-01-26,255,1764,179,1537,1044.3191709086393,1248.2195637783332,1140.6493385132765,1088.9114058728726
2022-01-27,359,1707,312,1572,1049.5697264219862,1279.0557957994442,1157.5650507284422,1098.4775166476672
2022-01-28,1250,1660,484,486,1043.9620674526132,1203.5266723899733,1131.2291663861504,1086.3492489912778
2022-01-31,1087,1087,308,308,1036.6390618063185,1118.2384178766426,1098.9456696651248,1070.936392575609
2022-02-01,796,1317,565,566,1031.9560860669521,1065.644282840772,1078.0458394821787,1060.9376521285674
2022-02-02,1118,1440,1107,1158,1033.2102543647934,1074.440065427365,1081.1812967573874,1062.8596788190907
2022-02-03,1787,1787,1355,1714,1039.9842816845467,1135.3505353866635,1105.9977164923919,1075.7535465652475
2022-02-04,1329,1458,766,970,1039.28792067276,1119.6028653498383,1100.6644727083765,1073.659416930292
2022-02-07,814,1070,562,883,1037.7328169844739,1097.0692591260442,1092.1286110335382,1069.8839829316723
2022-02-08,750,793,543,571,1033.0887093527876,1046.9674249235638,1071.6921949145758,1060.00509218055
2022-02-09,289,487,289,455,1027.336582891566,990.5895749308435,1047.508187270867,1048.0247933254896
2022-02-10,1588,1608,716,1539,1032.4277611712519,1042.819139223144,1066.7823760053427,1057.7470746457768
2022-02-11,718,1524,449,1386,1035.945892900891,1075.5030307257018,1079.3007142012116,1064.2471325735833
2022-02-14,970,1647,970,1433,1039.8966800362057,1109.5503611327779,1093.171274428615,1071.5491695523242
2022-02-15,328,411,321,379,1033.3205936676861,1039.9741362629895,1065.1645577843558,1057.835324610694
2022-02-16,1015,1197,746,839,1031.3870554222365,1020.833742333181,1056.2953594398712,1053.5019518461258
2022-02-17,1693,1739,1501,1665,1037.6916618359455,1082.182909730021,1080.1661296579155,1065.6108240867966
2022-02-18,1143,1531,719,1414,1041.436023409717,1113.784537374781,1093.257653985056,1072.5096196494342
2022-02-22,1503,1767,1087,1599,1046.983923674297,1159.995533815278,1113.0906871621128,1082.935171735584
2022-02-23,452,1598,452,1579,1052.2776159760454,1199.9007210709658,1131.3616406067358,1092.75823764181
2022-02-24,1556,1698,794,818,1049.9464954190698,1163.529223826112,1119.0729488182365,1087.317480460784
2022-02-25,435,883,321,321,1042.693296459676,1083.2883453664822,1087.7759704332075,1072.1428768873031
2022-02-28,1173,1180,1173,1180,1044.0595323157986,1092.4989791411028,1091.3925990436699,1074.278661503396
2022-03-01,962,1621,962,1491,1048.5067011484773,1130.4514573181407,1107.0634775125457,1082.5305691963981
2022-03-02,507,575,367,396,1042.0140971569501,1060.5036994783177,1079.1786352571517,1068.9359044598357
2022-03-03,610,1568,610,1235,1043.934354896682,1077.122394766097,1085.2892770117733,1072.224302391324
2022-03-04,1607,1679,1366,1366,1047.138988181292,1104.6345476455162,1096.2975406583703,1078.0416429380305
2022-03-07,1189,1633,1189,1622,1052.8589982491399,1153.9074478697528,1116.91332337765,1088.813095553119
2022-03-08,747,1092,558,913,1051.4673664257652,1130.9638814059667,1108.9167224608793,1085.3316481164236
2022-03-09,284,448,284,420,1045.1841090483945,1063.2530355577794,1081.90038040359,1072.1567639953064
2022-03-10,1457,1573,1094,1118,1045.9086452767688,1068.4670321713243,1083.316051760312,1073.0645508468845
2022-03-11,515,1546,515,1546,1050.8846786570994,1113.946362440722,1101.4605203187311,1082.429609245956
2022-03-14,860,1543,860,1423,1054.5873186704616,1143.3800422082722,1114.069911678781,1089.1735773796995
2022-03-15,709,832,544,574,1049.8053553006064,1089.1533715217702,1092.8906994560837,1078.9721204018838
2022-03-16,245,912,240,372,1043.061023407068,1020.8530504244587,1064.620475948002,1064.9726724731336
2022-03-17,1265,1265,467,472,1037.3788241691866,968.581331336415,1041.3804572833744,1053.2306393548538
2022-03-18,1279,1279,694,723,1034.2506766650156,945.1926331138993,1028.8949491546146,1046.6914187735695
2022-03-21,825,1305,825,1172,1035.6213166981995,966.7933347220994,1034.506911932865,1049.1727768176572
2022-03-22,482,848,382,693,1032.2121493678692,940.7177790342804,1021.1144840139291,1042.1198505440402
2022-03-23,1405,1535,1213,1465,1036.5184961403281,990.6494191262536,1038.5217591506378,1050.4937148897027
2022-03-24,758,892,596,597,1032.1451777707725,953.1589982570866,1021.2071803604167,1041.5136413275304
2022-03-25,763,1032,763,799,1029.8253252556406,938.4771888992689,1012.4931732874592,1036.711391004213
2022-03-28,1261,1577,1125,1125,1030.7723369446392,956.2412661469575,1016.9052057075588,1038.4596802912583
2022-03-29,510,582,383,385,1024.3467415521552,901.8373360377235,992.1246094053016,1025.5198846419264
2022-03-30,1231,1514,1114,1437,1028.4527441237756,952.8052087960356,1009.5707031541133,1033.6680057381259
2022-03-31,1019,1529,802,1528,1033.4233635852306,1007.585665101175,1029.9012638147362,1043.456758099747
2022-04-01,503,954,503,595,1029.0609420570195,968.2917922343964,1012.8463122925897,1034.5764262561877
2022-04-04,1018,1195,999,999,1028.7618282057058,971.2163834501682,1012.3033196536646,1033.8719425679462
2022-04-05,811,1704,811,1693,1035.371163248435,1039.9576802644378,1038.997307118227,1046.9239833091751
2022-04-06,1573,1607,1366,1410,1039.0988133653661,1075.199805953539,1053.5464323292767,1054.1136074020628
2022-04-07,1125,1595,1007,1159,1040.2918599985467,1083.1807768151068,1057.6818663555796,1056.1905656713288
2022-04-08,984,1248,611,1028,1040.1695529338845,1077.9254647374776,1056.5178715965374,1055.6323366481342
2022-04-11,1100,1375,866,1332,1043.073338476831,1102.1230395243845,1067.3210923182419,1061.104963645201
2022-04-12,396,1127,235,1022,1042.8636535168625,1094.4922738553955,1065.5437945802717,1060.3306079294543
2022-04-13,647,699,324,332,1035.7903833326152,1021.8739620596435,1036.7773712633982,1045.9082196536235
2022-04-14,609,1269,609,1268,1038.1009267820418,1045.3145371015823,1045.8449253315002,1050.3060766901854
2022-04-18,1150,1438,1033,1299,1040.6969374608275,1069.475057377622,1055.7725753185002,1055.2307088349341
2022-04-19,712,712,399,480,1035.117863456242,1013.3345757226105,1033.1932586393434,1043.840001729292
2022-04-20,720,763,536,728,1032.061964317374,986.159854225219,1021.2248955554476,1037.585744269306
2022-04-21,387,1735,387,1734,1039.0464223838678,1057.3827252513886,1049.1768604356262,1051.3761255709037
2022-04-22,1380,1873,1320,1872,1047.3345176835307,1134.9653228464945,1081.4444345361899,1067.6261032823709
2022-04-25,1712,1775,1045,1045,1047.3112886518538,1126.397196861114,1080.0152410249668,1067.178061633215
2022-04-26,1566,1870,1525,1869,1055.487295729945,1197.1212733505317,1110.9558198083014,1083.055723779092
2022-04-27,751,1050,528,1043,1055.3630440311395,1182.4430568409573,1108.290885698172,1082.262541130001
2022-04-28,449,1390,343,381,1048.6529639910286,1106.1151466656281,1079.769674494322,1068.3761541769315
2022-04-29,1066,1863,900,1863,1056.7559195732074,1178.1994184117589,1110.4845892200349,1084.1112798367942
2022-05-02,1051,1610,617,974,1055.9324775874043,1158.7518547534962,1105.1322523878766,1081.9308584538874
2022-05-03,929,929,511,651,1051.9032987059375,1110.3945352531632,1087.323144451097,1073.3975741280678
2022-05-04,963,1330,286,287,1044.292320609361,1031.9760080861952,1055.9379231000737,1057.825344937413
2022-05-05,1718,1969,1718,1935,1053.1550835883722,1117.978293030367,1090.4109457236002,1075.1951400871674
2022-05-06,1764,1764,1328,1486,1057.4619981795327,1153.0279794084272,1105.9242419697334,1083.3298897884115
2022-05-09,1883,1917,1707,1882,1065.666356406602,1222.453886131434,1136.3585854219007,1099.1451394955716
2022-05-10,212,1740,212,1296,1067.9582334572826,1229.4582779284403,1142.6190330524144,1103.0432555451641
2022-05-11,498,1534,406,1524,1072.4959624776081,1257.5098705066841,1157.5751494033,1111.3790326630817
2022-05-12,1203,1405,682,879,1070.570629517632,1221.4613114108095,1146.6506337404255,1106.7774676598524
2022-05-13,177,380,154,247,1062.3758968856157,1128.6554722288276,1111.370216730997,1089.7521712705484
2022-05-16,1255,1255,790,1072,1062.4716591056592,1123.2597129689393,1109.8262866631148,1089.400643126577
2022-05-17,227,429,227,247,1054.3575132439114,1039.8064069718976,1075.989961695934,1072.7194422725854
2022-05-18,1535,1902,1476,1882,1062.5927618683502,1120.0153205936217,1107.5981984921718,1088.744799851346
2022-05-19,1339,1339,725,1061,1062.5769134915506,1114.3948138704197,1105.7708181591454,1088.1953978740917
2022-05-20,703,1774,703,1096,1062.9094815165104,1112.6429268351417,1105.387648819571,1088.3499444508423
2022-05-23,446,841,424,521,1057.5173473720674,1056.295981422271,1082.4704861207642,1077.115292085479
2022-05-24,1634,1865,1301,1302,1059.9500105822956,1079.6963641439595,1091.079486665048,1081.5684546184398
2022-05-25,1042,1042,340,458,1053.960458238193,1020.4871866064395,1066.2528401291638,1069.2205644279757
2022-05-26,233,356,208,356,1047.0155780567186,957.2026926439215,1038.399787575079,1055.0973849343525
2022-05-27,383,383,270,272,1039.3039802651094,891.9452933445004,1008.3448939446838,1039.5905060247612
2022-05-31,1547,1587,1237,1447,1043.360657078392,944.80764635931,1025.547054966461,1047.658020756944
2022-06-01,613,1681,613,1300,1045.9142823810946,978.6354895631852,1036.3099155560117,1052.6548916330441
2022-06-02,878,878,369,369,1039.1788168847654,920.5749667476438,1010.1408992596974,1039.1171710066471
2022-06-03,1629,1719,1490,1554,1044.3014157217328,980.9011603907253,1031.4687071318663,1049.312870590674
2022-06-06,341,844,341,798,1041.8506553662928,963.4820022582753,1022.3130715580676,1044.3363781037299
2022-06-07,1651,1651,582,582,1037.275026954688,927.1503829955824,1005.0458922812807,1035.1812022996955
2022-06-08,1591,1636,1274,1592,1042.7946784277756,990.4693941388603,1028.0637004271127,1046.2073171056422
2022-06-09,1629,1805,1366,1803,1050.3589104832206,1067.8532613637308,1058.4533592338926,1061.1933108263227
2022-06-10,1575,1883,1575,1772,1057.5394188366213,1134.914855519566,1086.4355804404065,1075.26869080996
2022-06-13,1956,2036,1956,2031,1067.2255937735704,1220.2562978510357,1123.47732238392,1094.1940632691687
2022-06-14,595,1455,595,1272,1069.2631500544303,1225.1842694842703,1129.3017411139624,1097.714972907403
2022-06-15,216,647,211,519,1063.787894830008,1157.9286247714826,1105.36833950165,1086.255270473593
2022-06-16,1978,1996,1935,1960,1072.7054282147842,1234.3163747932463,1138.8833065800168,1103.5571463057993
2022-06-17,520,1133,520,809,1070.0814936056818,1193.8100533843656,1125.946706321977,1097.7243315274666
2022-06-21,327,508,327,502,1064.4289414305008,1127.9233816334736,1101.4782080348407,1085.927810111081
2022-06-22,1163,1289,906,1180,1065.578902212287,1132.8830595731429,1104.5574939942587,1087.7906257524457
2022-06-23,568,1200,568,904,1063.971151941518,1111.0846729471293,1096.692494229778,1084.1512074207142
2022-06-24,233,308,168,308,1056.4490509271745,1034.600418380736,1065.7633768090025,1068.7818765807
2022-06-27,917,1051,648,909,1054.9818961915807,1022.6384737730469,1059.6157934047278,1065.6178790246465
2022-06-28,265,1591,265,1586,1060.2656584185302,1076.2919524613283,1080.2583113104247,1075.922475479604
2022-06-29,1556,1738,1500,1512,1064.7605274889925,1117.7879569888207,1097.189357925702,1084.5576739849582
2022-06-30,1839,1841,1079,1332,1067.4196267179577,1138.1891039422665,1106.397618399204,1089.45752202486
2022-07-01,926,1280,490,490,1061.674157795391,1076.4568083287172,1082.2251627757057,1077.5870760441699
2022-07-05,1663,1908,1178,1178,1062.8316288621036,1086.127588487887,1085.9810387452858,1079.5754507759684
2022-07-06,492,1684,492,1372,1065.9079310624807,1113.3535324414215,1097.197468598412,1085.3660359091175
2022-07-07,257,381,248,364,1058.923772544446,1041.9865293517623,1068.4446266925918,1071.081559950521
2022-07-08,1543,1543,767,1203,1060.3573668474862,1057.3211456039755,1073.7213079987646,1073.6938062881345
2022-07-11,1475,1745,1463,1631,1066.0354029982575,1111.9572269750254,1095.5753743517541,1084.7295725002507
2022-07-12,758,1285,685,1149,1066.8609213763843,1115.485110120261,1097.6704577105088,1086.002254232919
2022-07-13,1500,1500,927,1144,1067.6284743975148,1118.2008139183313,1099.4873025061752,1087.1507244461286
2022-07-14,1717,1912,1610,1610,1073.0252059955494,1165.038831640395,1119.5074082902468,1097.5041754471954
2022-07-15,746,746,247,256,1064.8956019557927,1078.4637048175002,1085.6443726710213,1080.840726428439
2022-07-18,216,938,216,908,1063.334451687576,1062.2290662634525,1078.6779266839224,1077.4181377862917
2022-07-19,152,193,149,184,1054.584855153371,978.5882028097903,1043.5925177943568,1059.726689513296
2022-07-20,920,1109,606,675,1050.8078914205018,949.6750406374293,1029.1379092534016,1052.1083392259038
2022-07-21,1031,1586,792,796,1048.2724895158203,935.0393224814837,1019.9952461454251,1047.0368869640047
2022-07-22,670,1671,670,1429,1052.060822953474,982.0831965308662,1036.034648257369,1054.6005129647174
2022-07-25,980,980,642,717,1048.7268844166235,956.8371778136409,1023.5234855806095,1047.9153542921488
2022-07-26,1316,1476,1147,1307,1051.2967661637217,990.1860180218656,1034.640211636272,1053.0457433160666
2022-07-27,411,703,260,288,1043.7017734655751,923.3111591626403,1005.3602033368103,1037.8963226563426
2022-07-28,330,1253,330,530,1038.5903130330819,885.8529535281031,986.7186267353668,1027.8389697324546
2022-07-29,1009,1009,577,660,1034.823245241708,864.3431484301885,973.906131569274,1020.5550297377525
2022-08-01,1667,1667,943,1107,1035.5414219059696,887.4533247701705,979.1254989587142,1022.2668113271039
2022-08-02,1034,1374,838,1311,1038.2823032800395,927.7911033634877,992.1401852740587,1027.9843002117157
2022-08-03,594,825,563,660,1034.5183002623278,902.2871887574412,979.1150799691936,1020.6974823857411
2022-08-04,1010,1178,996,1106,1035.229560956235,921.6884088757802,984.090959186088,1022.3866411503799
2022-08-05,1161,1239,875,875,1033.6352369666208,917.2418937447535,979.812882355261,1019.4680938008675
2022-08-08,308,725,301,629,1029.6090157032713,889.7902848166817,966.0555144197606,1011.7360523394641
2022-08-09,1133,1385,1133,1272,1032.0208662932885,926.1912100722359,978.0533373836915,1016.8897938772965
2022-08-10,226,348,226,279,1024.5281213550468,864.5539519701182,950.6394810157036,1002.2781147906173
2022-08-11,296,726,230,726,1021.5576922868373,851.3583374967736,941.8300896033231,996.8072610323873
2022-08-12,611,656,303,304,1014.4178147516449,799.2289720208904,916.8171449129967,983.0883053683796
2022-08-15,1549,1549,986,1019,1014.4634086347131,820.159546114139,920.8243157007223,983.7994280343522
2022-08-16,1188,1188,665,801,1012.3393946184473,818.3348274366019,916.125322928145,980.1796373802066
2022-08-17,1711,1723,1409,1553,1017.7191021346816,888.3029391093065,941.1008004603747,991.5226148578263
2022-08-18,913,1086,682,735,1014.9059767403066,873.7026591941345,933.0184161285953,986.4429591180674
2022-08-19,1696,1816,1696,1758,1022.2999471210001,957.921453556598,965.3706351039444,1001.7213163632542
2022-08-22,1780,1782,1643,1667,1028.7148730202937,1025.4527436940648,992.8855121586918,1014.8951516827938
2022-08-23,532,937,459,933,1027.7624862240718,1016.6477204851062,990.5370607014881,1013.2734655108572
2022-08-24,829,840,462,683,1024.3320137243297,984.8717471055722,978.4767838112338,1006.7333968868799
2022-08-25,512,512,275,277,1016.8958742842866,917.4553902383749,950.9678903284403,992.2832306118921
2022-08-26,1423,1845,1423,1840,1025.0859650874281,1005.316781644244,985.8318946292858,1009.0697012928448
2022-08-29,1635,1635,1011,1324,1028.0602340915334,1035.6675643447923,999.0933889575491,1015.3059448316003
2022-08-30,747,1747,747,1653,1034.2785402199759,1094.461129645288,1024.7367854690178,1027.9335498844398
2022-08-31,966,1430,716,1428,1038.1961666854488,1126.2267363457368,1040.5510291761152,1035.8556578075202
2022-09-01,1686,1790,1374,1375,1041.5474486089768,1149.9194281223333,1053.6666750907773,1042.5713873558861
2022-09-02,329,1333,238,1268,1043.8007078267979,1161.1651968725873,1062.07190351859,1047.035320279532
2022-09-06,630,1464,630,1309,1046.4395067538944,1175.2447019323408,1071.755358282567,1052.2227396799374
2022-09-07,1052,1052,339,342,1039.4301584279851,1095.8880636530703,1043.1375010950153,1038.158923052612
2022-09-08,1284,1284,744,745,1036.5005051102937,1062.4701528289684,1031.445834385407,1032.3537958634513
2022-09-09,251,251,129,210,1028.2766194873057,981.2825192262095,999.2322722526459,1016.0695622819968
2022-09-12,401,430,323,336,1021.3882949152927,919.8270412046658,973.2231635368558,1002.6028382764127
2022-09-13,1776,1898,1776,1896,1030.0908989459863,1012.795894423269,1009.4104904569791,1020.2938711818304
2022-09-14,1105,1303,899,985,1029.6422332848322,1010.1486663829577,1008.4532163214113,1019.5949826435763
2022-09-15,736,1480,627,1364,1032.969176237222,1043.8487933941046,1022.3962274460619,1026.4148839773668
2022-09-16,1805,1815,1456,1456,1037.1784381652099,1083.1012892613328,1039.400296957981,1034.921519938211
2022-09-19,1473,1473,563,563,1032.4602447506306,1033.567833141206,1020.7179323713935,1025.5765393453753
2022-09-20,1718,1811,1654,1720,1039.3014363451516,1098.9423252229958,1048.1407585529075,1039.3274989622985
2022-09-21,542,1648,503,1648,1045.3581384710706,1151.2335323446152,1071.664650374362,1051.3804197749262
2022-09-22,1146,1671,1146,1630,1051.1754704265823,1196.8303387879853,1093.5601542812499,1062.8382332447295
2022-09-23,1857,1919,1786,1786,1058.4871572880093,1252.9417350938913,1120.7146580349263,1077.1582682299825
2022-09-26,963,1708,876,1687,1064.7410164194719,1294.2806174659017,1142.9219263472821,1089.2343421264184
2022-09-27,149,1218,149,994,1064.0371257088304,1265.6824634215302,1137.0818508042514,1087.3485135694596
2022-09-28,496,496,140,164,1055.0815324181954,1160.7603240480512,1098.9217782236926,1069.064384587886
2022-09-29,1844,1888,1720,1720,1061.6976365732382,1214.0212455672845,1123.2777869208028,1081.9541987544626
2022-09-30,954,1245,331,1243,1063.501640189425,1216.781126941829,1127.9727756690065,1085.1432245217009
2022-10-03,452,452,149,199,1054.8996338193808,1119.849591042607,1091.5424707408101,1067.5958339371127
2022-10-04,73,138,65,113,1045.5274981594864,1023.959153800454,1053.1682562019548,1048.6929461363777
2022-10-05,1675,1805,1196,1354,1048.5968762872528,1055.3916153432679,1064.9655794881526,1054.7386303713008
2022-10-06,1032,1503,856,1417,1052.2625790107627,1089.8305091200996,1078.770850880774,1061.912122839196
2022-10-07,1639,1837,1636,1781,1059.513697627571,1155.6561749181853,1106.3092488854497,1076.1514867433702
2022-10-10,872,1427,872,1227,1061.180227999436,1162.4508249259773,1111.0422195173928,1079.1385860157789
2022-10-11,1461,1542,531,1046,1061.0291809546654,1151.3602701711222,1108.491544242201,1078.482376391704
2022-10-12,1398,1398,892,1175,1062.1632189551165,1153.6116730119677,1111.0997189778009,1080.3936164631555
2022-10-13,1673,1673,244,304,1054.6193063286973,1072.6962755822565,1079.4487496061224,1065.019485444083
2022-10-14,723,1760,723,1756,1061.598218703536,1137.7728207648988,1105.980171190196,1078.7022679105369
2022-10-17,81,169,81,160,1052.6270921492721,1044.6515997396705,1068.8829095748943,1060.5101437934966
2022-10-18,153,580,153,381,1045.9442355109709,981.4466854787495,1041.9071091994083,1047.054497381744
2022-10-19,1433,1694,1294,1519,1050.6512580432,1032.642239242678,1060.6166343288432,1056.3999528791353
2022-10-20,723,1451,377,1343,1053.5602007492378,1062.2001212195657,1071.6904918061434,1062.0752013369743
2022-10-21,848,883,306,306,1046.1217907915338,990.1810620557976,1041.6634136960986,1047.1034151718857
2022-10-24,810,1075,694,753,1043.2051560572897,967.592389479055,1030.3432798256633,1041.279585168482
2022-10-25,338,338,220,225,1035.0638112208987,896.869304766764,998.7611904207354,1025.115632986928
2022-10-26,547,825,301,824,1032.963673795815,889.9293709794531,991.907810404236,1021.1331452050085
2022-10-27,591,846,348,828,1030.9242342555583,884.0313356480766,985.4800531334816,1017.3087264880777
2022-10-28,660,1024,396,396,1024.6065801833638,837.5521608244503,962.3631883047177,1005.0055833893039
2022-10-31,1282,1282,799,1060,1024.9587535148726,858.7376693173599,966.1920828810033,1006.0945817380306
2022-11-01,257,810,257,762,1022.3422485047744,849.5245579538018,958.1845502190032,1001.2610256640102
2022-11-02,1474,1767,748,1759,1029.6721763803487,936.1412667201064,989.5890776613952,1016.2657578290792
2022-11-03,1589,1589,887,1090,1030.2724532322854,950.7944794134296,993.5267608903602,1017.7258418324639
2022-11-04,223,809,223,460,1024.598100463805,904.052148040722,972.6041428162284,1006.6817657565734
2022-11-07,443,1013,443,712,1021.4876716034686,885.761467274939,962.3843725097097,1000.8464832663443
2022-11-08,758,1338,468,879,1020.0698838263196,885.1175180106592,959.1143971171721,998.4336816175058
2022-11-09,1632,1726,1235,1725,1027.084113837998,965.1063258191679,989.1491266419889,1012.8211334666642
2022-11-10,106,202,105,171,1018.5658639490628,889.4771519316281,957.0648471658325,996.1514080514827
2022-11-11,503,717,439,668,1015.0776463973308,868.3840898429016,945.728970806388,989.6533603672949
2022-11-14,1274,1404,903,1404,1018.9475205625315,919.3951289054825,963.7003837159415,997.8582443204177
2022-11-15,226,603,190,480,1013.5848586663869,877.547973771627,944.7317412172771,987.6036256210035
2022-11-16,1370,1542,1370,1494,1018.3651088289105,936.2576905552816,966.2716729342466,997.6312765988055
2022-11-17,1765,1765,1252,1254,1020.7097346117074,966.5188628833499,977.5551367407467,1002.7078849829876
2022-11-18,463,995,463,763,1018.1454586454217,947.1361140373166,969.141209809737,997.9611941912452
2022-11-21,1300,1383,1068,1117,1019.1290859225817,963.3136269861436,974.9395937387669,1000.3183982666661
2022-11-22,522,629,433,434,1013.306905963153,912.9028053684157,953.7262763372466,989.1041725584153
2022-11-23,1095,1127,716,819,1011.3735039137683,903.9596810476141,948.4428929514722,985.7357731018129
2022-11-25,848,848,537,676,1008.0364541235816,882.2492352335556,937.7588579337674,979.6023914562325
2022-11-28,1534,1749,1523,1718,1015.1007680128993,961.8445461636932,968.3565497795021,994.2241262788813
2022-11-29,856,856,436,706,1012.0251384804326,937.4783989100081,958.0680576312863,988.5167178377153
2022-11-30,862,1362,208,208,1004.0248883462989,868.0042656804835,928.6536239986868,973.0609412468694
2022-12-01,505,1075,505,993,1003.9151879647437,879.9086213299613,931.177011292856,973.4557740934661
2022-12-02,1591,1591,749,851,1002.3936438058905,877.1554192985365,928.0328147715676,971.030907279734
2022-12-05,1471,1785,1471,1751,1009.8424632705086,960.3787126986758,960.3060377217022,986.4758398088483
2022-12-06,970,1638,970,1460,1014.3216427404537,1007.9616924416591,979.9018793796746,995.8525558522374
2022-12-07,1106,1154,695,1154,1015.7114771410462,1021.8701026853106,986.7292566589031,998.9841884096188
2022-12-08,639,821,296,708,1012.6496713983493,991.9777119533762,975.7986975742402,993.2221252727946
2022-12-09,1220,1358,810,1357,1016.0760428272214,1026.741739386388,990.7477682576034,1000.4256475446205
2022-12-12,916,1077,557,562,1011.557873246851,982.4806213495891,973.934130286717,991.7439515536379
2022-12-13,97,791,97,634,1007.8010784881759,949.2919907448663,960.6033800793948,984.6599129090114
2022-12-14,812,1397,590,1228,1009.9921125330696,975.8356106739267,971.0895220370656,989.4785284949716
2022-12-15,1688,1801,1653,1697,1016.82801191085,1044.517933466886,999.5565996042395,1003.488854663388
2022-12-16,1558,1687,1403,1421,1020.8496237326326,1080.3733683748017,1016.0837917766223,1011.7564020957961
2022-12-19,940,1564,940,1426,1024.8809707601686,1113.2901904343444,1032.158937197147,1019.9592456186517
2022-12-20,1004,1136,487,770,1022.3448416978783,1080.5958865834543,1021.8781945619647,1015.0095575865992
2022-12-21,322,335,185,308,1015.2369328252627,1007.0153259564587,993.8829712458092,1001.0093683274586
2022-12-22,1667,1842,1546,1546,1020.518157374265,1058.3471996748913,1015.5346194322481,1011.8012620239446
2022-12-23,1282,1282,494,496,1015.2990712312375,1004.7903235153778,995.1607127878461,1001.5873756472328
2022-12-27,1047,1247,779,935,1014.5000754975933,998.1436260377228,992.8014691491071,1000.2688137532282
2022-12-28,688,1680,688,1664,1020.9627613135377,1061.5585187960348,1019.1229801628676,1013.4120055600949
2022-12-29,252,252,104,171,1012.5054204049453,976.743421767841,985.8632554505983,996.7305797074198
2022-12-30,1550,1661,1110,1174,1014.1123316446971,995.5297625518562,993.2411670015553,1000.240865257768
2023-01-03,393,1243,393,936,1013.3350945139041,989.8602613564412,990.9964153544354,998.96876891603
2023-01-04,340,516,241,391,1007.1427055137657,932.8259507510659,967.4671441640654,986.9297833929403
2023-01-05,1552,1552,1191,1289,1009.9472557076585,966.7472887747739,980.0762757654746,992.9113718406048
2023-01-06,249,563,211,248,1002.365690974249,898.2951660343192,951.3674022060443,978.1606516061374
2023-01-09,483,835,341,835,1000.7003607157988,892.2670549834316,946.8039746685523,975.3257872178971
2023-01-10,768,1080,491,492,995.6386655842982,854.1463830802477,928.9685246815502,965.7549795502159
2023-01-11,425,593,322,449,990.1994748819669,815.5610132630812,910.1462295959992,955.5222076779344
2023-01-12,701,726,419,486,985.1825646841364,784.1742500951688,893.5130441216463,946.2247382189654
2023-01-13,1484,1484,711,725,982.5936834434982,778.5386072289622,886.9046894502092,941.8440503334414
2023-01-17,848,1047,722,1028,983.045487588339,802.2968351119182,892.4378388835343,943.5501087426802
2023-01-18,413,1568,413,1567,988.8559802491516,875.1257079584021,918.8912569665329,955.8956511438153
2023-01-19,1509,1553,1153,1277,991.7230849232893,913.3994500576019,932.9347370854923,962.2541531013635
2023-01-20,876,876,301,303,984.8701189041522,855.2661690997351,908.2314140625318,949.199615416188
2023-01-23,860,860,343,520,980.2445455817228,823.3360577569032,893.0066527267462,940.7006131307189
2023-01-24,1231,1336,920,1091,981.3465899042927,848.8278617800553,900.7710977178542,943.676838613279
2023-01-25,1661,1661,783,783,979.3729919947973,842.5585416105262,896.1526232975463,940.4951190367784
2023-01-26,808,1050,603,604,975.6379373480829,819.8386805047618,884.6956576780346,933.8318493528818
2023-01-27,1216,1216,631,821,974.0992514043209,819.9492823614511,882.1977887494843,931.5975553062901
2023-01-30,1545,1545,943,1527,979.6007513903476,887.2874459460747,907.4841499749947,943.3877027259675
2023-01-31,588,588,196,196,971.8037289884536,821.4505463321628,879.582810760289,928.5879462363445
2023-02-01,925,1276,389,525,967.3579207398122,793.217160967195,865.6776024951796,920.5961057168129
2023-02-02,436,764,436,650,964.2001304836947,779.5774313512717,857.2196572992902,915.2377669897472
2023-02-03,1271,1375,1052,1363,968.1682883893295,835.1414855082934,877.0541805424554,924.1043458612373
2023-02-06,1453,1660,1450,1463,973.0919870123213,894.9375345075035,900.032447972163,934.775546933292
2023-02-07,1343,1489,592,664,970.0164448529947,872.943483602027,890.7762735418821,929.413654914811
2023-02-08,1336,1580,1177,1482,975.1108085858008,930.9488661161196,913.9615177167103,940.3559587778841
2023-02-09,279,1600,279,1535,980.6818453162904,988.477545533632,938.3159680023296,952.1310883070349
2023-02-10,1154,1154,795,822,979.1029214822975,972.6225411970956,933.7545574924343,949.5542350732322
2023-02-13,962,962,392,415,973.4899570894388,919.5156325116579,913.4112415123388,938.9690026955444
2023-02-14,1213,1512,573,1021,973.9626938348175,929.1808103676905,917.630408511855,940.5933788797911
2023-02-15,1509,1509,663,664,970.8784879260133,903.9254950945771,907.6841179819783,935.1162822683101
2023-02-16,1657,1657,1010,1419,975.3374084441625,952.9802098474745,927.7357211983713,944.6981380649772
2023-02-17,1449,1449,1022,1044,976.0206183103898,961.6487612905721,932.2951046807881,946.664511568641
2023-02-21,1570,1761,1570,1750,983.7219056903858,1036.729831643851,964.3619633207571,962.5721450029254
2023-02-22,533,1040,476,944,983.3266628476954,1027.8984191063414,963.5634549552373,962.2043797553426
2023-02-23,309,1299,309,693,980.4378403317979,996.0033315724041,952.9531233883652,956.8735999582071
2023-02-24,1768,1768,1406,1408,984.6921901792427,1035.2411095178895,970.7980989417626,965.8067959986387
2023-02-27,280,924,219,863,983.4813226152702,1018.8371943257096,966.5707225126739,963.7710178600518
2023-02-28,988,1102,598,1102,984.6606129375064,1026.7574615327849,971.8816745710004,966.5082254271795
2023-03-01,735,1137,735,997,984.7833929082774,1023.9234175772815,972.8667069407651,967.112022943473
2023-03-02,1579,1579,724,724,982.1885332773493,995.3592825699213,963.1072282372056,962.2979234792458
2023-03-03,490,754,266,330,975.6990951352861,931.9917318489764,938.2794937965309,949.7771725192607
2023-03-06,910,1444,906,1406,979.9806961787161,977.1353764347882,956.6214744319611,958.8112879149189
2023-03-07,1010,1637,1010,1598,986.1301419878831,1036.265340583856,981.773573473845,971.4684901344255
2023-03-08,741,1214,589,885,985.1238719183519,1021.8591176711078,977.9785313768315,969.7562428050309
2023-03-09,707,1778,707,1777,993.0032363768757,1093.7772969405262,1009.3127066169558,985.7412676999808
2023-03-10,1145,1807,1145,1752,1000.5554429800909,1156.4651734223808,1038.4376985143301,1000.9147079435455
2023-03-13,1382,1413,1132,1383,1004.3608614579009,1178.0399188107253,1051.9499456314152,1008.480753330802
2023-03-14,147,730,147,461,998.9542857220014,1109.7504027335135,1028.775437959595,997.6395502945485
2023-03-15,1747,1778,1541,1543,1004.3676759138223,1151.0122691398456,1048.9411070592187,1008.438767120399
2023-03-16,1488,1488,386,454,998.8913806310977,1084.630148269384,1025.6100832529748,997.4597816328663
2023-03-17,1558,1774,1558,1709,1005.9571380377535,1144.0939436723,1052.4096878312896,1011.549686947067
2023-03-20,371,585,324,541,1001.3306988532981,1086.656425227319,1032.3544059555527,1002.2318713639568
2023-03-21,155,413,155,345,994.8000451333648,1016.0224799675743,1005.3993312121977,989.2173788617002
2023-03-22,1190,1705,935,1704,1001.8567611021871,1081.544148542091,1032.7954358705429,1003.3714901713695
2023-03-23,304,1402,218,1233,1004.1566938275384,1095.9685153476062,1040.6465952481685,1007.9185893758968
2023-03-24,1380,1545,641,642,1000.5531446352246,1052.7334186478342,1025.013395434515,1000.6726767149879
2023-03-27,235,594,235,427,994.8461481711926,993.1397597289929,1001.5618897312006,989.3128217305327
2023-03-28,1220,1220,490,715,992.0616093834195,966.6502588024222,990.3241685652712,983.8808846665618
2023-03-29,266,528,251,369,985.8619913796044,909.7311865355248,965.9585148960449,971.7050255642536
2023-03-30,230,823,230,671,982.7290362414989,886.994883055951,954.3915143118862,965.7504706025852
2023-03-31,247,410,237,258,975.5178020500412,827.0906084791939,927.0820431624005,951.7356097985736
2023-04-03,769,1310,704,980,975.5624010346179,841.6534076716516,929.1572571560318,952.2953006936514
2023-04-04,1303,1615,1303,1473,980.5120288850197,901.7816545600657,950.4844235420699,962.6062848383316
2023-04-05,1343,1521,1272,1274,983.4323072045718,937.2310207924404,963.1713088933612,968.7724970197507
2023-04-06,1007,1234,826,922,982.8210404662178,935.7804473836366,961.5567477602882,967.8463089599537
2023-04-10,1355,1355,549,549,978.5044131978973,898.9442142994807,945.3780517696887,959.552322643915
2023-04-11,453,513,297,481,973.5541205292615,859.1400034138159,927.1671477787205,950.0760390272038
2023-04-12,470,1164,470,1143,975.2401491807116,886.1742888029762,935.6311811991628,953.8963154821107
2023-04-13,470,1164,470,521,970.7203467013015,851.3957851074547,919.371134877627,945.3241112151383
2023-04-14,768,1531,515,1263,973.628601958005,890.5961865257923,932.8467766471318,951.6147228742444
2023-04-17,843,970,619,619,970.0999591524527,864.7298830471454,920.5390599158718,945.0282927183188
2023-04-18,857,1242,857,1066,971.0541884146173,883.898465614084,926.2434105074062,947.4237720704313
2023-04-19,1437,1453,936,1006,971.4019079328798,895.5271831746475,929.3711198992727,948.5836973759673
2023-04-20,1440,1440,1129,1271,974.3829834758362,931.2864990627763,942.7683308836149,954.9681786160471
2023-04-21,836,1390,836,1071,975.3443468243354,944.5925467710833,947.7970237901399,957.2658384454323
2023-04-24,974,1125,692,910,974.6941543186206,941.2980185071706,946.3147875630756,956.329881248493
2023-04-25,1562,1727,1556,1703,981.9409786537586,1013.8410643636305,975.9887174625628,971.1154281544635
2023-04-26,1021,1455,969,1399,986.090819662179,1050.5228677575703,992.577395209129,979.5883899731871
2023-04-27,432,827,350,353,979.7914085212618,984.0921184473256,967.4959287303396,967.180699082629
2023-04-28,980,980,416,520,975.216369630503,939.8928690713898,949.9470687801303,958.325635734458
2023-05-01,895,1120,563,1057,976.0301370968662,951.0459291598288,954.1452229456154,960.2795835416965
2023-05-02,1735,1787,1561,1577,982.0099367277431,1010.6606025731785,978.5709004771599,972.4918690161184
2023-05-03,484,1143,484,1142,983.6018776558253,1023.1691166138281,984.9798847721731,975.8484656692646
2023-05-04,1124,1517,1124,1353,987.27748086323,1054.5815816982254,999.4120461536565,983.3168128837345
2023-05-05,227,321,227,256,980.0010880188198,978.526192965061,970.2586325790033,968.9144997573239
2023-05-08,613,1066,613,979,979.9911269440057,978.571317444579,970.6014313013953,969.1142126334165
2023-05-09,1502,1502,970,1102,981.2051455813788,990.3264300689048,975.7543163483995,971.7456143634479
2023-05-10,289,1245,289,907,980.4667859238526,982.390579586152,973.0580686484623,970.4635229899143
2023-05-11,1527,1565,1318,1319,983.8352756161526,1014.448619625566,986.6244188975422,977.3652354059556
2023-05-12,525,1419,525,1098,984.971243022957,1022.4058939469408,990.9920887446974,979.7540426256396
2023-05-15,699,799,429,557,980.7128226943703,978.0815230948511,973.9727911468661,971.3826754449339
2023-05-16,1431,1663,1431,1627,987.1435408765159,1039.8832828001034,999.5817012979694,984.365196723252
2023-05-17,376,759,321,380,981.102311614063,977.0372558667602,975.2843796784412,972.3975690653658
2023-05-18,1390,1390,661,688,978.1858707024802,949.509898165164,964.0183255734042,966.7659340343685
2023-05-19,411,1302,411,1191,980.3034242278287,972.5089554827674,972.9195677077805,971.2062125683414
2023-05-22,597,926,518,700,977.5143354295419,946.5557216272657,962.2168395623773,965.8357925174831
2023-05-23,1101,1163,622,1162,979.3500136839743,967.0742243294309,970.0514733050292,969.7202322696122
2023-05-24,1339,1635,1339,1519,984.7196652891089,1019.6385839171041,991.5788665087535,980.5970593533823
2023-05-25,1218,1541,1218,1340,988.2547929976749,1050.149194972618,1005.2424403711553,987.7139492671768
2023-05-26,661,823,477,595,984.3418099827727,1006.8016525942735,989.1545015330709,979.937435420302
2023-05-30,630,1239,630,1144,985.9304486894118,1019.8681618710093,995.22687402197,983.1861990753455
2023-05-31,1303,1584,1303,1307,989.1251705929998,1047.2140512166275,1007.4532711191476,989.598353549101
2023-06-01,916,1094,433,523,984.4871091940645,997.2889034817106,988.4551036242791,980.3587821916931
2023-06-02,175,233,162,169,976.3728096000937,918.4042460072619,956.3196093645034,964.2922716532437
2023-06-05,1195,1399,1165,1352,980.1103935841724,959.699079720856,971.8364874286406,971.9696524125854
2023-06-06,1319,1319,300,327,973.6117827027379,899.442024509346,946.5487820392821,959.1979761271878
2023-06-07,326,538,326,486,968.7599241683822,860.066593603694,928.488045488722,949.8277191741741
2023-06-08,982,1470,982,1100,970.0657955696919,882.9173942128659,935.2140044891643,952.8014277053786
2023-06-09,1083,1317,1006,1261,972.9606632754661,918.9252614306882,947.9899258817461,958.9043697310146
2023-06-12,1034,1034,713,866,971.8963780687451,913.8847603420512,944.7746346706972,957.0646792412916
2023-06-13,313,527,272,489,967.091438983484,873.4195450713796,926.9011195855718,947.7960717315631
2023-06-14,454,1365,454,1240,969.8069470533001,908.3319693502958,939.1795070528043,953.5822881329183
2023-06-15,767,891,397,397,964.1073754408294,859.6336865550295,917.9175655997532,942.5608566847417
2023-06-16,545,1283,545,1147,965.9272025508709,887.0019068831219,926.9011904781943,946.6091565523706
2023-06-20,1474,1524,1337,1386,970.1070313812105,934.5255347990151,944.9050653614023,955.3099653335117
2023-06-21,1496,1496,707,950,969.9069614172183,935.9992933895851,945.1048667197787,955.2048175051253
2023-06-22,1472,1568,1315,1342,973.6093797115743,974.6660273524817,960.6693817503756,962.8641280495783
2023-06-23,1674,1674,1423,1507,978.9167490676781,1025.3645009379597,982.0941118778119,973.6390958109728
2023-06-26,721,721,403,656,975.7036470869052,990.1869294200588,969.3061074904467,967.349212725607
2023-06-27,662,662,378,443,970.4031132850455,938.0738885229104,948.6666522947429,956.9660599983673
2023-06-28,1402,1402,994,995,970.6478584264878,943.4954229492998,950.4836463224001,957.7192073251323
2023-06-29,802,802,339,379,964.7608150590601,889.7339540969856,928.072522937208,946.2594210414663
2023-06-30,261,697,261,607,961.2010059539948,862.8069108496536,915.481443606337,939.5414127040116
2023-07-03,740,740,564,603,957.6368168400247,838.063395530639,903.2272693472651,932.8772263138331
2023-07-05,1604,1604,1277,1405,962.0881917968404,892.0573578610544,922.9046313336469,942.2261921294008
2023-07-06,1735,1842,1641,1642,968.8534834207525,963.480466636192,951.1044497127195,956.0830992159473
2023-07-07,539,539,273,531,964.496732341939,922.2918507660785,934.62976541026,947.6656121027602
2023-07-10,810,810,386,589,960.7604464479894,890.5497697407377,921.0756569627988,940.5633227541907
2023-07-11,335,580,335,370,954.8822330504969,840.9736011940008,899.4648468858263,929.2650391352959
2023-07-12,117,556,117,556,950.9132556072084,813.8332582231436,885.9956372040292,921.8736522217257
2023-07-13,674,674,443,545,946.87431774047,788.2300907733204,872.6232592744594,914.4108076232757
2023-07-14,1385,1643,1385,1463,952.0098966684255,852.4938916520518,895.7752883225198,925.2739599475673
2023-07-17,1242,1242,632,745,949.9500967015755,842.2563781613802,889.8625319177152,921.704178562467
2023-07-18,380,665,337,535,945.8212400179777,812.9938659555345,875.9463541954518,914.0466700760815
2023-07-19,622,877,487,719,943.5643122566048,804.0420691978645,869.7915952073948,910.1843597775452
2023-07-20,1159,1327,1048,1049,944.6134235774346,827.371395940925,876.819375787497,912.9331843364057
2023-07-21,742,1085,742,1077,945.9307029448232,851.145548708456,884.6695963448501,916.1820321713284
2023-07-24,400,848,400,702,943.5035317712429,836.941210736222,877.5060827626991,911.9408038115001
2023-07-25,962,1015,751,890,942.9711583207828,841.9944287613438,877.9960403014168,911.5063324488962
2023-07-26,543,868,543,710,940.6530373424665,829.4235307840729,871.4079602895965,907.5161080439675
2023-07-27,714,1523,714,1497,946.1888280156758,893.0022421379707,895.9409814547104,919.1890563995325
2023-07-28,294,638,292,538,942.1272476374104,859.1925047914973,881.9040802211923,911.6407582530071
2023-07-31,434,677,412,554,938.2652849743516,830.1265519542119,869.0450966831063,904.5587630400763
2023-08-01,1166,1487,1166,1202,940.8895109945073,865.5430708157155,882.1021517151413,910.4486885244312
2023-08-02,1569,1626,1439,1474,946.1940929746614,923.4913497856473,905.3138320400377,921.6081204348385
2023-08-03,1359,1359,947,1069,947.4160422982966,937.3493164727286,911.7328974502323,924.5267715153367
2023-08-04,609,1015,468,993,947.8696140167215,942.649381570564,914.9198426482624,925.8826770298845
2023-08-07,485,872,485,639,944.7962845240178,913.7303928495578,904.099456662056,920.2018319401838
2023-08-08,1676,1686,1246,1246,947.7933364193012,945.3751173400761,917.5073211066813,926.6532808126553
2023-08-09,937,1258,922,1124,949.5466365544326,962.3870109267356,925.6050732201447,930.5611366381473
2023-08-10,357,1223,265,1078,950.8247794742889,973.397771790856,931.5813448585704,933.4807180908573
2023-08-11,1149,1149,728,895,950.2693090317587,965.931317334584,930.1467823150971,932.7187236732166
2023-08-14,1591,1594,1206,1207,952.8238432702486,988.890239493195,941.0037712439168,938.1500360757271
2023-08-15,1617,1713,1576,1650,959.7609194566143,1051.8530738271766,968.807544920626,952.2460749653167
2023-08-16,656,1426,656,1423,964.3702635416231,1087.2004001293503,986.6190137472681,961.5679348669936
2023-08-17,466,1310,466,1307,967.7795146506617,1108.1336953551265,999.1829739924733,968.4081737805185
2023-08-18,1132,1132,638,721,965.3239970919486,1071.2638196070193,988.2738377574743,963.5090020224884
2023-08-21,942,1439,942,1178,967.440176225362,1081.4291701206364,995.7140794140439,967.7563485170926
2023-08-22,647,1177,647,1129,969.0477366609306,1085.9597253472425,1000.940978260552,970.9492921108135
2023-08-23,686,686,405,466,964.0422865449015,1026.9159419808384,979.9629006817069,960.9502962274311
2023-08-24,637,1470,637,1469,969.0667414051512,1069.019185601711,999.1408261451693,971.0106864011453
2023-08-25,418,1307,418,716,966.5486643762442,1035.3983107825004,988.0372643355548,965.9609698387465
2023-08-28,202,524,194,419,961.1004189595652,976.6937097555956,965.7220774988664,955.1300595449098
2023-08-29,811,850,290,307,954.5919570793706,912.9133564455389,939.8898391655775,942.2958009400602
2023-08-30,813,826,473,755,952.6059674566902,897.8739891650114,932.6392572375157,938.5869731986728
2023-08-31,755,1165,602,1141,954.4805349446833,921.0288473397723,940.8102667576131,942.5951519472139
2023-09-01,186,571,186,554,950.49565399996,886.0737190216987,925.6412366886872,934.9001984433087
2023-09-05,1523,1571,1438,1560,956.5603738606569,950.2571743529655,950.5180509361896,947.2784123355204
2023-09-06,728,1420,728,1188,958.8632557127896,972.8993482241117,959.8310685465351,952.0451764476884
2023-09-07,1183,1449,1183,1260,961.8596412280853,1000.242267440863,971.602399191769,958.143291765556
2023-09-08,1034,1059,758,947,961.7117841014376,995.171575303638,970.6375992234643,957.9226325226737
2023-09-11,223,837,223,809,960.1922638616223,977.4409490842438,964.298869842152,954.9736695024227
2023-09-12,760,984,717,942,960.0112463107604,974.0656206000301,963.424404358146,954.7167651558401
2023-09-13,1175,1339,1082,1259,962.9862587852801,1001.202228161932,975.0156041872383,960.7421757468136
2023-09-14,206,362,206,288,956.2699776033371,933.2782064322242,948.0738157877388,947.4205485043025
2023-09-15,1172,1454,1169,1320,959.889181806289,970.108853438679,962.6591563450824,954.7983594250094
2023-09-18,1216,1224,969,1135,961.6315780072215,985.8127721588048,969.4176208021379,958.3667087433261
2023-09-19,698,1304,698,1150,963.505890663866,1001.4496510008235,976.4992827314658,962.161427382072
2023-09-20,261,1231,247,1231,966.1675235925837,1023.311589000745,986.4797030165063,967.4849634735161
2023-09-21,1662,1662,1462,1599,972.4643641538515,1078.1390567149597,1010.5001068197805,979.9902117215653
2023-09-22,609,1106,594,1105,973.7831266995844,1080.6972417897255,1014.2059849837107,982.4656530736135
2023-09-25,1116,1123,696,806,972.1136428518273,1054.5355997145134,1006.0410443961142,978.9712837058191
2023-09-26,1113,1650,1113,1650,978.8587807338987,1111.246494979798,1031.294336772737,992.2589810581792
2023-09-27,488,1004,395,769,976.7706336619196,1078.6515906960076,1021.0082843502768,987.8380111362351
2023-09-28,703,703,338,501,972.0365975060796,1023.637153486864,1000.6158026110502,978.1976544800721
2023-09-29,455,1231,455,1136,973.6680741478101,1034.3383769643056,1005.9249868223816,981.3224534012587
2023-10-02,1457,1649,1386,1560,979.5022226637523,1084.4013886819907,1027.6534187117,992.7814147200456
2023-10-03,1629,1666,1552,1567,985.3479716919736,1130.3631611884678,1048.8042650367313,1004.1520797750942
2023-10-04,904,1362,738,743,982.9365490880733,1093.471431551471,1036.8119409176438,998.9807514627161
2023-10-05,1157,1309,810,967,982.7779764603313,1081.4265333084736,1034.0742177444029,998.3474692555336
2023-10-06,1376,1428,341,528,978.2528224657011,1028.7192444219522,1014.2281699897204,989.0336579831468
2023-10-09,1154,1217,546,658,975.0662272172862,993.4126497150996,1000.2584378332608,982.4785360428865
2023-10-10,439,478,212,478,970.1202946081589,944.325730694614,979.7777147809761,972.4888620618392
2023-10-11,439,1069,439,775,968.178799139421,928.1994706284603,971.7472161621143,968.5781915259612
2023-10-12,1438,1767,1438,1640,974.8635872076854,995.9899972352736,997.9532076851686,981.8736728818827
2023-10-13,649,1317,649,1214,977.2430540016388,1016.752854641438,1006.4256309132013,986.4702338149148
2023-10-16,496,496,226,287,970.3749639120703,947.2525827708249,978.2128610734679,972.6193380958075
2023-10-17,609,627,234,513,965.8239692462785,905.8951939355082,959.9692194627437,963.5179650642074
2023-10-18,1530,1646,1475,1631,972.4426362189523,974.9527945130789,986.2841520328321,976.7354311025399
2023-10-19,1258,1585,871,1547,978.159624913291,1029.4334807499285,1008.2730088158584,988.0277988034798
2023-10-20,1078,1500,1078,1499,983.3421162076862,1074.1541016308877,1027.51720454857,998.1460602133118
2023-10-23,1632,1632,785,1394,987.4282643051222,1104.6156157612793,1041.8890788799986,1005.984752090276
2023-10-24,406,797,327,656,984.1304706304444,1061.89031902211,1026.756173825881,999.0543609597754
2023-10-25,1347,1513,1182,1422,988.48738137044,1096.1864791152423,1042.2559317150622,1007.4295221288887
2023-10-26,812,1010,569,857,987.1790492175003,1073.4068144376001,1034.9909932164323,1004.4507197104949
2023-10-27,1250,1512,1121,1471,991.9931880312565,1111.2728321102097,1052.0893856393172,1013.6893193201881
2023-10-30,259,837,259,555,987.6449971055724,1058.2944671473326,1032.595684241697,1004.6063625019666
2023-10-31,804,845,540,573,983.5191762388503,1012.0759464666343,1014.5723240753559,996.0597018583633
2023-11-01,1293,1293,699,767,981.3647565747821,988.7353801364786,1004.8636054841655,991.5238661779996
2023-11-02,241,339,224,224,973.8287888476698,915.9034391710998,974.2415033083159,976.3253737784353
2023-11-03,214,345,201,336,967.4822337347576,860.6745402024236,949.2124247472055,963.6456634065851
2023-11-06,1323,1474,1323,1369,971.4774353891381,909.0864887545737,965.6746826002563,971.6724819529893
2023-11-07,1430,1430,1075,1179,973.5423365295447,934.7925374446143,974.040381321815,975.7779773598608
2023-11-08,868,1368,868,1243,976.2235073103453,964.1456291165557,984.5878173484105,981.0695025606556
2023-11-09,644,1389,644,1360,980.0421788793966,1001.8460453911695,999.3098637269042,988.5730767673753
2023-11-10,672,1060,470,488,975.1462368009946,952.9083267824867,979.2584965219276,978.6607386135659
2023-11-13,1335,1335,858,1040,975.7915478776017,961.2027718508214,981.6405162661657,979.8753774529011
2023-11-14,115,159,109,132,967.3956120778246,882.2310792936003,948.3212803341593,963.0857660181903
2023-11-15,605,841,370,841,966.1379442959557,878.3043098370669,944.1126026739962,960.668226097038
2023-11-16,1110,1475,1110,1382,970.2758751984835,926.2753279478223,961.2846574710944,969.011429540661
2023-11-17,377,600,362,462,965.2184038034737,882.0586300480297,941.704866982032,958.9715992527271
2023-11-20,949,991,641,695,962.5296634671207,864.2435224244078,932.0301663160699,953.7444388714849
2023-11-21,1390,1456,1203,1332,966.2059852236667,908.791758383988,947.7152578330868,961.2346480027427
2023-11-22,412,749,412,551,962.0745823856203,874.7163528236082,932.1577967415932,953.1111896264507
2023-11-24,619,619,378,433,956.8101586802907,832.6481287451693,912.5829811830994,942.8119581486992
2023-11-27,1509,1509,1107,1200,959.2299580964071,867.6340212456294,923.8542368229778,947.9047906606062
2023-11-28,1377,1377,767,1069,960.3221973193284,886.8117335079504,929.5462275358021,950.30271559802
2023-11-29,400,761,400,748,958.2095386395341,873.5915684119551,922.4267676324373,946.2967212297424
2023-11-30,1084,1084,604,705,955.6900407426233,857.5352285631975,913.9002277252829,941.518568334104
2023-12-01,860,860,201,226,948.4294433222987,797.3890163190835,886.9237482066443,927.3498838126366
2023-12-04,821,1025,793,794,946.8928319459574,797.0662528601231,883.279679649521,924.7092920539704
2023-12-05,1604,1604,1396,1541,952.8043460559478,867.9170859210637,909.0726333887554,936.9130684489413
2023-12-06,406,1016,327,1003,953.3038052991722,880.782125357153,912.7560595303729,938.2217205588632
2023-12-07,985,985,593,650,950.2858569877376,858.8028753231384,902.4519003331034,932.5143597557175
2023-12-08,674,674,674,674,947.5367439828844,841.2026014828396,893.4930022808248,927.395263522931
2023-12-11,908,1045,827,856,946.6259306099204,842.6118775320929,892.0226884658905,925.9814959284175
2023-12-12,1451,1451,952,1064,947.7938317978814,863.6964606242746,898.7668967613457,928.7145356130034
2023-12-13,981,1142,186,191,940.2635449143204,799.6301310410104,871.0113321824695,914.1063269870033
2023-12-14,267,524,267,438,935.2658977012426,765.1891661799617,854.0304956262942,904.6784789278547
2023-12-15,1317,1527,1139,1397,939.8602668783446,825.3616265437748,875.3234173664395,914.4274199391843
2023-12-18,836,941,751,914,939.6029507900029,833.8033763967486,876.8401460971673,914.4189561780124
2023-12-19,257,332,231,276,932.9999363542814,780.679245311344,853.2777874266902,901.776996649735
2023-12-20,1199,1646,616,1642,940.0546633557313,862.7097933769303,884.2080702727023,916.4348779041957
2023-12-21,191,558,168,238,933.0690448148783,803.2136225791274,858.8665773208317,903.0005238862908
2023-12-22,283,813,283,589,929.6454722296556,782.8123251906392,848.2835742886422,896.7826917301267
2023-12-26,558,681,269,378,924.1564625557287,744.2587704105783,829.8410811792836,886.5097671414113
2023-12-27,802,1045,594,839,923.3091345700996,753.28174465719,830.2002544663706,885.5689796732646
2023-12-28,1014,1149,733,990,923.9727252708946,775.8263404041243,836.4669111539639,887.6369206698337
2023-12-29,1027,1611,1027,1498,929.6844394473036,844.60478417516,862.4093852263575,899.723318280332
2024-01-02,1000,1215,853,1104,931.4189226368827,869.3090904441924,871.8835269821866,903.768401086662
2024-01-03,1600,1600,1345,1510,937.1759482822869,930.3272723066502,896.9077023946498,915.7729872037578
2024-01-04,683,1023,602,1022,938.0199686973884,939.0580082774454,901.8132826928988,917.8764924076438
2024-01-05,389,939,378,822,936.8655411481607,927.9096265367364,898.6833500382753,915.9779480035321
2024-01-08,1141,1141,491,492,932.4390183506665,886.3944240094281,882.7349833701077,907.582345072769
2024-01-09,1670,1670,1432,1475,937.8376350834957,942.4520979132922,905.9610624536328,918.818338239645
2024-01-10,859,1135,773,845,936.9138775204758,933.1709457310739,903.5704325534904,917.3565889675727
2024-01-11,1371,1640,1192,1192,939.4520478934064,957.821331851924,914.8813959827653,922.7950723543535
2024-01-12,228,1010,228,930,939.3579976656114,955.1716811993598,915.4742824148137,922.9377441889208
2024-01-16,1630,1630,1453,1480,944.7375200768988,1005.1553306089446,937.6125458495269,933.968679947556
2024-01-17,1589,1597,1317,1449,949.7550571905615,1047.4262515033308,957.6669558162121,944.1673199485945
2024-01-18,783,1214,696,697,947.2400814971231,1014.0523227887279,947.4447222547919,939.2729175733748
2024-01-19,1147,1326,535,535,943.1381901389428,968.4282920469443,931.2704194212707,931.2675132649912
2024-01-22,362,559,319,466,938.3905464559683,920.5779785186639,913.0245206204365,922.0542951805359
2024-01-23,497,1149,497,999,938.9936255957099,928.0467424692674,916.396108047086,923.5779725036936
2024-01-24,658,1265,644,1238,941.9688134007278,957.5661003293372,929.0080253785728,929.8041512659967
2024-01-25,297,713,297,445,937.0238500833076,908.7502812503527,910.0273185009818,920.2040690627096
2024-01-26,362,908,362,765,935.3121699829762,895.0597782741287,904.3399726774138,917.1307211604777
2024-01-29,1299,1299,545,549,931.4682677940909,862.1017041527831,890.4050717881034,909.8410039097752
2024-01-30,1321,1376,1011,1100,933.1452004528562,884.7586847096609,898.6244807375896,913.6065285848291
2024-01-31,972,1647,863,1647,940.2482332841711,957.3530956896932,927.9725403165077,928.1291715831493
2024-02-01,442,999,439,439,935.2606886743783,907.9861341954366,908.7971465786054,918.4434454131859
2024-02-02,1610,1610,1059,1256,938.4521246079667,941.1303118911094,922.4129447519935,925.1277336228259
2024-02-05,1806,1889,1633,1728,946.3083223730615,1016.0702821871942,954.0045939774054,941.0261943431659
2024-02-06,514,667,467,546,942.3251549862649,971.3016838836519,938.0044138214288,933.2038934650834
2024-02-07,1236,1236,929,1060,943.4960489665011,979.7491425613994,942.7885544558826,935.7147074558738
2024-02-08,1176,1176,732,739,941.4612624096205,956.820652793647,934.7968464380049,931.8193667141734
2024-02-09,1101,1195,679,695,939.0089115398731,931.8853525275854,925.3930485384752,927.1298743039918
2024-02-12,463,463,315,430,933.9441462509192,884.0867475249582,905.9658701644174,917.28571837718
2024-02-13,1913,1952,1852,1911,943.6660950444424,981.8880096654384,945.3789732952246,936.9632289043647
2024-02-14,285,574,285,313,937.390810516637,918.1843896973014,920.5797978718824,924.607521401308
2024-02-15,368,484,298,299,931.0386631483123,859.2144478213679,896.2041195239655,912.219253650787
2024-02-16,1456,1456,893,1274,934.451213763752,898.7178337431424,911.0196442485159,919.3832288260189
2024-02-20,1424,1424,1162,1319,938.2775698457046,938.744706719986,927.018873885829,927.2964322156027
2024-02-21,913,1164,913,923,938.1255542253493,937.2452108418921,926.8612709883455,927.2113543499472
2024-02-22,781,938,703,768,936.4327626410175,921.1266193331405,920.6314172240967,924.0586542638097
2024-02-23,986,986,583,780,934.8762177391168,907.6859889204604,915.1164596858969,921.2060076447243
2024-02-26,983,1237,639,1121,936.7281956720609,928.0016090232738,923.1903240119401,925.1623243250268
2024-02-27,484,801,484,679,934.1637360136324,904.2871700686762,913.614232874217,920.287822853244
2024-02-28,1223,1223,865,1148,936.2914600333972,927.4979157764213,922.805831585032,924.7969748759521
2024-02-29,348,728,348,606,933.0049778440102,896.8790666548574,910.3820734836582,918.4841634922699
2024-03-01,1253,1253,683,683,930.5173661241694,876.5096317353472,901.4651294254755,913.8211107498487
2024-03-04,862,1073,862,1057,931.7758997945756,893.6991906176951,907.5645361146726,916.6563362795547
2024-03-05,932,1280,874,1222,934.6637017866693,924.9659343683908,919.8953386199795,922.7027454621377
2024-03-06,540,651,415,561,930.9456550027223,890.3025120475917,905.8210116152744,915.5403148589271
2024-03-07,296,647,296,585,927.5034096793122,861.2260823287734,893.2397954734989,908.9949620894434
2024-03-08,340,1025,340,920,927.4287488864833,866.8235982974617,894.2892152588519,909.2128836322267
2024-03-11,1062,1256,939,963,927.7826916836327,875.9832556024653,896.9837558369361,910.27797504545
2024-03-12,1231,1231,854,897,927.4763962439946,877.9848503069924,896.9843928629386,910.0150448465303
2024-03-13,434,926,428,792,926.1283724007708,869.7958169444216,892.8673578487058,907.6781132654108
2024-03-14,1248,1655,1248,1536,932.1967468047433,933.2438343782862,918.0882457762075,920.1201308245116
2024-03-15,737,992,634,800,930.8813562892732,920.553945389878,913.4573341771405,917.7415143725411
2024-03-18,1023,1053,789,1053,932.096467171967,933.1678553527468,918.9295955819586,920.4199002265502
2024-03-19,631,706,524,612,928.911427697619,902.580440557247,906.8931408532543,914.3125754695889
2024-03-20,946,946,315,348,923.1312144866974,849.7632557422711,884.9757627805776,903.0984650642505
2024-03-21,363,617,363,590,919.8164760340935,825.023898052531,873.4080858087902,896.8984954590178
2024-03-22,951,1454,951,1437,924.9625807501722,883.3073363332423,895.5097295025632,907.593574756859
2024-03-25,446,1000,446,989,925.5997690014142,893.373304301505,899.1760146201098,909.2055831775152
2024-03-26,614,1104,614,1103,927.3649454292608,913.3377515108855,907.1691120859878,913.0430963819209
2024-03-27,296,374,251,251,920.6349459722533,850.2579656527059,881.4369900434,899.9333320971305
2024-03-28,451,635,406,578,917.2256430272557,824.3286355905435,869.5375002377765,893.5584146298605
2024-04-01,1222,1401,1174,1361,921.6413082707656,875.4401941057298,888.8105394441382,902.814683647091
2024-04-02,1473,1589,1431,1431,926.7095539596138,928.350651809946,910.0728712306426,913.2737988223961
2024-04-03,1034,1034,637,723,924.6825932236973,908.7934468756655,902.7366802019899,909.506000825913
2024-04-04,276,1484,276,1412,929.531522644357,956.7178805065545,922.707790782304,919.4563770471821
2024-04-05,917,1010,494,699,927.2376766478957,932.1733204583112,913.9349362418214,915.0909042343666
2024-04-08,759,759,533,716,925.1358092185634,911.5853851765672,906.1727818793971,911.1485100911118
2024-04-09,480,1050,480,761,923.5026170870354,897.243919921656,900.4797316096168,908.1752722675254
2024-04-10,1769,1769,1603,1627,930.5025910463685,966.7444989767364,928.9707225268868,922.4094252919309
2024-04-11,858,1421,743,844,929.6418687473996,955.0545466932377,925.638537329754,920.856763404962
2024-04-12,1256,1830,1256,1765,937.9538899538932,1032.1922089129293,958.5546731207439,937.5724710603092
2024-04-15,381,1656,381,1579,944.3324582130584,1084.2691413974123,982.8858624101265,950.2740062868378
2024-04-16,1629,1629,1201,1339,948.2594984298439,1108.5292231690873,996.8511227077686,957.9715507168014
2024-04-17,306,1241,306,1185,950.615125311139,1115.8121542958409,1004.229510052562,962.4671635738945
2024-04-18,685,966,332,879,949.9025369995853,1093.258615791475,999.3185488740302,960.8143484536193
2024-04-19,395,774,310,561,946.0328600145148,1042.5673190494297,982.1295861730878,952.8972326426566
2024-04-22,877,877,334,482,941.4156176263107,989.1799553304363,962.5166612251236,943.5725349665644
2024-04-23,320,390,258,370,935.7298900877404,930.2104357751566,939.2807137260992,932.2146629870284
2024-04-24,1102,1426,1048,1048,936.8470056092555,941.428489510856,943.5442151486051,934.5074419377803
2024-04-25,1702,1702,1202,1256,940.0226572947355,971.3876809860126,955.7973831819932,940.8736312063392
2024-04-26,466,681,439,639,937.0274069733948,939.731711368297,943.3739563905424,934.8959355388869
2024-04-29,503,721,452,603,933.7037511826147,907.6620245713164,930.0259581007172,928.3237387955426
2024-04-30,1503,1665,1464,1664,940.9703805240813,979.6942127073814,958.8092538614734,942.8915855520664
2024-05-01,817,973,394,851,940.075152857175,967.4376210209641,954.5814399845528,941.0719501945998
2024-05-02,483,727,354,403,934.7311214854618,913.6816571142057,932.9507952792762,930.4170600917364
2024-05-03,291,679,291,559,930.9925033612284,879.9024516747576,918.2860582095007,923.0622668225931
2024-05-06,264,491,264,447,926.176657556639,838.673646753352,899.8042520052065,913.6352912419477
2024-05-07,534,858,534,857,925.4883326058267,840.4190137292233,898.1256538873553,912.5138003262656
2024-05-08,1354,1354,955,955,925.7819810376095,851.3314886121543,900.3560204015766,913.355111210894
2024-05-09,738,738,448,449,921.0378817238025,813.0142039824253,882.6557843073972,904.1599604938466
2024-05-10,664,1180,664,1017,921.9927286718244,832.4414226507657,887.9241849227934,906.3944167216912
2024-05-13,464,969,388,967,922.4405622173783,845.2565252554547,891.0251972787623,907.5945272816577
2024-05-14,454,700,454,531,918.5456312500412,815.3273323739828,876.9065620913599,900.1372099097438
2024-05-15,541,784,541,702,916.3909483520308,804.5342531002701,870.047481225032,896.2137008026201
2024-05-16,1121,1140,941,1020,917.421884189324,825.054800424054,875.9279721573837,898.6649146481128
2024-05-17,1013,1013,799,833,916.5818654411715,825.8114860979535,874.2445222688589,897.3646193085463
2024-05-20,1058,1058,734,1025,917.660652849717,844.7818207552913,880.1565017877272,899.8920525895651
2024-05-21,1073,1204,1003,1005,918.5297010800681,860.0406949690731,885.052325247032,901.9733980828411
2024-05-22,1097,1517,1085,1367,922.9920921140973,908.3225335434471,903.9522340608738,911.1818456455571
2024-05-23,1146,1704,1146,1625,929.9772454263948,976.5775303488331,932.2286170388787,925.3168586030708
2024-05-24,444,640,400,522,925.9177703475252,933.2844322203728,916.141220292256,917.3303861554853
2024-05-28,674,1315,674,1212,928.7643596973011,959.8287720089087,927.7435253788342,923.1654280137925
2024-05-29,1672,1672,1571,1598,935.4234207948404,1020.6069841985365,954.0280930110367,936.5284888452026
2024-05-30,454,476,360,439,930.4838842695185,965.2158428462949,933.8309128929568,926.6764395611391
2024-05-31,267,833,267,446,925.6631491026576,915.7667149561715,914.7002888579389,917.1580942232947
2024-06-03,1053,1375,1011,1178,928.1739635394471,940.7413135317743,925.025767726255,922.3232804762988
2024-06-04,1465,1512,1313,1387,932.7393967380596,983.2421408144625,943.1424042860098,931.5247996747879
2024-06-05,987,987,605,605,929.4783082133027,947.2190797845136,929.8819178434211,925.0589620574654
2024-06-06,1021,1239,845,1114,931.3143449474987,963.1029769478932,937.102234790738,928.8003687493967
2024-06-07,1410,1452,1132,1450,936.4753962415534,1009.4741220004748,957.2158726420815,939.1211535266364
2024-06-10,1348,1348,852,904,936.1522579704932,999.4289675242392,955.1289756757254,938.4256851399703
2024-06-11,1652,1668,1249,1249,939.2651708265082,1023.1976372838354,966.653329570795,944.5756715728421
2024-06-12,234,640,234,608,935.9689999725131,983.6550051615654,952.5884931170383,937.9108067892215
2024-06-13,1326,1601,1326,1373,940.3175671369656,1020.735480860464,969.0752188771544,946.5264343775538
2024-06-14,1708,1728,1512,1514,946.0258500510257,1067.7130541118484,990.4448181368738,957.7635346869091
2024-06-17,1156,1313,692,696,943.5380306475329,1032.3118108631008,978.8979625236631,952.5800983564752
2024-06-18,618,945,618,890,943.0053139246719,1018.7583050666151,975.4117679148919,951.3408884880301
2024-06-20,878,1006,695,896,942.5375993582572,1007.0670379174137,972.2975809378373,950.2450293100494
2024-06-21,1196,1196,958,959,942.7014043397671,1002.489224782422,971.7761071755692,950.418395066286
2024-06-24,539,560,311,547,938.7640769334013,959.1092986126675,955.1182206196645,942.4299119956665
2024-06-25,1377,1554,1377,1418,943.5325935808302,1002.8131749352706,973.2704472620306,951.8471414610989
2024-06-26,1488,1488,1023,1055,944.6417220029115,1007.7833487509591,976.4755277615589,953.8897723232553
2024-06-27,722,1022,722,762,942.8243914357183,984.3754107746773,968.0647227513016,950.0899748515077
2024-06-28,404,975,404,713,940.5375815706863,958.5301335580414,958.0621846041918,945.3951238643491
2024-07-01,718,1479,718,1387,944.979993694361,999.3367875048946,974.8832754040274,954.1397748769363
2024-07-02,715,954,677,708,942.6219838068549,971.5904267901427,964.4172646038694,949.2657199288781
2024-07-03,705,742,379,717,940.3769889431052,947.3437194767957,954.7146267762666,944.6663987421676
2024-07-05,1377,1408,1227,1228,943.238909451134,974.0728890504342,965.4317002360209,950.2769651037089
2024-07-08,523,868,472,791,941.7240944317197,956.6373758075357,958.5912414032358,947.1229657947246
2024-07-09,1214,1323,899,1221,944.5029591637424,981.8147685877703,968.8817809560501,952.5462734027499
2024-07-10,605,716,448,448,939.5626312118643,930.9752668175065,948.4550444479697,942.555258087844
2024-07-11,273,273,188,232,932.5222070207014,864.4061937872677,920.3587681951082,928.4848569375896
2024-07-12,455,455,296,438,927.601588045371,823.7960800932423,901.4427380698098,918.7722855130829
2024-07-15,738,738,495,712,925.4562986120837,813.1488343700763,894.01361108668,914.6777848098535
2024-07-16,406,406,249,249,918.7253901681825,759.4203739538785,868.7189596715161,901.4960464967871
2024-07-17,831,1149,831,1060,920.1311076789468,788.0470050058901,876.2201769392998,904.6347386453656
2024-07-18,753,1609,481,1548,926.3785593438329,860.4234807196149,902.5644837259939,917.3746448108039
2024-07-19,979,1418,967,1284,929.9369816389191,900.7641016034611,917.522739266151,924.6345528343523
2024-07-22,561,1110,422,423,924.8928325678851,855.2627585936076,898.1296906674784,914.701195352484
2024-07-23,1312,1312,733,863,924.2769834876076,855.9996387275497,896.7520557393419,913.6774093059001
2024-07-24,1378,1581,1085,1581,930.8115408658404,925.0472921820688,923.5853084554461,926.891718032516
2024-07-25,603,670,337,663,928.146749414439,900.0904072123479,913.366276751311,921.6661394576147
2024-07-26,254,528,254,306,921.9562344948923,843.5103684302196,889.5479913885146,909.4747307554837
2024-07-29,937,1304,917,1161,924.3347794252915,873.7474761987701,900.1931681968081,914.4554291563652
2024-07-30,671,982,671,720,922.3015975404627,859.1048594179348,893.1267694439921,910.6048265988134
2024-07-31,793,872,353,740,920.487651296279,847.7615394733696,887.1217980932473,907.2265132008171
2024-08-01,659,1637,659,1548,926.7315552634801,914.450916666382,913.0385903248847,919.9150970978305
2024-08-02,1751,1783,1622,1623,933.6595994897142,981.9317817457742,940.8802142337128,933.837570422626
2024-08-05,1906,1906,1739,1813,942.4092552161846,1061.0811358652243,975.0809901461162,951.2467274439601
2024-08-06,492,623,299,519,938.1962278010982,1009.4543610209172,957.1954611207783,942.687386306456
2024-08-07,425,1344,421,1340,942.1942752856644,1040.934898066544,972.2074038219242,950.554962815239
2024-08-08,283,364,236,295,935.7545312529712,969.8934792030636,945.6502507308684,937.5736764228581
2024-08-09,1227,1262,870,936,935.756973728066,966.6655288027719,945.2718095257363,937.5425145134946
2024-08-12,1117,1342,1105,1309,939.4708346859957,999.2688117739365,959.5356601325702,944.8981082855046
2024-08-13,385,659,349,354,933.6452542413589,937.8146392240378,935.7891636567831,933.1971556461876
2024-08-14,716,1128,716,926,933.5691820598528,936.6894354884151,935.4052748859289,933.0546377125997
2024-08-15,234,343,232,269,926.9565533826403,873.0999654418994,909.2717346943238,919.9050409262117
2024-08-16,830,1036,653,753,925.2256424037085,861.6618734950519,903.1434313729777,916.5999906108411
2024-08-19,405,507,405,411,920.1089693449652,818.7416950669517,883.8436889661942,906.5881096086463
2024-08-20,1125,1553,1125,1450,925.381516913672,878.8615336320039,906.0458972420298,917.3487411015444
2024-08-21,519,714,425,425,920.4025963473669,835.6366256670511,887.1813522521463,907.5992610797316
2024-08-22,690,1364,690,1293,924.1100331996319,879.1950422701891,903.0958090265719,915.2309588801329
2024-08-23,274,274,124,160,916.5069482921729,810.7002763396949,873.9547969078828,900.275890387457
2024-08-26,427,911,368,910,916.4422025380219,820.1573928787716,875.3683342840443,900.468447013448
2024-08-27,1353,1429,1106,1164,918.9054642043102,852.9043078426981,886.6872231356504,905.6868936072411
2024-08-28,1175,1495,933,1260,922.2994396848643,891.6753261433936,901.3269398754288,912.7029947239295
2024-08-29,884,884,327,588,918.9730771009353,862.7538665106895,889.0396088999219,906.2732324521685
2024-08-30,423,1320,423,560,915.4012056869956,833.9201649382428,876.1360948254152,899.4163367600463
2024-09-03,1472,1618,1472,1584,922.053930008518,905.3563397060292,903.895463655791,912.9724489034118
2024-09-04,848,1201,503,1094,923.7648361775875,923.3224025911693,911.3505435124266,916.5571528855224
2024-09-05,993,1340,877,1238,926.8915542255718,953.2916975824864,924.1603261197824,922.9223577788784
2024-09-06,1494,1655,1494,1590,933.489648213377,1013.9305835270115,950.271685879791,936.1318160406828
2024-09-09,781,781,464,772,931.8827860420996,990.8895755720581,943.2806393747012,932.8816810695802
2024-09-10,1005,1404,1004,1004,932.6003702605861,992.1381874223383,945.6617907717717,934.2899646127568
2024-09-11,1487,1680,873,873,932.0073317505305,980.7916933821156,942.8123087807219,933.0763019471576
2024-09-12,537,1046,335,408,926.7933284495302,926.2401035361999,921.8392770638309,922.6787514135506
2024-09-13,245,328,180,259,920.148618713714,862.6934270089428,895.8455799240728,909.5365979202129
2024-09-16,455,831,434,570,916.6645528558661,834.8178625319006,883.0673218878346,902.8131009316938
2024-09-17,504,791,337,732,914.8270946184942,825.02568514791,877.1431131863509,899.430663289482
2024-09-18,720,1142,329,1035,916.0228449207978,845.0232389433472,883.3335793359057,902.1152046104824
2024-09-19,296,419,288,387,910.7589360161132,801.4019780915999,863.8695174011643,891.9149035290867
2024-09-20,1477,1517,1271,1357,915.1991456079927,854.3160754162094,883.2079676991578,901.1245093997978
2024-09-23,564,905,564,801,914.0628357014455,849.238353947999,879.9841258286026,899.1418458473266
2024-09-24,635,826,635,772,912.6492751472023,841.8823202386658,875.7494542274809,896.6241855335182
2024-09-25,1154,1509,1154,1466,918.1552525089216,901.3220992635547,898.8965344538542,907.898954136815
2024-09-26,376,672,376,629,915.2780858172906,875.3866612384543,888.3123566321344,902.3762025697494
2024-09-27,308,779,267,647,912.6086521275663,853.6355506443158,878.8491269602861,897.3192480634177
2024-09-30,1283,1411,848,848,911.965779967093,853.0988315353334,877.639357275569,896.3426292898847
2024-10-01,1464,1479,1210,1315,915.9760707136891,897.0894190081588,894.7907550294682,904.6328742544415
2024-10-02,1132,1132,762,1040,917.2101396618116,910.6999505311912,900.485235224391,907.3134113979179
2024-10-03,1541,1638,1237,1300,921.0189939935349,947.7761457186969,916.1524809018658,915.0893834494443
2024-10-04,442,757,442,494,916.7700487796689,904.5593699359638,899.5974816508123,906.7509798167821
2024-10-07,1382,1540,1289,1375,921.3295507818613,949.363239465872,918.2407176645058,916.0232376421924
2024-10-08,1129,1241,934,1070,922.8088587342805,960.8524547548366,924.1920620698194,919.072282441357
2024-10-09,835,999,560,773,921.3182233239892,942.9617447781854,918.2629615964931,916.1797619969736
2024-10-10,1451,1451,1119,1124,923.3349574202679,960.2034833707393,926.3310807495718,920.2950142346573
2024-10-11,425,425,287,321,917.3415747593697,899.3269611449546,902.5926069946867,908.4277862300106
2024-10-14,1257,1257,688,709,915.2685242642516,881.2005838930542,895.0007400537186,904.478721156149
2024-10-15,978,998,637,998,916.0917230277914,892.3243378080014,899.0399267182786,906.3306276679085
2024-10-16,397,422,308,404,910.9962829976641,845.8172580167632,879.6265962587382,896.3834865259697
2024-10-17,1009,1235,1004,1007,911.951543863359,861.1679953485,884.621631699572,898.5739125353565
2024-10-18,883,949,879,879,911.6236678050171,862.8662815057857,884.4011755544908,898.1863103069336
2024-10-21,1196,1662,1121,1551,917.9856213591961,928.4028261242822,910.542305924903,911.1133140632319
2024-10-22,1310,1388,1140,1167,920.4633763705474,951.1263664933982,920.5994703984362,916.1803771510887
2024-10-23,1172,1563,1079,1295,924.1901089439748,983.8762363511698,935.2818441083015,923.6817558213642
2024-10-24,670,1201,670,845,923.4021476609502,970.6499281272489,931.7413796334661,922.1237012506441
2024-10-25,632,1334,598,1278,926.9304845001446,999.9213635437014,945.3201490596047,929.1707566714234
2024-10-28,362,518,346,517,922.8515742066108,953.9288527300156,928.5232804690319,921.0089595096131
2024-10-29,1509,1509,1143,1258,926.1863844135103,982.8880096128712,941.443936136913,927.6820494203138
2024-10-30,870,971,518,970,926.6223407875052,981.6605801259311,942.5637817786027,928.5200286397135
2024-10-31,1019,1492,1019,1488,932.2081881428534,1029.8833820186996,963.953437395128,939.5988399537786
2024-11-01,314,1008,314,987,932.753380300636,1025.7992503978712,964.8572241639465,940.537476786377
2024-11-04,774,809,502,808,931.5120531334654,1005.056464645693,958.7059604712427,937.9129722955577
2024-11-05,546,546,316,316,925.3875550923365,939.4320394413413,933.501805158645,925.5978639332694
2024-11-06,595,626,503,503,921.1846938476366,897.8670833040708,916.6193814269334,917.2295893999374
2024-11-07,774,974,722,946,921.4316123168144,902.451170608445,917.7715625474458,917.7993005009287
2024-11-08,1070,1070,840,882,921.0392579654033,900.5034400743074,916.3687561730361,917.0904034613063
2024-11-11,482,685,482,685,918.6906086324142,879.9793029243733,907.2954716172308,912.4945538878151
2024-11-12,1095,1579,1095,1482,924.295677203236,937.3146074077663,929.8329041028295,923.771889454393
2024-11-13,585,1134,585,1125,926.2927351415123,955.1894067022647,937.4865157066401,927.7566045147021
2024-11-14,752,1286,752,1243,929.4440512097559,982.5999393972871,949.4674366593209,933.9990479896585
2024-11-15,829,1344,829,1226,932.3948566703554,1005.7808975499264,960.311850907975,939.7812450591703
2024-11-18,686,818,558,778,930.8585894398045,984.0874787356477,953.1623665586426,936.5776560480975
2024-11-19,1554,1554,902,923,930.7803945200054,978.2696236179669,951.9795286543821,936.3087915718976
2024-11-20,1207,1314,906,907,930.5437736790103,971.4820404162557,950.2156255698965,935.728419461563
2024-11-21,755,755,321,361,924.8766714533485,913.3408937099456,927.1091304495084,924.347658680146
2024-11-22,388,475,388,409,919.7435702448576,865.3084276423317,906.7911253338414,914.1427545478658
2024-11-25,262,539,262,537,915.9351765110779,834.040958343062,892.2895125756515,906.6745811904823
2024-11-26,1191,1191,1191,1191,918.6721399288781,868.0370575484847,904.0036493373907,912.304787503542
2024-11-27,710,891,710,885,918.3370937604316,869.6525758772004,903.2584081869048,911.7640986420857
2024-11-29,423,744,423,744,916.602396310079,857.6856638888956,897.0129804148694,908.4420372828365
2024-12-02,1345,1362,986,1071,918.1386908741579,878.001314947096,903.8360007907569,911.6610068415922
2024-12-03,1012,1336,1012,1183,920.7741267858578,907.0488087616583,914.7836086028841,917.0340562110656
2024-12-04,991,1172,920,989,921.4529911959488,914.8536841176908,917.6940553243396,918.4591244049059
2024-12-05,991,1241,905,1241,924.6325634228548,945.9152380112441,930.3727198214243,924.8460724364919
2024-12-06,587,1254,587,1102,926.3974135380503,960.7804534387446,937.1032013970547,928.3540710021059
2024-12-09,534,950,534,949,926.6223148958807,959.6585054921975,937.5697425187388,928.7629012792919
2024-12-10,1308,1400,933,1216,929.5016948471655,984.0719811596073,948.488576145455,934.450764620296
2024-12-11,610,1010,610,849,928.7006829581389,971.2079829539304,944.5870633554372,932.7586702713793
2024-12-12,1063,1373,1004,1372,933.1116214361674,1009.3786512440322,961.3483549885573,941.4565183848173
2024-12-13,1114,1445,1114,1263,936.3940928646632,1033.5330654112672,973.1778312635158,947.8237160405635
2024-12-16,1124,1139,739,1120,938.2210173137711,1041.768011562575,978.935563370829,951.2331474060968
2024-12-17,1227,1478,1227,1412,942.9352360469674,1077.028200937568,995.9184824543258,960.3572434970652
2024-12-18,579,1834,579,1834,951.8015521062015,1149.1207532292283,1028.784424318862,977.6571000614797
2024-12-19,430,1138,430,1135,953.624422234498,1147.7759195883493,1032.9497410122399,980.7728010503613
2024-12-20,586,650,172,475,948.8619901724632,1083.702022484697,1011.0693590117598,970.757498059265
2024-12-23,1285,1529,898,898,948.3559007180107,1066.0161155813926,1006.6352665014947,969.316755523438
2024-12-24,1009,1009,290,290,941.8050957357419,992.1098188593552,978.5319227171224,955.8649385823799
2024-12-26,766,860,641,667,939.0707166736947,961.146978967988,966.3149845713529,950.1448407886694
2024-12-27,1348,1751,1348,1588,945.5277244679863,1020.8472666853226,990.6947890979665,962.7756360205769
2024-12-30,1677,1735,1231,1406,950.109538154872,1057.5284793819585,1006.9812679568697,971.5523560993774
2024-12-31,363,946,189,638,947.0039706110424,1017.5733861074863,992.5114143115022,964.9473589488947
2025-01-02,388,1245,286,1066,948.1880107044649,1022.18544457344,995.3933196326198,966.9484013459463
2025-01-03,507,985,467,504,943.7682295034255,972.83444985216,976.122993372517,957.781106269789
2025-01-06,636,1106,503,1069,945.0143167720481,981.9930736757638,979.765228926536,959.9834606010803
2025-01-07,436,1343,436,1189,947.4420350131222,1001.7080190399768,987.9705140666719,964.5184415792768
2025-01-08,1519,1650,1048,1049,948.452562027917,1006.2120172266457,990.3638272405278,966.1913437262218
2025-01-10,1488,1574,1475,1512,954.059999221669,1054.3823013002984,1010.8201477408993,976.9994359296629
2025-01-13,1295,1295,663,664,951.1738300751848,1017.2030345097938,997.2193576334131,970.8014272973924
2025-01-14,355,725,355,424,945.9283193281681,960.707507413623,974.7401671379852,959.9736762618004
2025-01-15,161,405,161,354,940.0384853050023,902.925840040897,950.3974154855151,947.974197523943
2025-01-16,780,970,664,702,937.6699431626639,883.7900457512878,940.6563403684361,943.10342133535
2025-01-17,354,792,354,717,935.4742223351748,867.9052794892605,931.8855034912425,938.626125863363
2025-01-21,389,460,345,416,930.3053246004964,824.8666814426642,911.6546994327624,928.2770936680489
2025-01-22,1307,1342,1179,1342,934.4017890323323,874.11747368622,928.5309857295168,936.4696264667014
2025-01-23,1064,1103,636,687,931.940079688727,856.2967619065801,919.059182367575,931.5296338634004
2025-01-24,909,1142,694,925,931.8710241694362,862.8399274392867,919.2921556080622,931.400334182937
2025-01-27,875,951,703,849,931.0464368642677,861.5218391117356,916.5356004861774,929.7686443971362
2025-01-28,1085,1262,884,1045,932.1803031641257,878.9959496725227,921.5734200749547,932.050453418975
2025-01-29,934,1322,640,1126,934.1088573614976,902.5201449418062,929.5901486994662,935.8910384997874
2025-01-30,233,451,233,406,928.8540428603882,855.2325120902055,909.057201691644,925.3981466483065
2025-01-31,1078,1576,790,1465,934.1888285035684,913.3056061768526,930.8588800566775,936.0833318631915
2025-02-03,1735,1735,1260,1389,938.7143127970652,958.6098341600095,948.8251984858274,945.0519787569897
2025-02-04,931,931,474,554,934.8863096846566,920.0755642400086,933.3418573687361,937.3083752172473
2025-02-05,662,915,630,637,931.9222668022222,893.1159866933411,921.7206080601583,931.3616747178959
2025-02-06,636,1159,636,938,931.982741759414,897.3906546273087,922.3590155872109,931.4931267036801
2025-02-07,954,1461,954,1401,936.6495801498676,945.3534494247078,941.1292502700654,940.790292511528
2025-02-10,816,907,713,801,935.2998330836997,931.60550186045,935.6339855535923,938.0221679073394
2025-02-11,1351,1351,901,905,934.998342207245,929.0716445404071,934.4326527867847,937.3682635923426
2025-02-12,1592,1592,1251,1316,938.7894034788146,965.9219641079874,949.3960781676951,944.8659217390289
2025-02-13,667,748,419,419,933.6173696133537,913.8341580024647,928.5962319650404,934.4527351699392
2025-02-14,559,1016,533,1000,934.277893298793,922.0404286688967,931.3963797311172,935.7507008101384
2025-02-18,918,918,583,655,931.4990087883572,896.6080068909065,920.5573060161714,930.1912809921158
2025-02-19,1394,1394,1076,1104,933.2154365616074,916.3596252822488,927.7511371527921,933.6330378041531
2025-02-20,1109,1371,1109,1142,935.2928949042779,937.8491847791774,936.1530533428787,937.7591162634768
2025-02-21,832,1601,832,1577,941.6780402286134,998.7206909906844,961.2843061529619,950.4173515849922
2025-02-24,1087,1087,719,1079,943.0444278880302,1006.366339467762,965.9006078724536,952.9635426427151
2025-02-25,545,1058,545,871,942.3275679090449,993.474307137499,962.1790154068672,951.3405021943445
2025-02-26,794,1099,555,982,942.7223184771141,992.3815159815467,962.9563089203234,951.9476209627733
2025-02-27,973,1304,813,1302,946.2972207808244,1021.8689906499709,976.2521399430558,958.8793512407382
2025-02-28,815,1157,535,535,942.2047111213137,975.5005153499736,958.9481344550928,950.4857007211195
2025-03-03,420,1547,420,1485,947.6056592693603,1024.0242757928334,979.5776193784225,961.0701422909983
2025-03-04,1491,1616,1157,1439,952.4951551970283,1063.545773336373,997.5941833243667,970.5340998693944
2025-03-05,566,778,424,504,948.0325168368589,1010.2556996852899,978.2375486841954,961.2958008620797
2025-03-06,1466,1502,1125,1294,951.4749793558951,1037.278966381929,990.6203899122662,967.8840028252068
2025-03-07,955,1204,568,677,948.743885033946,1002.9666838693643,978.3215510921773,962.1239235613414
2025-03-10,1225,1629,1150,1550,954.726532944056,1055.0650949294247,1000.7403137944449,973.7650339858693
2025-03-11,764,1347,764,1104,956.2118410739658,1059.7255620790033,1004.7897132534863,976.3439442039709
2025-03-12,819,1273,802,942,956.070429719996,1048.5136037857649,1002.3273715572711,975.663866100922
2025-03-13,798,1528,798,1432,960.8060473347224,1085.03611771093,1019.1772785550252,984.7002251880324
2025-03-14,176,295,155,191,953.1462856697003,999.8898207860796,986.699738219534,968.9833890456952
2025-03-17,433,495,271,315,946.7965713844296,934.662218806453,960.3585720148463,956.0332229259784
2025-03-18,1198,1360,1108,1161,948.9279487835895,956.2181979677432,968.2268633083818,960.0919709868501
2025-03-19,633,834,390,458,944.0430935718125,908.7688457803391,948.217966708053,950.1495557197837
2025-03-20,1527,1527,808,1211,946.6993811979636,937.5527652298306,958.5231444842078,955.3149110520652
2025-03-21,1689,1689,1277,1346,950.6725216835559,976.4525018746086,973.7183152887487,963.0512494470738
2025-03-24,195,463,195,362,944.8150836568539,917.9332159817887,949.7293617480135,951.1492445075278
2025-03-25,763,1161,763,1133,946.6875703866364,938.415766840666,956.9164456010326,954.7502495667846
2025-03-26,537,1239,537,1067,947.8847089897544,950.6618842844122,961.2334477343254,956.9730169020959
2025-03-27,1255,1255,712,1014,948.5425725818961,956.6940857811348,963.3027242937636,958.1022640921534
2025-03-28,1062,1691,1062,1609,955.1142882775987,1018.818458563884,988.6241860861651,970.9913281695365
2025-03-31,1439,1439,743,866,954.2275789415032,1004.2643196530379,983.8153944749429,968.9122919681595
2025-04-01,1428,1482,449,675,951.4491950714386,972.9058130194153,971.7049868484745,963.0922465826513
2025-04-02,1256,1256,476,477,946.7283075582899,925.6766879699471,952.3047912857892,953.4666575414108
2025-04-03,1626,1691,1611,1681,954.0344935527347,997.6122414966188,980.8810739804641,967.8732583821749
2025-04-04,1816,1825,1747,1768,962.1336528208667,1070.9825042112266,1011.7484828439752,983.7173522755971
2025-04-07,1838,1838,1176,1405,966.5402831410571,1102.7936942863478,1027.1701109677408,992.0595829236051
2025-04-08,135,1748,135,1633,973.1717231098028,1153.2895329257433,1050.928145831751,1004.7514723706624
2025-04-09,946,1286,48,50,963.985934820153,1048.2143393137678,1011.6760616814862,985.8455026207483
2025-04-10,1594,1817,1594,1706,971.3691593493057,1110.8605927124565,1038.904451419467,1000.1059877173672
2025-04-11,1148,1452,343,373,965.4152373657306,1040.5881553112702,1012.7905513638017,987.6880473665282
2025-04-14,268,924,219,427,960.0578718198029,982.1511881387682,989.8183728789467,976.5853137553098
2025-04-15,633,1069,450,993,960.3856541897551,983.1844083160285,989.9431425699684,976.9103570472839
2025-04-16,1066,1509,718,1286,963.6255979291606,1012.0239884764067,1001.5532154103618,983.0309440364466
2025-04-17,424,703,284,402,958.0372835219052,953.9264657643679,978.0413246099554,971.5253807882001
2025-04-21,1615,1768,1615,1640,964.822982193329,1019.2668023582376,1004.0004883507414,984.762501960711
2025-04-22,132,303,99,141,956.6257385894153,935.6223449907864,970.15733194483,968.0543336050533
2025-04-23,164,657,164,560,952.6792138273315,899.8487883249971,954.0727306920916,959.9740497712899
2025-04-24,833,833,285,324,946.4236992618854,845.0060465797593,929.3639961551468,947.3805042312644
2025-04-25,1331,1447,989,989,946.8473440453492,858.719756429306,931.702662972592,948.2046526623284
2025-04-28,434,1281,433,667,944.0627933583309,840.4607320074673,921.3221663854315,942.636243698718
2025-04-29,1099,1274,507,642,941.0571934244172,821.559709911518,910.368355938944,936.6830507541889
2025-04-30,1706,1706,1081,1082,942.4596094102438,846.363547062802,917.0990086472207,939.5606141055911
2025-05-01,664,935,499,881,941.8480710081519,849.6622568663447,915.6833612492904,938.4009979846883
2025-05-02,148,302,148,246,934.9242096050857,792.1706133552642,889.4212686512791,924.6900871335064
2025-05-05,1389,1448,900,1273,938.2881478179704,837.9638882738104,904.463571841425,931.5873131308626
2025-05-06,1298,1332,920,1170,940.5937383869458,869.5863751048761,914.8767651025456,936.308356435202
2025-05-07,543,971,498,754,938.7370842736428,858.5781489044117,908.5678723534262,932.6982899711386
2025-05-08,412,537,323,518,934.5506456241538,826.1421347230391,893.2514852023114,924.4864426449774
2025-05-09,584,1009,584,846,933.6695446726698,828.0333599875116,891.398485782613,922.9322556619086
2025-05-12,275,398,275,343,927.7922357704541,781.8397066553676,869.8926628107458,911.4484486190985
2025-05-13,621,711,575,711,925.6350990961213,775.093067926285,863.6615779946382,907.4791724088193
2025-05-14,1217,1393,1179,1278,929.1412175130753,822.9889662190197,879.9101435634759,914.8162184997337
2025-05-15,1045,1065,699,699,926.8512551497611,811.1804932457798,872.8156281296141,910.5426300145905
2025-05-16,858,909,486,533,922.9323371880719,784.6871129366579,859.4895250657077,903.0665383311333
2025-05-19,1582,1582,1073,1075,924.4454482608273,812.3359593236428,867.9409162396015,906.4711613344772
2025-05-20,1229,1266,890,1165,926.8390258900729,845.9230108166291,879.5902920733427,911.590544278349
2025-05-21,1512,1724,1432,1721,934.7411251349478,929.2636764531406,912.5867512077214,927.6184542926391
2025-05-22,1492,1492,786,1072,936.1068850838537,942.857612029032,918.8382511603597,930.4774948016957
2025-05-23,1545,1545,971,1082,937.558557869089,956.109268026267,925.2367511148555,933.4779404491868
2025-05-27,281,348,213,224,930.4584727161628,886.3845758332892,897.7372706789788,919.4288723214802
2025-05-28,1085,1482,1085,1430,935.4290351766984,938.1574733729759,918.6103188876463,929.5391916814509
2025-05-29,500,1167,500,597,932.0615820903631,905.6662854326925,905.9981495195033,922.9542571927093
2025-05-30,1408,1450,1039,1154,934.2699245571257,929.3171153914836,915.7237122834443,927.5294204166161
2025-06-02,1473,1473,1067,1067,935.590621825214,942.4297710684853,921.6561157233093,930.2912140717326
2025-06-03,1022,1164,419,513,931.385740016008,901.5316976333914,905.6303856949443,922.0280217138766
2025-06-04,674,1079,674,1079,932.8545386228138,918.4334407159256,912.4291940990641,925.1363777195423
2025-06-05,864,1207,615,970,933.2241452036814,923.3445416001232,914.686872761846,926.0247662795514
2025-06-06,218,530,218,384,927.759228335983,871.9783947810638,893.8756228496167,915.2916025908474
2025-06-09,709,767,501,707,925.562619098809,856.2661667066768,886.5471670515925,911.1670164009297
2025-06-10,592,750,492,676,923.0794089585223,839.09796035366,878.2904154025105,906.5102437989311
2025-06-11,664,1129,572,1074,924.5811063818206,861.469583177121,885.9653010730002,909.8268726345958
2025-06-12,1380,1380,884,884,924.1773142785189,863.6153371602524,885.8882304426864,909.3154494141088
2025-06-13,1440,1597,1440,1551,930.4143559274888,929.0805431449902,911.9710449351301,922.0220741781859
2025-06-16,273,632,273,610,927.2261533809467,898.6919199883245,900.1290431729681,915.8434192439644
2025-06-17,1376,1405,1125,1404,931.9701717552656,946.8164990370555,919.8886885387341,925.5098861896284
2025-06-18,619,827,450,826,930.9157421855615,935.3101657954311,916.206779184274,923.5393933937942
2025-06-20,451,1170,451,1048,932.0807596762525,946.042530957771,921.3751407848906,926.0039598612437
2025-06-23,977,1278,528,573,928.5078167939017,910.5146708665546,907.7133705580321,919.0137824382488
2025-06-24,639,639,411,544,924.6818683680917,875.6085117364066,893.4501011243838,911.587766944422
2025-06-25,1337,1502,1330,1451,929.9188647027376,930.4077010948441,915.3148030410746,922.2691973019582
2025-06-26,408,506,315,315,923.8002690340536,871.7974438477161,891.7730460590717,910.2440646821175
2025-06-27,791,1175,471,810,922.6679280486401,865.9119730050764,888.5662599391081,908.2590336983131
2025-06-30,880,1061,817,851,921.9548143367133,864.4917850998311,887.0930732748294,907.1251914468614
2025-07-01,1039,1039,416,511,917.8657117064972,830.8259008046091,872.3443253032675,899.2811282498939
2025-07-02,906,953,526,526,913.9665503959848,801.7948626327416,858.7621948992178,891.889422739995
2025-07-03,477,661,477,541,910.2554404417958,776.9572566677185,846.3009323541504,884.9411173392031
2025-07-07,1317,1640,966,1505,916.1732967558078,846.2946607946025,872.1322683402622,897.2195110552584
2025-07-08,699,774,526,699,914.0123684298793,832.2665978617832,865.3427676210362,893.294372222481
2025-07-09,609,1169,609,761,912.4898573012238,825.4793028273277,861.2508943809955,890.674681683422
2025-07-10,989,989,493,614,909.5198089698683,805.3384168437727,851.5547808758585,885.1959751154335
2025-07-11,1545,1587,1269,1346,913.8628954477801,856.8299961919848,870.9447894689621,894.3208072913656
2025-07-14,1018,1076,862,862,913.346846736857,857.3223775070339,870.5940134113557,893.680791305398
2025-07-15,1237,1625,1237,1625,920.4279726399728,930.4345320301736,900.178561905028,908.1623597944
2025-07-16,400,1222,400,628,917.5182415689284,901.6312432653951,889.5048928107132,902.6145902935208
2025-07-17,605,717,452,569,914.0503983692375,869.9520772401194,876.9360734848028,896.008360782758
2025-07-18,530,1269,530,1172,916.6170610720312,898.7185460743937,888.5072078579478,901.4735417573569
2025-07-21,564,1083,518,1083,918.2726127031552,916.2691607339752,896.134376177244,905.0681250888944
2025-07-22,613,613,335,400,913.1156712832234,867.1006692355014,876.6781261310775,895.066776077233
2025-07-23,459,578,440,440,908.4080526634898,826.4244150225966,859.5534937337803,886.0555527885749
2025-07-24,1356,1356,1108,1347,912.7721516419625,876.0030421633016,878.6690429991223,895.1831656046427
2025-07-25,770,1148,757,763,911.2818814763708,865.2408476715586,874.1330020971959,892.565677176828
2025-07-28,1089,1314,1059,1257,914.7218627552129,902.5512431314102,889.1473941718157,899.7821984208512
2025-07-29,713,1157,713,1056,916.1276153646138,917.1654104522282,895.6906336160582,902.8756202342996
2025-07-30,920,1519,920,1422,921.1611714306375,965.2448951710636,916.3302166115069,913.1553109227293
2025-07-31,1081,1357,993,1291,924.8411597746112,996.2691908690575,931.0231492934086,920.6373839737644
2025-08-01,1364,1575,1364,1459,930.1561731101873,1040.338791738671,951.728123830922,931.29802983567
2025-08-04,364,395,258,323,924.1148181538671,972.0208115730833,927.0721189748074,919.2525242943697
2025-08-05,616,1124,574,728,922.1634269284555,948.7807342804086,919.2653692110895,915.4653455954713
2025-08-06,861,985,861,970,922.6394127301623,950.8016167298936,921.2549625753604,916.5452397420956
2025-08-07,339,1108,339,993,923.3395180761308,954.8205103746656,924.068493454758,918.0591953907671
2025-08-08,667,928,582,917,923.2764382942788,951.2185570056498,923.7912976330028,918.0382212246133
2025-08-11,552,1216,552,1109,925.1244339331417,966.2453611003498,931.0543840003361,921.8196425865021
2025-08-12,483,483,261,269,918.5958326004736,899.8410409955545,905.091466980715,908.8925209511259
2025-08-13,533,592,359,362,913.0575656094242,848.6180847102636,883.793762393236,898.0629660808066
2025-08-14,1624,1666,1443,1450,918.4002763993801,905.8925528330956,905.9979285738934,908.9924122970283
2025-08-15,740,1270,740,1141,920.6151990222719,928.2837382775626,915.2136960807995,913.5866219545129
2025-08-18,1033,1033,717,868,920.0916647036423,922.5424298701757,913.3621785874349,912.6839165692751
2025-08-19,588,945,507,850,919.3942352041036,915.6336270253971,910.8773872702806,911.442650894636
2025-08-20,775,1181,775,996,920.1564816199831,923.2875673086926,914.2155289459558,913.1170538472174
2025-08-21,1379,1379,902,1002,920.9708449869485,930.7839894697695,917.6580572225851,914.8771121868765
2025-08-22,277,277,89,173,913.528349016929,858.6140857107439,888.4557804687582,900.1864763019879
2025-08-25,1257,1396,1237,1396,918.3290619620342,909.793696595435,908.3594753523363,910.0045658801664
2025-08-26,899,936,664,847,917.6193200519642,903.8133445387269,905.9532214169506,908.7569507142225
2025-08-27,864,865,502,650,914.956441245477,879.6406450588482,895.9158401849132,903.6330507000795
2025-08-28,927,1292,927,970,915.504138347512,888.2462979103865,898.8211013541323,904.9472477159195
2025-08-29,729,1074,651,910,915.4493708017657,890.3180790617782,899.2594895363233,905.0473022165944
2025-09-02,1643,1643,1352,1354,919.8130586544844,934.4782620082756,917.0924507309772,913.9374546479489
2025-09-03,812,1216,812,1008,920.6905406579224,941.4803322932017,920.6574526630958,915.8000793083855
2025-09-04,773,795,475,475,916.2558089100824,897.0536339795635,903.1806898135626,907.0713648666353
2025-09-05,340,1038,340,803,915.1288854383403,888.0961450291289,899.2520353110699,905.0105457603653
2025-09-08,1165,1365,1001,1001,915.9833243892025,898.8488931215928,903.2421515733809,906.9113270324373
2025-09-09,1226,1315,1185,1262,919.4262763853299,933.4347128242982,917.3110868057973,913.942785903082
2025-09-10,764,1182,670,1030,920.5265124411973,942.6314068410318,921.7302598722366,916.2409485584666
2025-09-11,498,498,300,305,914.4018705263595,881.904606189505,897.54475948509,904.137167398893
2025-09-12,1190,1444,1190,1441,919.6416529091819,935.1517865524092,918.856729701361,914.7681145791129
2025-09-15,777,1024,624,953,919.9735767608317,936.8516164045608,920.1956814777782,915.5251816171502
2025-09-16,980,1289,980,1087,921.635531220923,951.1514624612693,926.7370273021791,918.9207225752265
2025-09-17,384,958,293,951,921.9277149898691,951.1370374649579,927.6885164275837,919.5559557915586
2025-09-18,608,697,455,524,917.968235238726,910.4573196111523,911.8575942147373,911.7231645877654
2025-09-19,1145,1447,1124,1366,922.4262627487884,953.8423367910426,929.6671003239633,920.7187454870176
2025-09-22,1353,1353,842,912,922.3225188408403,949.8573523347528,928.9742728602785,920.5460970615321
2025-09-23,399,1024,308,966,922.7571206434191,951.3947473504907,930.4262621598754,921.4461743474424
2025-09-24,756,1175,756,1127,924.7893880997035,968.1190571266344,938.1350361928214,925.5165471326416
2025-09-25,1327,1515,1261,1369,929.2093941882637,1006.2981945431454,955.0317014401618,934.2983976844704
2025-09-26,441,579,431,452,924.4610420072859,953.5078903009411,935.3049680503515,924.7479343639858
2025-09-29,1078,1237,1016,1039,925.6007331315915,961.6499959865657,939.3714398915141,927.010351505293
2025-09-30,874,1234,874,883,925.1768452397348,954.1595201783214,937.1607951898861,926.1388593962773
2025-10-01,1089,1105,865,934,925.2646378244141,952.2395658756241,937.0368424373415,926.2945255468461
2025-10-02,918,1335,803,918,925.1923528709373,948.9786548398504,936.2902995966615,926.1302775162155
2025-10-03,419,645,327,644,922.394419011525,919.9330686646265,924.8279349065964,920.5435393475776
2025-10-06,828,1127,810,1030,923.4651213099178,930.4156335537097,928.9523296161416,922.7109940139622
2025-10-07,840,1429,840,1370,927.9082544312121,972.2808113104992,946.2483166900183,931.5682020532897
2025-10-08,909,909,632,729,925.9290678199562,949.1112102333088,937.7287748590372,927.5569505274821
2025-10-09,1036,1539,1036,1463,931.2730571948821,998.0529997348984,958.3276464331926,938.1597831903042
2025-10-10,640,1689,640,1684,938.7628775213012,1063.381285474432,986.7853857887537,952.9288963944566
2025-10-13,259,396,259,378,933.1831473967112,998.1068773340098,962.9114490911555,941.5441657727843
2025-10-14,1499,1499,387,510,928.9723698106743,951.6205080641041,945.1502157934632,932.9987367475806
2025-10-15,381,985,269,829,927.9776198623094,939.9423644389514,940.5953053701901,930.9393558218859
2025-10-16,780,1478,780,1385,932.5251062318387,982.328805920956,958.0229404537121,939.930655706601
2025-10-17,754,1062,754,823,931.4353041797806,967.154633928484,952.7279231810174,937.6151971777574
2025-10-20,214,525,214,352,925.6697787650564,908.5684783162475,929.1699654092129,926.018856639584
2025-10-21,1064,1132,668,856,924.9765471355533,903.561956571843,926.3005550010084,924.632344626919
2025-10-22,965,1230,793,1030,926.0215566167916,915.6036749935722,930.3671999029297,926.7188328521286
2025-10-23,550,779,549,637,923.1457202325449,889.0699916608511,918.8626038283049,920.9818262609973
2025-10-24,335,752,335,751,921.4328274939127,875.920468645532,912.2797566193518,917.6158495033538
2025-10-27,610,1040,610,880,921.0205605536747,876.3089954411956,911.0138838107498,916.8709811963568
2025-10-28,1324,1461,1045,1255,924.3437390556282,912.374805399177,924.5035354260145,923.5666053310823
2025-10-29,1135,1469,874,1382,928.8975326968658,957.1010144087792,942.4445732524454,932.6444943344272
2025-10-30,1169,1205,758,1204,931.6348706799815,980.615203512705,952.701648811173,938.0178706842405
2025-10-31,1016,1066,724,791,930.2355187329171,962.5566127019712,946.3604076813231,935.1066257201961
2025-11-03,1412,1463,1022,1022,931.1485981485099,968.2178876827359,949.3266662036241,936.8272865970239
2025-11-04,1443,1443,1205,1266,934.4804528933008,996.5780888558087,961.7452283132859,943.3455581495581
2025-11-05,696,775,436,575,930.9035329640143,956.427794679065,946.5787487715884,936.051586701052
2025-11-06,866,1350,866,1290,934.4766321385017,988.1965761382016,960.0462488197613,943.0604661723182
2025-11-07,861,1052,570,571,930.859949231651,948.4635688869444,944.7895331797707,935.6929321887079
2025-11-10,625,983,553,690,928.4633328213857,923.8479908977116,934.797786780564,930.8277256107137
2025-11-11,676,738,558,653,925.7224041365959,898.0529441455486,923.7468931813262,925.3261864897095
2025-11-12,547,883,496,882,925.2873553392168,896.524092322163,922.1097601153919,924.4682422027845
2025-11-13,1055,1447,973,1431,930.3193219527569,947.4265597200523,942.0662401108667,934.4985740403531
2025-11-14,1360,1370,981,1098,931.9877864109385,961.7668873657616,948.1812895182837,937.736226039554
2025-11-17,1146,1641,1140,1617,938.8038283371978,1024.1700409499747,974.4094742430569,951.186993840751
2025-11-18,959,979,576,760,937.0246857666784,999.0109894309295,966.0012595668586,947.4011127745976
2025-11-19,984,1287,819,1116,938.8055346645224,1010.1527999613172,971.8835631132563,950.7397046008432
2025-11-20,196,1427,196,1426,943.6532407872635,1049.7572952030964,989.6920508343051,960.1507995592424
2025-11-21,477,531,189,267,936.9203727197286,975.2089813742301,961.3511860957049,946.4250411521286
2025-11-24,1241,1241,741,847,936.0256426429154,962.998602195732,956.8668258566576,944.4562284560469
2025-11-25,537,537,297,297,929.6671785370157,899.5701638913766,930.9896954309063,931.6353130410757
2025-11-26,582,582,308,574,926.1282016361499,868.5634816160075,916.9900995316551,924.5534256541238
2025-11-28,729,729,510,616,923.0423488835514,844.5098167001972,905.1865662166882,918.4434568292896
2025-12-01,957,1200,874,1199,925.788196158342,878.2707865382737,916.7086616591711,923.9990319415809
2025-12-02,982,1131,891,1077,927.292791221443,897.1973782965333,922.9945964960664,927.0287540813516
2025-12-03,414,590,414,489,922.9316689207321,858.3214375063873,905.9752005550441,918.3549173668694
2025-12-04,863,1008,807,964,923.3403090309736,868.3860625057789,908.2506828862189,919.2587803893076
2025-12-05,967,1039,567,1021,924.3120472495708,882.9207232195142,912.6722247338182,921.2734580053609
2025-12-08,988,1259,988,1258,927.632325386391,918.64255910337,926.2144904305312,927.9413103220865
2025-12-09,625,826,489,823,926.5912077208548,909.533743950668,922.1668633548242,925.8632645731342
2025-12-10,828,828,379,480,922.147514111692,868.6257683363187,904.8269863605174,917.0342890370325
2025-12-11,633,633,459,552,918.4644542697846,838.4709332566694,890.9906339542225,909.805887273923
2025-12-12,1112,1238,1072,1169,920.9573452720753,869.9498919941294,901.892962034449,914.938443961568
2025-12-15,855,1189,855,1000,921.74383934897,882.3356165661171,905.7402968566275,916.6228312098539
2025-12-16,1171,1397,1085,1236,924.870766320622,916.0179387979155,918.6916577642107,922.947131581936
2025-12-17,577,968,449,944,925.0611069542476,918.6828970076378,919.6841417734573,923.364020065462
2025-12-18,486,805,479,796,923.7769168352999,906.998811578339,914.8337832725374,920.8419602621856
2025-12-19,774,934,769,914,923.6796340807198,907.665591428021,914.8010858893007,920.7064759005582
2025-12-22,548,665,496,618,920.6380456819066,880.0783922444,903.161827619132,914.712288258963
2025-12-23,1262,1262,1028,1078,922.2038362721364,898.9280691735048,910.0182265360288,917.945708293439
2025-12-24,1004,1004,530,568,918.6794199908217,867.4111102045996,896.6057470640277,911.0160903074303
2025-12-26,982,1314,904,905,918.5433063590722,870.9910044708282,896.9349334536737,910.8969598062931
2025-12-29,995,1302,995,1151,920.8563082858476,897.6585278545589,906.8982693966669,915.6514754536933
2025-12-30,982,1121,895,1120,922.8378375566352,918.8339061541247,915.2552000085624,919.6979808902538
2025-12-31,1168,1544,1168,1513,928.7100978794548,975.4211531870652,938.6961725572462,931.4465357241102
2026-01-02,925,977,556,632,925.7577585970722,942.714376693059,926.6688716726483,925.5169013533357
2026-01-05,709,709,430,531,921.8298207005839,903.5034836746725,911.1524453325444,917.7046854849528
2026-01-06,816,816,563,576,918.3887279572946,872.312675705656,898.0092121822486,910.9382560694092
2026-01-07,1026,1369,1026,1337,922.5540142462767,916.5686113527364,915.2245371947095,919.3751222858566
2026-01-08,764,764,424,451,917.8619345025326,872.2287436048567,897.0196533831522,910.100367389107
2026-01-09,1044,1044,647,789,916.5797261990248,864.3021965948703,892.7835885445973,907.702340312095
2026-01-12,966,1001,766,799,915.4097786746564,858.0829397763113,889.1058007585347,905.5498187217564
2026-01-13,880,1121,854,975,916.0027162002817,869.2178978928531,892.4742007287882,906.925069836177
2026-01-14,900,900,644,645,913.3061717604779,847.8638123792481,882.769330111973,901.7384347899161
2026-01-15,777,777,485,610,910.2881999021647,825.2101159621768,872.0724936369936,895.961436081205
2026-01-16,1239,1239,988,1048,911.6584665698049,846.4282001562552,878.9716115335821,898.9721007132603
2026-01-20,1539,1539,1271,1434,916.8558947631402,902.3874191889928,900.7374306891279,909.5667125803244
2026-01-21,308,604,308,357,911.2851893426115,850.4457602186126,879.414394191515,898.624797479724
2026-01-22,330,799,330,767,909.8495158168143,842.4985449596971,875.0059865761615,896.0183658464621
2026-01-23,1223,1341,1215,1249,913.2241475002292,881.2129692492498,889.6724184751356,903.0081011762351
2026-01-26,687,1072,687,943,913.5204246395303,887.0974483683689,891.763696181993,903.8000199648245
2026-01-27,937,1049,872,875,913.1371368321718,885.9453104285242,891.1062963317188,903.2297225397784
2026-01-28,1019,1246,1019,1215,916.1407474109561,917.2838522924743,903.8080102010632,909.4033914003769
2026-01-29,799,1053,681,683,913.8209389790063,894.9711044550958,895.1488725461196,904.9201559271021
2026-01-30,1454,1522,1154,1154,916.2107803822003,919.64052307842,905.2998971521541,909.8524300671595
2026-02-02,815,815,629,740,914.4574392838699,902.5319018328562,898.8175482442265,906.4890156103841
2026-02-03,760,1025,760,763,912.9504000870155,889.2431492773461,893.4913698817078,903.6476489646338
2026-02-04,618,807,545,647,910.3041274493338,866.1723731556941,883.8250416510526,898.5655173019678
2026-02-05,1110,1359,1110,1267,913.8533401115295,904.3464328551518,898.8515106059133,905.8612496326219
2026-02-06,180,345,180,305,907.795097921365,847.2658202022801,875.563216072348,893.9630070656393
2026-02-09,1268,1268,771,854,907.2598233151823,847.9071706592058,874.7175997557854,893.1716603910722
2026-02-10,683,756,592,740,905.595546466275,837.6302972630909,869.4345566281075,890.1385582051104
2026-02-11,791,1090,791,921,905.7488246108892,845.5702689523204,871.4567308779857,890.7496758644152
2026-02-12,523,1451,523,1380,910.4677417789401,896.4683385759089,891.3996041768883,900.4378010948228
2026-02-13,747,747,366,529,906.6720428557666,861.4713539496319,877.1878549934809,893.0825971127471
2026-02-17,1192,1355,888,998,907.580778747749,874.474082144905,881.9255861702071,895.1601694471481
2026-02-18,563,834,448,766,906.1720147801097,864.1432171787235,877.3794847517676,892.6025423293828
2026-02-19,1153,1187,918,918,906.2897061753325,869.2724345902736,878.9724461340512,893.1054622832564
2026-02-20,654,1102,634,702,904.256972780553,853.3417265340571,872.0323502072257,889.32119570339
2026-02-23,1069,1515,1069,1403,909.2195899668162,905.6901335308136,892.854610983413,899.493053214214
2026-02-24,663,771,525,578,905.9238726537136,874.4815493850218,880.5073713370047,893.1268541406652
2026-02-25,1062,1178,819,820,905.0689087467115,869.2928303959721,878.1345332453574,891.6787976230282
2026-02-26,792,905,604,613,902.1627504507243,844.8839894058796,867.7371005690688,886.160405590889
2026-02-27,1187,1311,1105,1109,904.2208325357917,870.0378951767482,877.1983907428308,890.573070826713
2026-03-02,1377,1377,796,823,903.4126650478734,865.5580956361055,875.0729636548767,889.234990216283
2026-03-03,1652,1791,1294,1385,908.2045788284915,915.0287531945717,895.0701023350776,899.0521191228912
2026-03-04,882,882,600,673,905.8642347605463,891.9783957474696,886.361470870957,894.5758395362993
2026-03-05,1185,1507,1185,1377,910.5521528226304,938.1709294858058,905.6021975034685,904.1287932088478
2026-03-06,1555,1580,1403,1449,915.9098428442958,986.8213171538243,926.9119152484304,914.9183220561973
2026-03-09,1649,1649,831,917,915.9206901791785,980.1716679010792,926.5232126896684,914.9595434016192
2026-03-10,1175,1205,612,1152,918.2697380380921,996.5362709581193,935.3654396430147,919.6534138293099
2026-03-11,1116,1389,1085,1169,920.764566515325,1012.961388009727,944.5275792648573,924.5909699911058
2026-03-12,1392,1478,1292,1478,926.309197694277,1057.2507796278483,965.44806635251,935.5495646447473
2026-03-13,622,1133,622,1078,927.8185589112494,1059.2268958537675,969.8618676720193,938.3703653448513
2026-03-16,287,550,243,547,924.0293195190976,1010.4433819629324,953.2790493319402,930.6204571202007
2026-03-17,226,613,226,613,920.9345004194051,972.5916312997961,939.9347728875504,924.3309431178205
2026-03-18,1397,1517,1170,1516,926.8555501664757,1024.344809271244,962.5255661076465,936.0471620659825
2026-03-19,1251,1336,724,953,927.1156939459138,1017.5500655311255,962.1520144955819,936.3828618270522
2026-03-20,1349,1663,1349,1547,933.2836969912281,1067.9738688138755,985.0872296134022,948.4742903057245
2026-03-23,274,312,172,312,927.101769657982,995.9763574982683,958.691651981504,935.8708390125419
2026-03-24,1347,1347,573,829,926.1256326464598,980.073847260338,953.6057048449744,933.7545847746698
2026-03-25,217,733,217,626,923.13930794351,946.3525284736392,940.7584223020342,927.660434581112
2026-03-26,707,1255,707,1216,926.0533446803904,972.0332400475783,951.5522096627387,933.3701289458425
2026-03-27,1346,1496,1114,1458,931.3463462258592,1018.3157886144755,971.4129073230235,943.7588392637466
2026-03-30,418,1027,418,921,931.2433975071939,1009.0476182702398,969.4359305652579,943.308169179316
2026-03-31,197,444,197,309,925.0519209150825,942.3764165302169,943.5364823077967,930.7476113737849
2026-04-01,197,750,197,750,923.3101107567235,924.0548530511487,935.946816334942,927.1684507525218
2026-04-02,1382,1382,741,742,921.5060300526765,906.716295617706,928.341058831611,923.5017487574224
2026-04-06,927,1011,673,692,919.2223879626001,886.2671246064959,919.0727820146851,918.917555712721
2026-04-07,1296,1296,1021,1021,920.2351005201862,899.0988270249248,923.0699278180308,920.9389902530631
2026-04-08,264,374,264,331,914.3720646941147,844.9941768320749,899.8514992761473,909.2570300500322
2026-04-09,1096,1096,640,756,912.7962232543722,836.5185409433059,894.210264010416,906.2222373757742
2026-04-10,897,1178,876,1083,914.4897931722392,859.992965615372,901.6137830688311,909.7227871307093
2026-04-13,1265,1265,477,477,910.1366609018686,823.5174450805747,884.9622621641711,901.1540190687151
2026-04-14,766,782,597,752,908.5631617884171,816.7062598348057,879.7480558047919,898.2004741366613
2026-04-15,1068,1068,894,917,908.6471104273384,826.2580446124432,881.2089163614667,898.5727419755393
2026-04-16,783,998,754,850,908.0635570897529,828.519183220782,879.985037288468,897.6109055007762
2026-04-17,376,442,348,418,903.1873027903523,789.4221181521361,861.8679770026457,888.1136598472955
2026-04-20,804,847,724,802,902.1804639566175,790.6200116614565,859.5202131986204,886.4084388602204
2026-04-21,652,1342,554,1316,906.2980712804322,840.656201027032,877.4213813084784,894.9152024471467
2026-04-22,513,1029,506,941,906.6433641035125,850.2127533101718,879.9146604728518,895.8277726957181
2026-04-23,904,1169,841,992,907.4926838636765,863.716300613965,884.3101639837204,897.7321732363969
2026-04-24,1007,1031,830,890,907.3186273078189,866.2195100793017,884.5332948078882,897.5790608950821
2026-04-27,541,870,541,866,906.9074966878406,866.1986043574634,883.8064989330691,896.9537329565657
2026-04-28,636,1003,636,929,907.1273225914442,872.1796896567527,885.5787930925566,897.5883125019802
2026-04-29,1057,1437,1057,1376,911.7927223666537,920.1625763561095,904.8109972850053,907.0618112643173
2026-04-30,699,707,397,410,906.7997599550453,871.5756643221944,885.4066444502993,897.2190031204694
2026-05-01,992,1043,746,1017,907.8962797564876,885.425601053414,890.5671681973464,899.590904048777
2026-05-04,1229,1366,916,1319,911.9868640375175,926.7184009530888,907.368455719019,907.8960346616725
2026-05-05,502,583,455,557,908.4546564351542,891.5071246718422,893.6285162790575,900.9475983317384
2026-05-06,689,689,611,684,906.2212767691328,871.744541369762,885.407790150467,896.6516062855653
2026-05-07,887,1242,887,1193,909.0747964032709,902.3402993345466,897.4702297524095,902.5198913096135
2026-05-08,841,955,792,904,909.0243009166711,902.4983660645897,897.7262991738836,902.5492003925915
2026-05-11,984,1173,984,1171,911.6310242906346,928.0699502489146,908.4429148925549,907.86505781056
2026-05-12,1181,1344,1005,1076,913.2665364867477,942.1585264156846,915.0137809751998,911.1944626063904
2026-05-13,1345,1345,1157,1189,916.0101530391183,965.6672381856195,925.7583385840155,916.695562356759
2026-05-14,550,695,444,691,913.7712460437042,939.5084535965128,916.5521292277796,912.2263433001895
2026-05-15,1413,1488,1315,1387,918.4799898641648,982.1266961111306,935.0010653364941,921.6278018487005
2026-05-18,435,643,435,612,915.430437726213,946.8765345767372,922.3343568919257,915.4965582477362
2026-05-19,1334,1334,1059,1284,919.0977965548078,978.9835312837146,936.5173232883208,922.7936561042167
2026-05-20,645,645,464,473,914.6590125094864,930.7946235424084,918.3401733554455,913.886851032846
2026-05-21,1167,1282,690,793,913.448475071581,917.6713260621791,913.4248724395457,911.4930520024926
2026-05-22,701,873,583,791,912.2300822847991,905.6073902467335,908.6238970497595,909.1070509727402
2026-05-26,580,722,557,664,909.7601312172886,882.5971626041875,899.0308030478081,904.253446002983
2026-05-27,699,958,646,940,910.061025434032,888.0640994990267,900.637438222404,904.9612985573793
2026-05-28,1091,1091,790,884,909.8017117481212,887.6770424038813,899.9849896646626,904.5462233384213
2026-05-29,1135,1155,966,1143,912.1220927257518,911.9935145558926,909.5149900699699,909.268080302017
2026-06-01,1112,1172,966,1001,913.0064500120627,920.4703226934266,913.1026375182064,911.0845539594028
2026-06-02,818,818,715,791,911.7924554845795,908.1398157702431,908.3142987920022,908.7066419998107
2026-06-03,1268,1384,1205,1383,916.481087768315,953.3645952206962,926.9294243295708,918.0985896829827
2026-06-04,434,590,420,504,912.3767983377845,910.5679671044394,910.3439567088033,909.8986176100524
2026-06-05,1080,1253,1035,1207,915.3083724836772,938.799589284969,921.9775270339483,915.7818133009424
2026-06-08,757,971,664,970,915.8525677823471,941.7710569721148,923.8607612679111,916.8554407603297
2026-06-09,288,833,288,564,912.3515472073984,905.7928610700086,909.7485745515224,909.8682043096301
2026-06-10,640,1119,623,1113,914.3480492252353,925.5268743014364,917.7192186867569,913.890616105479
2026-06-11,433,798,360,542,910.6430935115513,889.0005053203472,902.9851316794332,906.5264454895289
2026-06-12,674,674,428,556,907.1143065114364,857.2861714803141,889.377871613573,899.5853277570629
2026-06-15,666,1030,666,1029,908.3270994814719,873.63986943457,894.8532491973544,902.1479945341508
2026-06-16,660,958,660,909,908.3337950090195,877.0075009169918,895.4080237386347,902.2836778107023
2026-06-17,685,1474,685,1447,913.6936577452482,931.2925008296593,917.0390816312373,913.070139636233
2026-06-18,587,798,587,721,911.7763079169373,911.264643607787,909.3512745084437,909.2667705345253
2026-06-22,755,1017,755,1016,912.8133595794553,921.2394394546644,913.5335774688969,911.3802998308714
2026-06-23,808,865,706,836,912.0490475438388,913.1213976018392,910.4930450191362,909.8876206262997
2026-06-24,637,863,637,808,911.0137336379299,903.1098359254736,906.4737099203466,907.8700439802344
2026-06-25,613,831,504,763,909.5409601688958,889.7660420278095,900.8472899234703,905.0013302380515
2026-06-26,828,828,513,555,906.0131894209466,857.8835618346848,887.284651102942,898.0706108273971
2026-06-29,1161,1260,1034,1034,907.2866900237232,874.6565559456672,893.0381941969442,900.7622819001219
2026-06-30,1069,1082,904,1026,908.4679169886613,889.070217284175,898.2523826598092,903.2422367139809
2026-07-01,663,886,601,884,908.2244551280776,888.5873394475869,897.6934656927579,902.8612023236051
2026-07-02,571,864,571,702,906.1724704999375,870.8171166430549,890.0192121361791,898.8837527726427
2026-07-06,886,1035,818,898,906.0911523855102,873.4059626770496,890.3321842092702,898.8662527177388
2026-07-07,798,1043,798,1043,907.4534294762017,889.5577757554258,896.3191573775341,901.7203863272886
2026-07-08,1321,1413,1321,1327,911.628022217732,931.2189399691948,913.2086021862583,910.1417648158571
2026-07-09,757,759,641,725,909.7710269717844,911.5790409245096,905.827872688758,906.475591255147
2026-07-10,537,798,531,693,907.6141013302741,890.7619894078897,897.4816816029244,902.2483518243521
2026-07-13,612,964,612,952,908.0557520633063,896.5941808928526,899.619654873398,903.2335329763451
2026-07-14,639,856,639,831,907.2890281621789,890.3471160459143,896.9286880156177,901.8031659867146
2026-07-15,499,794,499,794,906.1617741506149,881.1712002320177,892.8922688777503,899.6684498285618
2026-07-16,684,697,551,659,903.7024530147878,860.0120383051589,883.7200230394071,894.9027379507686
2026-07-17,880,1348,880,1270,907.3472047260834,899.0585108475246,898.8682574300186,902.3304065061989
2026-07-20,1135,1256,1104,1255,910.8064365198537,932.9577002906175,912.8342081190375,909.3139628130068
2026-07-21,684,891,684,757,909.2760242161736,916.1998240724635,906.7230627026047,906.2978447375017
2026-07-22,735,1027,735,952,909.7011384030774,919.6093646369908,908.49862887113,907.2028379110166
2026-07-23,1163,1328,1146,1240,912.9876942398627,950.1227584810869,921.4986826408896,913.7928807246598
2026-07-24,600,641,493,634,910.2116972822521,920.0158291019358,910.2242244981096,908.2524276410031
2026-07-27,386,744,386,663,907.7518793988465,895.5381310922276,900.5291568707328,903.3959439253397
2026-07-28,643,661,600,653,905.2170348277137,872.4392614643964,890.8221311110962,898.4376084020656
2026-07-29,1014,1251,968,1242,908.568109108035,907.635522277311,904.5938122439943,905.2408240772722
2026-07-30,842,1153,842,941,908.8908144900446,910.8130915842338,906.0215058814847,905.9489265707916
2026-07-31,1242,1453,971,1031,910.1058312612879,922.2594638143067,910.9226232978971,908.4251854505779
2026-08-03,537,615,444,549,906.5127384129169,886.7109434510394,896.7295792469992,901.307855045616
2026-08-04,858,858,579,626,903.7215668864202,861.8813297890356,886.1127330020188,895.8562143516433
2026-08-05,920,1122,866,1046,905.1372726885454,879.4164412376989,892.3828219039004,898.8293586219078
2026-08-06,855,1167,844,1124,907.3150112687589,902.7101135007752,901.4658484959043,903.2881832036521
2026-08-07,719,764,647,705,905.3019265795175,883.8805788816537,893.7613054176336,899.3616845263521
2026-08-10,1164,1239,1123,1150,907.7367332802188,909.2252856548296,903.8098816757656,904.3248194862263