time,open,high,low,close,EMA,EMA,EMA,EMA
2007-09-28,754,754,754,754,,,,
2007-10-01,1659,1659,1659,1659,,,,
2007-10-02,1186,1186,1186,1186,,,,
2007-10-03,655,655,655,655,,,,
2007-10-04,1219,1219,1219,1219,,,,
2007-10-05,1705,1705,1705,1705,,,,
2007-10-08,659,659,659,659,,,,
2007-10-09,1418,1418,1418,1418,,,,
2007-10-10,904,904,904,904,,,,
2007-10-11,688,688,688,688,,,,
2007-10-12,1263,1263,1263,1263,,,,
2007-10-15,474,474,474,474,,,,
2007-10-16,542,542,542,542,,,,
2007-10-17,1066,1066,1066,1066,,,,
2007-10-18,1005,1005,1005,1005,,,,
2007-10-19,155,155,155,155,,,,
2007-10-22,1267,1267,1267,1267,,,,
2007-10-23,1380,1380,1380,1380,,,,
2007-10-24,801,801,801,801,,,,
2007-10-25,1027,1027,1027,1027,,991.35,,
2007-10-26,1568,1568,1568,1568,,1046.2690476190476,,
2007-10-29,1142,1142,1142,1142,,1055.3862811791382,,
2007-10-30,737,737,737,737,,1025.0637782096965,,
2007-10-31,1575,1575,1575,1575,,1077.4386564754398,,
2007-11-01,204,204,204,204,,994.2540225253979,,
2007-11-02,1053,1053,1053,1053,,999.848877522979,,
2007-11-05,521,521,521,521,,954.2442225207906,,
2007-11-06,1460,1460,1460,1460,,1002.4114394235725,,
2007-11-07,184,184,184,184,,924.4674928118036,,
2007-11-08,1142,1142,1142,1142,,945.1848744487747,,
2007-11-09,557,557,557,557,,908.2148864060343,,
2007-11-12,720,720,720,720,,890.2896591292691,,
2007-11-13,1768,1768,1768,1768,,973.8811201645768,,
2007-11-14,732,732,732,732,,950.8448230060457,,
2007-11-15,478,478,478,478,,905.8119827197556,,
2007-11-16,972,972,972,972,,912.1156034131122,,
2007-11-19,263,263,263,263,,850.2950697547205,,
2007-11-20,1054,1054,1054,1054,,869.69553930189,,
2007-11-21,478,478,478,478,,832.3912022255195,,
2007-11-23,1739,1739,1739,1739,,918.7348972516604,,
2007-11-26,341,341,341,341,,863.7125260848356,,
2007-11-27,1421,1421,1421,1421,,916.7875236005656,,
2007-11-28,1854,1854,1854,1854,,1006.045854686226,,
2007-11-29,790,790,790,790,,985.4700590018235,,
2007-11-30,1345,1345,1345,1345,,1019.7110057635546,,
2007-12-03,711,711,711,711,,990.309957595597,,
2007-12-04,642,642,642,642,,957.1375806817306,,
2007-12-05,1607,1607,1607,1607,,1019.0292396644229,,
2007-12-06,1686,1686,1686,1686,,1082.5502644582873,,
2007-12-07,1013,1013,1013,1013,,1075.9264297479742,991.68,
2007-12-10,1344,1344,1344,1344,,1101.4572459624528,1005.4964705882353,
2007-12-11,202,202,202,202,,1015.7946511088859,973.9868050749711,
2007-12-12,1204,1204,1204,1204,,1033.7189700508968,983.0069303661487,
2007-12-13,784,784,784,784,,1009.9362109984304,975.2027370184566,
2007-12-14,351,351,351,351,,947.1803813795323,950.7241983118504,
2007-12-17,320,320,320,320,,887.4489164862434,925.9899160251111,
2007-12-18,1417,1417,1417,1417,,937.8823530113631,945.2452134358911,
2007-12-19,984,984,984,984,,942.2745098674237,946.7650089874247,
2007-12-20,1302,1302,1302,1302,,976.5340803562405,960.6957929487022,
2007-12-21,1687,1687,1687,1687,,1044.1975012746936,989.1783108722825,
2007-12-24,1560,1560,1560,1560,,1093.3215487723419,1011.5634751518008,
2007-12-26,977,977,977,977,,1082.2433060321189,1010.208044753691,
2007-12-27,287,287,287,287,,1006.5058483147742,981.8469449594286,
2007-12-28,1022,1022,1022,1022,,1007.9814818086053,983.4215745688628,
2007-12-31,758,758,758,758,,984.1737216363572,974.5815128210642,
2008-01-02,569,569,569,569,,944.6333671947993,958.6763554555322,
2008-01-03,774,774,774,774,,928.3825703191042,951.4341454376682,
2008-01-04,233,233,233,233,,862.1556588601419,923.2602573812891,
2008-01-07,1078,1078,1078,1078,,882.7122627782236,929.3284825820228,
2008-01-08,449,449,449,449,,841.4063329898213,910.4920715003749,
2008-01-09,1260,1260,1260,1260,,881.2723965146002,924.19826477487,
2008-01-10,1320,1320,1320,1320,,923.055977798924,939.7199014503653,
2008-01-11,466,466,466,466,,879.5268370561694,921.1426504130961,
2008-01-14,1333,1333,1333,1333,,922.7147573365341,937.2939190243472,
2008-01-15,294,294,294,294,,862.8371613997214,912.0667065135885,
2008-01-16,1035,1035,1035,1035,,879.2336222187955,916.8876199836438,
2008-01-17,254,254,254,254,,819.6875629598626,890.8920270431088,
2008-01-18,781,781,781,781,,816.0030331541614,886.5825357865162,
2008-01-23,1441,1441,1441,1441,,875.526553806146,908.3243971282214,
2008-01-24,1183,1183,1183,1183,,904.8097391579416,919.095989397703,
2008-01-25,753,753,753,753,,890.3516687619472,912.5824211860283,
2008-01-28,1645,1645,1645,1645,,962.2229384036665,941.3046791787331,
2008-01-29,1247,1247,1247,1247,,989.344563317603,953.2927309756454,
2008-01-30,716,716,716,716,,963.3117477635457,943.9871336824829,
2008-01-31,1571,1571,1571,1571,,1021.1868194051127,968.5758735380717,
2008-02-01,1652,1652,1652,1652,,1081.2642651760543,995.3768196738337,
2008-02-04,788,788,788,788,,1053.3343351592873,987.244395372899,
2008-02-05,214,214,214,214,,973.3977318107837,956.9210857504324,
2008-02-06,661,661,661,661,,943.6455668764233,945.3163372896312,
2008-02-07,1387,1387,1387,1387,,985.8697986024782,962.6372652390575,
2008-02-08,779,779,779,779,,966.1679130212898,955.4358038571336,
2008-02-11,1197,1197,1197,1197,,988.1519213049764,964.9089095882264,
2008-02-12,1312,1312,1312,1312,,1018.9945954664073,978.520324898492,
2008-02-13,1560,1560,1560,1560,,1070.5189197077018,1001.3234494122767,
2008-02-14,412,412,412,412,,1007.8028321164921,978.2127259059129,
2008-02-15,829,829,829,829,,990.7739909625406,972.3612464586222,
2008-02-19,1099,1099,1099,1099,,1001.081229918489,977.3274720876958,
2008-02-20,1384,1384,1384,1384,,1037.5496842119662,993.2754143587665,
2008-02-21,441,441,441,441,,980.7354285727314,971.6175549721482,
2008-02-22,1292,1292,1292,1292,,1010.3796734705664,984.1815724242208,971.92
2008-02-25,1672,1672,1672,1672,,1073.3911331400363,1011.1548440938592,985.7829702970297
2008-02-26,1427,1427,1427,1427,,1107.0681680790806,1027.462497266649,994.5199411822371
2008-02-27,877,877,877,877,,1085.156913976311,1021.5620071777608,992.1928136340739
2008-02-28,598,598,598,598,,1038.7610174071385,1004.9517323864761,984.3870153442903
2008-02-29,189,189,189,189,,957.8313967016968,972.9536252340653,968.6367774166805
2008-03-03,1029,1029,1029,1029,,964.6093589205828,975.1515222837098,969.832088754964
2008-03-04,721,721,721,721,,941.408467594813,965.1847959196427,964.9047206608063
2008-03-05,1196,1196,1196,1196,,965.6552802048309,974.2363725502449,969.4808648061369
2008-03-06,203,203,203,203,,893.021443994847,943.9918089208236,954.3030258990847
2008-03-07,725,725,725,725,,877.0194017096235,935.4038948454971,949.762371920885
2008-03-10,333,333,333,333,,825.2080301182308,911.7802126946933,937.549255645224
2008-03-11,1819,1819,1819,1819,,919.854884392685,947.3574592556857,955.003725830467
2008-03-12,687,687,687,687,,897.6782287362388,937.1473628142863,949.6967213585766
2008-03-13,1366,1366,1366,1366,,942.2803021899304,953.9651132921574,957.9403506386047
2008-03-14,228,228,228,228,,874.2536067432703,925.4958931630532,943.4860862695234
2008-03-17,455,455,455,455,,834.3246918153399,907.0450738233257,933.8130944622061
2008-03-18,1836,1836,1836,1836,,929.722340213879,943.4746787714305,951.6781817005783
2008-03-19,377,377,377,377,,877.0821173363667,921.2599854862764,940.2984157263095
2008-03-20,1482,1482,1482,1482,,934.6933442567126,943.2497899770107,951.0251797713331
2008-03-24,1677,1677,1677,1677,,1005.3892162322638,972.0243080171279,965.4009187857622
2008-03-25,1352,1352,1352,1352,,1038.3997670672863,986.925315545868,973.0563461365392
2008-03-26,708,708,708,708,,1006.9331225846877,975.9870678774025,967.807705618984
2008-03-27,614,614,614,614,,969.510920433765,961.7914965880926,960.8016124384101
2008-03-28,605,605,605,605,,934.7955946781683,947.7996731924811,953.7560359544811
2008-03-31,1345,1345,1345,1345,,973.8626808992951,963.3761565966976,961.5034411831053
2008-04-01,1789,1789,1789,1789,,1051.4948065279336,995.7535622203565,977.889511654727
2008-04-02,1219,1219,1219,1219,,1067.4476820967018,1004.5083244862249,982.663976770475
2008-04-03,1107,1107,1107,1107,,1071.2145695160634,1008.5276058789219,985.1260762403665
2008-04-04,1035,1035,1035,1035,,1067.765562895486,1009.5657389817093,986.1136786910523
2008-04-07,1060,1060,1060,1060,,1067.0259854768683,1011.5435531392893,987.5767741625166
2008-04-08,847,847,847,847,,1046.0711297171665,1005.0908647808858,984.7930756642489
2008-04-09,418,418,418,418,,986.254831648865,982.0676936130079,973.5694504035707
2008-04-10,1304,1304,1304,1304,,1016.516276253735,994.6924899419096,980.1126296035001
2008-04-11,261,261,261,261,,944.5623451819507,965.9202354343837,965.8727755519457
2008-04-14,861,861,861,861,,936.6040265931935,961.8057163977412,963.7960869271546
2008-04-15,1299,1299,1299,1299,,971.1179288224131,975.0290216370455,970.4337881761219
2008-04-16,1773,1773,1773,1773,,1047.4876498869453,1006.3220011806908,986.326188410258
2008-04-17,891,891,891,891,,1032.5840641834268,1001.7995697618402,984.4385411150054
2008-04-18,1578,1578,1578,1578,,1084.5284390231004,1024.3956650652974,996.1922333701538
2008-04-21,827,827,827,827,,1060.0019210209005,1016.6546585921485,992.8418921152992
2008-04-22,438,438,438,438,,1000.7636428284337,993.9623190395153,981.8549239546002
2008-04-23,1040,1040,1040,1040,,1004.5004387495353,995.7677182928676,983.0063115990636
2008-04-24,1270,1270,1270,1270,,1029.7861112495796,1006.5219254186375,988.6893549337356
2008-04-25,1317,1317,1317,1317,,1057.139814940096,1018.6975361865341,995.1905558261368
2008-04-28,1129,1129,1129,1129,,1063.9836420886581,1023.0231230027484,997.8402477899757
2008-04-29,724,724,724,724,,1031.604247604024,1011.2967260222485,992.4176686258178
2008-04-30,957,957,957,957,,1024.4990811655455,1009.1674426488271,991.7163286530293
2008-05-01,1464,1464,1464,1464,,1066.3563115307315,1027.0040135253437,1001.0684805608902
2008-05-02,1033,1033,1033,1033,,1063.1795199563762,1027.23915024984,1001.7007878765161
2008-05-05,887,887,887,887,,1046.400518055769,1021.7395757302384,999.429485146288
2008-05-06,1323,1323,1323,1323,,1072.7433258599815,1033.553710015327,1005.8368220740842
2008-05-07,410,410,410,410,,1009.6249138733166,1009.1006233480592,994.0380731221222
2008-05-08,1121,1121,1121,1121,,1020.2320649330007,1013.4888341971549,996.5521706840605
2008-05-09,854,854,854,854,,1004.4004397012864,1007.234370110992,993.7293554229899
2008-05-12,1576,1576,1576,1576,,1058.8384930630687,1029.5389046164432,1005.2594671967921
2008-05-13,1089,1089,1089,1089,,1061.7110175332525,1031.8707122785436,1006.9176955691329
2008-05-14,1157,1157,1157,1157,,1070.7861587205618,1036.777743169581,1009.889622389546
2008-05-15,1460,1460,1460,1460,,1107.8541436043179,1053.3746944178329,1018.8026991739115
2008-05-16,966,966,966,966,,1094.3442251658114,1049.948235813212,1017.7571011704676
2008-05-19,960,960,960,960,,1081.5495370547817,1046.4208540166155,1016.6133961967951
2008-05-20,711,711,711,711,,1046.2591049543264,1033.2670950355719,1010.5616457770566
2008-05-21,490,490,490,490,,993.2820473396287,1011.9625030733926,1000.2534943755307
2008-05-22,1183,1183,1183,1183,,1011.3504237834735,1018.6698558940438,1003.8722370611638
2008-05-23,403,403,403,403,,953.4122881850475,994.5259399766304,991.9737769213388
2008-05-27,1325,1325,1325,1325,,988.8015940721858,1007.4857070363704,998.5683555961638
2008-05-28,1175,1175,1175,1175,,1006.5347755891205,1014.0548949957284,1002.0620515249526
2008-05-29,1312,1312,1312,1312,,1035.62670172349,1025.7390167606018,1008.1994366432704
2008-05-30,1100,1100,1100,1100,,1041.7574920355385,1028.6512121817545,1010.0172695810273
2008-06-02,544,544,544,544,,994.3520166035825,1009.645282292274,1000.7892048368486
2008-06-03,853,853,853,853,,980.8899197841937,1003.5023300455182,997.8626859291883
2008-06-04,1000,1000,1000,1000,,982.7099274237943,1003.3649837692234,997.9050089800954
2008-06-05,1745,1745,1745,1745,,1055.3089819548616,1032.4487098959205,1012.6989691983114
2008-06-06,224,224,224,224,,976.1366979591605,1000.74483891961,997.0811678280478
2008-06-09,778,778,778,778,,957.2665362487643,992.0097471972723,992.7429268809577
2008-06-10,799,799,799,799,,942.193532796501,984.4407375032616,988.9064332793546
2008-06-11,348,348,348,348,,885.6036725301676,959.482277209016,976.2152167787733
2008-06-12,1114,1114,1114,1114,,907.3557037177707,965.5417957498389,978.9436283277084
2008-06-13,1638,1638,1638,1638,,976.9408747922687,991.9127057204335,991.994249548942
2008-06-16,1236,1236,1236,1236,,1001.6131724311002,1001.4847564764949,996.8260465875768
2008-06-17,734,734,734,734,,976.1262036281383,990.995158183299,991.6215704175257
2008-06-18,557,557,557,557,,936.2094223302204,973.9757402153266,983.0152026864856
2008-06-19,1211,1211,1211,1211,,962.3799535368661,983.2708092264903,987.5297531283373
2008-06-20,317,317,317,317,,900.9151960571645,957.1425421980005,974.2519362347069
2008-06-23,759,759,759,759,,887.3994630993393,949.3722464255299,969.9895216558018
2008-06-24,598,598,598,598,,859.8376094708308,935.5929426441365,962.6233925141028
2008-06-25,1436,1436,1436,1436,,914.7102180926564,955.2167488149547,971.9971867217442
2008-06-26,254,254,254,254,,851.7854354171653,927.7180527829958,957.7794206480463
2008-06-27,792,792,792,792,,846.0915844250543,922.3957762032704,954.4966598431345
2008-06-30,829,829,829,829,,844.463814479811,918.7331967443187,952.0115774700031
2008-07-01,943,943,943,943,,853.8482131007814,919.6848360876787,951.8331303913892
2008-07-02,354,354,354,354,,806.2436213768975,897.5011170254168,939.9948505816587
2008-07-03,729,729,729,729,,798.8870860076692,890.8932300832436,935.8167347285566
2008-07-04,956,956,956,956,,813.8502206736055,893.4464367466458,936.2164033477932
2008-07-07,619,619,619,619,,795.2930567999288,882.6838313840321,929.9348904102131
2008-07-08,1515,1515,1515,1515,,863.8365751999355,907.480543878776,941.5203381248624
2008-07-09,493,493,493,493,,828.518806133275,891.2264049031377,932.6387472709048
2008-07-10,1236,1236,1236,1236,,867.326538882487,904.7469380441911,938.6459007902928
2008-07-11,845,845,845,845,,865.2002018460596,902.4039208659875,936.7915265172177
2008-07-14,652,652,652,652,,844.8954207178634,892.5841592633998,931.1520903485599
2008-07-15,679,679,679,679,963.215,829.0958568399717,884.2083098805214,926.1589796485885
2008-07-16,1574,1574,1574,1574,969.2924626865672,900.0391085694982,911.2589643950107,938.987514705052
2008-07-17,1397,1397,1397,1397,973.5482590777457,947.368717277165,930.3076324579515,948.0570688693084
2008-07-18,928,928,928,928,973.0950425695094,945.5240775364827,930.2171370674436,947.659899188728
2008-07-21,1215,1215,1215,1215,975.5020570713053,971.1884511044367,941.3850924765634,952.9537625711295
2008-07-22,1450,1450,1450,1450,980.22342963776,1016.7895509992522,961.3307751245413,962.7962623221962
2008-07-23,1174,1174,1174,1174,982.1515547159912,1031.761974713609,969.6707447275005,966.9785145534398
2008-07-24,377,377,377,377,976.1301462113545,969.4036914075512,946.4287547381867,955.2957716909955
2008-07-25,1260,1260,1260,1260,978.954721870943,997.0795303211177,958.7256663170814,961.3295187862233
2008-07-28,498,498,498,498,974.169102747849,949.5481464810113,940.6579931281763,952.1546768300605
2008-07-29,1564,1564,1564,1564,980.0380668996117,1008.0673706256769,965.102777711385,964.2704258037227
2008-07-30,1362,1362,1362,1362,983.8386831493668,1041.775240089898,980.6673746638797,972.1462589561243
2008-07-31,655,655,655,655,980.5666564513632,1004.9395029384792,967.8961050692178,965.866135016399
2008-08-01,913,913,913,913,979.8943514120461,996.1833598014812,965.7433166351308,964.8192808576584
2008-08-04,576,576,576,576,975.8755021442646,956.1658969632449,950.4592650023806,957.1198891575068
2008-08-05,1582,1582,1582,1582,981.9065916751674,1015.7691448715073,975.2255683356206,969.4937527385463
2008-08-06,1175,1175,1175,1175,983.8279191211857,1030.933988217078,983.0598597734394,973.563183377387
2008-08-07,399,399,399,399,978.008735846348,970.7497988630705,960.15555154703,962.1856945976367
2008-08-08,1556,1556,1556,1556,983.7598927035983,1026.4879132570638,983.52200050597,973.9443937145152
2008-08-11,1367,1367,1367,1367,987.5732271045575,1058.9176358040102,998.5603534273046,981.727673046901
2008-08-12,707,707,707,707,984.7814537005321,1025.4016704893425,987.1266140772142,976.2875211053782
2008-08-13,985,985,985,985,984.7836282905765,1021.5538923475003,987.0432174467352,976.4600454399252
2008-08-14,1359,1359,1359,1359,988.507174277735,1053.6916168858336,1001.6297579390201,984.0350940450752
2008-08-15,1012,1012,1012,1012,988.740933737658,1049.7209867062304,1002.0364340982742,984.5888545590341
2008-08-18,488,488,488,488,983.758436884547,996.2237498770656,981.8781425650085,974.7554118944987
2008-08-19,527,527,527,527,979.213576816044,951.5357736982975,964.0397840330473,965.8889680946077
2008-08-20,1151,1151,1151,1151,980.9228944596655,970.532366679412,971.3715572082219,969.5545330828332
2008-08-21,893,893,893,893,980.0480397884251,963.1483317575633,968.2981628078995,968.0386017346583
2008-08-22,1502,1502,1502,1502,985.2415916313263,1014.467538256843,989.2276466193545,978.6120947696155
2008-08-25,257,257,257,257,977.9954066399698,942.3277727085722,960.5128369480072,964.322746358336
2008-08-26,1266,1266,1266,1266,980.8611239868358,973.1536991172796,972.4927256951443,970.2965533611412
2008-08-27,1602,1602,1602,1602,987.041610315325,1033.043823010872,997.1792854718053,982.8055325025047
2008-08-28,1629,1629,1629,1629,993.4292559838292,1089.8015541526938,1021.9565683944796,995.60146255196
2008-08-29,564,564,564,564,989.1563280635921,1039.725215661961,1003.9974872809706,987.0548989370698
2008-09-02,1016,1016,1016,1016,989.4234292768897,1037.4656713132028,1004.4681740542659,987.6280692551476
2008-09-03,1002,1002,1002,1002,989.5485692840848,1034.087988330993,1004.3713829148829,987.9126619431645
2008-09-04,191,191,191,191,981.6028123757854,953.7938942042318,972.4744659378287,972.1322131918147
2008-09-05,1046,1046,1046,1046,982.2435804118472,962.575428089543,975.3578202147766,973.5949416434619
2008-09-08,1447,1447,1447,1447,986.868022397799,1008.7111016048246,993.8535919710598,982.9692992346804
2008-09-09,207,207,207,207,979.1081415779204,932.3576633567461,962.9965883643516,967.603570536964
2008-09-10,1320,1320,1320,1320,982.5001003681898,969.2759811322941,976.9967221539849,974.5817176550439
2008-09-11,1110,1110,1110,1110,983.7687560859192,982.6782686435041,982.2125369714757,977.2632678004886
2008-09-12,1259,1259,1259,1259,986.5073754283479,1008.9946240107894,993.0669472863199,982.8422129925582
2008-09-15,100,100,100,100,977.6864065186131,922.4237074383333,958.0447140594054,965.3601889729035
2008-09-16,1331,1331,1331,1331,981.2019646627065,961.3357353013491,972.6704115472718,972.6005812704698
2008-09-17,180,180,180,180,973.2298058103412,886.9228081297921,941.5852973689474,956.905520255213
2008-09-18,1690,1690,1690,1690,980.3618475435716,963.406350212669,970.9348935505573,971.4222426263968
2008-09-19,1733,1733,1733,1733,987.8507843839341,1036.7009835257481,1000.8197996858295,986.5029902971612
2008-09-22,332,332,332,332,981.3249059323526,969.5866041423435,974.5915722471696,973.5425350437521
2008-09-23,547,547,547,547,977.0032650773044,929.3402608906918,957.8232752963002,965.0961482112025
2008-09-24,709,709,709,709,974.3365659223064,908.3554741391973,948.0654997944845,960.0249373555351
2008-09-25,1491,1491,1491,1491,979.4774956146217,963.8454289830833,969.3570488221518,970.5392950316632
2008-09-26,806,806,806,806,977.7513513796504,948.8125309846944,962.9508900448125,967.28109116965
2008-09-29,97,97,97,97,968.9876563410469,867.6875280337711,928.9920316116826,950.0478022355976
2008-09-30,1678,1678,1678,1678,976.0425055316832,944.8601444115071,958.3648931171068,964.4626972408333
2008-10-01,753,753,753,753,973.8231771184327,926.5877497056493,950.3113678968281,960.2753170974505
2008-10-02,159,159,159,159,965.7154838137717,853.4841544955875,919.2795495479329,944.4084791351247
2008-10-03,518,518,518,518,961.2606033778138,821.5332826388649,903.5430966244845,935.9647468750233
2008-10-06,205,205,205,205,953.7356222496763,762.8158271494492,876.1492496980342,921.4901974319534
2008-10-07,178,178,178,178,946.0168598392318,707.1190817066445,848.7708477490917,906.7676192649841
2008-10-08,598,598,598,598,942.5540055124733,696.7267882107735,838.9366968569705,900.6534089825092
2008-10-09,125,125,125,125,934.419139785981,642.2766179049855,810.9391793331677,885.293935537311
2008-10-10,940,940,940,940,934.4746707333842,670.6312257235584,816.0003879867689,886.3772239425127
2008-10-13,1911,1911,1911,1911,944.1913406763356,788.7615851784576,858.9415492421898,906.6667838644431
2008-10-14,747,747,747,747,942.2292377840338,784.7842913519378,854.5516845660255,903.5050653720779
2008-10-15,67,67,67,67,933.5204891493668,716.4238826517533,823.6673047791226,886.9406086320367
2008-10-16,1573,1573,1573,1573,939.8834693568358,798.0025604944434,853.0529006701373,900.5259431145706
2008-10-17,914,914,914,914,939.6259223980613,809.0499356854488,855.4429829967986,900.7927561222028
2008-10-20,1704,1704,1704,1704,947.231634613006,894.2832751439774,888.71972876163,916.697850060377
2008-10-21,357,357,357,357,941.3586830248169,843.1134394159797,867.8679746925465,905.6147243166072
2008-10-22,128,128,128,128,933.2655618006893,775.0073975668388,838.8535443124466,890.2164129440011
2008-10-23,716,716,716,716,931.1037154146128,769.387645417616,834.0357582609781,886.766582984714
2008-10-24,294,294,294,294,924.7643749627262,724.1126315683192,812.8578853879986,875.0286308464028
2008-10-27,277,277,277,277,918.3189582964304,681.5304761808602,791.8438506669006,863.1864797405335
2008-10-28,1774,1774,1774,1774,926.8331975173614,785.575192735064,830.359778091728,881.2223910328001
2008-10-29,1233,1233,1233,1233,929.8796333629598,828.1870791412483,846.1495907155818,888.1882842796754
2008-10-30,1731,1731,1731,1731,937.8509802946717,914.1692620801771,880.8496067659511,904.8776251850284
2008-10-31,1561,1561,1561,1561,944.0514680529336,975.7721895011126,907.522171206502,917.8701474585922
2008-11-03,1042,1042,1042,1042,945.0260803111133,982.0796000248162,912.7958115513451,920.3281643406003
2008-11-04,1583,1583,1583,1583,951.3740795119978,1039.310114308167,939.07832874541,933.4503789081132
2008-11-05,203,203,203,203,943.927571258147,959.6615319931034,910.2125119318645,918.9860149693386
2008-11-06,237,237,237,237,936.8934660714988,890.8366241842364,883.8120212678698,905.4813414055893
2008-11-07,1502,1502,1502,1502,942.516416657852,949.0426599762138,908.0546871005024,917.2935920708252
2008-11-10,562,562,562,562,938.7301836562814,912.1814542641935,894.4839150573455,910.2580753961554
2008-11-11,372,372,372,372,933.0910773512437,860.7356014771274,873.994349760979,899.5994996457365
2008-11-12,110,110,110,110,924.9011163825746,789.23697276502,844.0337870252544,883.9638659893853
2008-11-13,1804,1804,1804,1804,933.6483689558823,885.8810705969229,881.6795208674013,902.1824032965262
2008-11-14,217,217,217,217,926.5175394140327,822.178111492454,855.6136573039738,888.6144349144167
2008-11-17,533,533,533,533,922.601942006928,794.6373389693632,842.962141331269,881.5725649161114
2008-11-18,897,897,897,897,922.3471963153168,804.3861638294238,845.0812730437682,881.8780586801488
2008-11-19,92,92,92,92,914.0850351579504,736.5398625123358,815.5486741008754,866.2369090033142
2008-11-20,178,178,178,178,906.7608059523986,683.3455898921134,790.5467653126058,852.6084553596842
2008-11-21,1596,1596,1596,1596,913.6189073857081,770.2650575214359,822.1331666728958,867.3290800060271
2008-11-24,1849,1849,1849,1849,922.9261819390841,873.0017187098706,862.4024542543508,886.7681081247197
2008-11-25,1284,1284,1284,1284,926.518956248148,912.1444121660734,878.9356913424155,894.6340861816559
2008-11-26,1780,1780,1780,1780,935.0113049421963,994.797325293114,914.2715465838894,912.1660844750885
2008-11-28,1300,1300,1300,1300,938.6430332512291,1023.8642466937698,929.3981526002075,919.8459639904332
2008-12-01,97,97,97,97,930.2684757064408,935.5914612943632,896.7550877923562,903.5519845054741
2008-12-02,1706,1706,1706,1706,937.9871973412025,1008.9637030758524,928.4901823887344,919.442044218237
2008-12-03,1431,1431,1431,1431,942.8927973676582,1049.1576361162474,948.196449746039,929.571904728767
2008-12-04,421,421,421,421,937.6998342097711,989.3330993432714,927.522079167763,919.5011739420587
2008-12-05,1622,1622,1622,1622,944.5087910833057,1049.5870898820076,954.7565074356938,933.4120417847902
2008-12-08,1689,1689,1689,1689,951.916663808845,1110.4835575122927,983.5503698891961,948.37417957123
2008-12-09,530,530,530,530,947.718488049553,1055.1994091777885,965.7640808739335,940.0895423519977
2008-12-10,1531,1531,1531,1531,953.5222841883634,1100.5137511608564,987.9301953494655,951.7907395331463
2008-12-11,339,339,339,339,947.4076345944494,1027.9886320026797,962.4819523945845,939.656269443381
2008-12-12,1444,1444,1444,1444,952.3488521606738,1067.6087622881387,981.3650130849929,949.6432740088586
2008-12-15,460,460,460,460,947.4498586068363,1009.7412611178397,960.9193262973462,939.9473675928416
2008-12-16,1874,1874,1874,1874,956.6692629988081,1092.051617201855,996.7264115405875,958.4434593236764
2008-12-17,1033,1033,1033,1033,957.4287728197155,1086.427653658821,998.1489052056625,959.9198264657819
2008-12-18,625,625,625,625,954.1210238364348,1042.4821628341715,983.5156148054404,953.2877506941823
2008-12-19,1158,1158,1158,1158,956.1496703654255,1053.4838616118695,990.3581397150309,957.3414586012282
2008-12-22,473,473,473,473,951.3422109588043,998.199684315501,970.0695852164023,947.7505386289266
2008-12-23,605,605,605,605,947.8960198049854,960.7520953330724,955.7531308941905,940.963399250136
2008-12-24,1112,1112,1112,1112,949.5288952298114,975.1566576823036,961.8804590944183,944.3502626313215
2008-12-26,1492,1492,1492,1492,954.9266176653357,1024.3798331411317,982.6694606985587,955.1948118861468
2008-12-29,616,616,616,616,951.5542135094618,985.4865156991192,968.2902661613604,948.4780829379063
2008-12-30,1728,1728,1728,1728,959.2800422307606,1056.2020856325364,998.0828047432678,963.9141605034923
2008-12-31,1726,1726,1726,1726,966.9090965369222,1119.9923631913425,1026.628577106277,979.0049692063935
2009-01-02,1589,1589,1589,1589,973.0990557753609,1164.6597571731195,1048.6823583962268,991.084078727059
2009-01-05,1171,1171,1171,1171,975.0682193994866,1165.2635898232986,1053.4791286551983,994.6467702374143
2009-01-06,1493,1493,1493,1493,980.2217694552131,1196.4765812686987,1070.7152412569553,1004.5151510247923
2009-01-07,279,279,279,279,973.2444384158578,1109.0978592431084,1039.6675847370748,990.148514370836
2009-01-08,1293,1293,1293,1293,976.4260857948044,1126.6123488390028,1049.6021892571896,996.1455734922056
2009-01-09,320,320,320,320,969.894482951075,1049.7921251400503,1020.9903386980841,982.7565522349341
2009-01-12,312,312,312,312,963.3482691903678,979.5262084600455,993.1867960040415,969.474244269886
2009-01-13,1176,1176,1176,1176,965.4642068103641,998.2379981305173,1000.355941258785,973.5638631952347
2009-01-14,137,137,137,137,957.2207818669774,916.2153316418967,966.4988455231464,956.9982421418638
2009-01-15,1317,1317,1317,1317,960.8006745847189,954.3853000569542,980.2439888359642,964.1269898222229
2009-01-16,1339,1339,1339,1339,964.5638519520351,991.0152714801014,994.3128520188675,971.5502177465353
2009-01-20,113,113,113,113,956.0905797933084,907.3947694343775,959.7515637044021,954.5492233357128
2009-01-21,1807,1807,1807,1807,964.557340193375,993.0714580596749,992.9769925787392,971.4294367350057
2009-01-22,391,391,391,391,958.8503019824957,935.7313191968487,969.3700516932985,959.9357845224313
2009-01-23,1157,1157,1157,1157,960.8219407687395,956.804526892387,976.7280888817966,963.8380462150564
2009-01-26,1318,1318,1318,1318,964.375951308354,991.2040957597787,990.1113010825104,970.8511542107979
2009-01-27,1399,1399,1399,1399,968.7005687082709,1030.041800925514,1006.1461520204512,979.3293491769207
2009-01-28,1751,1751,1751,1751,976.4846426514722,1098.7044865516555,1035.3561068431786,994.6099561239124
2009-01-29,234,234,234,234,969.0967357594177,1016.3516783086407,1003.930377163054,979.5483728343299
2009-01-30,407,407,407,407,963.5037334135528,958.3181851363892,980.5213427645028,968.2107812930561
2009-02-02,992,992,992,992,963.7872783547115,961.5259770281616,980.9714861855027,968.6818549308174
2009-02-03,1306,1306,1306,1306,967.1923800626248,994.3330268350034,993.7177024135223,975.3614221599101
2009-02-04,864,864,864,864,966.1655902112554,981.9203576126221,988.6307336914233,973.1562454834763
2009-02-05,1421,1421,1421,1421,970.6913057315414,1023.73746641142,1005.5863911937204,982.0244386422193
2009-02-06,1739,1739,1739,1739,978.3361683610783,1091.8577077055704,1034.3477091861234,997.014053718611
2009-02-09,936,936,936,936,977.9149129545004,1077.0141164955162,1030.4909362768637,995.8058546350741
2009-02-10,165,165,165,165,969.8262073529631,990.1556292102289,996.5501152463985,979.3542535531914
2009-02-11,1153,1153,1153,1153,971.6488321554212,1005.6646169044928,1002.6854048445789,982.7927831858015
2009-02-12,1022,1022,1022,1022,972.149838800641,1007.2203676754935,1003.4428399487131,983.5691637167757
2009-02-13,777,777,777,777,970.2080493598386,985.2946183730656,994.5627285781753,979.4786852273346
2009-02-17,131,131,131,131,961.857720510487,903.9332261470594,960.697523535894,962.677127104021
2009-02-18,648,648,648,648,958.7347581173478,879.5586331806728,948.4348755540942,956.4458968643374
2009-02-19,610,610,610,610,955.2647605241403,853.8863824015611,935.1629196500121,949.5855820749446
2009-02-20,592,592,592,592,951.6501857925568,828.944822172841,921.7055502519725,942.5046794595992
2009-02-23,191,191,191,191,944.0815272274567,768.1881724420942,893.0504306342481,927.623398678221
2009-02-24,1804,1804,1804,1804,952.6379299416113,866.8369179237995,928.7739431583952,944.9773907836027
2009-02-25,508,508,508,508,948.213671932242,832.6619733596282,912.2730042110072,936.3243731443234
2009-02-26,730,730,730,730,946.0423916145083,822.8846425634731,905.1250432615559,932.2387419929507
2009-02-27,685,685,685,685,943.4449548820256,809.7527718431423,896.4926886238478,927.342925319823
2009-03-02,116,116,116,116,935.2116717488711,743.6810792866526,865.8851322072263,911.2767287788365
2009-03-03,704,704,704,704,932.9110580996287,739.9019288784,859.5366956500802,907.1722391000477
2009-03-04,1688,1688,1688,1688,940.4243809046075,830.1969832709333,892.0254526834104,922.6341749594527
2009-03-05,143,143,143,143,932.4898099503328,764.7496515308444,862.6519055193551,907.1958744652061
2009-03-06,894,894,894,894,932.1068267667473,777.0592085279069,863.8812425578118,906.9345700203505
2009-03-09,584,584,584,584,928.6430772466801,758.6726172395348,852.9055075555447,900.5398260595515
2009-03-10,1883,1883,1883,1883,938.1391660302953,865.7514155976744,893.3013700043468,919.9944829692633
2009-03-11,1042,1042,1042,1042,939.1726071643222,882.5369950645626,899.1326888277058,922.4104338015552
2009-03-12,1842,1842,1842,1842,948.1559643069658,973.9144241060328,936.1078775011291,940.6201281817224
2009-03-13,1175,1175,1175,1175,950.4131188909761,993.0654313340297,945.4761960304966,945.2613137622824
2009-03-16,945,945,945,945,950.3592570114639,988.4877712069792,945.4575216763594,945.2561392323362
2009-03-17,1731,1731,1731,1731,958.1268265934394,1059.2032215682193,976.2631090616002,960.815423603973
2009-03-18,1683,1683,1683,1683,965.3394949855445,1118.6124385617222,1003.9782812552629,975.1161082850825
2009-03-19,898,898,898,898,964.6694502593202,1097.6017301272725,999.8222702256447,973.589056635873
2009-03-20,418,418,418,418,959.2299532418145,1032.877755829437,977.0057106089528,962.587293138133
2009-03-23,1907,1907,1907,1907,968.6605009707517,1116.1274933694906,1013.4760748987977,981.2885348581699
2009-03-24,416,416,416,416,963.1613915083562,1049.4486844771582,990.045640589041,970.0947024847408
2009-03-25,1447,1447,1447,1447,967.975706020711,1087.3107145269526,1007.9654193894708,979.5383717424687
2009-03-26,1726,1726,1726,1726,975.5182363090621,1148.1382655243856,1036.1236382369425,994.319790123806
2009-03-27,283,283,283,283,968.627507589569,1065.7441449982537,1006.5893779139251,980.2342497253148
2009-03-30,209,209,209,209,961.0690249269862,984.1494645222296,975.3113630937712,964.9622843842195
2009-03-31,1478,1478,1478,1478,966.2126167187575,1031.1828488534459,995.0246429724468,975.1214470696805
2009-04-01,1551,1551,1551,1551,972.0313966519043,1080.6892442007368,1016.8275981499979,986.524982771271
2009-04-02,1817,1817,1817,1817,980.4390444464127,1150.814078086381,1048.2069080264687,1002.9700326173844
2009-04-03,1419,1419,1419,1419,984.802835048936,1176.3555944591067,1062.7478135940582,1011.2082497932778
2009-04-06,538,538,538,538,980.3570356952152,1115.5598235582393,1042.1694679629188,1001.8377894013317
2009-04-07,277,277,277,277,973.3584582256111,1035.6969832193593,1012.1628221604515,987.4845658488301
2009-04-08,1595,1595,1595,1595,979.5439462034657,1088.9639371984679,1035.019182075728,999.514574445883
2009-04-09,1826,1826,1826,1826,987.9663944999486,1159.157847941471,1066.0380376806013,1015.8806224766575
2009-04-13,1079,1079,1079,1079,988.8722015198496,1151.5237671851403,1066.5463499284208,1017.1305111404861
2009-04-14,461,461,461,461,983.6197418032342,1085.7595988817936,1042.7994342449533,1006.1180257713676
2009-04-15,1471,1471,1471,1471,988.4692966111622,1122.4491608930514,1059.5916132941709,1015.3236094194593
2009-04-16,1570,1570,1570,1570,994.2556717692602,1165.0730503318084,1079.6076284591054,1026.3073003220443
2009-04-17,1271,1271,1271,1271,997.0093466770287,1175.1613312525885,1087.1132116567876,1031.152700315667
2009-04-20,145,145,145,145,988.5316417349687,1077.0507282761516,1050.1675955133842,1013.6051220915945
2009-04-21,1704,1704,1704,1704,995.6507298769094,1136.7601827260419,1075.8080819638396,1027.276307792751
2009-04-22,992,992,992,992,995.6144042064924,1122.9734986568951,1072.5214905142773,1026.5777670443797
2009-04-23,1077,1077,1077,1077,996.4242111298108,1118.5950702133814,1072.6971183372468,1027.5762271029068
2009-04-24,1586,1586,1586,1586,1002.2906368897133,1163.1098254311546,1092.8266431083352,1038.6341235959185
2009-04-27,539,539,539,539,997.6807798062335,1103.6707944377113,1071.1079512217339,1028.7403785742172
2009-04-28,1074,1074,1074,1074,998.4401750320421,1100.8450044912627,1071.221364899313,1029.6366087014603
2009-04-29,1758,1758,1758,1758,1005.9979842357034,1163.431194539714,1098.1538603934575,1044.0596461529165
2009-04-30,943,943,943,943,1005.3711386214178,1142.4377474406936,1092.0693952799886,1042.0584650409776
2009-05-01,1194,1194,1194,1194,1007.248042714737,1147.3484381606274,1096.0666738964596,1045.0672083074928
2009-05-04,1790,1790,1790,1790,1015.0366194041426,1208.5533488119963,1123.2797455083632,1059.8183526974435
2009-05-05,781,781,781,781,1012.7078968230069,1167.8339822584728,1109.8570103903883,1054.2971971984841
2009-05-06,1326,1326,1326,1326,1015.825231182977,1182.8974125195707,1118.3332060613534,1059.6774507193063
2009-05-07,554,554,554,554,1011.2299552508081,1123.0024208510401,1096.202492098163,1049.6640358535774
2009-05-08,1734,1734,1734,1734,1018.4216969896061,1181.1926664842745,1121.2141590747055,1063.2152430643976
2009-05-11,404,404,404,404,1012.3080482633413,1107.1743172952959,1093.0881136207956,1050.1614758750036
2009-05-12,756,756,756,756,1009.7577194249001,1073.7291442195533,1079.8689719101762,1044.3364961547065
2009-05-13,147,147,147,147,1001.1730655002742,985.469225722453,1043.2858749725224,1026.5674566268906
2009-05-14,1503,1503,1503,1503,1006.1663683311173,1034.757870891743,1061.3138798755608,1036.001764416457
2009-05-15,614,614,614,614,1002.2642154123997,994.6856927115771,1043.772159096127,1027.645293833953
2009-05-18,1828,1828,1828,1828,1010.4804918759579,1074.0489600723793,1074.5261920727496,1043.493901876845
2009-05-19,1095,1095,1095,1095,1011.3214820065454,1076.044297208343,1075.3290865012693,1044.513824611957
2009-05-20,898,898,898,898,1010.1939050711568,1059.0876974742152,1068.3750046776902,1041.6125607582549
2009-05-21,428,428,428,428,1004.4009308913443,998.9841072385757,1043.2622593962121,1029.4618169808637
2009-05-22,878,878,878,878,1003.1432101859577,987.4618113110923,1036.7813864787136,1026.4625730802525
2009-05-26,1809,1809,1809,1809,1011.1616857064955,1065.7035435671787,1067.0644693619013,1041.9583637123267
2009-05-27,452,452,452,452,1005.5978878387692,1007.2555870369712,1042.944294092807,1030.276019876439
2009-05-28,1363,1363,1363,1363,1009.1541277607715,1041.1360073191645,1055.4954982460304,1036.864613542252
2009-05-29,1555,1555,1555,1555,1014.5854299721071,1090.0754351935298,1075.0839100795195,1047.1247202047816
2009-06-01,1759,1759,1759,1759,1021.9925401216384,1153.7825366036698,1101.9041488999305,1061.2212603987464
2009-06-02,1135,1135,1135,1135,1023.1169924587365,1151.9937235937964,1103.2020254136587,1062.6822255393652
2009-06-03,465,465,465,465,1017.5635895486993,1086.5657499181968,1078.1744950052798,1050.8469339445262
2009-06-04,1549,1549,1549,1549,1022.8515140308018,1130.6071070688447,1096.6382402991903,1060.7113510941394
2009-06-05,904,904,904,904,1021.6689119011421,1109.0254778241929,1089.0837995031436,1057.6081560229684
2009-06-08,646,646,646,646,1017.9309127777476,1064.9278132695079,1071.7079642285105,1049.4574994680581
2009-06-09,1146,1146,1146,1146,1019.2052320535909,1072.648973910507,1074.6213773960199,1051.369232151859
2009-06-10,836,836,836,836,1017.3822944212168,1050.1109763952206,1065.263676321666,1047.1044948815252
2009-06-11,1198,1198,1198,1198,1019.1794855215032,1064.1956453099615,1070.4690223482673,1050.0925246858515
2009-06-12,909,909,909,909,1018.0831722327321,1049.4151076613937,1064.1369038248058,1047.2986133059337
2009-06-15,188,188,188,188,1009.8236381806651,967.3755735984038,1029.7785938708919,1030.2827991810636
2009-06-16,438,438,438,438,1004.1338507360813,916.9588523033177,1006.5715901896805,1018.5544269200525
2009-06-17,901,901,901,901,1003.1076432660706,915.4389616077636,1002.4315278293009,1016.226616485992
2009-06-18,1153,1153,1153,1153,1004.5991095022291,938.0638224070242,1008.3361737967792,1018.9350003179526
2009-06-19,1197,1197,1197,1197,1006.5135462236,962.7244107492123,1015.7347552165133,1022.4610399156169
2009-06-22,169,169,169,169,998.1800781019721,887.1316097254778,982.5294706982187,1005.5608213034265
2009-06-23,907,907,907,907,997.272813643246,889.0238373706704,979.5675306708375,1003.6091218716755
2009-06-24,1435,1435,1435,1435,1001.6283080348554,941.0215671448923,997.4276275072752,1012.151515497979
2009-06-25,1787,1787,1787,1787,1009.4429517360012,1021.5909417025216,1028.3912499579703,1027.4950498445537
2009-06-26,1177,1177,1177,1177,1011.1101860470858,1036.3918043975195,1034.2190440772656,1030.4555439070377
2009-06-29,1181,1181,1181,1181,1012.800631957065,1050.1640135025177,1039.9751599958042,1033.4366222455121
2009-06-30,716,716,716,716,1009.8473918380892,1018.3388693594208,1027.2702517606747,1027.15074853768
2009-07-01,1494,1494,1494,1494,1014.6648307252724,1063.6399294204284,1045.573379142609,1036.3952881705973
2009-07-02,196,196,196,196,1006.5189120115881,981.0075551899114,1012.2567760389773,1019.753797315734
2009-07-06,844,844,844,844,1004.9018084094828,967.959216600396,1005.6584710962723,1016.2735241015611
2009-07-07,288,288,288,288,997.7684570820253,903.2011959717868,977.5150016415165,1001.8522661985598
2009-07-08,641,641,641,641,994.2185221856868,878.2296534982833,964.3183349104767,994.7066767688854
2009-07-09,1134,1134,1134,1134,995.609382661451,902.5887341174944,970.9725178551638,997.4649603972242
2009-07-10,911,911,911,911,994.7674982568595,903.3898070586854,968.6206544098633,995.7527829636158
2009-07-13,1746,1746,1746,1746,1002.2424485229604,983.6383968626201,999.1061189428099,1010.6091634989898
2009-07-14,1423,1423,1423,1423,1006.4290908262145,1025.4823590661802,1015.729408396033,1018.7753186772276
2009-07-15,1902,1902,1902,1902,1015.3402441513268,1108.9602296313058,1050.4851178706983,1036.2649163271835
2009-07-16,1459,1459,1459,1459,1019.7547690851445,1142.2973506188005,1066.5053093267493,1044.635908083081
2009-07-17,883,883,883,883,1018.394025114148,1117.6023648455814,1059.3090226864847,1041.4351970319308
2009-07-20,1662,1662,1662,1662,1024.798064665251,1169.4497586698117,1082.9439629732892,1053.7236089718926
2009-07-21,982,982,982,982,1024.3722132755472,1151.5974007012583,1078.9853761900229,1052.3033394873007
2009-07-22,1148,1148,1148,1148,1025.6023405066362,1151.2547911106622,1081.6918320257082,1054.1983228637898
2009-07-23,1750,1750,1750,1750,1032.810277417018,1208.2781443382182,1107.8999954756805,1067.97657389619
2009-07-24,1302,1302,1302,1302,1035.488782119336,1217.204035353626,1115.5117603589872,1072.6107011457705
2009-07-27,1221,1221,1221,1221,1037.3346648843178,1217.565555796138,1119.6485540703995,1075.54910310328
2009-07-28,871,871,871,871,1035.6795935919365,1184.559312386982,1109.8976303813643,1071.4986258141062
2009-07-29,602,602,602,602,1031.3643737552009,1129.0774731120312,1089.9800762487616,1062.2016233227378
2009-07-30,1651,1651,1651,1651,1037.5299023745522,1178.7843804346949,1111.9808575723396,1073.860997118327
2009-07-31,1163,1163,1163,1163,1038.7783610573924,1177.281106107581,1113.9816082557772,1075.6261258882612
2009-08-03,1694,1694,1694,1694,1045.2979793553288,1226.4924293354304,1136.7274275398645,1087.8711530983946
2009-08-04,1184,1184,1184,1184,1046.6780989637334,1222.4455313034846,1138.5812539108501,1089.7746946211987
2009-08-05,778,778,778,778,1044.0046850436963,1180.1173854650574,1124.4408125810128,1083.600938292066
2009-08-06,619,619,619,619,1039.7757827049531,1126.6776344683853,1104.6196042445024,1074.4009197120251
2009-08-07,1635,1635,1635,1635,1045.6984117327645,1175.0892883285392,1125.4188354506005,1085.5018915989158
2009-08-10,838,838,838,838,1043.6317608697518,1142.985546582964,1114.1475085701848,1080.6008640425016
2009-08-11,415,415,415,415,1037.376718473038,1073.6535897655388,1086.7299592144911,1067.4206489129472
2009-08-12,1543,1543,1543,1543,1042.407795901167,1118.3532478831064,1104.6229019903935,1076.8380618057602
2009-08-13,1295,1295,1295,1295,1044.921151165832,1135.1767480847154,1112.08867053979,1081.1581001858442
2009-08-14,409,409,409,409,1038.593577522391,1066.017057790933,1084.5165658127394,1067.8480387960255
2009-08-17,174,174,174,174,1029.990656353014,981.0630522870347,1048.810033820083,1050.1480776317478
2009-08-18,1641,1641,1641,1641,1036.0703513146755,1043.91419016446,1072.0331697487072,1061.8481156984458
2009-08-19,1322,1322,1322,1322,1038.9154224458728,1070.3985530059401,1081.8357905428757,1066.9996381598628
2009-08-20,1564,1564,1564,1564,1044.1401446105904,1117.408214624422,1100.7441909137433,1076.84122948343
2009-08-21,1802,1802,1802,1802,1051.6810386940672,1182.607432279239,1128.2444187210474,1091.2008090976194
2009-08-24,933,933,933,933,1050.5001328364149,1158.8352958716923,1120.5877748496337,1088.0681198085576
2009-08-25,1167,1167,1167,1167,1051.659335494759,1159.612886741055,1122.4078621104322,1089.6311273371011
2009-08-26,936,936,936,936,1050.508496335607,1138.3164213371451,1115.0977498708075,1086.5889267957723
2009-08-27,1076,1076,1076,1076,1050.762143138238,1132.3815240669408,1113.5645047778346,1086.379245077044
2009-08-28,852,852,852,852,1048.7844103706932,1105.678521774851,1103.3070732179194,1081.7380719072016
2009-08-31,409,409,409,409,1042.418396337154,1039.3281863677225,1076.0793448564325,1068.416525928841
2009-09-01,205,205,205,205,1034.0858749805654,959.8683590946061,1041.9193705483372,1051.3191689797552
2009-09-02,741,741,741,741,1031.1695976175747,939.0237534665484,1030.1186109189905,1045.1742349405522
2009-09-03,1591,1591,1591,1591,1036.740049382574,1001.1167293268771,1052.1139595104025,1055.9826659318285
2009-09-04,1691,1691,1691,1691,1043.2500986424488,1066.8198979624126,1077.1683140394064,1068.5572666064456
2009-09-08,1477,1477,1477,1477,1047.5660180589418,1105.88466958504,1092.8479879986453,1076.64524152513
2009-09-09,1496,1496,1496,1496,1052.028047729997,1143.038510576941,1108.6578708222278,1084.9492961483948
2009-09-10,1598,1598,1598,1598,1057.460604469002,1186.3681762362799,1127.847758240964,1095.1087160266443
2009-09-11,961,961,961,961,1056.5007974593602,1164.904540404253,1121.304708898181,1092.4530978875027
2009-09-14,1369,1369,1369,1369,1059.6102422607596,1184.3422032228957,1131.0182497257033,1097.929274166958
2009-09-15,1364,1364,1364,1364,1062.6389960691104,1201.4524695826199,1140.1547889521464,1103.1980014111766
2009-09-16,1717,1717,1717,1717,1069.1500508345919,1250.5522343842752,1162.7761697775525,1115.3524964327376
2009-09-17,760,760,760,760,1066.07393092579,1203.8329739667251,1146.9810258647074,1108.3158133350596
2009-09-18,1114,1114,1114,1114,1066.550807234986,1195.2774526365608,1145.6876523013855,1108.4283714868407
2009-09-21,633,633,633,633,1062.2368688545384,1141.7272190521264,1125.5822541719194,1099.0139482890813
2009-09-22,1413,1413,1413,1413,1065.7270492639461,1167.5627219995429,1136.8535383220403,1105.2314938675154
2009-09-23,474,474,474,474,1059.8392179279865,1101.5091294281578,1110.8592819172545,1092.7318603255844
2009-09-24,297,297,297,297,1052.2487779486037,1024.8892123397618,1078.9432316459897,1076.9747937844838
2009-09-25,741,741,741,741,1049.151775182946,997.8521444978797,1065.6905558951667,1070.3218275709296
2009-09-28,1761,1761,1761,1761,1056.2348420965486,1070.5328926409388,1092.9575929188857,1083.9986230645745
2009-09-29,969,969,969,969,1055.3668337174786,1060.8630933418017,1088.0965108436353,1081.7214226078502
2009-09-30,707,707,707,707,1051.9004970635733,1027.1618463568682,1073.151549634081,1074.3011964175957
2009-10-01,150,150,150,150,1042.9263627644332,943.6226228943093,1036.9495280798033,1055.9982024291285
2009-10-02,604,604,604,604,1038.5589362692647,911.2776111900894,1019.9711152139287,1047.0477429750863
2009-10-05,1738,1738,1738,1738,1045.5185488436998,990.0130767910332,1048.1291106957353,1060.7299658864708
2009-10-06,1679,1679,1679,1679,1051.8218468651555,1055.630879001411,1072.8691455704125,1072.972936859016
2009-10-07,1007,1007,1007,1007,1051.375858339134,1050.9993667155622,1070.2860418225532,1071.6665420697286
2009-10-08,1548,1548,1548,1548,1056.3173920870033,1098.3327603616992,1089.0199225353942,1081.0988877713182
2009-10-09,1352,1352,1352,1352,1059.2595075886252,1122.4915450891565,1099.3328667496926,1086.4632662312922
2009-10-12,1145,1145,1145,1145,1060.112646816599,1124.6352074616177,1101.123734720293,1087.622409474237
2009-10-13,797,797,797,797,1057.4946105298666,1093.4318543700351,1089.1973137508696,1081.8675102767274
2009-10-14,1690,1690,1690,1690,1063.7881964947435,1150.2478682395556,1112.7582034076984,1093.9097377960002
2009-10-15,1048,1048,1048,1048,1063.6311000122087,1140.5099760262647,1110.2186660191612,1093.0006340772675
2009-10-16,547,547,547,547,1058.4904920518882,1083.9852164047156,1088.131659508606,1082.1887403331632
2009-10-19,1582,1582,1582,1582,1063.6995418822175,1131.4151957947427,1107.4990454102292,1092.0859929998333
2009-10-20,478,478,478,478,1057.871685744086,1069.1851771476242,1082.8128083353183,1079.9258743265693
2009-10-21,580,580,580,580,1053.1167435973787,1022.5961126573743,1063.0946589888354,1070.0263520626768
2009-10-22,1470,1470,1470,1470,1057.2648357008873,1065.2060066900053,1079.0517311853516,1077.9466223188615
2009-10-23,297,297,297,297,1049.7000114650575,992.0435298623858,1048.3830358447497,1062.482332767993
2009-10-26,387,387,387,387,1043.105981500231,934.4203365421586,1022.446446203779,1049.106444990409
2009-10-27,666,666,666,666,1039.3536831768458,908.8564949667149,1008.4681541957877,1041.5201787529752
2009-10-28,171,171,171,171,1030.7133480208572,838.5844478270277,975.6262657959529,1024.282155411332
2009-10-29,1758,1758,1758,1758,1037.9500311251272,926.1478337482631,1006.3075887059156,1038.8112216408106
2009-10-30,206,206,206,206,1029.6719213626882,857.5623257722381,974.9229773841149,1022.3199103211906
2009-11-02,1117,1117,1117,1117,1030.540857468532,882.2706756986915,980.4946253298359,1024.194763582157
2009-11-03,1401,1401,1401,1401,1034.2270180907358,931.6734684892923,996.9850321796463,1031.6562534122133
2009-11-04,908,908,908,908,1032.9710278609773,929.418852442693,993.4954230745622,1029.2076147307835
2009-11-05,1788,1788,1788,1788,1040.4837539519128,1011.1884855433889,1024.6524653069323,1044.2332065182927
2009-11-06,908,908,908,908,1039.1655076439336,1001.3610107297328,1020.0778588243076,1041.5355192605048
2009-11-09,1788,1788,1788,1788,1046.6165971201133,1076.2790097078534,1050.1924525959034,1056.3169941266333
2009-11-10,746,746,746,746,1043.6253871985202,1044.823865926153,1038.2633368078289,1050.1721031538286
2009-11-11,1301,1301,1301,1301,1046.1863286194305,1069.221592980805,1048.5667353643846,1055.1389922002875
2009-11-12,267,267,267,267,1038.4332308222222,992.8195365064428,1017.9170594677421,1039.53227948345
2009-11-13,1560,1560,1560,1560,1043.6229499185185,1046.8367235058292,1039.175213998419,1049.8385709788274
2009-11-16,1807,1807,1807,1807,1051.2187414616178,1119.2332260290837,1069.2859899200496,1064.831866603009
2009-11-17,867,867,867,867,1049.385719158517,1095.2110140263137,1061.3532060016162,1060.914403897999
2009-11-18,808,808,808,808,1046.983871206691,1067.8575841190457,1051.4177861584155,1055.9061978802167
2009-11-19,249,249,249,249,1039.0437331847338,989.8711475362794,1019.9504219953404,1039.9278573281333
2009-11-20,778,778,778,778,1036.4462831032936,969.6929430090147,1010.4621701523859,1034.7411670840117
2009-11-23,1639,1639,1639,1639,1042.4418424754,1033.4364722462515,1035.1107124993512,1046.7066885278928
2009-11-24,828,828,828,828,1040.308092799028,1013.8710939370847,1026.9887237738865,1042.375863012489
2009-11-25,1270,1270,1270,1270,1042.5935844129679,1038.2643230859337,1036.518577743538,1046.883271665707
2009-11-27,151,151,151,151,1033.72200645861,953.7629589825115,1001.7923590084972,1029.1430088604454
2009-11-30,1144,1144,1144,1144,1034.8192999266835,971.8807724127485,1007.3691292434581,1031.417404724595
2009-12-01,1658,1658,1658,1658,1041.0201029124876,1037.2254607543914,1032.8840653515579,1043.8249808686624
2009-12-02,1268,1268,1268,1268,1043.2786093511693,1059.2039883015923,1042.1042980828693,1048.2640901583918
2009-12-03,482,482,482,482,1037.6937475665804,1004.2321798919169,1020.139423648247,1037.0509398582255
2009-12-04,1504,1504,1504,1504,1042.3336107748733,1051.8291151403057,1039.1143482110608,1046.297455900637
2009-12-07,968,968,968,968,1041.5939728567153,1043.845389888848,1036.3255502419995,1044.7470112293372
2009-12-08,480,480,480,480,1036.0059731267977,990.145828947053,1014.5088619972153,1033.563902096083
2009-12-09,1038,1038,1038,1038,1036.0258141902127,994.7033690473337,1015.4300830953637,1033.6517456189329
2009-12-10,1097,1097,1097,1097,1036.632522506728,1004.44590532854,1018.6289033661337,1034.906166497766
2009-12-11,1380,1380,1380,1380,1040.0491143225815,1040.2129619639172,1032.800318920403,1041.739707755236
2009-12-14,1629,1629,1629,1629,1045.9093221402672,1096.2879179673537,1056.1806985705832,1053.36862443335
2009-12-15,714,714,714,714,1042.6067418204636,1059.8795448276057,1042.7618476462467,1046.6484536524918
2009-12-16,1299,1299,1299,1299,1045.1579185187675,1082.652921510691,1052.8104026405115,1051.6455139762047
2009-12-17,435,435,435,435,1039.086695448929,1020.9716908906252,1028.5825437134326,1039.4347117192501
2009-12-18,1252,1252,1252,1252,1041.2052357927207,1042.97438699628,1037.3440125874156,1043.6439253485719
2009-12-21,1517,1517,1517,1517,1045.9395120534896,1088.1196834728246,1056.1540513094778,1053.0173129654318
2009-12-22,1311,1311,1311,1311,1048.576929844002,1109.3463802849365,1066.1480100816552,1058.1258810255222
2009-12-23,1459,1459,1459,1459,1052.6607414873454,1142.6467250197045,1081.55397047061,1066.0639823913534
2009-12-24,1460,1460,1460,1460,1056.71386843772,1172.8708464463994,1096.3949912364685,1073.8646956113266
2009-12-28,963,963,963,963,1055.7813921348572,1152.8831467848374,1091.163815109548,1071.6693551041717
2009-12-29,919,919,919,919,1054.4203832578935,1130.6085613767577,1084.4122929483892,1068.6461995575544
2009-12-30,873,873,873,873,1052.6152053150288,1106.0744126742093,1076.1216147935504,1064.7720173880978
2009-12-31,451,451,451,451,1046.6289843666204,1043.6863733719035,1051.6070416643915,1052.61811605368
2010-01-04,1743,1743,1743,1743,1053.5580491987935,1110.287671146008,1078.720491010886,1066.2890444486568
2010-01-05,1078,1078,1078,1078,1053.8012526893529,1107.2126548463882,1078.6922364614395,1066.5209445585845
2010-01-06,1143,1143,1143,1143,1054.6888024138368,1110.6209734324464,1081.214109541383,1068.0353812999986
2010-01-07,1188,1188,1188,1188,1056.0152819918085,1117.9904045341182,1085.4017915201523,1070.410918303959
2010-01-08,1191,1191,1191,1191,1057.358413514278,1124.9436993403926,1089.5428977350482,1072.7988209118014
2010-01-11,1091,1091,1091,1091,1057.6931556683649,1121.710966069879,1089.6000390003405,1073.1592402996864
2010-01-12,420,420,420,420,1051.3479501393265,1054.8813502537,1063.3412139415036,1060.2253939571183
2010-01-13,1541,1541,1541,1541,1056.2201098394328,1101.1783645152525,1082.072931041837,1069.7456831856903
2010-01-14,1134,1134,1134,1134,1056.9940390947618,1104.304234561419,1084.109286687255,1071.0180458948846
2010-01-15,429,429,429,429,1050.7453421883463,1039.9895455555695,1058.4187264250097,1058.3048172633028
2010-01-19,1650,1650,1650,1650,1056.708075101895,1098.085779312182,1081.6179920554014,1070.0215535551185
2010-01-20,361,361,361,361,1049.785606692921,1027.887133663403,1053.3584629551895,1055.9815227916508
2010-01-21,310,310,310,310,1042.424555880056,959.5169304573645,1024.207150682437,1041.209611449242
2010-01-22,333,333,333,333,1035.3656050752793,899.8486513661869,997.1009879105768,1027.1856587472766
2010-01-25,1220,1220,1220,1220,1037.2027632337342,930.3392559979786,1005.8421256395737,1031.0037645146574
2010-01-26,578,578,578,578,1032.6335815100156,896.7831363791236,989.0640030654728,1022.0333929401097
2010-01-27,1096,1096,1096,1096,1033.2640931367816,915.7561710096833,993.2575715727091,1023.4980782284243
2010-01-28,421,421,421,421,1027.17191310557,868.6365356754277,970.816098177701,1011.5674232140001
2010-01-29,547,547,547,547,1022.39408312442,838.0044846587203,954.1958590334774,1002.3680682988713
2010-02-01,1635,1635,1635,1635,1028.4896643868635,913.908819453128,980.8940606400078,1014.8954332830521
2010-02-02,1495,1495,1495,1495,1033.1315582735615,969.2508366480682,1001.0550778698114,1024.40245440616
2010-02-03,605,605,605,605,1028.871542768352,934.5602807768237,985.5235061886423,1016.0974553090082
2010-02-04,108,108,108,108,1019.7086418452838,855.8402540361737,951.1108196714406,998.115327481107
2010-02-05,1029,1029,1029,1029,1019.8010931702063,872.331658413681,954.1652973313841,998.7269051547485
2010-02-08,531,531,531,531,1014.937400700851,839.8238814219019,937.5705797889768,989.464986240793
2010-02-09,1672,1672,1672,1672,1021.4753370122853,919.0787498579112,966.3717335227425,1002.980531067708
2010-02-10,858,858,858,858,1019.8487167435063,913.2617260619197,962.1218616198898,1000.1096294624068
2010-02-11,1692,1692,1692,1692,1026.53678921372,987.4272759607845,990.7445337132275,1013.8104288789929
2010-02-12,1163,1163,1163,1163,1027.894632107116,1004.1484877740431,997.499650038199,1016.7646778120821
2010-02-16,1773,1773,1773,1773,1035.3086158672443,1077.3724413193725,1027.9114284680736,1031.7396346870905
2010-02-17,1297,1297,1297,1297,1037.9125102367245,1098.2893516699085,1038.4639214693257,1036.9923151883363
2010-02-18,1403,1403,1403,1403,1041.5452215776527,1127.3094134156315,1052.7594539607246,1044.2399921152999
2010-02-19,1201,1201,1201,1201,1043.1318362883228,1134.3275645189046,1058.5728087073628,1047.3441506872741
2010-02-22,978,978,978,978,1042.4837583153046,1119.4392250409137,1055.4130907188387,1045.9709991885163
2010-02-23,373,373,373,373,1035.822228381819,1048.3497750370173,1028.65179304359,1032.6448407887437
2010-02-24,1454,1454,1454,1454,1039.9832012337413,1086.9831297953965,1045.332114885018,1040.9885073077785
2010-02-25,977,977,977,977,1039.3565027140025,1076.5085460053588,1042.6524241052134,1039.721408153169
2010-02-26,1034,1034,1034,1034,1039.3032041795348,1072.4601130524675,1042.3131133559893,1039.6081129422153
2010-03-01,1681,1681,1681,1681,1045.688246924017,1130.4162927617563,1067.3596579302643,1052.3089423889041
2010-03-02,1393,1393,1393,1393,1049.1440852630815,1155.4242648796842,1080.1298674231953,1059.0552999653614
2010-03-03,1127,1127,1127,1127,1049.9187709818568,1152.717192034,1081.967911837972,1060.4007395700078
2010-03-04,1163,1163,1163,1163,1051.0439573402464,1153.6965070783808,1085.1456407855026,1062.4324080933739
2010-03-05,1798,1798,1798,1798,1058.476355774672,1215.0587444994874,1113.100713695875,1076.998102982614
2010-03-08,1116,1116,1116,1116,1059.0487303440782,1205.624578356679,1113.2144111979974,1077.7704177750375
2010-03-09,1090,1090,1090,1090,1059.3567031764753,1194.612713751281,1112.3040421314092,1078.0125877200862
2010-03-10,1336,1336,1336,1336,1062.10937279661,1208.0781695844923,1121.07643263606,1083.1212493493915
2010-03-11,1176,1176,1176,1176,1063.2426128682855,1205.0231058145407,1123.2302980228812,1084.9604325305918
2010-03-12,1058,1058,1058,1058,1063.1904475661136,1191.020905260775,1120.6722471200233,1084.426562579491
2010-03-15,809,809,809,809,1060.661189381376,1154.6379619026059,1108.449806056493,1078.9725712412833
2010-03-16,1505,1505,1505,1505,1065.082471079074,1188.0057750547387,1124.0007940542775,1087.4087579493766
2010-03-17,1397,1397,1397,1397,1068.3851330583866,1207.9099869542874,1134.7066452678353,1093.5392775939436
2010-03-18,726,726,726,726,1064.9783158140247,1162.0137977205459,1118.6789336887045,1086.2612720970337
2010-03-19,551,551,551,551,1059.8641037163727,1103.8220074614462,1096.41701472052,1075.6620389862014
2010-03-22,1417,1417,1417,1417,1063.41769472417,1133.6484829413084,1108.9888964961858,1082.4212065310292
2010-03-23,1523,1523,1523,1523,1067.990652985621,1170.729579804041,1125.224626045355,1091.145539074969
2010-03-24,535,535,535,535,1062.6872634036745,1110.1839055369894,1102.0785622788705,1080.1327561229896
2010-03-25,748,748,748,748,1059.556046852394,1075.6902002477523,1088.193128464013,1073.5558698631285
2010-03-26,1038,1038,1038,1038,1059.341558824012,1072.100657367014,1086.224770485032,1072.8517932321754
2010-03-29,1429,1429,1429,1429,1063.0197522685492,1106.091070951108,1099.666936348364,1079.9042329701522
2010-03-30,1084,1084,1084,1084,1063.2285109524441,1103.9871594319548,1099.0525466876438,1079.9853372677728
2010-03-31,712,712,712,712,1059.733699898191,1066.655049009864,1083.874015444991,1072.6984989060347
2010-04-01,1581,1581,1581,1581,1064.9204292524378,1115.640282437496,1103.369152094207,1082.7638751653212
2010-04-05,1723,1723,1723,1723,1071.4684846827618,1173.4840650624963,1127.6684010316892,1095.4418182313545
2010-04-06,1172,1172,1172,1172,1072.468798268008,1173.3427255327347,1129.406895108878,1096.9578218307336
2010-04-07,675,675,675,675,1068.513884852406,1125.881513577236,1111.587016869314,1088.6022213984418
2010-04-08,1020,1020,1020,1020,1068.031159629994,1115.7975599032136,1107.9953691489488,1087.2437615687697
2010-04-09,1405,1405,1405,1405,1071.38408341477,1143.340649436241,1119.6426095744803,1093.5359643099823
2010-04-12,1091,1091,1091,1091,1071.5792666643742,1138.3558256804085,1118.5193699833242,1093.485747194933
2010-04-13,1041,1041,1041,1041,1071.274995354281,1129.0838422822744,1115.4793946898606,1092.4464254683007
2010-04-14,1651,1651,1651,1651,1077.043403360706,1178.7901430172958,1136.4802027412386,1103.5068922907105
2010-04-15,1003,1003,1003,1003,1076.30665307851,1162.0482246346962,1131.2456849866803,1101.5166567998053
2010-04-16,282,282,282,282,1068.403104291659,1078.2341080028204,1097.9419326342615,1085.2886041899083
2010-04-19,865,865,865,865,1066.3791928061698,1057.9260977168376,1088.8069548838982,1080.9264536118903
2010-04-20,1722,1722,1722,1722,1072.9027829275014,1121.171231267615,1113.6380546923729,1093.620979282942
2010-04-21,1161,1161,1161,1161,1073.7793721521034,1124.964447337366,1115.4953858809072,1094.9552173169432
2010-04-22,1383,1383,1383,1383,1076.8561943197442,1149.5392618766646,1125.9857629051853,1100.659074399776
2010-04-23,1498,1498,1498,1498,1081.0466799484034,1182.7259988407918,1140.5745565167467,1108.5272115403745
2010-04-26,905,905,905,905,1079.2949716902103,1156.2759037130973,1131.3363386141293,1104.4969697276938
2010-04-27,186,186,186,186,1070.4064645092133,1063.8686747880404,1094.264325335144,1086.3089109212049
2010-04-28,1213,1213,1213,1213,1071.8253056583753,1078.0716581415604,1098.9206263023932,1088.8176453584088
2010-04-29,1648,1648,1648,1648,1077.5583871941128,1132.3505478423642,1120.453150761123,1099.8905632721037
2010-04-30,363,363,363,363,1070.4483534906888,1059.0790670954725,1090.7491056332358,1085.298670930082
2010-05-03,2042,2372,1966,2372,1083.3991161425226,1184.1191559435229,1140.9942387456579,1110.7779051690902
2010-05-04,289,432,287,429,1076.8876821510548,1112.2030458536635,1113.0728960497497,1097.2773525914845
2010-05-05,281,1055,264,610,1072.2420335724373,1064.3741843437908,1093.3445471850537,1087.6282961045245
2010-05-06,681,1348,133,170,1063.2645009000748,979.1956905967631,1057.1349570993652,1069.45743875592
2010-05-07,869,1722,518,895,1061.590227259278,971.1770533970714,1050.7767234876255,1066.002836008278
2010-05-10,2361,3005,2361,2983,1080.7087324606782,1162.7792387878264,1126.5501853116402,1103.9631758893024
2010-05-11,427,2239,427,1678,1086.6519291526117,1211.8478827127954,1148.1756682405955,1115.3302417132766
2010-05-12,1765,2565,1765,2548,1101.192705976964,1339.1004653115767,1203.0707400742976,1143.699939897172
2010-05-13,708,1710,708,1059,1100.7728780567952,1312.424230519998,1197.4209071302075,1142.0227133645549
2010-05-14,326,371,198,370,1093.501506135832,1222.6695418990457,1164.973028419219,1126.7351348820885
2010-05-17,1789,1789,395,1233,1094.8895508508983,1223.6533950515175,1167.640752794936,1128.8393896368987
2010-05-18,2284,2449,664,679,1090.7513463648197,1171.7816431418491,1148.4783703323894,1119.9316789510194
2010-05-19,687,1271,285,657,1086.435412570145,1122.7548199854825,1129.2047087507271,1110.7647150113953
2010-05-20,83,208,83,152,1077.137547768452,1030.3019799868653,1090.8829554663848,1091.7792751101795
2010-05-21,190,2448,190,2355,1089.8525970443877,1156.4636961785923,1140.4561728990757,1116.793546890176
2010-05-24,1248,1923,889,1164,1090.5903821484237,1157.1814393996788,1141.3794602363669,1117.7283281398754
2010-05-25,78,1123,78,1122,1090.9029156593847,1153.8308261235188,1140.6194814035682,1117.812915701462
2010-05-26,2311,2697,1781,1876,1098.714826946356,1222.6088426831836,1169.4579331132322,1132.826521331136
2010-05-27,2474,2877,2474,2876,1116.3992565289793,1380.0746671895472,1236.3811514225172,1167.34480803745
2010-05-28,879,1431,696,978,1115.0221494988402,1341.7818417429237,1226.248557249085,1163.5954058980947
2010-06-01,469,1578,469,636,1110.255759951588,1274.564523481693,1203.1015550040229,1153.1479721179344
2010-06-02,1989,2620,1462,2620,1125.2780906983385,1402.7012355310555,1258.6661999058258,1182.1945469274801
2010-06-03,1782,2019,1163,1795,1131.9419902933798,1440.0630226233359,1279.6988979487346,1194.3293083744607
2010-06-04,103,427,103,265,1123.3157018327493,1328.1522585639705,1239.9067843036862,1175.92674781259
2010-06-07,1580,2005,806,816,1120.2578341528215,1279.3758529864494,1223.2829888407966,1168.7994854796675
2010-06-08,1824,1837,760,1837,1127.389596997072,1332.4829146067875,1247.3503226117457,1182.031178836506
2010-06-09,2160,2533,1457,1533,1131.4255214050613,1351.5797798823316,1258.5522707446185,1188.9810564833078
2010-06-10,2372,2676,2372,2676,1146.794421689588,1477.7150389411572,1314.1384562056137,1218.4269761569058
2010-06-11,365,2083,365,2083,1156.1099000807365,1535.361225708666,1344.2898892955895,1235.5472340547888
2010-06-14,2181,2562,1876,1876,1163.2729856520723,1567.8030137364121,1365.1412661859586,1248.2294670438027
2010-06-15,2133,2632,2118,2629,1177.8573340535443,1668.8693933805635,1414.7043537865093,1275.5714577954107
2010-06-16,423,1557,423,1224,1178.3164650579865,1626.5008797252717,1407.2257516772345,1274.550240809363
2010-06-17,1790,1790,734,1496,1181.4774952564146,1614.072224513341,1410.7070947487155,1278.9353845557123
2010-06-18,1410,1904,1198,1682,1186.457818686699,1620.5415364644514,1421.3460322095502,1286.9168620892626
2010-06-21,2293,2413,1195,1261,1187.1995319335977,1586.2994853725988,1415.057952515058,1286.4036568993763
2010-06-22,1602,1959,632,633,1181.6851087302782,1495.509058194256,1384.389013200742,1273.4649706241412
2010-06-23,1090,1782,606,1441,1184.2653564046038,1490.3177193186127,1386.609051898752,1276.7824959583165
2010-06-24,648,1148,524,660,1179.0487856941102,1411.2398412882687,1358.1145792752716,1264.5689811868647
2010-06-25,1231,2346,1231,2217,1189.3766584732732,1487.9789040227192,1391.796360480163,1283.4290013613822
2010-06-28,1300,1935,861,1360,1191.0744031650815,1475.7904369729365,1390.5494443829018,1284.9452587601668
2010-06-29,196,280,190,264,1181.8497822380657,1360.3818239278949,1346.3710347992585,1264.7285209629358
2010-06-30,1230,2197,1098,1102,1181.0552570416671,1335.7740311728573,1336.7878569639934,1261.5061740131748
2010-07-01,1141,1539,429,1225,1181.4925181656306,1325.224123442109,1332.4040194359936,1260.7832794782605
2010-07-02,1961,1961,858,1219,1181.865726940102,1315.1075402571462,1327.9568029875234,1259.9558878054236
2010-07-06,2393,2566,1321,1487,1184.901888861096,1331.4782507088466,1334.1937911056598,1264.4518108191776
2010-07-07,1986,2656,1986,2656,1199.539681011732,1457.623179212766,1386.0293287093593,1292.0072205059266
2010-07-08,2193,2318,1665,2318,1210.6686394096253,1539.5638288115501,1422.5771981717373,1312.3239092087795
2010-07-09,1271,2380,1271,2380,1222.3037773259473,1619.6053689247358,1460.1231904002966,1333.4660100165265
2010-07-12,922,1348,627,1052,1220.6092123774304,1565.5477147414276,1444.1183594042066,1327.8924256597636
2010-07-13,2304,2590,2304,2559,1233.9265336473068,1660.1622180993868,1487.839208055022,1352.270793468481
2010-07-14,618,1567,588,1327,1234.8526377901196,1628.4324830423022,1481.5317881312956,1351.77038171663
2010-07-15,1079,1460,465,1460,1237.0929100509145,1612.3912941811307,1480.6874042830095,1353.9135424747165
2010-07-16,465,604,392,603,1230.7835278613532,1516.258789973404,1446.2682903895582,1339.0439673762073
2010-07-19,2026,2026,875,1959,1238.0294629075088,1558.4246194997465,1466.3754162566343,1351.3203244578665
2010-07-20,324,2429,324,2429,1249.8799160129067,1641.3365604997707,1504.1253999328446,1372.6605160527602
2010-07-21,1871,1871,865,953,1246.925886997853,1575.7806975950307,1482.5126391511644,1364.3504068239927
2010-07-22,2350,2673,2350,2649,1260.8768731968794,1677.9920597288374,1528.2572415373934,1389.789012629458
2010-07-23,676,2442,676,2441,1272.6193918715373,1750.6594826118053,1564.0510752025937,1410.6050717853104
2010-07-26,1401,2485,1401,2485,1284.6828805096316,1820.5966747440143,1600.166719312296,1431.8802188786706
2010-07-27,1912,1950,1162,1333,1285.1636478677447,1774.1588961969653,1589.689593064755,1429.9221947424592
2010-07-28,1326,1326,811,957,1281.8983379387123,1696.334239416302,1564.8782364739802,1420.557398806965
2010-07-29,2127,2234,818,1571,1284.7749713920584,1684.397645186178,1565.1183056318634,1423.536460216728
2010-07-30,320,1938,320,1764,1289.5433796369136,1691.9788218351134,1572.9175877639473,1430.2783124896641
2010-08-02,2432,2641,2432,2584,1302.4235450136607,1776.9332197555789,1612.5678784398708,1453.1242864997698
2010-08-03,745,1479,574,1169,1301.0959475508382,1719.034817874095,1595.173059677523,1447.4980630047248
2010-08-04,1883,2244,1773,2244,1310.4780774259543,1769.031501886086,1620.6172534156594,1463.2703785887898
2010-08-05,450,1325,450,1268,1310.0554099888802,1721.314215992173,1606.7891258307316,1459.4036384187148
2010-08-06,487,1376,487,1376,1310.7115750636178,1688.4271478024423,1597.7385718765852,1457.7520812223045
2010-08-09,1931,2196,1640,2190,1319.4607136201987,1736.1959908688764,1620.9645102343661,1472.2520400099816
2010-08-10,366,1007,309,799,1314.2820000518386,1646.9392298337452,1588.730607872234,1458.9203164454275
2010-08-11,141,353,141,353,1304.7170050264472,1523.7069222305313,1540.2705840341073,1437.0209042385873
2010-08-12,311,1363,311,1259,1304.2621094540448,1498.4967391609568,1529.2403650523777,1433.495737818021
2010-08-13,1283,1743,1125,1375,1304.9659690614671,1486.7351449551513,1523.1917232856179,1432.33740637608
2010-08-16,699,2071,699,1859,1310.4787454887162,1522.1889406737084,1536.3606753136328,1440.7861706062567
2010-08-17,2220,2533,2189,2396,1321.2799520012663,1605.4090415619266,1570.072021379765,1459.7012959407864
2010-08-18,694,2000,669,1727,1325.3169674042388,1616.9891328417432,1576.2260597570291,1464.9943395855232
2010-08-19,733,901,436,566,1317.7615746937488,1516.8949297139582,1536.6093515312632,1447.1924714749189
2010-08-20,598,1249,461,1236,1316.9480266868459,1490.143031645962,1524.8207495104293,1443.0104423368016
2010-08-23,2086,2296,1110,1110,1314.8888423417031,1453.9389333939657,1508.5532691374713,1436.4161761519144
2010-08-24,241,978,241,713,1308.8998986368106,1383.3733206897784,1477.3551017203156,1422.091103356827
2010-08-25,466,1861,466,1827,1314.0551235259966,1425.6234806240852,1491.0666663587347,1430.1091013101573
2010-08-26,1894,2153,992,1049,1311.4177591128025,1389.7545777075056,1473.730718658392,1422.5623864327283
2010-08-27,2117,2585,934,2585,1324.0902192211329,1503.5874750686955,1517.3099061619846,1445.5809530380209
2010-08-30,769,1153,638,638,1317.2634508706738,1421.1505726812006,1482.8271647438676,1429.589250997664
2010-08-31,708,2072,684,1653,1320.604113051065,1443.2314705210863,1489.500609263716,1434.013226225433
2010-09-01,2404,2656,2404,2621,1333.543375607771,1555.3999019000305,1533.873134390629,1457.5179148150285
2010-09-02,1083,2125,1083,2125,1341.418565900231,1609.6475302905037,1557.0545801008004,1470.7353818483941
2010-09-03,2259,2357,1960,2333,1351.285047831572,1678.538241691408,1587.4838122537103,1487.8099287424852
2010-09-07,551,911,514,771,1345.5110672561334,1592.1060281969883,1555.4648392241531,1473.6156727277826
2010-09-08,1940,2325,1937,2061,1352.6303601192565,1636.7625969401322,1575.2897474898725,1485.247045545054
2010-09-09,2291,2298,1532,1848,1357.5594112623485,1656.8804448505957,1585.9842671961521,1492.4302723659441
2010-09-10,1465,2055,1465,1891,1362.867277816952,1679.1775453410153,1597.9456684825775,1500.322742220084
2010-09-13,2170,2354,2166,2230,1371.4954641073307,1731.636826737109,1622.7321128558096,1514.7717968295872
2010-09-14,736,1733,736,1352,1371.3014793898449,1695.480938476432,1612.115167253621,1511.5485929319716
2010-09-15,641,1657,641,1603,1373.6069373063638,1686.673230050105,1611.7577097142632,1513.3595118838136
2010-09-16,898,1250,898,1247,1372.3471667859023,1644.7995890929521,1597.4534858038999,1508.0850661039362
2010-09-17,1906,1910,1073,1788,1376.4830158726097,1658.437723465052,1604.9258981253156,1513.627936082076
2010-09-20,1552,2476,1366,2476,1387.4234833763649,1736.3007974207612,1639.0856668262836,1532.6848086349062
2010-09-21,987,1540,987,1056,1384.1257372731175,1671.5102452854505,1616.2195622448608,1523.2455054936208
2010-09-22,1551,1710,922,1131,1381.6070732206485,1620.0330790677885,1597.1913441176114,1515.478267761074
2010-09-23,352,1623,352,915,1376.9642167706918,1552.887071537523,1570.438742387509,1503.587608993528
2010-09-24,2386,2578,2386,2528,1388.4173091411326,1645.7549694863303,1607.9901642546654,1523.8730028748441
2010-09-27,1156,1591,1069,1246,1387.000221487987,1607.6830676304894,1593.7944715387962,1518.3705671743521
2010-09-28,1134,2107,581,2052,1393.617134707012,1649.9989659513951,1611.7633157921766,1528.9374866362461
2010-09-29,815,1799,815,1636,1396.0289045109223,1648.6657310988812,1612.713773996405,1531.0575364058254
2010-09-30,2248,2248,1031,1539,1397.4515024759878,1638.2213757561306,1609.823037761252,1531.2148129126408
2010-10-01,2077,2077,2077,2077,1404.2131790682665,1680.0098161603087,1628.143702947085,1542.0224403797172
2010-10-04,986,1168,581,798,1398.181207137239,1596.0088812878982,1595.5890479295524,1527.2893227484356
2010-10-05,2250,2504,2173,2464,1408.7863692552764,1678.6747021176222,1629.6443793832955,1545.8380490306447
2010-10-06,1374,1555,1117,1398,1408.67904219801,1651.94377810642,1620.5602860741467,1542.910562911226
2010-10-07,1841,1841,910,1365,1408.2444248627064,1624.615799239142,1610.538314071239,1539.3875814674393
2010-10-08,1166,2302,1166,2244,1416.5604007347192,1683.604770740176,1635.3799488135435,1553.3403026264998
2010-10-11,1206,1902,1206,1653,1418.9130335632294,1680.690030669683,1636.0709312130123,1555.3137619804304
2010-10-12,482,1796,470,1673,1421.4412620849882,1679.9576467963798,1637.5191299889725,1557.6441825352733
2010-10-13,1925,2381,1812,2202,1429.2080156960828,1729.6759661491055,1659.6556346952873,1570.4037036731886
2010-10-14,1137,1659,818,1188,1426.8079359379128,1678.0877788968098,1641.1593352954721,1562.8313531054027
2010-10-15,1996,1996,826,1194,1424.4914390629087,1631.9841809066374,1623.6236750878065,1555.5277619548008
2010-10-18,1136,2027,1136,2027,1430.4865491219844,1669.6047351060054,1639.4423544961278,1564.8638458764879
2010-10-19,294,1016,294,529,1421.5165337078352,1560.9757127149574,1595.8955954962796,1544.351690512597
2010-10-20,2028,2377,1856,2266,1429.9193542679561,1628.1208829325806,1622.1741995944647,1558.641756047001
2010-10-21,1831,2319,1049,1483,1430.4475198971306,1614.299846462811,1616.7163878456622,1557.143899491615
2010-10-22,1465,1799,1446,1791,1434.0351067638258,1631.1284325139718,1623.551039302695,1561.7747133630683
2010-10-25,2327,2413,1807,1808,1437.7561504776186,1647.9733437031173,1630.78433187906,1566.6504616133045
2010-10-26,436,1614,436,1391,1437.290915149483,1623.499691921868,1621.3810247465478,1563.172234650665
2010-10-27,547,998,547,998,1432.9198612673986,1563.9282926912138,1596.9347100506047,1551.980705251642
2010-10-28,2121,2121,1170,1497,1433.557474588121,1557.554169577765,1593.0157018133261,1550.8919784149757
2010-10-29,1089,1847,1089,1792,1437.1240668807766,1579.8823439036921,1600.8190076245683,1555.666394683986
2010-11-01,1992,2323,1174,1539,1438.1377577575847,1575.9887873414357,1598.3947328157617,1555.3363670664814
2010-11-02,2262,2264,1921,2209,1445.8080288246733,1636.2755694993941,1622.340037411222,1568.2802013819967
2010-11-03,1614,1691,906,1691,1448.2477499308955,1641.4874200232614,1625.0325849637231,1570.7102964041353
2010-11-04,2320,2549,2320,2549,1459.2005086380507,1727.9171895448555,1661.2666012396555,1590.0823697426672
2010-11-05,1298,1845,1298,1777,1462.362692631702,1732.591742921536,1665.8051658969239,1593.7837089556838
2010-11-08,837,1398,776,1356,1461.3043573816353,1696.7258626432945,1653.6559437048877,1589.0751206595316
2010-11-09,1454,1624,686,777,1454.4953588007236,1609.132923343933,1619.2772792458725,1572.994425200927
2010-11-10,1243,1821,771,1821,1458.1421711509652,1629.3107401683203,1627.1879741774069,1577.9054266820967
2010-11-11,415,1136,415,1051,1454.091005268866,1574.2335268189565,1604.5923673469204,1567.4716558567086
2010-11-12,421,810,421,510,1444.697064917932,1472.8779528361988,1561.6671764705704,1546.5316230674669
2010-11-15,1979,2052,1395,1396,1444.212517008301,1465.5562430422751,1555.1704244521168,1543.5507988483091
2010-11-16,266,422,175,422,1434.0412481823475,1366.169934181106,1510.7323685912495,1521.3418721384417
2010-11-17,1497,2005,1421,1804,1437.7224297924733,1407.8680356876673,1522.2330600190437,1526.9390627891655
2010-11-18,2372,2513,2372,2458,1447.874445416429,1507.8806037174134,1558.929802763395,1545.3759130309643
2010-11-19,814,1785,611,1785,1451.2289285466136,1534.2729271728979,1567.7953006942423,1550.1209444560936
2010-11-22,659,1558,659,1515,1451.8634665710254,1532.4374102992886,1565.7248967454484,1549.4254802094383
2010-11-23,271,675,271,675,1444.1334818290252,1450.7767045564992,1530.7945086377838,1532.110124165687
2010-11-24,2298,2520,2238,2520,1454.8386213133135,1552.6074945987375,1569.5868808480668,1551.6722999247822
2010-11-26,415,1008,415,903,1449.3476897579571,1490.7401141607625,1543.446218854025,1538.8273038866678
2010-11-29,510,1294,403,1237,1447.234777422057,1466.5743890025947,1531.4287200754356,1532.8505255918824
2010-11-30,347,1226,347,993,1442.7150283929818,1421.4720662404427,1510.3138683077716,1522.1604161742214
2010-12-01,2479,2567,2382,2382,1452.0611475134497,1512.9509170746862,1544.497638178055,1539.186942586613
2010-12-02,1618,2122,1618,2122,1458.7272057471466,1570.9555916390018,1567.144789622053,1550.7277952086602
2010-12-03,742,1884,742,1852,1462.640367879016,1597.7217257686207,1578.315582185894,1556.693581442152
2010-12-06,876,1623,856,1496,1462.9723045170356,1588.0339423620853,1575.0875201393885,1555.4917283442876
2010-12-07,2265,2265,1519,1519,1463.5297940243288,1581.4592811847438,1572.888009545687,1554.7691198622224
2010-12-08,1517,1615,898,1158,1460.4896965713504,1541.1298258338159,1556.6178915242876,1546.912305607525
2010-12-09,1886,1886,1268,1668,1462.554475709944,1553.2126995639287,1560.9858173468647,1549.3100817341087
2010-12-10,1343,1939,1131,1934,1467.245475951636,1589.4781567483165,1575.6138245097327,1556.9277038779878
2010-12-13,1687,1687,1337,1337,1465.9495010665453,1565.4326180103815,1566.256419626998,1552.5726998408
2010-12-14,1538,1731,1234,1330,1464.5967697126493,1543.0104639141546,1556.9914619945666,1548.1653196459326
2010-12-15,935,1584,935,1011,1460.083369018991,1492.342800684235,1535.5800321124268,1537.528382623241
2010-12-16,1397,2061,1304,2061,1466.0626389790011,1546.5006291904983,1556.184736735469,1547.8941572247609
2010-12-17,1015,1700,1015,1699,1468.3804236657772,1561.0243787914033,1561.7853352948623,1550.8863521312012
2010-12-20,1585,1720,1275,1509,1468.784598554675,1556.069676049365,1559.7153221460442,1550.056919415732
2010-12-21,1870,2088,1761,2079,1474.8563935939321,1605.8725640446635,1580.0794271599248,1560.5310398233412
2010-12-22,1474,1976,1459,1862,1478.7085687820522,1630.265653183267,1591.1351358987513,1566.500722203077
2010-12-23,1085,1534,1085,1433,1478.25375715238,1611.478448118194,1584.933758020369,1563.8571435455904
2010-12-27,507,1704,507,1660,1480.062177479222,1616.0995482974135,1587.8775322156487,1565.7609624852817
2010-12-28,1443,1512,979,1434,1479.6038473550507,1598.7567341738504,1581.843119187584,1563.151834515276
2010-12-29,1600,1935,1549,1822,1483.0107742470402,1620.0179975858646,1591.2610360821886,1568.2775407624983
2010-12-30,1435,1744,1367,1502,1483.1997217669702,1608.7781882919728,1587.760603294652,1566.965114212746
2010-12-31,399,1934,399,1612,1484.4813165752591,1609.085027502261,1588.7111678713322,1567.8568941293252
2011-01-03,2108,2361,2108,2269,1492.2874726292366,1671.9340725020456,1615.3891612881428,1581.7409160277543
2011-01-04,1519,1519,762,1086,1488.2448112100403,1616.1308275018507,1594.628802021941,1571.9242642252245
2011-01-05,900,1804,900,1804,1491.3866538845673,1634.0231296445315,1602.8394372367668,1576.5198233494775
2011-01-06,1185,1395,1003,1193,1488.41763245288,1592.020926821243,1586.767302443168,1568.925371401963
2011-01-07,1642,1718,794,1323,1486.7716858613092,1566.3998861716007,1576.423486661083,1564.0555620672708
2011-01-10,421,1584,421,1558,1487.4804253054751,1565.5998970124006,1575.7009969880994,1563.9356499471269
2011-01-11,1909,1962,1569,1768,1490.2716648546743,1584.876097296934,1583.2421343611152,1567.9765281659957
2011-01-12,2077,2192,1917,2129,1496.6271706770158,1636.6974213638925,1604.6444036018559,1579.0859038458768
2011-01-13,1146,1516,1068,1350,1495.1681938543588,1609.3929050435218,1594.658348558646,1574.5495493142753
2011-01-14,859,1731,859,1730,1497.5048287413802,1620.8792950393768,1599.965864301444,1577.6277760605274
2011-01-18,1117,1630,1028,1628,1498.8032881568888,1621.557457416579,1601.0652421719756,1578.625245841507
2011-01-19,1071,1071,602,680,1490.6559917573177,1531.885318615,1564.945036596604,1560.8306865179127
2011-01-20,904,1353,632,632,1482.1121510433145,1446.1819549373809,1528.3589567300705,1542.4379996561718
2011-01-21,1533,1533,845,878,1476.101084863779,1392.0693878004874,1502.8546839171265,1529.2808115441683
2011-01-24,1039,1482,1033,1415,1475.4931138701097,1394.2532556290125,1499.4094021948863,1527.017825176957
2011-01-25,429,946,391,944,1470.2046251748848,1351.3719931881542,1477.6286413244986,1515.4729177477104
2011-01-26,1320,1525,994,1431,1469.8145294020003,1358.9556128845204,1475.8000671549105,1513.8001867032012
2011-01-27,785,1095,758,1037,1465.5079171691445,1328.293173562185,1458.5922213841297,1504.3585988476923
2011-01-28,731,780,160,183,1452.7466443614915,1219.2176332229294,1408.5689970161247,1478.193082038827
2011-01-31,1451,1554,1096,1353,1451.7541404374965,1231.9588110112218,1406.3898206625513,1475.7140111073652
2011-02-01,1590,1717,1477,1699,1454.2142982440887,1276.4389242482482,1417.8647296561767,1480.1355158379124
2011-02-02,572,997,572,730,1447.0081858237495,1224.3971219388914,1390.8896422186795,1465.2813472074588
2011-02-03,725,1073,371,1063,1443.187208850379,1209.0259674685208,1378.0312248767705,1457.3153799360239
2011-02-04,911,937,534,937,1438.1505202051017,1183.1187324715188,1360.7358827247403,1447.0121050858056
2011-02-07,1190,1625,1190,1427,1438.0395697552997,1206.3455198551837,1363.3344755590642,1446.6158257771758
2011-02-08,774,1236,688,1236,1436.029225777635,1209.1697560594519,1358.3409667136107,1442.4452153657467
2011-02-09,501,774,417,655,1428.2577906952704,1156.3916840537897,1330.7589680189592,1426.8522408040487
2011-02-10,320,978,320,978,1423.777613673427,1139.4019998581907,1316.9252829986078,1417.96407761981
2011-02-11,405,1434,405,1432,1423.859428462746,1167.2684760621726,1321.4380169986625,1418.2420166768436
2011-02-14,941,1087,869,1072,1420.3583396223207,1158.195287865775,1311.6561339791072,1411.3857391188862
2011-02-15,557,919,557,684,1413.0313909693623,1113.0338318785584,1287.042167940711,1396.9820611165321
2011-02-16,1470,1527,1233,1436,1413.2599343428014,1143.792514556791,1292.883651550879,1397.75469356967
2011-02-17,639,1336,639,1282,1411.9538653443656,1156.9551322180491,1292.4568416861387,1395.4625214197756
2011-02-18,1019,1196,857,1058,1408.4319363359639,1147.5308339115682,1283.2624557376625,1388.7800952530474
2011-02-22,217,468,155,165,1396.059479257994,1053.956468777133,1239.4090261008914,1364.5468260401158
2011-02-23,886,1093,338,436,1386.506648618611,995.1034717507395,1207.9027897832093,1346.1597601779354
2011-02-24,708,1332,575,1015,1382.8100650502668,996.99837920305,1200.3379744975932,1339.6021411645108
2011-02-25,1563,1740,1496,1740,1386.3641937562343,1067.760438326569,1221.5011911839622,1347.5308116365006
2011-02-28,1548,1548,964,1209,1384.5993759079136,1081.2118251526101,1221.0109483924343,1344.787627247659
2011-03-01,1287,1287,231,260,1373.4093323665413,1003.0011751380758,1183.3242445339074,1323.3066841338439
2011-03-02,918,1367,874,1159,1371.2759061738395,1017.8582060773067,1182.3703525914013,1320.0530864282232
2011-03-03,1703,1728,1597,1710,1374.6462951671347,1083.7764721651822,1203.0617113133071,1327.7748074890505
2011-03-04,797,797,281,549,1366.4309091455711,1032.845379578022,1177.4122324382754,1312.3535241724358
2011-03-07,1340,1353,205,328,1356.0982632834261,965.7172481896389,1144.101948813245,1292.8613751789221
2011-03-08,1061,1610,843,1499,1357.5201711114519,1016.5060816953876,1158.0195194480195,1296.943328145676
2011-03-09,750,1042,523,858,1352.549821150144,1001.410264391065,1146.2540480971168,1288.2513810536825
2011-03-10,60,340,53,340,1342.4746985516351,938.418810639535,1114.6362422893867,1269.4741259833127
2011-03-11,1184,1434,1059,1301,1342.0620149839572,972.9503524833888,1121.9446249447049,1270.0984007163163
2011-03-14,322,650,246,542,1334.1011989144652,931.9074617706851,1099.201698476285,1255.680610603122
2011-03-15,19,596,19,358,1324.3887491740227,877.2496082687151,1070.1349652027052,1237.9047569278127
2011-03-16,610,1022,238,317,1314.364980525525,823.8925027193136,1040.600260684952,1219.669019166866
2011-03-17,1809,1809,1342,1434,1315.555378729251,881.9979786508076,1056.0277014424048,1223.913197005146
2011-03-18,1707,1713,1307,1403,1316.4254744632883,931.6172187793021,1069.634458248585,1227.4594703317769
2011-03-21,1741,1787,1695,1746,1320.6998478517132,1009.1774836574638,1096.1585971407972,1237.7275996321378
2011-03-22,1120,1120,631,672,1314.2451229974674,977.0653423567529,1079.5249266646874,1226.5250729067488
2011-03-23,447,1125,306,975,1310.8695496343084,976.8686430846813,1075.425909932739,1221.544378393744
2011-03-24,1447,1464,776,1380,1311.5574148120766,1015.2621056480449,1087.3699918961609,1224.682113475056
2011-03-25,1235,1601,944,1292,1311.3628136696677,1041.6180955863263,1095.3946980963115,1226.0151409309954
2011-03-28,1154,1350,651,651,1304.7920394042978,1004.4163721971523,1077.967455033711,1214.6287024967182
2011-03-29,699,1412,536,1412,1305.858785280872,1043.2338605593284,1091.066770522585,1218.5370450215357
2011-03-30,1524,1590,1386,1541,1308.1984988601669,1090.6401595536781,1108.7112108942483,1224.9224500706143
2011-03-31,817,1155,770,1109,1306.216424244643,1092.3887157866611,1108.722535957219,1222.62695600981
2011-04-01,1621,1621,1207,1365,1306.8013354461887,1118.3516952355506,1118.7726325863475,1225.4462242076356
2011-04-04,1227,1227,924,1090,1304.6441082278186,1115.6515337845458,1117.6442940535496,1222.7641207579795
2011-04-05,542,1288,542,995,1301.5630723250542,1104.160911519351,1112.834713894587,1218.2539401489107
2011-04-06,1458,1526,892,1084,1299.3982656352528,1102.2408247079843,1111.7039408006815,1215.595446284576
2011-04-07,887,1190,479,626,1292.6977853801757,1056.8845556881763,1092.6567274359488,1203.920288932406
2011-04-08,1529,1529,410,539,1285.1983049286316,1007.5622170512071,1070.9446989090488,1190.753550537705
2011-04-11,1107,1125,466,570,1278.0819038845657,965.8896249510922,1051.2998087557528,1178.4614010221069
2011-04-12,209,504,209,361,1268.9567108110875,908.2810892414643,1024.229228020233,1162.2740465464217
2011-04-13,1589,1589,764,1010,1266.380027121425,917.968604551801,1023.6712190782631,1159.258718892037
2011-04-14,234,1072,234,1064,1264.3662955082764,931.8763564992486,1025.2527398987233,1157.3724076268481
2011-04-15,918,1423,789,1398,1265.695984110184,976.2690844517011,1039.870279510538,1162.1373104461186
2011-04-18,65,207,65,205,1255.1417952135653,902.8148859324915,1007.1302685493405,1143.1840963778786
2011-04-19,1508,1508,897,1203,1254.6229713805944,931.4039444151114,1014.811434488582,1144.3685697169306
2011-04-20,1787,1787,1618,1669,1258.7461258942203,1001.6511878041483,1040.4658880380493,1154.7573109106547
2011-04-21,1217,1341,949,1341,1259.5645724027356,1033.9701222989913,1052.2515394875377,1158.4452849520278
2011-04-25,703,831,489,769,1254.6833328763403,1008.7348725562302,1041.1436359782224,1150.7334971311955
2011-04-26,1358,1594,1138,1466,1256.7859862805558,1052.2839323127798,1057.8046698614294,1156.9763981781025
2011-04-27,1003,1219,731,1212,1256.3403545762717,1067.4949863782294,1063.851545553138,1158.0659744518034
2011-04-28,730,1163,730,1158,1255.361843585463,1076.1145114850647,1067.5436418059562,1158.0646680270152
2011-04-29,1011,1220,817,1195,1254.7612282264038,1087.4369389626775,1072.5419303625854,1158.7960607393516
2011-05-02,1289,1289,569,622,1248.4650966022605,1043.1096114424224,1054.8736193679742,1148.1664357742159
2011-05-03,657,827,341,507,1241.0873344470142,992.0515532098108,1033.3883793927596,1135.47007070938
2011-05-04,700,726,217,375,1232.4695500246557,933.2847386184002,1007.5692272597101,1120.4112574280061
2011-05-05,227,1068,227,623,1226.4051763925697,903.7338111309335,992.4880810926627,1110.5615295581447
2011-05-06,1754,1754,1016,1220,1226.3414432941363,933.8544005470351,1001.4101171282446,1112.7286279827358
2011-05-09,928,1414,852,1390,1227.9698866444435,977.2968385901746,1016.6489360643918,1118.2191502008995
2011-05-10,1449,1635,1395,1620,1231.87068379226,1038.5066634863485,1040.3097621010822,1128.155404652367
2011-05-11,455,618,167,249,1222.090875993332,963.3155526781248,1009.2780067245692,1110.7463867384588
2011-05-12,324,1350,232,1202,1221.890966779468,986.0474048040177,1016.8357319510567,1112.5533889812616
2011-05-13,956,956,213,328,1212.9965292990753,923.3762233941112,989.8225659921917,1097.0176783083652
2011-05-16,266,1194,266,467,1205.5736782612735,879.9118211661006,969.3197202670077,1084.5420807181006
2011-05-17,338,780,338,729,1200.8316516119075,865.5392667693291,959.8954175114388,1077.501643476158
2011-05-18,954,1621,954,1621,1205.0124311978586,937.487908029393,985.821087412951,1088.2639871696995
2011-05-19,1466,1470,626,1128,1204.2461383501188,955.6319167884984,991.3967310438156,1089.0508389089134
2011-05-20,363,775,208,500,1197.2387140879287,912.2384009038796,972.1262710028817,1077.3864658612122
2011-05-23,47,248,47,173,1187.047284097004,841.8347436749386,940.7879858655137,1059.4778229728713
2011-05-24,1322,1439,698,836,1183.5542762950438,841.279053801135,936.678653086474,1055.052519547666
2011-05-25,480,1463,480,1353,1185.2403033965857,890.0143820105507,953.0049804164162,1060.952469655633
2011-05-26,523,1483,515,1465,1188.023981969754,944.7749170571649,973.0832164785174,1068.953410850571
2011-05-27,1548,1605,1276,1463,1190.7600617511496,994.1296868612444,992.2956393617128,1076.756313606005
2011-05-31,1733,1733,1185,1593,1194.7624491964118,1051.164954779221,1015.8526731122339,1086.9789608613316
2011-06-01,582,586,114,117,1184.0384447267957,962.1968638478667,980.60354867646,1067.7714566858597
2011-06-02,1290,1290,557,885,1181.0629378140911,954.8447815766413,976.8543899048342,1064.152219919803
2011-06-03,114,623,114,370,1172.9926598258912,899.145278569342,953.0561785360171,1050.4066314065396
2011-06-06,721,764,206,206,1163.3708423151859,833.131442515119,923.7598578091145,1033.6857080123507
2011-06-07,1641,1641,1121,1121,1162.9492418941393,860.5474956089172,931.494765346012,1035.4147038932942
2011-06-08,506,750,415,432,1155.676115109123,819.7334484080679,911.9067353324428,1023.4658978756053
2011-06-09,1034,1489,988,1336,1157.470382620475,868.9016914168234,928.5378437507784,1029.6546919770785
2011-06-10,283,362,167,237,1148.3114733406692,808.7205779485545,901.4187126232969,1013.9585594626809
2011-06-13,1244,1474,628,850,1145.3431999740953,812.6519514772635,899.4022925204225,1010.711855314905
2011-06-14,1770,1812,1730,1746,1151.3198845514676,901.5422418127622,932.6022026176609,1025.272016595798
2011-06-15,106,425,106,159,1141.446054854438,830.8239330686896,902.2648613385369,1008.1181152770694
2011-06-16,820,1360,549,952,1139.561019482752,842.3645108716715,904.2152589331041,1007.0068654696026
2011-06-17,1714,1714,1040,1131,1139.4758352092917,869.8536050743695,913.1087781906294,1009.462175064264
2011-06-20,704,1426,704,1396,1142.0283144609407,919.9627855434771,932.0456888498204,1017.116389419427
2011-06-21,1637,1776,1637,1736,1147.938480486205,997.6806154917174,963.5733088949255,1031.3517084408245
2011-06-22,462,1173,462,542,1141.909241874402,954.2824616353633,947.0410222715951,1021.6615756004121
2011-06-23,84,755,84,755,1138.0593986716715,935.3031795748526,939.5100017903561,1016.3811483608
2011-06-24,1163,1201,462,569,1132.397116097824,900.4171624724856,924.9801977985775,1007.5221157199921
2011-06-27,776,1490,776,1398,1135.0399308630197,947.8060041417727,943.5299939633392,1015.2543510522695
2011-06-28,1318,1614,1318,1611,1139.7758519489598,1010.9673370806515,969.705288317718,1027.051294595789
2011-06-29,1526,1526,976,1404,1142.4049479494677,1048.3990192634467,986.7364534817291,1034.5156253958723
2011-06-30,1378,1589,1378,1488,1145.843704686289,1090.2657793335945,1006.3938474628377,1043.4955140018947
2011-07-01,832,1710,832,1700,1151.357697674485,1148.3357051113474,1033.5940887388049,1056.4956028335403
2011-07-05,698,923,566,833,1148.1899593891667,1118.3037331959808,1025.7276538863027,1052.069947331886
2011-07-06,610,1177,546,1123,1147.9393130270855,1118.7509967011256,1029.542255694683,1053.4745028302643
2011-07-07,1711,1711,1593,1623,1152.6662850367663,1166.7747113010184,1052.8151084125386,1064.7522354474868
2011-07-08,106,414,106,412,1145.296471255306,1094.8914054628262,1027.6851041610664,1051.8264486069424
2011-07-11,78,128,55,94,1134.8358098497806,999.5684144663666,991.070002037103,1032.8595882384882
2011-07-12,539,1359,539,787,1131.3747570154544,979.3238035648078,983.0672568591774,1027.9910815406963
2011-07-13,1603,1779,1223,1350,1133.5501325675395,1014.6262984633976,997.4567761980331,1034.3674957676133
2011-07-14,1048,1391,247,290,1125.1565989101512,945.614270038312,969.7133732098749,1019.6275453563734
2011-07-15,1502,1502,911,1250,1126.3988218065676,974.6033871775204,980.7050056330171,1024.1893761413958
2011-07-18,239,341,117,199,1117.170972833368,900.7363979225184,950.0499073728988,1007.8489924554275
2011-07-19,1548,1577,1368,1570,1121.6767342977128,964.4757885965643,974.3616757112165,1018.980695575122
2011-07-20,905,1075,702,968,1120.1476125634072,964.8114277778438,974.1121982323453,1017.9711768508622
2011-07-21,1502,1738,1502,1618,1125.1013676622788,1027.019863227573,999.3627002624495,1029.8529357251025
2011-07-22,798,933,423,859,1122.453592859669,1011.0179714916137,993.8582806443142,1026.4697092751005
2011-07-25,148,685,148,380,1115.0659949207668,950.9210218257457,969.7854068935568,1013.6683288934154
2011-07-26,763,878,433,617,1110.1101143742915,919.1190197471033,955.9506850545938,1005.8135104994864
2011-07-27,240,247,116,119,1100.2483221914626,842.9172083426172,923.1290895622568,988.2528469252392
2011-07-28,1023,1451,734,741,1096.6737120204034,833.2108075480822,915.9867723245212,983.3567509465215
2011-07-29,120,1123,105,695,1092.6769586669666,820.0478734958839,907.3206243902263,977.6467162743131
2011-08-01,1708,1708,425,718,1088.9488297250068,810.3290284010378,899.8962861788449,972.5051971401683
2011-08-02,639,1394,134,134,1079.4468513197828,745.9167399818914,869.8611377012431,955.901133830462
2011-08-03,1056,1056,167,1038,1079.034444838989,773.7341933169494,876.4548185757042,957.526853952631
2011-08-04,134,203,48,48,1068.775395636611,704.6166510962876,843.9663943178334,939.5164212010937
2011-08-05,1607,1607,179,611,1064.2204165755502,695.7007795633078,834.8304572857616,933.0111455337453
2011-08-08,53,127,21,21,1053.840113923057,631.4435624620404,802.9155373922023,914.9515188895127
2011-08-09,1521,1853,1019,1850,1061.7621028392455,747.4965565132746,843.9776731807434,933.467330396651
2011-08-10,72,683,72,217,1053.3565097761684,696.9730749405818,819.3903134481652,919.2798585076084
2011-08-11,1690,1892,1231,1879,1061.5718678878484,809.5470678033836,860.9436344894136,938.2842177450815
2011-08-12,1688,1688,895,1114,1062.0935408441883,838.5425851554423,870.8674135290445,941.7637381857729
2011-08-15,1735,1826,1547,1826,1069.694600139271,932.5861484739717,908.3235933906506,959.2733671325893
2011-08-16,105,443,105,316,1062.1951513816662,873.8636581431172,885.0952171792525,946.5352806547163
2011-08-17,1677,1767,658,985,1061.4270404226447,884.4480716532964,889.0130517996739,947.296958265514
2011-08-18,28,47,21,37,1051.2337365378423,803.7387314958396,855.6007752585102,929.2712759236226
2011-08-19,187,1528,187,309,1043.848326224033,756.6207570676644,834.1654507385687,916.9886764003826
2011-08-22,1778,1817,729,928,1042.695606560112,772.9425897278868,837.845236984115,917.2067224122562
2011-08-23,1086,1815,901,1813,1050.3603268928473,871.995676420469,876.0866002396399,934.945203156568
2011-08-24,929,1598,630,1466,1054.496045033217,928.5675167613766,899.2204590537717,945.4611397277251
2011-08-25,1565,1565,169,211,1046.1030495602495,860.2277532602932,872.2314214438198,930.9173547826217
2011-08-26,257,1759,160,1729,1052.8980440919884,942.9679672355034,905.8301892303367,946.7209715195995
2011-08-29,1772,1889,1772,1889,1061.2174665388343,1033.0662560702174,944.385868084049,965.3799621825777
2011-08-30,259,1425,197,1186,1062.459083787204,1047.6313745397206,953.860932080753,969.7486758027247
2011-08-31,1631,1695,830,1222,1064.0465555903163,1064.2379102978425,964.3761896462136,974.7437515294034
2011-09-01,694,1390,236,236,1055.8072863804623,985.3581093170956,935.8124175032248,960.1151623902073
2011-09-02,62,186,57,101,1046.3067163667263,901.1335274773721,903.0746756403532,943.1029809567378
2011-09-06,49,483,49,482,1040.6917241640722,861.2160486700034,886.5619432623001,933.9722288585846
2011-09-07,1785,1855,1762,1855,1048.7942940728874,955.8621392728602,924.5399062716217,952.2104025445532
2011-09-08,265,1009,214,258,1040.9256941318636,889.3990783897307,898.4010864178326,938.4636619001066
2011-09-09,91,337,73,110,1031.6627519016959,815.1705947335658,867.4833967543882,922.0584408723817
2011-09-12,157,1034,157,1034,1031.686008101679,836.0114904732262,874.0134596267651,924.2751054095622
2011-09-13,1350,1581,779,1554,1036.8831622499208,904.3913485233952,900.6795984649311,936.7449053024421
2011-09-14,1549,1749,407,1589,1042.376862128031,969.5921724735481,927.672555387875,949.6608477717007
2011-09-15,1657,1691,1028,1623,1048.1542067834735,1031.8214893808292,954.9402983138407,962.9942963306769
2011-09-16,1378,1515,663,996,1047.6352594522946,1028.4099189636074,956.55048269369,963.6478746211585
2011-09-19,53,431,50,274,1039.9373961741624,956.5613552527877,929.7837970978591,949.9914810643039
2011-09-20,1373,1591,520,520,1034.7638897445688,914.9840833239508,913.713844270492,941.4767982709513
2011-09-21,790,973,97,97,1025.4329057670109,837.0808372930984,881.6858503775316,924.7544854339028
2011-09-22,27,185,27,132,1016.5430261076376,769.9302813604223,852.2864052646871,909.0563768114492
2011-09-23,902,1532,864,1323,1019.5923492309447,822.6035878975249,870.7457619209739,917.2532802409255
2011-09-26,1581,1628,547,1628,1025.6461567012836,899.3080080977606,900.442006551524,931.3274727114023
2011-09-27,1772,1862,1497,1632,1031.6795282763953,969.0881978027359,929.1305553142092,945.2021762220676
2011-09-28,732,1181,107,107,1022.478736950262,886.984559916761,896.8901413803187,928.6041133265811
2011-09-29,1809,1848,738,1469,1026.921734592548,942.4146018294504,919.3258221105023,939.3050219735795
2011-09-30,77,597,77,189,1018.5842048951098,870.6608302266455,890.6855937924433,924.4474967859838
2011-10-03,227,1144,48,48,1008.9266506175466,792.3121797288698,857.6390999182299,907.0921008100238
2011-10-04,203,1618,203,1615,1014.9572312084167,870.6634007070726,887.339527372417,921.1100790118055
2011-10-05,594,1503,555,1453,1019.3158657237559,926.1240292111609,909.5222910048712,931.6425526947401
2011-10-06,853,1745,596,1745,1026.536603378246,1004.112216905336,942.2861227301704,947.7486407601907
2011-10-07,1088,1204,221,325,1019.5561396630395,939.4348629143517,918.0788237995755,935.4169845075137
2011-10-10,1815,1892,1815,1892,1028.2371730992281,1030.1553521606038,956.2718111015529,954.3592224380579
2011-10-11,185,1088,185,1053,1028.483569386798,1032.331032907213,960.0650734112959,956.3125051620568
2011-10-12,1610,1764,1595,1617,1034.3394542685214,1088.0137916779547,985.8272273951667,969.3954258519171
2011-10-13,293,857,196,740,1031.4107034797798,1054.8696210419591,976.1869439679052,964.8529421716812
2011-10-14,1760,1760,1241,1684,1037.904129315802,1114.786799990344,1003.9443187142618,979.0934779702618
2011-10-17,315,369,147,157,1029.1389140987294,1023.5690095150732,970.730816019585,962.8143991985735
2011-10-18,1080,1763,311,1736,1036.172357739538,1091.419580037447,1000.7413722541111,978.1250051550373
2011-10-19,575,1151,329,337,1029.2154188565576,1019.5700962243569,974.7122988323812,965.429460498502
2011-10-20,808,1184,250,1149,1030.4073052360943,1031.896753726799,981.5471106428761,969.0645206866504
2011-10-21,1747,1811,1517,1751,1037.5773818009093,1100.3827771813897,1011.7217337549201,984.5483915641425
2011-10-24,1348,1765,1348,1747,1044.6363133252783,1161.9653698307811,1040.5561755684528,999.6464432163377
2011-10-25,160,372,112,164,1035.8737629439322,1066.9210488945162,1006.1814235853763,983.0989888952221
2011-10-26,1766,1766,705,1598,1041.4670588350373,1117.499996618848,1029.3899952094791,995.2752465408612
2011-10-27,1750,1854,1750,1823,1049.243506010808,1184.6904731313386,1060.5119561816564,1011.6658357182699
2011-10-28,809,1215,809,828,1047.0420780903025,1150.719951880735,1051.393840252964,1008.028888476324
2011-10-31,124,468,121,184,1038.45459472622,1058.6513850349506,1017.3783955371616,991.7114847441196
2011-11-01,25,202,25,125,1029.365494281183,969.7322055078125,982.3831643396259,974.5488810858202
2011-11-02,1740,1805,1438,1709,1036.128026676395,1040.138662126116,1010.8779422086601,989.0924675989722
2011-11-03,1588,1628,605,1611,1041.8481458139433,1094.5064085902955,1034.4121405534186,1001.4074682405767
2011-11-04,210,689,155,637,1037.8198060546006,1050.934369676934,1018.8273507277943,994.1914787704662
2011-11-07,924,1201,285,1036,1037.8016985316692,1049.5120487553213,1019.5007879541553,995.019370279962
2011-11-08,1402,1510,415,1479,1042.1917313821004,1090.4156631595765,1037.5203648971296,1004.6031451259033
2011-11-09,36,119,31,52,1032.3390773384974,991.518933334855,998.8725074501833,985.7397165095488
2011-11-10,1752,1752,1001,1411,1036.1068477132387,1031.469511112488,1015.0343699031173,994.1607122222309
2011-11-11,1744,1817,1738,1780,1043.5087696265398,1102.7581291017748,1045.0330220637793,1009.7218862376322
2011-11-14,341,536,235,323,1036.3395281377184,1028.495450139701,1016.7180015906899,996.1234330448078
2011-11-15,406,1454,323,1319,1039.1520701462982,1056.1625501263961,1028.5721976067414,1002.5170284300591
2011-11-16,119,946,119,321,1032.006278403549,986.1470691619775,1000.8242682888299,989.0216417284738
2011-11-17,620,1073,213,277,1024.4937781209267,918.609253051313,972.4390028657385,974.922203278405
2011-11-18,1460,1460,781,1087,1025.1157305774348,934.646467046426,976.9315909886508,977.1415655897238
2011-11-21,48,169,39,144,1016.3484098751717,859.346803518195,944.2676070283115,960.6437128057688
2011-11-22,417,946,316,553,1011.7379779361153,830.1709174688431,928.9237793017111,952.5715600769418
2011-11-23,100,146,60,89,1002.5565055188405,759.583211043239,895.9855918781145,935.4711331447251
2011-11-25,753,1541,604,604,998.5907691455187,744.7657623724543,884.5351765103453,928.907348329978
2011-11-28,1817,1920,1817,1868,1007.2416072634737,851.7404516703158,923.1024244903317,947.5032424224537
2011-11-29,758,1392,758,939,1006.562586295678,860.0508848445714,923.7258588240442,947.3348613843852
2011-11-30,1823,1899,1823,1856,1015.0146998648752,954.9031815260408,960.2856290662385,965.3282304658826
2011-12-01,536,1214,536,653,1011.4125635478117,926.1504975711798,948.2352122401114,959.1435130309146
2011-12-02,1691,1701,1084,1119,1012.4830853035548,944.517116850115,954.9318705836365,962.3089880204014
2011-12-05,1777,1796,1385,1570,1018.0305172905842,1004.0869152453422,979.0521893842782,974.342473406136
2011-12-06,802,1243,434,901,1016.8660345314738,994.2691137934048,975.9913192123457,972.8901472000739
2011-12-07,183,1114,176,992,1016.6186113023049,994.0530077178424,976.6191106157831,973.2685601268051
2011-12-08,127,218,92,92,1007.4184261152172,908.1431974590002,941.9281651014387,955.8176975500368
2011-12-09,1490,1814,1474,1798,1015.2849094374538,992.8914643676669,975.4996096072647,972.4945748262737
2011-12-12,71,238,71,237,1007.5407809853399,920.9018010945558,946.5388406030582,957.9303258198129
2011-12-13,1643,1656,232,282,1000.3214697317544,860.054010514122,920.4784939127422,944.5455668926878
2011-12-14,370,667,269,433,994.6764799831798,819.3821999889675,901.3616902298896,934.415951706694
2011-12-15,1734,1734,1222,1301,997.7244752072278,865.2505618947802,917.0337808091097,941.675041771908
2011-12-16,1645,1709,1049,1248,1000.2147789365091,901.7028893333725,930.0128482283602,947.7408825289
2011-12-19,1501,1501,206,222,992.471348300325,836.9692808254322,902.2476384939147,933.3697759441693
2011-12-20,1840,1874,1840,1863,1001.1333249341526,934.686492175391,939.9242016902317,951.7782952324036
2011-12-21,384,1241,384,1235,1003.4603565268476,963.2877786348776,951.4958016239481,957.386645821861
2011-12-22,1251,1571,1238,1429,1007.6945818350382,1007.6413235267939,970.2214564622246,966.7255241224182
2011-12-23,1288,1393,1077,1388,1011.4787153491175,1043.865959381385,986.6049287578237,975.0675929516772
2011-12-27,398,1169,398,1000,1011.3644992759919,1039.6882489641102,987.1302256692816,975.561303982337
2011-12-28,371,389,118,144,1002.7340067458825,954.3846062056235,954.0662952508784,959.0947435074393
2011-12-29,1404,1691,1404,1690,1009.5724743404509,1024.4432151384212,982.9264405351577,973.5681149231335
2011-12-30,596,1147,596,728,1006.7707581778593,996.2105279823811,972.9293252200534,968.7053799741606
2012-01-03,1785,1811,1512,1558,1012.2556262556916,1049.7142872221543,995.8732732506396,980.3745803707118
2012-01-04,444,896,406,803,1010.173480720809,1026.217688439092,988.3096154761047,976.8622124425789
2012-01-05,280,1103,191,1095,1011.0175256887612,1032.768384778226,992.4935521241006,979.2015745724289
2012-01-06,621,1001,342,702,1007.9427244381268,1001.2666338469663,981.1016481192339,973.7124344818857
2012-01-09,1222,1222,758,1144,1009.2965281750609,1014.8602877663029,987.4898187812247,977.0844654822444
2012-01-10,1744,1744,1518,1554,1014.7164632180951,1066.206927026655,1009.7059043192158,988.5085354726949
2012-01-11,370,1107,370,1072,1015.286448658711,1066.7586482622116,1012.1488100321877,990.1618317999682
2012-01-12,1278,1278,525,1151,1016.6368322541467,1074.781634142001,1017.5939547368079,993.3467460217511
2012-01-13,150,489,145,485,1011.3469135252498,1018.6119546999056,996.7079172961487,983.2804738233006
2012-01-17,1704,1713,1150,1216,1013.3832626444015,1037.4108161570575,1005.3076068139468,987.8887812723441
2012-01-18,638,1638,638,1638,1019.5983545583875,1094.6097860468615,1030.1190732133998,1000.7622707520997
2012-01-19,1232,1334,1014,1212,1021.5127987916375,1105.789806423351,1037.2516585775802,1004.9451960837413
2012-01-20,726,1092,726,1092,1022.2141639777903,1104.4764915258888,1039.3986523588517,1006.6690535870335
2012-01-23,1062,1493,759,1043,1022.4209882168174,1098.6215875710423,1039.5398816781124,1007.3884782684785
2012-01-24,245,1072,204,1071,1022.9043614683914,1095.990960183324,1040.7736118083824,1008.648112362172
2012-01-25,460,1506,423,1506,1027.7112832448254,1135.0394401658646,1059.0177838943282,1018.496664592624
2012-01-26,1349,1364,688,798,1025.4255988344291,1102.9404458643537,1048.7817923690604,1014.1303940066315
2012-01-27,600,1196,600,1148,1026.645244617171,1107.2318319725105,1052.6727024722345,1016.7812772936289
2012-01-30,106,626,106,510,1021.5044959145126,1050.3526098798905,1031.391420022343,1006.7460044759333
2012-01-31,1592,1592,643,1018,1021.4696253083981,1047.2714089389485,1030.8662662959766,1006.9688558724495
2012-02-01,1631,1712,1521,1649,1027.7137086386629,1104.578893801906,1055.106804872605,1019.6823438749752
2012-02-02,1159,1329,898,1073,1028.1643185029548,1101.5713801064862,1055.8084987991695,1020.7381390457678
2012-02-03,1668,1670,1622,1635,1034.202484488,1152.3741058106305,1078.5218910031235,1032.9017402527822
2012-02-06,314,758,314,758,1031.4542010602586,1114.814667161999,1065.9524050814325,1027.4581414358954
2012-02-07,594,1131,393,985,1030.9919702039376,1102.451365527523,1062.777800960592,1026.617386159937
2012-02-08,1191,1441,595,1073,1031.4099605501672,1099.6464735725208,1063.178671511157,1027.5358537607303
2012-02-09,1244,1244,518,902,1030.1222992511605,1080.8229998989473,1056.8579392950332,1025.0499952704188
2012-02-10,117,366,117,332,1023.1758087113479,1009.5065237180952,1028.4321377540516,1011.3262329878362
2012-02-13,1698,1698,1336,1518,1028.099432505265,1057.9344738401815,1047.6308774499712,1021.3593768890671
2012-02-14,455,661,365,661,1024.4467018335708,1020.1311906173071,1032.4688822558546,1014.223547643739
2012-02-15,1420,1420,556,659,1020.8104162431871,985.7377438918493,1017.8230437360172,1007.1894179874274
2012-02-16,1051,1645,985,1645,1027.0212578726082,1048.524625425959,1042.4182184914675,1019.8193305025279
2012-02-17,1395,1395,918,1041,1027.1603498340749,1047.8079944330104,1042.3626020800375,1020.2387497004977
2012-02-21,1231,1231,677,793,1024.8303961043825,1023.5405663917713,1032.5836765082713,1015.7389724787057
2012-02-22,704,895,512,620,1020.8022329590653,985.1081314973169,1016.403924488339,1007.9025571820977
2012-02-23,851,1419,625,1416,1024.734549049025,1026.1454523070963,1032.0743588221296,1015.9836946636403
2012-02-24,1030,1179,870,901,1023.5033595062486,1014.2268378016586,1026.9341878879284,1013.7067898188158
2012-02-27,185,1021,171,856,1021.8366594116591,999.1576151538816,1020.2308864021272,1010.5838830897303
2012-02-28,823,1126,615,816,1019.788533447364,981.7140327582738,1012.2218320334164,1006.7307368899337
2012-02-29,1233,1458,506,506,1014.6762097314698,936.4079344003429,992.3699954830863,996.8152767534993
2012-03-01,1441,1561,1249,1288,1017.3958494356343,969.8928930288816,1003.9633289935535,1002.5813108771924
2012-03-02,832,857,338,436,1011.6108161079165,919.0459508356548,981.6902572683161,991.3618789786342
2012-03-05,461,894,410,853,1010.0325990322159,912.7558602798782,976.6435805126958,988.6220397909385
2012-03-06,94,125,83,114,1001.116851778164,836.6838735865565,942.8144204925901,971.3027914782467
2012-03-07,1226,1594,1139,1563,1006.7077288748987,905.8568380068845,967.1354236105277,983.019567884618
2012-03-08,1643,1643,1064,1586,1012.4718310751485,970.6323772443241,991.4046226846247,994.9597744611602
2012-03-09,987,1615,987,1462,1016.9447481788784,1017.4292936972456,1009.859343363659,1004.2080957589591
2012-03-12,964,964,601,766,1014.4477855104318,993.4836466784603,1000.2962318592018,999.4911037637322
2012-03-13,1575,1748,1417,1747,1021.736862271522,1065.2471088995594,1029.5787325706058,1014.2932601248465
2012-03-14,760,901,420,495,1016.4956994628501,1010.9378604329347,1008.6148607050918,1004.0102252708891
2012-03-15,825,1374,774,1374,1020.0529561846128,1045.5152070583695,1022.943689697049,1011.3367554635448
2012-03-16,1146,1146,837,936,1019.2166083618803,1035.0851873385247,1019.5341332383412,1009.8449385236727
2012-03-19,620,1490,620,1220,1021.2144530547969,1052.6961218777128,1027.3955397780142,1014.0064248895405
2012-03-20,107,545,107,454,1015.570528148779,995.677443603645,1004.9094401788764,1002.917188753114
2012-03-21,1003,1214,691,851,1013.9330104557563,981.8986394509169,998.8737758581361,999.9089275896861
2012-03-22,133,357,133,357,1007.3963635855498,922.3844833127343,973.7022552362484,987.178057736425
2012-03-23,884,1444,487,1438,1011.680976883206,971.4907229972358,991.9100099328662,996.1052249099612
2012-03-26,1791,1791,1541,1665,1018.181663680388,1037.5392255689276,1018.3056958178518,1009.350666000853
2012-03-27,1031,1056,577,577,1013.7917963800857,993.6783469433154,1000.9995900995046,1000.7892666741035
2012-03-28,739,739,263,519,1008.8684949235674,948.4708853296663,982.0976453897201,991.2488851558044
2012-03-29,185,856,162,732,1006.1135845263179,927.8546105363648,972.2898945901233,986.1152438655904
2012-03-30,1611,1611,802,1087,1006.91842448128,943.0113142948063,976.7883300963929,988.1129618088461
2012-04-02,616,1606,616,1534,1012.1630172725111,999.2959510286342,998.6397681318284,998.922606129463
2012-04-03,652,841,403,596,1008.022091727511,960.886812835431,982.8499733031292,990.9439406615529
2012-04-04,68,237,68,213,1000.1114241481328,889.6594973272947,952.659778271634,975.5391101534034
2012-04-05,485,1030,485,738,997.503350276012,875.2157356770762,944.2417477511777,970.8353653978904
2012-04-09,67,257,67,188,989.4485905717731,809.7666179935451,914.5852086236806,955.3336749939718
2012-04-10,691,801,120,129,980.886913053646,744.9317019941599,883.7779455403991,938.9706319247842
2012-04-11,1786,1824,1530,1643,987.4751029735103,830.4620160899542,913.5513594407755,952.9118075302341
2012-04-12,1104,1740,1104,1700,994.5649029439231,913.2751574147205,944.3924825999608,967.7056331236948
2012-04-13,371,476,245,275,987.4050531633866,852.4870471847471,918.1417970078054,953.9886898935226
2012-04-16,1636,1636,653,1065,988.1771421866365,872.726376024295,923.9009422231856,956.1869336580073
2012-04-17,1736,1774,1545,1675,995.0112004733367,949.1333878315049,953.355807234041,970.4208557637894
2012-04-18,245,638,245,503,990.1155666377811,906.644493752314,935.6947951856472,961.1649972338133
2012-04-19,638,1388,493,693,987.1591928403902,886.2973991092365,926.1773522371905,955.8547992687874
2012-04-20,1610,1610,1272,1319,990.4610914190928,927.5071706226425,941.5821619533791,963.0457933426727
2012-04-23,64,282,54,272,983.3122248378082,865.077916277629,915.3240379552074,949.3617182269762
2012-04-24,1160,1540,1005,1396,987.4185708593226,915.6419242511881,934.1740756824541,958.2060406383232
2012-04-25,1735,1764,1487,1609,993.6034607015184,981.6760267034559,960.6378374203971,971.093049734594
2012-04-26,640,1397,640,1337,997.020341689563,1015.5164051126505,975.3971379137148,978.3387319180674
2012-04-27,1271,1395,648,1377,1000.8012338120549,1049.943414149541,991.1462697602358,986.2330144543433
2012-04-30,507,661,308,619,997.0022165601937,1008.9011842305371,976.5522983970893,978.9610735740594
2012-05-01,940,1663,795,1142,998.4449805745202,1021.5772619228669,983.0404435579878,982.1895671666523
2012-05-02,307,826,307,826,996.7291101210424,1002.950856025451,976.881994791008,979.096704450481
2012-05-03,852,922,329,380,990.5925020601364,943.6222030706462,953.4748577403802,967.2334033722536
2012-05-04,395,416,230,284,983.561730895359,880.8010408734417,927.2209417505615,953.7040290480506
2012-05-07,506,1149,506,1043,984.1531564585893,896.2485607902568,931.7612969760296,955.4722660966041
2012-05-08,218,717,218,713,981.4551151007923,878.7963169054703,923.1824225848128,950.6708350847902
2012-05-09,114,872,114,550,977.1620293783964,847.4823819620922,908.5478177775652,942.736759142517
2012-05-10,1643,1643,1062,1197,979.3494718721437,880.7697741561786,919.859668060798,947.7716748030613
2012-05-11,258,1183,258,708,976.6494771271472,864.3155099508283,911.5514457839039,943.023720846565
2012-05-14,174,454,136,228,969.2002285985188,803.7140328126542,884.7455067335547,928.8648352852468
2012-05-15,967,1174,548,583,965.3574402542549,782.6936487352585,872.9123496067486,922.0160266657371
2012-05-16,1449,1543,515,515,960.876271694511,757.1990155223767,858.8765711907977,913.9563033654255
2012-05-17,816,816,225,225,953.5541197373517,706.5133949964361,834.0186664382173,900.3136042888824
2012-05-18,1129,1313,386,465,948.6928847150895,683.5121192824898,819.5473461857382,891.6935329168253
2012-05-21,1343,1732,947,1729,956.457134618422,783.0823936365384,855.2121561392387,908.2738589976802
2012-05-22,1081,1511,670,855,955.4476108908755,789.9316894806776,855.2038362906411,907.2189310967361
2012-05-23,300,1179,144,1131,957.1944008322598,822.414385720613,866.0193721223807,911.6502393918503
2012-05-24,1199,1199,459,1067,958.2869938588045,845.7082537472213,873.9009653724834,914.72647227518
2012-05-25,881,1065,699,880,957.5080187955328,848.974134342724,874.1401432010134,914.0388193588398
2012-05-29,1688,1742,1341,1633,964.2293320413485,923.6432644053217,903.899353271562,928.275674421041
2012-05-30,112,183,87,129,955.9185924190465,847.9629535095768,873.5111433393438,912.4484333433966
2012-05-31,506,1093,267,893,955.2925367730859,852.2521960324742,874.275412227997,912.0633158514481
2012-06-01,97,199,97,147,947.2498249643985,785.0853202198576,845.7548078268991,896.9135472207264
2012-06-04,1399,1399,397,798,945.7647520791807,786.3152897227284,843.88207026506,894.9548631173457
2012-06-05,622,1533,622,1499,951.2695804167013,854.1900240348494,869.5729694703517,906.9161529566062
2012-06-06,1736,1860,1736,1842,960.1325696662864,948.267164602959,907.7073628244556,925.4326647792477
2012-06-07,1770,1842,795,795,958.4894595203532,933.6702917836296,903.2874662431044,922.8498397341141
2012-06-08,332,1380,305,1378,962.6636937539815,975.9874068518554,921.9036440374924,931.8627141948247
2012-06-11,1598,1598,215,216,955.2342042638921,903.6076538183454,894.2211481928849,917.687214903838
2012-06-12,1566,1623,847,1616,961.8089883010673,971.4545439308839,922.5262012049286,931.5151908463363
2012-06-13,343,1072,318,442,956.6367595617533,921.0303016517521,903.6820364517941,921.8218207305672
2012-06-14,1099,1562,975,1497,962.0135082228303,975.8845586372995,926.9494075713317,933.2114876467936
2012-06-15,1082,1510,1082,1472,967.0880006783245,1023.13364829089,948.32394060775,943.8805670993323
2012-06-18,235,1190,235,1058,967.9925976865004,1026.4542532155672,952.624962544701,946.1403578498406
2012-06-19,1522,1798,1361,1696,975.2364524358885,1090.2205148140845,981.77692479785,960.9890636349922
2012-06-20,772,1084,594,821,973.7017613668747,1064.5804657841716,975.4719473547971,958.2170029689528
2012-06-21,971,971,115,115,965.157465233871,974.1442309475838,941.7279494193149,941.519636573528
2012-06-22,1527,1527,1102,1389,969.3748038882603,1013.654304190671,959.2680298342437,950.3806338691018
2012-06-25,124,302,124,270,962.4158506157403,942.8300847439405,932.2379110172146,936.9077500301097
2012-06-26,1175,1397,684,1211,964.8893247389667,968.370076673089,943.1697576439906,942.3353193364442
2012-06-27,1340,1582,1201,1537,970.5819682739024,1022.5253074661281,966.4572181285399,954.1108575674057
2012-06-28,182,1089,182,1088,971.7503068980426,1028.760992469354,971.2236017313422,956.7621277145857
2012-06-29,1802,1871,1789,1818,980.170701854281,1103.9266122341774,1004.4305193105052,973.8163430073662
2012-07-02,1085,1335,743,1335,983.7013416368254,1125.9336015452081,1017.3940283571521,980.9684946309827
2012-07-03,981,1566,981,1553,989.3660049041207,1166.6065918742358,1038.398184107852,992.2958511729435
2012-07-05,586,906,394,718,986.6658456513434,1123.8821545528801,1025.833549436956,986.8642501596179
2012-07-06,111,428,111,408,980.9079765403848,1055.7029017383202,1001.6047827923695,975.4015917406156
2012-07-09,631,731,326,704,978.1526732912267,1022.2073872870516,989.9340069965904,970.0273027952569
2012-07-10,1652,1652,366,478,973.1760297758912,970.3781123073323,969.8581635849594,960.2841878884201
2012-07-11,896,1220,674,972,973.1643279870763,970.5325778018721,969.9421571698629,960.5161841678573
2012-07-12,142,860,115,637,969.8194093006377,938.76757039217,956.885601986731,954.1099230952265
2012-07-13,1574,1729,1574,1714,977.2241912976464,1012.5992303548205,986.5763626931337,969.1572513507665
2012-07-16,440,820,298,679,974.2567864091126,980.8278750829329,974.5145445483049,963.4115632052068
2012-07-17,1604,1604,480,1325,977.7467686338975,1013.6061726940821,988.2590722130773,970.5717302704502
2012-07-18,597,1345,597,1213,980.0875968066946,1032.5960610089314,997.0724419302115,975.3722900670749
2012-07-19,1297,1367,761,954,979.8280187290161,1025.1107218652237,995.3833265603993,974.9490764023803
2012-07-20,255,498,255,442,974.4764961545981,969.5763674018691,973.6820196364621,964.3956293449074
2012-07-23,73,331,73,259,967.3573270386319,901.9024276493101,945.6552737683655,950.4273990608499
2012-07-24,971,971,232,343,961.1448163218296,848.6736250160425,922.0217336205865,938.3991337329122
2012-07-25,1554,1559,759,988,961.4120320798213,861.9428035859432,924.6091166158576,939.3813291045377
2012-07-26,1689,1709,1347,1499,966.7611660889773,922.6149175301391,947.1342492975887,950.4628869440518
2012-07-27,1458,1789,1271,1766,974.7137913020224,1002.9373063367925,979.2466316780753,966.6121367075359
2012-07-30,1168,1249,731,917,974.1395247219028,994.7528009713837,976.805587298543,965.6297181588718
2012-07-31,853,1092,605,643,970.8446040779038,961.2525342122043,963.7151721103648,959.2410108685971
2012-08-01,1354,1354,542,543,966.5874438383227,921.4189595253278,947.2165379099583,950.9986146137734
2012-08-02,352,821,352,613,963.0691608150557,892.0457252848204,934.1100070115286,944.3055727402333
2012-08-03,1748,1814,1724,1739,970.7898656825677,972.7080371624565,965.6743204620569,960.0420960523079
2012-08-06,1191,1507,1191,1227,973.3392202528904,996.9263193374607,975.9223863262899,965.3283911799849
2012-08-07,1541,1541,1316,1321,976.7985314941552,1027.7904794005597,989.4548417644746,972.3713933348367
2012-08-08,470,1064,470,940,976.4323769519248,1019.4294813624111,987.5154362050835,971.730375645038
2012-08-09,731,1268,731,1089,977.5524528031494,1026.0552450421815,991.4952230205704,974.0525464243441
2012-08-10,387,1045,387,1044,978.2136224269987,1027.7642693238786,993.5542338825088,975.4376445149511
2012-08-13,657,790,321,711,975.5547804127997,997.5962436739853,982.4736756910379,970.201255514655
2012-08-14,1515,1515,729,873,974.534334836553,985.7299347526534,978.1805903698207,968.2764781777312
2012-08-15,795,1348,795,1347,978.2404608580798,1020.1366076333532,992.6440966298278,975.77595385738
2012-08-16,987,1544,702,1505,983.4818493072531,1066.3140735730337,1012.7364849972855,986.2556379394122
2012-08-17,920,1267,879,1267,986.3029254335491,1085.4270189470305,1022.7076032326861,991.8149322376416
2012-08-20,580,830,377,830,984.7476724441606,1061.1006361901705,1015.1504423216004,988.6106761537279
2012-08-21,1481,1608,844,844,983.3471980914824,1040.42438512444,1008.438660269773,985.7470984081095
2012-08-22,388,800,385,730,980.826330448781,1010.8601579697315,997.5194971219388,980.6827994297312
2012-08-23,492,619,325,404,975.0867649716788,953.0639524488047,974.244222725,969.263338054885
2012-08-24,640,1378,549,1262,977.9416230316621,982.4864331679662,985.5287630102941,975.0601036379566
2012-08-27,1282,1282,706,851,976.6785223049789,969.963915723398,980.2531252451846,972.6034679223535
2012-08-28,753,1283,737,1063,977.5374424810487,978.8244951783125,983.4981007257657,974.3934982605247
2012-08-29,1001,1235,725,1069,978.4475176802423,987.4126384946637,986.8511163835788,976.2668943345736
2012-08-30,205,425,185,325,971.9455523301901,924.325720542791,960.8961706430463,963.3705201893346
2012-08-31,1716,1716,1080,1371,975.9162433517803,966.8661281101442,976.9786737550837,971.4423910766744
2012-09-04,964,1273,488,1222,978.3648379452949,991.1645920996543,986.5873532156687,976.4039278870373
2012-09-05,1003,1003,636,861,977.1970286125058,978.7679642806396,981.662358971917,974.1187015922445
2012-09-06,1732,1801,1665,1761,984.996063153675,1053.2662533967691,1012.2246194043909,989.700509481507
2012-09-07,1305,1396,1219,1321,988.3393859083648,1078.7647054542197,1024.3334578591207,996.2608954323682
2012-09-10,715,1052,700,702,985.4902377898736,1042.8823525538178,1011.6929300999395,990.4339470079649
2012-09-11,1065,1488,1065,1309,988.7092403989296,1068.226890405835,1023.352030880334,996.7421856810745
2012-09-12,1356,1366,888,1208,990.8912380069005,1081.5386151290888,1030.5931277085563,1000.9255087368948
2012-09-13,683,1740,605,1680,997.7480416088218,1138.534937497747,1056.0600638768483,1014.3725283658672
2012-09-14,1498,1679,1372,1440,1002.148558607739,1167.245895831295,1071.1165319601091,1022.8007951308996
2012-09-17,490,605,398,512,997.2714585220899,1104.8415247997432,1049.1903934518696,1012.6859279005847
2012-09-18,458,803,458,724,994.5523395318204,1068.5709033902438,1036.4378290027767,1006.9693748728504
2012-09-19,1111,1266,892,1045,995.054306302648,1066.3260554483159,1036.7736004144324,1007.7224565585365
2012-09-20,292,711,250,683,991.9492883294873,1029.8188120722857,1022.9001258883762,1001.2923089039119
2012-09-21,1647,1647,1073,1073,992.7557630724775,1033.9313061606395,1024.86482683393,1002.7122631830424
2012-09-24,443,1001,443,794,990.7780937881743,1011.0807055739119,1015.8113042129916,998.579347080408
2012-09-25,1454,1454,261,261,983.5166202181426,939.644447900206,986.2108609105213,983.9738154550533
2012-09-26,865,865,477,620,979.8995394199521,909.2021195287579,971.8496506787362,976.7664131688147
2012-09-27,1514,1652,1110,1550,985.5721808187586,970.2304890974476,994.5222133972171,988.1175733040857
2012-09-28,224,792,224,621,981.9445969300148,936.9704425167383,979.8742834600713,980.8479183871731
2012-10-01,1490,1598,1008,1133,983.447635766532,955.6399241818109,985.8792135204607,983.8608308943577
2012-10-02,1507,1507,867,1113,984.7367140176113,970.6265980692575,990.8643424020112,986.4180421637764
2012-10-03,1134,1194,553,913,984.0229158681824,965.1383506340901,987.8108387784029,984.9642195466719
2012-10-04,1497,1545,1072,1542,989.5749266555637,1020.0775553356053,1009.5437470616027,995.9946310407972
2012-10-05,1577,1654,885,995,989.6289074848615,1017.6892167322144,1008.9734040395791,995.9749353766231
2012-10-08,289,730,289,652,986.2694158680968,982.8616722815273,994.9744470184191,989.16355051768
2012-10-09,786,1018,384,389,980.3264366057276,926.3034177785247,971.2107432137752,977.2791237747557
2012-10-10,951,1019,545,696,977.4973178335314,904.3697589424747,960.4181650485291,971.7092401356516
2012-10-11,1675,1675,1250,1250,980.2087873078247,937.2869247574771,971.7743154387829,977.2199482517773
2012-10-12,966,1206,459,537,975.7987496231697,899.1643604948603,954.7243422843208,968.5027215537223
2012-10-15,1328,1447,735,1444,980.4574685323919,951.0534690191593,973.9116229790533,977.9185092457278
2012-10-16,1519,1604,1435,1554,986.1643593927661,1008.4769481601917,996.6601867837962,989.3260635180897
2012-10-17,1009,1479,1009,1444,990.7199379062708,1049.9553340496973,1014.2029245569807,998.3295078048602
2012-10-18,710,1141,710,896,989.7774509619298,1035.2929212830595,1009.5675157508247,996.3031809176352
2012-10-19,277,484,169,241,982.3269290618111,959.6459763989586,979.4276131723609,981.3466822856028
2012-10-22,874,1068,565,940,981.9057655885592,957.7749310276292,977.8814322636408,980.5279361017294
2012-10-23,112,449,89,418,976.294762945887,906.3677947392836,955.9252976650666,969.38876905021
2012-10-24,1548,1548,736,801,974.550536448913,896.3327666688756,949.8497957958483,966.0543379799088
2012-10-25,1704,1704,904,1226,977.0525211608641,927.7296460337445,960.6792155685602,971.2017768317918
2012-10-26,824,1004,400,672,974.0171726916018,903.3744416495783,949.358462016852,965.2769891717563
2012-10-31,1139,1257,912,1209,976.35531027676,932.4816376829518,959.5404831142303,970.1031874059789
2012-11-01,1166,1597,1166,1533,981.8940634083344,989.6738626655278,982.0290916195546,981.2496589424942
2012-11-02,1299,1299,443,447,976.5717344191968,937.9906376497632,961.0475586148661,970.6704577753161
2012-11-05,804,1164,649,1111,977.9093291015928,954.4677197783573,966.9280465123223,973.4492605916465
2012-11-06,1332,1569,1239,1517,983.2734153791889,1008.0422226566089,988.4994956687019,984.2126415700297
2012-11-07,153,203,87,163,975.1114908480527,927.5620109750272,956.126966426792,967.9510051032964
2012-11-08,903,1107,363,363,969.0208292475745,873.794200405977,932.8670853904472,955.9717772794688
2012-11-09,579,1404,579,969,969.0206219913797,882.8614194149316,934.2840624339591,956.2297618877961
2012-11-12,1167,1167,762,849,967.8263869466894,879.6365223277952,930.9395893973333,954.1064002662556
2012-11-13,290,1227,290,653,964.6937860815482,858.0520916299099,920.0399976562614,948.1438972906861
2012-11-14,1282,1282,176,204,957.1246936827268,795.7614162365852,891.9599977481728,933.4083745720587
2012-11-15,987,1109,510,733,954.8945972281723,789.7841384997676,885.7262723462836,929.4398919072655
2012-11-16,781,1371,524,1355,958.8757455144591,843.6142205474088,904.1291636268215,937.866824740785
2012-11-19,1780,1812,1720,1799,967.2351908327232,934.6033424000365,939.2221376022403,954.9189668251258
2012-11-20,533,1059,454,1026,967.8199153020494,943.3077859809854,942.6251910296035,956.3265120365095
2012-11-21,1028,1302,781,1301,971.135140025412,977.3737111256535,956.6791051068739,963.151729619945
2012-11-23,1534,1700,1423,1699,978.3775764430696,1046.1000243517817,985.789728436016,977.7229824987579
2012-11-26,425,914,425,914,977.7370035431386,1033.519069651612,982.974444967937,976.4611412611588
2012-11-27,657,1138,657,700,974.9734512690775,1001.7553487324109,971.8774079103708,970.9866632163834
2012-11-28,287,1384,241,1383,979.0334169280917,1038.064363138848,987.999862502121,979.1453431526926
2012-11-29,1611,1629,1186,1483,984.0480097944788,1080.4391856970528,1007.411632600077,989.122663090263
2012-11-30,966,1107,712,1072,984.9231539756283,1079.6354537259049,1009.9445097530152,990.7637984746142
2012-12-03,1398,1398,666,740,982.4861076674131,1047.2892200377235,999.3584505470145,985.7981787028397
2012-12-04,943,1327,673,988,982.5409722677373,1041.6426276531784,998.9130211137982,985.8417791245656
2012-12-05,1177,1210,635,1010,982.8141964242773,1038.6290440671614,999.3478045995316,986.3201597359604
2012-12-06,812,1073,726,1069,983.6717666091104,1041.5215160607652,1002.0792632426873,987.9573842956444
2012-12-07,1430,1430,867,1159,985.4163261453381,1052.709943102597,1008.233017625327,991.3443667848395
2012-12-10,955,1189,955,1163,987.1833278752352,1063.2137580452068,1014.3023110517847,994.7434882346447
2012-12-11,1480,1498,1168,1357,990.8630957570737,1091.1934001361394,1027.7414361085775,1001.916884507226
2012-12-12,1220,1300,792,841,989.3719206749138,1067.365457266031,1020.4182425356921,998.7304115466868
2012-12-13,849,1029,398,544,984.9403592751634,1017.5211280025994,1001.7351742009591,989.7258489418019
2012-12-14,777,1126,777,919,984.284236297301,1008.1381634309233,998.4906575656274,988.3253370815683
2012-12-17,1364,1554,1276,1554,989.9530498664822,1060.1250050089307,1020.275337661093,999.5268155552005
2012-12-18,1014,1653,1014,1652,996.5405817086067,1116.4940521509373,1045.048853831246,1012.4470766333154
2012-12-19,928,1203,810,845,995.032715223944,1090.6374757556098,1037.2038007398246,1009.1312929376062
2012-12-20,1022,1398,880,1395,999.0124892018152,1119.6243828265042,1051.2350242402235,1016.7722574338912
2012-12-21,95,527,95,526,994.3058972694589,1063.0887273192182,1030.6375723092344,1007.0539949104478
2012-12-24,550,709,527,671,991.0889231672752,1025.746943765007,1016.5341381010292,1000.3994603577657
2012-12-26,1121,1121,558,558,986.7795806481978,981.1996157873873,998.5524071951064,991.6390750041467
2012-12-27,885,1171,282,905,985.965853477569,973.9425095219218,994.8836853443179,989.9234497565398
2012-12-28,240,758,240,415,980.2846012041604,920.709889567453,972.1431486641486,978.5388269890835
2012-12-31,629,1872,629,1872,989.1573912419299,1011.3089477038861,1007.4316526381035,996.2311274447452
2013-01-02,1809,1919,1751,1847,997.6931385927564,1090.8985717320875,1040.3559015542564,1013.078035812176
2013-01-03,875,1354,846,995,997.6663411938235,1081.7653744242696,1038.5772387482073,1012.7200549050042
2013-01-04,1225,1554,1225,1500,1002.6646860575665,1121.5972435267201,1056.6722489933757,1022.3691627286674
2013-01-07,444,757,444,754,1000.1904105744067,1086.587982238461,1044.8027490328511,1017.0549218825553
2013-01-08,771,870,534,807,998.2681179318753,1059.9605553586077,1035.477151031563,1012.8954184789403
2013-01-09,1335,1427,1202,1303,1001.3002759624039,1083.1071691339785,1045.9682431479723,1018.6400636575752
2013-01-10,1440,1440,940,1273,1004.003755803574,1101.1922006450282,1054.8714492990323,1023.6768940801975
2013-01-11,954,954,614,940,1003.3669025119962,1085.8405624883587,1050.3666865814232,1022.0199258805897
2013-01-14,976,1010,756,1010,1003.4329034820261,1078.6176517751817,1048.7836792645046,1021.7819075463206
2013-01-15,342,1264,342,1264,1006.0256109100656,1096.2731135108786,1057.2235349796222,1026.5783054166905
2013-01-16,434,813,434,741,1003.3885401547415,1062.4375788907948,1044.8226120392449,1020.923289467845
2013-01-17,1575,1608,1437,1542,1008.747858163152,1108.110190425005,1064.3197645082942,1031.241640171452
2013-01-18,1035,1221,763,1219,1010.8399192759565,1118.6711246702425,1070.3856560962042,1034.9596274947896
2013-01-22,950,1461,896,1458,1015.2892733130117,1150.9881604159336,1085.5862186022355,1043.3366645741007
2013-01-23,829,830,601,790,1013.0475890014394,1116.608335614416,1073.9946021864616,1038.320096958772
2013-01-24,1236,1468,954,1131,1014.2212448322708,1117.978970317805,1076.230107983071,1040.1553425635489
2013-01-25,1296,1320,883,1299,1017.0548642866761,1135.219068382776,1084.9661821798134,1045.2809793444687
2013-01-28,942,991,525,935,1016.2383979753658,1116.1505856796543,1079.0851554276637,1043.0971975752714
2013-01-29,918,1255,852,1254,1018.6041850601881,1129.279101329211,1085.944561097167,1047.2734906925928
2013-01-30,765,885,487,538,1013.8220538655594,1072.9668059645242,1064.4565390933565,1037.1888671145216
2013-01-31,650,1187,650,1087,1014.5501926330662,1074.3033006345695,1065.3405963838131,1038.1752261815607
2013-02-01,1540,1608,1442,1543,1019.8083996715432,1118.9410815265153,1084.072337702095,1048.1717563561833
2013-02-04,293,497,293,313,1012.7754802718263,1042.1847880477997,1053.8342068118168,1033.6138997946748
2013-02-05,1491,1545,1422,1477,1017.3946297218579,1083.5957606146758,1070.4289437995888,1042.3938225710178
2013-02-06,400,1209,400,1209,1019.3011508191528,1095.5390215085163,1075.8631028662714,1045.6929547973343
2013-02-07,927,927,372,765,1016.7707911095094,1064.0591146981815,1063.6723929499472,1040.134678464714
2013-02-08,1172,1377,1172,1374,1020.3253106009571,1093.5772942507356,1075.8421030303414,1046.745872950561
2013-02-11,827,882,617,872,1018.8494368636342,1072.4746947982846,1067.8482950683672,1043.2855586347084
2013-02-12,1038,1370,1038,1300,1021.6469549047921,1094.1437714841622,1076.9522834970587,1048.3690129191696
2013-02-13,1230,1342,936,1167,1023.0932538609633,1101.082459914242,1080.483566497174,1050.7181413762157
2013-02-14,493,1048,493,1008,1022.9430722305059,1092.2174637319333,1077.6410736933633,1049.8722375865877
2013-02-15,1053,1091,735,899,1021.7098078302023,1073.8158005193682,1070.6355413916629,1046.8846685254673
2013-02-19,1182,1422,1182,1413,1025.6032425781605,1106.1190576127617,1084.0615985919899,1054.1344770695175
2013-02-20,785,785,247,247,1017.8559466321091,1024.2981949829748,1051.2356535491667,1038.151616137448
2013-02-21,440,606,331,451,1012.2155889541776,969.6983668893581,1027.6970004688073,1026.5248514614589
2013-02-22,1639,1639,1326,1601,1018.0741403078674,1029.8223319475144,1050.179471038658,1037.9005969770735
2013-02-25,1520,1520,210,212,1010.0535020958489,951.9344908096559,1017.3096878606714,1021.5461297102008
2013-02-26,1513,1513,869,1334,1013.2768503337012,988.3216821611172,1029.728915787704,1027.733335062474
2013-02-27,956,1682,956,1603,1019.1447423701818,1046.8624743362489,1052.2101347764215,1039.1247541701478
2013-02-28,800,1373,800,988,1018.8348444361501,1041.2565243994632,1049.6920902753852,1038.1123828004418
2013-03-01,285,1041,285,1041,1019.0553932477306,1041.2320935042762,1049.351223990076,1038.1695633390468
2013-03-04,567,1102,567,1101,1019.8707624691463,1046.9242750752976,1051.3766661865436,1039.41373040164
2013-03-05,1569,1692,1553,1586,1025.5038892107468,1098.2648203062217,1072.3422871204048,1050.2372208887361
2013-03-06,1274,1274,908,1064,1025.886935089247,1095.0015040865815,1072.015138605879,1050.5097511681672
2013-03-07,1117,1235,1039,1194,1027.5597019042793,1104.4299322688119,1076.7988586605504,1053.3511422341442
2013-03-08,1603,1603,1120,1444,1031.7033864624457,1136.7699387194011,1091.1989034189603,1061.0867631800027
2013-03-11,598,1101,585,1098,1032.3630542588392,1133.0775636032677,1091.465613088805,1061.817718364557
2013-03-12,710,972,592,737,1029.4241183955671,1095.355890879147,1077.5650008108125,1055.385684337536
2013-03-13,965,1148,682,1140,1030.5243759239695,1099.6077107954186,1080.013432151565,1057.0612153407533
2013-03-14,1241,1494,1241,1494,1035.1360736759698,1137.168881195855,1096.2481995181702,1065.7134685023225
2013-03-15,739,1011,658,944,1034.2292470722289,1118.7718448914877,1090.2776818900065,1063.3033008092073
2013-03-18,156,765,156,551,1029.4209958575798,1064.6983358542032,1069.1295375021632,1053.1586809912033
2013-03-19,1310,1310,429,766,1026.799891421186,1036.25087529666,1057.2421046589411,1047.472370476526
2013-03-20,1598,1598,1391,1511,1031.6178029493333,1081.465077649359,1075.036531927218,1056.651135417585
2013-03-21,416,752,416,492,1026.2484715767032,1025.3255464446581,1052.172354204582,1045.4699248152565
2013-03-22,1442,1483,1143,1256,1028.5345564366364,1047.2945420213573,1060.165595216167,1049.6388371951523
2013-03-25,1397,1535,554,818,1026.4396852283116,1025.4569665907518,1050.66890520769,1045.0519295279216
2013-03-26,1479,1479,1159,1385,1030.0074495543981,1059.6991602487753,1063.7799285328786,1051.7835744877648
2013-03-27,168,991,168,948,1029.1914550314689,1049.0611449869873,1059.239539178648,1049.7284542008783
2013-03-28,1207,1288,968,1249,1031.3786047326482,1068.1029407025123,1066.6811258775247,1053.6744254048212
2013-04-01,763,764,261,422,1025.3151360288407,1006.5693273022731,1041.3995130980138,1041.1660209413594
2013-04-02,1527,1527,759,859,1023.6602590534294,992.5151056544375,1034.2465910157387,1037.5587730019265
2013-04-03,1027,1027,252,297,1016.4298087145893,926.2755717825863,1005.3349599955136,1022.8942428434725
2013-04-04,993,1309,967,1305,1019.3011539015088,962.3445649461495,1017.086530191768,1028.4804954604335
2013-04-05,82,840,82,835,1017.4673115741306,950.2165111417543,1009.9458819489536,1024.649198520623
2013-04-08,1045,1496,751,1496,1022.2288308619502,1002.1958910330158,1029.006827754877,1033.9828777578384
2013-04-09,1237,1312,808,1065,1022.6544146344681,1008.1772347441571,1030.418324705666,1034.5970781982774
2013-04-10,1452,1645,1378,1617,1028.5683010560158,1066.1603552447136,1053.421527658385,1046.129809323064
2013-04-11,898,1393,898,1204,1030.3138901002346,1079.2879404595028,1059.3265657894287,1049.2559517127063
2013-04-12,325,612,313,610,1026.1316623380433,1034.5938508919312,1041.7059161506277,1040.557814055029
2013-04-15,188,206,57,59,1016.5084617177642,941.6801508069854,1003.1684292427599,1021.1210256578997
2013-04-16,1632,1763,1522,1758,1023.8864869743039,1019.4248983491773,1032.7696673116714,1035.7126885161592
2013-04-17,233,233,97,170,1015.3901040193357,938.527288982589,998.9355627112136,1018.5698630009878
2013-04-18,1183,1183,445,796,1013.2071179096905,924.9532614604376,990.9773053499896,1014.1625389811662
2013-04-19,1335,1560,995,1553,1018.5781913633255,984.7672365594435,1013.017411022539,1024.8325877142124
2013-04-22,1189,1233,342,1107,1019.4580103547352,996.4084521252108,1016.7030027471453,1026.4596651852182
2013-04-23,1467,1660,1456,1636,1025.5927565203597,1057.3219328751907,1040.9891595021593,1038.5297708251148
2013-04-24,1243,1353,996,1339,1028.7112365549829,1084.148415458506,1052.6758591295256,1044.4796763533304
2013-04-25,1350,1551,1262,1302,1031.4305277335402,1104.8961854148388,1062.4532764185637,1049.5790887027695
2013-04-26,721,820,423,604,1027.1774876565896,1057.1917868039018,1044.4747165590122,1040.7557404116255
2013-04-29,1400,1578,1301,1509,1031.971741510753,1100.2211404416255,1062.6913943410118,1050.027903967831
2013-04-30,896,1327,628,1326,1034.8973958240788,1121.7238889709945,1073.0172220139134,1055.492697948666
2013-05-01,461,461,242,257,1027.1571232288143,1039.369232878519,1041.0165466408187,1039.6809613556231
2013-05-02,1419,1560,1259,1511,1031.971480211612,1084.2864487948505,1059.447270301963,1049.0140116258087
2013-05-03,1706,1765,1573,1576,1037.3846993139841,1131.1163108143885,1079.704240094043,1059.4493777322284
2013-05-06,962,1244,962,1190,1038.903259519815,1136.7242812130182,1084.0295640119236,1062.034538569214
2013-05-07,1216,1468,1152,1468,1043.1728788280757,1168.2743496689213,1099.0872281683187,1070.0734585975463
2013-05-08,773,1307,773,1305,1045.778123814861,1181.2958401766432,1107.1622388283847,1074.725469318387
2013-05-09,789,928,516,618,1041.5216250704345,1127.6486173026772,1087.9794059331539,1065.681400619013
2013-05-10,1124,1334,1007,1333,1044.4219074080422,1147.2058918452794,1097.5880566808733,1070.9748382305177
2013-05-13,620,867,433,754,1041.5321371850766,1109.7577116695386,1084.1140152424077,1064.6981087606064
2013-05-14,1176,1561,1176,1528,1046.3726134319913,1149.590310558154,1101.5213087623133,1073.8724036366339
2013-05-15,582,1323,582,1236,1048.2594530993347,1157.8198047907108,1106.7949829284971,1077.082851089374
2013-05-16,578,1008,535,626,1044.0578665013313,1107.170299572548,1087.940277715615,1068.1505174044357
2013-05-17,1495,1571,1349,1569,1049.2811713122633,1151.1540805656387,1106.805364864022,1078.0683289409815
2013-05-20,818,1322,818,1098,1049.765935776818,1146.091787178435,1106.460056437982,1078.4630154966055
2013-05-21,1189,1189,751,1034,1049.609060793964,1135.4163788757269,1103.618485597277,1077.5825597441974
2013-05-22,972,1641,240,312,1042.269667154223,1056.995771363753,1072.5746234169917,1062.4225090561936
2013-05-23,181,860,174,834,1040.1973321576636,1035.7580788529194,1063.2187558320115,1057.8992910550808
2013-05-24,281,822,252,818,1037.9864134297266,1015.0192142002604,1053.6023340346778,1053.148810044089
2013-05-28,1754,1811,1263,1385,1041.4392849378885,1050.2554795145213,1066.5983209352787,1059.7201207362853
2013-05-29,257,511,218,429,1035.3453617046757,991.0882909893288,1041.5944652123267,1047.2306133949726
2013-05-30,1059,1451,1059,1225,1037.232472533485,1013.3655966093927,1048.7868391255688,1050.7507992683395
2013-05-31,238,892,238,312,1030.016229025689,946.5688731227839,1019.8932375912327,1036.1220705699566
2013-06-03,1102,1174,646,1174,1031.448903363742,968.2289804444235,1025.9366400386355,1038.8523265982742
2013-06-04,1161,1306,360,546,1026.618566016839,928.0166965925737,1007.115595331238,1029.0928745864271
2013-06-05,490,595,219,221,1018.602460882343,860.6817731075666,976.2875327692286,1013.0910354857058
2013-06-06,872,1622,816,1621,1024.596466246698,933.0930328116079,1001.5703746214157,1025.1288367632167
2013-06-07,1347,1514,1049,1470,1029.0283422044422,984.2270296866928,1019.9401638519485,1033.9381667283014
2013-06-10,1166,1166,585,1065,1029.3862691476816,991.9196935260554,1021.7072162499113,1034.5532525356618
2013-06-11,72,482,68,252,1021.6510823899932,921.4511512854788,991.5226195342285,1019.0571485250547
2013-06-12,1648,1648,355,382,1015.2863950030281,870.0748511630522,967.6197717093568,1006.4421554849546
2013-06-13,703,1759,703,1757,1022.6666298786199,954.5439129570473,998.5758590933035,1021.3046870595099
2013-06-14,829,1234,517,622,1018.6798972430117,922.8730641039951,983.8081783445465,1013.397663553381
2013-06-17,1759,1782,1203,1432,1022.7925350813897,971.3613437131385,1001.3843282133878,1021.6868187305417
2013-06-18,1206,1556,1041,1524,1027.7796740358037,1023.9935966928396,1021.8790604403138,1031.633614399244
2013-06-19,727,791,243,244,1019.9808713090794,949.7084922459024,991.373999246576,1016.0369091636153
2013-06-20,47,156,42,81,1010.6377780622229,866.9743501272451,955.6730580996514,997.5213268039397
2013-06-21,1518,1518,529,1051,1011.0393922108575,884.5006024960788,959.4113695467239,998.5803104315845
2013-06-24,84,560,55,283,1003.795219154033,827.2148308297856,932.8854334860681,984.4104032943254
2013-06-25,1729,1763,1437,1678,1010.5037244360824,908.2419897983774,962.1056125650458,998.1448507538437
2013-06-26,1688,1688,1204,1357,1013.9514485710467,950.9808479128177,977.5916669742597,1005.2508933131735
2013-06-27,1711,1772,1668,1672,1020.4991953514343,1019.6493385877875,1004.8233663086025,1018.4538459208334
2013-06-28,473,1172,473,893,1019.2305466414698,1007.587496817522,1000.4381362572848,1015.9696113481436
2013-07-01,1665,1676,1416,1463,1023.6461630927985,1050.9601161682342,1018.5778171883717,1024.8216982521408
2013-07-02,872,1282,565,825,1021.6695843555567,1029.440105104593,1010.9865302398081,1020.8648329402172
2013-07-03,315,1046,315,911,1020.5683944614716,1018.1600950946317,1007.065489838247,1018.6892916938763
2013-07-05,1513,1513,938,1483,1025.1697039693177,1062.4305622284764,1025.729588275963,1027.8835631454826
2013-07-08,1532,1598,1269,1326,1028.16304024823,1087.532413444812,1037.5048985396506,1033.78685892478
2013-07-09,1618,1618,1302,1563,1033.4848010417797,1132.8150407357823,1058.1125495773115,1044.2663270648834
2013-07-10,964,1115,769,1069,1033.8381861060407,1126.737417808565,1058.539508417417,1044.7561027665688
2013-07-11,1805,1846,1583,1715,1040.6159155975229,1182.7624256363206,1084.28305710693,1058.0282591474288
2013-07-12,850,1064,710,1045,1040.6595383278957,1169.6421946233377,1082.742545063521,1057.7702738177768
2013-07-15,1232,1333,977,1285,1043.0907867027424,1180.628652278258,1090.6742099629907,1062.2698723560386
2013-07-16,1003,1003,519,649,1039.169485342516,1129.997352061281,1073.35365270954,1054.0863105272063
2013-07-17,1498,1503,1157,1250,1041.2673014087597,1141.4261756744922,1080.2809604464207,1057.9657895266675
2013-07-18,1382,1672,1382,1494,1045.772104379817,1175.0046351340643,1096.5052365073454,1066.6001303281196
2013-07-19,672,1090,650,1089,1046.2022326944457,1166.8137175022487,1096.2109135070573,1067.0436921038004
2013-07-22,1054,1351,1030,1240,1048.1305686875357,1173.7838396448917,1101.849701212663,1070.4685694878835
2013-07-23,1322,1322,831,979,1047.4427023324358,1155.2329977739496,1097.0320658709898,1068.6573106861433
2013-07-24,1142,1142,424,492,1041.9159092744017,1092.0679503669069,1073.3053181897744,1057.238354038893
2013-07-25,684,1353,684,1353,1045.0112733612236,1116.9186217605347,1084.273737084293,1063.0950202955487
2013-07-26,321,813,321,812,1042.6927532282762,1087.8787530214363,1073.5963356300072,1058.122841675835
2013-07-29,660,835,457,570,1037.9893427483928,1038.5569670193947,1053.847459722948,1048.4570428307688
2013-07-30,1439,1439,831,1036,1037.969548293185,1038.313446350881,1053.147559341656,1048.210368715308
2013-07-31,1289,1427,1013,1013,1037.7210950763374,1035.9026419365114,1051.5731452498264,1047.5131336912425
2013-08-01,1672,1695,1490,1531,1042.629342886523,1083.0547712758912,1070.3741983772843,1057.087131043891
2013-08-02,630,954,572,954,1041.747458877702,1070.7638406781873,1065.810504323273,1055.0458017162894
2013-08-05,672,1033,638,964,1040.973852321705,1060.5958558516934,1061.817935526282,1053.2429145535905
2013-08-06,618,618,319,449,1035.0835652339267,1002.3486314848655,1037.7858596232907,1041.2777083248066
2013-08-07,346,619,340,540,1030.1573606047334,958.3154284863068,1018.2648455204165,1031.35141707085
2013-08-08,1583,1583,1097,1378,1033.6184813947361,998.2853876780871,1032.3721064804001,1038.2157454456847
2013-08-09,717,1117,682,947,1032.7566059579726,993.4010650420788,1029.0241807360708,1036.4094930606216
2013-08-12,421,1074,421,1038,1032.8087790330176,997.6485826571189,1029.3761736483818,1036.44098824754
2013-08-13,970,980,512,915,1031.6365523759725,989.7772890707266,1024.8908335053081,1034.0362162030342
2013-08-14,920,946,673,677,1028.1078304617838,959.9889758258955,1011.2480557207863,1026.9661921198058
2013-08-15,135,333,135,309,1020.9525286661442,897.9900257472389,983.7089162807555,1012.7490398006017
2013-08-16,575,1095,575,768,1018.4355880824014,885.6100232951209,975.2497430932749,1007.9025241609859
2013-08-19,597,848,382,382,1012.102895663671,837.6471639336808,951.9850472856955,995.5084147716594
2013-08-20,1035,1707,1035,1588,1017.8332151098036,909.1093387971397,976.9268101372369,1007.2409214098444
2013-08-21,301,976,301,416,1011.8448249097061,862.1465446259836,954.9296803279335,995.5331803918277
2013-08-22,1368,1748,1368,1718,1018.8712445623459,943.656397518747,984.8540065895832,1009.8394540474351
2013-08-23,1159,1276,788,1275,1021.4197893925713,975.2129310883902,996.2322808409721,1015.0901579276839
2013-08-26,915,1259,738,778,1018.9977019359287,956.4307471752102,987.6741521805418,1010.3953033152545
2013-08-27,165,327,165,214,1010.9877745534817,885.7230569680473,957.3339893499323,994.6250992892099
2013-08-28,780,1342,780,1064,1011.5152593837953,902.7018134472809,961.5169701597389,995.9988596993245
2013-08-29,752,1512,752,1308,1014.4653563053496,941.301640738016,975.1045399573962,1002.177100101318
2013-08-30,811,830,295,375,1008.1025169391272,887.3681511439192,951.571028586518,989.7577515844603
2013-09-03,1775,1775,908,1186,1009.8726411486881,915.8092796064032,960.7643215831251,993.6437367015997
2013-09-04,854,1508,854,1472,1014.4709233263131,968.7798244057933,980.8127795602575,1003.1161379550333
2013-09-05,1087,1273,1048,1110,1015.4214614026682,982.2293649385749,985.8789450676984,1005.2326500747356
2013-09-06,1599,1599,579,1106,1016.3227403936864,994.0170444682344,990.5895746728867,1007.2280431425626
2013-09-09,1530,1767,1469,1767,1023.792165862406,1067.634468804593,1021.0370423327735,1022.2730323872643
2013-09-10,1514,1514,1251,1417,1027.7046816249692,1100.907376537489,1036.5650014569785,1030.0894079835562
2013-09-11,783,1169,657,1123,1028.652893748104,1103.011435914871,1039.9546092429794,1031.929221686852
2013-09-12,801,881,525,531,1023.7011236610581,1048.534156303931,1019.9956049589409,1022.0098311583996
2013-09-13,1195,1261,927,1233,1025.7836995450277,1066.102331894033,1028.348718489963,1026.1878543037778
2013-09-16,1800,1800,1306,1358,1029.0893343754256,1093.902109808887,1041.2762197256507,1032.758391842317
2013-09-17,1051,1416,1051,1416,1032.9391917448243,1124.5780993508977,1055.971269932488,1040.3473345781126
2013-09-18,838,1765,573,1677,1039.3477570010946,1177.1897089365264,1080.3253377782728,1052.9543180518133
2013-09-19,1344,1344,747,835,1037.3144459861583,1144.6002128473333,1070.704736296772,1048.6383909616784
2013-09-20,1147,1147,480,521,1032.1769888121667,1085.2097163856824,1049.1476878145456,1038.1901059921402
2013-09-23,645,904,593,793,1029.7971182767221,1057.380219587046,1039.1026804492694,1033.3348563685333
2013-09-24,856,1400,581,1034,1029.8389379953617,1055.1535320073274,1038.9025753336118,1033.3480275295524
2013-09-25,990,1383,886,956,1029.1042221944128,1045.71033848282,1035.65149394798,1031.8163834200564
2013-09-26,1316,1591,967,1250,1031.3021901327768,1065.1664967225513,1044.057317714726,1036.1368510751047
2013-09-27,296,632,296,575,1026.7618698329482,1018.4839732251654,1025.6629130984622,1027.0054282815383
2013-09-30,162,864,162,760,1024.1075228694363,993.8664519656259,1015.2447596436206,1021.7181920779435
2013-10-01,1289,1686,1289,1607,1029.907448015014,1052.2601232069949,1038.4508475007335,1033.3079308486774
2013-10-02,289,870,289,827,1027.8884684327752,1030.8067781396621,1030.1586574026655,1029.2226252873174
2013-10-03,691,691,198,371,1021.3522647667775,967.9680373644562,1004.3092982888355,1016.1885138954893
2013-10-04,876,1504,876,1414,1025.259207405914,1010.4472719011746,1020.3756003167243,1024.0659690658756
2013-10-07,170,655,170,444,1019.4755337003825,956.4999126724913,997.7726355984214,1012.579514232888
2013-10-08,882,1078,272,272,1012.0379662008762,891.3094447989207,969.3109636141696,997.9145733569892
2013-10-09,1118,1236,600,985,1011.7689317113153,900.2323548180711,969.9262199430257,997.6588392311082
2013-10-10,1734,1895,1734,1868,1020.2886438335908,992.4007019782548,1005.1447995531031,1014.8933176621754
2013-10-11,689,1612,689,1609,1026.1464682730575,1051.1244446469925,1028.8253956490598,1026.6578064213402
2013-10-14,220,1318,220,1296,1028.8315780414848,1074.4459261091838,1039.3028311138025,1031.991315205076
2013-10-15,483,787,399,435,1022.9228061206741,1013.5463140987854,1015.6046808740456,1020.1697050029953
2013-10-16,1629,1745,1504,1660,1029.2618826766873,1075.113331803663,1040.8750855456517,1032.8396118346193
2013-10-17,605,1640,605,1637,1035.3090281226903,1128.6263478223618,1064.2525331713125,1044.8031838774982
2013-10-18,1489,1489,1099,1477,1039.7039631662456,1161.804790886899,1080.438708341065,1053.3615366720032
2013-10-21,769,960,760,896,1038.2740729854868,1136.4900488976705,1073.2058178178859,1050.2454666388942
2013-10-22,1516,1721,1284,1409,1041.9628881796611,1162.443377574083,1086.3742171191452,1057.3495168044606
2013-10-23,392,733,392,706,1038.6199738694158,1118.9725797098845,1071.4575811536886,1050.3921006301148
2013-10-24,1195,1313,993,1270,1040.9222626866356,1133.3561435470383,1079.2435583633478,1054.740771904766
2013-10-25,1153,1153,845,1132,1041.828508829057,1133.226987018749,1081.3124384275302,1056.270657609622
2013-10-28,817,967,647,874,1040.1585734178227,1108.5387025407729,1073.1825388813525,1052.6613376569562
2013-10-29,1244,1255,922,1224,1041.9878413440135,1119.5350165845089,1079.0969491212995,1056.0541824558284
2013-10-30,1128,1128,364,472,1036.3163205346204,1057.8650150050319,1055.2892256263467,1044.4887531002673
2013-10-31,812,1141,608,728,1033.248496449699,1026.449299290267,1042.4543540331567,1038.22164907848
2013-11-01,916,1110,586,961,1032.5296059377615,1020.2160326911938,1039.2600656396996,1036.6925075125694
2013-11-04,1438,1456,1106,1456,1036.7432416995748,1061.7192676729849,1055.602808163633,1044.9956261756868
2013-11-05,364,736,289,621,1032.6064930259472,1019.7460040850815,1038.559560784667,1036.5996731821087
2013-11-06,1521,1542,987,1079,1033.0681199610124,1025.389241791264,1040.1454603617387,1037.4392836141462
2013-11-07,1169,1221,247,247,1025.2465466280669,951.256933049239,1009.0417168181411,1021.7870205722819
2013-11-08,948,1471,948,1469,1029.6620038755489,1000.5657965683591,1027.079296550763,1030.642723135207
2013-11-11,743,1110,743,1054,1029.904172991215,1005.6547683237535,1028.1350104115174,1031.1052434691633
2013-11-12,502,837,502,808,1027.6961712699094,986.8305046738723,1019.5022649051834,1026.6873178559126
2013-11-13,400,1559,400,1558,1032.972826282149,1041.2275994668369,1040.6198231441958,1037.2083610666866
2013-11-14,1126,1346,888,1308,1035.7094150753614,1066.6344947557095,1051.105320275796,1042.5705717386334
2013-11-15,1089,1335,897,1335,1038.687430845756,1092.1931143027848,1062.2384449708627,1048.3612534863832
2013-11-18,1298,1298,598,651,1034.8298444691811,1050.1747224644243,1046.1114471288681,1040.4927138133855
2013-11-19,769,1051,431,549,1029.9957166635177,1002.4437965154316,1026.6168805747948,1030.760184826982
2013-11-20,1317,1466,582,742,1027.13008764199,977.6396254187238,1015.455434277744,1025.0421613650615
2013-11-21,1429,1660,1378,1650,1033.3277982127165,1041.6739468074168,1040.339534894303,1037.4175641103077
2013-11-22,958,1289,760,1273,1035.7125962404507,1063.7049994924248,1049.4634747023695,1042.0825628407968
2013-11-25,1133,1133,814,861,1033.9741624470134,1044.3997614455272,1042.0727502042373,1038.4967695172165
2013-11-26,892,1235,862,1087,1034.5017827211725,1048.4569270221436,1043.8346031374044,1039.4572295267767
2013-11-27,1077,1297,1044,1297,1037.113705281161,1072.1276958771775,1053.7626579163298,1044.5570863678306
2013-11-29,1199,1390,1028,1032,1037.0628226415474,1068.3060105555417,1052.9092203509836,1044.30843119223
2013-12-02,754,950,558,594,1032.6542373416316,1023.134009550252,1034.9127803372196,1035.39143255476
2013-12-03,514,940,513,726,1029.6029513979338,994.835532450228,1022.7985536573286,1029.2648695338737
2013-12-04,396,1193,396,878,1028.0944643193475,983.7083388835397,1017.1201790041,1026.269525582708
2013-12-05,608,943,544,827,1026.0935243758713,968.7837351803454,1009.6644857098216,1022.3235943830504
2013-12-06,1777,1777,1508,1531,1031.117469406957,1022.3281413536458,1030.1090156819855,1032.396394494277
2013-12-09,1165,1198,859,1038,1031.18595229843,1023.8206993199652,1030.418466047398,1032.5073569795388
2013-12-10,801,1060,658,659,1027.4826094894904,989.0758708133019,1015.8530360063235,1025.1111716928153
2013-12-11,846,846,232,257,1019.8161158627294,919.3543593072732,986.0940934178402,1009.9010494810764
2013-12-12,850,1113,687,894,1018.5642142123539,916.9396584208662,982.4825603426308,1007.6059791943223
2013-12-13,1406,1406,886,1133,1019.7028787475543,937.5168338093551,988.3852050350766,1010.0890291112664
2013-12-16,1532,1699,1401,1462,1024.1038451281756,987.4676115417975,1006.9583342493873,1019.037761208073
2013-12-17,744,952,541,855,1022.4212198035171,974.8516485378168,1000.9991838866663,1015.7894887089033
2013-12-18,1040,1688,745,1687,1029.0339439845766,1042.6753010580246,1027.9011766754245,1029.0807859621923
2013-12-19,557,795,502,717,1025.929128621546,1011.6586057191652,1015.7089736685451,1022.9009684183865
2013-12-20,1293,1644,1293,1579,1031.4323213715802,1065.6911194601971,1037.7988178384062,1033.9128304299036
2013-12-23,1531,1542,1386,1436,1035.457870412659,1100.9586318925592,1053.4145504721942,1041.8749525996084
2013-12-24,1091,1517,1091,1497,1040.050329413528,1138.6768574266011,1070.810058296814,1050.8873297758537
2013-12-26,1410,1500,1120,1182,1041.4627639467267,1142.80287100502,1075.1704481675272,1053.4836202753418
2013-12-27,1226,1226,876,1101,1042.0551742557145,1138.8216451950182,1076.1833717688007,1054.424538685731
2013-12-30,986,1118,937,1035,1041.9849735168516,1128.9338694621592,1074.568337581789,1054.0398943553205
2013-12-31,1281,1455,1199,1368,1045.2289041286242,1151.702072370525,1086.0754615981893,1060.2569261502647
2014-01-02,440,541,304,419,1038.99777075421,1081.9209226209512,1059.915639574731,1047.5587691967942
2014-01-03,1241,1442,1001,1213,1040.7291362193423,1094.4046442760987,1065.9189478267022,1050.8348331730954
2014-01-06,1326,1326,648,672,1037.0601895902942,1054.175630535518,1050.4711459511452,1043.3331533082817
2014-01-07,1388,1575,1271,1387,1040.5421777535748,1085.8731895321353,1063.6683559138455,1050.138437401187
2014-01-08,705,916,495,819,1038.3377779749324,1060.4566952909795,1054.0735184270281,1045.5614386407674
2014-01-09,1283,1283,594,974,1037.6976010796593,1052.2227243108862,1050.9333804494977,1044.144380449861
2014-01-10,1208,1368,1009,1368,1040.9841921136926,1082.2967505669922,1063.3673655299096,1050.5573630152103
2014-01-13,786,858,305,368,1034.2878319931583,1014.268488608231,1036.0980570777563,1037.0413756287705
2014-01-14,1499,1623,1310,1604,1039.9566097842712,1070.433394455066,1058.3687215060795,1048.2682790816662
2014-01-15,1176,1405,1176,1325,1042.7928624232336,1094.6778330783932,1068.8248500744685,1053.748115139455
2014-01-16,894,1054,732,1053,1042.8944259812113,1090.7085156423557,1068.204267718607,1053.7333009782776
2014-01-17,898,955,624,708,1039.5621431356271,1054.260085581179,1054.0786101610147,1046.8870969985098
2014-01-21,1618,1618,971,1295,1042.103813353183,1077.1876964782095,1063.5265078017592,1051.8002237906185
2014-01-22,1192,1246,932,1236,1044.0331286432013,1092.312677765999,1070.2901741624746,1055.4477441115964
2014-01-23,371,529,357,527,1038.8885203979953,1038.4733751216181,1048.9846771364953,1044.9834323470104
2014-01-24,215,231,119,138,1029.9244555184132,952.7140060624164,1013.2597878370249,1027.0233643797428
2014-01-27,967,1236,259,475,1024.4028191450957,907.217434056472,992.1515608630239,1016.0922086494509
2014-01-28,1341,1618,1330,1568,1029.8117463177814,970.1491070034747,1014.7338525938857,1027.0210758049072
2014-01-29,247,631,247,370,1023.2464553096443,912.99204919362,989.4501721000078,1014.0107574721368
2014-01-30,1686,1753,1504,1602,1029.0051970478567,978.6118540323229,1013.4717339784388,1025.6541088093222
2014-01-31,156,950,156,662,1025.3534040424054,948.4583441244826,999.6885287243824,1018.4530373477514
2014-02-03,738,739,102,119,1016.3349622111376,869.4623113507223,965.1517236763674,1000.6420861131425
2014-02-04,1436,1558,993,1439,1020.5405844776934,923.7039959839868,983.7340090223922,1009.3224408435752
2014-02-05,468,834,280,716,1017.5103299057761,903.9226630331309,973.2346361195533,1003.5140756783559
2014-02-06,1465,1732,1465,1654,1023.8435604539773,975.3585998871184,999.9313170560414,1016.3949850708636
2014-02-07,1562,1698,1182,1591,1029.4869081111517,1033.9911141835832,1023.1104810930594,1027.7733021981733
2014-02-10,670,1051,646,1049,1029.6810682294488,1035.420531880385,1024.125756344312,1028.1936328477143
2014-02-11,1137,1695,1137,1637,1035.724042674927,1092.7138145584436,1048.160040409241,1040.2492044744922
2014-02-12,1253,1454,985,1143,1036.791465135873,1097.502975076687,1051.8792545108395,1042.283873692819
2014-02-13,321,1602,321,1548,1041.8781172240733,1140.407453640812,1071.3349700202184,1052.2980544117731
2014-02-14,945,1336,687,1313,1044.5758474009483,1156.8448390083538,1080.8120300194255,1057.4604691758964
2014-02-18,1229,1393,1030,1333,1047.4457394666106,1173.6215210075582,1090.701754332389,1062.916697509047
2014-02-19,624,1217,486,518,1042.1776226559975,1111.1813761496956,1068.2428620056287,1052.1262678554026
2014-02-20,1283,1488,1062,1465,1046.3848104902663,1144.8783879449627,1083.8019654563884,1060.3019853236124
2014-02-21,1186,1323,1022,1035,1046.2715287938458,1134.413779569252,1081.8881628894712,1059.8009559112636
2014-02-24,1402,1688,1334,1334,1049.1344986565937,1153.4219910388472,1091.774901599688,1065.2306399526246
2014-02-25,942,1156,658,837,1047.023707625185,1123.2865633208617,1081.7837289879355,1060.7112213397013
2014-02-26,1226,1408,916,1191,1048.4563075493124,1129.7354620522083,1086.0667200080165,1063.2911971547567
2014-02-27,778,1280,778,1280,1050.7602248871303,1144.0463704281885,1093.6719466743689,1067.5824605774349
2014-02-28,1142,1461,987,1184,1052.085993793726,1147.8514780064563,1097.214223275374,1069.8877583877827
2014-03-03,408,717,297,591,1047.49807345747,1094.8180039106032,1077.3626851077122,1060.4048324791138
2014-03-04,1846,1873,1780,1806,1055.0453563086394,1162.549622585784,1105.9366974564293,1075.1690932221015
2014-03-05,675,966,675,920,1053.7016214199962,1139.449658529995,1098.6450622620596,1072.0964379107727
2014-03-06,1327,1327,1152,1207,1055.2269784207922,1145.8830243842813,1102.8942755066846,1074.767795575906
2014-03-07,1191,1191,721,944,1054.1202423171028,1126.6560696810163,1096.663127447599,1072.178334277373
2014-03-10,603,777,389,770,1051.2931752293705,1092.688824949491,1083.8528087241637,1066.194604885742
2014-03-11,1062,1221,399,521,1046.016626222113,1038.2422701923965,1061.7801495585102,1055.3986721157273
2014-03-12,323,1014,323,1014,1045.6980528268682,1035.9334825550254,1059.9064182032744,1054.5788964302674
2014-03-13,1322,1322,322,395,1039.2234453360536,974.8921985021659,1033.8316567051068,1041.5179281841235
2014-03-14,862,1517,862,1171,1040.5346548351974,993.5691319781502,1039.2108074225534,1044.08192960622
2014-03-17,1675,1785,1415,1511,1045.2159020507677,1042.8482622659453,1057.712344386375,1053.3278319902552
2014-03-18,1069,1675,1069,1632,1051.0545497915562,1098.9579515739506,1080.2334289202427,1064.7866868023293
2014-03-19,881,973,363,468,1045.253011982685,1038.8667180907173,1056.224274844939,1052.9691286478278
2014-03-20,640,1168,464,1124,1046.0365641022602,1046.9746497011251,1058.8821464196471,1054.3756805557916
2014-03-21,1538,1619,1080,1100,1046.573513713183,1052.0246830629228,1060.4946112659354,1055.279132425974
2014-03-24,1466,1466,354,577,1041.901140442405,1006.7842370569301,1041.5340382751144,1045.8082585165487
2014-03-25,1786,1786,984,1186,1043.3349599404905,1023.8524049562701,1047.199370107463,1048.5843326053298
2014-03-26,1645,1645,423,423,1037.1624727769035,966.6283663890063,1022.7209634365821,1036.1965240388877
2014-03-27,899,1296,790,1035,1037.1409556348449,973.1399505424342,1023.2024942822063,1036.1728304935632
2014-03-28,1386,1834,1386,1485,1041.5972645340007,1021.88852668125,1041.3122003887866,1045.0604972164629
2014-03-31,1563,1723,1495,1670,1047.850028070976,1083.6134289020833,1065.9666239029518,1057.4355368755428
2014-04-01,1333,1507,1181,1505,1052.398784010568,1123.745483292361,1083.1836190440126,1066.2981995116706
2014-04-02,910,1325,910,1303,1054.892328448274,1140.817342026422,1091.8038692775808,1070.985363877776
2014-04-03,969,969,571,723,1051.5899172199329,1101.0252142143818,1077.3409724431658,1064.0945645930676
2014-04-04,1425,1618,448,497,1046.0716095859036,1043.4990033368217,1054.5825029355906,1052.864969254591
2014-04-07,617,716,352,378,1039.4241308835562,980.118145876172,1028.0498557616459,1039.5013064970742
2014-04-08,1072,1614,888,1473,1043.7383186359586,1027.059274840346,1045.4988810258951,1048.0854390416866
2014-04-09,1338,1579,929,1557,1048.845400042566,1077.5298200936463,1065.5577484366443,1058.162955100267
2014-04-10,690,1058,152,190,1040.2996746690083,993.0031705609181,1031.2221504587367,1040.9716094547173
2014-04-11,319,799,319,397,1033.898682881257,936.2409638408307,1006.3506935780019,1028.219696396208
2014-04-14,1687,1755,907,1443,1037.9693427530851,984.5037291893229,1023.4741957906293,1036.433167754699
2014-04-15,1083,1530,433,1230,1039.8800955615122,1007.8843264093874,1031.5732469360948,1040.266174333814
2014-04-16,1688,1700,1346,1677,1046.2195970982136,1071.6096286561124,1056.8840999974245,1052.8747649410652
2014-04-17,800,1370,773,1273,1048.4761185201219,1090.7896640221968,1065.3592333308588,1057.2336804867866
2014-04-21,941,1238,770,1194,1049.9241173408172,1100.6192198296067,1070.4039692786682,1059.9419244375433
2014-04-22,1157,1583,1050,1501,1054.4124345812072,1138.7507227029776,1087.2900881304852,1068.675747716008
2014-04-23,866,1089,676,796,1051.841166575424,1106.1077967312654,1075.8669474194858,1063.2762279592553
2014-04-24,872,1199,788,960,1050.9273241219373,1092.1927684711447,1071.3231455598982,1061.2311541382799
2014-04-25,471,523,324,422,1044.669340797341,1028.3648857596072,1045.8594927928434,1048.5731114820762
2014-04-28,1372,1487,452,913,1043.35919810284,1017.3777537825017,1040.6493166048888,1045.8884954131242
2014-04-29,1562,1615,1194,1231,1045.2262707585332,1037.7227296127396,1048.11404928705,1049.5540697613792
2014-04-30,627,1332,530,1311,1047.8707854773538,1063.7491363162883,1058.4233022561853,1054.7312168948172
2014-05-01,674,1225,595,1056,1047.9516731840467,1063.0111233337846,1058.3282707951585,1054.7563413127416
2014-05-02,1088,1587,1088,1229,1049.7531490727627,1078.8195877781861,1065.0212797835836,1058.206710791697
2014-05-05,245,949,245,899,1048.2531177387052,1061.6939127516923,1058.510641360698,1055.054102657208
2014-05-06,582,888,440,456,1042.360051890559,1004.0087782039121,1034.8827730720432,1043.1916451788475
2014-05-07,1065,1288,593,1288,1044.8042304787125,1031.055561232111,1044.8089388339238,1048.0393353733257
2014-05-08,798,1509,639,727,1041.6419993296706,1002.0978887338147,1032.3458431933777,1041.6821208114777
2014-05-09,832,1197,556,1195,1043.1679495850967,1020.4695183782133,1038.7244375779512,1044.7181184191713
2014-05-12,1695,1851,1695,1762,1050.320507300668,1091.0914690088596,1067.088185123914,1058.9217200346334
2014-05-13,1066,1181,739,745,1047.2824923026512,1058.1303767223014,1054.4572759033683,1052.7054483507793
2014-05-14,660,823,558,570,1042.5334127772517,1011.6417694154156,1035.4589513581382,1043.1469246210609
2014-05-15,310,463,179,463,1036.7669111575776,959.3901723282332,1013.0095807166425,1031.6588667077726
2014-05-16,753,1393,665,1390,1040.2816682604873,1000.4006321064967,1027.7935187277546,1038.7547307333614
2014-05-19,658,1466,658,1364,1043.5027461882437,1035.0291433344494,1040.9780866207839,1045.1952311148789
2014-05-20,596,596,292,387,1036.9703805545298,973.3120820645019,1015.3318871454591,1032.161662181911
2014-05-21,1574,1605,1043,1404,1040.6224165689125,1014.3299790107397,1030.5737739240685,1039.5247975842494
2014-05-22,1045,1614,1045,1387,1044.0689596876298,1049.8223619620978,1044.5512729858697,1046.4054946617891
2014-05-23,1255,1541,1195,1520,1048.804591929544,1094.6011846323743,1063.1963211040709,1055.7836036783874
2014-05-27,1676,1676,1393,1489,1053.1846457411903,1132.1629765721482,1079.8945045901858,1064.3621461798054
2014-05-28,811,1033,608,872,1051.381813445258,1107.3855502319436,1071.7417789199824,1060.5529947703044
2014-05-29,1383,1426,835,1327,1054.1242829632158,1128.3012121146157,1081.751905236846,1065.8291730916844
2014-05-30,922,1095,768,991,1053.4961806451738,1115.224906198938,1078.1930069922637,1064.3474072878887
2014-06-02,1150,1150,568,999,1052.9539300914905,1104.155867513325,1075.08739887492,1063.053399222782
2014-06-03,482,1011,482,902,1051.4519009363514,1084.902927750151,1068.2996577425702,1059.8642230005487
2014-06-04,607,1276,500,1264,1053.566807394696,1101.9597917739463,1075.9741809683517,1063.9065156143993
2014-06-05,1342,1760,769,1709,1060.0885307042015,1159.7731449383323,1100.7987228911613,1076.6806440180744
2014-06-06,1395,1659,1395,1537,1064.8339184583886,1195.6995120870624,1117.904655326802,1085.7958787899938
2014-06-09,1051,1499,1051,1270,1066.8753720060663,1202.7757490311517,1123.8691786473196,1089.443485150588
2014-06-10,689,804,506,803,1064.2497464139662,1164.701868171042,1111.2860736023267,1083.7713369297842
2014-06-11,422,646,356,598,1059.6104454546232,1110.7302616785619,1091.1572079708628,1074.152102535135
2014-06-12,703,780,519,675,1055.7834758481097,1069.2321415186989,1074.8373174622016,1066.2481005047364
2014-06-13,1082,1295,635,1210,1057.3179686257404,1082.6386042312038,1080.137814816625,1069.0946727719693
2014-06-16,761,1126,717,1037,1057.1157997836933,1078.2920704948986,1078.4461358042083,1068.4591346972768
2014-06-17,584,1431,584,1366,1060.1892744127113,1105.6928256858605,1089.7227579295336,1074.351033020103
2014-06-18,851,1515,760,1508,1064.6451025280076,1144.0077946681595,1106.1257870303361,1082.9381412771306
2014-06-19,1250,1395,934,1152,1065.514305487928,1144.7689570807156,1107.9247757742446,1084.3057028359992
2014-06-20,1235,1235,982,1187,1066.7231183686451,1148.7909611682664,1111.0257649595683,1086.3392532748903
2014-06-23,1088,1146,809,896,1065.0243808724397,1124.7156315331933,1102.5933820199773,1082.5701591506352
2014-06-24,737,1461,534,535,1059.750506435898,1068.5522380538416,1080.3348180191938,1071.7271857021078
2014-06-25,789,1457,789,1453,1063.663436720118,1105.1663106201424,1094.9491388811862,1079.277142420878
2014-06-26,744,905,350,904,1062.07474580748,1086.007614370605,1087.4609373564338,1075.8063079174942
2014-06-27,652,1425,652,1388,1065.3177831626294,1114.768793954357,1099.2467829502991,1081.9883612260587
2014-06-30,678,1256,610,1254,1067.1952181560362,1128.028908815847,1105.3155365600912,1085.3945322908892
2014-07-01,1542,1648,1420,1443,1070.9345692191603,1158.0261555952902,1118.558064538127,1092.4758286811687
2014-07-02,872,1018,759,795,1068.1889516149895,1123.4522360147864,1105.869512987612,1086.5852182122346
2014-07-03,1367,1436,1201,1436,1071.848763041706,1153.218689727664,1118.815806595941,1093.5043228020913
2014-07-07,451,477,349,389,1065.0542479865646,1080.4359573726483,1090.1955788862963,1079.553742152545
2014-07-08,502,669,350,591,1060.337290295156,1033.8230090514437,1070.619281675069,1069.879410624772
2014-07-09,1420,1420,964,1214,1061.8662724812739,1050.9827224751157,1076.2420549427134,1072.7332836817072
2014-07-10,118,678,118,535,1056.6238220088235,1001.8415108108189,1055.0168763175088,1062.085099846426
2014-07-11,835,975,538,900,1055.065376018686,992.1423193050266,1048.937783128587,1058.8754939088728
2014-07-14,1648,1679,1419,1451,1059.0050240185,1035.843050799786,1064.7049288882502,1066.6403356136477
2014-07-15,1106,1331,387,679,1055.223879500903,1001.8579983426634,1049.5792454024365,1058.9642893638725
2014-07-16,1629,1629,872,1172,1056.3858309486552,1018.0619985005051,1054.3800593082233,1061.2026202675581
2014-07-17,387,870,261,275,1048.6108475561314,947.2941891195046,1023.8161354137832,1045.6342515493886
2014-07-18,1393,1835,1390,1813,1056.2167097695033,1029.7423615843136,1054.7645222603014,1060.8296129048463
2014-07-21,353,756,304,673,1052.403608179757,995.7668985762837,1039.7933645246032,1053.1498185898988
2014-07-22,1648,1684,1453,1497,1056.8274528744857,1043.5033844261613,1057.7230365040305,1061.9389310930692
2014-07-23,921,1252,762,1037,1056.6301647861824,1042.8840144808125,1056.9103684058332,1061.4450908734045
2014-07-24,1291,1352,903,971,1055.778123345524,1036.0379178635924,1053.5413343507025,1059.6540989749212
2014-07-25,348,623,348,551,1050.7554554515386,989.8438304480121,1033.833831042832,1049.5817405793782
2014-07-28,878,946,489,858,1048.8374907206776,977.287275167249,1026.938386688211,1045.7880427461232
2014-07-29,1043,1315,693,693,1045.2968191712182,950.212296579892,1013.8427636808302,1038.8021409095663
2014-07-30,1558,1558,764,940,1044.2490896272259,949.2396969056166,1010.94696902668,1036.8456628717531
2014-07-31,157,312,142,183,1035.679446944368,876.2644876765103,978.4784604373984,1019.9378279634016
2014-08-01,847,1199,468,810,1033.4338803081057,869.9535840882712,971.871461988873,1015.780643251255
2014-08-04,1245,1535,678,1503,1038.1061800065324,930.2437189370073,992.7000321069564,1025.4285513056857
2014-08-05,353,1004,353,572,1033.4683075686564,896.1252695144352,976.2019916321739,1016.4497681115137
2014-08-06,407,1435,407,1198,1035.10543883663,924.8752438463938,984.8999527446376,1020.0448222083154
2014-08-07,1442,1442,522,700,1031.7710563606436,903.4585539562611,973.7274055781812,1013.7073009764675
2014-08-08,1192,1656,958,1653,1037.9524388844184,974.8434535794743,1000.3655465358996,1026.36656234327
2014-08-11,1588,1837,1506,1537,1042.9180862587027,1028.382172286191,1021.4100349070408,1036.4781155641954
2014-08-12,658,1075,525,708,1039.585567987472,997.8695844494109,1009.1194453028431,1029.9735984243102
2014-08-13,1566,1622,1365,1491,1044.077253878144,1044.8343859304193,1028.0167219576335,1039.1028340990763
2014-08-14,1366,1368,1193,1323,1046.852604585824,1071.3263491751413,1039.5846936455696,1044.7245601565203
2014-08-15,1678,1678,480,944,1045.8291955849702,1059.2000302060803,1035.83627428692,1042.7300144108467
2014-08-18,1739,1762,1644,1729,1052.6269150318858,1122.990503519787,1063.0191654913544,1056.3195190759784
2014-08-19,1378,1488,1317,1331,1055.3967964743547,1142.8009317559977,1073.5282178250268,1061.7587365200184
2014-08-20,479,1119,479,1021,1055.0545397930177,1131.2008430173312,1071.4682877142413,1060.9516328265527
2014-08-21,1122,1309,688,1256,1057.0539971085102,1143.0864770156807,1078.7048254509377,1064.8139767309774
2014-08-22,631,944,470,749,1053.988783206933,1105.554431585616,1065.7752244528617,1058.5602346174926
2014-08-25,1581,1581,1130,1281,1056.2476012844759,1122.2635333393669,1074.21541172922,1062.9649824468493
2014-08-26,1218,1517,1218,1335,1059.021256993088,1142.5241492118082,1084.442258328074,1068.3518144776046
2014-08-27,1206,1206,903,1029,1058.7225380180323,1131.7123254773503,1082.26805211913,1067.572570626563
2014-08-28,317,845,317,719,1055.342214256659,1092.4063897176027,1068.022246153674,1060.6701434854428
2014-08-29,1223,1559,868,1555,1060.3139335177868,1136.462924030212,1087.1194129711769,1070.4588535154342
2014-09-02,1214,1257,840,1119,1060.897874477809,1134.799788408287,1088.3696320703464,1071.4200643369106
2014-09-03,1641,1641,825,881,1059.1078458760396,1110.6283799884502,1080.237489636215,1067.6493699936054
2014-09-04,1161,1506,634,772,1056.251051389711,1078.3780580847883,1068.1497449445988,1061.794927023435
2014-09-05,777,1365,687,1363,1059.303279734092,1105.484909695761,1079.7125000448107,1067.7593839140602
2014-09-08,776,1059,567,805,1056.7728988412155,1076.8672992485456,1068.9394608273672,1062.55622779695
2014-09-09,536,623,348,418,1050.4169495990143,1014.118032653446,1043.4124231478625,1049.7927381376044
2014-09-10,936,1118,604,1118,1051.089417762208,1024.0115533531177,1046.3374261616718,1051.1433769863647
2014-09-11,498,1278,498,1243,1052.998975794425,1044.867595890916,1054.0496839592533,1054.9425180361397
2014-09-12,705,705,342,437,1046.8696327516943,986.9754439013049,1029.8516571373218,1042.7060325304735
2014-09-15,785,785,436,619,1042.6122234705829,951.930163529752,1013.7398274456622,1034.3158140645235
2014-09-16,1188,1561,903,1452,1046.6857336848059,999.5558622412042,1030.9265008791656,1042.586788043444
2014-09-17,1183,1459,922,951,1045.7336368322208,994.9314944087085,1027.7921282956688,1040.7731882802075
2014-09-18,1431,1431,1107,1210,1047.3681280080195,1015.4142092269268,1034.937535029172,1044.1242142548567
2014-09-19,1423,1423,481,640,1043.3147137989845,979.6604750148385,1019.4497885574398,1036.1217545666418
2014-09-22,361,402,193,251,1035.4309853034722,910.2642392991396,989.3145027316579,1020.5747891296786
2014-09-23,514,1037,437,444,1029.546099877567,865.8581212706501,967.9296202715929,1009.1574665726553
2014-09-24,1103,1449,722,1336,1032.5953924160988,910.633538292493,982.3637528099617,1015.6295959474542
2014-09-25,380,380,119,201,1024.3208113970331,843.049391788446,951.7220370134927,999.4983168197818
2014-09-26,1141,1634,1141,1633,1030.377320736366,918.2827830466892,978.4388198757086,1012.0429046055287
2014-09-29,124,765,124,755,1027.637247893218,902.7320418041475,969.6765132139161,1006.9529460984886
2014-09-30,420,956,420,474,1022.1284195559721,861.900418775181,950.2382185780763,996.3994224133701
2014-10-01,601,871,288,367,1015.6097288141216,814.7670455584971,927.3661315750145,983.9360675140954
2014-10-02,1032,1437,424,1267,1018.1111245473144,857.8368507434021,940.6851068073669,989.5412938999549
2014-10-03,1580,1634,1394,1450,1022.4085262931122,914.2333411487924,960.6582398737446,998.6592880801538
2014-10-06,1579,1579,693,848,1020.6731180712902,907.9254038965265,956.2402696826174,995.6759358409429
2014-10-07,214,760,214,249,1012.9947785879938,845.1706035254288,928.5053571460442,980.8902737450826
2014-10-08,865,1733,528,1733,1020.1590096468198,929.7257841420546,960.0541666697287,995.7835356511206
2014-10-09,670,670,145,156,1011.5604125359062,856.0376142237637,928.5226307218962,979.1541587075341
2014-10-10,1254,1254,431,431,1005.7836920131608,815.5578414405481,909.0119393210375,968.2996209113453
2014-10-13,1437,1437,687,687,1002.611714978204,803.3142374938293,900.3055887594282,962.7293313883483
2014-10-14,1551,1847,1273,1416,1006.7250312470776,861.665262494417,920.5288990041565,971.7049881925394
2014-10-15,118,1196,118,1070,1007.3546329262111,881.5066660663773,926.3905108079151,973.6514240699149
2014-10-16,115,1640,115,1431,1011.570009713015,933.8393645362461,946.1791182272126,982.707831514075
2014-10-17,1769,1769,1182,1305,1014.4897111089053,969.1879964851751,960.2505253555572,989.0898546524102
2014-10-20,980,1635,980,1634,1020.6539925904087,1032.5034253913489,986.6720733808295,1001.8603525800852
2014-10-21,1588,1823,1588,1821,1028.6176344551807,1107.5983372588394,1019.3908156011892,1018.0809396577073
2014-10-22,1179,1381,443,447,1022.8303943113481,1044.6842099008547,996.9441169501621,1006.7724061991388
2014-10-23,1732,1873,1681,1733,1029.8967585470562,1110.238094672202,1025.809053540352,1021.153150630839
2014-10-24,1019,1279,844,1275,1032.3355967704686,1125.9297047034208,1035.5812475191617,1026.179820915377
2014-10-27,465,875,306,869,1030.710366951857,1101.4602090173807,1029.0486495772338,1023.0673492140824
2014-10-28,1654,1903,1614,1902,1039.3799155394006,1177.7020938728683,1063.2820358683227,1040.471956160338
2014-10-29,992,1293,536,788,1036.8786228474662,1140.5876087421188,1052.4866619127022,1035.4725114838957
2014-10-30,605,1496,600,1378,1040.272865406198,1163.1983126714408,1065.251890857302,1042.255234028769
2014-10-31,1599,1715,1498,1714,1046.9766179892208,1215.6556162265417,1090.6929931766235,1055.5571105826548
2014-11-03,1144,1273,852,944,1045.9519750241539,1189.783652776395,1084.9403267775403,1053.3480588879488
2014-11-04,719,907,457,732,1042.8280747751573,1146.1852096548337,1071.0995296490094,1046.9847309891775
2014-11-05,1186,1371,1099,1266,1045.0486909465487,1157.596142068659,1078.7426853490483,1051.3216670091938
2014-11-06,879,1233,844,1231,1046.8989527281751,1164.5869856811676,1084.7135604333994,1054.8796538010909
2014-11-07,886,1273,828,1234,1048.7606546910788,1171.1977489496278,1090.5679306124819,1058.4265913495842
2014-11-10,1235,1352,1066,1229,1050.5540810125606,1176.7027252401394,1095.996639215914,1061.8042826099884
2014-11-11,919,1066,721,1003,1050.080906077112,1160.1596085506023,1092.349712187839,1060.6398413701866
2014-11-12,528,1129,528,1098,1050.5577129818175,1154.2396458314975,1092.5712921020415,1061.379646491569
2014-11-13,1161,1161,577,650,1046.5720640964264,1106.2168224189738,1075.2155551568635,1053.2335148778745
2014-11-14,1024,1255,898,1062,1046.725575896462,1102.0056964743096,1074.6972980918886,1053.407108642669
2014-11-17,808,1025,739,903,1045.2954706636615,1083.0527730005658,1067.9640707157362,1050.4287500556854
2014-11-18,1389,1611,1352,1352,1048.347257025217,1108.6667946195596,1079.1027346092367,1056.4004579753748
2014-11-19,467,851,391,681,1044.6920604379013,1067.936623703411,1063.4908626637764,1048.9667855402188
2014-11-20,623,1504,623,1495,1049.1727364534445,1108.609326207848,1080.412789618138,1057.7991264206105
2014-11-21,1902,1923,1314,1422,1052.8824604688332,1138.4560570451958,1093.808366495858,1065.0110249073311
2014-11-24,1432,1432,1204,1348,1055.8189533994916,1158.4126230408915,1103.7766658489618,1070.6147669883742
2014-11-25,1271,1281,786,1020,1055.4625459029794,1145.2304684655685,1100.4913064039044,1069.612494374743
2014-11-26,947,1158,860,1156,1056.4629185805618,1146.2561381355144,1102.6681179174768,1071.3231380504906
2014-11-28,873,1059,704,708,1052.9956258583672,1104.5174583130845,1087.1909368226738,1064.1286204653322
2014-12-01,414,597,351,423,1046.7270126657468,1039.6110337118384,1061.144233417863,1051.433004218494
2014-12-02,1198,1658,1198,1445,1050.689927962605,1078.2195066916634,1076.1974007348097,1059.2264100755535
2014-12-03,985,1652,985,1538,1055.538784400788,1122.008125101981,1094.3073065883466,1068.7070752225723
2014-12-04,694,910,458,779,1052.7871547052578,1089.340684616078,1081.9423141731172,1062.9703014557886
2014-12-05,1215,1344,1055,1166,1053.9136506783398,1096.6415717954992,1085.2386940094655,1065.010493506169
2014-12-08,634,1093,388,507,1048.4717238059184,1040.4852316244992,1062.562666793408,1053.9607807634727
2014-12-09,264,1465,264,1465,1052.6162837680486,1080.9152095650231,1078.344522997588,1062.100171243404
2014-12-10,434,533,201,201,1044.1424898997097,997.113761035021,1043.9388554290551,1045.0486827039306
2014-12-11,1713,1835,1158,1233,1046.0216691046878,1019.5791171269237,1051.353017961249,1048.770490967219
2014-12-12,236,645,236,329,1038.887125133497,953.8096774005501,1023.0254486294352,1034.5176099579671
2014-12-15,1597,1622,416,512,1033.6444671719696,911.7325652671643,1002.9852349576927,1024.1707265924629
2014-12-16,502,1774,502,964,1032.9514873991143,916.7104161941011,1001.4564022142538,1022.9792270559784
2014-12-17,1366,2008,1366,2002,1042.593761156337,1020.07132893752,1040.693406048989,1042.365777015266
2014-12-18,1798,1921,1483,1785,1049.9808879110003,1092.921678562518,1069.8818999294208,1057.0714051931816
2014-12-19,1130,1475,992,1299,1052.4586900213387,1112.5481853660879,1078.8669234616004,1061.862070436881
2014-12-22,1229,1315,1015,1314,1055.0610911156537,1131.7340724740795,1088.0878284238906,1066.8549007252595
2014-12-23,1411,1570,1382,1435,1058.8415777712194,1160.6165417622624,1101.6922273092282,1074.144902691096
2014-12-24,1133,1255,915,1034,1058.5943978928988,1148.5578234991897,1099.0376301598467,1073.3499541229553
2014-12-26,1641,1662,1395,1403,1062.0213193068998,1172.790411737362,1110.9577230947546,1079.8776778036888
2014-12-29,1005,1437,1005,1193,1063.3245897615575,1174.7151344290419,1114.1750672871171,1082.1177237877741
2014-12-30,680,916,680,717,1059.8785739430346,1131.1232168643712,1098.5995744523282,1074.8876698513825
2014-12-31,1202,1352,522,526,1054.566349326686,1073.4924343058597,1076.144689179688,1064.0186070820482
2015-01-02,1598,1598,601,1013,1054.1527538109974,1067.731250086254,1073.6684268589158,1063.008337634879
2015-01-05,280,537,280,361,1047.25571148452,1000.4235119828013,1045.7206454134682,1049.1071824341882
2015-01-06,1159,1159,306,450,1041.3128685841764,948.0022251272965,1022.3590514756852,1037.243673871135
2015-01-07,1641,1701,1261,1538,1046.2550290957765,1004.1924894008873,1042.5802651433053,1047.1596407251718
2015-01-08,1720,1826,1715,1765,1053.406720348555,1076.6503475531838,1070.91045082396,1061.3743013048713
2015-01-09,848,848,373,599,1048.8852604445892,1031.1598382624045,1052.404158634785,1052.218374546359
2015-01-12,882,882,374,684,1045.2545613356879,998.0969965231279,1037.9569367275385,1044.926921585045
2015-01-13,1791,1791,463,984,1044.6450632129447,996.7544254256871,1035.8409784244977,1043.7204478902916
2015-01-14,191,827,191,827,1042.479440693413,980.5873372899074,1027.651136133341,1039.428953872662
2015-01-15,1433,1433,497,568,1037.758252228802,941.2933051670591,1009.6256013830139,1030.0937270633024
2015-01-16,1066,1826,1066,1826,1045.601453699162,1025.5510856273393,1041.6402836817192,1045.8542473194746
2015-01-20,1279,1279,438,757,1042.729797443449,999.9747917580688,1030.4779196157695,1040.1343612339404
2015-01-21,643,1522,643,1317,1045.4588541853052,1030.167668733491,1041.7140796308372,1045.616849130298
2015-01-22,1642,1739,1179,1739,1052.3597611088344,1097.6755098064918,1069.0586255276671,1059.3472085534604
2015-01-23,849,1012,757,760,1049.4507087594927,1065.5159374439688,1056.9386794285429,1053.4195410573523
2015-01-26,745,1563,645,1561,1054.5407514584033,1112.7048957826385,1076.7057900391883,1063.4706392542364
2015-01-27,276,915,276,743,1051.4408434836928,1077.4949057081014,1063.619288469024,1057.1246860016772
2015-01-28,1272,1272,244,261,1043.5757604639546,999.7334861168537,1032.1440222545525,1041.3598407343172
2015-01-29,1131,1470,591,1469,1047.8088374742636,1044.4255350581057,1049.2756292249621,1049.8279626999743
2015-01-30,283,769,283,501,1042.3679535192957,992.6707221954289,1027.7746241573166,1038.96008225047
2015-02-02,1233,1588,749,1586,1047.777227613631,1049.178272462531,1049.6658153668336,1049.7925558692725
2015-02-03,1647,1873,1636,1872,1055.978449229416,1127.5422465137185,1081.9142147642126,1066.0738913966136
2015-02-04,517,1042,517,733,1052.7647333166854,1089.9667944647929,1068.2313043813024,1059.4783687947004
2015-02-05,1456,1774,1456,1753,1059.7322484080617,1153.1128140395745,1095.0849787192906,1073.211470402726
2015-02-06,995,1170,791,864,1057.7846638467875,1125.5782603215198,1086.022822691083,1069.0686690086127
2015-02-09,835,1194,726,748,1054.7022293806504,1089.6184260051846,1072.7670257228053,1062.7108735826996
2015-02-10,1403,1403,726,1250,1056.645490779848,1104.8928616237383,1079.717338439558,1066.4195691553193
2015-02-11,805,946,574,881,1054.8977744536803,1083.569731945287,1071.9245016380066,1062.7478945185803
2015-02-12,1632,1766,1557,1744,1061.7545130163303,1146.4678527124024,1098.2804035345555,1076.2380352211826
2015-02-13,1163,1409,1153,1360,1064.7221298022375,1166.8042476921737,1108.5439171214357,1081.8570840286839
2015-02-17,835,1248,772,1092,1064.993551396245,1159.6800336262525,1107.89513605785,1082.057933849898
2015-02-18,729,1185,729,1185,1066.1876454122028,1162.0914589951808,1110.918856212444,1084.0963906053457
2015-02-19,529,1047,529,922,1064.752942472778,1139.2256057575446,1103.5102736158776,1080.8865610884081
2015-02-20,958,1333,471,1330,1067.392216677029,1157.3945956853975,1112.392223670157,1085.819500472796
2015-02-23,697,885,521,885,1065.5773687498943,1131.452253239169,1103.4748815654448,1081.8428767010575
2015-02-24,993,1301,976,1173,1066.6462506528803,1135.4091815021054,1106.2013567981724,1083.6479682515317
2015-02-25,1023,1190,886,1082,1066.7990242782248,1130.3225927876192,1105.2522839825579,1083.6153352168478
2015-02-26,861,1000,664,897,1065.1094817480932,1108.1013934745126,1097.0855277479477,1079.919982044237
2015-02-27,1075,1191,816,909,1063.5561535714953,1089.1393560007496,1089.7096246990086,1076.535427944351
2015-03-02,1002,1361,1002,1309,1065.9983808991421,1110.0784649530592,1098.3092472598319,1081.1386867969381
2015-03-03,588,766,496,730,1062.655113427509,1073.8805159099106,1083.8657473672895,1074.1854454742265
2015-03-04,414,679,278,622,1058.2704854332053,1030.844276299443,1065.7533651175918,1065.2312782371132
2015-03-05,935,1261,877,1112,1058.8051074686957,1038.573392842353,1067.5669586423921,1066.1573915393485
2015-03-06,401,669,337,359,1051.8418725685096,973.8521173335575,1039.7800190877886,1052.154274875203
2015-03-09,1287,1323,1084,1150,1052.8185703538977,990.6281061589331,1044.1023712804242,1054.0918139865853
2015-03-10,190,436,190,338,1045.7059477633118,928.4730484295109,1016.4120822106037,1039.9117780660588
2015-03-11,1084,1317,836,1244,1047.6790229099454,958.523234293367,1025.3370985945016,1043.9531289954436
2015-03-12,1784,1800,1611,1686,1054.0304754183041,1027.8067357892369,1051.2454476692271,1056.6669284212765
2015-03-13,441,619,268,590,1049.4132567574254,986.110856190262,1033.1573908978849,1047.4259991456076
2015-03-16,1412,1452,1294,1451,1053.4091447498888,1030.3860127435703,1049.543375568556,1055.417563518962
2015-03-17,434,1147,434,1071,1053.584178135462,1034.2540115298968,1050.3848118207695,1055.7261266175965
2015-03-18,497,1805,486,1738,1060.394285815706,1101.27743900324,1077.3501133179943,1069.236500347941
2015-03-19,469,838,469,707,1056.8779247628136,1063.727206717217,1062.8265794623867,1062.0635003410512
2015-03-20,1740,1774,1667,1691,1063.1875971532334,1123.4674727441488,1087.4608312481755,1074.5176884531095
2015-03-23,1172,1423,1168,1168,1064.2305066342958,1127.7086658161347,1090.619230022757,1076.3688233352261
2015-03-24,794,1075,708,850,1062.0988598021138,1101.2602214526933,1081.1831817865705,1071.8862723780928
2015-03-25,1221,1221,401,401,1055.52076169463,1034.568771790532,1054.5093315204304,1058.6013956973386
2015-03-26,828,1086,637,819,1053.167321279758,1014.0384125723862,1045.2736714608056,1053.856813604322
2015-03-27,952,1186,802,1185,1054.479089227223,1030.3204685178732,1050.7531353250877,1056.4537083844345
2015-03-30,1630,1712,1566,1661,1060.5141231652606,1090.3851858018852,1074.6843849201823,1068.4249220797922
2015-03-31,356,916,356,771,1057.6333856213275,1059.9675490588486,1062.775193354685,1062.5353196623705
2015-04-01,895,1164,639,1073,1057.7862872569362,1061.2087348627679,1063.1761661643052,1062.7425410551948
2015-04-02,1171,1753,1171,1456,1061.7486127568673,1098.8079029710757,1078.581022393156,1070.5298174699435
2015-04-06,889,1680,889,1593,1067.0346962120227,1145.8738169738303,1098.75431563264,1080.8757616784594
2015-04-07,1004,1166,765,766,1064.0393261004604,1109.6953582144179,1085.7051267843012,1074.640598080866
2015-04-08,1390,1497,978,1252,1065.9095815621474,1123.248181241616,1092.2264943613875,1078.1526654456013
2015-04-09,1152,1152,582,979,1065.044809606305,1109.510259218605,1087.7862396805488,1076.1892463278666
2015-04-10,1363,1408,1191,1266,1067.0443637395756,1124.4140440549284,1094.775014595037,1079.9478751134534
2015-04-13,981,1215,768,768,1064.0687979312215,1090.4698493830304,1081.9603081403297,1073.7706894676423
2015-04-14,1305,1346,873,1269,1066.1079143697168,1107.4727208703607,1089.2951980171795,1077.6366164088772
2015-04-15,1518,1585,1388,1390,1069.3307211919087,1134.3800807874693,1101.0875431929765,1083.822029945335
2015-04-16,636,1081,602,878,1067.4269329213423,1109.9629302362816,1092.3390120873696,1079.7463461840414
2015-04-17,201,296,188,293,1059.7211922952592,1032.1569368804453,1060.9923841623747,1064.1672106160406
2015-04-20,1593,1671,1502,1539,1064.4901356555054,1080.4277047965934,1079.7377808618894,1073.5698401087923
2015-04-21,1342,1342,906,925,1063.1021741066943,1065.6250662445368,1073.6696325927958,1070.627863076935
2015-04-22,1055,1291,679,1279,1065.2504111802596,1085.946488506962,1081.7218038636665,1074.7540440061046
2015-04-23,905,1522,905,1396,1068.5414518650332,1115.4753943634419,1094.0464390062677,1081.1153500653895
2015-04-24,1013,1114,926,1050,1068.3569598066747,1109.2396425193047,1092.3191276726886,1080.4992045195402
2015-04-27,1365,1563,699,744,1065.1295273707874,1074.4549146603233,1078.6595540384656,1073.835853934995
2015-04-28,1002,1370,660,1370,1068.163064411874,1102.6020656450544,1090.0846695663688,1079.7004904907376
2015-04-29,398,803,398,660,1064.1017403878752,1060.449487964573,1073.2186040931779,1071.3895896889408
2015-04-30,607,607,306,418,1057.6728673491898,999.2638224441375,1047.5237568738376,1058.451181972328
2015-05-01,1508,1508,1135,1433,1061.4074656840237,1040.5720298304102,1062.6404722905497,1065.8679902501037
2015-05-04,1458,1679,1228,1281,1063.5924660254761,1063.4699317513234,1071.2035910242537,1070.1280300471315
2015-05-05,1047,1100,332,405,1057.039307159551,1000.7585096797688,1045.0779600036947,1056.9571779669902
2015-05-06,1517,1517,554,887,1055.3473737549784,989.9243659007433,1038.8788243172753,1053.5916892943765
2015-05-07,798,1306,746,1178,1056.5677978967199,1007.8363310530534,1044.33455669699,1056.0552201994383
2015-05-08,1801,1801,1576,1637,1062.3432426937675,1067.7566804765722,1067.576338787304,1067.559077225192
2015-05-11,1052,1285,855,863,1060.3597278410932,1048.2560442407082,1059.5537372662332,1063.5084024286534
2015-05-12,391,937,334,843,1058.1969444794904,1028.7078495511169,1051.061433844028,1059.1418994102642
2015-05-13,1535,1535,866,1040,1058.0158803553163,1029.7832924510105,1050.6276521246543,1058.7628518971896
2015-05-14,1573,1719,1402,1574,1063.1500507000396,1081.6134550747238,1071.1520579236876,1068.9655677012056
2015-05-15,1036,1136,630,1134,1063.8550253199398,1086.602649829512,1073.6166831031508,1070.2533782417759
2015-05-18,710,1362,710,1320,1066.4037315356618,1108.830968893368,1083.2787739618507,1075.1988559003546
2015-05-19,842,939,659,840,1064.1509580875459,1083.228019474952,1073.7384298849154,1070.541452813219
2015-05-20,1023,1284,823,1054,1064.049953529461,1080.4443985725754,1072.9643738109971,1070.213899292165
2015-05-21,943,1240,926,1064,1064.0494564794164,1078.8782653751873,1072.6128297399775,1070.0908517814291
2015-05-22,612,950,590,664,1060.0688648726561,1039.3660496251696,1056.5887972011549,1062.0494487758563
2015-05-26,402,402,232,263,1052.1378313913362,965.4264258513439,1025.4676678991489,1046.2266874139582
2015-05-27,1023,1587,1023,1587,1057.4598430192832,1024.6239091035968,1047.4885436678096,1056.9350698414046
2015-05-28,632,867,371,867,1055.564720203171,1009.6121082365876,1040.4105615631897,1053.1739793494955
2015-05-29,716,751,347,570,1050.7332304499055,967.7442884045316,1021.9630885607118,1043.6061777782184
2015-06-01,1356,1368,664,1097,1051.1935963160756,980.0543561755286,1024.905712538723,1044.6634811885506
2015-06-02,752,1493,752,1283,1053.5001276960152,1008.9063222540497,1035.0270571450476,1049.3830162145198
2015-06-03,907,1408,907,1222,1055.1767433408309,1029.2009582298545,1042.3593294138693,1052.8011743092818
2015-06-04,337,574,249,329,1047.9511041036087,962.515152684154,1014.3844537505803,1038.468477788306
2015-06-05,450,1189,383,1167,1049.135670231931,981.989900047568,1020.3693771329105,1041.0136564459633
2015-06-08,723,868,549,549,1044.159195901265,940.7527667097044,1001.8843035198552,1031.270811763865
2015-06-09,1160,1175,682,861,1042.3367163400585,933.1572651183039,996.3594288720177,1027.8991125210161
2015-06-10,1731,1921,1731,1750,1049.3781420481175,1010.9518112975131,1025.913961073115,1042.1981399958474
2015-06-11,1300,1362,1053,1214,1051.0161704854497,1030.2897340310833,1033.2898841682868,1045.6001570256326
2015-06-12,436,715,367,647,1046.9961090875845,993.7859498376467,1018.1412612597265,1037.7070846092834
2015-06-15,169,729,169,605,1042.5981378528822,956.7587165197756,1001.9396431711098,1029.1386274883075
2015-06-16,661,1399,661,1357,1045.7265145906645,994.8769339940827,1015.863578733027,1035.6309318944795
2015-06-17,1476,1476,671,1143,1046.6944099678717,1008.9838926613129,1020.8493207434965,1037.7570520549848
2015-06-18,1527,1732,1486,1589,1052.0904854905793,1064.223521931664,1043.1297395378692,1048.67275399449
2015-06-19,769,1054,752,771,1049.2935652369417,1036.2974722238864,1032.457985046188,1043.1742836183614
2015-06-22,1573,1615,1351,1351,1052.295619314186,1066.2691415358972,1044.9498287698668,1049.2698423585919
2015-06-23,1106,1247,1020,1226,1054.024021112055,1081.4816042467642,1052.0498354847741,1052.7694494405998
2015-06-24,801,918,440,440,1047.9143293596962,1020.3881181280248,1028.047881152038,1040.6354009368256
2015-06-25,1131,1131,657,776,1045.2087141421869,997.1130592586891,1018.1636505186246,1035.3950959677795
2015-06-26,968,1254,806,1046,1045.2165876333095,1001.7689583769092,1019.2552720669139,1035.6050940674274
2015-06-29,338,455,95,96,1035.7716464628288,915.5052480552988,983.0491829662506,1016.9990526007457
2015-06-30,1735,1735,953,1195,1037.3560081895669,942.123795859556,991.3609797126721,1020.5238238363745
2015-07-01,1561,1568,1066,1254,1039.511669799621,971.8262914919793,1001.6605491357046,1025.147114453476
2015-07-02,1274,1294,744,886,1037.9841904981322,963.6523589689336,997.1248413264614,1022.3917260484567
2015-07-06,243,913,243,733,1034.9495219359617,941.685467638559,986.7670044116982,1016.6611968197744
2015-07-07,773,1248,308,1230,1036.8903227127182,969.1439945301248,996.3055532582982,1020.8857275758185
2015-07-08,254,422,150,226,1028.821762287716,898.3683760034462,966.0974923462081,1005.1454161386736
2015-07-09,1911,1924,1238,1238,1030.9031377873407,930.714244955499,976.7603357836117,1009.7563979973137
2015-07-10,1816,1890,1687,1749,1038.048380197417,1008.6462216264039,1007.0442441842544,1024.3948851656837
2015-07-13,1645,1707,1509,1610,1043.7394410909749,1065.9180100429369,1030.6895679417346,1035.9910260534919
2015-07-14,893,1450,893,1351,1046.7967600850945,1093.0686757531334,1043.250761355784,1042.228827517779
2015-07-15,769,772,492,613,1042.4803744126061,1047.3478494909302,1026.3781824790867,1033.7292467748528
2015-07-16,1549,1652,1327,1390,1045.9382811348687,1079.9813876346511,1040.6378615975539,1040.7841131753507
2015-07-17,775,775,438,586,1041.361780825069,1032.9355411932559,1022.8089258486302,1031.7784871718784
2015-07-20,848,848,523,655,1037.5173849959638,996.9416801272315,1008.3850464035859,1024.317527029861
2015-07-21,1413,1413,740,776,1034.915221961178,975.8996153532095,999.2719073289354,1019.4003482767944
2015-07-22,702,1119,702,992,1034.488204827236,977.4329853195704,998.9867344925066,1018.8577671227985
2015-07-23,1173,1173,492,534,1029.5082226896516,935.2012724319923,980.7519605908396,1009.2566232193767
2015-07-24,660,775,392,440,1023.642469230053,888.0392464860882,959.5460013519831,997.984214838795
2015-07-27,405,690,405,520,1018.6311013770177,852.9878896778894,942.3089032597485,988.5191808815911
2015-07-28,1332,1670,898,1633,1024.7442247464005,927.2747573276142,969.3948286221113,1001.2811772997774
2015-07-29,1013,1651,1013,1619,1030.6572175349936,993.1533518678415,994.8695412251658,1013.5132331948313
2015-07-30,629,1028,576,1028,1030.630777559521,996.4720802613804,996.1687749026103,1013.8000998642406
2015-07-31,1299,1542,1206,1206,1032.3757449469883,1016.427120236487,1004.3974503966256,1017.6060384807903
2015-08-03,897,897,498,719,1029.2575783306004,988.100727833012,993.2053935183266,1011.6930476197846
2015-08-04,1071,1388,831,924,1028.2102392427337,981.9958966108204,990.4914565176078,1009.9565516273136
2015-08-05,1663,1663,1100,1113,1029.0539184542488,994.4724778859804,995.2957131247605,1011.9970159515252
2015-08-06,915,915,579,819,1026.9638297134104,977.7608133254108,988.3821557473188,1008.1752928633762
2015-08-07,513,891,513,819,1024.894537875466,962.6407358658479,981.7397182670319,1004.429247460141
2015-08-10,1722,1782,1672,1715,1031.7612588916306,1034.2939991167195,1010.4950234330306,1018.4999554312274
2015-08-11,352,638,352,638,1027.843236415097,996.5517134865557,995.8873754552648,1010.9653028484308
2015-08-12,321,1000,321,995,1027.5164380428075,996.4039312497409,995.8525764178034,1010.6491582375709
2015-08-13,934,1137,494,833,1025.580951097108,980.8416520830989,989.4662008720072,1007.1313531239556
2015-08-14,930,1501,930,1498,1030.281638150868,1030.0948280751848,1009.4087027985952,1016.8515243492238
2015-08-17,372,1420,372,1417,1034.1295820498644,1066.9429396870719,1025.392675237866,1024.7752565403284
2015-08-18,638,740,553,675,1030.5561533727514,1029.6150406692554,1011.6517860128515,1017.8490138365595
2015-08-19,218,764,202,423,1024.510818513321,971.8421796531359,988.5674022476417,1006.0698254437564
2015-08-20,211,509,211,220,1016.5057357420442,900.2381625433134,958.4275041202832,990.5040863260582
2015-08-21,237,534,183,243,1008.8091612570487,837.6440518249026,930.3715235665466,975.7020252106907
2015-08-24,18,436,18,85,999.6170302992671,765.9636659368166,897.2196991129565,958.0643613451325
2015-08-25,1773,1946,707,707,996.7054180574834,760.3480787047388,889.7601030693112,953.0927898333478
2015-08-26,1723,1871,1160,1867,1005.3650656390009,865.7434997804779,928.0832362822794,971.1899623118953
2015-08-27,1876,2012,1564,1953,1014.794268965976,969.2917378966229,968.2760505457194,990.6317452364123
2015-08-28,730,1457,730,1367,1018.2988036031305,1007.1687152398016,983.9122838576519,998.084581964404
2015-08-31,369,1097,324,863,1016.7535418757362,993.4383614074395,979.1706256671557,995.4096397472871
2015-09-01,63,183,63,97,1007.6017653396592,908.0632793686358,944.5756991704045,977.6193498513012
2015-09-02,1821,1821,967,1641,1013.9042353362795,977.8667765716228,971.8864560656828,990.7556003492953
2015-09-03,1383,1876,1271,1362,1017.3678747856698,1014.4508930886111,987.1850264160481,998.1069745998043
2015-09-04,110,416,110,341,1010.6378461808372,950.3127127944576,961.8444371448305,985.0949553007982
2015-09-08,1771,1933,1771,1811,1018.601648706401,1032.282930623557,995.1446552960136,1001.4495106413765
2015-09-09,1786,1786,397,397,1012.4165576744965,971.7797943736944,971.6880021471503,989.4802134009532
2015-09-10,1041,1546,809,1158,1013.865149140422,989.5150520523902,978.9943550041248,992.817238878162
2015-09-11,330,1178,330,1175,1015.468480989771,1007.1802851902578,986.680850886316,996.4248183063172
2015-09-14,777,789,488,677,1012.1006354077832,975.7345437435665,974.536503792735,990.0995743794595
2015-09-15,1202,1727,1191,1686,1018.8061017221336,1043.378872910846,1002.4370330557649,1003.879780827391
2015-09-16,1398,1766,1313,1729,1025.8727076751472,1108.676123109813,1030.929698426127,1018.2385970486307
2015-09-17,857,1766,857,1128,1026.8888996385786,1110.5164923374498,1034.7363769192202,1020.4120901763806
2015-09-18,142,622,142,413,1020.7805523784932,1044.0863502100735,1010.3545582165057,1008.38412799467
2015-09-21,1640,1756,1243,1306,1023.6185568324386,1069.0305073329237,1021.9484971099761,1014.2775115987359
2015-09-22,91,326,91,218,1015.6024517893297,987.9799828250261,990.4211050664476,998.5096400819293
2015-09-23,1215,1275,577,738,1012.8402383386897,964.1723654131189,980.5222382010967,993.3510333476337
2015-09-24,367,877,252,873,1011.4487931810908,955.4892829928218,976.3056798402694,990.9678445684726
2015-09-25,1639,1639,746,903,1010.3697007116272,950.4903036601721,973.4309472975137,989.2259070522653
2015-09-28,278,335,119,127,1001.5799524458398,872.0626556925367,940.2375768152583,972.1521267145966
2015-09-29,1052,1506,763,1012,1001.6836345110553,885.390021817057,943.0517894891698,972.9411935123275
2015-09-30,1829,1844,1356,1751,1009.1395187447762,967.8290673582896,974.7360330386141,988.3482985912913
2015-10-01,1398,1398,488,1017,1009.2177324886093,972.5120133241668,976.3934435076881,988.9156590152261
2015-10-02,258,1744,258,1739,1016.4792475882251,1045.5108691980556,1006.2995829779748,1003.7688142822514
2015-10-05,1867,1995,1867,1982,1026.086419254014,1134.7003102268122,1044.562344429819,1023.1397288509196
2015-10-06,785,1325,785,1003,1025.8567036395461,1122.1574235385444,1042.932448569826,1022.7409223390202
2015-10-07,1725,1833,1305,1735,1032.9128558421378,1180.5233832015401,1070.0723525474798,1036.8450624907227
2015-10-08,640,1736,640,1678,1039.3316333959474,1227.9021086109174,1093.9126524475787,1049.541199867144
2015-10-09,1306,1337,927,1087,1039.8059455014604,1214.4828601717825,1093.6415680378698,1050.2829582856166
2015-10-12,928,1090,796,1008,1039.4894684317942,1194.817825869708,1090.2830751736396,1049.4456719829311
2015-10-13,265,1243,265,392,1033.0467871538658,1118.3589853106882,1062.8994251668303,1036.4269458050512
2015-10-14,1049,1433,671,744,1030.170699719499,1082.7057486144322,1050.3935653563663,1030.6363132148522
2015-10-15,1336,1800,949,1798,1037.8107922596034,1150.8290106511529,1079.7114647541557,1045.831633745251
2015-10-16,1304,1304,723,1115,1038.5788440779158,1147.4167239224716,1081.0953288814437,1047.201304364157
2015-10-19,495,1032,495,969,1037.8865172711703,1130.4246549774743,1076.699433631191,1045.6527636836788
2015-10-20,839,1538,839,1249,1039.987148940114,1141.7175449796196,1083.4563185868305,1049.6794416305368
2015-10-21,1294,1294,386,386,1033.4798141247893,1069.744445457751,1056.1050904069548,1036.537274469536
2015-10-22,1620,1699,1417,1555,1038.6690697056372,1115.9592601760605,1075.6695966655057,1046.8038630939016
2015-10-23,1352,1477,979,1246,1040.7320640369244,1128.3440925402451,1082.349220325682,1050.7483410524383
2015-10-26,927,927,558,710,1037.4411977280993,1088.5017980126026,1067.7472901168317,1044.0008491504097
2015-10-27,381,516,300,436,1031.4567081984665,1026.35876963045,1042.9728865828383,1031.9612283751542
2015-10-28,1350,1837,1314,1751,1038.6163429427604,1095.3722201418357,1070.7386557364525,1046.1996198924778
2015-10-29,547,988,547,742,1035.66493654532,1061.7177229854703,1057.8469437467877,1040.1758650431218
2015-10-30,1178,1251,769,1038,1035.6881710075556,1059.4588922249493,1057.068632227306,1040.1327786066242
2015-11-02,1154,1785,1154,1752,1042.8156518930525,1125.4151882035255,1084.3208427281959,1054.2291592282752
2015-11-03,735,1352,735,1200,1044.3796752573007,1132.5185036127136,1088.8572802682665,1057.1157105306856
2015-11-04,1352,1352,620,752,1041.470424757228,1096.2786461257886,1075.6471908459816,1051.0738152726522
2015-11-05,915,1181,574,998,1041.037883217355,1086.9187750661897,1072.6022029696687,1050.0228486335898
2015-11-06,507,1017,470,1015,1040.778799802257,1080.0693679170288,1070.3432930492895,1049.3293268784691
2015-11-09,545,617,273,403,1034.4327420927818,1015.5865709725499,1044.1729678316703,1036.5307263462223
2015-11-10,789,1173,746,1143,1035.5130133157393,1027.7211832608784,1048.0485377206244,1038.639028794812
2015-11-11,1289,1289,728,812,1033.2890032329956,1007.1763086646043,1038.7917323198155,1034.1511272345188
2015-11-12,263,508,244,244,1025.4353813102791,934.4928506965468,1007.6234290915875,1018.5045702595778
2015-11-13,697,1146,418,684,1022.0380143320674,910.6363887254471,994.9323142252507,1011.8807173831506
2015-11-16,999,1690,971,1688,1028.664501751649,984.6710183706426,1022.1114391575938,1025.2692180290287
2015-11-17,1023,1393,670,719,1025.5832629282495,959.3690166210577,1010.2247160533744,1019.2044810383549
2015-11-18,1500,1781,1358,1769,1032.98044439165,1036.476729323814,1039.9806095414774,1034.0519170573973
2015-11-19,947,1158,926,1073,1033.3786489250665,1039.9551360548794,1041.2754875986743,1034.8231662245776
2015-11-20,1559,1679,1217,1258,1035.61368724422,1060.7213135734623,1049.7744880850007,1039.2425094676553
2015-11-23,947,1428,921,1048,1035.7369341373123,1059.5097598997993,1049.7049003169614,1039.4159251217611
2015-11-24,479,1396,479,1332,1038.6848253399262,1085.4612113379137,1060.7752963829628,1045.209669178756
2015-11-25,1015,1332,788,1210,1040.3894539435091,1097.3220483533505,1066.6272455444152,1048.4728440465035
2015-11-27,934,1240,743,1194,1041.91791708835,1106.529472319698,1071.6222555230656,1051.3545699069687
2015-11-30,1282,1308,863,894,1040.446097017819,1086.2885701940124,1064.6566768751022,1048.238637829603
2015-12-01,1553,1605,1151,1446,1044.4814592365472,1120.5468016041066,1079.6113169976472,1056.1151004468386
2015-12-02,599,815,336,382,1037.8896039207607,1050.209010975144,1052.2540104487198,1042.7662865766042
2015-12-03,1205,1205,297,364,1031.1842347275192,984.8557718346542,1025.2636570977895,1029.325370010731
2015-12-04,1100,1444,1100,1414,1034.9933468197828,1025.7266507075442,1040.508219564543,1036.942689416459
2015-12-07,463,463,273,397,1028.6451543141134,965.8479220687304,1015.2726031110315,1024.2705569527668
2015-12-08,166,744,166,600,1024.3800284005401,931.0052628240894,998.9874029890302,1015.8691597853852
2015-12-09,794,1729,623,770,1021.8488838393407,915.6714282694143,990.0075048325976,1011.0004635520113
2015-12-10,798,1462,798,1062,1022.2483974329791,929.6074827199462,992.8307399372017,1012.0103553628626
2015-12-11,112,343,112,197,1014.03697059285,859.8353415085228,961.6216913122133,995.8715364447861
2015-12-14,1093,1093,357,733,1011.240582825757,847.7557851743777,952.6561347901658,990.6661594854834
2015-12-15,1788,1840,1519,1629,1017.3874426981375,922.1599961101513,979.179423621924,1003.3064335550778
2015-12-16,1578,1732,1270,1702,1024.1995079449223,996.4304726710892,1007.525328577927,1017.1419497223039
2015-12-17,1137,1137,373,410,1018.088070054923,940.5799514643188,984.0929627513416,1005.1193368565157
2015-12-18,436,842,436,578,1013.7090842832323,906.0485275153361,968.1677485257987,996.6615282058916
2015-12-21,1653,1653,1062,1363,1017.1846157829016,949.5677153710184,983.6513662306694,1003.9157553701314
2015-12-22,1372,1736,1085,1679,1023.7698434865544,1019.0374567642548,1010.9199401039765,1017.2837602142872
2015-12-23,1803,1878,1723,1857,1032.0606908150464,1098.8434132628972,1044.0995502959775,1033.9118045664795
2015-12-24,978,1359,741,995,1031.6919277223594,1088.9535643807164,1042.174077735351,1033.1412737829849
2015-12-28,338,695,240,688,1028.2721075460177,1050.767510630172,1028.2848982163175,1026.306793114015
2015-12-29,1785,1803,1180,1593,1033.89129055551,1102.408700093965,1050.4305884823443,1037.5284407751235
2015-12-30,472,776,347,347,1027.0565513460026,1030.4650143707304,1022.8450752085269,1023.854610264725
2015-12-31,380,1068,380,603,1022.8370831734055,989.754060621137,1006.3805624552513,1015.5208556060176
2016-01-04,197,484,180,484,1017.4755201567547,941.5870072286477,985.8950502021041,1004.9956901484727
2016-01-05,1336,1336,749,1083,1018.1275050308168,955.0549113021099,989.7030874490804,1006.5403299475129
2016-01-06,117,515,117,419,1012.1660373190674,904.0020626066708,967.3225742157831,994.9058679683542
2016-01-07,74,338,74,175,1003.8360269974846,834.5732947393689,936.2511007171249,978.6701082066046
2016-01-08,1702,1702,479,479,998.613777972634,800.7091714308575,918.3196850027279,968.775650618355
2016-01-11,1600,1600,528,876,997.3937403808665,807.8797265326806,916.6600895124247,966.938509021952
2016-01-12,1710,1743,465,1029,997.7082305263305,828.9388001962349,921.065576198212,968.1674494373589
2016-01-13,1468,1613,173,190,989.671332710148,768.0874858918315,892.3963379159293,952.7581930128567
2016-01-14,1253,1724,499,1537,995.1173891010918,841.3172491402286,917.6749128996183,964.3273377056714
2016-01-15,54,282,50,280,988.0017931896382,787.8584635078258,892.6680535702216,950.7763013154602
2016-01-19,1708,1708,499,685,984.9868499738209,778.0624193642234,884.5242083321737,945.5134042597085
2016-01-20,75,1010,45,758,982.7282743521909,776.1517127581069,879.5624746720885,941.8002675416944
2016-01-21,968,1732,701,1272,985.6065999805272,823.3753591620967,894.9521815476928,948.3388761052253
2016-01-22,1898,2039,1824,1922,994.9239472444026,928.0062773371352,935.2285665850382,967.6192944001713
2016-01-25,464,670,261,261,987.6212214011747,864.4818699716938,908.7882306405269,953.6268331249204
2016-01-26,1683,1880,1344,1840,996.102602282755,957.3883585458182,945.3063392428592,971.1787770234369
2016-01-27,467,1343,467,645,992.6090440510858,927.6370863033593,933.5296200568647,964.7197913398045
2016-01-28,1736,1736,1148,1255,995.2198993341595,958.8145066554204,946.1363016232622,970.4679142835707
2016-01-29,1756,1937,1692,1934,1004.5609948631729,1051.6893155453804,984.8760545007813,989.5477575650842
2016-02-01,279,1084,279,878,1003.3016814814498,1035.1474759696298,980.6848366772213,987.338891078647
2016-02-02,188,273,113,258,995.8857443522811,961.1334306391889,952.3442548467419,972.8965367998619
2016-02-03,1666,1666,484,1357,999.4789210253928,998.8350086735518,968.2131075978501,980.5025459721419
2016-02-04,1075,1646,1075,1355,1003.0164441992695,1032.7554840379755,983.3812210253855,987.9183371410104
2016-02-05,425,785,423,424,997.2550865455454,974.778771272454,961.4447025538017,976.7516373956439
2016-02-08,180,485,154,467,991.9789165301669,926.418888294125,942.0547142183585,966.6575455660272
2016-02-09,216,933,216,690,988.9741511915582,903.9028036946846,932.1702156215601,961.179178327096
2016-02-10,1450,1715,1039,1039,989.4719208314432,916.7692033428099,936.3596189305185,962.7201846968564
2016-02-11,148,524,148,439,983.9945882858567,871.2673744530184,916.8553201489295,952.349487970186
2016-02-12,1622,1788,1525,1765,991.7657864123656,956.3847673622547,950.1158958293637,968.441577317311
2016-02-16,1766,1802,1475,1800,999.8079178908496,1036.7290752325162,983.4446842282122,984.9080807367702
2016-02-17,1633,1874,1633,1746,1007.2327147277565,1104.2786871151336,1013.3488142584783,999.9792078508935
2016-02-18,867,1033,793,925,1006.4144787603161,1087.2045264375017,1009.8841548757929,998.494471061767
2016-02-19,410,930,410,914,1005.4949317079746,1070.7088572529779,1006.1239919394873,996.8213132189596
2016-02-22,1809,1919,1758,1765,1013.0521960690893,1136.8318232288848,1035.8838353928406,1012.0327723631386
2016-02-23,586,846,472,526,1008.2059055609392,1078.657363873753,1015.8883908676312,1002.4083610292151
2016-02-24,201,1332,201,1328,1011.3879363513776,1102.4042816000622,1028.1280618139986,1008.8557202167555
2016-02-25,1395,1508,930,1508,1016.3293499200206,1141.032445257199,1046.9465691938417,1018.7397653609781
2016-02-26,1471,1514,1185,1265,1018.803684746687,1152.8388790422277,1055.4976841274165,1023.6162056508598
2016-02-29,1120,1585,1020,1020,1018.8155883810484,1140.1875572286822,1054.105618083204,1023.5445976181695
2016-03-01,1766,1766,1476,1719,1025.7825974518837,1195.3125517783315,1080.1799075701372,1037.3159917247403
2016-03-02,697,1539,697,1538,1030.8792880245019,1227.9494516089665,1098.1336366850337,1047.2305265420723
2016-03-03,946,1625,946,1610,1036.6416831685367,1264.3352181223981,1118.2068274032677,1058.3744765115362
2016-03-04,1201,1606,962,1347,1039.729825624571,1272.2080544916935,1127.1791086815708,1064.0898334122978
2016-03-07,711,1488,711,1419,1043.503658205421,1286.1882397781987,1138.623065203862,1071.1177575031434
2016-03-08,339,492,286,308,1036.1852138451682,1193.027455037418,1106.0496116664558,1056.0065147803089
2016-03-09,1642,1642,1164,1428,1040.0838684337734,1215.405792652902,1118.6751170913008,1063.3727224084216
2016-03-10,1361,1384,341,747,1037.1676110364224,1170.7957171621495,1104.0996223034067,1057.1079160240965
2016-03-11,1801,1840,1716,1802,1044.777883563423,1230.9104107657542,1131.4682645660182,1071.8582543206492
2016-03-14,591,903,457,783,1042.1731285030905,1188.252276407111,1117.8028424261743,1066.138288888557
2016-03-15,210,540,210,518,1036.9574754831592,1124.4187262731004,1094.2811623310301,1055.2840653462094
2016-03-16,607,1699,607,1671,1043.2663563241229,1176.4740856756623,1116.8975873376564,1067.476460091829
2016-03-17,1076,1745,1006,1690,1049.7015169577137,1225.3813156113135,1139.3721917557875,1079.8036589018918
2016-03-18,1429,1545,1150,1241,1051.6049844506717,1226.868809362617,1143.3575960006585,1082.9956656563097
2016-03-21,800,1057,641,906,1050.1561786352422,1196.3098751376058,1134.0494549810248,1079.4908009898481
2016-03-22,312,1047,312,839,1048.055122131409,1162.2803632197385,1122.4788881190238,1074.7286069108413
2016-03-23,458,488,311,311,1040.721240319156,1081.2060429130968,1090.6561866241602,1059.6052681601316
2016-03-24,174,1142,174,1139,1041.6991384254331,1086.7102293023256,1092.5520224428205,1061.1774410678518
2016-03-28,1420,1420,765,1139,1042.6673062022944,1091.6902074640088,1094.3735117587883,1062.7184818387855
2016-03-29,514,1746,514,1729,1049.4964872351075,1152.3863781817222,1119.2608250231494,1075.9121752677204
2016-03-30,1640,1640,1096,1206,1051.05373611834,1157.4924374025106,1122.6623612967514,1078.4881717970725
2016-03-31,1009,1244,1004,1049,1051.033300933083,1147.1598243165572,1119.7736412458985,1077.904247603071
2016-04-01,188,1076,188,1071,1051.2319745556395,1139.9065077149803,1117.8609494323339,1077.767529828753
2016-04-04,781,970,477,507,1045.8167310277227,1079.6296974564107,1093.9056180820462,1066.4652025054113
2016-04-05,219,611,219,418,1039.5697983806806,1016.6173453177049,1067.3995154121621,1053.6243074062943
2016-04-06,1149,1538,778,1537,1044.519352625649,1066.17759814459,1085.8152206901166,1063.196103299239
2016-04-07,365,662,287,390,1038.0067222512644,1001.7797316546291,1058.5283492905041,1049.8654873923233
2016-04-08,1763,1834,1429,1564,1043.2404862089631,1055.324519116093,1078.3507669653864,1060.046368830099
2016-04-11,1621,1807,1087,1087,1043.6759042566352,1058.341231581227,1078.6899525745869,1060.58010410079
2016-04-12,1272,1768,1170,1703,1050.2363430202508,1119.7373047639674,1103.1726995324461,1073.3012901582001
2016-04-13,1570,1630,1408,1629,1055.9951853782584,1168.2385138340658,1123.7933779821542,1084.3052250065525
2016-04-14,978,978,562,844,1053.8857805486239,1137.3586553736786,1112.8210886495208,1079.5467056994921
2016-04-15,774,1220,774,1144,1054.7824394486377,1137.9911643857092,1114.043791055422,1080.823008556928
2016-04-18,383,1520,383,1499,1059.2025146780045,1172.372958253737,1129.1401129748172,1089.1037410607512
2016-04-19,1459,1699,1247,1434,1062.9318428901636,1197.2898193724286,1141.0954026620793,1095.9333699506374
2016-04-20,879,1326,723,1075,1063.0519240554356,1185.6431699083878,1138.503426087096,1095.518847773397
2016-04-21,883,1117,605,651,1058.9519049106054,1134.7247727742556,1119.3856446719158,1086.7164943521416
2016-04-22,1222,1636,1222,1506,1063.4001446627387,1170.0843182243266,1134.5469919396837,1095.0191380283368
2016-04-25,581,677,483,676,1059.5454168551494,1123.0286688696287,1116.564756961657,1086.7217293545084
2016-04-26,1351,1624,1236,1623,1065.1519301202723,1170.6449861201404,1136.4249625710038,1097.3411010504587
2016-04-27,1049,1418,923,1354,1068.0260402683293,1188.1073683944128,1144.957316979984,1102.4234554851032
2016-04-28,384,1109,384,590,1063.2695622557092,1131.1447618806592,1123.1942849415532,1092.2764563665862
2016-04-29,838,883,419,738,1060.0330491984384,1093.7024036063108,1108.0886267085511,1085.2610809929904
2016-05-02,1219,1292,907,1289,1062.311327315867,1112.302174691424,1115.1831903670393,1089.2955150327332
2016-05-03,260,384,169,321,1054.9350952032712,1036.9400628160502,1084.038751529116,1074.0817424578277
2016-05-04,494,1060,494,737,1051.7715619176665,1008.3743425478549,1070.4293887240526,1067.4068564685638
2016-05-05,1278,1436,823,899,1050.2514468737097,997.9577384956782,1063.7066675976191,1064.0720672315624
2016-05-06,535,1346,535,1319,1052.9255618301902,1028.5331919722803,1073.718170829085,1069.1201451081652
2016-05-09,683,1101,683,951,1051.9113771353625,1021.1490784511108,1068.90569354167,1066.781132333746
2016-05-10,1481,1645,1443,1639,1057.7530549748117,1079.9920233605287,1091.2623330106242,1078.1121990202064
2016-05-11,644,918,505,589,1053.0888454725748,1033.2308782785735,1071.5657709317761,1068.4268089405984
2016-05-12,1470,1478,588,912,1051.684976363395,1021.6850803472809,1065.3082897187653,1065.3292483675173
2016-05-13,545,990,393,474,1045.9368671458487,969.5245965046827,1042.1197293376372,1053.6197583008338
2016-05-16,1393,1749,1393,1636,1051.8081420996214,1032.9984444566176,1065.4091517165534,1065.1520403146787
2016-05-17,694,1182,512,591,1047.222986456839,990.9033545083682,1046.8048712570808,1055.762891001517
2016-05-18,499,1263,499,764,1044.4048472881143,969.293511221857,1035.7144841489599,1049.9854080113878
2016-05-19,345,689,244,641,1040.390868708133,938.0274625340611,1020.2354847705693,1041.8866870606673
2016-05-20,1620,1713,1549,1711,1047.063596382679,1011.6438946736744,1047.3242892893704,1055.1364556337235
2016-05-23,886,1090,722,797,1044.5754013937965,991.2016189904673,1037.5076504937088,1050.0248426508774
2016-05-24,1635,1758,1511,1687,1050.9676859570422,1057.4681314675656,1062.9779387096416,1062.6382121033353
2016-05-25,1453,1516,1319,1402,1054.4605448032407,1090.2806903754165,1076.272921505342,1069.3582475072296
2016-05-26,1234,1234,811,932,1053.2420319196265,1075.206338911091,1070.6151598776817,1066.6382822100568
2016-05-27,1002,1433,1002,1428,1056.9709669254014,1108.8057352052729,1084.6302516471844,1073.7939597900556
2016-05-31,1221,1331,822,1087,1057.2697632744023,1106.7289985190564,1084.7231829551379,1074.055465536787
2016-06-01,413,1333,413,1329,1059.9735467244082,1127.8976653267653,1094.302665976505,1079.103872159821
2016-06-02,532,1343,532,1338,1062.7399790953095,1147.907411486121,1103.859424173505,1084.2305281566564
2016-06-03,934,984,600,875,1060.871919601824,1121.9162294398238,1094.884544794152,1080.0873493812771
2016-06-06,1310,1601,1301,1523,1065.4702089590198,1160.1146837788883,1111.6733861747734,1088.8578969182815
2016-06-07,1241,1510,1138,1301,1067.8137889693778,1173.5323329428038,1119.0979592659587,1093.0587306426721
2016-06-08,1282,1466,1188,1415,1071.2683781338617,1196.5292536149177,1130.701960863372,1099.4338052834112
2016-06-09,312,708,312,670,1067.2756579534253,1146.383610413497,1112.6352173001026,1090.9301655748288
2016-06-10,206,376,144,253,1059.173412600655,1061.2994570407832,1078.9240323079416,1074.3374890287926
2016-06-13,541,983,319,321,1051.8284035200513,990.7947468464229,1049.201521237042,1059.4199149886185
2016-06-14,623,1115,383,724,1048.5664293556727,965.3857233372397,1036.4485204042169,1052.7779364739924
2016-06-15,1252,1583,1135,1147,1049.5458678695466,982.6823211146454,1040.783872545228,1054.643719910151
2016-06-16,285,1034,222,1006,1049.112575651939,984.9030524370602,1039.4197991120818,1053.6804779317322
2016-06-17,1171,1339,964,1181,1050.4248883320192,1003.5789522049593,1044.9719638527845,1056.2016565865495
2016-06-20,1814,1873,1649,1649,1056.3808595923972,1065.0476234235346,1068.659337819342,1067.9402376442415
2016-06-21,1001,1178,723,1030,1056.11836347705,1061.7097545260551,1067.1432853558383,1067.188945809702
2016-06-22,1259,1427,756,756,1053.132111104144,1032.5945398092879,1054.9415878909035,1061.0267884669356
2016-06-23,1818,1898,1779,1852,1061.0810453220133,1110.6331550655461,1086.198780522633,1076.6896243388776
2016-06-24,49,244,49,191,1052.4235224829883,1023.0490450593037,1051.0929459923336,1059.1512159361275
2016-06-27,212,260,99,252,1044.4591093239537,949.6158026727034,1019.7559677181245,1043.1680235413528
2016-06-28,1717,1879,1619,1758,1051.5590186839145,1026.6047738467316,1048.7067140821196,1057.3231121840984
2016-06-29,1904,1904,1814,1857,1059.5733568064627,1105.6900334803763,1080.4044900004678,1073.158298081443
2016-06-30,1128,1676,785,1670,1065.647253753662,1159.4338398155785,1103.525882549469,1084.9769456441868
2016-07-01,1285,1573,1124,1272,1067.700514910342,1170.154426499809,1110.1327106847841,1088.6803724631138
2016-07-05,416,464,311,429,1061.345285906259,1099.5682906426844,1083.4216239912632,1075.617394790577
2016-07-06,439,1305,372,1305,1063.7697109221172,1119.1332153433812,1092.1109720700372,1080.1596245967041
2016-07-07,1326,1538,714,998,1063.1152859378176,1107.5967186440116,1088.4203457143494,1078.5327013373635
2016-07-08,1767,1939,1743,1893,1071.37284528172,1182.3970311541057,1119.972489019669,1094.6607666574157
2016-07-11,1541,1634,1415,1488,1075.5183891097624,1211.5020758060955,1134.4049404306622,1102.4496623671698
2016-07-12,1638,1714,1504,1588,1080.617708621108,1247.3590209674198,1152.192981982401,1112.064520538117
2016-07-13,1333,1333,714,957,1079.3876816696543,1219.7057808752845,1144.5383552379933,1108.9939359730058
2016-07-14,1558,1558,1177,1177,1080.3589485187124,1215.638563649067,1145.8113609149348,1110.3405907062136
2016-07-15,1292,1292,798,1050,1080.0568694289739,1199.863462349156,1142.0540526437608,1109.1457275239122
2016-07-18,788,1256,712,1205,1081.3000846585362,1200.3526564111412,1144.522521167535,1111.0438319293794
2016-07-19,538,772,473,684,1077.346849985317,1151.1762129434135,1126.4628144550825,1102.5875184258273
2016-07-20,957,1480,748,1363,1080.1891698859606,1171.3499069488028,1135.7387825156675,1107.7442012292763
2016-07-21,889,1204,633,739,1076.7942527726675,1130.1737253346312,1120.180398887602,1100.4423358583995
2016-07-22,1052,1415,906,1398,1079.9903298595066,1155.6809895884758,1131.0752852057353,1106.3345668315005
2016-07-25,671,843,518,696,1076.169530557422,1111.9018477229067,1114.0135093153144,1098.20912986454
2016-07-26,1006,1453,970,1253,1077.9290377160546,1125.3397669873918,1119.4639599304,1101.2742956097966
2016-07-27,1200,1209,572,779,1074.9546194303227,1092.3550272743068,1106.1124320899921,1094.8926263898006
2016-07-28,775,1049,631,962,1073.830692868827,1079.940262771992,1100.4609641648944,1092.261089233567
2016-07-29,908,1362,704,1215,1075.2353625915252,1092.803094888945,1104.9526910603888,1094.6915627140904
2016-08-01,827,1075,505,774,1072.2379957995697,1062.4408953757122,1091.9741541560597,1088.341234739554
2016-08-02,983,983,279,420,1065.7480654931064,1001.2560481970729,1065.6222265420965,1075.1067548437213
2016-08-03,647,1365,647,1363,1068.7057961847172,1035.707853130685,1077.2841000110338,1080.8076111834496
2016-08-04,1099,1367,967,1076,1068.7783753271578,1039.545200451572,1077.233743147856,1080.7124109619951
2016-08-05,1356,1586,1356,1525,1073.317893980619,1085.7789908847558,1094.7932042008813,1089.5101850023516
2016-08-08,837,837,837,837,1070.966472149966,1062.0857536576361,1084.6836667812388,1084.5099833191366
2016-08-09,1097,1211,915,1027,1070.5289948151403,1058.74425330929,1082.4215622015824,1083.3711717682627
2016-08-10,1196,1196,651,832,1068.1555719811588,1037.1495625179289,1072.6011087819124,1078.3935248025546
2016-08-11,1404,1443,1184,1351,1070.9699443992567,1067.0400803733642,1083.5187123590924,1083.7916728262664
2016-08-12,892,1072,708,848,1068.751337987324,1046.1791203378057,1074.2826844234417,1079.1225307901027
2016-08-15,1433,1636,1433,1449,1072.5349067635696,1084.543013638967,1088.9774811127184,1086.4468371110909
2016-08-16,563,702,458,508,1066.9176440097033,1029.6341551971607,1066.194050480847,1074.9924442970098
2016-08-17,675,940,396,937,1065.6249311339848,1020.811854702193,1061.1276171286568,1072.259920647564
2016-08-18,1222,1495,1174,1470,1069.6485636600148,1063.591678063889,1077.1618282216507,1080.1359618228598
2016-08-19,332,857,332,824,1067.2042993449897,1040.7734230101853,1067.233913389429,1075.0639625788428
2016-08-22,496,941,380,941,1065.948535172403,1031.2711922473104,1062.2835638447455,1072.4092306465886
2016-08-23,1588,1689,1389,1389,1069.1629776084983,1065.3406025094714,1075.0959731057358,1078.6783547922007
2016-08-24,682,769,435,508,1063.5792663885131,1012.260545127617,1052.8569153368833,1067.3777933111671
2016-08-25,644,1396,644,1198,1064.916786125941,1029.9500170202248,1058.5488010099466,1069.964371661441
2016-08-26,1283,1755,411,695,1061.2360220848868,998.050015399251,1044.2919852840664,1062.5393345988382
2016-08-29,1105,1651,1105,1490,1065.5023303228481,1044.9023948850368,1061.770730959201,1071.0039022305443
2016-08-30,1158,1204,762,964,1064.4923568867998,1037.1974048959855,1057.9365846470755,1068.8850130774642
2016-08-31,560,785,314,683,1060.69641303718,1003.4643187154155,1043.2331891707197,1061.2437256897917
2016-09-01,964,981,383,918,1059.27654823084,995.3248597901378,1038.3220837130443,1058.4072162701918
2016-09-02,1703,1800,1594,1752,1066.1693188952097,1067.3891588577437,1066.3094529791995,1072.141726839099
2016-09-06,1256,1256,780,1143,1066.933803284312,1074.5901913474825,1069.3169254113877,1073.544860961097
2016-09-07,876,1287,876,1285,1069.1036161869556,1094.6292207429603,1077.7750851991764,1077.7320914371148
2016-09-08,757,974,692,843,1066.8538289612147,1070.6645330531546,1068.5682191129342,1073.0839312106373
2016-09-09,174,206,70,70,1056.9348853894614,975.3631489528542,1029.4086811085053,1053.2208830678524
2016-09-12,359,1663,359,1630,1062.6370258333475,1037.709515719249,1052.9612818493483,1064.6422517199742
2016-09-13,123,201,72,130,1053.3570554270455,951.260990412654,1016.7667217768249,1046.1344843591826
2016-09-14,1163,1475,732,841,1051.244049900408,940.759943706687,1009.8739091581258,1042.072415361971
2016-09-15,1091,1737,1052,1636,1057.062517065578,1006.9732824012882,1034.427873504866,1053.833357632031
2016-09-16,374,742,293,738,1053.8877656519903,981.3567793154513,1022.8032510144792,1047.5792317383275
2016-09-19,1688,1816,1231,1374,1057.0729620136622,1018.7513717615988,1036.5756725433232,1054.0430093276675
2016-09-20,1440,1440,731,731,1053.8284549289492,991.3464792128751,1024.592312835742,1047.6461180538522
2016-09-21,1676,1828,1193,1812,1061.372450402293,1069.5039573830775,1055.4710456657128,1062.7818384884295
2016-09-22,1841,1842,1606,1691,1067.6374011445587,1128.6940566799271,1080.3937497572535,1075.2218020827179
2016-09-23,556,773,511,537,1062.3574270038168,1072.3422417580293,1059.0841909432436,1064.5639446157334
2016-09-26,691,766,481,481,1056.5727759888534,1016.0239330191694,1036.4142226709596,1053.0082229401744
2016-09-27,598,1243,598,1125,1057.253643889462,1026.4026060649628,1039.888174723079,1054.4338026839332
2016-09-28,1369,1532,717,1532,1061.9774882288702,1074.5547388206805,1059.186677675115,1063.8905590664297
2016-09-29,642,978,377,422,1055.6095530226128,1012.4066684568062,1034.1989648251106,1051.1798549265004
2016-09-30,1676,1676,1195,1482,1059.852244037313,1057.1298428894913,1051.7597897339297,1059.7109469081538
2016-10-03,629,755,478,732,1056.5900326538572,1026.165095947635,1039.2201901365206,1053.2216212268042
2016-10-04,1130,1130,450,590,1051.947345761779,984.6255630002413,1021.6037120919511,1044.0489158559765
2016-10-05,1609,1609,1337,1337,1054.7836905800698,1018.1850331906945,1033.972193970698,1049.849927423185
2016-10-06,651,1041,452,920,1053.4425593305168,1008.8340776487236,1029.5026961679257,1047.2786417316368
2016-10-07,1116,1116,339,533,1048.264026401855,963.5165464440832,1010.0320022005561,1037.0949062518023
2016-10-10,1739,1854,1581,1581,1053.564881860543,1022.3244944017896,1032.422904075044,1047.8653041478062
2016-10-11,372,402,150,208,1045.1513009465077,944.7697806492382,1000.0925941113168,1031.2343080260675
2016-10-12,923,1380,771,1212,1046.8114870067416,970.2202777302631,1008.4026884598926,1034.8138266790168
2016-10-13,282,846,202,668,1043.0422184793113,941.4373941369047,995.0535634222498,1027.550186546759
2016-10-14,1498,1705,945,945,1042.0666740168306,941.77668993339,993.0906785821616,1025.9155293874173
2016-10-17,1081,1194,844,844,1040.0958613400462,932.4646242254481,987.2439853044298,1022.3132416767754
2016-10-18,1807,1807,1415,1506,1044.7317234162647,987.0870409658817,1007.5873584297462,1031.8911972871363
2016-10-19,1221,1523,927,1347,1047.7393679593865,1021.3644656357977,1020.897658099168,1038.130975558678
2016-10-20,608,968,463,783,1045.1051453926264,998.663087956198,1011.5683381737105,1033.0788770327636
2016-10-21,221,829,221,806,1042.725989717078,980.31422243656,1003.5068347159179,1028.5822656063722
2016-10-24,1626,1695,1158,1318,1045.465034595515,1012.4747726806971,1015.839900021176,1034.3133098517906
2016-10-25,651,757,478,596,1040.992745694067,972.8105086158688,999.375590216424,1025.6338383695768
2016-10-26,359,987,359,683,1037.4306288214893,945.2095077953098,986.9687043255839,1018.8490098870109
2016-10-27,1188,1188,579,579,1032.8691300272458,910.3324118148041,970.9699316069335,1010.1391285031096
2016-10-28,1047,1381,803,913,1031.6764023652831,910.5864678324418,968.6966009556812,1008.2155814040382
2016-10-31,1107,1200,878,1119,1032.5452938840365,930.4353756579236,974.5908518985957,1010.4093322673245
2016-11-01,1181,1181,275,423,1026.4801665817079,882.1081970238356,952.9598380986507,998.777464301635
2016-11-02,540,893,426,426,1020.5052395510442,838.6693211168036,932.2947464085075,987.435336295662
2016-11-03,1080,1358,824,883,1019.1370282122278,842.891290534251,930.3616190983699,985.3673098343617
2016-11-04,730,1455,730,1018,1019.1257144986733,859.5683104833699,933.7984183494143,986.0135017188297
2016-11-07,1830,1867,1750,1778,1026.6767024141095,947.0379951992395,966.9043627278686,1001.6964026748925
2016-11-08,534,1398,534,1189,1028.2918596040188,970.0819956564548,975.6139955620698,1005.4053848001422
2016-11-09,528,1439,528,1389,1031.880995329352,1009.978948451078,991.8252114223808,1013.0013177743969
2016-11-10,1283,1373,1020,1182,1033.374716768861,1026.3619057414517,999.283046268562,1016.3478263333196
2016-11-11,875,1254,875,1238,1035.4107892388224,1046.5179147184563,1008.6444954345008,1020.7369782871153
2016-11-14,1272,1388,1173,1281,1037.8544629777396,1068.849541888127,1019.3251034566772,1025.8907014893507
2016-11-15,1105,1319,986,1309,1040.5524285202496,1091.7210140892578,1030.6849033211213,1031.4968262123339
2016-11-16,679,972,679,939,1039.541956594675,1077.1761556045665,1027.0894169163714,1029.6652058912975
2016-11-17,1388,1552,1143,1167,1040.810195832539,1085.7308074517507,1032.5761064490628,1032.3847067647373
2016-11-18,1098,1152,945,1089,1041.2896963715186,1086.0421591230127,1034.7888081569427,1033.505801680287
2016-11-21,1589,1679,1268,1445,1045.3067143180706,1120.228620158916,1050.8755215625526,1041.6542016470141
2016-11-22,1370,1401,1096,1343,1048.268836563662,1141.4449420485432,1062.3313834620603,1047.6214451787564
2016-11-23,620,1136,563,1136,1049.141783463526,1140.9263761391583,1065.2203488164894,1049.3715155712562
2016-11-25,1107,1271,1067,1270,1051.339377657919,1153.2191022211432,1073.2509233727055,1053.7403964510333
2016-11-28,828,828,539,571,1046.5598813628153,1097.7696639143676,1053.5548087306386,1044.1811806797257
2016-11-29,982,1189,866,995,1046.0468477174143,1087.982076874904,1051.258541721594,1043.2072959137906
2016-11-30,1284,1284,871,871,1044.305088038634,1067.317117172532,1044.1895793011392,1039.7972504501513
2016-12-01,1227,1354,821,866,1042.53090805815,1048.1440583941958,1037.2017526618788,1036.355720738267
2016-12-02,949,1280,949,1062,1042.7246303660293,1049.463671880463,1038.1742329496483,1036.8635282484004
2016-12-05,1615,1699,1574,1602,1048.2895594171137,1102.0861793204188,1060.2850473437798,1048.0543494712044
2016-12-06,1109,1469,817,1408,1051.8687677811224,1131.2208289089504,1073.9209278401022,1055.181986115339
2016-12-07,1115,1570,1095,1533,1056.6561432260864,1169.4855118700027,1091.9240287091177,1064.6437289645403
2016-12-08,1039,1549,927,1476,1060.828718915379,1198.6773678823834,1106.9858315048386,1072.7893976979158
2016-12-09,1102,1233,909,1056,1060.7806719609973,1185.0890471316802,1104.9863871321,1072.456934377165
2016-12-12,862,1074,659,718,1057.3699190061616,1140.6043759762822,1089.8104503818215,1065.4379851815775
2016-12-13,1499,1552,836,1124,1058.0329048866972,1139.0230068356839,1091.1512170335147,1066.597629039368
2016-12-14,707,743,251,251,1050.0027267286207,1054.4493871370473,1058.2041104831808,1050.4471809395786
2016-12-15,757,1525,729,1213,1051.6245901442562,1069.5494455049475,1064.274537523056,1053.6660486437454
2016-12-16,1296,1507,939,1040,1051.5089225806319,1066.7352125997145,1063.322594875093,1053.3954338191168
2016-12-19,1143,1343,1074,1199,1052.9764954902773,1079.3318590187894,1068.643277429011,1056.278692555372
2016-12-20,1337,1337,1337,1337,1055.8026000127622,1103.871681969381,1079.1670704710107,1061.8375303265527
2016-12-21,962,1014,752,752,1052.7796885698492,1070.3600932103923,1066.336989276069,1055.702133686423
2016-12-22,629,749,485,667,1048.9410847034826,1031.944846237974,1050.6767151868114,1048.0050617322363
2016-12-23,980,1276,980,1240,1050.8421684377763,1051.7596227867384,1058.101157728505,1051.8069416979347
2016-12-27,1213,1522,1213,1357,1053.888515020485,1080.8301349022872,1069.8226809548382,1057.8503685950052
2016-12-28,1026,1026,305,340,1046.7851467118235,1010.2748839592123,1041.2021836624917,1043.6355098109457
2016-12-29,1443,1521,955,1165,1047.9614139087207,1025.0106092964302,1046.0569999894528,1046.038767042412
2016-12-30,1016,1058,622,743,1044.9269719792808,998.1524560301035,1034.1724117545723,1040.0379993782058
2017-01-03,1647,1647,1174,1505,1049.5048130541138,1046.4236506939033,1052.636238744589,1049.2451677073502
2017-01-04,1583,1749,1520,1720,1056.176406954073,1110.5737791992458,1078.807366636958,1062.5274416141353
2017-01-05,788,971,590,779,1053.418432755525,1078.995324037413,1067.0502150041361,1056.913036829697
2017-01-06,891,1098,671,837,1051.2650155141764,1055.948150319564,1058.0286379451504,1052.558323229109
2017-01-09,558,698,403,487,1045.6504382453786,1001.7626121938913,1035.6353580257328,1041.3591485117008
2017-01-10,1061,1442,1061,1263,1047.8131204518922,1026.6423634135208,1044.551618495312,1045.7480762639443
2017-01-11,873,1329,873,1329,1050.610999850381,1055.4383288027093,1055.7064569856918,1051.3570252488166
2017-01-12,686,715,350,691,1047.032780946397,1020.7299165357846,1041.404242986253,1044.2212425706223
2017-01-13,1341,1447,1267,1301,1049.5598179519054,1047.4223054371384,1051.584468751498,1049.305970440511
2017-01-17,852,974,780,815,1047.2258894150705,1025.2868477764587,1042.3066464475178,1044.66624825357
2017-01-18,1000,1185,953,1134,1048.0893134009902,1035.640481321558,1045.9024642338895,1046.4352334366677
2017-01-19,700,700,392,535,1042.9839470984928,987.9604354814095,1025.8670734796194,1036.307803071585
2017-01-20,1414,1529,1205,1423,1046.7652013562192,1029.3927749593704,1041.4409137353207,1043.9650742978904
2017-01-23,741,1017,601,883,1045.1356968651125,1015.4506059156208,1035.2275445692296,1040.7776470840708
2017-01-24,1403,1670,1272,1610,1050.756237194813,1072.0743577331807,1057.7676408606324,1052.0493768447823
2017-01-25,1535,1561,1373,1449,1054.7188617003371,1107.9720379490682,1073.1100863170782,1059.9097852240934
2017-01-26,1065,1076,716,759,1051.776385464513,1074.7366057634426,1060.7920437164084,1053.9511756156955
2017-01-27,961,961,521,694,1048.21642143004,1038.4759766431148,1046.4080420020396,1046.8234295638997
2017-01-30,250,400,151,400,1041.7665067889452,977.668740772342,1021.0587070215674,1034.0150448200602
2017-01-31,825,1249,612,1235,1043.6892281144283,1002.1764797464047,1029.4485616481727,1037.9949449226333
2017-02-01,1318,1318,738,922,1042.4783900237373,994.5406245324614,1025.2348925639305,1035.6980153202048
2017-02-02,896,1178,896,1028,1042.3343264414116,997.727231719846,1025.3433281496586,1035.5455793732701
2017-02-03,1583,1668,1433,1619,1048.072293342492,1056.8960667941465,1048.6239819477112,1047.0991322569678
2017-02-06,612,815,500,590,1043.5143600754025,1012.4297747185135,1030.6387277536833,1038.0476642914832
2017-02-07,1008,1204,648,754,1040.6336201741547,987.8174152215122,1019.7901501947154,1032.4229580678896
2017-02-08,498,1053,498,1011,1040.3387582818746,990.025280438511,1019.4454384223736,1031.9987410764463
2017-02-09,1341,1591,1341,1485,1044.763248249219,1037.1657299205576,1037.7024800528689,1040.9690630353286
2017-02-10,1385,1610,1278,1501,1049.3029174208687,1081.3404223090758,1055.871010246874,1050.0785865395796
2017-02-13,1434,1501,1147,1206,1050.8620923719047,1093.2127630415448,1061.7584216097416,1053.16613928137
2017-02-14,665,1091,622,1080,1051.15202180104,1091.9544046566357,1062.4737776250458,1053.6975028599568
2017-02-15,611,1281,611,1247,1053.1007579025222,1106.720651832194,1069.7101000711225,1057.5252750805516
2017-02-16,1152,1152,609,842,1051.0002528487657,1081.509161181509,1060.780292225196,1053.2574478512338
2017-02-17,524,937,518,937,1049.8659219746487,1067.7463839261272,1055.9261631183256,1050.9553201710114
2017-02-21,1325,1575,1325,1502,1054.3647685221647,1109.1038711712579,1073.4192547607443,1059.8868979894073
2017-02-22,588,761,489,729,1051.1273081388595,1072.903502488281,1059.9126173191464,1053.3346821876369
2017-02-23,1423,1423,639,858,1049.2056433812588,1052.4365022513018,1051.9944754634937,1049.4666686789708
2017-02-24,347,939,347,939,1048.1090698152761,1041.6330258464159,1047.5633195629646,1047.2792098932487
2017-02-27,796,1354,723,1275,1050.366691011144,1063.858451956281,1056.4824050702994,1051.78853246962
2017-02-28,495,696,473,520,1045.0894105035704,1012.0624089128256,1035.443879381268,1041.2580664801226
2017-03-01,1566,1698,1545,1595,1050.5611576627389,1067.5802747306518,1057.387256660434,1052.2232532824964
2017-03-02,408,642,408,484,1044.9237332083833,1012.0012009467802,1034.9014818894366,1040.971307672942
2017-03-03,1035,1167,694,989,1044.3672781515834,1009.8106103804201,1033.1014237761253,1039.9421728675372
2017-03-06,278,563,197,496,1038.9108873242044,960.8762665346659,1012.0386228437283,1029.1710407315463
2017-03-07,757,808,467,557,1034.1157541169985,922.411860198031,994.1939709675037,1019.8211191329018
2017-03-08,997,1093,622,622,1030.0150998471777,893.8012068458376,979.598128968778,1011.943473209478
2017-03-09,846,1243,546,690,1026.6318650228277,874.3915680986149,968.2413395974534,1005.5683549281023
2017-03-10,1724,1724,1015,1350,1029.849458405685,919.6876092320801,983.2122674563767,1012.3887835433874
2017-03-13,1247,1364,1039,1206,1031.6022001130912,946.9554559718821,991.9490412816168,1016.2226690177757
2017-03-14,251,622,251,551,1026.8200886691798,909.2454125459885,974.6569220156711,1007.0103389382158
2017-03-15,1550,1809,1544,1772,1034.2348141550585,991.4125161130372,1005.9252780150565,1022.1586490582512
2017-03-16,1321,1364,957,1051,1034.40163192466,997.0875145784622,1007.6929141713288,1022.7297649184839
2017-03-17,1154,1204,901,1116,1035.2135559851113,1008.4125131900372,1011.9402508704924,1024.5767002666328
2017-03-20,668,756,500,655,1031.4303365225728,974.7541786005098,997.9425939736103,1017.2583497663034
2017-03-21,1478,1478,289,289,1024.0429699900099,909.4442568290327,970.140923621704,1002.8373923451884
2017-03-22,550,1003,486,966,1023.4654280000595,914.8305180834105,969.9785344600685,1002.1079390314222
2017-03-23,683,1658,683,1289,1026.1075630448352,950.4657068373714,982.4891801675168,1007.7889699416911
2017-03-24,1407,1499,752,928,1025.1313683876726,948.3261157100027,980.3523495727122,1006.2089903388853
2017-03-27,378,1054,312,969,1024.5728473091883,950.2950570709548,979.9071593933902,1005.4721786490064
2017-03-28,911,1544,730,1525,1029.5522219628283,1005.0288611594353,1001.2833492211004,1015.7598582797192
2017-03-29,740,1312,736,1251,1031.75568244081,1028.4546839061559,1011.076159055567,1020.4180789078436
2017-03-30,1003,1243,958,1207,1033.4994069936379,1045.4589997246171,1018.7594469357408,1024.112770414619
2017-03-31,681,1371,681,1152,1034.6785173718106,1055.6057616556059,1023.984566663751,1026.6451908024483
2017-04-03,1173,1173,413,617,1030.5225122238323,1013.833784355072,1008.0243875788981,1018.5334048459641
2017-04-04,698,1050,698,995,1030.1690543907594,1012.0400906069699,1007.5136272816864,1018.0673968292124
2017-04-05,1515,1702,566,566,1025.5504568346323,969.5600819777346,990.1993673882869,1009.11556718903
2017-04-06,865,1599,865,1532,1030.5897557716012,1023.1257884560456,1011.4464510201187,1019.4697143734056
2017-04-07,922,1156,748,822,1028.5142358136748,1003.9709514602317,1004.0171784310945,1015.5594229996748
2017-04-10,1076,1614,1002,1282,1031.036482223489,1030.4499084640192,1014.9184655514438,1020.8354740293842
2017-04-11,739,1327,562,1326,1033.9714425993748,1058.5975362293507,1027.1177414121714,1026.8783359297925
2017-04-12,560,711,405,473,1028.389637200376,1002.8263423027458,1005.3876339058118,1015.9104480895985
2017-04-13,589,991,332,333,1021.4703373277355,939.033357321532,979.0194913997015,1002.3874689195075
2017-04-17,1560,1666,1287,1662,1027.8437668070615,1007.8873232909099,1005.8030407565759,1015.4491031983291
2017-04-18,369,936,369,927,1026.840346241817,1000.1837686917756,1002.7127254327886,1013.6976358082632
2017-04-19,1420,1427,849,926,1025.8369597120477,993.1186478639875,999.7043832589537,1011.9610489605748
2017-04-20,1436,1579,1297,1517,1030.7241541427736,1043.0121099721791,1019.9904858762496,1021.9618202682861
2017-04-21,681,874,596,729,1027.7219237532934,1013.1061947367335,1008.5790942732594,1016.1605961045577
2017-04-24,1788,1788,1488,1527,1032.6898648104745,1062.0484619046638,1028.9093258703865,1026.2762278648636
2017-04-25,1460,1664,1450,1473,1037.0710601854946,1101.1867036280291,1046.324646424489,1035.1222431546682
2017-04-26,822,1493,822,1151,1038.2046814771813,1105.9308270920264,1050.4295622509796,1037.4168522011105
2017-04-27,967,1164,724,865,1036.4812518107417,1082.985034035643,1043.1578147117255,1034.002657108019
2017-04-28,795,795,506,581,1031.9491000514308,1035.176935556058,1025.0339788406775,1025.0323074623157
2017-05-01,1169,1250,815,1101,1032.6361736827598,1041.4457988364334,1028.0130384939844,1026.5366182056362
2017-05-02,1267,1267,797,927,1031.5850674769613,1030.5461989472492,1024.0517428667692,1024.5655960629504
2017-05-03,452,688,388,621,1027.4996439199765,991.5417990475112,1008.2457921661116,1016.5741981211098
2017-05-04,1007,1007,570,816,1025.395169851121,974.8235324715578,1000.7067414929307,1012.6024318216819
2017-05-05,1352,1498,1187,1494,1030.057904479468,1024.2689103314094,1020.0515751598747,1022.1350569341238
2017-05-08,972,972,540,841,1028.176731300568,1006.8147283950847,1013.0299447614482,1018.5482241235471
2017-05-09,962,992,745,855,1026.4535797453384,992.3561828336481,1006.8326920257051,1015.3096454280313
2017-05-10,961,1398,961,1349,1029.6629968623001,1026.322260659015,1020.2510178286186,1021.9173752215356
2017-05-11,554,757,290,668,1026.0643600776007,992.1963310724421,1006.4372524235747,1014.9091103656637
2017-05-12,661,786,604,678,1022.6010331116544,962.2728709703048,993.5573601716699,1008.2376428336703
2017-05-15,1515,1744,1459,1513,1027.480624821986,1014.7230737350377,1013.9276597727809,1018.2329370349837
2017-05-16,1214,1214,518,821,1025.4260912416678,996.2732571888437,1006.3618691934562,1014.3273343214197
2017-05-17,364,405,266,309,1018.2974734183676,930.8186612660967,979.0143449113599,1000.3604564140649
2017-05-18,535,1246,483,1016,1018.2746129863441,938.9311697169446,980.4647627579733,1000.6701503464596
2017-05-19,1337,1765,1337,1606,1024.122626787475,1002.4615345058071,1004.9955563753076,1012.6568800425694
2017-05-22,1448,1594,1155,1363,1027.4945409487937,1036.7985312195397,1019.034946321374,1019.5943675664789
2017-05-23,1205,1311,832,1087,1028.086635068706,1041.5796234843453,1021.7002425440653,1020.9291325651625
2017-05-24,1165,1339,855,1101,1028.8121411874254,1047.2387069620268,1024.8100369541019,1022.5146942965454
2017-05-25,1196,1554,915,998,1028.5055527178988,1042.5493062989765,1023.7586629559017,1022.0292548055247
2017-05-26,782,1036,691,981,1028.032860651054,1036.6874676038358,1022.0818526439056,1021.2167943143262
2017-05-30,514,791,461,644,1024.2116381570138,999.2886611653753,1007.2551133245368,1013.7471548229533
2017-05-31,1114,1114,447,959,1023.562766135551,995.451645816292,1005.3627559392608,1012.6630527472513
2017-06-01,1192,1739,1192,1729,1030.5820420944012,1065.313393833788,1033.7406870788975,1026.84794279186
2017-06-02,1199,1334,953,1095,1031.2230167999296,1068.1406896591416,1036.1430130758035,1028.19748847915
2017-06-05,580,816,540,653,1027.4596036974428,1028.6034811201757,1021.1177968767524,1020.7678352419391
2017-06-06,331,1059,331,854,1025.733637491498,1011.9745781563495,1014.5641577835464,1017.4655018708116
2017-06-07,977,1270,789,952,1024.9999694567568,1006.2627135700304,1012.1106613998779,1016.1691552991124
2017-06-08,677,1276,677,1206,1026.8009647855454,1025.2853122776467,1019.7141648743925,1019.9281819268527
2017-06-09,1230,1556,1106,1356,1030.0765770762364,1056.781949203585,1032.90184468324,1026.5830694134497
2017-06-12,1210,1318,930,1057,1030.3444718316966,1056.8027159461008,1033.8468703819365,1027.1853848706091
2017-06-13,1197,1461,1074,1424,1034.261442261232,1091.773885855996,1049.1469931120566,1035.043100021686
2017-06-14,1069,1069,566,780,1031.7314776616179,1062.0811348220916,1038.5922090684467,1029.9927416054152
2017-06-15,252,715,252,708,1028.5102689286664,1028.3591219818925,1025.6278087128212,1023.6166477122387
2017-06-16,712,1113,705,1112,1029.341012521416,1036.3249198883789,1029.0149534691811,1025.3668131040756
2017-06-19,1299,1355,1150,1248,1031.5167238396107,1056.484451327581,1037.6026023527427,1029.7753910624108
2017-06-20,505,505,320,384,1025.0737713635947,992.4383131059066,1011.9711277506743,1016.9877595562244
2017-06-21,971,1158,554,609,1020.9337338375888,955.9203785243917,996.1683384271184,1008.9087940204577
2017-06-22,1041,1352,938,1162,1022.3373782770158,975.5470091411163,1002.6715408417413,1011.9403030497556
2017-06-23,1104,1517,942,1406,1026.1549168016227,1016.5425320800576,1018.488343161673,1019.743465365602
2017-06-26,1423,1478,1025,1308,1028.9593454901637,1044.3003861676711,1029.8417414690584,1025.4515155563822
2017-06-27,904,1194,627,627,1024.9597500126497,1004.5574922469406,1014.0440261173306,1017.5613865354637
2017-06-28,1632,1790,1470,1596,1030.6417425498373,1060.8853501281844,1036.8658290146902,1029.0156165050585
2017-06-29,1032,1032,426,654,1026.8940635194906,1022.1343644016906,1021.85148277882,1021.5895646930771
2017-06-30,1501,1501,1030,1140,1028.0194957232768,1033.359663030101,1026.4847579639643,1023.9343257882638
2017-07-03,1533,1560,1419,1427,1031.989450989712,1070.8492189319961,1042.1912380438089,1031.915824287506
2017-07-05,732,732,460,677,1028.4572176465308,1033.3397695099013,1027.8700130224831,1024.887788163001
2017-07-06,411,593,276,310,1021.3083896102469,964.4502676518155,999.7182478059152,1010.731594337991
2017-07-07,1113,1451,1027,1439,1025.4645250370106,1009.6454802564044,1016.9449831860754,1019.2121568263477
2017-07-10,604,1196,604,904,1024.2559227978363,999.5840059462706,1012.5157681591705,1016.9307279783012
2017-07-11,853,1150,716,1072,1024.7309882426339,1006.4807672847211,1014.8484831333207,1018.0212086123943
2017-07-12,1743,1854,1515,1522,1029.6789386083788,1055.5778370671287,1034.736777912406,1028.0009866596736
2017-07-13,1041,1078,761,1078,1030.15974518939,1057.7132811559736,1036.4333748570175,1028.9910661317592
2017-07-14,1207,1531,1207,1398,1033.8198472273064,1090.1215400935,1050.612458195958,1036.2981737331106
2017-07-17,739,1308,739,1166,1035.1350726280298,1097.3480600845953,1055.1374598353323,1038.8665267284946
2017-07-18,575,812,547,778,1032.5765146914325,1066.9339591241576,1044.2693241555153,1033.7008529318907
2017-07-19,1357,1595,1357,1595,1038.1727682765925,1117.225963017095,1065.8666055611814,1044.815687527299
2017-07-20,1104,1104,819,921,1037.0068700847855,1098.5377760630859,1060.1855622058408,1042.363891734679
2017-07-21,958,958,598,802,1034.6684932680214,1070.2960831046967,1050.0606381977686,1037.60421071023
2017-07-24,846,953,739,909,1033.4180604991855,1054.9345513804399,1044.5288484645228,1035.057592676364
2017-07-25,1498,1515,1387,1428,1037.3442489519298,1090.4645941061121,1059.5669328384631,1042.838630445149
2017-07-26,948,998,834,858,1035.559729061861,1068.325108953149,1051.6623472369547,1039.178459545245
2017-07-27,941,1099,728,884,1034.0516720562703,1050.7703366718968,1045.0873532276623,1036.105618762171
2017-07-28,638,1008,638,972,1033.434242483571,1043.2683998460018,1042.221182512852,1034.8362005688607
2017-07-31,1229,1229,690,967,1032.7732052449287,1036.004742717811,1039.2713322182303,1033.4929094684871
2017-08-01,1369,1369,931,1129,1033.7306857897552,1044.8614338875434,1042.7901035037899,1035.3841389839627
2017-08-02,600,741,405,688,1030.290579463489,1010.8746306601583,1028.8767661114844,1028.5052451426961
2017-08-03,831,952,722,770,1027.7006234489268,987.9341896449051,1018.7247360678967,1023.3863293972962
2017-08-04,1216,1248,1021,1247,1029.8827067976936,1012.607123964438,1027.676707202489,1027.8143228745776
2017-08-07,776,1022,715,925,1028.8390977748309,1004.2635883487771,1023.6501696651366,1025.7783956889423
2017-08-08,756,1302,651,750,1026.0645793890117,980.0480085060365,1012.9187904625821,1020.3174373584682
2017-08-09,503,727,462,655,1022.3723945194693,949.0910553149854,998.8827594640495,1013.0834286979044
2017-08-10,465,555,294,295,1015.1348582555939,886.7966690945105,971.2795139948711,998.8639548623023
2017-08-11,906,1093,902,958,1014.5663522032995,893.5779387045571,970.7587487401703,998.0547676373062
2017-08-14,1625,1734,1559,1573,1020.1229059127194,958.2848016850755,994.376052711144,1009.4398217434982
2017-08-15,802,802,570,644,1016.3803894359759,928.3529158103064,980.6358153499226,1002.2033896297655
2017-08-16,1527,1527,1124,1138,1017.5905348147223,948.3193047807534,986.806959846004,1004.8924314192751
2017-08-17,527,995,254,255,1010.0025692941779,882.2888948016341,958.1086476951804,990.0430763416657
2017-08-18,449,1246,449,956,1009.4652302962259,889.3090000586213,958.0259556287027,989.3689560180684
2017-08-21,710,1060,686,982,1009.1919444226315,898.1367143387527,958.9661142314986,989.2230360969185
2017-08-22,1498,1578,1411,1496,1014.0358056721576,955.076074877919,980.0262666145771,999.2582235009398
2017-08-23,523,1160,523,960,1013.4981359639769,955.545020127641,979.2409228257702,998.4808329365648
2017-08-24,1377,1377,954,1009,1013.453378392196,960.6359705916752,980.4079454600537,998.6891332744545
2017-08-25,1508,1554,1298,1400,1017.2996134330697,1002.4801638686586,996.8625358341693,1006.6358831106039
2017-08-28,1311,1311,675,846,1015.5951396675665,987.5772911192626,990.9463579583195,1003.4549745341563
2017-08-29,411,971,411,896,1014.4051382778395,978.8556443459995,987.2229713717187,1001.3271532562522
2017-08-30,695,1291,695,1221,1016.4608085437316,1001.9170115511424,996.3906979845925,1005.6771106175146
2017-08-31,1579,1626,1474,1508,1021.3517457721522,1050.1153914034146,1016.4538078675497,1015.6240985260787
2017-09-01,1298,1479,1257,1432,1025.4377980530262,1086.485354126899,1032.749736970783,1023.8691658819979
2017-09-05,941,982,406,586,1021.0652826495135,1038.8200823052896,1015.230139442517,1015.1984893298792
2017-09-06,1424,1438,1150,1200,1022.8457275982746,1054.1705506571668,1022.4760163271242,1018.8579251847331
2017-09-07,1191,1191,824,993,1022.5487551843614,1048.3447839279129,1021.3200941182173,1018.345887062263
2017-09-08,567,1098,567,1005,1022.374140704915,1044.2167092681116,1020.6800904273068,1018.0816120709311
2017-09-11,1595,1689,1595,1605,1028.171412936707,1097.6246417187676,1043.5945966850595,1029.7037583665563
2017-09-12,1169,1378,1169,1272,1030.597568031864,1114.2318186979326,1052.551671324861,1034.5017037454363
2017-09-13,879,1085,879,1021,1030.5020698424923,1105.352597869558,1051.3143508807489,1034.2343432752295
2017-09-14,660,1068,584,1042,1030.6164771077413,1099.3190171200763,1050.9490822187588,1034.388118655918
2017-09-15,824,1224,824,1220,1032.5008902708482,1110.8124440610213,1057.578529974886,1038.0636014548109
2017-09-18,1267,1483,1132,1193,1034.097896337805,1118.6398303409242,1062.8891758582238,1041.131648950755
2017-09-19,1163,1163,923,1041,1034.166573986185,1111.2455607846457,1062.0307768049602,1041.129042040839
2017-09-20,1170,1317,982,1127,1035.0902896679145,1112.7459835670604,1064.5785894792755,1042.8294570499313
2017-09-21,867,1005,746,816,1032.9102867856466,1084.4844613225785,1054.830409499696,1038.337784633101
2017-09-22,981,1294,981,1271,1035.2793386584262,1102.2478459585234,1063.3076483428454,1042.9449572146236
2017-09-25,993,1251,910,1126,1036.1820318061036,1104.5099558672355,1065.7661719372436,1044.5896115272053
2017-09-26,1113,1331,1113,1156,1037.3742503950975,1109.4137695941654,1069.3047534299008,1046.7957578335972
2017-09-27,1390,1390,847,1292,1039.907839943405,1126.802934394721,1078.0379003542184,1051.6512873814468
2017-09-28,885,1181,666,1173,1041.2321400434705,1131.202654928557,1081.7619042618962,1054.0542321857745
2017-09-29,990,1152,985,1087,1041.6875416350779,1126.9928782686943,1081.9673197810375,1054.7066236276403
2017-10-02,1109,1438,1109,1438,1045.6309491809975,1156.6126041478663,1095.9293856719773,1062.296591476598
2017-10-03,1114,1184,893,1184,1047.0077556568085,1159.2209275623552,1099.3831352534685,1064.70655996221
2017-10-04,981,1191,781,952,1046.0624048542531,1139.4856011278453,1093.6034044592147,1062.4747468936512
2017-10-05,1221,1435,1203,1262,1048.211037641773,1151.1536391156694,1100.2071925196376,1066.4257420046679
2017-10-06,464,773,464,773,1045.4726193567801,1115.139006818939,1087.3755379110244,1060.6153312719023
2017-10-09,1233,1233,779,827,1043.2987624477573,1087.6971966457068,1077.1647325027488,1055.9892851081022
2017-10-10,1535,1624,1141,1220,1045.056983716934,1100.29746363183,1082.7661155418568,1059.2370220366547
2017-10-11,1178,1178,930,1101,1045.6136306451237,1100.3643718573699,1083.481169834333,1060.0640116992952
2017-10-12,749,1082,630,949,1044.6523009869634,1085.9487173947632,1078.2073984682809,1057.864724338913
2017-10-13,1334,1361,1067,1094,1045.1433228676901,1086.7155062143095,1078.826716175407,1058.580274352004
2017-10-16,1264,1264,891,993,1044.6244838341809,1077.7902199081848,1075.4609625999008,1057.2816550579048
2017-10-17,805,940,660,755,1041.7426481741393,1047.0482942026433,1062.8938660273557,1051.2958797102235
2017-10-18,1380,1380,984,1115,1042.4715770480284,1053.519885230963,1064.9372438302046,1052.557347438734
2017-10-19,445,939,417,933,1041.382307624665,1042.0418009232521,1059.7632342682357,1050.1898752122245
2017-10-20,1377,1377,1206,1239,1043.3486528224294,1060.7997246448472,1066.7921270420304,1053.9286895644577
2017-10-23,1065,1065,552,556,1038.499412495838,1012.723560392957,1046.7610632364606,1044.0687155136764
2017-10-24,1344,1344,1067,1109,1039.200910878964,1021.8927451174372,1049.2018058546387,1045.3544835233065
2017-10-25,739,739,272,612,1034.9501555468348,982.8553408205385,1032.056636997594,1036.7732066218548
2017-10-26,1331,1331,1089,1096,1035.5576166856722,993.6310226471538,1034.5642198604335,1037.946014411521
2017-10-27,857,1258,752,1257,1037.7610234848198,1018.713782395044,1043.2871916306126,1042.2837170964415
2017-10-30,666,795,565,623,1033.6340481267619,981.0267555002779,1026.8053409784318,1033.9810692331457
2017-10-31,1177,1341,1048,1246,1035.7471421752518,1006.2623025954895,1035.4012099596698,1038.1794639017962
2017-11-01,1521,1521,886,1029,1035.6800064322144,1008.4277975863953,1035.1501821181141,1037.9976923393845
2017-11-02,917,1125,798,1030,1035.623488955277,1010.4822930543577,1034.9482141919136,1037.83932219405
2017-11-03,762,984,762,931,1034.5824592144286,1002.9125508587045,1030.871813635368,1035.7236920515936
2017-11-06,969,1280,969,1209,1036.317957132693,1022.5399269673993,1037.8572327084908,1039.154906070374
2017-11-07,917,1103,606,738,1033.3496192507757,995.4408863038375,1026.098125543452,1033.191442583832
2017-11-08,707,1109,704,1045,1033.465543437335,1000.1608018939482,1026.83937552214,1033.4252754039542
2017-11-09,396,907,396,806,1031.2022046966651,981.6692969516674,1018.1790078546051,1028.921804603876
2017-11-10,850,1093,850,912,1030.0161131076436,975.0341258134134,1014.0151251936402,1026.6065213443933
2017-11-13,516,942,515,868,1028.4040124797068,964.8403995454693,1008.2890418527131,1023.4657981494548
2017-11-14,434,847,434,814,1026.2706392212024,950.4746472078056,1000.6698637408421,1019.3179605623369
2017-11-15,266,742,228,603,1022.0589910697477,917.3818236642051,985.0749671235542,1011.0740405512015
2017-11-16,1445,1662,1394,1524,1027.053428969551,975.1549833152332,1006.2092821383168,1021.2309902432569
2017-11-17,730,1324,730,1224,1029.0130963429883,998.8545087137824,1014.7500946034809,1025.246218159232
2017-11-20,1052,1237,883,1231,1031.022916279874,1020.9636031219935,1023.2304830504032,1029.3205504729106
2017-11-21,1502,1564,1329,1378,1034.4754245755967,1054.9670694913275,1037.143013126858,1036.2250940279025
2017-11-22,1200,1346,1042,1042,1034.5502959728544,1053.7321104921534,1037.3334832003145,1036.3394486016075
2017-11-24,1366,1366,1074,1147,1035.6691985004877,1062.6147666357579,1041.6341309179493,1038.5307466491004
2017-11-27,936,971,754,758,1032.906320903468,1033.6038364799715,1030.5112238231277,1032.9756823590192
2017-11-28,1158,1490,1155,1467,1037.2256609939807,1074.879661577117,1047.6284307320248,1041.5702233024049
2017-11-29,1113,1279,1040,1125,1038.0990375015033,1079.6530271412012,1050.6626099190041,1043.2222980884958
2017-11-30,1475,1475,1141,1171,1039.4214351383043,1088.3527388420391,1055.3817232555139,1045.7525496114959
2017-12-01,1024,1040,410,897,1038.0043064304605,1070.1286684761305,1049.1706752847094,1042.806954569684
2017-12-04,1648,1657,991,993,1037.5565023863762,1062.7830810022133,1046.9679037049168,1041.8206782415714
2017-12-05,925,925,530,530,1032.5061889297954,1012.0418351924787,1026.694652579234,1031.6856153060946
2017-12-06,657,881,591,671,1028.9091124230313,979.5616604122426,1012.7458426741659,1024.5433258940927
2017-12-07,731,1466,731,1322,1031.825439662603,1012.1748356110767,1024.8734566869437,1030.4335570645067
2017-12-08,1513,1513,1151,1293,1034.4241915067562,1038.9200893624027,1035.3882230913773,1035.6328925681798
2017-12-11,1138,1238,999,1051,1034.5891249245994,1040.070557042174,1036.0004496368135,1035.9371917252456
2017-12-12,1185,1202,948,948,1033.7275415920165,1031.3019325619669,1032.5494516118404,1034.1958611960329
2017-12-13,1188,1411,1123,1123,1034.615824760255,1040.0350818417796,1036.0965319407878,1035.9543589941313
2017-12-14,1051,1134,560,561,1029.9032294890087,994.4126930949435,1017.4652953940903,1026.5493221823663
2017-12-15,1518,1619,1481,1505,1034.6305605388693,1043.0400556573297,1036.5843034178515,1036.0235930302401
2017-12-18,1766,1778,1515,1530,1039.5596096877364,1089.4171932137745,1055.9339385779358,1045.8053040593443
2017-12-19,1121,1121,626,626,1035.4445886958185,1045.2822224315103,1039.073784123899,1037.4923277413375
2017-12-20,1433,1433,1082,1083,1035.9177768679995,1048.8743917237473,1040.7963808249226,1038.3934697662614
2017-12-21,1388,1425,1194,1254,1038.087749237472,1068.4101639405333,1049.1573070670825,1042.6629060085136
2017-12-22,824,1038,789,932,1037.0321497425718,1055.4187197557205,1044.5629028683734,1040.4715613350777
2017-12-26,1098,1338,1098,1167,1038.3253621829442,1066.045508350414,1049.364357657849,1042.977074972007
2017-12-27,933,1280,902,1011,1038.0534680318701,1060.8030789837078,1047.8598730438157,1042.3438655666207
2017-12-28,1136,1388,932,1388,1041.5355230763291,1091.964690509069,1061.1987015519014,1049.1885414959945
2017-12-29,1273,1273,605,605,1037.1918860307935,1045.5871009367768,1043.3085563930033,1040.3927287931035
2018-01-02,1462,1511,1239,1417,1040.9710712444175,1080.959757990417,1057.963122808964,1047.8502985199727
2018-01-03,1176,1220,936,1060,1041.1604138190999,1078.9635905627583,1058.0430003458673,1048.090886668092
2018-01-04,1473,1473,1159,1187,1042.6115539801037,1089.2527724139243,1063.1001375872058,1050.841562179615
2018-01-05,1189,1209,919,1196,1044.1378071743316,1099.4191750411696,1068.3118968975116,1053.7159866909099
2018-01-08,857,1191,659,1150,1045.1911623268259,1104.2363964658202,1071.5153519211385,1055.6226008158424
2018-01-09,1126,1126,770,776,1042.5126432986983,1072.9757872785992,1059.9265145908978,1050.0855196115683
2018-01-10,534,925,534,807,1040.1692339126416,1047.6447599187327,1050.007827744196,1045.2719449657948
2018-01-11,1332,1644,1332,1623,1045.9685450179884,1102.4404970693295,1072.4781090091294,1056.7121044714227
2018-01-12,1213,1281,1109,1187,1047.371843077511,1110.4937830627266,1076.969163557791,1059.2920627987212
2018-01-16,1501,1501,593,594,1042.8606804598242,1061.3038989615145,1058.0291963594464,1050.078358584885
2018-01-17,1423,1559,1201,1464,1047.0511214502737,1099.6559085842273,1073.949620031625,1058.274826731719
2018-01-18,710,749,506,590,1042.5033490975347,1051.1172506238247,1054.9712035597965,1049.0020578855463
2018-01-19,1110,1510,1110,1509,1047.1451068179572,1094.7251315167937,1072.7762544005889,1058.1109280264266
2018-01-22,944,1269,854,1266,1049.3227674466343,1111.0370237532895,1080.353656188801,1062.227543313032
2018-01-23,974,1214,719,1120,1050.0260234919415,1111.8906405386906,1081.9084147696324,1063.3715523563383
2018-01-24,1410,1410,696,873,1048.2645705218724,1089.1391509635773,1073.7159279159214,1059.6018186463118
2018-01-25,1383,1383,788,972,1047.5057190738935,1077.9830413479986,1069.72706799765,1057.867129168167
2018-01-26,1141,1262,962,1260,1049.620090028382,1095.3179897910463,1077.1887516055854,1061.8697602737477
2018-01-29,419,647,396,397,1043.1263577892937,1028.8115145728514,1050.5146829151702,1048.7040224465447
2018-01-30,336,455,291,398,1036.7071900500966,968.734227470675,1024.9258718204576,1035.8187942792865
2018-01-31,1550,1550,692,879,1035.1379642784539,960.188110568706,1019.2032886118122,1032.7134716202906
2018-02-01,655,1092,655,975,1034.5395765741907,961.5987667050197,1017.4698263133098,1031.5706305981066
2018-02-02,170,314,154,154,1025.777988747582,884.6845984473988,983.6082644971016,1014.1929943486391
2018-02-05,244,773,92,93,1016.4966157252179,809.2860652619322,948.6824502030976,995.9515489159928
2018-02-06,141,1552,141,1446,1020.7702812403899,869.9254876179386,968.1850992147408,1004.8633994325078
2018-02-07,580,1389,580,835,1018.9218207305353,866.5992507019445,962.9621541474961,1001.4997677605769
2018-02-08,893,893,154,154,1010.3156334595847,798.7326553969974,931.2381481024962,984.7175941415555
2018-02-09,1492,1597,338,1299,1013.1881147186932,846.3771644068072,945.6601815102415,990.9410081189504
2018-02-12,1497,1655,986,1527,1018.3006707911441,911.1983868442542,968.4578214510163,1001.5560376611494
2018-02-13,538,1197,483,1143,1019.5414601365059,933.2747309543252,975.3026127666627,1004.3569082025127
2018-02-14,386,1615,386,1565,1024.9689082943516,993.4390422920085,998.4280005013034,1015.4587516044431
2018-02-15,1497,1497,859,1426,1028.959267415801,1034.635323978484,1015.1955298934091,1023.5882812756423
2018-02-16,769,1519,769,1112,1029.7855433619125,1042.0033883614856,1018.9917836230793,1025.339008379095
2018-02-20,619,995,447,541,1024.9220056170177,994.288779946106,1000.2470077947232,1015.7481369260437
2018-02-21,1288,1570,839,839,1023.0720354118732,979.4993723321912,993.9235957243419,1012.2481738185973
2018-02-22,1548,1611,1016,1017,1023.0116171490686,983.0708606815064,994.8285527547599,1012.3422693865458
2018-02-23,1633,1641,1313,1641,1029.1607552868888,1045.730778711839,1020.1686095094752,1024.7909373194855
2018-02-26,1328,1368,764,1324,1032.09447911488,1072.2326093107115,1032.0835659992997,1030.715869253753
2018-02-27,974,1143,251,251,1024.3223947455776,994.0199798525485,1001.4528379208958,1015.2759510507084
2018-02-28,1458,1458,350,350,1017.6127191759699,932.6847436761153,975.905667806351,1002.1021698417835
2018-03-01,958,1321,517,820,1015.6464234627762,921.9528633260092,969.7917200492392,998.4961862805601
2018-03-02,272,1400,272,1386,1019.3315336770769,966.147828723532,986.1136133806416,1006.1695291264896
2018-03-05,454,1563,454,1486,1023.9750010036731,1015.6575593212909,1005.7170010912047,1015.6711226091334
2018-03-06,1364,1457,856,1414,1027.8558467648306,1053.5949346240252,1021.728099087628,1023.5588231515268
2018-03-07,527,1102,527,1030,1027.877181622892,1051.3477979931656,1022.0524873587015,1023.6863712079322
2018-03-08,1226,1226,692,1056,1028.1570106614702,1051.7908648509595,1023.3837623642426,1024.326245045399
2018-03-09,1426,1627,1327,1627,1034.1156473713063,1106.5726872461062,1047.0549873695663,1036.2603788068761
2018-03-12,1218,1382,975,1124,1035.0100190392534,1108.2324313179056,1050.0724388452695,1037.9977970483242
2018-03-13,1495,1547,633,687,1031.5472327801563,1068.1150569066765,1035.8343039885922,1031.0473456216246
2018-03-14,1447,1447,611,714,1028.3875588221447,1034.3898133917548,1023.2133508910003,1024.7691803617904
2018-03-15,1221,1221,540,660,1024.7220109731682,998.7336406877782,1008.9696900717454,1017.5460282754183
2018-03-16,1169,1582,1109,1467,1029.1227869833854,1043.3304368127517,1026.9316630101084,1026.4461069234299
2018-03-19,411,443,186,399,1022.8529085059388,981.9656333067753,1002.3068919116728,1014.0214315388075
2018-03-20,1294,1294,835,922,1021.8493969785166,976.254620610892,999.1576020327836,1012.1992249736826
2018-03-21,955,1499,955,1191,1023.5324875558448,996.7065615050927,1006.6808333256157,1015.7398343801443
2018-03-22,223,705,217,217,1015.5072886746921,922.448793742703,975.7129575089249,999.9232039963791
2018-03-23,1508,1508,298,299,1008.3778629167349,863.0727181481598,949.1751944693592,986.0435365905103
2018-03-26,1838,1838,1343,1721,1015.4686304499018,944.7800783245254,979.4428339019333,1000.5971299253516
2018-03-27,848,1278,432,462,1009.9614798981614,898.8010232459992,959.1509580626418,989.9318402238595
2018-03-28,1211,1269,881,1000,1009.8623606951946,908.4390210320945,960.7528812758716,990.1312097243771
2018-03-29,1667,1752,1528,1586,1015.5950735240982,972.9686380766569,985.2723761277982,1001.930591710033
2018-04-02,673,811,154,220,1007.6787046333112,901.2573392122134,955.2616947110218,986.4468176167651
2018-04-03,1452,1707,1126,1668,1014.2490657812384,974.2804497634312,983.2122164870602,999.9429202382153
2018-04-04,146,1548,146,1507,1019.1520601515743,1025.0156450240568,1003.7529138797246,1009.9836544909239
2018-04-05,1498,1626,1310,1560,1024.5336316923547,1075.9665359741466,1025.5665251001276,1020.8750672732818
2018-04-06,491,852,180,253,1016.8566801332267,997.5887706432756,995.2697986256128,1005.6696203965832
2018-04-09,1561,1615,882,882,1015.5148226194633,986.5803162962969,990.8278457383338,1003.2207170223935
2018-04-10,1657,1727,1589,1672,1022.0470134391701,1051.8583814109354,1017.5404792387914,1016.463871140762
2018-04-11,505,1160,505,955,1021.3798789770888,1042.633773657513,1015.0879114255055,1015.246764781539
2018-04-12,1268,1304,1069,1168,1022.8387856539337,1054.5734142615595,1021.0844639186229,1018.2715813205184
2018-04-13,1355,1355,610,837,1020.9896435081233,1033.8521367128396,1013.8654653335789,1014.6820450567458
2018-04-16,1340,1676,1328,1569,1026.4424828762017,1084.8185998830454,1035.6354470852032,1025.6586382239389
2018-04-17,1493,1686,1435,1539,1031.5425576734533,1128.0739713227554,1055.3752334740188,1035.8238137046528
2018-04-18,1495,1585,1224,1225,1033.4675073483443,1137.3050216729691,1062.0271851024886,1039.5698767996103
2018-04-19,788,963,509,652,1029.6718107578135,1091.085495799353,1045.9476876474891,1031.8952257738754
2018-04-20,777,886,455,530,1024.699951944303,1037.6487819137005,1025.7144449946463,1021.9567064516204
2018-04-23,1075,1286,702,958,1024.0362708304292,1030.0631836362052,1023.0589765634837,1020.6902370169349
2018-04-24,1505,1505,522,709,1020.9015815684348,999.4857375756142,1010.7429382668765,1014.5181531156095
2018-04-25,483,1156,358,1003,1020.7234563786992,999.8204292350795,1010.4392936289598,1014.2900708756964
2018-04-26,1078,1402,1072,1280,1023.3033224843838,1026.5041978793577,1021.0103017219418,1019.5516536306332
2018-04-27,1110,1169,849,1088,1023.9470705193651,1032.3609409384665,1023.6373487132382,1020.9070664300266
2018-04-30,1370,1370,585,586,1019.58938822564,989.850375134803,1006.4750997440916,1012.2950453126003
2018-05-01,495,1019,335,1017,1019.5636231686685,992.4360536933932,1006.8878409305978,1012.3882127321529
2018-05-02,808,1291,808,894,1018.3142338834082,983.0611914368795,1002.4608667764567,1010.0438916879518
2018-05-03,571,917,380,802,1016.1618534467574,965.817268442891,994.5996563146348,1005.9242106644281
2018-05-04,466,1701,466,1603,1022.0010389846007,1026.5013381149965,1018.458493321904,1017.7474936215681
2018-05-07,1399,1500,1240,1290,1024.667695313112,1051.596448770711,1029.1071798583,1023.1386323617351
2018-05-08,887,1074,795,1054,1024.9595590413398,1051.8253584115957,1030.0833688834648,1023.7497485525918
2018-05-09,1323,1420,1012,1345,1028.1440410409284,1079.7467528485865,1042.4330406919564,1030.1111396703623
2018-05-10,1390,1559,1222,1454,1032.3814137668894,1115.3899192439592,1058.5729214491346,1038.504978488771
2018-05-11,1073,1330,816,994,1031.9995091522935,1103.8289745540583,1056.0406500197569,1037.623691786023
2018-05-14,1355,1375,824,866,1030.347772742818,1081.1785960251004,1048.5880755091782,1034.2252028397652
2018-05-15,373,877,369,829,1028.3443123175164,1057.1615868798528,1039.976778430387,1030.1613374369977
2018-05-16,1277,1508,1192,1376,1031.8035728914715,1087.5271500341526,1053.154159668411,1037.00962778478
2018-05-17,1147,1414,1048,1181,1033.2881144547405,1096.4293262213762,1058.1677220343556,1039.8609222840912
2018-05-18,1079,1079,934,955,1032.5091282412604,1082.959866581245,1054.1219290134004,1038.180507981436
2018-05-21,1663,1663,1339,1519,1037.3498334328897,1124.487498335412,1072.3524416011103,1047.7016860412095
2018-05-22,1219,1269,717,717,1034.1622729012192,1085.6791651606109,1058.4170517344,1041.1531378027698
2018-05-23,489,977,489,973,1033.5536930713563,1074.9478160976955,1055.0673634310901,1039.8035707175666
2018-05-24,726,939,465,839,1031.6178354288552,1052.4765955169626,1046.594133492616,1035.8272623865257
2018-05-25,705,1014,665,871,1030.0196480116526,1035.1931102296328,1039.7080890419252,1032.563356200654
2018-05-29,300,880,300,730,1027.0343778821834,1006.1270997315726,1027.562673785379,1026.5720026125223
2018-05-30,1525,1798,1525,1722,1033.9494586992762,1074.3054711857085,1054.795510107521,1040.3428540459377
2018-05-31,613,791,439,510,1028.736031249532,1020.5620929775457,1033.430980299383,1029.8410153519587
2018-06-01,1168,1510,1168,1390,1032.3306976052581,1055.7466555511128,1047.414079111172,1036.9728764340982
2018-06-04,1599,1662,1100,1335,1035.3423324549572,1082.3422121652925,1058.6919583617143,1042.874403633423
2018-06-05,997,1169,856,1121,1036.1946475549078,1086.0239062447883,1061.1354109749805,1044.4214451456326
2018-06-06,1264,1365,1040,1364,1039.4563923553565,1112.4978199357608,1073.012453681844,1050.7497333605704
2018-06-07,1204,1284,880,1011,1039.173244172716,1102.83136089426,1070.5805927531442,1049.962609927688
2018-06-08,960,1213,829,1179,1040.5645551759726,1110.0855169995684,1074.832334213805,1052.517805770704
2018-06-11,1131,1264,1067,1114,1041.2952561194952,1110.4583249043715,1076.3683211073815,1053.7352749633633
2018-06-12,1159,1231,871,1020,1041.083363023779,1101.8432463420504,1074.1577987110136,1053.067249716564
2018-06-13,1110,1110,597,599,1036.6845235907065,1053.9534133570933,1055.5241595458758,1044.0758190291074
2018-06-14,1337,1385,953,1117,1037.4836825599532,1059.9578501802273,1057.9349768185866,1045.5198622166497
2018-06-15,424,959,424,860,1035.717675768312,1040.914245401158,1050.1728208649165,1041.8462015786963
2018-06-18,484,1173,484,1159,1036.944365561662,1052.1605077439049,1054.4405533800177,1044.1660787751578
2018-06-19,362,844,345,802,1034.6066106804515,1028.3356974825806,1044.5409238357033,1039.37071087862
2018-06-20,1390,1390,1046,1277,1037.018485201044,1052.018012008049,1053.6569660382247,1044.076241356271
2018-06-21,796,796,432,556,1032.232231616954,1004.7782013406157,1034.1410065857453,1034.4113652898102
2018-06-22,1553,1557,1235,1298,1034.8766870237505,1032.7040869272237,1044.4884180921867,1039.6309422147644
2018-06-25,573,573,255,406,1028.6192075508773,973.0179834103452,1019.4496565983756,1027.0837948441751
2018-06-26,1045,1428,943,1244,1030.7623000130575,998.8257945141219,1028.255552418047,1031.3791652433003
2018-06-27,1078,1262,407,407,1024.5557099631762,942.4614331318246,1003.8925895781236,1019.0152213770964
2018-06-28,960,1312,751,1193,1026.2317725506073,966.3222490240317,1011.3085664574129,1022.460464518144
2018-06-29,1339,1491,1078,1078,1026.7468792913974,976.9582253074573,1013.9239167924163,1023.5602572999629
2018-07-02,318,1007,305,1005,1026.5304924327766,979.6288705162708,1013.5739592711451,1023.1927274524389
2018-07-03,1445,1594,1227,1229,1028.5451143986195,1003.3785018956736,1022.0220392997277,1027.2681189880343
2018-07-05,1541,1564,1086,1564,1033.873023708086,1056.771025524657,1043.276076974248,1037.896473067479
2018-07-06,856,1642,856,1526,1038.7698095418364,1101.4594992842135,1062.2064268968265,1047.5618894423806
2018-07-09,1542,1542,1296,1372,1042.0855328299774,1127.2252612571456,1074.3551944695,1053.9864064831254
2018-07-10,1175,1272,779,952,1041.1891593689827,1110.5371411374174,1069.5569515491275,1051.9668736814795
2018-07-11,333,794,333,498,1035.7842921115798,1052.2002705529014,1047.1429534491617,1040.9972326184798
2018-07-12,1339,1349,918,1201,1037.4282295035043,1066.371673357387,1053.176563117822,1044.165604249797
2018-07-13,1065,1369,980,1025,1037.3045655283452,1062.4315139900168,1052.0715998582996,1043.7860873339596
2018-07-16,872,872,528,644,1033.3910872643814,1022.5808936100152,1036.0687920207192,1035.8695311491288
2018-07-17,887,1310,887,1189,1034.9394346547856,1038.4303323138233,1042.0660942944164,1038.9018176610273
2018-07-18,834,1116,686,1110,1035.686305951753,1045.2464911410782,1044.7301690279687,1040.3097024598187
2018-07-19,669,1258,669,1151,1036.8337058925315,1055.318253889547,1048.897613379813,1042.5015895398224
2018-07-20,780,976,718,760,1034.079141654795,1027.1927059000661,1037.5682952080556,1036.9074986578457
2018-07-23,779,963,629,855,1032.2972596482796,1010.7934005762503,1030.4087542195043,1033.3053699715517
2018-07-24,1394,1394,763,881,1030.791814278645,998.4321243308931,1024.549587387367,1030.289422051323
2018-07-25,906,1290,906,1263,1033.1023434898027,1023.6290648708081,1033.9005839604115,1034.8975523077324
2018-07-26,1003,1462,1003,1246,1035.2207281316953,1044.8072491688263,1042.2182081188266,1039.0777987966883
2018-07-27,1166,1166,477,526,1030.153855214962,995.3970349622714,1021.9743568200491,1028.9178423848728
2018-07-30,1161,1279,951,952,1029.3762049143156,991.2639840134837,1019.2302643957335,1027.394716793093
2018-07-31,1266,1529,1159,1425,1033.3127600892976,1032.5721760121994,1035.1428030468812,1035.2680887377842
2018-08-01,724,833,515,735,1030.3444739192548,1004.2319687729423,1023.3724970450428,1029.3221859905013
2018-08-02,512,1207,512,1139,1031.425623432496,1017.0670193659954,1027.9069089256293,1031.4940238916795
2018-08-03,1210,1235,942,1113,1032.2373087714761,1026.2034937120911,1031.24389288933,1033.1080036165968
2018-08-06,775,1301,775,1179,1033.6976340573322,1040.7555419299872,1037.038250030925,1035.9969540400305
2018-08-07,1300,1342,1083,1083,1034.188204862732,1044.7788236509407,1038.8406715983397,1036.9277074253764
2018-08-08,773,986,577,874,1032.5942923765356,1028.5141737794224,1032.3763315356596,1033.7014161892303
2018-08-09,1091,1322,991,1003,1032.2998218056248,1026.0842524670966,1031.224318534261,1033.0934673538
2018-08-10,304,811,304,575,1027.7495748224842,983.1238474702302,1013.3331687878194,1024.0223095844178
2018-08-13,860,1023,385,557,1023.0654994511162,942.5406239016369,995.4377504039834,1014.7743430579937
2018-08-14,1554,1683,1459,1524,1028.04992234215,997.9177073395762,1016.16568176069,1024.858019433083
2018-08-15,355,512,297,494,1022.7359927666063,949.925544735807,995.6885962014472,1014.345979444309
2018-08-16,1572,1729,1559,1560,1028.0819032863415,1008.0278738085873,1017.8184551739395,1025.1510095543226
2018-08-17,754,1496,754,1441,1032.1905410645868,1049.2633143982457,1034.4138098730007,1033.3856430284945
2018-08-20,1389,1489,1153,1341,1035.2632719992675,1077.0477606460317,1046.4367977211182,1039.4770164338709
2018-08-21,1349,1481,1340,1340,1038.295478248031,1102.0908310606953,1057.9490801634272,1045.4279666034972
2018-08-22,977,1005,785,960,1037.516418762976,1088.5583709596767,1054.1079397648614,1043.7363237004577
2018-08-23,715,876,567,593,1033.0933698200608,1041.3623356301837,1036.025275460357,1034.810851944013
2018-08-24,1358,1426,1261,1371,1036.455624846727,1072.7563989034995,1049.161539167794,1041.4680627966068
2018-08-27,1250,1250,1250,1250,1038.5804444999933,1089.636741865071,1057.0375572396451,1045.5974080877631
2018-08-28,867,867,867,867,1036.8731763955157,1068.4332426398262,1049.585104014561,1042.0608257493916
2018-08-29,1212,1212,1212,1212,1038.6157318542666,1082.106267150319,1055.954315621833,1045.42595791277
2018-08-30,527,527,527,527,1033.5250280547216,1029.2390036121933,1035.2110091268592,1035.1600973600418
2018-08-31,1058,1058,1058,1058,1033.7685601138785,1031.9781461253178,1036.104695043453,1035.612372659843
2018-09-04,600,814,433,662,1030.0693704610042,996.7421322086209,1021.4339226888077,1028.2141078546977
2018-09-05,530,1045,530,1007,1029.8398244862678,997.719071998276,1020.8678865049329,1027.7940265110403
2018-09-06,1080,1256,735,826,1027.8115675262054,981.3648746651069,1013.2260086027787,1023.7981051939901
2018-09-07,359,934,359,751,1025.0572235707207,959.4253627922395,1002.9426357163952,1018.3961625168813
2018-09-10,1543,1543,1098,1121,1026.0118780625544,974.8134234786929,1007.5723362765366,1020.4279216749628
2018-09-11,519,1176,519,1011,1025.862506141534,978.2597640997698,1007.7067544617704,1020.2412301566467
2018-09-12,825,1183,797,1072,1026.3215856824143,987.1874056140774,1010.2280582083677,1021.2661562921586
2018-09-13,1421,1421,1080,1147,1027.5223659243802,1002.407652698451,1015.5916637688239,1023.7559353754822
2018-09-14,976,1258,876,1093,1028.1738846714013,1011.0354952985986,1018.6272847974974,1025.1271049720074
2018-09-17,979,1072,773,826,1026.1622042269098,993.4130671749225,1011.0732736289681,1021.1839939824627
2018-09-18,1233,1311,1029,1178,1027.673028065448,1010.9927750630251,1017.6194197611654,1024.2892614283544
2018-09-19,1079,1275,958,963,1027.029515348379,1006.4220345808322,1015.4774817313158,1023.0756126871988
2018-09-20,1466,1533,1224,1500,1031.735689325012,1053.4294598588483,1034.478364800676,1032.5196599607195
2018-09-21,1092,1284,963,967,1031.0915531128228,1045.1980827294342,1031.8321544163357,1031.2222409515964
2018-09-24,702,721,465,540,1026.2050699972724,997.0839796123453,1012.5446189490284,1021.495067863446
2018-09-25,990,1147,967,967,1025.61596482317,994.2188386968838,1010.7585554608312,1020.4159576087243
2018-09-26,879,1039,562,562,1021.0028706458252,953.0551397733711,993.160180736877,1011.3384138937
2018-09-27,1056,1395,1041,1041,1021.2018470573095,961.4308407473358,995.0362520805289,1011.9257720344189
2018-09-28,779,1333,779,1148,1022.4635202209183,979.1993321047323,1001.0348304303121,1014.6203112020542
2018-10-01,1375,1375,705,792,1020.1703508654863,961.370824285234,992.8373860997117,1010.211988207954
2018-10-02,853,1176,630,764,1017.6213921504068,942.5736029247355,983.8633709585465,1005.336503292945
2018-10-03,1400,1469,1182,1220,1019.6351096414476,968.9951645509511,993.1236309209564,1009.5872656039759
2018-10-04,452,612,353,468,1014.146203077851,921.2813393556224,972.5305473554288,998.8627652949863
2018-10-05,1116,1116,491,681,1010.8313154850366,898.3974022741346,961.0979768709021,992.5684531109272
2018-10-08,648,1132,648,1099,1011.7086158284691,917.5024115813599,966.5058993465531,994.6760084948692
2018-10-09,592,1102,592,809,1009.691614675947,907.1688485736113,960.3291974113941,990.9992558514064
2018-10-10,585,671,171,171,1001.3464244801664,837.0575296618388,929.3751112383983,974.7616468246458
2018-10-11,473,905,290,291,994.2783008534981,785.0520506464255,904.340793150618,961.2218122340588
2018-10-12,1571,1686,732,1119,995.5193127853041,816.8566172515278,912.7588012623585,964.3461327838794
2018-10-15,815,1545,815,1250,998.0514589267439,858.1083679894775,925.9839463108934,970.0026450059808
2018-10-16,1373,1826,1154,1811,1006.140499136428,948.8599519904797,960.6904582202701,986.6560579761593
2018-10-17,480,767,252,659,1002.6863648166626,921.2542422771006,948.8594598586909,980.1678192043541
2018-10-18,398,852,208,299,995.6845104403774,861.9919334888053,923.3747751583501,966.6793475369412
2018-10-19,1031,1571,778,850,994.2349133215677,860.8498445851096,920.4973329952775,964.3688654074969
2018-10-22,1432,1432,740,776,992.0634216467262,852.7689070055753,914.8307709170313,960.6387888647741
2018-10-23,186,797,134,592,988.0826910830772,827.9337730050444,902.1707406849908,953.3390108674519
2018-10-24,899,1089,304,305,981.2858483857332,778.1305565283735,878.7522802659716,940.5006146126508
2018-10-25,727,1655,727,1591,987.3526558644821,855.5466940018617,906.6835633927963,953.3817905609151
2018-10-26,195,849,160,521,982.7123309305072,823.6851040969225,891.5587177695494,944.8197749062435
2018-10-29,1732,1741,553,832,981.212705747119,824.4769989448346,889.2230817785867,942.5857199576051
2018-10-30,773,1658,773,1603,987.3996439983914,898.6220466643741,917.214333473544,955.6632304534941
2018-10-31,1584,1584,1168,1168,989.1966624660691,924.2770898391956,927.0490654941893,959.8679189593655
2018-11-01,1390,1602,1390,1567,994.9459494067053,985.488795568796,952.1451805728486,971.8903364057147
2018-11-02,1493,1493,648,935,994.3494722981808,980.6803388479583,951.472820550384,971.1598346947104
2018-11-05,1393,1393,982,1248,996.8733581459601,1006.1393541957718,963.1013373915454,976.6418181661023
2018-11-06,896,1287,896,1262,999.5114341843088,1030.5070347485555,974.8228535722691,982.2924752321201
2018-11-07,1541,1592,1130,1578,1005.2675393168032,1082.6492219153597,998.476859314533,994.088663841385
2018-11-08,600,928,600,818,1003.404180716636,1057.444534113897,991.3993354198454,990.6017596069022
2018-11-09,417,604,361,541,998.8031440925898,1008.2593403887639,973.736616383773,981.6987544661714
2018-11-12,816,816,399,399,992.8349536041063,950.2346413041197,951.1979255451937,970.1601652688215
2018-11-13,1360,1454,864,933,992.2395809314287,948.5932468942035,950.4842814061665,969.4243204120131
2018-11-14,1597,1607,564,797,990.296898534101,934.1557948090413,944.4652899784737,966.0099774335574
2018-11-15,288,1416,288,1401,994.3834965586374,978.6171476843707,962.3686119401023,974.6236412467543
2018-11-16,527,1216,527,1126,995.6931135083026,992.6536098096688,968.7855291189218,977.6211929052345
2018-11-19,676,1022,413,551,991.2683064087175,950.591361256367,952.401782878964,969.1732484912694
2018-11-20,265,527,209,287,984.2606615688298,887.3921839938558,926.3075953150831,955.6648673330265
2018-11-21,1436,1795,1436,1576,990.1486151850604,952.9738807563458,951.7857288321386,967.9487313462339
2018-11-23,322,1120,322,840,988.6545991135673,942.2144635414558,947.40197476029,965.415093101754
2018-11-26,1669,1721,1231,1406,992.8072896696513,986.3845146327457,965.3862110442002,974.1395467036995
2018-11-27,650,924,551,744,990.3315952450777,963.3002751439127,956.7043988463885,969.5823279570916
2018-11-28,1321,1723,682,1722,997.611877879455,1035.5573917968734,986.7159910484909,984.4816877995254
2018-11-29,806,1147,524,836,996.0037994925948,1016.5519259114569,980.8055600269814,981.5414563579507
2018-11-30,796,1181,796,1123,997.2674432787381,1026.6898377294135,986.381812574943,984.3426156379912
2018-12-03,1657,1657,1110,1487,1002.1404040421338,1070.5289008028026,1006.0138983563178,994.2962272095161
2018-12-04,745,745,157,158,993.7409970367395,983.6213864406309,972.7584513619524,977.7359058786346
2018-12-06,130,841,130,841,992.2211861209511,970.038397255809,967.5914532693268,975.0282641780676
2018-12-07,959,1396,382,440,986.7264479505933,919.5585498981129,946.9015923568043,964.4336450854327
2018-12-10,801,801,193,585,982.7291698615327,887.6958308601974,932.7093730486943,956.9201075589884
2018-12-11,1388,1712,652,855,981.4582328479851,884.5819422068453,929.6619466546279,954.9018876073253
2018-12-12,1601,1789,1391,1392,985.5432255559654,932.907471520479,947.7928507073875,963.5572957735169
2018-12-13,989,1144,612,697,982.6721486847617,910.4400932804334,937.9578369541566,958.278933480972
2018-12-14,221,914,221,376,976.6356098918785,859.541036777535,915.9202747206602,946.7486575704577
2018-12-17,548,1018,229,251,969.4153550670837,801.584747560627,889.844969829654,932.9714564304486
2018-12-18,1512,1646,960,1009,969.8092321310928,821.3385811262815,894.517716110844,934.4769721446971
2018-12-19,1320,1592,349,392,964.0598865377486,780.4491924475881,874.811139008458,923.7348538844061
2018-12-20,659,1191,213,397,958.4174996070248,743.930221738294,856.0734472826362,913.3044607381803
2018-12-21,904,1507,307,309,951.9556339392932,702.5082958584564,834.6195866048857,901.3380357730678
2018-12-24,342,683,233,272,945.1899062384047,661.5075057766987,812.5560734046942,888.8758964508288
2018-12-26,1685,1893,785,1888,954.5711012012066,778.3163147503465,854.7303450358827,908.6605321646738
2018-12-27,130,1175,130,1175,956.764423577314,816.0957133455515,867.2899393482011,913.9345810327001
2018-12-28,1355,1708,777,1091,958.1001009546542,842.2770739793085,876.0628829031735,917.4408269528446
2018-12-31,1578,1578,673,1419,962.6861696018716,897.2030669336601,897.3545345540294,927.3726917656596
2019-01-02,123,1286,123,1237,965.4156604516043,929.5646796066449,910.6739645715185,933.5039255920822
2019-01-03,478,1031,383,613,961.9090369645236,899.4156625012502,899.0004757647922,927.1573132041201
2019-01-04,1755,1924,1755,1899,971.2333251539313,994.6141708344644,938.2161433818592,946.4017228436425
2019-01-07,1075,1719,953,1556,977.0518990329967,1048.0794878978488,962.4429612884529,958.4729758566397
2019-01-08,1676,1676,1156,1605,983.3001388436137,1101.1195366694822,987.641276532043,971.2754911862112
2019-01-09,1328,1504,1085,1451,987.9538688053688,1134.4414855581028,1005.8122068641197,980.7749864102466
2019-01-10,301,1249,301,1241,990.4717407575541,1144.58991550495,1015.0352575753308,985.9279569763803
2019-01-11,409,1075,409,1040,990.964559257479,1134.6289711711454,1016.0142670821806,986.9986905016005
2019-01-14,229,945,229,664,987.7111805583996,1089.807164392941,1002.2097860201343,980.6026768283016
2019-01-15,1305,1305,1305,1305,990.8682832394106,1110.3017201650418,1014.0839120585604,987.0263861980382
2019-01-16,1192,1498,1192,1310,994.0437232071777,1129.3206039588474,1025.6884645268522,993.4219033030275
2019-01-17,673,1540,673,1484,998.9189100409371,1163.0995940580049,1043.661465917956,1003.1363210594033
2019-01-18,1611,1668,1424,1579,1004.6908611848085,1202.709156528671,1064.6551339211735,1014.5395622265438
2019-01-22,350,437,210,349,998.1665740088403,1121.4035225735595,1036.5902267085785,1001.3605609943351
2019-01-23,1436,1488,608,947,997.6574538694488,1104.7936632808396,1033.0768844847128,1000.284114241972
2019-01-24,903,1383,903,1318,1000.8449418906483,1125.0990286826643,1044.2503399951163,1006.5755179203488
2019-01-25,1673,1745,1549,1581,1006.617629036015,1168.5181688081248,1065.2993462698175,1017.9502601397479
2019-01-28,216,808,216,798,1004.541831732174,1133.2307241597318,1054.817018965119,1013.5948094439113
2019-01-29,1151,1247,950,1086,1005.3523607696649,1128.7325599540432,1056.0398809664869,1015.0285755935369
2019-01-30,1396,1679,961,1570,1010.9707452396185,1170.7580304346104,1076.1951797521149,1026.0181087501005
2019-01-31,874,1428,793,1320,1014.0456631974332,1184.9715513456,1085.756153095169,1031.8395323392074
2019-02-01,1050,1153,886,1106,1014.9606317228319,1177.4504512174476,1086.5500294443782,1033.3080564513023
2019-02-04,700,1418,658,1418,1018.970973695739,1200.3599320538813,1099.548067505383,1040.9257186997913
2019-02-05,1246,1252,879,1240,1021.1702674898112,1204.1351766201783,1105.0559864267404,1044.867783676033
2019-02-06,768,798,529,736,1018.3327523904101,1159.5508740849232,1090.5832026452997,1038.7515899398738
2019-02-07,352,712,352,613,1014.2995906750826,1107.498409886359,1071.854449600386,1030.320865386609
2019-02-08,487,904,446,904,1013.2020823101565,1088.117608944801,1065.2719221650768,1027.8194621116268
2019-02-11,1101,1274,996,1263,1015.6876337299559,1104.773074759582,1073.0259644331131,1032.476502465852
2019-02-12,1570,1585,1460,1511,1020.6161149863742,1143.4613533539075,1090.201416808285,1041.9522152883103
2019-02-13,1409,1409,1033,1228,1022.6796362302908,1151.5126530344878,1095.6052828158033,1045.6363298370566
2019-02-14,377,1203,377,982,1022.2748637304869,1135.3685908407272,1091.1501736857717,1044.3762044937484
2019-02-15,1518,1660,1518,1621,1028.2323277729697,1181.6192012368483,1111.928598247114,1055.7944974740703
2019-02-19,596,1381,596,1231,1030.2499165513482,1186.3221344523865,1116.5980649825212,1059.2639133656728
2019-02-20,943,1303,943,1206,1031.9986736005885,1188.1962168854925,1120.1040232185007,1062.1695784475407
2019-02-21,520,822,520,765,1029.3419703806821,1147.8918152773504,1106.1783752491478,1056.2850323396688
2019-02-22,1382,1578,1352,1483,1033.8559806256505,1179.8068804890313,1120.9556938668284,1064.7348336794773
2019-02-25,1431,1431,896,896,1032.4842793258929,1152.7776537757902,1112.1339019504821,1061.3935498442402
2019-02-26,749,958,690,691,1029.086425800262,1108.7988296066674,1095.6188469720319,1054.0590241047503
2019-02-27,621,1036,581,979,1028.5880534042396,1096.4370363107944,1091.0455588554817,1052.5727067957453
2019-02-28,634,920,625,771,1026.0249881962372,1065.4430328526234,1078.494752625855,1046.997009631473
2019-03-01,1582,1582,885,1234,1028.0943912987623,1081.4960773428497,1084.5929976209195,1050.7000391437211
2019-03-04,1326,1326,408,802,1025.8446958629536,1054.8774033101975,1073.5109192828443,1045.7752858933504
2019-03-05,911,975,672,763,1023.2293257548645,1027.0795553758928,1061.3340204874387,1040.1757752816009
2019-03-06,889,889,326,331,1016.3414717672539,960.7862643877125,1032.693470664402,1026.1326906225593
2019-03-07,666,752,411,522,1011.4226511526543,918.9970963507875,1012.6662757363862,1016.1498650656769
2019-03-08,366,867,366,845,1009.7667043750159,911.9497538411887,1006.0911276682926,1012.7607588267525
2019-03-11,1458,1706,1458,1702,1016.6545978638218,987.1926344277422,1033.3816716813008,1026.4090606321633
2019-03-12,1274,1301,1016,1108,1017.5635073378136,998.6980978155763,1036.3078806349752,1028.024722797863
2019-03-13,1501,1589,1341,1341,1020.7817808966413,1031.2982789759976,1048.2565911983095,1034.2222530394895
2019-03-14,1,1,1,1,1010.6346984996597,933.1746333592359,1007.187705268964,1013.7624064446481
2019-03-15,1252,1443,1051,1143,1011.9517661762801,953.1580016107373,1012.5136776113576,1016.321566713071
2019-03-18,1272,1542,1014,1377,1015.5840869108445,993.5239062192385,1026.8072588815005,1023.4637139068716
2019-03-19,1402,1402,612,718,1012.6230512201893,967.2835341983587,1014.6971702979123,1017.4149274928741
2019-03-20,604,1147,374,719,1009.7014288199883,943.6374833223246,1003.1012028352491,1011.5057210078667
2019-03-21,706,1589,706,1470,1014.2815141053616,993.7672468154365,1021.410959586808,1020.5848156413742
2019-03-22,339,415,175,178,1005.9603050097859,916.0751280711092,988.3360199951684,1003.8999678068916
2019-03-25,736,1355,485,1103,1006.9258741141662,933.8774968262417,992.8326466620246,1005.8623446820027
2019-03-26,1683,1768,1261,1511,1011.9415370583038,988.841544747552,1013.1529350282196,1015.8650705298838
2019-03-27,1107,1107,375,831,1010.141123754241,973.8090166763566,1006.0096826741718,1012.2043760639456
2019-03-28,1262,1518,793,1353,1013.552654861164,1009.9224436595607,1019.6171460987141,1018.9528042606992
2019-03-29,1510,1510,971,1175,1015.1590961063265,1025.6441156919834,1025.7105913497448,1022.0428477406854
2019-04-01,1632,1632,1310,1529,1020.271940921189,1073.582771340366,1045.4474309046568,1032.0816032309688
2019-04-02,680,837,423,788,1017.9607773299333,1046.384412165093,1035.3514532221213,1027.2483041570881
2019-04-03,1441,1539,1033,1121,1018.9860432271479,1053.4906586255604,1038.7102197624304,1029.1047733817002
2019-04-04,1077,1328,1048,1325,1022.0309582199126,1079.3486911374118,1049.9372699678252,1034.9640847998844
2019-04-05,1389,1574,1242,1497,1026.7570183371274,1119.125006267182,1067.4691417337929,1044.113310843451
2019-04-08,669,1003,591,998,1026.470878851186,1107.5892913845933,1064.744861665801,1043.2001759752638
2019-04-09,361,563,329,376,1019.9985317979404,1037.9141207765367,1037.7352592475343,1029.9882913024862
2019-04-10,1446,1557,1270,1505,1024.8244170536823,1082.3984902263903,1056.0593667280232,1039.3944637519419
2019-04-11,1021,1168,847,1020,1024.7764129038944,1076.455776871496,1054.6452739151596,1039.0104149647748
2019-04-12,1467,1467,1145,1334,1027.853264516791,1100.9837981218298,1065.6003612126044,1044.8517928862643
2019-04-15,1111,1111,650,782,1025.4069633773204,1070.6043887768935,1054.4787784199532,1039.6468068885165
2019-04-16,1372,1372,983,1096,1026.109381652173,1073.0230184171894,1056.1070616191707,1040.7627117026052
2019-04-17,1242,1242,711,797,1023.8296863123503,1046.7351119012667,1045.9460003792033,1035.9357273124547
2019-04-18,863,1129,706,1026,1023.8512814734214,1044.7603393392412,1045.1638042859013,1035.7389802369605
2019-04-22,632,798,632,779,1021.4149503144819,1019.449830830742,1034.7260080393953,1030.6550400342485
2019-04-23,1167,1577,1114,1474,1025.9182841421984,1062.7403231325761,1051.952439096674,1039.4341481523822
2019-04-24,864,1169,850,963,1025.292231563669,1053.2412447389975,1048.4641081517063,1037.9206006642162
2019-04-25,371,734,352,635,1021.4087267719907,1013.4087452400453,1032.249829400659,1029.941974908489
2019-04-26,1057,1464,1002,1455,1025.7230677991352,1055.4650552171838,1048.8282674633783,1038.3589655043606
2019-04-29,1077,1277,1062,1104,1026.5019427464074,1060.0874309107853,1050.9918648177556,1039.6587879696208
2019-04-30,1048,1048,578,960,1025.8402318733088,1050.5552946335677,1047.42355639353,1038.0813862276482
2019-05-01,1148,1148,514,515,1020.7572444914848,999.5500284779898,1026.5442012408425,1027.7233389756154
2019-05-02,819,1204,579,968,1020.2322967851019,996.5452638610384,1024.2483502117898,1026.5406985998607
2019-05-03,1649,1666,1530,1655,1026.5483933345038,1059.2552387314156,1048.9837090270137,1038.9854372414475
2019-05-06,183,877,183,757,1023.8663197689863,1030.4690255188998,1037.5333674965425,1033.4015671970624
2019-05-07,267,355,179,254,1016.2059583782501,956.5195945170998,1006.8065687711879,1017.9678727971205
2019-05-08,713,1217,713,780,1013.8556503346854,939.7082045630902,997.912193525259,1013.2556376922271
2019-05-09,274,920,238,860,1012.3247483413054,932.116946985653,992.5038722105429,1010.2208725894108
2019-05-10,574,1334,344,1247,1014.6598254722377,962.1058091774956,1002.4841125160118,1014.9095681816997
2019-05-13,130,236,121,224,1006.7925635272403,891.810017827258,971.9553237898937,999.2479925741412
2019-05-14,1471,1632,1330,1518,1011.8792046861732,951.4471589865667,993.3688405040155,1009.5203095528711
2019-05-15,312,1315,312,1311,1014.8555310077038,985.6902867021317,1005.8249644058187,1015.4902044132103
2019-05-16,1296,1296,1296,1296,1017.6529884106122,1015.2435927305002,1017.2043775663749,1021.0448538307705
2019-05-17,271,1035,271,417,1011.6763417597604,958.2680124704525,993.6669509951445,1009.0835695964978
2019-05-20,414,842,414,663,1008.2069254238423,930.1472493780285,980.6996195835702,1002.230429604488
2019-05-21,1547,1687,1533,1582,1013.9163092504708,992.2284637229782,1004.2800266587243,1013.7110151568744
2019-05-22,492,662,483,580,1009.5987340340482,952.9686100350755,987.6415942407351,1005.1226782230749
2019-05-23,170,329,161,329,1002.8266073272417,893.543028126973,961.8125121136475,991.7341103374695
2019-05-24,1684,1684,1071,1269,1005.4750987966224,929.3008349720232,973.8590802660534,997.2245239941533
2019-05-28,1239,1245,504,505,1000.4952470673028,888.8912316413542,955.4724496673847,987.4775037170414
2019-05-29,250,611,203,541,995.9231550566828,855.7587333897967,939.218628111801,978.6363650295752
2019-05-30,1381,1559,694,878,994.7497903297507,857.8769492574351,936.8178975976127,976.643565722059
2019-05-31,168,545,168,536,990.1851157991064,827.2220017091079,921.0995486722162,967.9179505592459
2019-06-03,1297,1506,1046,1352,993.7852639006078,877.2008586891928,937.9976055870312,975.5235356966866
2019-06-04,1627,1647,1418,1645,1000.2650125185122,950.3245864330793,965.7231896816575,988.7804953858612
2019-06-05,1264,1264,598,898,999.2474502048951,945.3412924870718,963.0673783215925,986.9828618138639
2019-06-06,962,1177,612,1049,999.7425004516126,955.2135503454459,966.4372850540791,988.2109239561636
2019-06-07,1477,1607,1341,1357,1003.2973014421439,993.4789265030225,981.7534699539191,995.5136779372297
2019-06-10,1368,1368,1132,1133,1004.5878755571474,1006.766647788449,987.6847064263144,998.2361793642152
2019-06-11,1605,1605,868,986,1004.4029215715042,1004.7888718085967,987.6186395076354,997.9938787827456
2019-06-12,726,965,713,881,1003.1750318046236,992.9994554458732,983.4375163896889,995.6771683118001
2019-06-13,1457,1582,1279,1460,1007.7205538762194,1037.4756977843615,1002.126241237152,1004.8716798303783
2019-06-14,500,764,500,622,1003.8825384147644,997.9065837096604,987.2193298160872,997.2900624079946
2019-06-17,972,1170,849,1005,1003.8936574355131,998.5821471658832,987.9166109997701,997.4427344395194
2019-06-18,1632,1730,1397,1432,1008.1534220381448,1039.8600379119896,1005.3316458625243,1006.0478288070537
2019-06-19,872,1265,790,1207,1010.131994953188,1055.778129539419,1013.2402087698763,1010.0270797217655
2019-06-20,1690,1690,1179,1399,1014.0013283367384,1088.465926726141,1028.3680437200771,1017.7295137866811
2019-06-21,495,772,380,662,1010.4988275572684,1047.8501241807944,1014.0006694565448,1010.685364998826
2019-06-24,1035,1035,613,613,1006.5436153427682,1006.4358266397663,998.2751530072685,1002.810407276077
2019-06-25,875,1031,623,625,1002.7471614587606,970.1086050550267,983.6369117128659,995.3290130725903
2019-06-26,1219,1265,976,977,1002.4909707974795,970.7649283831194,983.3766406653025,994.9660623186777
2019-06-27,1387,1482,1260,1476,1007.2025034263603,1018.8825542513937,1002.6952037764671,1004.4914868272188
2019-06-28,1455,1586,1393,1518,1012.2850655813219,1066.4175490845944,1022.9032350009194,1014.6599722365808
2019-07-01,1737,1737,982,1137,1013.5260102024032,1073.1396872670139,1027.3776179420597,1017.0825470437771
2019-07-02,758,926,737,906,1012.4560996531255,1057.2216218130125,1022.6177113560966,1014.8828926468707
2019-07-03,1253,1431,1247,1416,1016.4714618456318,1091.3909911641542,1038.0444677735045,1022.8258056637643
2019-07-05,392,1097,392,1097,1017.2727408322424,1091.9251824818539,1040.3564494294455,1024.2946015912146
2019-07-08,496,816,496,591,1013.0312210229664,1044.2180222454867,1022.7346278831927,1015.7145104705965
2019-07-09,471,912,460,911,1012.0159849928872,1031.5305915554404,1018.3528777701264,1013.6409558078124
2019-07-10,1581,1581,982,1095,1012.8416965849977,1037.5752971215888,1021.3586472693371,1015.2520259898358
2019-07-11,1030,1089,613,882,1011.5397891562912,1022.758602157628,1015.8936022783827,1012.613372009839
2019-07-12,1204,1340,1153,1269,1014.1015822990147,1046.2101638569015,1025.819343365505,1017.6903349403373
2019-07-15,1064,1064,639,799,1011.9612680472832,1022.6663387276728,1016.9244671550929,1013.3598332583504
2019-07-16,678,1201,678,952,1011.3646385144743,1015.9362112297993,1014.3784096195991,1012.1447870552147
2019-07-17,822,822,449,530,1006.5749406188079,969.6565720650565,995.3831778698109,1002.5973655293689
2019-07-18,562,1090,562,1020,1006.7085232992177,974.4511842493368,996.3485434435438,1002.9419721525496
2019-07-19,1073,1182,704,705,1003.706448440519,948.7891667017809,984.9231103673264,997.0421311198259
2019-07-22,1208,1262,791,853,1002.2068817893696,939.666388920659,979.7496550588038,994.1898116917105
2019-07-23,1366,1369,1065,1358,1005.7471118213161,979.5076852139296,994.5830019192429,1001.393973836429
2019-07-24,720,1414,720,1402,1009.6899266290642,1019.7450485268887,1010.5601390988804,1009.3267664337275
2019-07-25,694,718,396,458,1004.2004746228048,966.2455200957564,988.8911140361793,998.4094047221685
2019-07-26,1242,1415,1189,1337,1007.5119126862595,1001.5554705628273,1002.5424428975056,1005.1141689850958
2019-07-29,961,961,682,799,1005.4371672863962,982.2644733663675,994.5603863132897,1001.0327002923217
2019-07-30,398,1205,398,1200,1007.3731158706112,1003.0011901886182,1002.6168417519842,1004.9726468211866
2019-07-31,1153,1246,452,534,1002.6629356131922,958.3344101706546,984.2397107028868,995.6464557950245
2019-08-01,835,1206,454,482,997.4822098856978,912.9692282496399,964.5440357733618,985.4752388485883
2019-08-02,554,679,372,602,993.5470635186759,883.3531112734837,950.326622605779,977.8816697624777
2019-08-05,106,144,89,125,984.9048041801816,811.1290054379139,917.9608726996701,960.9929238265871
2019-08-06,1569,1569,843,1336,988.3982887157022,861.1167192057316,934.3545639663497,968.4188065230903
2019-08-07,157,984,157,984,988.3545246488793,872.8198888051857,936.3014438108066,968.7273450077817
2019-08-08,1423,1678,1409,1659,995.0276139558556,947.6941851094537,964.6425636613633,982.3961104531721
2019-08-09,532,618,341,455,989.6542048617675,900.7709293847438,944.6565807726823,971.9526231174657
2019-08-12,329,520,315,410,983.8865013308047,854.0308408719111,923.6896560364987,960.8248484022683
2019-08-13,514,1644,514,1431,988.3353918648265,908.9802845983958,943.5841793291851,970.1352474438075
2019-08-14,133,171,87,94,979.436532244281,831.3631146366438,910.2671526888249,952.7860346231381
2019-08-15,1216,1216,699,934,978.9844274458304,841.1380560998206,911.1978525833808,952.4140339375314
2019-08-16,1608,1776,1608,1719,986.3477664762202,924.7439555188853,942.8763681683463,967.5939540575803
2019-08-19,1658,1658,1528,1529,991.7472911878996,982.2921502313724,965.8616086323327,978.7109054623807
2019-08-20,460,795,454,578,987.6304027183683,943.7881359236226,950.6513494702805,970.776036047284
2019-08-21,1568,1655,1359,1399,991.7236325420661,987.1416467880395,968.2336494910538,979.2557185017932
2019-08-22,1368,1383,564,853,990.3432978899062,974.3662518558452,963.7146828443458,976.7556052641339
2019-08-23,360,884,116,124,981.7229665676186,893.3789897743362,930.7846952818225,959.8693556549431
2019-08-26,1746,1746,1262,1425,986.1336833181896,944.0095621767804,950.1656876237117,969.079863463756
2019-08-27,1578,1578,423,488,981.177129255322,900.5800800647061,932.0415430110172,959.5535295337806
2019-08-28,516,1583,516,1483,986.1703916507914,956.0486438680674,953.6477570105851,969.9188061766761
2019-08-29,1740,1740,1621,1654,992.8154623806342,1022.5202015949181,981.1125508533073,983.4649684306032
2019-08-30,1540,1540,805,1106,993.9416766853045,1030.4706585858783,986.0100978786678,985.8914046993042
2019-09-03,243,598,243,577,989.7930032854507,987.2829768157947,969.9704861971514,977.7945452003081
2019-09-04,1744,1744,1524,1603,995.8945654418144,1045.9226933095285,994.7951730129495,990.1748512359455
2019-09-05,1556,1607,1451,1470,1000.6120324523436,1086.3110082324306,1013.4306564242064,999.6763393302832
2019-09-06,1200,1290,956,1032,1000.9243505373948,1081.1385312579134,1014.1588659761983,1000.3164118187924
2019-09-09,1239,1325,1193,1319,1004.0892823728436,1103.7920044714456,1026.1134202516414,1006.6269779213906
2019-09-10,863,1355,843,1314,1007.1729711054521,1123.811813569403,1037.4030900456946,1012.7135724179967
2019-09-11,942,1498,942,1496,1012.0369216417163,1159.2583075151742,1055.3872825929222,1022.2836006869472
2019-09-12,899,1094,659,962,1011.5390418243858,1140.4718020375385,1051.7250362167292,1021.089866019879
2019-09-13,1363,1443,1053,1055,1011.9714891694167,1132.3316304149157,1051.8534661690144,1021.7613538214655
2019-09-16,646,1141,646,998,1011.8324693766862,1119.5381418039713,1049.7415655349355,1021.2908319636147
2019-09-17,565,921,565,914,1010.8590119699529,1099.9630806797836,1044.4183668865066,1019.1662610336421
2019-09-18,586,732,402,715,1007.9151412040827,1063.2999301388518,1031.499999557624,1013.1431667557482
2019-09-19,1371,1374,820,827,1006.1149905453357,1040.7951748875325,1023.4803917318349,1009.4571634536542
2019-09-20,1349,1349,782,841,1004.4720553160289,1021.7670629934818,1016.3242979384296,1006.1213780387303
2019-09-23,424,1158,424,980,1004.2285522780585,1017.789247470293,1014.8998156663343,1005.6041230280624
2019-09-24,2,1141,2,458,998.7934423051424,964.4759858064556,993.060607208831,994.7604770275067
2019-09-25,979,1374,797,1337,1002.1586816851908,999.9544633486979,1006.5484265339749,1001.5374972843878
2019-09-26,846,898,522,753,999.6794908226516,976.4349906488219,996.6053509836229,996.6159626846969
2019-09-27,1216,1265,576,762,997.3145207647148,956.0126105870294,987.4051411411278,991.9701020374752
2019-09-30,1186,1289,977,1101,998.3462170755137,969.8209333882646,991.8598414885346,994.1291099179211
2019-10-01,1354,1354,277,294,991.3377970051106,905.4570349703347,964.4927888811411,980.2651671472693
2019-10-02,228,388,178,356,985.0160278806816,853.1277935445885,940.6303265720768,967.9034806691055
2019-10-03,751,1251,322,1218,987.3342763594808,887.877527492723,951.5075686672894,972.8558869924896
2019-10-04,1440,1514,920,1512,992.5548308235656,947.3177629696065,973.4876640136703,983.5320080421433
2019-10-07,452,1157,342,659,989.2358772830326,919.8589284010726,961.1548144445068,977.1056316452691
2019-10-08,232,539,193,306,982.4375103448929,861.3961733152562,935.4624687800163,963.81641121665
2019-10-09,1612,1612,1121,1301,985.6072863613616,903.2632044280889,949.7972739258979,970.4933139648351
2019-10-10,1107,1454,1107,1260,988.33756211896,937.2381373396995,961.9620867131176,976.2261196288978
2019-10-11,1670,1749,1579,1579,994.2148003068311,998.3583147359186,986.1596519400542,988.1622360718899
2019-10-14,462,783,435,705,991.337041099798,970.4194276182121,975.1337832365227,982.5550630803673
2019-10-15,1063,1506,1063,1339,994.796374024178,1005.5223392736204,989.403046639012,989.6133786629342
2019-10-16,791,1179,791,963,994.4799921930917,1001.4725926761328,988.3676330453253,989.0863810656484
2019-10-17,1381,1581,1236,1350,998.0175047085833,1034.6656790879297,1002.5492944945282,996.2331854009822
2019-10-18,713,1053,656,954,997.5795195871049,1026.9832334605078,1000.645400592782,995.3968846999726
2019-10-21,1537,1537,1376,1406,1001.6434049643476,1063.0800683690309,1016.5416593930651,1003.527639458389
2019-10-22,985,1254,811,1041,1002.0350128751501,1060.9772047148374,1017.5008100051017,1004.2696663998071
2019-10-23,794,1222,794,1222,1004.2237192147008,1076.31270902771,1025.520386083333,1008.5811581542663
2019-10-24,1210,1210,662,801,1002.2015926553506,1050.0924510250711,1016.7156650604572,1004.4706401710135
2019-10-25,751,1322,751,1164,1003.8115270567899,1060.9407890226835,1022.4915213325962,1007.62963739535
2019-10-28,1446,1477,1160,1160,1005.3656412154288,1070.3749995919518,1027.8840106921023,1010.6468722984123
2019-10-29,585,1207,585,1057,1005.8794159297031,1069.101190107004,1029.0258141943727,1011.5647560152754
2019-10-30,701,936,552,908,1004.9054913930892,1053.7582196206226,1024.2797038338092,1009.5139687674482
2019-10-31,605,618,382,618,1001.0556855085808,1012.257436799611,1008.3471664285618,1001.761216910667
2019-11-01,1517,1609,1426,1489,1005.9108528169531,1057.6614904377434,1027.1962971568535,1011.4095096451092
2019-11-04,1459,1459,1193,1219,1008.031142838675,1073.027062777006,1034.7180109938397,1015.520212424414
2019-11-05,1200,1267,907,966,1007.6129225119221,1062.8340091791958,1032.023187033297,1014.5396141585841
2019-11-06,659,975,659,819,1005.736177014291,1039.611722590701,1023.669336561403,1010.6675425910873
2019-11-07,1434,1434,968,1030,1005.9776080887757,1038.6963204392057,1023.9175978727205,1011.0503635298777
2019-11-08,596,959,596,937,1005.2912637296834,1029.0109565878527,1020.5090646228099,1009.5840196976029
2019-11-11,504,824,504,824,1003.4873705582437,1009.4861035794858,1012.8028267944644,1005.909088614482
2019-11-12,951,1263,814,853,1001.9899837865199,994.5826651433442,1006.5360492731129,1002.8811858696408
2019-11-13,435,835,435,769,999.6716754901366,973.098601796359,997.220910085932,998.2498752583608
2019-11-14,970,1212,954,1027,999.9435991171005,978.2320682919438,998.3887175335425,998.8191846591853
2019-11-15,1463,1463,1102,1262,1002.5511254940448,1005.257585597473,1008.7264148851683,1004.0306859530629
2019-11-18,674,829,674,804,1000.5754924045518,986.0901964929518,1000.6979280269264,1000.0696822708239
2019-11-19,1080,1080,790,900,999.5747412363473,977.8911301602898,996.7489896729293,998.0881044040749
2019-11-20,586,1028,520,728,996.8725050051399,954.0919749069288,986.2098136073242,992.7398251089447
2019-11-21,819,922,503,770,994.6150671443922,936.5594058681737,977.7309973874292,988.3291355028271
2019-11-22,1354,1354,904,1145,996.1114346354929,956.4108910235857,984.2905661173339,991.4315288592068
2019-11-25,1465,1621,1465,1543,1001.5531119028013,1012.2765204499109,1006.2007399950855,1002.3536768025888
2019-11-26,780,1156,780,997,1001.5078073067535,1010.8216137403956,1005.8399266619449,1002.2476634005574
2019-11-27,1188,1311,1062,1296,1004.4380778808157,1037.9814600508341,1017.2187530673589,1008.0645413530216
2019-11-29,498,808,498,564,1000.0556094441907,992.8403686174214,999.4454686333448,999.2711840985063
2019-12-02,902,912,442,444,994.5227178079301,940.5698573205241,977.6632933928215,988.2757151064567
2019-12-03,324,669,297,645,991.0448798197915,912.4203470995218,964.6176740440834,981.4781761934576
2019-12-04,1571,1644,1360,1361,994.7260252942215,955.1422188043292,980.1620789835312,988.9934598331911
2019-12-05,1328,1328,935,1123,996.0023832514929,971.1286741562978,985.7635660822162,991.6470546879793
2019-12-06,1654,1678,1515,1515,1001.1665386420253,1022.9259432842695,1006.5179360397764,1002.0104793476233
2019-12-09,818,1076,818,884,1000.0007024366321,1009.69490106672,1001.71331109704,999.6736381724229
2019-12-10,695,1050,695,888,998.8862675865164,998.1049104889372,997.2539655638227,997.4622790006918
2019-12-11,1115,1160,905,1113,1000.0217276105311,1009.0472999661813,1001.7930257377905,999.7501546640444
2019-12-12,1424,1567,1188,1295,1002.956834798486,1036.2808904455926,1013.2913384539555,1005.5966862548554
2019-12-13,752,1161,607,821,1001.1463190293468,1015.7779484983934,1005.7505016518396,1001.9413063290167
2019-12-16,1524,1535,1330,1333,1004.4483457056717,1045.9895724509274,1018.5838153125518,1008.4969240254718
2019-12-17,1078,1149,999,1111,1005.5085611712869,1052.1810417413153,1022.2079794179419,1010.5266879061555
2019-12-18,1229,1229,909,1149,1006.9363366820204,1061.401894908809,1027.180215519199,1013.2687336901921
2019-12-19,991,1149,946,1116,1008.0215472622988,1066.6017144413033,1030.6633443223677,1015.3030161913764
2019-12-20,1352,1352,1105,1143,1009.3646164437685,1073.8777416373696,1035.0687033685494,1017.8316693361016
2019-12-23,701,1017,701,949,1008.7639734940792,1061.9846233861915,1031.6934600991947,1016.4686659829115
2019-12-24,942,1124,942,1023,1008.9056254991133,1058.2718021113162,1031.3525400953047,1016.5979993297846
2019-12-26,1281,1319,1040,1216,1010.9662660414107,1073.2935352435718,1038.5936169543124,1020.5465537985017
2019-12-27,1129,1129,711,755,1008.4193380210982,1042.9798652203744,1027.4722986423785,1015.2882061985314
2019-12-30,648,1040,555,797,1006.3156630159131,1019.5532113898626,1018.4341692838539,1010.9656674619268
2019-12-31,1160,1412,1100,1229,1008.5314275630184,1039.500524590828,1026.6916528413499,1015.2831789973342
2020-01-02,1348,1348,714,1023,1008.6753934579137,1037.9290460583682,1026.5468821416891,1015.4359873340206
2020-01-03,443,795,443,768,1006.2806134235067,1012.2215178623331,1016.407788724368,1010.5362648125549
2020-01-06,574,1073,531,1013,1006.347472991432,1012.2956590183014,1016.2741499508634,1010.5850516479499
2020-01-07,508,837,490,704,1003.3390404243531,982.934167683225,1004.0281048547511,1004.5140605262083
2020-01-08,1108,1207,882,1022,1003.5247216141605,986.6547231419655,1004.7328850565256,1004.860316753412
2020-01-09,980,1136,975,1035,1003.8379084637709,991.2590352236831,1005.9198307405834,1005.4571421642355
2020-01-10,645,1034,645,748,1001.2922576332855,968.0915080595228,995.805327574286,1000.3589809332606
2020-01-13,967,1370,967,1356,1004.8216879055911,1005.0351739586158,1009.9306088458826,1007.4013773504237
2020-01-14,706,1211,695,1020,1004.97271588663,1006.4603954863667,1010.3254869303578,1007.650855026653
2020-01-15,1215,1257,923,1055,1005.4704998081561,1011.0832149638555,1012.0774286193633,1008.5884618578083
2020-01-16,1620,1620,1451,1488,1010.2717883672789,1056.503861157774,1030.7410588695843,1018.0817596428021
2020-01-17,1178,1178,872,927,1009.4432133586492,1044.170160095129,1026.6727820511692,1016.2781604419546
2020-01-21,431,710,431,641,1005.77711173319,1005.773001990831,1011.5483592256331,1008.8469097401337
2020-01-22,1336,1336,798,850,1004.2270907209195,990.9374779917042,1005.2131294520789,1005.701426378943
2020-01-23,303,1046,303,955,1003.7372689227013,987.5148610401134,1003.2439871206248,1004.6974377377758
2020-01-24,792,792,245,386,997.5906294309332,930.2277314172454,979.0383405668748,992.4460033271267
2020-01-27,152,391,139,269,990.3409714266453,867.2536617584601,951.1936997603307,978.1203398949064
2020-01-28,1413,1573,1375,1387,994.2878274323504,916.7533130195592,968.2841429069844,986.2169668276805
2020-01-29,1249,1249,707,747,991.8272520350135,900.5863308272202,959.6063333812202,981.4799971875284
2020-01-30,508,935,314,932,991.2319559948642,903.5781088436754,958.5237320721527,980.5001952630229
2020-01-31,394,394,162,196,983.3192002138207,836.1897175252301,928.6208406183428,964.9655379310818
2020-02-03,1491,1550,1260,1283,986.3010987191559,878.7430777609225,942.5180625548784,971.2632500512584
2020-02-04,1683,1683,1435,1435,990.7657644035424,931.7199274979774,961.8310797095891,980.4461559908375
2020-02-05,1515,1534,1451,1518,996.0118762005221,987.5561248791224,983.6416256033307,991.0907865652764
2020-02-06,939,1043,795,795,994.0117580293727,969.217446319206,976.2439147953569,987.2078006926967
2020-02-07,395,552,366,468,988.7778101882844,921.4824514316626,956.3127808818135,976.9264581047224
2020-02-10,785,1061,711,1061,989.4964389426299,934.7698370095995,960.4181620237032,978.5912807165101
2020-02-11,1498,1585,1304,1339,992.974086316335,973.26794777059,975.264508611009,985.7280870389554
2020-02-12,1372,1372,1263,1287,995.8997172982621,1003.1471908400576,987.4894298419498,991.6938674936296
2020-02-13,759,997,534,913,995.0748444893242,994.5617440933855,984.5682757305008,990.1355730878151
2020-02-14,942,1000,738,910,994.2283286237588,986.5082446559203,981.6440296234223,988.5487300563733
2020-02-18,824,918,543,725,991.5494397817313,961.6026975458326,971.5795578734842,983.3299433225837
2020-02-19,1271,1271,1055,1073,992.3598931172364,972.2119644462294,975.5568301137397,985.1055880092653
2020-02-20,963,1217,693,1073,993.162282240448,981.81082497516,979.378130893593,986.8460714150224
2020-02-21,405,645,367,547,988.7228565465132,940.4002702156209,962.422125760511,978.1362482186853
2020-02-24,79,154,79,128,980.158450013712,863.0288159093714,929.6996894561772,961.30186706584
2020-02-25,676,676,100,112,971.5200574762622,791.5022620132407,897.6330349676997,944.4840083120611
2020-02-26,1459,1467,509,509,966.9178678496327,764.5972846786464,882.3925237924958,935.8605626029114
2020-02-27,127,745,81,174,959.0281378212782,708.349924233061,854.612424820241,920.7742148285963
2020-02-28,122,591,122,590,955.3562160519123,697.0785028775314,844.2354669841532,914.2242303765449
2020-03-02,724,1518,688,1518,960.9546616633361,775.2615026034807,870.6576055337943,926.1801862106728
2020-03-03,482,1490,237,353,954.905361547283,735.0461214031492,850.357307277567,914.8300835134318
2020-03-04,1456,1629,1172,1626,961.5829201388523,819.8988717457064,880.7746677764859,928.9126561171262
2020-03-05,96,242,96,176,953.7661746648339,758.5751696746868,853.1364455107414,914.0034946098564
2020-03-06,64,396,64,349,947.7486007875718,719.56801065805,833.3663888240457,902.81530659778
2020-03-09,23,71,23,47,938.7859281429194,655.5139144049024,802.5284912231027,885.8684688433685
2020-03-10,1686,1773,767,1576,945.1263666688604,743.1792558901498,832.8607072535693,899.5344397573613
2020-03-11,81,151,63,77,936.4882933686728,679.7336124720402,803.2191108906843,883.2466290690967
2020-03-12,27,117,21,61,927.7769670664969,620.8066017604174,774.1124790910496,866.9645176023819
2020-03-13,1646,1747,945,1688,935.3413753543924,722.4440682594252,809.9512054012046,883.2226459666912
2020-03-16,21,166,19,89,926.9200681369358,662.1160617585275,781.6786091109612,867.4954648584398
2020-03-17,650,1452,650,1262,930.2541968121902,719.2478654005726,800.514742087002,875.307435851342
2020-03-18,79,207,62,161,922.5999261971435,666.0814020290894,775.435732593394,861.1627341513155
2020-03-19,377,1467,377,1403,927.3800264339878,736.2641256453667,800.0460960211041,871.8921849602003
2020-03-20,1113,1395,611,628,924.4011206983263,725.9532565362841,793.2991902947863,867.0626367431666
2020-03-23,296,715,296,558,920.7553384028206,709.9577082947333,784.0717710675398,860.9425845304306
2020-03-24,1842,1842,1659,1781,929.3149867769218,811.9617360761872,823.1669957315578,879.1615432526003
2020-03-25,1508,1717,726,1396,933.9586187492907,867.5844278784551,845.631035114634,889.3959681386874
2020-03-26,1496,1762,1442,1635,940.9341548811386,940.6716252233641,876.586680796413,904.1604044131689
2020-03-27,85,582,85,363,935.1835662753562,885.6552799639961,856.446026647534,893.4443568010269
2020-03-30,561,1128,561,1127,937.0921875064471,908.6404913959965,867.0559863868465,898.0692210227887
2020-03-31,852,1153,623,820,935.9270911133481,900.198539834473,865.2106535873623,896.5232958540206
2020-04-01,94,219,94,141,928.0173688137128,827.8939169930945,836.8102357996227,881.5624385103766
2020-04-02,1201,1572,714,1155,930.2759024573575,859.0468772794665,849.2882657682649,886.977043688389
2020-04-03,903,903,221,426,925.25823178614,817.8043175385649,832.6887259342153,877.8487853975298
2020-04-06,1797,1829,1737,1755,933.5143687832928,907.0610492015587,868.8577955054226,895.2181163797569
2020-04-07,1779,1779,1144,1212,936.2853700889316,936.1028540395055,882.3143525444257,901.4910249662963
2020-04-08,1533,1710,1343,1690,943.7850181477481,1007.9025822262192,913.9882995034678,917.1050640758746
2020-04-09,1770,1784,1385,1571,950.0259632408054,1061.5309077284842,939.753464228822,930.0534786486295
2020-04-13,341,516,288,490,945.4485904722401,1007.0993927067237,922.1160734747506,921.3395483783596
2020-04-14,1750,1756,1212,1343,949.4043258904268,1039.089926734655,938.6213254953486,929.6892602916594
2020-04-15,78,215,73,185,941.7983126974872,957.748028950402,909.0675480249428,914.9429383056859
2020-04-16,756,756,348,641,938.8052946606963,927.5815500027447,898.5550951612195,909.5183256659693
2020-04-17,1745,1750,1636,1707,946.4490230720327,1001.8118785739119,930.2588169196031,925.3100419894155
2020-04-20,259,771,259,399,941.0017691111169,944.4012234716346,909.4251378247167,914.8880609599221
2020-04-21,179,426,179,362,935.2405574781704,888.9344402838599,887.9574853610023,903.9397825250721
2020-04-22,1704,1704,1297,1333,939.1983628763976,931.2263983520637,905.4101329939042,912.4360244552687
2020-04-23,1473,1636,1201,1204,941.8332050368315,957.2048366042482,917.1195395431629,918.2095685254613
2020-04-24,1266,1371,670,1253,944.9293920513903,985.3758045467007,930.2913223061761,924.8390820200067
2020-04-27,1433,1707,1433,1665,952.0942737225207,1050.1019183993958,959.103427313777,939.4957338611947
2020-04-28,1688,1698,1244,1420,956.7500520934409,1085.3303071232629,977.1778027132368,949.0106698243394
2020-04-29,1680,1732,1648,1665,963.7973152566902,1140.536944540095,1004.1512222146785,963.1886763624713
2020-04-30,236,436,236,313,957.3217200800068,1061.723902202943,977.0472527160637,950.3136530681649
2020-05-01,163,181,118,179,949.5772253528426,977.654959135996,945.7512820213161,935.0401153836467
2020-05-04,243,829,243,828,948.3675017174909,963.4021058849488,941.1335846871468,932.9205091384259
2020-05-05,1683,1686,988,988,948.7618549342322,965.7447624673347,942.9714833268665,934.0111921257839
2020-05-06,930,930,431,478,944.0776573726976,919.2928803275885,924.7373075101267,924.9812675292337
2020-05-07,1657,1657,1394,1401,948.6241483441135,965.1697488678182,943.4142758430629,934.4073810435063
2020-05-08,1684,1706,1608,1652,955.6229130372069,1030.5821537375498,971.2019513001977,948.617135874328
2020-05-11,311,671,303,500,951.0893517134537,980.0505200482594,952.7234434060723,939.7336282332523
2020-05-12,614,783,287,287,944.4814974675486,914.0457086150918,926.6166417038734,926.8082098523957
2020-05-13,274,498,131,215,937.2229751046874,847.469926842226,898.710106735094,912.7129977761107
2020-05-14,99,1210,86,1209,939.9272241086209,881.9013623810616,910.8783378435216,918.5800671270788
2020-05-15,679,1200,679,1115,941.6692417791819,904.1012326304843,918.8831089084816,922.4695707483247
2020-05-18,1819,1819,1751,1753,949.7421846470507,984.948734284724,951.593575225796,938.9157178622193
2020-05-19,466,1034,375,504,945.3069390286721,939.1440929242741,934.040886001255,930.303525429304
2020-05-20,1713,1713,1492,1546,951.2839844114714,996.9398935981527,958.0392826286568,942.4955348267436
2020-05-21,1219,1219,550,893,950.7040442680736,987.0408561126144,955.4887225255723,941.515425226214
2020-05-22,597,923,419,921,950.4084816385406,980.7512507685559,954.1362236030008,941.1091791821306
2020-05-26,1765,1765,1604,1624,957.1108848063163,1042.0130364096458,980.4053913048439,954.6317696933755
2020-05-27,1535,1553,1020,1553,963.0401297336167,1090.678461513489,1002.8600818419088,966.4806455410314
2020-05-28,736,924,528,560,959.0297801840285,1040.1376556550615,985.4930198088928,958.4315238471496
2020-05-29,414,805,364,707,956.5220211772222,1008.410259878389,974.5717249144263,953.4526817907704
2020-06-01,1301,1577,1301,1411,961.0441901207324,1046.752139889971,991.6865592315077,962.5130247256067
2020-06-02,1504,1525,1316,1402,965.4318101195311,1080.5852694242594,1007.7772823988995,971.2157371072778
2020-06-03,1652,1663,1575,1586,971.6066179790382,1128.720005669568,1030.4526830891386,983.3896829071338
2020-06-04,425,1185,425,1121,973.0931192926796,1127.984767034371,1034.0035582621135,986.11463968125
2020-06-05,1763,1772,1671,1694,980.2663220857872,1181.8909796977644,1059.8857716635994,1000.13217156875
2020-06-08,1606,1606,1468,1532,985.7562094282172,1215.234695917025,1078.400055127772,1010.6642077753094
2020-06-09,200,363,156,262,978.5546551055484,1124.4504391630226,1046.3843666913888,995.8391739579765
2020-06-10,399,520,229,331,972.1113252040007,1048.8837306713062,1018.3300778015304,982.6740418003928
2020-06-11,40,78,33,34,962.7768841571947,952.228137274039,979.7288982799017,963.8884172102861
2020-06-12,1848,1848,1024,1602,969.1373131705559,1014.1111718193686,1004.1316865826507,976.5242901368151
2020-06-15,93,1418,93,1328,972.708086173834,1044.0053459318096,1016.83240475588,983.4842051836108
2020-06-16,1807,1807,1390,1557,978.5219360626515,1092.8619796525898,1038.0154477066299,994.8409535958166
2020-06-17,686,751,422,434,973.1038073456102,1030.1132196856765,1014.3285674044091,983.7351921384737
2020-06-18,524,1105,524,736,970.7445654814748,1002.1024368584692,1003.413721623844,978.829544769395
2020-06-19,1509,1509,443,569,966.747107118475,960.8545857290912,986.3778894033011,970.7141082393081
2020-06-22,360,1082,360,1019,967.2670364008783,966.3922442310826,987.6571878580736,971.670264511797
2020-06-23,1660,1660,1000,1001,967.6026877799741,969.6882209709795,988.1804353930511,972.2510513531475
2020-06-24,205,205,53,117,959.138979443855,888.4798189737434,954.0164967501863,955.3153869699169
2020-06-25,294,1345,294,1345,962.9783925837171,931.9579314524344,969.3491831521397,963.0319139606115
2020-06-26,393,397,133,312,956.5009956425856,872.914318933155,943.5707838128401,950.1401928920845
2020-06-29,1160,1662,1160,1595,962.85421956654,941.684383796664,969.1170275848856,962.9096940229343
2020-06-30,732,1365,598,1313,966.3382571827933,977.0477758160293,982.6026343462627,969.8421753294109
2020-07-01,1472,1472,631,727,963.9567819869446,953.2337019287885,972.5790016268014,965.0334193822939
2020-07-02,1722,1742,1079,1110,965.4099483353333,968.1638255546181,977.9680603865347,967.9040447410604
2020-07-06,1760,1760,1200,1378,969.515321983738,1007.1958421684641,993.6555874302001,976.0247567263859
2020-07-07,238,540,238,301,962.863428232656,939.9390952952771,966.4926232172511,962.6579298605169
2020-07-08,1009,1432,595,1071,963.9394140213858,952.4210862195364,970.5909517185354,964.8033173880315
2020-07-09,474,520,157,313,957.4624049266456,891.5238399129139,944.803071258985,951.8963210041101
2020-07-10,1273,1485,1059,1478,962.6418834845895,947.3787123021602,965.7127547390248,962.3142156376921
2020-07-13,1161,1485,714,716,960.1877353902155,925.3426444638593,955.9200976904356,957.4367064171437
2020-07-14,924,1413,814,1411,964.6734295654372,971.5957259434917,973.7663683692421,966.41815777522
2020-07-15,1688,1723,1535,1645,971.4428481767264,1035.7294663298258,1000.0892558841738,979.855421977691
2020-07-16,314,996,314,737,969.1100835182516,1007.2790409650804,989.7720301632257,975.046403720707
2020-07-17,1166,1328,736,948,968.9000329359804,1001.6334180160252,988.1339113332953,974.5108313698018
2020-07-20,661,687,468,603,965.2592365883587,963.6683305859276,973.0306206927738,967.1541812436672
2020-07-21,1644,1691,1451,1485,970.4307864730516,1013.3189657682202,993.1078512538415,977.4085538923074
2020-07-22,563,1164,563,1123,971.9488881001854,1023.7647785521992,998.2016610085929,980.291552825133
2020-07-23,912,1254,726,858,970.815068318094,1007.9776567853231,992.7035566553147,977.8699379177045
2020-07-24,669,814,394,451,965.642779081098,954.9321656629114,971.4602799237338,967.4368698401262
2020-07-27,709,1145,685,1142,967.3975772991964,972.7481498854913,978.1481120835873,970.8935654868563
2020-07-28,853,978,647,716,964.8961088683586,948.2959451344922,967.8677939626623,965.846168150483
2020-07-29,1438,1545,1169,1533,970.5488839044943,1003.9820455978738,990.0298412582441,977.0769370979982
2020-07-30,201,539,177,500,965.8668054576834,955.9837555409334,970.8129847383129,967.6298690366517
2020-07-31,614,619,229,617,962.395493960592,923.6995883465588,956.9379657289674,960.6867033131537
2020-08-03,1000,1239,812,1178,964.5408124286458,947.918675170696,965.607065112145,964.989936910913
2020-08-04,968,1224,801,1224,967.1224958870673,974.2121346782487,975.740121382257,970.1188490512909
2020-08-05,1568,1568,1202,1335,970.7829685648079,1008.5728837565108,989.8287440731489,977.3442183770079
2020-08-06,809,1038,662,850,969.5811479820735,993.4707043511288,984.3452639134175,974.822550686374
2020-08-07,559,1266,559,1265,972.5206390469285,1019.3306372700689,995.3513319952443,980.5686387915944
2020-08-10,1454,1502,1353,1355,976.3264038325312,1051.2991480062528,1009.4552013287641,987.9831211917608
2020-08-11,1562,1562,896,975,976.3132057844464,1044.032562481848,1008.1040169629302,987.726029683013
2020-08-12,1672,1672,960,1128,977.8225271199245,1052.0294612931004,1012.8058202192859,990.5037320655276
2020-08-13,441,972,441,650,974.560611427189,1013.740941169948,998.5781409950002,983.7610839058142
2020-08-14,456,1180,394,962,974.4356302189582,1008.8132324870958,997.1437040932356,983.3301713532238
2020-08-17,959,966,749,850,973.1974647441426,993.6881627264199,991.3733627562459,980.6899699402887
2020-08-18,858,866,429,539,968.8770919606188,950.3845281810466,973.6332308834519,971.9436339018672
2020-08-19,837,1234,837,987,969.0574194037968,953.8717159733278,974.1574179076302,972.2417797651966
2020-08-20,655,726,617,642,965.803116723162,924.1696477853918,961.1316368132134,965.7023385817274
2020-08-21,672,681,414,593,962.0936329746728,892.6296813296402,946.6951020362246,958.3220942533763
2020-08-24,1473,1473,1113,1457,967.0180744376114,946.3792354887221,966.7070588191177,968.196904268161
2020-08-25,1322,1322,494,890,966.2517254382321,941.0097844897962,963.6989388654268,966.6484507182964
2020-08-26,551,819,541,635,962.9556883691951,911.865995490768,950.808784400116,960.0811546644687
2020-08-27,1343,1364,950,1109,964.4088655993523,930.6406625868854,957.0123614824644,963.0300426909149
2020-08-28,1347,1406,967,1401,968.7530559913986,975.4367899595629,974.4236414243285,971.702715112877
2020-08-31,411,493,348,370,962.7953141407379,917.7761432967474,950.7207535253352,959.787809863117
2020-09-01,478,1174,478,1174,964.8968533035167,942.1784153637238,959.4768024066947,964.029635410382
2020-09-02,885,1333,773,1294,968.171511479601,975.6852329481311,972.5953591750596,970.5637020359189
2020-09-03,916,1076,312,379,962.3091083803015,918.858067905452,949.3171097956455,958.8495693223364
2020-09-04,1456,1456,402,859,961.2811570531343,913.1572995335042,945.775262352679,956.8723501278347
2020-09-08,160,644,141,347,955.1689067341977,859.2375567207895,922.293879515319,944.7956699272835
2020-09-09,1518,1519,1123,1296,958.5602608960464,900.8339798902381,936.9490214951104,951.7502111168423
2020-09-10,1203,1262,371,373,952.7337906383743,850.5640770435488,914.8333735933413,940.2898108967067
2020-09-11,1110,1146,656,903,952.2389270499328,855.5579744679727,914.3693197269358,939.5513987997423
2020-09-14,1499,1639,1491,1562,958.306201407645,922.8381673757848,939.7666013062717,951.8771136749949
2020-09-15,1520,1520,901,929,958.014597413539,923.425008578091,939.3443816472022,951.4241015230148
2020-09-16,1243,1542,1144,1196,960.3826113696232,949.3845315706537,949.4093078571159,956.267188621569
2020-09-17,127,832,127,761,958.398704788831,931.4431476115438,942.0207075489938,952.4005116191616
2020-09-18,970,1063,382,542,954.2554340944148,894.3533240294921,926.333620978445,944.2737688148218
2020-09-21,102,238,87,238,947.1285143521818,831.843483645731,899.3401456459569,930.2881496303698
2020-09-22,1379,1464,720,1042,948.0725092342497,851.8583899651852,904.9346497382724,932.5002654792734
2020-09-23,1167,1234,171,172,940.3503947145059,787.1099718732628,876.1921144544185,917.440854281664
2020-09-24,408,1501,239,1051,941.451385811874,812.2423555043806,883.0473256522845,920.0855898404429
2020-09-25,518,1431,518,1350,945.5165461520544,863.4573692658681,901.3591952345479,928.5987464772659
2020-09-28,1776,1776,1652,1652,952.5462322599941,938.5566674310236,930.7960895390754,942.9235237747457
2020-09-29,763,835,404,561,948.6502498494469,902.59888958045,916.2942821061705,935.3606817198003
2020-09-30,1452,1605,843,1075,949.9074612937311,919.0180429537404,922.5180357490658,938.1258167352497
2020-10-01,1455,1486,816,1250,952.8934567037437,950.5401341010032,935.3604657196906,944.3015431365319
2020-10-02,106,1383,106,1299,956.3373029056966,983.7267879961457,949.6208396130361,951.3252749556104
2020-10-05,1671,1671,1374,1528,962.0254889464359,1035.5623319965127,972.3023753144856,962.744576441638
2020-10-06,1480,1499,605,606,958.4829467678644,994.6516337111306,957.937576282545,955.6803274031897
2020-10-07,1656,1656,1331,1458,963.4532657054976,1038.7800495481658,977.5478674087198,965.6272516130275
2020-10-08,1614,1614,1330,1541,969.1999993800698,1086.610521019769,999.6440294711228,977.0207713830665
2020-10-09,1641,1641,840,947,968.9791038638502,1073.314280922648,997.5795577271573,976.4263006626097
2020-10-12,974,1240,925,1165,970.9295605418218,1082.0462541681102,1004.1450652672688,980.160433322756
2020-10-13,405,503,343,454,965.7859828249877,1022.2323251997187,982.5707489822779,969.7414148411173
2020-10-14,1257,1419,744,744,963.5791571252366,995.7340085140312,973.2150333359141,965.2712878145605
2020-10-15,110,1227,110,1189,965.822150586677,1014.1402934174567,981.6771888913685,969.7015593429851
2020-10-16,1042,1167,787,806,964.2318804315858,994.31740833008,974.7878873662168,966.4599443064903
2020-10-19,1222,1406,405,416,958.7768368452018,939.2395599176914,952.8746368812671,955.5597473895301
2020-10-20,1620,1620,1278,1287,962.0427389661451,972.3596018302923,965.9775922976879,962.1229207085494
2020-10-21,867,1097,713,742,959.8532589764321,950.4205921321692,957.1941573056217,957.7640509915484
2020-10-22,1233,1434,886,1388,964.1134255537811,992.094821452915,974.0885040779503,966.28357473429
2020-10-23,1472,1472,935,1226,966.7192621154351,1014.371505124066,983.9673862709719,971.4264742445021
2020-10-26,183,232,97,201,959.1001649799581,936.9075522551072,953.2627828877966,956.1705044574823
2020-10-27,778,852,453,453,954.0643424428441,890.8211187070018,933.6446345392555,946.2067320919875
2020-10-28,71,190,71,129,945.8547469956517,818.2667264491921,902.0899429886965,930.0244205654135
2020-10-29,649,1437,419,1324,949.6173863290282,866.4318001206976,918.6354354205123,937.8259171878806
2020-10-30,799,799,334,664,946.7754222859534,847.1525810615835,908.6497320706883,932.4036217980215
2020-11-02,1619,1653,1399,1562,952.8970598751479,915.233287627147,934.2713112051711,944.870876811922
2020-11-03,1726,1781,1565,1634,959.6742035579822,983.6872602340853,961.7116519422232,958.5169980631711
2020-11-04,670,1102,572,739,957.4784403384998,960.3837116403629,952.9778616699791,954.1701268143954
2020-11-05,1643,1728,1569,1582,963.6925852107536,1019.5852629127093,977.6453965064505,966.6024015309421
2020-11-06,1094,1096,652,695,961.019027148955,988.6723807305465,966.5612633101191,961.2241361540918
2020-11-09,1704,1704,1462,1462,966.0039124509555,1033.7512016133517,985.9902333763889,971.1404898936147
2020-11-10,1325,1416,1186,1390,970.222778993732,1067.6796586025562,1001.8337536361383,979.4347376184936
2020-11-11,1093,1093,695,829,968.8175772126999,1044.9482625451699,995.0559593758976,976.4558319230779
2020-11-12,379,603,263,327,962.4313326633198,976.572237540868,968.8576864591957,963.5953203998486
2020-11-13,1608,1707,1555,1665,969.422065671645,1042.1367863464995,996.1573850294234,977.4845219760891
2020-11-16,1619,1656,1528,1616,975.8556769584943,1096.790425742071,1020.4649385576813,990.1283928280477
2020-11-17,344,1168,297,1020,976.2949239539322,1089.4770518618736,1020.4467056730664,990.7199098017497
2020-11-18,1158,1291,591,591,972.4611436160822,1042.0030469226476,1003.6056583917697,982.8046640631012
2020-11-19,488,1176,488,1174,974.466505371146,1054.5741853109669,1010.2877894352297,986.5907103192774
2020-11-20,718,884,649,842,973.1484306908361,1034.3290248051605,1003.688268280907,983.7275279367175
2020-11-23,1611,1635,1444,1490,978.2912323755044,1077.7262605380024,1022.7593165836165,993.7527254033172
2020-11-24,1658,1658,1537,1556,984.0395783220167,1123.276140486764,1043.6707159332786,1004.8863348012713
2020-11-25,484,734,419,693,981.1436621198076,1082.2974604404055,1029.9189231515813,998.7103677755036
2020-11-27,922,985,711,902,980.3561629942374,1065.1262737317954,1024.9024947926957,996.7953109878699
2020-11-30,607,607,265,394,974.5217733127026,1001.2094857573387,1000.1612204870999,984.858770176229
2020-12-01,1706,1706,1340,1364,978.3971785533722,1035.760963304259,1014.4294079189783,992.3665173014522
2020-12-02,374,1167,374,1119,979.7962116025924,1043.6884906086152,1018.5302154515674,994.8741110182551
2020-12-03,1179,1470,1123,1213,982.1166473080392,1059.8133962649376,1026.1564815122902,999.193435552547
2020-12-04,1576,1633,1505,1603,988.2945911159194,1111.545453763515,1048.7777959627886,1011.1500011851699
2020-12-07,737,777,548,699,985.4160379704873,1072.2554105479421,1035.0610196505224,1004.9688130428893
2020-12-08,633,1199,633,1138,986.9342863488904,1078.5168000195667,1039.0978424093255,1007.6030939727331
2020-12-09,1493,1494,710,915,986.2185223056179,1062.9437714462747,1034.231260354058,1005.7693693396096
2020-12-10,497,1165,497,1096,987.3108753175022,1066.0919836894866,1036.653563869585,1007.5561145012015
2020-12-11,439,810,407,661,984.0640009362336,1027.5117947666783,1021.9220515609738,1000.693617184346
2020-12-14,1675,1675,588,588,980.1230656035348,985.6535285984232,1004.905500519367,992.5214663490124
2020-12-15,1511,1643,1292,1636,986.6492042542459,1047.5912877795258,1029.6543044205682,1005.26361553022
2020-12-16,1154,1154,677,778,984.5730927691291,1021.9159270386186,1019.7855081687812,1000.7633459157602
2020-12-17,1324,1324,1006,1314,987.850972443068,1049.7334577968454,1031.3233313778487,1006.9660519372303
2020-12-18,1125,1125,618,703,985.0166344088086,1016.7112237209553,1018.4479066179331,1000.946922195899
2020-12-21,231,651,231,606,981.2453246136961,977.5958690808643,1002.2734789074259,993.1261910633069
2020-12-22,998,1030,694,817,979.6110427767438,962.3010244064963,995.0078522836053,989.6385437155186
2020-12-23,1582,1597,1387,1387,983.6646642416518,1002.7485458915919,1010.3800933705228,997.5070874043203
2020-12-24,1007,1034,717,1034,984.1655133536752,1005.7248748542975,1011.3063642187376,998.229719336908
2020-12-28,1590,1590,1025,1032,984.6414783949322,1008.2272677253168,1012.1178793474146,998.8984377658802
2020-12-29,1451,1451,424,525,980.0679313462264,962.2056231800485,993.0152174122219,989.5143102853677
2020-12-30,1455,1666,1335,1359,983.8383996910401,999.9955638295677,1007.3675618274289,996.8308585965485
2020-12-31,473,1221,473,1110,985.0937389975969,1010.4721767981803,1011.3923633243925,999.0718316936466
2021-01-04,1419,1419,382,542,980.6848460722476,965.8557790078773,992.9848196646124,990.0209043333764
2021-01-05,1334,1591,1255,1478,985.6332555640661,1014.6314191023653,1012.0050228150197,999.6838567228145
2021-01-06,1446,1688,1446,1551,991.2587953096972,1065.7141410926163,1033.1420807438426,1010.601008074838
2021-01-07,1367,1374,1133,1224,993.5746281921878,1080.7889847980814,1040.6267050283977,1014.8267306872174
2021-01-08,1303,1303,520,855,992.195776170375,1059.285271960169,1033.347226399833,1011.6618449310348
2021-01-11,351,898,351,822,990.502285860222,1036.686674630629,1025.0590998743494,1007.9061648333906
2021-01-12,1264,1473,1204,1463,995.2037556526575,1077.2879437134263,1042.2332528204533,1016.9179239456007
2021-01-13,972,972,644,727,992.5350615665614,1043.9271871692904,1029.8711644745533,1011.1769749565789
2021-01-14,1519,1552,1346,1368,996.2710311032125,1074.791264581739,1043.1311188088846,1018.2427774326862
2021-01-15,345,634,224,540,991.7310208434791,1023.8587631930019,1023.4004866987323,1008.7726234241181
2021-01-19,1416,1416,974,1156,993.3655380490167,1036.4436428889064,1028.6004676125074,1011.6880170196802
2021-01-20,1298,1347,1016,1158,995.0036918992752,1048.0204388042487,1033.6749590786835,1014.5852840093895
2021-01-21,887,887,575,657,991.640471084357,1010.7803970133679,1018.90339205599,1007.5043872963323
2021-01-22,285,1002,285,996,991.6838494815277,1009.3727401549519,1018.0052198185002,1007.2765776469
2021-01-25,742,1050,566,775,989.5277912777314,987.0515268068613,1008.4756033550296,1002.6770414558723
2021-01-26,1401,1401,628,725,986.8956739515847,962.0942385395412,997.3589130273814,997.1784861795184
2021-01-27,177,532,177,358,980.6380055540566,904.5614539167277,972.286014477288,984.5214864531913
2021-01-28,1517,1535,1147,1240,983.2187219167027,936.5079821151346,982.7846021448453,989.5804669194647
2021-01-29,580,869,289,341,976.8284858777306,879.7929361994074,957.6165785313219,976.7372893567031
2021-02-01,1541,1663,1117,1626,983.2879039286985,950.8602756089876,983.827693098721,989.5939766961743
2021-02-02,1473,1572,1370,1479,988.2203625960747,1001.1592969795603,1003.2462149379869,999.2851850784283
2021-02-03,1151,1221,850,1186,990.1883191871585,1018.7631734576973,1010.413030038458,1002.9825081461822
2021-02-04,1237,1452,1237,1449,994.7536095435053,1059.738109318869,1027.6125190565576,1011.814537687842
2021-02-05,1553,1553,1143,1340,998.1888970107341,1086.4297179551672,1039.86300850532,1018.3132597138252
2021-02-08,1556,1563,1394,1522,1003.4009477867467,1127.912601959437,1058.7703415051114,1028.2872545709772
2021-02-09,834,1116,663,999,1003.3571572615054,1115.6352112966335,1056.4264065441266,1027.7073089359083
2021-02-10,1389,1506,718,1014,1003.4630561942267,1105.955667363621,1054.7626258953374,1027.4358770757913
2021-02-11,1202,1345,591,949,1002.9211352370703,1091.0075085670856,1050.6150719386574,1025.882691391122
2021-02-12,668,1210,668,1202,1004.9020194635672,1101.578222036887,1056.5517357842002,1029.3701628487236
2021-02-16,1455,1455,993,1020,1005.0522481256212,1093.8088675571835,1055.1183343808982,1029.184615069541
2021-02-17,423,811,423,769,1002.7034695373065,1062.8746896945945,1043.8980075424315,1024.0324444741045
2021-02-18,461,642,383,533,998.0298031737512,1012.4104335332046,1023.8627915603754,1014.3090297320431
2021-02-19,1533,1603,1424,1436,1002.3877155799826,1052.7522970062328,1040.025035028596,1022.6593459749729
2021-02-22,816,1249,816,1087,1003.2296288577937,1056.0139830056391,1041.8671905176707,1023.9334183319041
2021-02-23,532,983,514,899,1002.1925181228903,1041.0602703384354,1036.264555595409,1021.4594892560249
2021-02-24,1276,1576,1210,1489,1007.036373663956,1083.72119697287,1054.0188867485303,1030.7177171915491
2021-02-25,1021,1051,219,239,999.3942206921754,1003.2715591659301,1022.0573617779997,1015.0401386333007
2021-02-26,1018,1070,320,603,995.4499995907607,965.1504582929844,1005.6237397474899,1006.8809279672947
2021-03-01,1876,1894,1685,1685,1002.3111936246835,1033.7075575031763,1032.265946031902,1020.3090284035859
2021-03-02,930,950,568,713,999.4324752801592,1003.163980598112,1019.7457128541804,1014.2237011084654
2021-03-03,1287,1287,975,989,999.3286695559785,1001.8150300649585,1018.5399986246047,1013.7242218785948
2021-03-04,1205,1205,224,434,993.7035086648742,947.73740815401,995.6168614236398,1002.2445343166424
2021-03-05,1669,1669,618,1602,999.7562100711939,1010.0481311869614,1019.396592348203,1014.1208801717585
2021-03-08,1226,1532,1226,1277,1002.5148547471024,1035.472118692965,1029.4986867659204,1019.3264072970702
2021-03-09,1114,1415,1049,1049,1002.9773935058377,1036.7604883412541,1030.2634441476491,1019.9140031921777
2021-03-10,1527,1639,1454,1535,1008.2711507843866,1084.2118704039917,1050.0570345732315,1030.1137259012435
2021-03-11,1106,1556,1106,1408,1012.248552269119,1115.0488351274212,1064.0940136095753,1037.5966224180506
2021-03-12,997,1328,997,1326,1015.3704572216651,1135.139422258143,1074.3648366052782,1043.3075803899703
2021-03-15,858,1205,822,1205,1017.2573183438376,1141.7928106145102,1079.487784189385,1046.509410481258
2021-03-16,618,636,384,457,1011.6826186588243,1076.5744476988425,1055.0764985348992,1034.835956808362
2021-03-17,454,1276,454,1256,1014.1136373786369,1093.662595537048,1062.9558515335307,1039.2154428121569
2021-03-18,518,1064,450,476,1008.7592728276056,1034.8375864382815,1039.937975002804,1028.0626617663715
2021-03-19,709,1271,590,973,1008.4034591676294,1028.9482924917786,1037.3129563752432,1026.9723120284236
2021-03-22,576,832,576,709,1005.4243202704391,998.4770265401806,1024.4379384781748,1020.6758306021183
2021-03-23,313,524,217,262,998.0270633523253,928.3363573458778,994.5384114790307,1005.6525468278189
2021-03-24,1118,1487,725,725,995.3103761547898,908.9709899796037,983.9682776955393,1000.0950706530107
2021-03-25,369,1591,267,1551,1000.8396261432994,970.1166099815462,1006.204815825126,1011.0040791549312
2021-03-26,1533,1624,1184,1617,1006.9705751368983,1031.7245518880657,1030.1575681457093,1023.003998379586
2021-03-29,584,958,346,479,1001.7171365783222,979.0841183749166,1008.5435458654854,1012.2316419760299
2021-03-30,902,1316,819,1280,1004.4861202939608,1007.7427737677816,1019.1888970080154,1017.5339856992769
2021-03-31,917,1223,866,932,1003.7648653656627,1000.5291762660881,1015.7697245763285,1015.840243408202
2021-04-01,1430,1597,1286,1592,1009.6179512824223,1056.859730907413,1038.3669902792176,1027.2493474991288
2021-04-05,1484,1484,1123,1272,1012.2287179363285,1077.3492803448023,1047.5290690917973,1032.0958950734034
2021-04-06,1097,1404,1079,1141,1013.5100242255193,1083.4112536452974,1051.1945957940798,1034.252412002643
2021-04-07,910,910,487,668,1010.0721135367081,1043.8482771076501,1036.1673567433315,1026.9998889926896
2021-04-08,806,1185,645,1181,1011.7728885263926,1056.9103459545406,1041.847068243593,1030.0493961413492
2021-04-09,968,1137,807,1124,1012.889576202747,1063.2998368160129,1045.0687518418833,1031.9098041385503
2021-04-12,809,1085,736,1066,1013.4180381310779,1063.5569952144879,1045.8895851029858,1032.5848575219454
2021-04-13,663,900,500,811,1011.4039282989279,1039.5039480512032,1036.6782288244374,1028.1970385611148
2021-04-14,1040,1545,1040,1238,1013.6586155795355,1058.4083339510887,1044.5732002430868,1032.3515526490135
2021-04-15,1025,1253,967,1241,1015.9207189071024,1075.7980164319374,1052.27621199826,1036.4832050718053
2021-04-16,1205,1321,978,1236,1018.1105625000665,1091.0553482003243,1059.4810664297006,1040.4340326941458
2021-04-19,515,821,468,670,1014.6467758085236,1050.9548388479125,1044.207299118732,1033.0987053140636
2021-04-20,538,645,364,469,1009.2174546562,995.5305684814446,1021.6501501336836,1021.928433921706
2021-04-21,552,1725,552,1705,1016.1406640626059,1063.099085768926,1048.4481834617745,1035.4546035470187
2021-04-22,885,1291,592,710,1013.094488300789,1029.4706014099806,1035.17570567896,1029.0099579322261
2021-04-23,1065,1678,1065,1601,1018.9442943873482,1083.9019727042682,1057.3648936915497,1040.3364934187168
2021-04-26,1373,1453,1195,1271,1021.4523113586184,1101.720832446719,1065.7427409977633,1044.9040876084453
2021-04-27,795,1215,753,1047,1021.7065172157467,1096.5093245946505,1065.0077315468707,1044.9455908241196
2021-04-28,706,1239,706,1176,1023.2417757509133,1104.0798651094456,1069.3603695254249,1047.5407276394835
2021-04-29,1494,1494,901,1135,1024.353797882745,1107.024639860927,1071.9344726812906,1049.2725944188996
2021-04-30,357,702,357,497,1019.106496411275,1048.9270551122672,1049.3880227722204,1038.3365034403075
2021-05-03,1190,1551,1190,1403,1022.9263322678792,1082.648287958718,1063.2551591340941,1045.5575627781232
2021-05-04,561,812,385,811,1020.8176125438207,1056.77702243884,1053.3627999523649,1040.912858564695
2021-05-05,828,1170,741,1071,1021.3169397821906,1058.1315917303791,1054.0544548561936,1041.508643543612
2021-05-06,711,1204,582,1203,1023.124731426149,1071.9285829941525,1059.895456626539,1044.7064921863127
2021-05-07,622,1545,622,1535,1028.218017680615,1116.0306227089952,1078.527007347067,1054.415274519257
2021-05-10,1067,1246,649,649,1024.4447040718528,1071.551515784329,1061.6828109805153,1046.387249281252
2021-05-11,104,613,104,573,1019.9527169666602,1024.0704190429644,1042.5187791773578,1037.0132443449895
2021-05-12,583,719,239,244,1012.231794409778,949.7779981817297,1011.204317248834,1021.3100117837026
2021-05-13,1061,1722,1061,1444,1016.527995460427,996.8467602596602,1028.176696964566,1029.680110560263
2021-05-14,1465,1806,1465,1753,1023.8560751075869,1068.861354520645,1056.6011402208576,1044.0032766877825
2021-05-17,537,1108,526,1080,1024.414721126417,1069.9221778996312,1057.5187425651377,1044.7160830900048
2021-05-18,865,1127,743,743,1021.6145746475471,1038.7867323853807,1045.18467422925,1038.7415071872324
2021-05-19,129,599,108,594,1017.3597032580193,996.4260912058206,1027.4911575928088,1029.9347446686734
2021-05-20,883,1392,772,1282,1019.9929400415216,1023.6236063290758,1037.471896510738,1034.926135863353
2021-05-21,1106,1568,1059,1171,1021.4954978520537,1037.6594533453542,1042.708292726003,1037.620667826455
2021-05-24,1202,1480,1186,1336,1024.6248958833767,1066.0728387410347,1054.2099283053756,1043.5291694536538
2021-05-25,1168,1373,537,537,1019.7729068696117,1015.6849493371267,1033.9271860188903,1033.498888870413
2021-05-26,1350,1623,1326,1553,1025.0786490898145,1066.8578113050194,1054.2829826456004,1043.7860395858504
2021-05-27,1485,1485,1335,1335,1028.162443626234,1092.3951626093033,1065.2914931300868,1049.5526526633582
2021-05-28,1194,1194,910,1117,1029.0463994110478,1094.7384804560363,1067.3192777132206,1050.8882436997274
2021-06-01,1698,1698,1419,1535,1034.0807635960125,1136.6681489840328,1085.6596981950552,1060.474615111614
2021-06-02,875,1059,857,1001,1033.7516017691864,1123.7473728903153,1082.3397100305433,1059.2968999608888
2021-06-03,307,868,240,822,1031.6446206570552,1095.0095278531423,1072.1303096371887,1054.5979514468117
2021-06-04,1465,1465,882,1240,1033.717808511214,1108.8181442480811,1078.7134347494557,1058.2692791409343
2021-06-07,1280,1283,1021,1134,1034.715641262346,1111.2164162244544,1080.8815353475163,1059.7688973757672
2021-06-08,992,1436,791,1349,1037.8428488119744,1133.8624718221254,1091.3959849417313,1065.4962459425838
2021-06-09,1038,1038,774,777,1035.2473975800144,1099.8755697438278,1079.0667306302907,1059.7834489932256
2021-06-10,1409,1468,850,949,1034.3892145195168,1085.5064678634633,1073.9660745271422,1057.5897173299934
2021-06-11,1355,1406,1138,1361,1037.6390730815117,1111.743947114562,1085.2223068986268,1063.5978417393005
2021-06-14,1145,1145,593,714,1034.4187837971185,1073.8635711988893,1070.6645693731905,1056.6751121999084
2021-06-15,1069,1069,537,1020,1034.275313311575,1068.7337072751855,1068.6777235154184,1055.9488723543657
2021-06-16,685,1094,526,715,1031.098444522405,1035.044782772787,1054.808008867755,1049.1974095354674
2021-06-17,895,895,383,504,1025.8536838803911,984.4690891753786,1033.2076947945097,1038.4014212278344
2021-06-18,291,469,284,333,1018.9596173741186,922.4244140158187,1005.7485695084505,1024.4330762530258
2021-06-21,1514,1734,1494,1696,1025.6963375992518,996.0982793476455,1032.8172530571387,1037.7314311787084
2021-06-22,524,1147,460,996,1025.4008516529907,996.0889194097746,1031.3734392117608,1036.9050662048726
2021-06-23,1169,1370,1023,1023,1025.3769625818168,998.6518794659866,1031.0450690465937,1036.6297183592314
2021-06-24,1438,1544,1136,1505,1030.149331113341,1046.8755099930354,1049.6315369271194,1045.904377401623
2021-06-25,1315,1446,1182,1182,1031.6602830425616,1059.7445090413178,1054.8224570476245,1048.5993402253532
2021-06-28,764,764,467,605,1027.4149070918893,1016.4355081802399,1037.1823606928158,1039.8151948743562
2021-06-29,1368,1368,749,772,1024.8734652302785,993.1559359725981,1026.7830524303524,1034.5119236887253
2021-06-30,739,1233,739,1151,1026.128455625997,1008.1887039752078,1031.654305276221,1036.8186182691466
2021-07-01,1560,1560,1271,1405,1029.8983217391713,1045.980255977569,1046.2953129124478,1044.1093386994605
2021-07-02,993,993,637,864,1028.2475921696273,1028.6488030273242,1039.1464771119597,1040.5428171410554
2021-07-06,608,608,310,524,1023.2302031928151,980.5870122628171,1018.9446544801182,1030.3142465045987
2021-07-07,1054,1054,495,928,1022.2826389819413,975.5787253806441,1015.3781974416821,1028.2882218213392
2021-07-08,83,640,83,364,1015.7325629721707,917.3331324872494,989.8339544047534,1015.1339996070553
2021-07-09,1738,1842,1703,1838,1023.9143285147362,1005.0156912979875,1023.0953679575082,1031.4283758524602
2021-07-12,513,1227,481,1192,1025.5868227583708,1022.8237206981792,1029.719079017998,1034.6080119741937
2021-07-13,485,500,344,344,1018.8048643229641,958.1738425364479,1002.8281347427824,1020.9326057964869
2021-07-14,1514,1613,643,759,1016.2197412948749,939.2049051520243,993.2662471058105,1015.7458215232891
2021-07-15,455,1017,401,842,1014.4862115307468,929.9472951375458,987.3342374153866,1012.3053102059963
2021-07-16,1521,1521,520,554,1009.904259177207,894.1427908387319,970.3407379089009,1003.2299575286498
2021-07-19,92,341,92,283,1002.6713809764387,835.9387155207575,943.3861991673754,988.9679781716469
2021-07-20,943,1842,943,1797,1010.575148329907,927.4683616616377,976.8612501804195,1004.9686122672579
2021-07-21,1676,1743,1668,1671,1017.1465398888134,998.2808986462436,1004.0823776243246,1018.1573526184013
2021-07-22,633,633,406,525,1012.2495593924074,953.2065273466013,985.2948334037629,1008.3918604873438
2021-07-23,1341,1398,982,1292,1015.0331458661148,985.4725723612107,997.3224869957722,1014.0078632499707
2021-07-26,1348,1348,1111,1245,1017.321373270432,1010.1894702315716,1007.0353306429969,1018.581964967793
2021-07-27,285,764,285,686,1014.0246431881392,979.3142825904696,994.4457098334676,1011.9961834832823
2021-07-28,1448,1490,701,1302,1016.8900696240781,1010.0462556770915,1006.506662389018,1017.7388333152965
2021-07-29,1603,1648,1442,1443,1021.1299694288136,1051.2799456126065,1023.6240481776839,1026.1598465169739
2021-07-30,771,1263,624,720,1018.1336513250443,1019.7294746018821,1011.7172227589512,1020.0972752988159
2021-08-02,1569,1618,804,804,1016.0029682272826,999.1838103540838,1003.5714493174237,1015.8181213325028
2021-08-03,979,1291,522,1284,1018.6696053593495,1026.3091617489329,1014.5686473834071,1021.1286535833443
2021-08-04,610,753,445,490,1013.4092112761718,975.232098725225,993.9973278781755,1010.611254502486
2021-08-05,1431,1550,1404,1488,1018.131507681384,1024.0671369418703,1013.3699816868746,1020.0644969875852
2021-08-06,1411,1411,1184,1284,1020.7769653163951,1048.8226477093112,1023.982923581507,1025.2909425917915
2021-08-09,528,925,523,732,1017.903562676431,1018.6490622131863,1012.5326128528204,1019.4832011543302
2021-08-10,1146,1393,1146,1302,1020.730392898556,1045.6348658119305,1023.8842750938862,1025.07759321068
2021-08-11,983,1454,983,1454,1025.0415332677246,1084.5267833536514,1040.7515584235377,1033.5711062164091
2021-08-12,731,953,544,794,1022.7426125386926,1056.8575658913987,1031.075026720654,1028.827123915094
2021-08-13,843,945,703,866,1021.1829845532329,1038.6806548541226,1024.6014962610204,1025.602824431627
2021-08-16,316,770,310,651,1017.4995717716088,1001.7586877251586,1009.9504571919608,1018.1849467201096
2021-08-17,212,569,212,527,1012.6189790176625,956.5435746084768,991.0112235765898,1008.4585121315926
2021-08-18,626,1195,507,508,1007.5978946493275,913.8251389314789,972.0696069657432,998.5484425844323
2021-08-19,239,662,239,522,1002.7660748020705,876.5084590332428,954.4198184572826,989.1118397609782
2021-08-20,837,1681,837,1614,1008.84800440603,946.7457486491245,980.2857079295461,1001.4858627360084
2021-08-23,1687,1687,1431,1540,1014.1330988895521,1003.2461535396841,1002.2352880107404,1012.1495090184636
2021-08-24,1438,1564,1400,1499,1018.9576451692581,1050.4608055835238,1021.7162571083585,1021.7901128002762
2021-08-25,684,1498,684,1280,1021.555081535733,1072.3216812422359,1031.8450313394032,1026.9031798735382
2021-08-26,676,989,423,481,1016.1764240080144,1016.0053306477372,1010.2432654045247,1016.0932159156464
2021-08-27,1497,1852,1497,1791,1023.8861113313177,1089.8143467765242,1040.8611765651315,1031.437904709396
2021-08-30,1061,1061,636,805,1021.7081400742896,1062.6891708930457,1031.6117186606166,1026.9539858042594
2021-08-31,966,1277,827,1146,1022.9448749989235,1070.6235355698984,1036.0975336151023,1029.3113326200166
2021-09-01,1151,1358,866,1205,1024.7563687800287,1083.421294087051,1042.7211597478433,1032.7903161324916
2021-09-02,1456,1464,1176,1372,1028.2115292896801,1110.9049803644746,1055.6340554440064,1039.5073395754125
2021-09-03,681,815,555,765,1025.592509097743,1077.9616489011912,1044.2366415050258,1034.071550672929
2021-09-07,768,992,609,610,1021.4572602509993,1033.3938728153635,1027.2077536028678,1025.6740942239603
2021-09-08,590,885,502,720,1018.4576855221336,1003.5468373091384,1015.1603907164808,1019.6211418630899
2021-09-09,707,1323,707,936,1017.6372110393263,997.1138051844586,1012.0560616687757,1017.9652776677812
2021-09-10,1169,1169,597,597,1013.4517661533629,959.0077285002244,995.7793533680393,1009.6293315753499
2021-09-13,1512,1512,1247,1405,1017.3477684801951,1001.4831829287745,1011.8272218634104,1017.4584537223726
2021-09-14,1321,1321,456,521,1012.408984714223,955.7228797927007,992.5790955158257,1007.6275932526227
2021-09-15,919,1512,919,1478,1017.041731134977,1005.4635579076817,1011.6152094171658,1016.9418983367292
2021-09-16,1071,1080,572,825,1015.1308681386091,988.2765523926644,1004.2969659106103,1013.141068666695
2021-09-17,1034,1034,594,725,1012.2439938287722,963.2025950219345,993.3441437180373,1007.4353049307208
2021-09-20,89,298,89,294,1005.0972874225158,899.469014543655,965.9188831800751,993.3078731499145
2021-09-21,1700,1700,810,1003,1005.0764188909485,909.3291083966402,967.3730446239938,993.4997964538766
2021-09-22,1708,1863,1677,1696,1011.9512803945212,984.2501456921983,995.9466507171705,1007.4106915736018
2021-09-23,1586,1743,1586,1605,1017.8522626791528,1043.3691794357985,1019.8310957870855,1019.2441432256096
2021-09-24,642,1125,642,900,1016.6796033490119,1029.7149718704843,1015.1318371287684,1016.8828730627263
2021-09-27,1441,1441,1440,1440,1020.8917465992705,1068.7897364542478,1031.793333711954,1025.2614300317812
2021-09-28,692,883,350,398,1014.6938187724121,1004.9049996490813,1006.9386931742303,1012.8404116153102
2021-09-29,1185,1368,1009,1098,1015.5227359985572,1013.7711901586927,1010.5097248144565,1014.5267400981754
2021-09-30,1263,1347,519,597,1011.3583306652382,974.0786958578648,994.2936571746739,1006.2588838586076
2021-10-01,1577,1736,1023,1633,1017.5438199123503,1036.8331057761634,1019.3409647364514,1018.6695990297243
2021-10-04,886,952,766,839,1015.7672644903369,1017.9918576070049,1012.2687700409043,1015.1117851875515
2021-10-05,1089,1586,1089,1300,1018.5954509133186,1044.8497759301474,1023.5523476863591,1020.7531359759168
2021-10-06,211,861,202,854,1016.957685232589,1026.673606793943,1016.9032360123842,1017.451093679364
2021-10-07,1691,1816,1564,1584,1022.5998973198269,1079.7523109088056,1039.1423247962123,1028.669883903535
2021-10-08,1066,1311,860,861,1020.9919381425152,1058.9187574889193,1032.156351274792,1025.349688182673
2021-10-11,1175,1546,772,772,1018.5144064197041,1031.5931615375937,1021.9541414208787,1020.3328626741052
2021-10-12,1250,1459,1135,1208,1020.3998352115478,1048.3938128197276,1029.2500574435894,1024.0490436112516
2021-10-13,1027,1226,579,1167,1021.8585433188956,1059.6896401702297,1034.6520159752133,1026.8797556189495
2021-10-14,1791,1791,1564,1603,1027.641045375424,1111.4334839635412,1056.9401722114794,1038.2880772898613
2021-10-15,1660,1688,1036,1036,1027.7242190532804,1104.24934263368,1056.1189889874997,1038.242768828676
2021-10-18,1021,1160,945,1017,1027.6175104059841,1095.9398814304725,1054.58491098799,1037.8221199409793
2021-10-19,1332,1332,987,1224,1029.5715650288103,1108.136083198999,1061.2286399688533,1041.5088106352173
2021-10-20,1000,1536,1000,1456,1033.8146340334988,1141.2659800371896,1076.7098697739962,1049.7165569592723
2021-10-21,872,1095,755,1028,1033.7567769784391,1130.4787438431715,1074.7996788024668,1049.2865261283957
2021-10-22,1082,1283,928,1000,1033.4208886502954,1118.0521968104886,1071.8663580651153,1048.3105553139721
2021-10-25,1088,1431,996,1358,1036.6505315492975,1140.904368542823,1083.0872851998167,1054.4430195651805
2021-10-26,1015,1198,770,770,1033.997292429404,1105.580142967316,1070.8093524468827,1048.8104845242858
2021-10-27,662,775,393,393,1027.6192099176687,1037.7153674466192,1044.2285935273972,1035.824138296082
2021-10-28,1352,1531,1352,1524,1032.5583222567964,1084.0281895945602,1063.0431584871071,1045.4909870426943
2021-10-29,759,991,657,832,1030.5627170602113,1060.0255048712688,1053.9826424680048,1041.2634427448193
2021-11-01,1475,1689,1429,1656,1036.7859736068758,1116.7849805978146,1077.5911662927888,1053.4364438785851
2021-11-02,810,848,629,833,1034.7582524764591,1089.7578395884989,1067.9993558499343,1049.0713657819795
2021-11-03,942,1524,942,1479,1039.1785683722158,1126.8285215324513,1084.1170281695447,1057.5848040833264
2021-11-04,1229,1307,687,785,1036.6494283884126,1094.2734242436463,1072.386948633484,1052.1870851905871
2021-11-05,1546,1643,1348,1425,1040.5136131805677,1125.771193363299,1086.214911432171,1059.5695191472091
2021-11-08,1442,1442,1049,1134,1041.4438259847411,1126.5548892334612,1088.0888364740467,1061.0433900551852
2021-11-09,1105,1105,695,1010,1041.1309520943457,1115.4544235921792,1085.026529161339,1060.0326298560726
2021-11-10,997,1135,663,754,1038.273927695397,1081.0301927738765,1072.045096645208,1053.9725777797148
2021-11-11,1262,1359,1204,1290,1040.778664733254,1100.9320791763644,1080.5923477571607,1058.6463881207105
2021-11-12,1108,1240,1002,1125,1041.616687969739,1103.2242621119487,1082.3338243157034,1059.9603210292114
2021-11-15,1249,1249,891,996,1041.1627905770051,1093.0124276250965,1078.94818414646,1058.693780018732
2021-11-16,782,1076,782,907,1039.8278374369354,1075.2969583274682,1072.2051181015008,1055.6899427906383
2021-11-17,608,670,433,604,1035.4912420395528,1030.4115337248522,1053.8441330779126,1046.7455874878533
2021-11-18,1083,1083,401,708,1032.2326227157762,999.7056733701044,1040.2816180552493,1040.0377540722523
2021-11-19,560,806,560,630,1028.2303080618879,964.4956092396183,1024.1921428373964,1031.918194585673
2021-11-22,1249,1452,1073,1074,1028.6857278821676,974.9245988358451,1026.1453921378907,1032.7514976631844
2021-11-23,1160,1363,888,1140,1029.7933325798574,990.6460656133837,1030.6102787207185,1034.8752303827252
2021-11-24,380,1161,380,1088,1030.3725033999583,999.9178688882995,1032.8608560257883,1035.9272060187109
2021-11-26,179,232,140,225,1022.35884664971,926.1161670894138,1001.180038142424,1019.8692415430928
2021-11-29,1651,1651,714,990,1022.0368680760811,932.2003416523268,1000.7416052740937,1019.2777714135266
2021-11-30,444,515,163,303,1014.8822723738315,872.2764995902004,973.379189380992,1005.0940531677142
2021-12-01,1849,1849,425,425,1009.0127970268281,829.678737724467,951.874123130757,993.607042213898
2021-12-02,1718,1821,1578,1776,1016.6445104892478,919.8045722268987,984.1927849687665,1009.0999720710486
2021-12-03,1384,1384,358,569,1012.1903362555239,886.394612967194,967.9107149699914,1000.3851211389486
2021-12-06,1489,1809,1427,1718,1019.2133179843247,965.5951260179374,997.3259810495996,1014.5953167599596
2021-12-07,1808,1920,1653,1717,1026.1564690491573,1037.15749496861,1025.548491596674,1028.5043203884752
2021-12-08,1153,1454,1153,1372,1029.5976982128473,1069.047257352552,1039.1348252595496,1035.306215034248
2021-12-09,401,611,361,365,1022.9847857928189,1001.9951376046898,1012.6981654454496,1022.0328246375302
2021-12-10,1572,1572,728,1056,1023.3132953869202,1007.1384578328147,1014.3962766044516,1022.7054419714405
2021-12-13,646,657,441,512,1018.2256009054584,959.9824142296894,994.6944618356496,1012.592462922501
2021-12-14,651,1220,590,592,1013.9845501501802,924.936470017338,978.9025221558202,1004.2638993002732
2021-12-15,1005,1474,520,1449,1018.3130620889843,974.8472823966391,997.3377173653959,1013.0705547596738
2021-12-16,1566,1593,728,814,1016.2800962970541,959.5284935969592,990.1480029589097,1009.1285635763139
2021-12-17,457,1243,353,893,1015.0534286722078,953.1924465877249,986.338277352678,1006.8289880599513
2021-12-20,138,360,128,349,1008.4260313719868,895.6503088174654,961.3446194172789,993.8026714647046
2021-12-21,1820,1879,1784,1838,1016.6804987215193,985.3978984538973,995.7232617930719,1010.5194502475817
2021-12-22,1051,1574,889,1565,1022.1364141571261,1040.5980986011452,1018.047839761971,1021.4992631139662
2021-12-23,1448,1636,1379,1529,1027.1798329217318,1087.1125654010361,1038.0851793791485,1031.548782656264
2021-12-27,1146,1601,897,1600,1032.8795360767394,1135.9589877437945,1060.1210546976133,1042.8052424056448
2021-12-28,1009,1591,870,965,1032.204117807319,1119.6771793872426,1056.3908172584913,1041.2645445362261
2021-12-29,831,1226,831,1155,1033.4259673813756,1123.0412575408386,1060.2578440326681,1043.5167317731325
2021-12-30,1512,1670,1041,1041,1033.5013308900186,1115.2278044417112,1059.5026344627595,1043.4668955003972
2021-12-31,1147,1418,954,1195,1035.1082828214612,1122.8251563996434,1064.8162566406904,1046.4675510350428
2022-01-03,1522,1522,1240,1375,1038.4902899575661,1146.8418081711059,1076.9803250077223,1052.9731440838539
2022-01-04,1550,1550,1330,1331,1041.400834336098,1164.3806835833816,1086.9418808897724,1058.478626379223
2022-01-05,1299,1322,394,394,1034.95903498947,1091.0110946706786,1059.7676894823303,1045.3206337776542
2022-01-06,1405,1480,892,1165,1036.2529749398234,1098.0576570829949,1063.894446757533,1047.6905222177006
2022-01-07,957,1332,957,1055,1036.4395125026113,1093.9569278369954,1063.545644923904,1047.8352643520036
2022-01-10,615,763,315,762,1033.7087710846747,1062.3419823287102,1051.7203255151235,1042.1751601074095
2022-01-11,1185,1610,873,1576,1039.1047037106978,1111.2617935354997,1072.2803127498246,1052.7459490161737
2022-01-12,1550,1586,779,1038,1039.0937116339744,1104.284479865452,1070.9359867596354,1052.4539500257545
2022-01-13,1332,1488,1004,1005,1038.7544707221937,1094.8288151163615,1068.3502617886693,1051.5142678470268
2022-01-14,378,976,378,965,1038.0205953916245,1082.4641660576603,1064.2973103459765,1049.8011140282738
2022-01-18,414,521,241,332,1030.995514840464,1010.9913883378832,1035.5797687637814,1035.5872305821695
2022-01-19,1407,1407,572,572,1026.4283952898127,969.1826846866562,1017.4001699887311,1026.4072854221265
2022-01-20,1356,1753,432,437,1020.5634361327001,918.4986194784033,994.6393790087809,1014.735854027629
2022-01-21,558,1200,358,358,1013.9707651264046,865.1177985756982,969.6731288515738,1001.7311836508443
2022-01-24,102,1243,102,1218,1016.0009067669379,898.7256272827746,979.4114375240611,1006.0137344696394
2022-01-25,147,1091,122,819,1014.0406987394061,891.1327103987007,973.1207929152744,1002.3104922029139
2022-01-26,1585,1865,353,578,1009.7019853191135,861.3105475035863,957.6258598597734,993.9083042384998
2022-01-27,1629,1738,437,549,1005.1178859627045,831.5666858365781,941.6013163358607,985.0982388080345
2022-01-28,703,1615,391,1615,1011.1863647093443,906.1793824235707,968.0091078521015,997.5715410098555
2022-01-31,941,1800,941,1798,1019.0153561052712,991.1146793356115,1000.557770289274,1013.4216095047099
2022-02-01,1225,1571,742,1551,1024.3087356465123,1044.437090827458,1022.1437400818515,1024.066726148181
2022-02-02,889,989,623,945,1023.5195939982883,1034.9668917010333,1019.1184953727593,1022.5010484026725
2022-02-03,237,723,237,388,1017.1960159485541,973.3509972533159,994.3687504561805,1009.93667120658
2022-02-04,689,1330,612,1106,1018.0796376804093,985.984235610143,998.7464465167224,1011.8389153411031
2022-02-07,1160,1532,997,1193,1019.8201387980172,1005.7000226948912,1006.3642329278313,1015.4262635521703
2022-02-08,1265,1533,1235,1503,1024.6278986109721,1053.0619252953777,1025.840145362034,1025.0811890263847
2022-02-09,1685,1734,1586,1605,1030.4027453909625,1105.6274562196274,1048.5522965243072,1036.5647298377435
2022-02-10,383,1357,383,545,1025.572867327371,1052.2343651510914,1028.805147641001,1026.8307747914516
2022-02-11,1256,1624,578,693,1022.2636845678945,1018.021568470035,1015.636318321746,1020.2202643995417
2022-02-14,1067,1067,441,662,1018.678971288612,984.1147524252698,1001.7682274071677,1013.1267938173726
2022-02-15,1652,1768,1652,1729,1025.7468422210636,1055.056204575244,1030.2871204500238,1027.302500870494
2022-02-16,942,1340,866,1248,1027.9583164278192,1073.4318041395065,1038.824880432376,1031.672748378009
2022-02-17,333,581,332,440,1022.1079849210747,1013.1049656500297,1015.341551787969,1019.9564563309197
2022-02-18,818,1303,537,667,1018.5745721357904,980.1425879690745,1001.6810987766761,1012.9672195718915
2022-02-22,528,974,344,470,1013.1161186817029,931.5575795910675,980.8308596089634,1002.215393441755
2022-02-23,1553,1553,486,494,1007.9507841674571,889.8854291538229,961.7394533497883,992.1517222844926
2022-02-24,175,1296,175,1273,1010.5880897976316,926.3725311391731,973.9457492968554,997.7130743184631
2022-02-25,1512,1767,1145,1750,1017.9454222374561,1004.8132424592519,1004.3792493244297,1012.6098451240381
2022-02-28,928,929,926,929,1017.0603931604664,997.5929336536088,1001.4232003313148,1010.9542046265324
2022-03-01,986,986,494,643,1013.3383991986708,963.8221780675509,987.3673885536161,1003.6679827527397
2022-03-02,1463,1735,1463,1713,1020.3002061718183,1035.1724468230223,1015.8235693946508,1017.7141613120914
2022-03-03,1337,1337,495,857,1018.6753284984669,1018.2036423636868,1009.5951941242723,1014.531702672248
2022-03-04,381,733,381,732,1015.8228376676363,990.9461526147642,998.7091080801832,1008.9370154906193
2022-03-07,844,844,485,491,1010.6007198798986,943.33223331812,978.7989469789995,998.6808369660525
2022-03-08,865,1520,865,1179,1012.2763346074619,965.7767825259181,986.6499686660976,1002.2515134617743
2022-03-09,1271,1762,1271,1672,1018.8407491884822,1033.0361365710687,1013.5264404831133,1015.5138597298579
2022-03-10,565,1001,488,967,1018.324920838348,1026.7469807071575,1011.7018741896579,1014.5531892401577
2022-03-11,1447,1447,555,555,1013.714722621051,981.8186968302854,993.7919967704556,1005.4531260868873
2022-03-14,1140,1187,563,682,1010.4140786148714,953.2645352274011,981.5648596422025,999.0481136891271
2022-03-15,1306,1558,1200,1524,1015.5243862903453,1007.6202937771724,1002.8368259307435,1009.4432005467681
2022-03-16,1733,1792,1178,1747,1022.8027506058643,1078.0374086555369,1032.019695502087,1024.048285684456
2022-03-17,698,1631,698,1629,1028.8345640326716,1130.5100364026287,1055.4306878353384,1036.0275275520905
2022-03-18,675,1392,675,1370,1032.2292449875704,1153.3186043642831,1067.766739292776,1042.6408438381877
2022-03-21,1182,1182,816,938,1031.2916405598335,1132.8120706153038,1062.6778475558044,1040.5687479206
2022-03-22,1485,1630,1236,1382,1034.7812759771487,1156.5442543662273,1075.2002849065573,1047.3297628132614
2022-03-23,566,852,476,625,1030.7038503455353,1105.9209920456342,1057.5453717729667,1038.9667972129987
2022-03-24,1203,1486,1117,1485,1035.2242100435897,1142.0237547079548,1074.3082983701054,1047.7991378622462
2022-03-25,1170,1302,1046,1302,1037.8786955157927,1157.2595875929114,1083.2373847085325,1052.8328183006176
2022-03-28,735,954,503,945,1036.9545293912574,1137.044388774539,1077.816310798394,1050.6975149679322
2022-03-29,1527,1713,1485,1701,1043.561947009255,1190.7544469864877,1102.2548868455158,1063.5747918992602
2022-03-30,740,920,574,636,1039.506604252944,1137.9206901306318,1083.970381479025,1055.1079643368985
2022-03-31,956,1224,577,579,1034.9244489867456,1084.6901482134288,1064.167621421024,1045.6800838549798
2022-04-01,1522,1524,1104,1486,1039.412762927176,1122.910134097864,1080.7100676398074,1054.3992901152772
2022-04-04,956,1083,832,1078,1039.7967155348656,1118.632978469496,1080.603790477462,1054.8666309050736
2022-04-05,1151,1151,378,380,1033.2315740867575,1048.2869805200203,1053.1291320273656,1041.502935243587
2022-04-06,384,728,384,663,1029.5476778271877,1011.5929823752565,1037.8299503792337,1034.0078276150011
2022-04-07,810,1055,468,904,1028.2984472020416,1001.3460316728512,1032.5817170310283,1031.4334151869814
2022-04-08,944,1428,740,1032,1028.3352785731656,1004.2654572278177,1032.558904598439,1031.4446346882294
2022-04-11,916,1164,693,732,1025.3866688361193,978.3354136823112,1020.7722808886964,1025.5150379617298
2022-04-12,1556,1761,942,1026,1025.3927716337698,982.8748980935197,1020.9772894812966,1025.5246411704084
2022-04-13,1279,1767,1279,1746,1032.5629928115432,1055.5534792274702,1049.4095526388928,1039.791479959113
2022-04-14,1334,1334,801,802,1030.26883367909,1031.405528824854,1039.707217241289,1035.082737781705
2022-04-18,848,1047,667,797,1027.94775075691,1009.0811927462964,1030.1892871533953,1030.3682281226613
2022-04-19,1246,1655,1246,1625,1033.8885691573387,1067.7401267704586,1053.5151974611053,1042.14311469449
2022-04-20,1305,1540,1305,1366,1037.193160509007,1096.1458289827958,1065.7695034430228,1048.556122324302
2022-04-21,1586,1586,351,352,1030.3753181158825,1025.274797651101,1037.7785425236887,1034.7629317832266
2022-04-22,618,694,227,238,1022.4909865923413,950.2962454938532,1006.4146781109949,1018.9854479855389
2022-04-25,352,1076,297,1076,1023.0234145864473,962.2680316372957,1009.1435142635049,1020.1144490155283
2022-04-26,458,520,228,228,1015.1127338442936,892.3377429099343,978.5104352727792,1004.4290143815574
2022-04-27,1203,1493,1044,1044,1015.40016932843,906.7817673947025,981.0786534973761,1005.21259825519
2022-04-28,1509,1763,639,1719,1022.4011626684456,984.1358847856832,1010.0167455170869,1019.3470022501367
2022-04-29,882,1115,256,257,1014.7852307015954,914.8848481394276,980.4866770654364,1004.2510220075598
2022-05-02,914,1430,488,1128,1015.9117458189925,935.181529269006,986.2715132589487,1006.7014968192913
2022-05-03,1083,1560,1083,1432,1020.0519274526343,982.4975741005292,1003.7510617585979,1015.1232493575232
2022-05-04,979,1812,719,1810,1027.9121072789762,1061.3073289480978,1035.3686671798293,1030.8633830336119
2022-05-05,314,314,114,173,1019.4055191468472,976.7066309530409,1001.550288074738,1013.875989310174
2022-05-06,247,728,247,606,1015.2920313941422,941.4012375289417,986.0385120718071,1005.7992370466062
2022-05-09,130,409,130,249,1007.6672350618622,875.4582625261853,957.1350410101676,990.8131135407328
2022-05-10,1761,1761,343,807,1005.6705461557741,868.9384279998819,951.2473923431022,987.1732499062629
2022-05-11,1518,1632,572,583,1001.4648690795973,841.706196761798,936.8063181335688,979.1698192150498
2022-05-12,792,1384,693,1229,1003.7289002330341,878.5913208797219,948.2648938930366,984.116951507821
2022-05-13,1811,1920,1711,1849,1012.1395579421581,971.0111950816531,983.5878392305646,1001.2433485076662
2022-05-16,761,1302,761,1016,1012.1779703009427,975.2958431691147,984.8589043587777,1001.5355594283064
2022-05-17,1768,1845,1608,1844,1020.4548064173512,1058.0295723911038,1018.5507120309826,1018.2180235980429
2022-05-18,487,573,184,209,1012.3806292390691,977.1696131157605,986.8036252846696,1002.1939043188737
2022-05-19,675,1348,675,1034,1012.5957473560933,982.5820309142595,988.6544635088002,1002.8237279957277
2022-05-20,1298,1298,287,965,1012.122157830162,980.907551779568,987.7268374888472,1002.0747432829411
2022-05-23,1545,1648,1197,1549,1017.4642259114539,1035.0115944672282,1009.7375497441865,1012.9049463862492
2022-05-24,330,785,205,784,1015.1411987879569,1011.1057283274922,1000.885096813042,1008.37217517068
2022-05-25,889,1733,889,1609,1021.0502415860867,1068.04803991535,1024.7327400752756,1020.2657954643298
2022-05-26,1775,1861,1743,1743,1028.2338212717973,1132.329178971031,1052.9000836017353,1034.5773638709768
2022-05-27,1568,1836,1568,1836,1036.2712956870032,1199.3454476404568,1083.6098842448046,1050.4471190418485
2022-05-31,482,838,475,625,1032.1790439886252,1144.6458811985085,1065.625182901871,1042.0224236152771
2022-06-01,1345,1345,374,779,1029.6598495210767,1109.8224639415077,1054.3849796508173,1036.8140587912123
2022-06-02,1120,1699,1120,1698,1036.3100002721108,1165.8393721375546,1079.6247843703932,1049.9068497062378
2022-06-03,329,562,313,503,1031.003433105224,1102.711812886359,1057.012047728417,1039.0770110981935
2022-06-06,1651,1651,1207,1259,1033.272055661391,1117.5964021352772,1064.93314389593,1043.4319217695163
2022-06-07,318,1483,318,1483,1037.7469605801832,1152.3967447890604,1081.327922566678,1052.136240150318
2022-06-08,369,756,369,457,1031.9683838579924,1086.1684833805784,1056.8444746228865,1040.3513641077373
2022-06-09,330,681,261,261,1024.2970566554254,1007.5810087729043,1025.6348873827733,1024.918663828376
2022-06-10,71,363,71,287,1016.960767534476,938.9542460326277,996.6688133677626,1010.3064130594973
2022-06-13,51,104,50,82,1007.6576753202025,857.3395559342822,960.7994481376543,991.9241078503984
2022-06-14,1124,1124,641,827,1005.8600865110463,854.4500744167315,955.5524109557855,988.6582839325687
2022-06-15,1589,1823,1432,1557,1011.3440657497424,921.3595911389475,979.1385909183037,999.9125753398446
2022-06-16,90,160,90,156,1002.8331795233768,848.4682015066668,946.8586461764095,983.2014352341051
2022-06-17,1454,1454,917,1278,1005.571157836577,889.3759918393652,959.8445816204719,989.039030576004
2022-06-21,1773,1773,1592,1593,1011.4162209426806,956.387802140378,984.6742058706495,1000.9986537329148
2022-06-22,420,1167,420,891,1010.2180495900171,950.1603924127229,981.0007076012123,998.8204625698868
2022-06-23,1353,1353,858,1164,1011.748218250813,970.5260693257969,988.1771504403804,1002.091344499196
2022-06-24,1707,1881,1707,1759,1019.1835593627452,1045.618824628102,1018.405497481934,1017.0796347071328
2022-06-27,1044,1401,952,1167,1020.6543697173447,1057.1789365682828,1024.2327328747995,1020.048354811942
2022-06-28,1743,1743,470,480,1015.2747242475203,1002.2095140379702,1002.8902727620622,1009.3543279839828
2022-06-29,463,559,313,534,1010.4859210211769,957.6181317486397,984.5024189282558,999.941370994201
2022-06-30,149,988,149,748,1007.8741208120109,937.6545001535312,975.2278142644026,994.9524329547119
2022-07-01,974,1555,714,1555,1013.3181594108963,996.4493096627187,997.9639784108966,1006.0424837872919
2022-07-05,105,922,105,922,1012.4095210087978,989.3588992186503,994.9849988653713,1004.3782761875435
2022-07-06,973,973,369,710,1009.4004710485112,962.753289769255,983.8091165569253,998.5490033917506
2022-07-07,1700,1792,1700,1717,1016.4412623813619,1034.5863097912306,1012.5617002213596,1012.7757557998348
2022-07-08,382,1255,382,842,1014.7055284273184,1016.2447564777801,1005.8730060950318,1009.3940576651846
2022-07-11,496,597,307,433,1008.9174137165988,960.6976368132297,983.4073980128736,997.9803139490424
2022-07-12,1213,1357,772,904,1007.8734593512595,955.2978618786364,980.2933824045256,996.1193176332198
2022-07-13,490,1098,490,906,1006.8597930890579,950.6028274140043,977.3799164278776,994.3347766899877
2022-07-14,74,448,74,443,1001.2492478841916,902.2597009936229,956.4238412738431,983.417256359493
2022-07-15,1196,1815,1196,1800,1009.1970165619608,987.7587770894684,989.5052592631041,999.587211679107
2022-07-18,1780,1780,1141,1151,1010.6079915215433,1003.3055602238047,995.8383863508255,1002.5854847151643
2022-07-19,1833,1931,1833,1900,1019.4576632476972,1088.7050306786805,1031.2957045331461,1020.3560691762501
2022-07-20,994,1429,873,1392,1023.1645521706056,1117.5902658521395,1045.4409710220423,1027.7153549351362
2022-07-21,402,1251,402,1251,1025.4315715519926,1130.2959548186025,1053.5021094133347,1032.1368330552325
2022-07-22,1257,1257,397,652,1021.7158345216245,1084.7439591215928,1037.7569286520275,1024.6093710145349
2022-07-25,949,1412,949,1358,1025.0619456209117,1110.7683439671553,1050.315480469595,1031.2111656479103
2022-07-26,607,839,544,733,1022.1558566097584,1074.7904064464738,1037.871736137454,1025.305994050922
2022-07-27,1518,1818,1293,1784,1029.7363953499598,1142.3341772610952,1067.1316680536322,1040.3296377330819
2022-07-28,1147,1553,763,1541,1034.823595396229,1180.3023508552767,1085.7147398946663,1050.2439023324268
2022-07-29,895,1488,895,1387,1038.3278382281073,1199.9878412500123,1097.5298481340913,1056.9123399100026
2022-08-01,312,1147,312,968,1037.6280587432504,1177.8937611309634,1092.4502462464798,1055.1516995157451
2022-08-02,602,1198,598,749,1034.7561377607306,1137.0467362613479,1078.9816091387747,1049.0892896243442
2022-08-03,1364,1492,1201,1399,1038.3804547979373,1161.9946661412196,1091.531349956862,1056.018214582278
2022-08-04,904,1022,874,959,1037.590599526316,1142.6618407944368,1086.3340421154164,1054.0970618182726
2022-08-05,336,1185,336,1185,1039.0573597300342,1146.6940464330619,1090.2032953657922,1056.6891992080098
2022-08-08,1664,1748,1341,1439,1043.0368884889394,1174.5327086775321,1103.88159750831,1064.259710114782
2022-08-09,807,807,692,783,1040.4494567626814,1137.243879279672,1091.2980054491607,1058.6902109045882
2022-08-10,1731,1809,1717,1790,1047.9076711232517,1199.4111288720842,1118.6980836668406,1073.1715928668737
2022-08-11,1668,1802,1322,1326,1050.6747589727715,1211.4672118366475,1126.8275705818664,1078.1780959784207
2022-08-12,1334,1749,1334,1749,1057.623268833739,1262.6608107093477,1151.2264893825775,1091.461698038254
2022-08-15,386,1003,386,957,1056.6220422781794,1233.5502573084575,1143.609764308751,1088.7990901563085
2022-08-16,708,1312,708,1168,1057.7302806634711,1227.307375660033,1144.5662441397803,1090.3674250046984
2022-08-17,217,578,217,425,1051.4344569752775,1150.8971494066964,1116.3479600558674,1077.1918324303479
2022-08-18,985,1300,886,1216,1053.0719250650757,1157.0974208917728,1120.2558831909314,1079.9405090158855
2022-08-19,235,286,163,229,1044.872204417662,1068.7071903306517,1085.3046720854047,1063.09020190666
2022-08-22,148,336,148,303,1037.4903914383817,995.7826960134468,1054.6260574938203,1048.0389107797955
2022-08-23,1409,1500,1020,1023,1037.3462084389948,998.3748202026424,1053.385819945043,1047.543090764354
2022-08-24,1091,1506,1091,1272,1039.6810720366168,1024.434361135724,1061.9589250452375,1051.987782036347
2022-08-25,1354,1695,1354,1694,1046.1917081357549,1088.202517218036,1086.7448495532674,1064.70089526335
2022-08-26,510,510,128,141,1037.1848254677375,997.9927536734613,1049.656816237453,1046.409788426452
2022-08-29,285,960,285,641,1033.2426879008942,963.9934437997983,1033.631058737945,1038.381871823948
2022-08-30,1163,1163,230,319,1026.13579548397,902.5654967712461,1005.606311336457,1024.1366862432756
2022-08-31,941,1221,547,548,1021.3782253796519,868.7973542216037,987.6609657938509,1014.7082370107355
2022-09-01,217,611,189,610,1017.2849097042325,844.1499871528795,972.8507318411508,1006.6942125154734
2022-09-02,1562,1728,648,683,1013.9586916972253,828.8023693287957,961.4840364748312,1000.2844261290284
2022-09-06,1288,1288,498,658,1010.4168141678997,812.5354770117676,949.5827017111123,993.5065167007308
2022-09-07,808,1640,808,1624,1016.5221194995623,889.8178125344564,976.0304388989118,1005.9915361720034
2022-09-08,629,1224,629,1206,1018.4074715443428,919.9304018168891,985.0488530597388,1009.9520998121618
2022-09-09,1686,1832,1686,1775,1025.9357554095732,1001.3656016438521,1016.0273294103373,1025.1015631822181
2022-09-12,1561,1650,1542,1629,1031.936394659229,1061.1403062491995,1040.06547335503,1037.059948069699
2022-09-13,169,169,89,91,1022.57384346859,968.7459913683234,1002.8472194979701,1018.3260877118831
2022-09-14,823,1062,664,965,1022.0009694042259,968.3892302856259,1001.3630148117752,1017.2701255789746
2022-09-15,1190,1305,497,601,1017.8119050320445,933.3997797822329,985.6625044269997,1009.0271527952325
2022-09-16,108,512,108,511,1012.7690005043625,893.1712293267822,967.0482885671173,999.1652289775051
2022-09-19,437,1399,437,1399,1016.6120950267072,941.3453979623267,983.9875713684069,1007.0827491957723
2022-09-20,199,315,162,256,1009.0438154742026,876.0744076802004,955.4390391578811,992.2098234691233
2022-09-21,1362,1457,325,327,1002.2573098475935,823.7816069487527,930.7943709556113,979.0373517172595
2022-09-22,731,731,303,348,995.7472868640355,778.4690729536334,907.9396897416657,966.5415625743435
2022-09-23,97,205,72,205,987.8791546564331,723.8529707675731,880.3734273988553,951.4615316322773
2022-09-26,949,1082,275,290,980.9350834658219,682.5336402182804,857.2215282851746,938.3632834811432
2022-09-27,1749,1749,764,967,980.7964259188983,709.6256744832061,861.5265663916383,938.9303471745859
2022-09-28,1013,1849,1013,1818,989.1268097406008,815.1851340562341,899.035328493927,956.3376670325149
2022-09-29,83,264,70,264,981.9116176038784,762.6913117651642,874.1319822784789,942.6280102595938
2022-09-30,903,1629,700,701,979.116477130208,756.8159487399105,867.342492777362,937.8432971851464
2022-10-03,1494,1845,1494,1789,987.1750196463253,855.1191917170619,903.4859244331518,954.6978853596979
2022-10-04,1895,1918,1860,1880,996.0588502966106,952.7268877440084,941.7805940632243,973.020699510991
2022-10-05,278,778,164,616,992.2771701941567,920.6576603398172,929.0048844921174,965.9509826889912
2022-10-06,833,1048,431,552,987.8963028290408,885.5474069741203,914.2203792179167,957.753933526833
2022-10-07,259,330,150,208,980.1361406118364,821.0190825003946,886.5254623858416,942.9073209817471
2022-10-10,1015,1018,554,744,977.7865272724151,813.6839317860713,880.9362285667889,938.9685621504254
2022-10-11,428,1438,399,919,977.2015867025403,823.7140335207312,882.4289254857384,938.5731450781398
2022-10-12,512,1077,512,782,975.2592823572414,819.7412684235187,878.4905362510036,935.4726867597608
2022-10-13,96,1741,96,1670,982.1721253188609,900.7182904784216,909.5301230646897,950.0177820714487
2022-10-14,1180,1180,214,214,974.5286215843449,835.3165485280957,882.2544319641137,935.4431725254794
2022-10-17,1848,1887,1816,1821,982.9512223646002,929.1911629539914,919.0679836517955,952.9789512873512
2022-10-18,1813,1813,1384,1579,988.8820559729127,991.077718863135,944.9476705674114,965.3754076975026
2022-10-19,460,637,281,441,983.4304932269135,938.6893646856936,925.1850168196697,954.9917362579481
2022-10-20,1138,1570,522,614,979.7545679211731,907.7665680489608,912.9816828267415,948.2394246488798
2022-10-21,1020,1659,1020,1659,986.5132289368828,979.312609187155,942.2373031080457,962.3138914875158
2022-10-24,1096,1283,873,1203,988.6673261613914,1000.6161702169497,952.4632912214556,967.0799530422184
2022-10-25,1619,1768,1619,1750,996.2427756523228,1071.9860587677165,983.7392405853201,982.5833203087092
2022-10-26,1333,1666,1128,1129,997.5637430587674,1077.4159579326958,989.4357409545232,985.4826605006159
2022-10-27,1334,1595,1116,1125,998.8317655158941,1081.9477714629154,994.7519864072871,988.2453800946631
2022-10-28,1215,1570,901,1568,1004.4951310331488,1128.2384598950187,1017.2323006658248,999.725669597739
2022-10-31,647,1164,647,905,1003.5051297293364,1106.977654190731,1012.8310339730474,997.8499137641205
2022-11-01,1635,1635,1153,1200,1005.4603025678505,1115.8369252201853,1020.1709934250847,1001.8528857687915
2022-11-02,408,1214,219,220,997.6447771691654,1030.519122818263,988.7917387809638,986.3706504070332
2022-11-03,283,1072,283,879,996.4642321227061,1016.0887301689046,984.4861803973965,984.2444989138246
2022-11-04,1650,1668,1149,1513,1001.6038915045697,1063.4136130099614,1005.2122125386751,994.7149048759271
2022-11-07,1451,1451,935,1246,1004.035693579151,1080.8027927232984,1014.6548708704918,999.6908473536315
2022-11-08,1094,1481,630,1079,1004.7816070758759,1080.6310981782224,1017.1782092677274,1001.2613256238566
2022-11-09,255,696,245,245,997.2215910850712,1001.0471840660107,986.8967108650714,986.2858538293248
2022-11-10,1730,1850,1730,1811,1005.3188886862148,1078.1855474882955,1019.2144869095785,1002.6168270208233
2022-11-11,1423,1495,1236,1293,1008.1813873062524,1098.6440667751244,1029.9511736974382,1008.3669888619951
2022-11-14,620,1060,566,566,1003.7815725071853,1047.9160604155888,1011.7570100230289,999.6072465082922
2022-11-15,1652,1767,1369,1484,1008.559865318059,1089.4478641855328,1030.2763429633023,1009.1991822209993
2022-11-16,520,571,406,478,1003.2806626780783,1031.214734263101,1008.6184471608199,998.6803865334548
2022-11-17,138,706,138,706,1000.3226461340179,1000.24190242852,996.7510570760818,992.8847353149705
2022-11-18,1424,1424,969,1198,1002.2895849784555,1019.0760069591372,1004.6431724848629,996.9464237245751
2022-11-21,579,890,567,837,1000.6449124911077,1001.7354348677908,998.068930426633,993.7791678092369
2022-11-22,1359,1524,1334,1523,1005.8424755508977,1051.3796791660964,1018.654462566765,1004.258788248658
2022-11-23,755,1214,755,1131,1007.0878240528788,1058.9625668645633,1023.0601699170879,1006.7685152140311
2022-11-25,1003,1404,1003,1259,1009.594412868273,1078.0137509727,1032.3127122732806,1011.7631980810801
2022-11-28,402,434,233,256,1002.095960998937,999.7267270705382,1001.8690764978578,996.7975901982865
2022-11-29,1018,1501,1018,1251,1004.5726181034252,1023.6575149685822,1011.6389166351967,1001.8313012834689
2022-11-30,1022,1751,595,1751,1011.9997562317493,1092.9282278287171,1040.6334689240125,1016.6663250204299
2022-12-01,1429,1429,870,959,1011.4723954732244,1080.1731585116966,1037.4321564171885,1015.5244175942828
2022-12-02,310,1209,310,1094,1012.2935656675207,1081.4900005582017,1039.6505032243576,1017.0783895231089
2022-12-05,453,453,195,213,1004.3403958598838,998.7766671717063,1007.2328364312456,1001.1560451761165
2022-12-06,944,944,325,499,999.3121332145117,951.1788893458295,987.3021369633536,991.2123611132231
2022-12-07,756,1247,756,790,997.2294254213325,935.828518931941,979.5647982589084,987.2279579228623
2022-12-08,1217,1630,1147,1242,999.6649535265929,964.9877076050894,989.8563747977747,992.2729488550829
2022-12-09,632,1130,593,594,995.6284863273232,929.6555449760333,974.3325953939404,984.3863558084475
2022-12-12,956,1408,858,1396,999.6122824832703,974.0693025973635,990.8685720451584,992.5371210399635
2022-12-13,1838,1838,1160,1318,1002.7803194734865,1006.8246071119003,1003.6972554943679,998.9819305243207
2022-12-14,1031,1359,562,708,999.8471819662876,978.3651207202907,992.1012846906673,993.2199120980965
2022-12-15,196,313,156,267,992.555170205429,910.6160616040726,963.6659401929941,978.8393197793223
2022-12-16,319,541,269,510,987.7536262232854,872.4621509751133,945.875119008955,969.5553728529991
2022-12-19,943,963,401,526,983.1590627782776,839.4657556441501,929.4094280674274,960.7720981430388
2022-12-20,861,1458,780,1171,985.0281268302351,871.0404455828025,938.8835681432146,964.9350268926815
2022-12-21,1555,1771,1555,1640,991.5452598966009,944.2746888606308,966.378330176814,978.3026501225295
2022-12-22,224,409,112,408,985.7388394001173,893.2009089691421,944.4811407581153,967.009528337925
2022-12-23,611,1449,611,1448,990.3384529384246,946.0389176387476,964.2269783754441,976.5340921332136
2022-12-27,827,1156,663,1014,990.5738912176442,952.5114016731526,966.178861576407,977.2759912988924
2022-12-28,1157,1157,271,292,983.6229072254289,889.6055538947571,939.7404748479205,963.7061696890133
2022-12-29,1624,1831,1624,1781,991.5570076510465,974.5002630476374,972.7310444617275,979.8902059327952
2022-12-30,322,832,252,755,989.2032065798918,953.5954760907196,964.1925721298951,975.4369345281854
2023-01-03,1536,1536,723,1021,989.519592584072,960.0149545582701,966.420314399311,976.3391734484193
2023-01-04,1587,1707,1414,1563,995.2258652946783,1017.4421017431968,989.8155961875733,987.9562195187476
2023-01-05,328,758,328,667,991.959936286771,984.0666634819399,977.1561610429626,981.6006508154061
2023-01-06,1645,1753,1357,1713,999.1344642839176,1053.4888860074695,1006.0127821785327,996.083806244804
2023-01-09,1415,1612,1112,1112,1000.2575044402965,1059.061373054377,1010.1691436617275,998.3791764181742
2023-01-10,1085,1457,835,1457,1004.8022058886518,1096.9602899063411,1027.6919223416598,1007.4607768851411
2023-01-11,1442,1596,1342,1494,1009.6698456310532,1134.7735956295467,1045.978513622379,1017.0952169468214
2023-01-12,1238,1530,1210,1462,1014.1706431869632,1165.9380150933994,1062.293081715619,1025.9052126508448
2023-01-13,366,1244,366,1212,1016.1390944985357,1170.32487079879,1068.163941256183,1029.5902579448875
2023-01-17,1029,1218,903,919,1015.1725363443213,1146.3891688179529,1062.3143749324113,1027.400351846969
2023-01-18,1459,1470,375,375,1008.8026603607957,1072.9235336924335,1035.360870033101,1014.4815329985141
2023-01-19,412,801,384,660,1005.3319871233748,1033.5974828645826,1020.6408359141559,1007.4620967015138
2023-01-20,1005,1652,1005,1652,1011.766494714187,1092.4929606870032,1045.4000188194832,1020.2252234995036
2023-01-23,984,1611,984,1416,1015.7887186473793,1123.3031549072887,1059.9333514147975,1028.0623477866422
2023-01-24,487,1022,487,847,1014.1092289095944,1096.9885687256422,1051.5830239083348,1024.4769547611643
2023-01-25,211,1145,211,1145,1015.4116246418373,1101.5610859898668,1055.246434735459,1026.8635497163887
2023-01-26,1093,1328,883,1328,1018.5219567349534,1123.1266968479747,1065.9426529811271,1032.8266477418067
2023-01-27,635,1293,635,1116,1019.49188751371,1122.4479638148343,1067.9056861975535,1034.4736448162264
2023-01-30,352,985,352,410,1013.4272916180512,1054.5957767848502,1042.1054632094142,1022.1078300673902
2023-01-31,1265,1757,1265,1757,1020.826025034787,1121.491417091055,1070.1405430835548,1036.6601502640756
2023-02-01,965,1562,652,1405,1024.6486516513562,1148.4922345109544,1083.272286492043,1043.9540086746879
2023-02-02,1424,1460,1181,1289,1027.279013326467,1161.873926462292,1091.3400399629431,1048.8064045425158
2023-02-03,379,877,379,579,1022.8185256316764,1106.3621239420738,1071.2482736898864,1039.503307422862
2023-02-06,432,507,287,482,1017.4372467696696,1046.8990645190192,1048.1404982510674,1028.4636379689439
2023-02-07,527,1363,442,1269,1019.9403587421107,1068.0515345648269,1056.801655182398,1033.2267342467867
2023-02-08,559,731,354,452,1014.2892108939304,1009.3799598443671,1033.0839432144608,1021.7172939646721
2023-02-09,1592,1592,355,416,1008.3360844173739,952.8675827163322,1008.8845728923251,1009.7228921039855
2023-02-10,710,1155,710,1126,1009.5068696470518,969.3563843623958,1013.4773347396849,1012.0254090920254
2023-02-13,875,1557,875,1518,1014.566502784892,1021.6081572802628,1033.262537298913,1022.0447079218862
2023-02-14,659,1330,417,897,1013.3966868367836,1009.7407137297616,1027.9189083852302,1019.5685750917498
2023-02-15,351,1277,351,1276,1016.0096551269648,1035.0987409935938,1037.6475786446329,1024.646425089933
2023-02-16,214,938,214,516,1011.0344346779403,985.6607656608705,1017.1908108546472,1014.5742186525086
2023-02-17,468,910,468,890,1009.8301119448265,976.5502165503115,1012.2029359191708,1012.1074024415678
2023-02-21,314,338,193,200,1001.7721008806989,902.5930530693295,980.3518403929288,996.0260677397546
2023-02-22,1326,1436,899,986,1001.6151645535277,910.5365718246314,980.573336848108,995.8275317449079
2023-02-23,1547,1588,628,1243,1004.0170037121991,942.1997554603809,990.8645785403392,1000.7220360667909
2023-02-24,156,532,156,532,999.3203171080976,903.1331120832017,972.8698891858161,991.4404115902208
2023-02-27,1599,1708,1014,1074,1000.0633985299075,919.4061490276587,976.8357758844115,993.075254925068
2023-02-28,865,1330,821,821,998.281673171401,910.0341348345484,970.7245689869836,989.6678241344725
2023-03-01,1177,1177,814,937,997.6719052791483,912.6023124693533,969.402036869847,988.624896923889
2023-03-02,292,1222,292,1222,999.9040256246294,942.0687589008434,979.3078393455394,993.2461860937129
2023-03-03,1353,1688,1150,1613,1006.0044830811007,1005.9669723388582,1004.1585123123809,1005.5185388443325
2023-03-06,954,1016,498,534,1001.3079210603933,961.0177368780146,985.7209235942483,996.1815380751378
2023-03-07,813,813,307,339,994.7177924926282,901.7779524134418,960.359318747415,983.1680422716697
2023-03-08,1161,1330,723,1044,995.2081627165821,915.3229093264473,963.6393454632027,984.3726354940129
2023-03-09,1129,1158,177,177,987.0667879631833,845.0064417715475,932.7907436803321,968.3850585535374
2023-03-10,398,729,145,198,979.215377137679,783.3867806504478,903.9754203987504,953.1299088792099
2023-03-13,552,807,541,561,975.0540301014831,762.207087255167,890.5254039125249,945.3649601885325
2023-03-14,1623,1783,1211,1486,980.138069602961,831.1397456118178,913.8773488571318,956.0706045412347
2023-03-15,92,395,92,394,974.3058500049216,789.5073888868828,893.4900018431266,944.9404935602201
2023-03-16,433,1548,433,1476,979.2978315969124,854.8876375643225,916.3335311826119,955.4565233907108
2023-03-17,326,326,171,245,971.9913855113709,796.8031006534346,890.0067260381957,941.388077382974
2023-03-20,1510,1602,1352,1396,976.2103767003125,853.8694720197742,909.8495995268938,950.3902936724201
2023-03-21,1731,1731,1542,1592,982.3376366336428,924.1676175417005,936.6005956238783,963.0954363719761
2023-03-22,660,992,233,233,974.8815407467408,858.3421301567766,909.0084154033341,948.6381009982737
2023-03-23,1599,1709,537,694,972.0866995452807,842.6904987132741,900.5767128384974,943.5957623646445
2023-03-24,281,1284,281,1282,975.1704139776659,884.5294988358195,915.5344888056152,950.2968363772259
2023-03-27,1650,1650,1332,1494,980.3328974206743,942.5743084705033,938.2194108132381,961.0632356568848
2023-03-28,622,1407,622,1210,982.6181422224586,968.043421949503,948.8774731342876,965.9926765349662
2023-03-29,1612,1650,1403,1568,988.4428373247226,1025.182143668598,973.1567879133352,977.9136136332837
2023-03-30,1656,1674,1114,1264,991.1846996398996,1047.9267014144457,984.5624040735966,983.5786905910405
2023-03-31,1632,1685,1518,1675,997.9888319817911,1107.6479679464032,1011.6383882275732,997.2702016684457
2023-04-03,1157,1229,628,939,997.4018784297335,1091.5862567134125,1008.7898239833546,996.1163362888725
2023-04-04,580,580,317,449,991.9451433209799,1030.3875655978493,986.8372818663603,985.2823494316671
2023-04-05,533,649,409,643,988.4730523426617,993.4935117313875,973.3534668912089,978.5044811260894
2023-04-06,825,1083,664,993,988.5180965979587,993.4465106141124,974.123919169985,978.7915211037906
2023-04-10,500,1363,500,1363,992.2442846915113,1028.642081031816,989.3739615554758,986.3996097948046
2023-04-11,1398,1636,1398,1435,996.6498141970684,1067.342835219262,1006.849492474869,995.2827858384719
2023-04-12,1412,1412,774,785,994.5438458966,1040.453041388856,998.1495123778153,991.1187702773141
2023-04-13,1412,1412,774,1404,998.6180364846936,1075.076561256584,1014.0652177747637,999.2946362124168
2023-04-14,1088,1382,408,650,995.1492003007662,1034.5930792321474,999.7881504110475,992.377910742864
2023-04-17,1006,1291,945,1290,998.0830391037437,1058.9175478767047,1011.169007257673,998.271417460827
2023-04-18,1026,1026,691,847,996.5797252818159,1038.7349242693995,1004.7310069730584,995.2759438477414
2023-04-19,410,991,410,912,995.7381359755291,1026.6649314818376,1001.0944968956835,993.626915256697
2023-04-20,395,778,395,649,992.2880052693049,990.6968427692816,987.286869566441,986.8026199050793
2023-04-21,998,998,529,842,990.7926022317994,976.5352386960167,981.5893452697179,983.9352412930975
2023-04-24,875,1234,804,1020,991.0832231051148,980.6747397725865,983.0956454552191,984.649394930858
2023-04-25,308,381,225,242,983.6296586961087,910.3247645561496,954.0330711236419,969.9434663183657
2023-04-26,868,962,488,523,979.0462790075902,873.4366917412782,937.1298134325186,961.0931006486951
2023-04-27,1401,1583,1091,1577,984.9960672761714,940.4427210992517,962.222761925361,973.2892768734735
2023-04-28,860,1511,860,1413,989.2548128754134,985.4481762326562,979.9003006733861,981.9964199056819
2023-05-01,952,1338,820,866,988.0283968269018,974.0721594485938,975.4336222156063,979.6994610956684
2023-05-02,197,378,152,357,981.7495073062362,915.3033823582515,951.1813233051904,967.3687786977343
2023-05-03,1413,1413,785,787,979.811701263388,903.0840126098466,944.7428400383202,963.7971197136208
2023-05-04,715,715,410,575,975.7837241363892,871.8379161708136,930.2431208211311,956.0981668480046
2023-05-05,1659,1707,1611,1683,982.8207020056789,949.0914479640695,959.7629984359887,970.4922625539847
2023-05-08,1249,1249,856,939,982.3846751200502,948.1303576817771,958.9487632032049,969.8686533944998
2023-05-09,363,960,363,816,980.729106213383,935.5465140930364,953.3429293520987,966.8217493668859
2023-05-10,1568,1568,671,1013,981.0502096341454,942.9230365603663,955.682422318683,967.7361701715021
2023-05-11,325,610,325,609,977.3482174984823,911.1208426022362,942.0870332081464,960.6324836334525
2023-05-12,1309,1348,509,809,975.6731108567063,901.3950480686899,936.8679338666504,957.6298601951663
2023-05-15,1118,1493,1107,1359,979.4873087586296,944.976472062148,953.4221325385465,965.5777837556581
2023-05-16,414,423,257,307,972.795892751081,884.2168080562292,928.0722449880153,952.5366395228727
2023-05-17,1472,1605,1132,1545,978.489465957538,947.1485406223026,952.265490282603,964.268587255093
2023-05-18,440,1260,440,1214,980.8328543559704,972.5629653249404,962.5295887028931,969.2137637450912
2023-05-19,1443,1443,611,725,978.287253815115,948.9855400558985,953.2147028714071,964.3778476313271
2023-05-22,1250,1424,994,1223,980.7222065134721,975.08215528867,963.7945184450774,969.4990783713008
2023-05-23,750,1300,746,747,978.3966124188107,953.3600452611777,955.2927726237018,965.0931560273146
2023-05-24,506,506,261,403,972.6712729917579,900.9448028553512,933.6342325208116,953.9625984822193
2023-05-25,673,673,383,593,968.8934493798996,871.6167263929368,920.276027323917,946.8148242548486
2023-05-26,1162,1417,1077,1326,972.4467483910449,914.8913238793237,936.18677135043,954.3234415963368
2023-05-30,1229,1229,696,784,970.5716563672535,902.4254835098643,930.218662670021,950.9507001785876
2023-05-31,543,619,337,619,967.0734309307634,875.4325803184487,918.0140092319809,944.3774189869324
2023-06-01,906,1488,793,1397,971.35130723991,925.1056679071678,936.7977735758249,953.3402423733298
2023-06-02,1705,1772,1684,1766,979.2582594066771,1005.1908423921994,969.3155079454003,969.4325148015807
2023-06-05,705,765,511,574,975.2258389150684,964.1250478786567,953.812939006365,961.6021679738267
2023-06-06,565,1630,565,1600,981.4424972343214,1024.6845671283083,979.1536080649389,974.2437092020677
2023-06-07,1577,1577,1392,1436,985.9654574608456,1063.857465497041,997.0691528467061,983.3873981287595
2023-06-08,861,861,433,812,984.2344578841208,1039.8710402116085,989.8115390095803,979.9935882648236
2023-06-09,755,898,599,656,980.9684433778111,1003.3118935247886,976.7208904209693,973.5778736457182
2023-06-12,823,1193,823,1058,981.7349265282807,1008.5202846176659,979.9083064828922,975.2495989200604
2023-06-13,1584,1647,1404,1433,986.2251262643176,1048.9469241778881,997.6766081894455,984.313963297881
2023-06-14,1406,1406,560,675,983.128358838802,1013.3329313990416,985.0226235545653,978.1889343216853
2023-06-15,1115,1525,1026,1525,988.5201164622965,1062.0631284086567,1006.1982069445824,989.0168762163054
2023-06-16,1304,1304,638,776,986.4054884377961,1034.8190209411655,997.1708262800889,984.798720251626
2023-06-20,399,597,399,543,981.9934935279673,987.979114184864,979.360205641654,976.0502307416929
2023-06-21,345,1212,345,959,981.7647025475895,985.2191985482103,978.5617662047264,975.7126024101742
2023-06-22,363,600,326,574,977.7073423232354,946.0554653531427,962.6965989025803,967.757897411953
2023-06-23,210,497,210,415,972.1082642901683,895.4787543671291,941.2183009064006,956.8121964731024
2023-06-26,1132,1506,1132,1271,975.0823114116592,931.2426825226406,954.15091655713,963.0337371370014
2023-06-27,1180,1542,1180,1484,980.1461690095532,983.8862365681034,974.9293119862622,973.3499007580508
2023-06-28,445,929,445,928,979.6273016562243,978.5637378473317,973.0889468103303,972.4518829212577
2023-06-29,1027,1596,1027,1547,985.272801142232,1032.7005247190143,995.5952626216899,983.8290733584605
2023-06-30,1607,1607,1223,1313,988.5337682950455,1059.395712841013,1008.0425072247609,990.3473095295801
2023-07-03,1171,1364,1171,1311,991.7423875159903,1083.3580259037735,1019.9231932159468,996.6968677567171
2023-07-05,274,645,274,512,986.9688314213039,1028.9429758176998,1000.004636619243,987.0989099793563
2023-07-06,139,296,87,293,980.0636689195994,958.8531685969665,972.278964594959,973.354377108478
2023-07-07,1326,1657,1326,1398,984.2222393781109,1000.6766763496364,988.9739071598626,981.7632013241517
2023-07-10,1039,1519,1039,1335,987.7125653544481,1032.5169928877663,1002.5435578594759,988.7579894167428
2023-07-11,1489,1563,1270,1555,993.3572164454486,1082.2772792794076,1024.2085163747906,999.9707024975994
2023-07-12,1772,1772,1360,1360,997.0054033464888,1108.7270622051783,1037.376809850289,1007.099995517449
2023-07-13,1183,1447,1183,1361,1000.6272401291109,1132.7530562808756,1050.0679153463561,1014.1079163982915
2023-07-14,506,506,283,467,995.3175163467316,1069.3480033017447,1027.202506901401,1003.2740962715927
2023-07-17,640,1296,640,1164,996.9959490198985,1078.362479177769,1032.5671144738951,1006.4567874345315
2023-07-18,1517,1591,1256,1373,1000.7372828604965,1106.4231954465529,1045.917423710213,1013.7150688714715
2023-07-19,1266,1406,1043,1189,1002.6105437275562,1114.2876530230717,1051.528505133342,1017.1860576066899
2023-07-20,716,870,577,860,1001.1915333422074,1090.0697813065888,1044.0175833634069,1014.0734624065575
2023-07-21,1120,1120,795,830,999.4881350004939,1065.3012307059612,1035.6247369569987,1010.4284433490019
2023-07-24,1486,1486,1048,1202,1001.5031784333248,1078.3201611149173,1042.149257076332,1014.2219395203088
2023-07-25,895,1166,855,1010,1001.5877239215505,1071.8134791039727,1040.888501896868,1014.1383367575304
2023-07-26,1325,1325,1040,1186,1003.4226719422315,1082.6883858559752,1046.5791488813047,1017.5415380098565
2023-07-27,1161,1161,413,424,997.6572722214133,1019.9561586315966,1022.1642802977242,1005.7882402274831
2023-07-28,1596,1609,1283,1387,1001.5313292142351,1054.912714952397,1036.4715634233037,1013.3369879457508
2023-07-31,1443,1480,1245,1357,1005.068330913596,1083.6829325759782,1049.0413060341546,1020.1421961052409
2023-08-01,708,708,414,703,1002.0626758796299,1047.4274151877898,1035.4710587386976,1013.8621526180084
2023-08-02,310,478,288,444,996.5098134330664,989.9581375508575,1012.2761152587486,1002.5777535562656
2023-08-03,514,971,514,848,995.0321038466677,976.4383149269663,1005.8339146603663,999.51680794129
2023-08-04,1252,1451,903,914,994.2258142561536,970.4918087434457,1002.2325846736853,997.8234058038388
2023-08-07,1391,1391,1019,1271,996.9797862536049,999.1116364821652,1012.772483313933,1003.2328433126737
2023-08-08,225,654,223,654,993.5670520620267,966.2438615791018,998.702974164367,996.3173414648979
2023-08-09,931,976,644,777,991.4121560216086,948.2206366668064,990.0087398834114,991.9744238121277
2023-08-10,1511,1643,700,834,989.8458659119408,937.3424807937772,983.8907500840619,988.8462174000064
2023-08-11,724,1174,724,1013,990.0762553058519,944.5479588134175,985.0322892964516,989.3245101247587
2023-08-14,317,711,315,708,987.2695263973359,922.0195817835682,974.1682779514928,983.7537277460506
2023-08-15,269,345,202,273,980.1623669306957,860.208193042276,946.6714827377087,969.6793965035545
2023-08-16,1206,1210,490,490,975.2851294487982,824.9502698953926,928.7627971401515,960.180794592593
2023-08-17,1393,1393,606,607,971.6206007975663,804.1931013339266,916.1446482326946,953.1871154917495
2023-08-18,732,1265,732,1173,973.6243759140085,839.3175678735527,926.2174071255301,957.5398458780516
2023-08-21,935,935,471,745,971.3495065019288,830.3349423617857,919.1108421402153,953.3311360586841
2023-08-22,1216,1216,745,791,969.5549840491733,826.588757374949,914.0868875464813,950.116658116928
2023-08-23,1195,1514,1195,1458,974.4151334616193,886.7231614344777,935.4168135250507,960.1737539958007
2023-08-24,1253,1253,447,448,969.1771719346381,844.9400032026226,916.302428680931,950.0316994612303
2023-08-25,1428,1428,572,1179,971.2649612686217,876.755240992849,926.6042942228553,954.5657252144733
2023-08-28,1692,1707,1402,1497,976.4961556838593,935.8261704221015,948.9727532729394,965.3069979825036
2023-08-29,1023,1635,1018,1617,982.8693282641194,1000.6998684771395,975.1699002034123,978.2118099036421
2023-08-30,1044,1423,1044,1136,984.3930165400983,1013.5855952888405,981.4769629405334,981.3363285194116
2023-08-31,1110,1283,751,771,982.2697029426844,990.482205261332,973.2229643938458,977.171252707146
2023-09-01,1698,1698,1348,1358,986.0083128636527,1025.4838999983479,988.3122599078126,984.7124160198757
2023-09-05,374,482,365,365,979.8291256709796,962.5806714270766,963.8686418722122,972.4408830293831
2023-09-06,1145,1145,485,728,977.3233632264922,940.2396551006883,954.6188912105567,967.6004695040489
2023-09-07,681,714,449,658,974.1460163287162,913.3596879482418,942.9867778297506,961.4697671376321
2023-09-08,807,1141,801,959,973.9953096985797,917.7063843341235,943.6147473266232,961.4208608576789
2023-09-11,1630,1630,1091,1098,975.2291872140167,934.8772048737308,949.6690709608732,964.1253982664377
2023-09-12,1095,1190,914,956,975.0378520178574,936.8888996476612,949.9173426878978,963.9644992908648
2023-09-13,676,819,590,650,971.8036445350926,909.5661473002649,938.1558782687645,957.7473804930258
2023-09-14,1694,1694,1543,1625,978.303110758624,977.7027047002397,965.0909418660679,970.9603036515798
2023-09-15,696,708,459,580,974.3398957261999,939.8262566335502,949.9893363026927,963.2185154604595
2023-09-18,662,941,662,764,972.246961440367,923.0808988589264,942.695636839842,959.2735943622325
2023-09-19,1168,1168,587,751,970.0454991374778,906.692241824743,935.1781608853383,955.1493647709012
2023-09-20,1607,1636,665,665,967.0102205390949,883.6739330795293,924.5829388898348,949.4038327952399
2023-09-21,214,455,214,308,960.4529049118403,828.8478442148122,900.4032157961159,936.7027667992945
2023-09-22,1235,1295,791,792,958.7767566042597,825.3385257181634,896.1521092943074,933.8373654765362
2023-09-25,728,1207,728,1091,960.0924107674015,850.6396185069098,903.7932030474718,936.9494968532384
2023-09-26,730,730,251,251,953.0367648891189,793.5310834110136,878.1934695946297,923.366338499709
2023-09-27,1364,1478,889,1130,954.7975930991774,825.5757421337742,888.0682354928796,927.458094172982
2023-09-28,1128,1564,1128,1387,959.0981145608772,879.0447190734147,907.6341870421784,936.5579338923288
2023-09-29,1386,1402,657,747,956.9876855602714,866.4690315426134,901.3348071581714,932.8043114390154
2023-10-02,421,519,274,347,950.9181563507165,816.9957904433169,879.5961872696157,921.2042260639853
2023-10-03,278,378,246,347,944.9090204666297,772.2342865915724,858.7100622786504,909.8338453498469
2023-10-04,951,1178,539,1158,947.0293287206931,808.973878344756,870.4469225814485,914.748026630048
2023-10-05,678,1051,595,935,946.9096339075519,820.976366121446,872.9784158135485,915.1490558056906
2023-10-06,479,1583,445,1375,951.1692395403126,873.7405217289273,892.6655367620368,924.2550150966671
2023-10-09,710,1364,662,1249,954.1327296941403,909.4795196595056,906.6394372811726,930.6856088571291
2023-10-10,1408,1703,1408,1432,958.8876279061388,959.243374930029,927.2418122897541,940.6126265035225
2023-10-11,1423,1423,832,1133,960.6200893200081,975.7916249366929,935.3107608274108,944.4222774638488
2023-10-12,425,426,157,267,953.7183968889633,908.2876606570078,909.1024956969242,931.0079749398121
2023-10-13,1182,1182,601,693,951.1241839845954,887.784073927769,900.627888022535,926.2949457330832
2023-10-16,1385,1699,1385,1629,957.8692169797736,958.3760668870291,929.1915002569453,940.2098973027252
2023-10-17,1235,1671,1235,1381,962.0794735272385,998.6259652787406,946.9094806390259,948.9384141878197
2023-10-18,357,436,277,288,955.3722150841814,930.9473019188606,921.0698931629856,935.850524797962
2023-10-19,601,1022,337,358,949.4282129440403,876.3808922123025,898.9887208820842,924.4079401484973
2023-10-20,785,791,402,403,943.9911162978309,831.2969977158928,879.5381828082769,914.0830304425865
2023-10-23,241,1118,241,513,939.702647478947,800.9829979334268,865.1641364236386,906.1407922160006
2023-10-24,1452,1558,1113,1245,942.7404320811465,843.2703314635766,880.0596604854567,912.8508755384561
2023-10-25,505,710,370,489,938.2256019111849,809.5302998956168,864.7239875252427,904.4577888941302
2023-10-26,1059,1323,896,1039,939.2283322404268,831.3845570484152,871.5583409556253,907.1219910942465
2023-10-27,602,769,411,433,934.1912344071887,793.4431706628519,854.35997464364,897.7334368151525
2023-10-30,1627,1627,1057,1356,938.3883365523908,847.020011552104,874.0321325007521,906.8080222247534
2023-10-31,1041,1357,1014,1332,942.3048705170436,893.2085818804751,891.9916567164089,915.2276653490156
2023-11-01,572,1189,572,1142,944.2918867308043,916.9030026537632,901.7959054726282,919.7182066292331
2023-11-02,1635,1705,1578,1704,951.8511714399506,991.8646214486429,933.2548895717408,935.2485391712285
2023-11-03,1675,1702,1571,1574,958.0417070475132,1047.3060860725816,958.3821488042215,947.897082950016
2023-11-06,556,567,452,527,953.7527348380852,997.7531254942405,941.4652017922913,939.5624872480355
2023-11-07,432,818,432,733,951.5561902128306,972.5385421138367,933.2900958396524,935.4721409658962
2023-11-08,969,991,537,650,948.5556311062353,941.8205857220427,922.1806803165288,929.8192272834032
2023-11-09,1203,1203,526,555,944.6396546773175,904.980529938991,907.7814379511747,922.3970643669002
2023-11-10,1171,1433,822,1415,949.3198571183392,953.5538128019442,927.6723619530894,932.1515779437932
2023-11-13,523,1043,523,862,948.4510028186543,944.8344020589019,925.096975209831,930.7624377864904
2023-11-14,1779,1813,1765,1796,956.8843261736926,1025.8977923390064,959.250035005524,947.8958548600252
2023-11-15,1259,1539,1056,1056,957.8705517839046,1028.764669259101,963.0441512798171,950.0365310014108
2023-11-16,739,739,429,524,953.5534318656568,980.6918436153771,945.8267335825694,941.6001640508879
2023-11-17,1505,1536,1303,1438,958.37379572769,1024.2450013662935,965.1276459910961,951.4298637726524
2023-11-20,917,1275,887,1207,960.847688307514,1041.6502393314083,974.6128363443864,956.4906585494316
2023-11-21,456,704,418,578,957.0382585731109,997.493073680798,959.0593917818614,948.9957940237002
2023-11-22,1449,1453,1144,1341,960.8587734131794,1030.2080190445315,974.0374548492395,956.7582535479834
2023-11-24,1216,1499,1216,1452,965.7457507921528,1070.3786838974333,992.7810840708379,966.565020804459
2023-11-27,361,810,361,699,963.0915642171065,1035.0092854310112,981.2602572445305,961.2667035608064
2023-11-28,481,1128,481,826,961.7274690507671,1015.1036391994863,975.1716197055293,958.5881549754439
2023-11-29,1490,1490,1152,1154,963.6406285626998,1028.3318640376306,982.1844973641361,962.4576964610786
2023-11-30,775,1286,775,1185,965.8432093730212,1043.2526388911895,990.1380464871111,966.8644747489781
2023-12-01,977,1724,977,1694,973.0885505732896,1105.2285780444095,1017.7404760366361,981.2631980212756
2023-12-04,1052,1125,877,1106,974.411052557635,1105.3020468020848,1021.201633839121,983.7332337040226
2023-12-05,275,504,275,362,968.3174102436287,1034.5113756780768,995.3505893748418,971.4216845217647
2023-12-06,1468,1552,888,891,967.548082778518,1020.843625613498,991.2584093993578,969.8291759173734
2023-12-07,840,1288,840,1241,970.2689973777368,1041.8108993645935,1001.0521972660497,975.1988952061382
2023-12-08,1232,1232,1232,1232,972.8732859610429,1059.9241470441561,1010.1089738438517,980.2840655980958
2023-12-11,949,1075,837,1044,973.5810144589431,1058.4075616113794,1011.4380336931124,981.5457672694207
2023-12-12,420,960,420,821,972.0627954096003,1035.7973176483908,1003.9698755090687,978.3666431650757
2023-12-13,879,1734,760,1728,979.5845586393556,1101.7213826342584,1032.3632137243994,993.210868052896
2023-12-14,1632,1632,1393,1472,984.4842147722973,1136.9860128595672,1049.6038720097172,1002.6918409627397
2023-12-15,550,758,386,510,979.7629788044137,1077.2730592538942,1028.4429358524733,992.9355668842695
2023-12-18,1021,1129,956,978,979.7454367267578,1067.8184821820948,1026.4647815053174,992.639813084581
2023-12-19,1615,1667,1572,1631,986.2255816349493,1121.4548172123716,1050.1720449756972,1005.2806088650843
2023-12-20,655,1285,265,266,979.0591579370891,1039.9829298588124,1019.4202000746894,990.6413888875579
2023-12-21,1680,1715,1332,1663,985.864539450153,1099.317888919878,1044.6586236011722,1003.9554207907746
2023-12-22,1597,1597,1091,1295,988.9405141819923,1117.9542804513183,1054.4759324795575,1009.7186797850167
2023-12-26,1274,1634,1157,1518,994.2047876727187,1156.0538727892879,1072.6533468921239,1019.7836564229372
2023-12-27,1015,1295,845,1038,994.6405609297066,1144.8106468093556,1071.2943921120407,1020.1443760977305
2023-12-28,825,1126,749,895,993.6491125622468,1121.019156637036,1064.3808865390195,1017.6662696403497
2023-12-29,807,807,294,397,987.7123054720753,1052.0649512430327,1038.209087066901,1005.3758484593527
2024-01-02,889,1055,693,798,985.8246208405124,1027.8682892198867,1028.789122868199,1001.2693960146131
2024-01-03,276,564,276,394,979.9358186430943,967.4998807227546,1003.8954317753285,989.2442594598683
2024-01-04,1159,1279,865,866,978.8021289053521,957.8332254158256,998.4877677841391,986.8037790745244
2024-01-05,1483,1502,961,1073,979.7394211550501,968.8014896619375,1001.4098161063298,988.5106349344348
2024-01-08,722,1404,722,1404,983.9609194520148,1010.248966836991,1017.1976664551012,996.738147113951
2024-01-09,196,461,196,415,978.2996167709002,953.5585890429919,993.582071692156,985.2185798443678
2024-01-10,978,1131,724,1052,979.0329539174585,962.933961515088,995.8729708414832,986.5409842038853
2024-01-11,490,693,241,693,976.1868548735036,937.2259651803176,983.9955994359348,980.7282914473727
2024-01-12,1637,1637,873,953,975.956139899638,938.7282542107636,982.7800857325648,980.179216369207
2024-01-16,259,449,259,423,970.4540887563579,889.6112776192623,960.8279255077583,969.1459645599158
2024-01-17,290,561,290,440,965.1759386194788,846.7911559412373,940.4033009780424,958.6678266478383
2024-01-18,1059,1203,686,1194,967.4527949516232,879.8586648992148,950.3482695671387,963.3278696845148
2024-01-19,708,1353,543,1351,971.2691850516071,924.7292682421466,966.0601021331332,971.0045455323461
2024-01-22,1519,1591,1350,1433,975.8635215187553,973.1360046000375,984.371470676932,980.1529703732898
2024-01-23,1372,1372,743,895,975.0589093643398,965.6944803524149,980.8667071209738,978.4667729401554
2024-01-24,1220,1243,638,649,971.8145421069831,935.5331012712325,967.8523264495631,971.9426784264889
2024-01-25,1588,1588,1179,1447,976.5427556183564,984.244234483496,986.6424312946782,981.3497541012119
2024-01-26,1487,1487,985,1112,977.8905888957858,996.4114502469725,991.5584143811614,983.9368876833662
2024-01-29,567,1351,567,1339,981.4837173644844,1029.0389311758322,1005.183574601508,990.9678404025075
2024-01-30,534,889,507,785,979.5286555001611,1005.7971282067053,996.5489246171351,986.8892693054281
2024-01-31,854,1013,248,248,972.2497634056322,933.6259731394001,967.1940648282279,972.2577986261127
2024-02-01,1415,1453,880,1451,977.0134473518448,982.8996899832667,986.16684659967,981.7378422176748
2024-02-02,256,839,256,636,973.6202787214781,949.8616242705747,972.4348133996829,974.8915483123743
2024-02-05,222,424,154,323,967.1464451023589,890.1605171971867,946.9667815016561,961.9828047814362
2024-02-06,1471,1572,1383,1497,972.4186197779574,947.9547536545974,968.5367116388461,972.5772046867544
2024-02-07,765,1097,765,972,972.4144544070324,950.2447771160644,968.6725268686953,972.5657748909771
2024-02-08,787,1296,787,1287,975.5446588407933,982.3167031050107,981.1559571875699,978.7921951901657
2024-02-09,876,1364,836,1325,979.0218264145168,1014.9532075712001,994.6400372978613,985.6477952854099
2024-02-12,1528,1737,1528,1608,985.2803157039245,1071.4338544691811,1018.6933691685334,997.9716013193622
2024-02-13,122,198,110,147,976.9392180352288,983.3925349959258,984.5093154756497,981.120678520959
2024-02-14,1725,1727,1460,1612,983.2582307910972,1043.2599126153614,1009.1167933001341,993.6133383522272
2024-02-15,1542,1642,1437,1641,989.8029250120812,1100.187539985327,1033.8965268962072,1006.4328762066385
2024-02-16,448,1019,448,650,986.4218013801202,1057.3125361772006,1018.8417611355716,999.3747994500715
2024-02-20,496,756,496,620,982.7758133066861,1015.6637232079435,1003.200907757706,991.8624271837334
2024-02-21,967,1001,762,992,982.8675962588584,1013.4100352833774,1002.76165647309,991.8651513979169
2024-02-22,1109,1224,978,1157,984.6002569926011,1027.0852700182938,1008.8102189643414,995.1351483999383
2024-02-23,878,1344,878,1139,986.1365728434209,1037.7438157308372,1013.915700573583,997.9839573425138
2024-02-26,888,1268,691,802,984.3043681385112,1015.2920237564717,1005.6052809432464,994.1030869000878
2024-02-27,1411,1411,1126,1243,986.8784540276803,1036.9784976844269,1014.9148777690015,999.0317386446404
2024-02-28,663,1049,663,783,984.8498126940715,1012.7900693335291,1005.8201766800211,994.7538824338554
2024-02-29,1569,1569,1205,1327,988.2542921697524,1042.7148246350978,1018.4154638690399,1001.3330134747692
2024-03-01,629,1246,629,1235,990.7094733421926,1061.0276984793743,1026.9089750898618,1005.9600825148729
2024-03-04,1018,1053,863,874,989.5481850502305,1043.2155367194339,1020.912544694181,1003.3470115739843
2024-03-05,961,1036,653,696,986.6273075870441,1010.1473903652021,1008.1708762748013,997.2609321368757
2024-03-06,1353,1512,1276,1351,990.2529065165263,1042.6095436637543,1021.6151556365738,1004.2656661539672
2024-03-07,1590,1590,1280,1336,993.6931761034266,1070.5514918862539,1033.9439730625904,1010.8346628637896
2024-03-08,1540,1540,886,997,993.7260798237905,1063.5465878970867,1032.4951898052338,1010.5607091437146
2024-03-11,827,991,667,960,993.3904969399717,1053.6850080973643,1029.6522411854207,1009.559506982453
2024-03-12,648,1076,648,1024,993.6950691097232,1050.857864469044,1029.4305846683453,1009.8454573392361
2024-03-13,1448,1459,1000,1133,995.0811878250494,1058.6809249958017,1033.4921303676258,1012.2841611543007
2024-03-14,607,607,281,383,988.9908277471882,994.3303607104872,1007.9826350590914,999.8230886561958
2024-03-15,1149,1280,937,1113,990.2247498591564,1005.6322311190122,1012.1009630959898,1002.0642156134988
2024-03-18,864,1139,864,871,989.0384339401598,992.8101138695824,1006.5675919941863,999.4688846112514
2024-03-19,1249,1400,1208,1303,992.1624296223473,1022.3520077867651,1018.1923923081398,1005.4794017476622
2024-03-20,905,1621,905,1586,998.0712611683936,1076.0327689499302,1040.4593573156637,1016.9748591387976
2024-03-21,1521,1521,1303,1329,1001.3640844403499,1100.124886192794,1051.774676636618,1023.1535747994154
2024-03-22,916,916,463,484,996.216183102635,1041.4463256030042,1029.5090030430251,1012.4772663875458
2024-03-25,1447,1447,901,902,995.2787086439023,1028.165723164623,1024.5086499825143,1010.2895977462083
2024-03-26,1248,1275,802,803,993.3654876623709,1006.7213685775159,1015.8220362577098,1006.1848532363824
2024-03-27,1585,1678,1541,1675,1000.1479206209543,1070.3669525225143,1041.6721524828977,1019.4287175287313
2024-03-28,1424,1516,1295,1330,1003.4300308635319,1095.093909425132,1052.9791268953331,1025.578643914301
2024-04-01,659,728,514,565,999.067542994243,1044.608775194167,1033.8426905464964,1016.4582747278791
2024-04-02,423,490,339,490,994.0021943077331,991.7888918423416,1012.5155262113398,1006.033358396634
2024-04-03,848,1280,848,1195,996.0021724738253,1011.1423307144996,1019.6717800854049,1009.7752720917501
2024-04-04,1596,1596,431,498,991.0469269765733,962.271632551214,999.2140632193106,999.6411082879531
2024-04-05,953,1404,868,1205,993.1758132753139,985.3886199272888,1007.2840999558082,1003.7076209951224
2024-04-08,1142,1390,1142,1191,995.1442131432212,1004.9706561246899,1014.4886450555804,1007.416380975417
2024-04-09,1390,1390,858,1157,996.7547184850797,1019.4496412556717,1020.0773256416361,1010.37843283729
2024-04-10,134,314,134,299,989.8118854653277,950.8353897075125,991.7997834596111,996.2917311969476
2024-04-11,996,1180,497,1058,990.4903741671652,961.0415430687018,994.3958703827636,997.5136771138397
2024-04-12,617,617,112,171,982.336241090875,885.7994913478731,962.1058362501062,981.1470696462388
2024-04-15,1503,1503,275,340,975.9448357068861,833.8185874099804,937.7095289461805,968.4510880690856
2024-04-16,260,711,260,565,971.855832366519,808.2168171804585,923.0934689875068,960.461957612272
2024-04-17,1570,1570,671,718,969.3299036862552,799.6247393537482,915.0505878507417,955.6607307288607
2024-04-18,1166,1573,955,1034,969.9733872316656,821.9461927486293,919.7152706801244,957.2120033876952
2024-04-19,1487,1592,1146,1349,973.7447963139375,872.141793439236,936.5499659475705,964.9701815384338
2024-04-22,986,1589,986,1420,978.185146599371,924.3187654926421,955.5087908123717,973.9806729931183
2024-04-23,1566,1663,1538,1541,983.7852943944022,983.0503116362,978.4692303883571,985.2087784784031
2024-04-24,767,866,494,849,982.4441471864976,970.2836152898952,973.392005667245,982.5115749441774
2024-04-25,193,715,193,654,979.1760462194678,940.1613662146672,960.8668289744119,976.0063952423125
2024-04-26,1421,1460,1225,1264,982.0101154113139,971.0031408608893,972.7544043087487,981.7092389008806
2024-04-29,1373,1441,1205,1309,985.2637461037386,1003.193317921757,985.9405061005625,988.1902440711601
2024-04-30,377,435,253,253,977.9775396748457,931.7463352625421,957.1977411554424,973.6320214162856
2024-05-01,1035,1529,917,1060,978.7936835586781,943.9609699994428,961.2292022866015,975.3422784179434
2024-05-02,1385,1571,1153,1515,984.1290697919251,998.3456395233054,982.9457041577152,986.0285699344197
2024-05-03,1607,1607,1215,1347,987.7397258138959,1031.550816711562,997.2223432103539,993.1765190446292
2024-05-06,1624,1624,1429,1457,992.4089822734592,1072.069786548556,1015.2528395550459,1002.3611424298841
2024-05-07,1322,1339,1049,1050,992.982027225962,1069.9679021153602,1016.6154732979852,1003.3044861441439
2024-05-08,519,953,519,952,992.5742458605296,1058.732863818659,1014.0815331686524,1002.288555725448
2024-05-09,1124,1470,1124,1465,997.2749996330616,1097.4249720264058,1031.7646102992935,1011.4511585823698
2024-05-10,1188,1188,733,874,996.0483827212898,1076.1464032619863,1025.577762836576,1008.7293534619268
2024-05-13,1421,1508,922,922,995.3115828932173,1061.4657934275115,1021.5158897841613,1007.0119405220867
2024-05-14,1449,1449,1203,1377,999.1094775907973,1091.516670243939,1035.456443125959,1014.338436749372
2024-05-15,1332,1332,1115,1192,1001.0287862714858,1101.0865111730877,1041.5954061406271,1017.8564875068103
2024-05-16,727,963,727,871,999.7349675026153,1079.1735101089841,1034.9053902135438,1014.9484382492496
2024-05-17,862,1103,862,1065,1000.384370811047,1077.8236520033665,1036.0855709894834,1015.939558283918
2024-05-20,796,1163,796,867,999.0571631412854,1057.745208955427,1029.4547642840134,1012.9902601000781
2024-05-21,767,892,691,891,997.9819674881383,1041.8647128644338,1024.0251656846403,1010.5746113852251
2024-05-22,746,769,395,532,993.345330995719,993.3061687821069,1004.7300611479877,1001.0978864072998
2024-05-23,721,721,217,284,986.2871684982491,925.7532003266681,976.4661371814,986.8979282606206
2024-05-24,1448,1500,1257,1365,990.0554553788636,967.5862288669854,991.7027592527177,994.385097998034
2024-05-28,1195,1195,594,686,987.0300279621584,940.7684927844153,979.7144157526111,988.2784623941125
2024-05-29,208,342,208,314,980.33321176353,881.0762553763758,953.6079680760381,974.926413633833
2024-05-30,1420,1553,1420,1458,985.086115129067,936.021373911959,973.3880477593307,984.4922272252422
2024-05-31,1599,1599,1071,1466,989.8713279138524,986.4955287774867,992.7061635334745,994.0270346069206
2024-06-03,830,886,524,719,987.1760908201823,961.0197641320118,981.9725884929461,988.5809547137142
2024-06-04,412,593,395,526,982.5872739961009,919.5893104051536,964.0913105128305,979.4209358084921
2024-06-05,863,1301,863,1296,985.7058085832043,955.4379475094247,977.1073375515431,985.6898281687199
2024-06-06,821,1007,666,776,983.6191836221774,938.3486191751938,969.2207752946198,981.5375543435968
2024-06-07,471,751,441,441,978.2199877652403,890.9820840156515,948.5062350869877,970.8338403961988
2024-06-10,532,1057,532,989,978.3272515685712,900.3171236332084,950.0942258678901,971.1935663289473
2024-06-11,218,647,213,647,975.0304629957496,876.1916832871885,938.2081777946396,964.7738917481761
2024-06-12,1655,1655,1273,1299,978.254040478379,916.459142021742,952.3568767046537,971.3922305254399
2024-06-13,546,575,319,545,973.9430550009822,881.0820808768142,936.3820972260398,962.9488200199856
2024-06-14,210,410,192,409,968.3217310706242,836.12188269807,915.7004463544304,951.9795364552334
2024-06-17,723,1234,603,1220,970.825992453006,872.6817033934918,927.6337621836684,957.2868723670109
2024-06-18,1249,1249,954,1006,971.1759825778518,885.378684022683,930.7069479803873,958.2514887557829
2024-06-20,1000,1206,904,1010,971.5622912089179,897.2473807824275,933.8164794321368,959.276211750718
2024-06-21,683,946,683,946,971.3079400526103,901.8904873745772,934.2942645524452,959.0133164685255
2024-06-24,1360,1602,1355,1367,975.2451744799475,946.1866314341413,951.2631169229375,967.0922606968716
2024-06-25,496,523,356,501,970.5263170224356,903.7879046308898,933.6057397887046,957.8627109801018
2024-06-26,389,888,389,837,969.1976969525606,897.4271518089002,929.8172794048338,955.4693899705949
2024-06-27,1146,1152,898,1149,970.9867745948237,921.386470684243,938.4126802124874,959.3016792781078
2024-06-28,1484,1484,955,1201,973.2754634048255,948.016330619077,948.710222164939,964.0877846389374
2024-07-01,1157,1157,442,522,968.7851602863695,907.4433467505935,931.9764879623923,955.3335710817307
2024-07-02,1143,1233,967,1200,971.0858054576495,935.3058851552988,942.4872139246514,960.1784508622906
2024-07-03,1161,1535,1161,1186,973.2242551545883,959.1815151405085,952.0367349472141,964.6501647066017
2024-07-05,525,679,493,677,970.2767501281744,932.3070851271267,941.2509806355587,958.9541218411244
2024-07-08,1362,1430,1045,1117,971.7366829627199,949.8968865435908,948.1430990420074,962.0837431908052
2024-07-09,664,1025,591,688,968.9134323859764,924.9543259203916,937.9414088834973,956.6563423355417
2024-07-10,1266,1468,1174,1467,973.8695176358672,976.5777234517828,958.6888046135562,966.7621573387983
2024-07-11,1632,1740,1632,1695,981.0449453210824,1044.9988926468511,987.5637534522402,981.1827086786241
2024-07-12,1426,1609,1426,1479,985.9997219845542,1086.3323314423892,1006.8357631207798,991.0404768236018
2024-07-15,1148,1434,1148,1202,988.1489784822203,1097.3482998764473,1014.4892626062394,995.2178931241245
2024-07-16,1488,1676,1488,1674,994.973366756029,1152.2675094120236,1040.3524287785438,1008.6591229632508
2024-07-17,1067,1067,774,849,993.5208954450237,1123.3848894680214,1032.848411963699,1005.4975561718993
2024-07-18,1112,1409,314,368,987.296806933133,1051.4434714234478,1006.7759252200244,992.8738421882973
2024-07-19,881,921,481,617,983.6122615905148,1010.0679027164527,991.4905948192392,985.430795808331
2024-07-22,1314,1492,788,1483,988.5812938134948,1055.1090548386953,1010.7654734537788,995.283651336879
2024-07-23,535,1194,535,1048,989.1725247208232,1054.4320019969148,1012.2256509653953,996.327539429218
2024-07-24,495,814,341,341,982.7230468629045,986.4860970448276,985.9030764177327,983.3507564702236
2024-07-25,1269,1582,1247,1248,985.3626185359104,1011.3921830405583,996.1813871464491,988.5913355500211
2024-07-26,1644,1651,1377,1612,991.5978163614237,1068.592927512886,1020.3311366701178,1000.9360615787335
2024-07-29,929,982,616,745,989.1441067458871,1037.7745534640399,1009.5338371928582,995.8680207553923
2024-07-30,1212,1256,933,1181,991.0531206091122,1051.4150721817502,1016.2580004401971,999.5340005424142
2024-07-31,1081,1580,1003,1181,992.943139309519,1063.7564938787264,1022.7184710111698,1003.1273866702873
2024-08-01,1205,1205,297,380,986.8442025999715,998.6368277950381,997.5138250891631,990.7882304985984
2024-08-02,175,315,153,314,980.149235409922,933.4333203859869,970.7093613601763,977.3864833600123
2024-08-05,26,198,26,123,971.6203872963904,856.2491946349405,937.4658569931106,960.4679391350616
2024-08-06,1395,1635,1298,1393,975.8132192635904,907.3683189554224,955.3299410325965,969.0329304393177
2024-08-07,1498,1504,584,585,971.924530514699,876.6665742930012,940.8071982470044,961.4283179553709
2024-08-08,1615,1688,1560,1629,978.462594887687,948.3173767412868,967.7951512569258,974.6475591839774
2024-08-09,638,1045,622,960,978.2788874758693,949.4300075278309,967.4894590507719,974.3575085070669
2024-08-12,766,808,554,604,974.5547194412835,916.5319115727993,953.2349704605455,967.023696457422
2024-08-13,1497,1578,1240,1577,980.5491998448529,979.4336342801518,977.6963441679751,979.1024351414335
2024-08-14,1138,1138,800,989,980.6332874085857,980.3447167296611,978.1396247888388,979.2984265247715
2024-08-15,1670,1706,1568,1667,987.4628069368584,1045.7404579935028,1005.1537571500608,992.916279464875
2024-08-16,1042,1244,879,1142,989.0004904499245,1054.908033422693,1010.5202764775094,995.8684323467586
2024-08-19,1523,1523,1426,1517,994.2542169131094,1098.9167921443413,1030.3822264195678,1006.1878693299911
2024-08-20,730,730,376,460,988.9382545557651,1038.0675738448804,1008.0142959717416,995.37226795712
2024-08-21,1341,1486,1174,1486,993.8841425701356,1080.7278049072727,1026.7588333846145,1005.0876685916325
2024-08-22,1160,1160,569,621,990.1738525943134,1036.9442044399134,1010.8467222714924,997.4819721838774
2024-08-23,1623,1795,1623,1763,997.8636650063103,1106.092375445636,1040.3429292412377,1012.6407450119194
2024-08-26,1461,1545,1013,1015,998.0341758022673,1097.4169111174801,1039.3490888788363,1012.6874629324755
2024-08-27,496,804,456,737,995.4368208191602,1063.0914910110534,1027.4922618639798,1007.2283052506442
2024-08-28,682,981,426,641,991.9100862836461,1022.8923013909531,1012.3357025751963,999.9762596021166
2024-08-29,990,1594,990,1316,995.1348615445054,1050.8073203061003,1024.2441063957767,1006.2341554515796
2024-08-30,1449,1449,588,1329,998.456902723167,1077.3018612293288,1036.195317909668,1012.6255583139246
2024-09-03,429,444,306,340,991.905092745822,1007.0826363503451,1008.8935407367397,999.3062403275102
2024-09-04,995,1404,714,817,990.1647435642716,988.9795281265027,1001.3683038451029,995.6962157665694
2024-09-05,877,1020,571,667,986.9491739765674,958.3148111620739,988.2558213413733,989.1873798107957
2024-09-06,405,405,266,326,980.3725652802832,898.0943529561621,962.2850048181822,976.0549564482058
2024-09-09,1095,1445,1095,1132,981.8812959740118,920.3710812460514,968.9404948253123,979.1429771125977
2024-09-10,836,899,490,898,981.0466562130763,918.2405020797607,966.1585146360843,977.5361854866056
2024-09-11,377,1017,230,1017,981.404400927374,927.6461685483549,968.1522983758457,978.3176471601382
2024-09-12,1319,1576,835,1486,986.4252526594399,980.822723924702,988.4600513807145,988.3707630579572
2024-09-13,1643,1733,1585,1660,993.1274889513858,1045.5062740271114,1014.7949513265688,1001.6703519082947
2024-09-16,1404,1464,1085,1327,996.4496034891829,1072.3152003102437,1027.0382865686643,1008.1125231576355
2024-09-17,1379,1574,1132,1176,998.2361745987432,1082.1899431378395,1032.879922389501,1011.4370276495634
2024-09-18,1107,1596,758,861,996.8706405231338,1061.1242342675691,1026.1395332761872,1008.4580766069978
2024-09-19,1607,1619,1506,1535,1002.2251615129534,1106.2552595754196,1046.094845696729,1018.8846493474533
2024-09-20,401,646,387,548,997.7055081645658,1053.088091996808,1026.5617144929356,1009.5602008455236
2024-09-23,1318,1329,1017,1109,998.8129160435253,1058.4130356161597,1029.7945884343892,1011.5293057792755
2024-09-24,1250,1258,1080,1138,1000.197862152545,1065.9927465098588,1034.0379379075505,1014.0336759618641
2024-09-25,705,705,407,445,994.6735053152063,1006.8505801755865,1010.9384109307838,1002.7656823784608
2024-09-26,1514,1514,1251,1284,997.5523759090848,1033.2457630160068,1021.6467085413412,1008.3346787670062
2024-09-27,1572,1642,1137,1254,1000.1040935617308,1054.2699760621015,1030.7586023240337,1013.1993385934021
2024-09-30,580,1058,508,1056,1000.6602717352459,1054.4347402466633,1031.7484610564245,1014.0468764430377
2024-10-01,347,706,347,601,996.6835526135022,1011.2504792707906,1014.8563645444078,1005.8677303748588
2024-10-02,727,1125,727,859,995.3135670153579,996.7504336259534,1008.7443502485487,1002.9594584862477
2024-10-03,337,681,250,608,991.4597006768967,959.7265828044341,993.0288855329194,995.1384791102824
2024-10-04,1450,1450,1145,1423,995.7536340034947,1003.8478606325832,1009.8904978649617,1003.6109844744353
2024-10-07,511,621,381,532,991.1391699835593,958.9099691437658,991.1496940271201,994.2721530987039
2024-10-08,714,968,653,825,989.4860439140712,946.1566387491215,984.6340197515467,990.9202292749673
2024-10-09,1027,1349,894,1120,990.7846902432843,962.7131493444433,989.9424895652115,993.4762643388293
2024-10-10,419,782,419,764,988.5281261612616,943.7880875021153,981.0819997783404,988.9321798964762
2024-10-11,1449,1620,1449,1584,994.4532194332888,1004.760650597152,1004.7258429242879,1000.715701086645
2024-10-14,606,1223,606,1196,996.4586600359427,1022.9739219688518,1012.2267902605904,1004.5827169067114
2024-10-15,873,1281,873,909,995.5884246126994,1012.119262733723,1008.1786808386065,1002.6899898392518
2024-10-16,1475,1588,1475,1506,1000.6671467558566,1059.1555234257494,1027.7010855116023,1012.6565246939201
2024-10-17,862,898,668,895,999.615732360276,1043.5216640518686,1022.4971213738924,1010.3266925217633
2024-10-18,1037,1045,972,1020,999.8185608940046,1041.2815055707383,1022.3991950455044,1010.5182431648967
2024-10-21,671,765,263,364,993.4920080492881,976.7785050401918,996.5796187692101,997.7159017160869
2024-10-22,559,777,497,731,990.8801472726782,953.3710283696973,986.1647317586529,992.434398711808
2024-10-23,671,808,362,603,987.0206433197162,920.0023590011548,971.1386638465489,984.722826460089
2024-10-24,1162,1162,706,1066,987.8065075652912,933.90689623914,974.8587162447234,986.3322754410773
2024-10-25,1221,1298,580,634,984.2860448034476,905.3443346925552,961.4917077645382,979.3553986996698
2024-10-28,1528,1557,1402,1402,988.4424025665974,952.6448742456452,978.7665427541641,987.7245987254189
2024-10-29,369,768,369,653,985.104667217676,924.1072671746314,965.9913842147852,981.0963888496681
2024-10-30,982,1375,928,928,984.5364615737191,924.4780036341903,964.5015260102838,980.0449752090806
2024-10-31,827,827,410,416,978.8793823540801,876.0515270976007,942.9916622451747,968.8757677791978
2024-11-01,1551,1551,907,920,978.2935178530445,880.2370959454482,942.0900284316384,967.9079307934711
2024-11-04,1085,1409,1085,1098,979.4846271281385,900.9764201411198,948.204144963731,970.4840113718183
2024-11-05,1326,1589,1326,1588,985.5395064601969,966.4072372705369,973.294178494565,982.7120507505941
2024-11-06,1310,1419,1304,1419,989.8525461969114,1009.5113099114382,990.7728381614448,991.3514160822656
2024-11-07,1122,1193,946,969,989.6450581750515,1005.6530899198726,989.9190013708,990.9088137836069
2024-11-08,802,1074,802,1031,990.0565501335087,1008.0670813560753,991.5300209248862,991.7026986591791
2024-11-11,1419,1419,1223,1223,992.3743954058122,1028.536883131687,1000.6072750062632,996.2828432401855
2024-11-12,794,794,338,428,986.7587297798837,971.3428942620026,978.1520877511156,985.0297176314689
2024-11-13,1278,1278,772,772,984.6218269960042,952.3578567132404,970.0676921530326,980.8113073813408
2024-11-14,1107,1107,627,664,981.4315600607206,924.8952036929318,958.065037558796,974.5378161460668
2024-11-15,1031,1049,565,674,978.372539562604,901.000422388843,946.9252321643335,968.5865722619862
2024-11-18,1168,1344,1081,1120,979.7817680246676,921.8575250184771,953.7124779618106,971.5848579597687
2024-11-19,324,1011,324,986,979.843640979646,927.9663321595744,954.9786552966416,971.870306317001
2024-11-20,644,981,568,979,979.8352465420376,932.8266814777102,955.9206688144203,972.0114883701297
2024-11-21,1084,1598,1084,1539,985.3990749346541,990.5574737179282,978.786524939345,983.2389836499291
2024-11-22,1500,1520,1440,1489,990.4100294129163,1038.028190506697,998.794896510351,993.2540532806236
2024-11-25,1630,1630,1381,1385,994.3362977769668,1071.0731247441545,1013.9401946864157,1001.0113987602152
2024-11-26,708,708,708,708,991.4871803861513,1036.4947319113778,1001.9425399928308,995.2091928441714
2024-11-27,1221,1221,1015,1016,991.7310890390254,1034.5428526817227,1002.4938129342884,995.620891995772
2024-11-29,1448,1448,1146,1146,993.266103078438,1045.1578190929872,1008.1215065447084,998.5986961146676
2024-12-02,543,929,529,836,991.7012662318864,1025.238026798417,1001.3716435429551,995.3789199539812
2024-12-03,844,844,570,715,988.9480198017184,995.6915480557105,990.1413830118588,989.8268621331102
2024-12-04,879,990,743,910,988.1624673658804,987.530448240881,986.9985836780604,988.2461321898803
2024-12-05,873,983,664,664,984.9369701781602,956.7180245988924,974.3319725534305,981.8254167009718
2024-12-06,1271,1271,657,802,983.1167018181785,941.9829746370931,967.5738559827078,978.2645173603585
2024-12-09,1367,1367,955,955,982.8369336408832,943.2226913383223,967.080763591229,977.8038338482721
2024-12-10,555,979,480,685,979.873382062367,918.6300540680058,956.0187728621612,972.0057381285044
2024-12-11,1258,1258,896,1046,980.5313583602539,930.7605251091481,959.5474484361941,973.4709710368509
2024-12-12,787,861,527,528,976.0285587745797,892.4023798606579,942.6240190857552,964.6497636895865
2024-12-13,734,734,466,634,972.6252895330416,867.7926293977381,930.5211163765099,958.1022436165254
2024-12-16,722,1145,722,776,970.6688189904243,859.0504742170011,924.4614647539016,954.496258594416
2024-12-17,635,635,422,492,965.905945169624,824.0932861963344,907.5021916262976,945.3379168400711
2024-12-18,1276,1276,86,86,957.1506621331104,753.7986875109692,875.2864194056585,928.3213244273965
2024-12-19,1443,1443,760,760,955.1889640024326,754.3892887004007,870.7653833505346,924.9882288941807
2024-12-20,1291,1738,1235,1430,959.9134519228064,818.7331659670292,892.6961526309059,934.988461985385
2024-12-23,559,985,378,984,960.1531190678531,834.4728644463597,896.276695664988,935.958987490625
2024-12-24,825,1588,825,1588,966.4003517139441,906.2373535467065,923.4030997565571,948.8706907086324
2024-12-26,1117,1252,1041,1215,968.873980055099,935.6433198755916,934.8382723151235,954.1405780213328
2024-12-27,488,505,157,317,962.3876717958442,876.7249084588686,910.6093204596284,941.5239329119994
2024-12-30,219,676,170,497,957.756948693398,840.5606314627859,894.3893471082704,932.7214787949301
2024-12-31,1508,1710,949,1247,960.6349890049065,879.2691427520443,908.2172158491226,938.9448158484959
2025-01-02,1482,1612,670,836,959.394839860579,875.1482720137544,905.3851681687648,936.9063046435751
2025-01-03,1347,1449,891,1400,963.77897080724,925.1341508695873,924.781828240578,946.0764768288509
2025-01-06,1231,1389,800,823,962.3781850280634,915.4070888820075,920.7903839958494,943.6393188718439
2025-01-07,1436,1436,570,711,959.8769095551473,895.9397470837212,912.5633101136592,939.0325996862629
2025-01-08,359,843,245,843,958.7139552312156,890.8978664090811,909.8353371680255,937.1309640489111
2025-01-10,403,423,333,396,953.1148113980692,843.7647362748829,889.6849317888872,926.4154994142792
2025-01-13,581,1226,581,1225,955.8201366577898,880.0728566296559,902.8345423069701,932.3280637823133
2025-01-14,1515,1515,1167,1471,960.9463044522397,936.3516321887363,925.1155406478732,942.9948347965249
2025-01-15,1730,1730,1493,1547,966.7776845074413,994.5086195993329,949.5031665048193,954.9553331173857
2025-01-16,1058,1238,910,1179,968.889349338213,1012.0792272565393,958.5030423281597,959.3918611744672
2025-01-17,1526,1526,1099,1151,970.7013956134547,1025.3097770416307,966.0519426290163,963.1860817452698
2025-01-21,1487,1558,1430,1482,975.7889439158083,1068.8040839900468,986.2851997808195,973.4596246810071
2025-01-22,557,713,541,541,971.4626857673923,1018.5370283719471,968.8230350835325,964.8960677566307
2025-01-23,779,1240,759,1192,973.6570869040352,1035.0573113841426,977.575072923394,969.3931753258064
2025-01-24,943,1203,718,949,973.4117427557363,1026.8613769666051,976.454481828359,968.98935007183
2025-01-27,983,1184,952,1053,974.2036657133907,1029.3507696364522,979.4562668546979,970.6529272981304
2025-01-28,775,1000,624,847,972.9379575968395,1011.9840296710759,974.2619034486313,968.2043544803456
2025-01-29,907,1245,573,761,970.829122197866,988.080788750021,965.898691548685,964.1012979559823
2025-01-30,1625,1625,1449,1481,975.9054493401758,1035.0254755357332,986.0987428605013,974.3369158182401
2025-01-31,774,1112,326,419,970.3641015855471,976.3563826275681,963.859576473815,963.3401452079779
2025-02-03,153,636,153,510,965.7833642563377,931.9414890439901,946.0611617101359,954.3631126296021
2025-02-04,924,1417,924,1324,969.3477088906029,969.2803948493245,960.882292623464,961.6826549537684
2025-02-05,1176,1262,943,1230,971.9412640260198,994.1108334351031,971.4359282068575,966.9958697071592
2025-02-06,1204,1204,740,950,971.722942990935,989.909801679379,970.5953035712945,966.6593178317698
2025-02-07,918,918,432,490,966.9296798765974,942.2993443765811,951.7484289214398,957.2205194588635
2025-02-10,1040,1182,984,1081,968.0647079375268,955.5089306264305,956.8171179833441,959.6715982814602
2025-02-11,494,989,494,983,968.2133178087952,958.1271277096275,957.8438976702718,960.1335468303422
2025-02-12,277,644,277,578,964.3305982286082,921.9245441182344,942.9480585459473,952.5665459030087
2025-02-13,1171,1470,1137,1470,969.3621345646419,974.1222065831645,963.6167621323808,962.8127529148303
2025-02-14,1294,1342,888,888,968.5525610863867,965.9200916704822,960.6513989115032,961.3313122630515
2025-02-18,942,1310,942,1221,971.0644759014475,990.2134162732934,970.8611479737972,966.4732664756643
2025-02-19,466,820,466,772,969.0837348477017,969.4311861520274,963.0626715826679,962.622310703869
2025-02-20,738,753,524,742,966.8241951974759,947.7710731851677,954.393547206877,958.2535520760696
2025-02-21,1021,1021,302,318,960.3682330562075,887.7928757389612,929.4369375124896,945.5752639161474
2025-02-24,790,1172,790,813,958.9018824785338,880.669744716203,924.8707831002351,942.9500111653326
2025-02-25,1308,1308,839,1023,959.5396746926777,894.2250071241837,928.7189876845397,944.5351594590884
2025-02-26,1034,1330,787,898,958.9273396211088,894.5845302552137,927.5143215008322,943.6136711529679
2025-02-27,854,1065,588,588,955.2365203213963,865.386003564241,914.2000343831526,936.5718162786517
2025-02-28,1016,1347,727,1347,959.1346643978003,911.2540032247895,931.1725820544015,944.6991070454111
2025-03-03,1439,1439,358,406,953.6308368913545,863.1345743462381,910.5775788365818,934.031797995007
2025-03-04,329,736,279,439,948.5101320466645,822.7408053608821,892.0843404508335,924.2291881337197
2025-03-05,1290,1469,1116,1388,952.883165558638,876.5750143741313,911.5320133743302,933.4127685667154
2025-03-06,408,758,389,591,949.2823380406415,849.3773939575474,898.9621304969055,926.6323177040082
2025-03-07,883,1312,690,1201,951.786991393471,882.8652611996857,910.8067528303602,932.06534111581
2025-03-10,629,742,275,346,945.7592601358245,831.7352363235252,888.6574684056402,920.4600868362891
2025-03-11,1070,1070,550,783,944.139765010095,827.0937852450943,884.5140382720857,917.7381049187388
2025-03-12,1031,1090,608,931,944.0090210796462,836.9896152217519,886.3370171633765,918.0007167025262
2025-03-13,1032,1032,367,462,939.2129114171622,801.276318533966,869.6963498236362,908.9709995401
2025-03-14,1695,1746,1586,1706,946.8426336916183,887.4404786735882,902.4925713991798,924.7537520244545
2025-03-17,1414,1626,1386,1572,953.0631049981694,952.6366235618179,928.7477646776433,937.5705094101088
2025-03-18,660,769,528,721,950.754019376297,930.5759927464067,920.6007935138142,933.2819844712948
2025-03-19,1209,1512,1053,1427,955.4927853526523,977.8544696277013,940.4595859250372,943.0585788381999
2025-03-20,319,1078,319,668,952.6321606227751,948.3445201393488,929.7748962809181,937.6118743067503
2025-03-21,193,611,193,533,948.4567162384689,908.7878991736965,914.2150964267645,929.5997579838444
2025-03-24,1685,1685,1433,1534,954.2830175694294,968.3319087762015,938.5203867629698,941.5680796079266
2025-03-25,1074,1074,737,755,952.3001019717236,948.014584130849,931.3235088506965,937.8736621899478
2025-03-26,1306,1306,657,811,950.8941308078258,934.9655761183872,926.6049398761594,935.3613124436122
2025-03-27,586,1161,586,859,949.9797613470514,927.7307593452074,923.9537657633688,933.8492072467089
2025-03-28,760,760,211,286,943.3729975525533,866.6135441694734,898.9359710275504,921.0205100735068
2025-03-31,448,1154,448,1014,944.0757537958115,880.6503494866664,903.4482858892151,922.8616880918532
2025-04-01,437,1431,394,1188,946.5028607232164,909.9217447736505,914.6071766386576,928.1119516939948
2025-04-02,575,1411,575,1395,950.9655188254729,956.1196738428266,933.446110888122,937.3572595812424
2025-04-03,251,285,205,224,943.7320310759658,886.3939906197003,905.6246947748623,923.231373252901
2025-04-04,70,156,70,137,935.7048466871502,815.0231343702051,875.4825498817304,907.6624351686851
2025-04-07,47,726,47,492,931.289873088273,784.2590263349474,860.4440185138194,899.4314958584141
2025-04-08,1751,1751,153,264,924.6501728585389,734.710547636381,837.0540570034735,886.8486939602277
2025-04-09,910,1864,608,1861,933.967086561439,841.9762097662494,877.2087998660824,906.1388188323024
2025-04-10,187,267,88,200,926.6639314712754,780.83561835994,850.6515920281968,892.1558719247321
2025-04-11,704,1546,444,1517,932.5379222029045,850.9465118494695,876.782902144738,904.5290229757275
2025-04-14,1608,1681,961,1462,937.8062015839702,909.1420821495201,899.7325922567092,915.5680522237328
2025-04-15,1212,1422,817,872,937.1514135085077,905.604740992423,898.6450396191912,914.7053185163322
2025-04-16,775,1170,392,607,933.8663248168808,877.1661942312398,887.207979241968,908.6121438922464
2025-04-17,1422,1613,1179,1472,939.2208887490511,933.8170328758837,910.1409996638516,919.768339062697
2025-04-21,247,252,128,252,932.3828699555282,868.8820773638947,884.3315486966418,906.5452036357129
2025-04-22,1728,1795,1574,1745,940.4686125430354,952.3218795197142,918.0832526693225,923.1482689102533
2025-04-23,1716,1716,1227,1317,944.2151935127565,987.0531290892652,933.7270466822903,930.9473130902483
2025-04-24,995,1601,995,1559,950.3324552688484,1041.5242596521923,958.2475546555338,943.3839999597483
2025-04-25,531,877,432,877,949.6027790970192,1025.8552825424597,955.0613760415913,942.06946530708
2025-04-28,1407,1427,599,1208,952.1738957229195,1043.202398490797,964.9805377654504,947.3354164891181
2025-04-29,736,1366,585,1224,954.8786330789103,1060.4212176821495,975.1381637354327,952.813923093294
2025-04-30,177,804,177,789,953.2280994164336,1034.5715779028972,967.8386279026706,949.5700830320407
2025-05-01,1194,1383,941,987,953.5641382282104,1030.0409514359546,968.5900542594286,950.3112695066537
2025-05-02,1698,1698,1586,1634,960.3346443154918,1087.5608608230066,994.6845619355295,963.8496602094923
2025-05-05,461,988,406,599,956.7392747203128,1041.0312550303393,979.1675202909989,956.6249144627697
2025-05-06,539,958,531,694,954.1249535788171,1007.9806593131641,967.9844802795872,951.4244211070712
2025-05-07,1293,1376,906,1106,955.6361480705701,1017.3158346166723,973.3968536019563,954.4853236594065
2025-05-08,1436,1563,1343,1354,959.5999674927535,1049.3809932246083,988.3224671861933,962.3965053691212
2025-05-09,1240,1240,857,1010,960.1014603535222,1045.6304224413122,989.172566512225,963.3391488271584
2025-05-12,1559,1593,1487,1540,965.8715950763727,1092.7132393516636,1010.773642335275,974.7581755830563
2025-05-13,1204,1306,1166,1166,967.8629224885482,1099.6929308419813,1016.8609504789897,978.5451424031938
2025-05-14,624,693,486,588,964.0831919165229,1050.9602707617926,1000.0428739896175,970.811575226893
2025-05-15,808,1178,799,1178,966.2117173700898,1063.0592925940027,1007.0215848135541,974.914316311509
2025-05-16,973,1389,951,1335,969.8812525206362,1088.95840758505,1019.8834834483167,982.0447258894989
2025-05-19,275,796,275,791,968.1013395602318,1060.5814163864738,1010.9076605679905,978.2616620104989
2025-05-20,598,974,598,703,965.4635152860006,1026.5260433972858,998.832850349638,972.810936030093
2025-05-21,333,442,168,169,957.5385051836524,944.8568964070681,966.2903856300443,956.8938877918733
2025-05-22,344,1099,344,771,955.6824006544618,928.2990967492522,958.6319391347484,953.2128207068857
2025-05-23,300,913,300,790,954.0338195534224,915.1277542017043,952.018921913778,949.9808836631851
2025-05-27,1571,1679,1520,1658,961.0384581648311,985.87749189678,979.7044543877474,964.0010641847061
2025-05-28,743,743,391,428,955.7345929094597,932.7463021923248,958.068985588228,953.387181725603
2025-05-29,1334,1334,697,1267,958.8317611392164,964.5799876978177,970.183927329866,959.5973365429178
2025-05-30,421,844,421,723,956.485176451264,941.5723698218351,960.4904399835967,954.9122407697907
2025-06-02,393,808,393,802,954.9480105164256,928.2797631721365,954.275128611691,951.8842756060325
2025-06-03,811,1463,686,1364,959.0181795660134,969.776928584314,970.3427706269188,960.0449830197745
2025-06-04,1124,1124,781,782,957.2568046449585,951.893411576284,962.9567796219416,956.5193397916602
2025-06-05,943,1255,627,882,956.507980718143,945.2368961880666,959.7820039504928,955.0437093007362
2025-06-06,1620,1620,1346,1487,961.7865082731863,996.8333822653935,980.4572194818461,965.5774972353751
2025-06-09,1143,1381,1093,1159,963.7488315739506,1012.2778220496418,987.4588971492246,969.4076458049716
2025-06-10,1234,1375,1132,1190,966.000086981175,1029.2037437591998,995.4016854963139,973.7758112345762
2025-06-11,1158,1293,752,788,964.2289418370837,1006.2319586392761,987.2682860650859,970.0970822992381
2025-06-12,451,972,451,972,964.3062657989037,1002.9717721022022,986.669529748808,970.134763837867
2025-06-13,409,435,295,331,958.0047109153326,938.974460473421,960.9569991704234,957.4786299004835
2025-06-16,1593,1593,1257,1273,961.1389923987621,970.7864166188094,973.1939795951126,963.7265778232462
2025-06-17,454,750,454,478,956.3316392405654,923.8543769408276,953.7746078462847,954.1082297475383
2025-06-18,1224,1418,1034,1034,957.1044587506095,934.3444362797964,956.9207016562343,955.6902450000623
2025-06-20,1402,1402,703,820,955.7402352804542,923.4544899674348,951.5512623755977,953.0033094555066
2025-06-23,869,1336,614,1307,959.2353573174646,959.98263378006,965.4904285569469,960.0131449118333
2025-06-24,1231,1472,1231,1328,962.904657244654,995.0319067533876,979.7064901821647,967.3000133294207
2025-06-25,505,548,375,420,957.5026208541599,940.266963253065,957.7572160573739,956.4623893030955
2025-06-26,1437,1568,1366,1567,963.5672713929245,999.9558238956303,981.6490899374768,968.5522429802619
2025-06-27,1032,1389,707,1067,964.5964527720994,1006.3409835246179,984.9961844497326,970.5017035153062
2025-06-30,954,1072,820,1015,965.0979806052128,1007.1656517603685,986.1728046673901,971.3828579011417
2025-07-01,788,1472,788,1355,968.977602688743,1040.2927325450953,1000.636616249061,978.9792369526043
2025-07-02,908,1359,892,1357,972.8385220649744,1070.4553294455625,1014.6116509059606,986.4647966169092
2025-07-03,1382,1382,1214,1312,976.2132631389547,1093.4595837840805,1026.2739391057269,992.9110382680595
2025-07-07,530,894,260,368,970.1613898738905,1024.3681948522633,1000.4592748270709,980.5365622627514
2025-07-08,1123,1357,1085,1167,972.1199830094737,1037.9521762949048,1006.9902836573818,984.2289075644791
2025-07-09,1215,1215,704,1111,973.5018737257973,1044.9091118858662,1011.0690960629747,986.7392262265686
2025-07-10,844,1386,844,1261,976.3625515991724,1065.4891964681647,1020.8703079820738,992.1701326379236
2025-07-11,306,605,270,529,971.9111829265438,1014.3949872807204,1001.5812762965022,982.9984468431132
2025-07-14,803,1017,803,1013,972.3200268775234,1014.2621313492233,1002.0290693829139,983.5925370046358
2025-07-15,620,620,258,258,965.2123649185431,942.2371664588211,972.8514588188781,969.224367955039
2025-07-16,1438,1438,642,1242,967.9664707402492,970.7860077484572,983.406303571079,974.6258656192957
2025-07-17,1227,1405,1152,1310,971.3697894393512,1003.0921022486042,996.2138995094681,981.2669375872305
2025-07-18,1311,1311,607,702,968.6894930270194,974.4166639392133,984.6760995287046,975.7368992191665
2025-07-21,1295,1357,780,781,966.8219358824718,955.9960292783359,976.6888015079711,971.8807229970048
2025-07-22,1250,1555,1250,1477,971.8983345304074,1005.6154550613514,996.3088485076585,981.8830849178562
2025-07-23,1384,1439,1272,1438,976.5361620475178,1046.794935531699,1013.6300701348091,990.9151030382947
2025-07-24,471,763,471,531,972.1029664052539,997.6716083382038,994.7034007177577,981.8078732751601
2025-07-25,1052,1120,699,1102,973.3954742022166,1007.6076456393272,998.911110493532,984.1879153885233
2025-07-28,732,827,569,621,969.8890515733389,970.7878698641532,984.091066944766,976.9960754798396
2025-07-29,1119,1119,727,820,968.3976182243504,956.4271203532815,977.6561231430105,973.887242302021
2025-07-30,919,955,369,454,963.2792339634116,908.5769184148737,957.1205889021081,963.5924454247534
2025-07-31,771,870,529,574,959.4058087498453,876.7124499944096,942.0962520824177,955.8777435351543
2025-08-01,417,492,312,418,954.0186862747224,833.025549994942,921.5434578831072,945.2266991087156
2025-08-04,1485,1626,1485,1547,959.9189978540784,901.0231166620904,946.071165417103,957.1430020966618
2025-08-05,1220,1270,743,1127,961.5814953878687,922.5447245990341,953.1664138321186,960.5065070056388
2025-08-06,994,994,896,896,960.9289431949546,920.0166555896022,950.9245936818394,959.2291504312698
2025-08-07,1501,1501,771,870,960.0241775910247,915.2531645810687,947.7510802041202,957.4622365613436
2025-08-08,1162,1271,944,945,959.8746832866364,918.0861965257288,947.6431947059194,957.2154595997329
2025-08-11,1295,1295,661,753,957.8162287265703,902.3637016185165,940.0101282468638,953.1715891126095
2025-08-12,1366,1625,1366,1610,964.30561948551,969.7576347977055,966.2842408646338,966.1780922984984
2025-08-13,1304,1531,1278,1519,969.8249665553059,1022.0664314836383,987.9593686738639,977.1250607678351
2025-08-14,239,453,237,426,964.4137728582382,965.298199913768,965.921746372928,966.211693227878
2025-08-15,1096,1096,603,726,962.04149651139,942.5078951600758,956.5130504367348,961.4550260352468
2025-08-18,798,1141,798,1007,962.4888448048091,948.6500003829258,958.4929308117648,962.3569067078162
2025-08-19,1231,1366,938,1021,963.071045354015,955.5404765369328,960.9441884269897,963.5181560799386
2025-08-20,1075,1075,699,869,962.1350150519851,947.2985263905583,957.3385339788725,961.6465094248904
2025-08-21,451,979,451,864,961.1585472405226,939.3653334009813,953.6781993130344,959.712915178853
2025-08-22,1565,1794,1565,1731,968.8186611983283,1014.7591111723164,984.1614071831115,974.9859267594697
2025-08-25,588,642,483,483,963.9846446689917,964.1153862987624,964.5080186661266,965.2436311800743
2025-08-26,911,1159,911,1020,964.5420113887033,969.437730460785,966.6841747968667,966.327915711162
2025-08-27,962,1362,962,1231,967.1933346584674,994.3484227978531,977.049501275421,971.5689470832182
2025-08-28,895,904,578,900,966.5247442638557,985.3628587218672,974.0279522057966,970.1517402102832
2025-08-29,1074,1202,790,959,966.4498711866034,982.8521102721655,973.4386207467458,969.9309136714656
2025-09-02,204,524,204,523,962.0374346573835,939.056671198626,955.7743611096184,961.0807965690603
2025-09-03,1032,1032,662,859,961.0121865513399,931.4322263225663,951.9792881249275,959.0593946568017
2025-09-04,1083,1398,1074,1398,965.3603239985903,975.8672523870838,969.4702964337539,967.7512878319145
2025-09-05,1509,1509,837,1073,966.4313655508431,985.1179902549806,973.5302848089008,969.835420746134
2025-09-08,692,875,500,875,965.5216007194914,974.6305626116491,969.6663520712968,967.9574916224482
2025-09-09,634,693,551,606,961.9442713590985,939.5228899819682,955.4049264998735,960.7900165408155
2025-09-10,1062,1196,700,836,960.6910945296547,929.6635671265427,950.7223803626235,958.3189271043636
2025-09-11,1329,1590,1329,1575,966.8036209522452,991.1241797811576,975.2038556425207,970.5304334983366
2025-09-12,635,635,437,439,961.5518436293373,938.5409245639046,954.1762534604611,960.0050783795576
2025-09-15,1065,1256,866,925,961.188143692727,937.2513127006756,953.0320866580901,959.3119085106555
2025-09-16,848,865,579,779,959.3753263425506,922.179759110135,946.2072989460081,955.7413756688603
2025-09-17,1466,1592,914,915,958.9337808068038,921.4959725282174,944.9834833010666,954.9346157546255
2025-09-18,1235,1431,1179,1355,962.8747382117112,962.7820703826729,961.0625623872993,962.8567025713655
2025-09-19,692,733,439,514,958.4083229061221,920.0409208224183,943.5306971956405,953.9684510352989
2025-09-22,501,1048,501,953,958.3545087478522,923.1798807440928,943.9020424036546,953.9492737870752
2025-09-23,1435,1557,866,893,957.7042151284705,920.3056063875125,941.9058838780211,952.7423574744598
2025-09-24,1097,1104,714,753,955.6673572664957,904.3717391125114,934.4978100004516,948.7870632670448
2025-09-25,545,608,374,505,951.1831049553863,866.3363353875103,917.6547586278849,939.9992006280934
2025-09-26,1432,1453,1283,1420,955.8479496821983,919.0662082077474,937.3545720150266,949.5041669522896
2025-09-29,781,868,633,836,954.6554327699376,911.1551407593905,933.3798829163982,947.2565596859076
2025-09-30,969,1002,652,989,954.9971697573014,918.5689368775438,935.5610639785002,948.0831624644045
2025-10-01,769,1020,769,924,954.6887402074775,919.0861809844444,935.1076889205198,947.6062681581786
2025-10-02,921,1055,539,943,954.5724343347663,921.3636875573544,935.4171913157935,947.5150549273236
2025-10-03,1428,1559,1232,1234,957.35280812248,951.1385744566539,947.1263210681153,953.1880241366836
2025-10-06,1027,1073,739,844,956.2249194844454,940.9349006988774,943.0821516144638,951.025885044868
2025-10-07,989,989,456,509,951.7749202855953,899.7982434894606,926.0593221393867,942.2728972221973
2025-10-08,935,1249,935,1145,953.6975578946938,923.1507917285595,934.6452310750971,946.2872952970054
2025-10-09,829,829,354,420,948.387134433055,875.231668706792,914.4630651505835,935.8657646970646
2025-10-10,1217,1217,209,209,941.0300485182983,811.7810335918595,886.7978469093841,921.4723832179149
2025-10-13,1597,1597,1479,1514,946.7312420653799,878.6590303926348,911.3940097756828,933.2056033522135
2025-10-14,372,1503,372,1380,951.0423739851274,926.40578940286,929.7707152746756,942.0530171472192
2025-10-15,1484,1610,904,1041,951.9374747414943,937.3195237454448,934.1326480090021,944.0123633423237
2025-10-16,1049,1049,413,489,947.3311317092406,894.6224262458786,916.6764657341392,935.0022175335648
2025-10-17,1082,1094,811,1039,948.2432597519347,908.3726713653188,921.4734670778985,937.0615795626031
2025-10-20,1645,1645,1358,1531,954.0418342817662,967.6705121876694,945.3764683689612,948.8227364029476
2025-10-21,748,1206,711,1015,954.6483831943855,972.1780824555104,948.1068029427274,950.1331772662555
2025-10-22,871,1085,650,841,953.5175535108592,959.6849317454618,943.9065361606597,947.9721242510822
2025-10-23,1282,1336,1100,1238,956.348224620204,986.1911287220845,955.4396131739671,953.715250503536
2025-10-24,1504,1517,1112,1112,957.89699850458,998.1729259866479,961.5792361867527,956.8496019787135
2025-10-27,1246,1246,839,983,958.1467796139872,996.727885416491,962.4192661402134,957.3674316425014
2025-10-28,527,830,408,618,954.7622345432012,960.6585629958728,948.9126282523619,950.6472844812638
2025-10-29,702,1005,422,499,950.2272869358062,916.6910808057896,931.268995771877,941.7037738974764
2025-10-30,662,1107,662,664,947.3792542299773,892.6252635861906,920.7878586827838,936.2046892658432
2025-10-31,824,1149,812,1082,948.7187641381367,910.6609527684582,927.1099034403218,939.091725121965
2025-11-03,432,849,414,848,947.7165873805434,904.6932429809859,924.0075542857993,937.2879285848965
2025-11-04,353,680,353,609,944.3462730782494,876.5319817447015,911.6543168628268,930.7871775238094
2025-11-05,1139,1445,1087,1282,947.7060116545853,915.1479834833013,926.1776769858532,937.7418868797736
2025-11-06,964,964,533,578,944.0273448719526,883.038651722987,912.5236504373884,930.618285159382
2025-11-07,999,1311,830,1302,947.5892618384008,922.939732511274,927.797232773177,937.9723785225626
2025-11-10,1208,1335,883,1187,949.9714582380187,948.0883294149621,937.9620471742289,942.9036185518188
2025-11-11,1157,1318,1130,1217,952.6284586535609,973.6989647087753,948.9047119909259,948.3312696696046
2025-11-12,1282,1356,982,982,952.9207127963115,974.4895394984158,950.2025664226543,948.9979772008995
2025-11-13,810,897,433,443,947.8468748580398,923.8714881176143,930.3122697001972,938.9782152761293
2025-11-14,373,904,373,761,945.9877019738801,908.3599178206986,923.6725728492091,935.4538941815524
2025-11-17,675,703,248,266,939.2216551880704,847.1827827901559,897.8814915610049,922.197381425482
2025-11-18,916,1317,899,1107,940.8910914548558,871.9272796672839,906.082217382142,925.8568392190368
2025-11-19,832,1044,595,758,939.0712795995836,861.077062556114,900.2750716024501,922.5329414127193
2025-11-20,1665,1665,446,446,934.1650977130206,821.5459137412461,882.460362912158,913.0966455431605
2025-11-21,1376,1699,1356,1611,940.8997733576672,896.7320171944607,911.03054475874,926.9165139482465
2025-11-24,753,1301,753,1172,943.199278100377,922.948015556893,921.264641042711,931.769652285905
2025-11-25,1450,1721,1450,1582,949.5555041889305,985.7148712181413,947.1758315900556,944.645500755491
2025-11-26,1244,1578,1244,1294,952.982812604961,1015.0753596735564,960.7767793708377,951.5634116316198
2025-11-28,1107,1361,1107,1246,955.8984065093892,1037.0681825617892,971.9620037092362,957.393839124063
2025-12-01,907,1007,675,675,953.1033974893953,1002.5854985082855,960.316434936325,951.8018819136855
2025-12-02,890,983,734,797,951.5501298526849,983.0059272217821,953.9118688603907,948.7364981134145
2025-12-03,1438,1438,1283,1390,955.9128151277826,1021.7672674863743,971.0133641991989,957.4743892398816
2025-12-04,1010,1071,870,894,955.2967672160634,1009.5989562971957,967.9932322698186,956.217470641072
2025-12-05,850,1302,830,841,954.1594859502319,993.5419128403199,963.0131055141394,953.9359365689717
2025-12-08,865,865,603,605,950.6852622094335,956.5379211412419,948.9733758861339,947.0263140626554
2025-12-09,1239,1386,1043,1043,951.6038168143148,964.772404842076,952.6606944788346,948.9267830911176
2025-12-10,991,1510,991,1389,955.956017642033,1005.1750329523544,969.77203979339,957.6411042180262
2025-12-11,1223,1425,1223,1316,959.5385448296745,1034.7774107664159,983.3496068603159,964.737319976085
2025-12-12,749,795,640,698,956.9361712492797,1002.7033716458049,972.1594261991271,959.4553928478457
2025-12-15,1001,1001,685,859,955.9616819831177,989.0173362509663,967.7218016422986,957.4661771478884
2025-12-16,681,782,484,623,952.6486304210966,954.1585423223029,954.2032996171105,950.8430845310985
2025-12-17,1140,1413,910,920,952.3237684268569,950.9053478154169,952.8619937497729,950.2323303819678
2025-12-18,1378,1387,1068,1068,953.4747757061916,962.0572194520439,957.3772096811543,952.564363443711
2025-12-19,1049,1105,934,952,953.4601013210554,961.0993890280397,957.166338713266,952.5531879299742
2025-12-22,1251,1378,1206,1234,956.2515430989554,987.0899234063216,968.0225607245104,958.1263921293806
2025-12-23,597,833,597,765,954.3485426701101,965.9385021295291,960.0608916764904,954.3021071367197
2025-12-24,801,1330,801,1265,957.4396019470244,994.4205495457644,972.0192880813339,960.4545406587648
2025-12-26,805,920,531,919,957.0571183455614,987.2376400652154,969.9401003134385,959.6336586655219
2025-12-29,850,850,559,695,954.4495848296853,959.4054838685282,959.1581355952644,954.3933881968977
2025-12-30,826,942,736,736,952.2759571199372,938.1287711191446,950.406836160156,950.0687666484444
2025-12-31,635,635,326,334,946.1239575466045,880.5926976792261,926.2340190558361,937.8693851306534
2026-01-02,868,1312,864,1226,948.9087937899219,913.4886312335856,937.9895477203131,943.5749418607395
2026-01-05,1067,1447,1067,1334,952.7405470855446,953.5373330208631,953.51936937834,951.3061311308238
2026-01-06,1041,1292,1041,1280,955.9968600498675,984.6290155903047,966.3225313635031,957.8149206133818
2026-01-07,784,784,485,519,951.6486325866847,940.2833950578947,948.7804713100325,949.1255162448
2026-01-08,1047,1452,1047,1418,956.28894470025,985.7802145761905,967.1812371410116,958.4101594874772
2026-01-09,809,1221,809,1073,957.4502487330833,994.0868608070294,971.3309925472464,960.6792652402005
2026-01-12,890,1104,865,1049,958.3611915317591,999.3166835873124,974.3768359767662,962.4281906809886
2026-01-13,974,1019,735,887,957.6511299244779,988.6198565789969,970.950293389442,960.9345631427511
2026-01-14,954,1211,954,1210,960.1620639550802,1009.7036797619495,980.3247916878952,965.8665519914096
2026-01-15,999,1374,999,1239,962.9365707813978,1031.5414245465258,990.4689175040562,971.2751351202925
2026-01-16,538,871,538,804,961.3551123656625,1009.8708126849519,983.1564109352697,967.9627562070193
2026-01-20,317,593,317,429,956.0580465709793,954.5497829054327,961.4247869770238,957.2902263811377
2026-01-21,1539,1539,1257,1501,961.480354565298,1006.5926607239629,982.5845992524346,968.0567565518082
2026-01-22,1388,1421,1075,1089,962.749206758678,1014.4409787502522,986.7577522229274,970.4516722636536
2026-01-23,617,644,520,605,959.1895131590892,975.4465998216567,971.786859978891,963.2150054861555
2026-01-26,1148,1148,782,910,958.700065266959,969.2135903148322,969.3638458620718,962.1612430012812
2026-01-27,796,998,796,970,958.8125024284818,969.2884864753244,969.388793083167,962.3164659121469
2026-01-28,824,824,619,636,955.6004377277009,937.5467258586268,956.31472276618,955.8547537158668
2026-01-29,1061,1171,806,1170,957.7337667055347,959.68513291971,964.6945375596631,960.0952536422852
2026-01-30,403,707,339,695,955.1195003701562,934.4770250225947,954.1182811847743,954.8458426790717
2026-02-02,1005,1226,1005,1106,956.6207988739358,950.8125464490142,960.0744270206656,957.838994309189
2026-02-03,1097,1097,844,1090,957.9479551040458,964.0684944062509,965.1695475296591,960.4560439268289
2026-02-04,1225,1303,1053,1208,960.4360351527617,987.3000663675604,974.6923103716332,965.3579044431293
2026-02-05,637,700,505,597,956.8197561960178,950.1286314754118,959.8808472198044,958.0636885135624
2026-02-06,1592,1624,1524,1554,962.7618481741669,1007.6401903825155,983.1796375249102,969.8644075528978
2026-02-09,562,1090,562,997,963.1025263017871,1006.626838917514,983.7216125239333,970.4017460171968
2026-02-10,1135,1259,1096,1096,964.4248892241574,1015.1385685444174,988.1246865426026,972.8888401554701
2026-02-11,1050,1050,754,932,964.1022535104842,1007.2206096354253,985.9237184428927,972.0791601523915
2026-02-12,1276,1276,410,477,959.2554649183401,956.7234087177657,965.9659255627793,962.2756124266016
2026-02-13,1098,1501,1098,1324,962.884763774874,991.7021316970261,980.0064775014938,969.4384715864709
2026-02-17,660,977,507,843,961.6918805532335,977.5400239163569,974.6336744622196,966.9347394758477
2026-02-18,1257,1405,1031,1084,962.9088767666342,987.6790692576562,978.922549973505,969.252863446623
2026-02-19,649,929,649,928,962.561524759006,981.9953483759747,976.925587229446,968.4359750615414
2026-02-20,1181,1229,760,1155,964.4763354579214,998.4719818639771,983.9088975341737,972.1303121890356
2026-02-23,769,769,357,474,959.5959739110765,948.5222693055031,963.9124701798924,962.2663456110349
2026-02-24,1170,1329,1091,1272,962.7044716831056,979.3296722287885,975.9943340944063,968.3996853019055
2026-02-25,772,1046,676,1037,963.4437306713334,984.8220843974752,978.3867131495276,969.7581073751351
2026-02-26,1049,1268,951,1244,966.2353353412703,1009.5056954072395,988.8029204769971,975.1886399023601
2026-02-27,549,754,541,753,964.1135907110089,985.076581558931,979.555747124958,970.7888648547887
2026-03-02,470,1069,470,1036,964.8288783656258,989.9264309342709,981.7692472377047,972.0801744616246
2026-03-03,101,573,70,474,959.9450089291519,940.7905803691023,961.8567277381868,962.2172007099092
2026-03-04,829,1266,829,1182,962.1545113278668,963.7629060482353,970.4897972386501,966.5693353493169
2026-03-05,637,637,360,473,957.2873022599279,917.0235816626891,950.9803934253697,956.79568514438
2026-03-06,291,452,283,406,951.8018564662967,868.3546691233854,929.6086132910415,945.8888398939962
2026-03-09,209,1039,209,936,951.644624063647,874.7970815878249,929.859255907079,945.6930212822339
2026-03-10,559,1252,559,702,949.160597953561,858.3402166746987,920.9235988126837,940.8674169004074
2026-03-11,700,766,470,684,946.5221840435753,841.7363865152035,911.6324772906177,935.7809333974291
2026-03-12,421,576,384,384,940.9249483814501,798.1424449423271,890.9410075929463,924.8545782806483
2026-03-13,1209,1209,728,770,939.2242026264108,795.4622120906769,886.1982229814582,921.7881509879622
2026-03-16,1517,1604,1304,1305,942.8637627992823,843.9896204629933,902.6218220802245,929.3765044337451
2026-03-17,1618,1618,1232,1232,945.7407402838666,880.9429899427082,915.5386133711961,935.3690489004036
2026-03-18,451,687,345,345,939.763220480047,829.900800424355,893.1645501017374,923.6785726845541
2026-03-19,595,1141,523,890,939.26806405736,835.6245337172736,893.0404500977477,923.011670255157
2026-03-20,477,477,205,311,933.0166405344012,785.6602924108666,870.21533440764,910.8926272798074
2026-03-23,1481,1697,1481,1549,939.1458281907753,858.3593121812603,896.834340901458,923.528416838623
2026-03-24,493,1285,493,1018,939.9304468157427,873.5631872116164,901.5859353759106,925.3991412576602
2026-03-25,1611,1611,1104,1225,942.7669597827502,907.0333598581292,914.2688398709729,931.3318315297857
2026-03-26,1112,1133,609,641,939.7643034665039,881.6968493954503,903.5524147779936,925.5826863509781
2026-03-27,475,735,368,392,934.3139123872352,835.0590542149312,883.4915357670919,915.0166925618498
2026-03-30,1426,1426,843,934,934.3107888808945,844.4820014325568,885.472259854657,915.392599639833
2026-03-31,1656,1656,1414,1550,940.4370496880498,911.6741917723133,911.5321712329057,927.9590828152818
2026-04-01,1656,1656,1103,1103,942.0545914821986,929.8956973178073,919.0407135374977,931.4252395912168
2026-04-02,368,1113,368,1111,943.7356403231718,947.1437261446828,926.5685286928899,934.9811754408958
2026-04-06,880,1187,828,1140,945.6885195239362,965.5109903213796,934.9383903127766,939.0409541450364
2026-04-07,556,824,556,821,944.4478377376283,951.7480388622006,930.4702181436481,936.703509508501
2026-04-08,1587,1587,1486,1529,950.2642771631246,1006.7244161134196,953.9419742948776,948.4321528845703
2026-04-09,725,1219,725,1091,951.6646326142378,1014.7506621978558,959.3167988323333,951.2552785700244
2026-04-10,897,963,672,764,949.7973228369817,990.869646750441,951.657316525183,947.5472532518061
2026-04-13,556,1369,556,1369,953.9684937540267,1026.882061345637,968.0236962692934,955.8928521973148
2026-04-14,1040,1252,1040,1105,955.4712948112006,1034.321865027005,973.3953160234388,958.8454689854868
2026-04-15,759,956,759,925,955.1680978479051,1023.910258833957,971.4974604931078,958.1752616788435
2026-04-16,1049,1095,841,992,955.5345844364831,1020.8711865640563,972.3014816502408,958.8450584772822
2026-04-17,1384,1515,1384,1437,960.3252850888564,1060.5025021293843,990.5249529580746,968.3134731609005
2026-04-20,1036,1130,1012,1046,961.1777698143404,1059.1213114503953,992.7004449989344,969.8518202270212
2026-04-21,1153,1276,520,537,956.9570954878295,1009.3954722646433,974.8298393127017,961.2804970542089
2026-04-22,1325,1329,834,904,956.4301592143188,999.3578082394392,972.0521985553409,960.1462297858087
2026-04-23,934,1011,695,857,955.4408043962659,985.799921740445,967.540347631602,958.1037301860897
2026-04-24,824,1019,819,947,955.3568162928204,982.1046910984979,966.7348438029118,957.8838543408206
2026-04-27,1296,1296,986,988,955.6816240909018,982.6661490891172,967.5687714969152,958.4802136608043
2026-04-28,1138,1138,836,913,955.2569313138779,976.0312777472965,965.4288196735068,957.5796153704914
2026-04-29,696,696,427,490,950.6275091117498,929.7425846285064,946.7845522353301,948.3206130859272
2026-04-30,1100,1473,1100,1435,955.4471358867572,977.8623384734105,965.9302560692388,957.9578286683841
2026-05-01,816,1093,791,822,954.1193036888791,963.0183062378476,960.2859323018176,955.265594437327
2026-05-04,590,946,505,535,949.9489623586414,922.2546580247192,943.6080526037072,946.94350345837
2026-05-05,1349,1419,1276,1302,953.4519577580579,958.420881069984,957.6626387761108,953.9743251720656
2026-05-06,1155,1244,1155,1171,955.6166148947937,978.6665114442712,966.0288098044987,958.2718632874703
2026-05-07,917,917,623,656,952.6353550450942,947.9363674971978,953.8708172631458,952.2862818362332
2026-05-08,1012,1061,907,942,952.5295306167849,947.3709991641314,953.4052950175322,952.0825930870009
2026-05-11,807,852,689,689,949.9073462325383,922.764237338976,943.0364599188055,946.8730367882483
2026-05-12,619,849,504,761,948.0276711456473,907.3581194971688,935.8977752161072,943.1923825944216
2026-05-13,452,708,452,653,945.0920724277802,883.1335366879147,924.8037448154755,937.4459987806707
2026-05-14,1297,1411,1145,1145,947.081206035464,908.0731998604942,933.4388920776137,941.5559790028357
2026-05-15,418,530,375,457,942.2047761246633,865.1138474928281,914.755013956923,931.9608111017894
2026-05-18,1404,1404,1214,1237,945.1380619343682,900.531576303035,927.3920722331221,938.0011910799718
2026-05-19,499,795,499,557,941.2759916663646,867.8142833217936,912.8668929298624,930.4566130387842
2026-05-20,1174,1397,1174,1383,945.6712554308783,916.879589672099,931.3034853639854,939.417868226135
2026-05-21,664,1165,556,1045,946.6596011479841,929.0815335128515,935.7621722124566,941.5086035087859
2026-05-22,1098,1240,965,1051,947.6978140718847,940.6928160354371,940.2813027139289,943.6767499739584
2026-05-26,1242,1287,1140,1200,950.2082835836073,965.3887383177764,950.4663496663238,948.7524578952662
2026-05-27,1064,1211,904,904,949.7484996673526,959.5421918113216,948.6441398754876,947.8662706102114
2026-05-28,737,1078,737,971,949.9599573821052,960.6334116388148,949.5208402725273,948.3243642614943
2026-05-29,692,892,692,711,947.5822463633779,936.8588010065467,940.1670818304674,943.6248718998806
2026-06-01,658,903,658,859,946.7008309766776,929.4436771011614,936.9840590135864,941.9491318622593
2026-06-02,1043,1143,1043,1065,947.8779371361136,942.353803091527,942.0042919934457,944.3857827164719
2026-06-03,587,647,476,477,943.192584527794,898.0343932732864,923.7688295623302,935.1306187022843
2026-06-04,1333,1420,1277,1341,947.150867268811,940.2215939139257,940.1308362461604,943.1676361537243
2026-06-05,756,813,616,649,944.1841919726039,912.4862040173614,928.7139407070953,937.3425344477099
2026-06-08,948,1175,872,872,943.4659413062099,908.6303750633269,926.4898646009347,936.0486228744879
2026-06-09,1552,1552,1020,1283,946.8443896514217,944.2846250572958,940.4706542244274,942.918947174003
2026-06-10,1208,1227,736,738,944.7663360230493,924.6384702899343,932.5306285685675,938.8611462398644
2026-06-11,1307,1473,1058,1308,948.3806013362529,961.1490921670834,947.25491764431,946.1708265123424
2026-06-12,1159,1428,1159,1294,951.819600327932,992.8491786273612,960.8527640111998,953.0585329180386
2026-06-15,1189,1189,819,819,950.4980122649675,976.292113996184,955.2899105205646,950.40390850382
2026-06-16,1181,1181,903,935,950.3438031877042,972.3595317108332,954.4942277550523,950.0988806126553
2026-06-17,1156,1156,389,409,944.957297683349,918.706242976468,933.1022972548542,939.3840512935928
2026-06-18,1182,1193,1067,1142,946.9179215869973,939.9723150739472,941.2943640291736,943.3962482976801
2026-06-22,1086,1086,848,848,945.9336636607585,931.2130469716666,937.6357615182256,941.5072136779241
2026-06-23,1034,1155,1001,1029,946.7601943706017,940.5260901172221,941.2186728312364,943.2397441001434
2026-06-24,1214,1214,1009,1057,947.8571078594514,951.6188434393914,945.759117033933,945.4924224347941
2026-06-25,1229,1346,1028,1086,949.2316640001534,964.417048826116,951.2587595031905,948.274750703412
2026-06-26,1009,1350,1009,1301,952.7318464479131,996.4725679855335,964.9741022677713,955.2594091053246
2026-06-29,698,813,598,811,951.3215793190782,978.8085138916731,958.9359021788391,952.402787142843
2026-06-30,769,941,764,815,949.9651456940127,963.2077030448471,953.2913569953553,949.6819398726876
2026-07-01,1189,1255,968,969,950.1545472293957,963.7593503739093,953.9073822112236,950.0644757167928
2026-07-02,1263,1263,985,1130,951.944054222138,979.5917931954418,960.8129750656855,953.6275554055692
2026-07-06,936,1047,826,966,952.0839143791317,978.2973367006379,961.0163878082076,953.8725543084292
2026-07-07,1034,1034,816,816,950.7298455793393,962.8404474910533,955.3294706392583,951.1424047181633
2026-07-08,491,542,451,537,946.6131306979529,922.2842143966673,938.9243933592874,942.941565020774
2026-07-09,1063,1227,1063,1126,948.3980746711076,941.6857177874608,946.2606916589232,946.5664845253131
2026-07-10,1270,1302,1054,1154,950.4438649728876,961.9061256172265,954.4073312017105,950.6740788911485
2026-07-13,1229,1229,893,893,949.8722842268887,955.3436374632049,951.9992005663493,949.532017923007
2026-07-14,1192,1192,997,1014,950.5103709509992,960.9299577048045,954.4306044657081,950.8086116275018
2026-07-15,1261,1266,1062,1062,951.6197204937754,970.5556760186327,958.6490121337196,953.0104212982444
2026-07-16,1110,1303,1110,1200,954.0911660610016,992.4075163978105,968.1137567559266,957.9013040448139
2026-07-17,962,962,512,586,950.4285673937279,953.702038645638,953.1289035498119,950.5369217865007
2026-07-20,707,746,593,594,946.8820144843376,919.4447016317678,939.0454171360938,943.4767847214215
2026-07-21,1103,1103,951,1089,948.2961237929511,935.5928252858852,944.9259890131096,946.3584325487201
2026-07-22,1111,1111,834,895,947.765814103469,931.7268419253247,942.9681070910269,945.341433884389
2026-07-23,622,705,533,617,944.4746119730862,901.7528569800558,930.1850440678494,938.8396233124208
2026-07-24,1189,1348,1189,1203,947.047003893752,930.4430610771933,940.8836697906788,944.0705218606897
2026-07-27,1450,1450,1110,1192,949.4843471385904,955.3532457365083,950.7313690145737,948.9800164773097
2026-07-28,1200,1256,1181,1202,951.9969406994004,978.8434128092217,960.5850408179238,953.9903131807293
2026-07-29,720,894,605,606,948.5541850705506,943.3345163512006,946.6797450995738,947.0994158900219
2026-07-30,863,929,693,914,948.2103623335302,940.5407528891815,945.398186468218,946.4439819120016
2026-07-31,592,893,390,820,946.9346373351866,929.0606811854499,940.4806105282879,943.9401406860214
2026-08-03,1275,1404,1239,1310,950.5472280084683,965.3406163106451,954.971566978159,951.1888507714467
2026-08-04,739,1287,739,1225,953.2781013616179,990.070081423917,965.560917292741,956.6108537264676
2026-08-05,844,974,722,801,951.7628963729451,972.0634070025916,959.1075479871433,953.5294506823791
2026-08-06,951,987,687,724,949.4965988965973,948.4383206213924,949.8876441445103,948.9843130451043
2026-08-07,1096,1197,1080,1137,951.3623043802132,966.3965758003075,957.2253835898237,952.7073959551022
2026-08-10,670,726,605,697,948.831336177425,940.739759057421,947.0204665863012,947.643883163912