time,open,high,low,close,EMA,EMA,EMA,EMA
2006-12-29,32,32,32,32,,,,
2007-01-02,32,32,32,32,,,,
2007-01-03,33,33,33,33,,,,
2007-01-04,57,57,57,57,,,,
2007-01-05,46,46,46,46,,,,
2007-01-08,55,55,55,55,,,,
2007-01-09,60,60,60,60,,,,
2007-01-10,68,68,68,68,,,,
2007-01-11,78,78,78,78,,,,
2007-01-12,78,78,78,78,,,,
2007-01-15,78,78,78,78,,,,
2007-01-16,75,75,75,75,,,,
2007-01-17,72,72,72,72,,,,
2007-01-18,54,54,54,54,,,,
2007-01-19,54,54,54,54,,,,
2007-01-22,46,46,46,46,,,,
2007-01-23,45,45,45,45,,,,
2007-01-24,57,57,57,57,,,,
2007-01-25,45,45,45,45,,,,
2007-01-26,46,46,46,46,,55.55,,
2007-01-29,44,44,44,44,,54.449999999999996,,
2007-01-30,46,46,46,46,,53.64523809523809,,
2007-01-31,54,54,54,54,,53.67902494331066,,
2007-02-01,59,59,59,59,,54.18578447251917,,
2007-02-02,67,67,67,67,,55.40618595132686,,
2007-02-05,62,62,62,62,,56.03416824167668,,
2007-02-06,64,64,64,64,,56.79281888532652,,
2007-02-07,72,72,72,72,,58.24112184862875,,
2007-02-08,75,75,75,75,,59.83720548209268,,
2007-02-09,62,62,62,62,,60.043185912369566,,
2007-02-12,58,58,58,58,,59.84859677785818,,
2007-02-13,61,61,61,61,,59.95825422758597,,
2007-02-14,71,71,71,71,,61.00984906305397,,
2007-02-15,70,70,70,70,,61.86605391419169,,
2007-02-16,74,74,74,74,,63.02166782712581,,
2007-02-19,74,74,74,74,,64.06722327216144,,
2007-02-20,77,77,77,77,,65.29891629386036,,
2007-02-21,73,73,73,73,,66.03235283730223,,
2007-02-22,75,75,75,75,,66.88641447184487,,
2007-02-23,72,72,72,72,,67.37342261738345,,
2007-02-26,67,67,67,67,,67.33785855858503,,
2007-02-27,28,28,28,28,,63.591395838719784,,
2007-02-28,28,28,28,28,,60.201739092175046,,
2007-03-01,22,22,22,22,,56.563478226253615,,
2007-03-02,8,8,8,8,,51.93838506184851,,
2007-03-05,4,4,4,4,,47.372824579767695,,
2007-03-06,14,14,14,14,,44.194460334075536,,
2007-03-07,9,9,9,9,,40.84260696892549,,
2007-03-08,19,19,19,19,,38.76235868617068,,
2007-03-09,24,24,24,24,,37.35641976367823,52.88,
2007-03-12,30,30,30,30,,36.65580835761364,51.98274509803922,
2007-03-13,14,14,14,14,,34.4981123235552,50.49322568242984,
2007-03-14,18,18,18,18,,32.926863530835654,49.21898153802083,
2007-03-15,20,20,20,20,,31.695733670756066,48.073139124765106,
2007-03-16,20,20,20,20,,30.581854273541204,46.97223170810765,
2007-03-19,32,32,32,32,,30.716915771299185,46.38508536661323,
2007-03-20,53,53,53,53,,32.83911426927069,46.644493783608795,
2007-03-21,76,76,76,76,,36.94967481505443,47.79569010582021,
2007-03-22,77,77,77,77,,40.763991499334956,48.94095716049393,
2007-03-23,80,80,80,80,,44.500754213684004,50.15895884047456,
2007-03-26,81,81,81,81,,47.976872859999816,51.36841143496576,
2007-03-27,76,76,76,76,,50.645742111428405,52.33435608457494,
2007-03-28,58,58,58,58,,51.3461476246257,52.556538198905336,
2007-03-29,60,60,60,60,,52.170324041328016,52.848438661693365,
2007-03-30,58,58,58,58,,52.72553127548725,53.05046067496029,
2007-04-02,63,63,63,63,,53.70405210639323,53.440638687706944,
2007-04-03,72,72,72,72,,55.446523334355774,54.1684567783851,
2007-04-04,74,74,74,74,,57.213521112036176,54.94616435570333,
2007-04-05,76,76,76,76,,59.00270957755654,55.771804969205164,
2007-04-06,76,76,76,76,,60.62149914159877,56.56506751943241,
2007-04-09,76,76,76,76,,62.08611827097032,57.32722173435663,
2007-04-10,80,80,80,80,,63.79220224516362,58.216350293793624,
2007-04-11,65,65,65,65,,63.907230602767086,58.48237577246839,
2007-04-12,69,69,69,69,,64.39225625964642,58.89483162452845,
2007-04-13,69,69,69,69,,64.83108899682294,59.29111273729204,
2007-04-16,76,76,76,76,,65.89479480664933,59.94636321818255,
2007-04-17,74,74,74,74,,66.66671911077796,60.49748622923421,
2007-04-18,77,77,77,77,,67.65084110022768,61.14464363200934,
2007-04-19,64,64,64,64,,67.30314194782504,61.25661839153839,
2007-04-20,73,73,73,73,,67.84569985755599,61.71714316049767,
2007-04-23,70,70,70,70,,68.05087129969351,62.04196107577227,
2007-04-24,71,71,71,71,,68.3317406997227,62.393256719859636,
2007-04-25,79,79,79,79,,69.3477653949872,63.044501554374946,
2007-04-26,82,82,82,82,,70.55274011927413,63.78785443459554,
2007-04-27,79,79,79,79,,71.35724106029565,64.38440916265061,
2007-04-30,59,59,59,59,,70.18036095931511,64.1732558621545,
2007-05-01,62,62,62,62,,69.40127896318987,64.08803014207001,
2007-05-02,69,69,69,69,,69.36306191907654,64.28065641100844,
2007-05-03,71,71,71,71,,69.5189607839264,64.54416008116497,
2007-05-04,70,70,70,70,,69.56477404260008,64.75811458778595,
2007-05-07,68,68,68,68,,69.41574794330484,64.88524734904925,
2007-05-08,69,69,69,69,,69.37615290108533,65.04661019810614,
2007-05-09,70,70,70,70,,69.43556691050578,65.24086077857257,
2007-05-10,51,51,51,51,,67.67979863331476,64.6823956500011,
2007-05-11,57,57,57,57,,66.66267495395145,64.381125232354,
2007-05-14,49,49,49,49,,64.9805154345275,63.777943850693056,
2007-05-15,41,41,41,41,,62.69665682171536,62.88469115066588,
2007-05-16,51,51,51,51,,61.582689505361515,62.41862483103193,
2007-05-17,45,45,45,45,,60.00338574294613,61.73554150432479,
2007-05-18,56,56,56,56,,59.62211091028459,61.510618308076765,57.5
2007-05-21,61,61,61,61,,59.75333844263844,61.490594060701206,57.56930693069307
2007-05-22,62,62,62,62,,59.96730621000621,61.510570764203116,57.657043427114985
2007-05-23,57,57,57,57,,59.68470561857704,61.33368563619515,57.644032666182014
2007-05-24,40,40,40,40,,57.80997175014113,60.497070513207106,57.29464588071306
2007-05-25,44,44,44,44,,56.49473634536579,59.85012657151271,57.0313855662435
2007-05-28,44,44,44,44,,55.30476145533095,59.228552980473,56.77333832730798
2007-05-29,51,51,51,51,,54.89478417387086,58.905864628297586,56.65901479607416
2007-05-30,51,51,51,51,,54.52385234778792,58.595830721305525,56.546955097141996
2007-05-31,60,60,60,60,,55.04539021942717,58.65089618321511,56.61533222393126
2007-06-01,67,67,67,67,,56.183924484243626,58.97831201916746,56.82096920959599
2007-06-04,67,67,67,67,,57.21402691431566,59.292888018415795,57.0225341757426
2007-06-05,59,59,59,59,,57.38411958914274,59.28140221377204,57.06169191483681
2007-06-06,49,49,49,49,,56.58563200922438,58.87820997009471,56.902054451176674
2007-06-07,25,25,25,25,,53.57747657977444,57.54965271636551,56.270330600658326
2007-06-08,40,40,40,40,,52.28438357217688,56.86143104121392,55.94814583628885
2007-06-11,43,43,43,43,,51.40015656530289,56.317845510185926,55.69174690883759
2007-06-12,34,34,34,34,,49.74299879717881,55.442635882335495,55.262207366088326
2007-06-13,53,53,53,53,,50.05318938792368,55.346846239890965,55.217411180621234
2007-06-14,61,61,61,61,,51.095742779549994,55.56853854420897,55.331917889915864
2007-06-15,67,67,67,67,,52.61043394340238,56.016831150318424,55.562969020808616
2007-06-18,68,68,68,68,,54.07610690117358,56.48675934050202,55.809246861980725
2007-06-19,62,62,62,62,,54.8307633867761,56.70296485656076,55.93183603303061
2007-06-20,52,52,52,52,,54.561166873749805,56.51853486218583,55.85397789376268
2007-06-21,65,65,65,65,,55.5553414572022,56.85114133817854,56.03508724240105
2007-06-22,44,44,44,44,,54.45483274699247,56.34717501119115,55.79676868314558
2007-06-25,42,42,42,42,,53.26865819965985,55.78454069702679,55.52356534288527
2007-06-26,43,43,43,43,,52.2906907520732,55.28318615988849,55.27557394995685
2007-06-27,54,54,54,54,,52.453482109018616,55.23286513401051,55.25031505985869
2007-06-28,53,53,53,53,,52.505531431969224,55.145301795421865,55.205754365604065
2007-06-29,50,50,50,50,,52.2669093908293,54.94352525442493,55.10267012074062
2007-07-02,60,60,60,60,,53.003394210750315,55.14181838170238,55.199646950032886
2007-07-03,65,65,65,65,,54.14592809544076,55.528413739282676,55.39371334706194
2007-07-04,65,65,65,65,,55.17964922920831,55.899848494604925,55.583936845139924
2007-07-05,68,68,68,68,,56.400635016902754,56.374364239914534,55.82979948186983
2007-07-06,70,70,70,70,,57.695812634340584,56.90870289717279,56.11039751193181
2007-07-09,72,72,72,72,,59.058116192974815,57.50051846983268,56.42504310575494
2007-07-10,65,65,65,65,,59.62400988888198,57.7946157847412,56.59484423237365
2007-07-11,69,69,69,69,,60.516961328036075,58.23404261671213,56.84049088123754
2007-07-12,82,82,82,82,,62.56296501108026,59.16604094546852,57.338698982599176
2007-07-13,83,83,83,83,,64.50934929573928,60.100706006430535,57.846843557201176
2007-07-16,83,83,83,83,,66.27036364852601,60.998717535590124,58.34492586299917
2007-07-17,84,84,84,84,,67.95890044390448,61.900728612625805,58.85294713303879
2007-07-18,82,82,82,82,,69.29614802067549,62.688935333699305,59.31130461555287
2007-07-19,83,83,83,83,,70.60127678061116,63.48544767355423,59.780387692472615
2007-07-20,77,77,77,77,,71.21067899198152,64.01543011772857,60.12137011440385
2007-07-23,72,72,72,72,,71.28585242131662,64.32855050526862,60.35659050817803
2007-07-24,50,50,50,50,,69.25862838119123,63.76664656388554,60.15150950801609
2007-07-25,53,53,53,53,,67.71018758298254,63.34442513000767,60.0098954583524
2007-07-26,37,37,37,37,,64.78540781317469,62.31131041902698,59.554253964127604
2007-07-27,26,26,26,26,,61.09155945001519,60.88733746141808,58.88981329157062
2007-07-30,31,31,31,31,,58.22569664525184,59.715285011950705,58.33753976104447
2007-07-31,19,19,19,19,,54.48991601237071,58.118607168344795,57.55857857765745
2007-08-01,25,25,25,25,,51.68135258262112,56.81983825978225,56.91385424938701
2007-08-02,37,37,37,37,,50.2831285271334,56.04258970057511,56.519520501874396
2007-08-03,18,18,18,18,,47.2085448578826,54.550723437807456,55.75675771965906
2007-08-06,35,35,35,35,,46.04582629998902,53.784028401030696,55.34573281431928
2007-08-07,41,41,41,41,,45.56527141427578,53.28269395393145,55.06165889720404
2007-08-08,59,59,59,59,,46.84476937482094,53.50690203416943,55.139645849734656
2007-08-09,40,40,40,40,,46.19288657721895,52.9772196014569,54.83985088241318
2007-08-10,36,36,36,36,,45.22213547462667,52.31144628375271,54.466784528305986
2007-08-13,42,42,42,42,,44.91526542942413,51.9070758412526,54.21991750794349
2007-08-14,25,25,25,25,,43.01857348376469,50.851896396497594,53.64130528006342
2007-08-15,16,16,16,16,,40.44537600912044,49.48515536134082,52.89593289827999
2007-08-16,13,13,13,13,,37.83153067491849,48.05436495501373,52.10591442504672
2007-08-17,27,27,27,27,,36.79995632492625,47.22870358422888,51.60876760474876
2007-08-20,30,30,30,30,,36.152341436838036,46.55306814955324,51.18087121653592
2007-08-21,36,36,36,36,,36.137832728567744,46.13922233976684,50.88025990531739
2007-08-22,55,55,55,55,,37.93422961156129,46.48670381663873,50.96183891709328
2007-08-23,50,50,50,50,,39.083350600936406,46.62448013755486,50.942792601903314
2007-08-24,68,68,68,68,,41.83731721037103,47.462735818435064,51.28055908503394
2007-08-27,58,58,58,58,,43.37662033319284,47.87596186477094,51.41361732097386
2007-08-28,27,27,27,27,,41.816942206222095,47.057296693603455,50.930179354221906
2007-08-29,61,61,61,61,,43.6439000913438,47.60406937228567,51.129581743247215
2007-08-30,62,62,62,62,,45.39210008264439,48.16861567141172,51.344837550311624
2007-08-31,76,76,76,76,,48.30713817001159,49.260042507826945,51.833058588919315
2007-09-03,76,76,76,76,,50.944553582391435,50.30866829183373,52.31161188418824
2007-09-04,82,82,82,82,,53.9022151459732,51.551465613722605,52.89950075776867
2007-09-05,73,73,73,73,,55.72105179873766,52.3925846092629,53.29753044573365
2007-09-06,81,81,81,81,,58.12857067504836,53.514444036350625,53.84609419928348
2007-09-07,59,59,59,59,,58.211563944091374,53.729563878062365,53.94815173989173
2007-09-10,55,55,55,55,,57.90570071132077,53.77938490245207,53.96898041830971
2007-09-11,68,68,68,68,,58.86706254833784,54.33705608274807,54.246822390224374
2007-09-12,66,66,66,66,,59.54638992468662,54.794426432444226,54.47955858051696
2007-09-13,67,67,67,67,,60.256257550906945,55.27307637626994,54.72748811357603
2007-09-14,62,62,62,62,,60.42232826034438,55.536877302690726,54.87149824994086
2007-09-17,53,53,53,53,,59.71543985459729,55.43739191827148,54.83443887865491
2007-09-18,84,84,84,84,,62.028255106540406,56.55749419598632,55.41197474244392
2007-09-19,86,86,86,86,,64.31127842972704,57.712102266731954,56.01767821289057
2007-09-20,78,78,78,78,,65.61496619832447,58.507706099409134,56.452971713625416
2007-09-21,77,77,77,77,,66.69925513181738,59.23289409551074,56.85984356088036
2007-09-24,74,74,74,74,,67.39456416688239,59.81199628784365,57.199252599278765
2007-09-25,73,73,73,73,,67.92841519860788,60.32917290400664,57.51213868642176
2007-09-26,78,78,78,78,,68.88761375112142,61.022146515614224,57.91783891045301
2007-09-27,77,77,77,77,,69.66022196530034,61.64872900519798,58.29570348648364
2007-09-28,77,77,77,77,,70.35924844479554,62.25073963244512,58.66608559566218
2007-10-01,82,82,82,82,,71.4678914500531,63.02522043117276,59.12814330663917
2007-10-02,87,87,87,87,,72.94713988338138,63.965407865244416,59.68006126096314
2007-10-03,84,84,84,84,,73.99979322782126,64.75107814503875,60.1616442062906
2007-10-04,77,77,77,77,,74.285527206124,65.23142802170389,60.49507699428485
2007-10-05,84,84,84,84,57.555,75.21071509125505,65.96745045222531,60.960521014200005
2007-10-08,82,82,82,82,57.798233830845774,75.85731365399266,66.59617788547138,61.37714436045347
2007-10-09,85,85,85,85,58.06889817083736,76.72804568694575,67.31789639976661,61.84492368004845
2007-10-10,81,81,81,81,58.29706833829171,77.1348984786652,67.8544494821287,62.22423212202769
2007-10-11,73,73,73,73,58.443366165771394,76.74109862355424,68.05623577694718,62.43761366416576
2007-10-12,78,78,78,78,58.63795953725626,76.86099399273955,68.44618731510612,62.745779730221884
2007-10-15,68,68,68,68,58.73111416872634,76.01708980295483,68.42868977333725,62.84982369596006
2007-10-16,60,60,60,60,58.74373989839076,74.49165267886389,68.0981529194809,62.793391543564816
2007-10-17,66,66,66,66,58.81594149144159,73.68292385230542,68.01587241283458,62.85688874072195
2007-10-18,63,63,63,63,58.85757391441232,72.66550253303824,67.81917153389989,62.859722627044285
2007-10-19,38,38,38,38,58.6500358655127,69.3640261013203,66.64979225806069,62.36745089185529
2007-10-22,46,46,46,46,58.524164861875754,67.13888075833742,65.83999648323477,62.043342953402714
2007-10-23,51,51,51,51,58.44929754981729,65.60184449563862,65.2580358368334,61.82466289491949
2007-10-24,40,40,40,40,58.26572244981911,63.16357359129208,64.26752462754581,61.39249135244584
2007-10-25,34,34,34,34,58.024272475194046,60.3860903921214,63.08056287744598,60.850065781110274
2007-10-26,42,42,42,42,57.86482697792843,58.635034164300315,62.25387413715398,60.476797151781355
2007-10-29,46,46,46,46,57.746768998048545,57.43169757722409,61.61646730824598,60.19012790125103
2007-10-30,47,47,47,47,57.63983597319234,56.43820256986942,61.04327251184418,59.92893724974111
2007-10-31,60,60,60,60,57.66332019236456,56.777421372739,61.00235986432088,59.93034443291455
2007-11-01,43,43,43,43,57.517416508858446,55.46528600390671,60.296384967680844,59.59509008770832
2007-11-02,51,51,51,51,57.45256659334742,55.04002067020131,59.931820851301204,59.424890283991324
2007-11-05,48,48,48,48,57.35851120435889,54.36954251113452,59.46390630811292,59.19865483282318
2007-11-06,50,50,50,50,57.285292187400096,53.95339560531218,59.092772727402604,59.016503251975195
2007-11-07,39,39,39,39,57.10334898155532,52.52926269052055,58.304820855739756,58.62013685094598
2007-11-08,29,29,29,29,56.82371366830601,50.28838052951859,57.15561219473035,58.03359948756091
2007-11-09,16,16,16,16,56.417507562153716,47.022820479088246,55.541666618466415,57.201250982856735
2007-11-12,8,8,8,8,55.93574131775418,43.30636138584175,53.677287535389304,56.2269687851764
2007-11-13,18,18,18,18,55.558271254890954,40.8962317300473,52.278178220276,55.469999106262016
2007-11-14,15,15,15,15,55.154706366782584,38.42992394623327,50.81628887830439,54.66861298534594
2007-11-15,12,12,12,12,54.725306303431516,35.91278833230629,49.29408147131206,53.82368995593315
2007-11-16,15,15,15,15,54.33002962379538,33.921094205419976,47.949215531260606,53.0549040162117
2007-11-19,10,10,10,10,53.888934801668064,31.64289475728474,46.46101100062293,52.202331659455034
2007-11-20,11,11,11,11,53.46217923150221,29.67690478040048,45.07038311824556,51.38644390382226
2007-11-21,8,8,8,8,53.00981923914895,27.612437658457576,43.61664260380456,50.527306400776276
2007-11-22,8,8,8,8,52.56196034124697,25.74458645289019,42.219911521302414,49.685181521552984
2007-11-23,9,9,9,9,52.128507999543025,24.149863933567314,40.917169893016045,48.87953436271035
2007-11-26,8,8,8,8,51.68941836770678,22.61178165417995,39.62630048544679,48.07003863275569
2007-11-27,21,21,21,21,51.384051020764424,22.458278639496147,38.89585732915476,47.53399826379023
2007-11-28,51,51,51,51,51.38022961757274,25.176537816686988,39.37052959075653,47.60263196153696
2007-11-29,56,56,56,56,51.4261974820745,28.112105643669178,40.02266568523667,47.768916477150086
2007-11-30,56,56,56,56,51.47170795488968,30.76809558236735,40.649227815227384,47.93190823007781
2007-12-03,51,51,51,51,51.46701434339824,32.69494362214189,41.05514044992435,47.99266252255151
2007-12-04,53,53,53,53,51.482267932021145,34.62875851527124,41.5235663146332,48.09181772012475
2007-12-05,72,72,72,72,51.686424470010984,38.18792437095969,42.718720576804444,48.56524707220149
2007-12-06,82,82,82,82,51.9880520872248,42.360503002296866,44.25916290712584,49.22732138760344
2007-12-07,82,82,82,82,52.2866784346156,46.13569319255431,45.739195734297375,49.876285320522186
2007-12-10,87,87,87,87,52.6320846193458,50.02753193612056,47.357266489815125,50.61140838348214
2007-12-11,62,62,62,62,52.72529770771052,51.16776698982336,47.93149133335179,50.83692504915577
2007-12-12,70,70,70,70,52.89718529270842,52.961312990792564,48.79692304576936,51.216391879865554
2007-12-13,65,65,65,65,53.0176113096964,54.107854610717084,49.43233782828821,51.48933461491772
2007-12-14,55,55,55,55,53.03733657029643,54.192820838267835,49.650677521296515,51.558852741355
2007-12-17,29,29,29,29,52.79815909198503,51.79350456795661,48.84084703026528,51.11214278608064
2007-12-18,37,37,37,37,52.640963479129454,50.38459937100836,48.37650008790194,50.83269441407904
2007-12-19,35,35,35,35,52.465431504212745,48.91939943091233,47.85193145700382,50.51917571281015
2007-12-20,46,46,46,46,52.401098852429534,48.64136138987306,47.77930669398406,50.429687084833716
2007-12-21,60,60,60,60,52.47670980912178,49.723136495599434,48.258549568729784,50.61919823166869
2007-12-24,62,62,62,62,52.57146891549868,50.89236159125663,48.797429977799204,50.84456064292277
2007-12-26,62,62,62,62,52.665285145195206,51.950231915898854,49.315177821807076,51.065460432171825
2007-12-27,47,47,47,47,52.6089141487256,51.47878125724182,49.224386534677386,50.98495626519813
2007-12-28,46,46,46,46,52.54315380893729,50.95699256607593,49.09794000390573,50.88624425994668
2007-12-31,39,39,39,39,52.40839605959463,49.818231369306794,48.701942356693735,50.65087308648239
2008-01-02,22,22,22,22,52.10582495452404,47.16887600080138,47.65480736231359,50.08352906496789
2008-01-03,23,23,23,23,51.81621475597156,44.867078286439344,46.68795217163463,49.547221558730904
2008-01-04,6,6,6,6,51.360332022081295,41.16545178296893,45.09234620411954,48.684900339746136
2008-01-07,10,10,10,10,50.94878642982178,38.19731351792427,43.7161757647423,47.91886270925611
2008-01-08,9,9,9,9,50.531385569823556,35.416616992407675,42.35475710730143,47.14819216055797
2008-01-09,16,16,16,16,50.1877896935069,33.56741537408313,41.32123722074059,46.531396276190485
2008-01-10,22,22,22,22,49.907314174168526,32.4657567670276,40.563541643456645,46.045626052899586
2008-01-11,15,15,15,15,49.55997771472406,30.802351360644018,39.561049814301484,45.43086118056494
2008-01-14,20,20,20,20,49.26584858323427,29.773555992963637,38.79394982158378,44.9272797710488
2008-01-15,15,15,15,15,48.92489486598816,28.366550660300433,37.860853750149126,44.334660369641895
2008-01-16,20,20,20,20,48.6370849668241,27.569736311700392,37.160428112888376,43.85278590687671
2008-01-17,16,16,16,16,48.312337852726344,26.467856662967023,36.33060740257903,43.30124559188906
2008-01-18,16,16,16,16,47.99082205319673,25.47091793316064,35.533328680909264,42.76062686729719
2008-01-21,16,16,16,16,47.67250541585149,24.568925749050102,34.76731579146184,42.23071346398437
2008-01-22,11,11,11,11,47.307604864449985,23.276647106283427,33.83526419179667,41.61228349440052
2008-01-23,23,23,23,23,47.06573814938083,23.25029976282786,33.41035187054974,41.24372342520447
2008-01-24,28,28,28,28,46.876029312073555,23.702652166368065,33.198181208959554,40.98147147619052
2008-01-25,24,24,24,24,46.64840712986387,23.730971007666344,32.837468220372905,40.64520471428576
2008-01-28,34,34,34,34,46.52255233255179,24.708973768840977,32.88305770192691,40.513616502121685
2008-01-29,41,41,41,41,46.467601563073664,26.26050007657041,33.20136916459644,40.52324785851532
2008-01-30,37,37,37,37,46.37339657239632,27.283309593087512,33.350335079710305,40.45348057418828
2008-01-31,43,43,43,43,46.339830437347594,28.7801372508887,33.72875331187853,40.50390670143208
2008-02-01,65,65,65,65,46.52550376632921,32.2296479888993,34.9550767114127,40.98897785585917
2008-02-04,65,65,65,65,46.70932959950006,35.35063389471841,36.13330899723965,41.46444364089166
2008-02-05,42,42,42,42,46.662470598510005,35.983906857126186,36.36337531107339,41.47504871730965
2008-02-06,31,31,31,31,46.506625119917864,35.50924906120941,36.153046867501885,41.26762201003619
2008-02-07,37,37,37,37,46.412031835142564,35.651225341094225,36.18626071583515,41.18311464350082
2008-02-08,45,45,45,45,46.39798176713119,36.541584832418586,36.531897550508276,41.25869653174833
2008-02-11,59,59,59,59,46.523374983378645,38.680481515045386,37.41299960735109,41.61000947171371
2008-02-12,60,60,60,60,46.65747075468831,40.71091184694583,38.29876432863144,41.974167699996606
2008-02-13,78,78,78,78,46.96933671732823,44.26225357580813,39.85567553143021,42.68755051781846
2008-02-14,56,56,56,56,47.05919406342447,45.38013418763593,40.488786294903534,42.95116337885175
2008-02-15,52,52,52,52,47.1083563115496,46.01059759833727,40.940206440201436,43.130348262438844
2008-02-18,52,52,52,52,47.15702938307647,46.5810168746861,41.37392383470334,43.30598493050936
2008-02-19,51,51,51,51,47.1952678966777,47.00187241043028,41.75141701765615,43.45834166455868
2008-02-20,51,51,51,51,47.23312592755653,47.38264646657978,42.11410654637552,43.60768143357732
2008-02-21,40,40,40,40,47.16115452529228,46.679537279286464,42.03120040730197,43.536242197268855
2008-02-22,43,43,43,43,47.11975000265256,46.32910515744966,42.069192548192085,43.5256235398972
2008-02-25,55,55,55,55,47.19816045038736,47.15490466626398,42.576283036498275,43.752838915344775
2008-02-26,64,64,64,64,47.365342933468085,48.75919945995312,43.41642879977285,44.15377279820923
2008-02-27,60,60,60,60,47.4910609142296,49.82975189233854,44.066764925271954,44.46755947547241
2008-02-28,50,50,50,50,47.516025482247215,49.84596599783011,44.29944081055541,44.57711275318583
2008-02-29,30,30,30,30,47.341736671478586,47.95587399803677,43.73867842582775,44.288457055102946
2008-03-03,30,30,30,30,47.16918207773253,46.24579076012851,43.19990672285411,44.00551731143754
2008-03-04,32,32,32,32,47.018244942630716,44.88904878297341,42.76069469450689,43.767784295369474
2008-03-05,35,35,35,35,46.89866041583837,43.94723461316642,42.456353726094854,43.594164804372056
2008-03-06,23,23,23,23,46.66086279976038,41.95225988810295,41.69335946232643,43.18635956072112
2008-03-07,16,16,16,16,46.35577958782247,39.480616089236,40.68577673831363,42.64801580704348
2008-03-10,10,10,10,10,45.99403053719737,36.67293836645162,39.48241294465427,42.00152044452776
2008-03-11,29,29,29,29,45.824935705981474,35.942182331551464,39.07133792721685,41.74406459414107
2008-03-12,28,28,28,28,45.64757316164335,35.18578401426085,38.63716781242403,41.47190489920759
2008-03-13,37,37,37,37,45.561527657547394,35.35856648909315,38.57296515311329,41.38335232694605
2008-03-14,26,26,26,26,45.366885591303145,34.46727444251285,38.07990769612845,41.078731488788705
2008-03-17,18,18,18,18,45.0945782719867,32.89896259084496,37.29246033549596,40.621726904852295
2008-03-18,39,39,39,39,45.03393570211618,33.48001377266925,37.359422675280435,40.589613500795814
2008-03-19,33,33,33,33,44.91419504836378,33.43429817527218,37.18846492330865,40.43932412454243
2008-03-20,50,50,50,50,44.96480007275817,35.0119840633415,37.690878063571056,40.628644438907926
2008-03-21,50,50,50,50,45.014901564571524,36.43941415254707,38.17358872774474,40.814215836157274
2008-03-24,70,70,70,70,45.263509509202656,39.635660423733064,39.42168328744103,41.392152156233365
2008-03-25,76,76,76,76,45.56934523547925,43.09893085956801,40.856127080090396,42.077456073931714
2008-03-26,71,71,71,71,45.82238657641975,45.756175539609146,42.03823974361626,42.65017971603208
2008-03-27,61,61,61,61,45.973407605510104,47.207968345360655,42.78183818504307,43.013542493932434
2008-03-28,55,55,55,55,46.063224445256274,47.95006659818345,43.26098178562962,43.25089808811199
2008-03-31,60,60,60,60,46.20189882888557,49.097679303118355,43.91741387246767,43.58256347250581
2008-04-01,83,83,83,83,46.56804908929467,52.32647175044042,45.45006430884148,44.36310677007995
2008-04-02,89,89,89,89,46.99025755606785,55.81918872658895,47.15790492418103,45.247005645919955
2008-04-03,89,89,89,89,47.40826494356966,58.979265990723334,48.79877139774256,46.11340157372352
2008-04-04,88,88,88,88,47.81216280482768,61.74314542017825,50.33607448018403,46.942839166323054
2008-04-07,80,80,80,80,48.13243979184432,63.48189347539937,51.499365677039556,47.59743641055428
2008-04-08,77,77,77,77,48.419679196900596,64.769332192028,52.49939055244977,48.1796653925235
2008-04-09,68,68,68,68,48.614508259618006,65.07701484040629,53.1072575896086,48.57214726593888
2008-04-10,77,77,77,77,48.896950963502405,66.21253723655808,54.04422788021218,49.135075042850985
2008-04-11,50,50,50,50,48.90792657580587,64.6684860711716,53.88563070843916,49.15220226972522
2008-04-14,44,44,44,44,48.85909148549934,62.70005882629811,53.49795891595135,49.050178462403935
2008-04-15,42,42,42,42,48.79084181897696,60.72862465236496,53.0470585663062,48.91057096809891
2008-04-16,64,64,64,64,48.94217672625082,61.04018420928258,53.476585681353015,49.20937154298804
2008-04-17,61,61,61,61,49.06215506728315,61.036357141731855,53.77162153698623,49.442849334216
2008-04-18,79,79,79,79,49.36004407158879,62.74718027109073,54.76096971200638,50.02813944640974
2008-04-21,77,77,77,77,49.63506850868741,64.10459167384398,55.633088546829654,50.562235694995685
2008-04-22,65,65,65,65,49.787953399148236,64.18986865728742,56.000418407738294,50.84813201786706
2008-04-23,72,72,72,72,50.00896878821144,64.9336906899267,56.62785297998385,51.26698088880038
2008-04-24,72,72,72,72,50.22778501917451,65.6066725289813,57.23068227488644,51.677535722685526
2008-04-25,70,70,70,70,50.424523476695164,66.02508466907832,57.73143983273403,52.04035679748383
2008-04-28,70,70,70,70,50.61930433762357,66.40364803392801,58.21255983929348,52.39599329654356
2008-04-29,69,69,69,69,50.80219683177657,66.65091964974438,58.6355967083408,52.72478550849319
2008-04-30,61,61,61,61,50.90366751006735,66.1127368259592,58.72831840605293,52.888651141988376
2008-05-01,85,85,85,85,51.24293450001693,67.91152379491547,59.75858042934497,53.524519436206425
2008-05-02,83,83,83,83,51.5589252015093,69.34852152873304,60.67000864780203,54.108192318657785
2008-05-05,78,78,78,78,51.82202047313607,70.1724718593299,61.34961615180979,54.58129742125862
2008-05-06,82,82,82,82,52.12229887638845,71.2989031108223,62.159435126248624,55.12424202677825
2008-05-07,66,66,66,66,52.26038545473284,70.79424567169636,62.31004551345456,55.33960357080244
2008-05-08,66,66,66,66,52.39709803727281,70.33765084582052,62.45474961096615,55.55070052979645
2008-05-09,64,64,64,64,52.51254979809597,69.73406505098048,62.515347665438064,55.71801339059256
2008-05-12,76,76,76,76,52.746255770254216,70.3308207604109,63.04415756091108,56.11963688780855
2008-05-13,74,74,74,74,52.95773581234124,70.68026640227653,63.473798440875356,56.47370348408957
2008-05-14,79,79,79,79,53.21686281918362,71.4726219830121,64.0826690902528,56.91976876163235
2008-05-15,83,83,83,83,53.51321244287333,72.57046750843952,64.82452520436053,57.43620898417428
2008-05-16,84,84,84,84,53.81656356284474,73.65899441239766,65.5765046081111,57.96222464785399
2008-05-19,70,70,70,70,53.97759278112489,73.31051875407407,65.74997501563615,58.2005964370054
2008-05-20,63,63,63,63,54.0673679773326,72.3285645870194,65.64213285816022,58.295634131322124
2008-05-21,43,43,43,43,53.95724491288153,69.53536795968422,64.75420607940885,57.992750287137525
2008-05-22,49,49,49,49,53.90791909285286,67.57961863019048,64.13639407629478,57.81467602402589
2008-05-23,34,34,34,34,53.70983034566029,64.38155971302949,62.95457470075381,57.34309828097587
2008-05-26,34,34,34,34,53.5137126307781,61.48807783559811,61.81910118307719,56.88085871105556
2008-05-27,53,53,53,53,53.50860106231265,60.67968947030305,61.47325407785847,56.804010023707924
2008-05-28,56,56,56,56,53.53339110149362,60.23400475884562,61.25861666304049,56.78808903313945
2008-05-29,66,66,66,66,53.65743696118025,60.78314716276508,61.44455326448988,56.970503111691144
2008-05-30,70,70,70,70,53.8200495287307,61.66094267107317,61.780060979607924,57.2285129510636
2008-06-02,56,56,56,56,53.84174057819607,61.12180527382811,61.55339192158409,57.204185961933625
2008-06-03,50,50,50,50,53.80351430378616,60.06258572393972,61.10031772858079,57.06152881417256
2008-06-04,61,61,61,61,53.875121126634056,60.1518632740407,61.09638370000899,57.13951834260479
2008-06-05,74,74,74,74,54.07536867761282,61.470733438417774,61.60240786863609,57.47338926651361
2008-06-06,49,49,49,49,54.02486749674105,60.283044539520844,61.108195795356245,57.305599380047994
2008-06-09,41,41,41,41,53.895266825131685,58.44656410718552,60.319639097499135,56.98271622400744
2008-06-10,31,31,31,31,53.66745322488162,55.8326056207869,59.169849328969754,56.468206991848874
2008-06-11,13,13,13,13,53.26280194901215,51.753309847378624,57.359267002343486,55.60745041775286
2008-06-12,18,18,18,18,52.911928297778196,48.53870890953304,55.81576633558492,54.862748429282505
2008-06-13,44,44,44,44,52.82325239431772,48.106450918148944,55.3524029498757,54.64764449998978
2008-06-16,48,48,48,48,52.77525983318023,48.09631273546809,55.064073422429594,54.51600797523751
2008-06-17,34,34,34,34,52.58844132737744,46.753806760661604,54.23803132743235,54.109750391569435
2008-06-18,25,25,25,25,52.31392947337368,44.68201564059859,53.09144186361148,53.533319690746275
2008-06-19,41,41,41,41,52.2013530607033,44.331347484351106,52.61726767288162,53.28513514241467
2008-06-20,27,27,27,27,51.950593328756,42.68074296203196,51.61266894061175,52.764637416822296
2008-06-23,20,20,20,20,51.63267697722609,40.520672203743196,50.37295643313678,52.11583271549908
2008-06-24,15,15,15,15,51.26817272869648,38.09013199386289,48.98578167105298,51.38086573103375
2008-06-25,25,25,25,25,51.00679787567462,36.843452756352136,48.04516278199208,50.8584723502212
2008-06-26,11,11,11,11,50.608720284871886,34.38217154146145,46.59241130034533,50.0691956700188
2008-06-27,11,11,11,11,50.21460366512191,32.15529806132227,45.19663046503767,49.295548231008524
2008-06-30,12,12,12,12,49.83435885253363,30.235745865005864,43.89480181934992,48.5570225234638
2008-07-01,17,17,17,17,49.50764881419997,28.97519863976721,42.84010370878718,47.932130988345705
2008-07-02,11,11,11,11,49.12448812948156,27.26327495978938,41.59147219079553,47.20080166184381
2008-07-03,11,11,11,11,48.745139988889704,25.714391630285633,40.3918066146859,46.48395410418354
2008-07-04,11,11,11,11,48.36956645666194,24.31302099882986,39.23918674744331,45.78130154766505
2008-07-07,17,17,17,17,48.057431467043415,23.616542808465113,38.36706177695534,45.211374784344954
2008-07-08,35,35,35,35,47.92750677582905,24.700681588611292,38.235020138643364,45.009169343070795
2008-07-09,23,23,23,23,47.67947188253722,24.538711913505455,37.63756836850049,44.57334420756444
2008-07-10,28,28,28,28,47.48365624191496,24.86835839793351,37.25962451091223,44.24515917375128
2008-07-11,20,20,20,20,47.2101870255775,24.404705217177938,36.582776490876455,43.765057011894825
2008-07-14,17,17,17,17,46.9095881497011,23.699495196494325,35.814824471626395,43.23505588294641
2008-07-15,19,19,19,19,46.63188080492795,23.251924225399627,35.155419590386146,42.755153786254404
2008-07-16,51,51,51,51,46.67534467751573,25.8945981086949,35.7767756848808,42.91841806771471
2008-07-17,60,60,60,60,46.80792831256532,29.142731622152528,36.726706050179594,43.25666721488868
2008-07-18,61,61,61,61,46.94914295622139,32.17675718194752,37.67859993056471,43.60802033934633
2008-07-21,50,50,50,50,46.979499742726645,33.8742088789049,38.161792090150406,43.73459419401274
2008-07-22,56,56,56,56,47.06925596419205,35.98142708091396,38.86132965524255,43.97747351690358
2008-07-23,62,62,62,62,47.217820581463776,38.4593864065412,39.768728492291864,44.33435522944014
2008-07-24,45,45,45,45,47.19575271498155,39.08230198687061,39.97387639455493,44.34753631400569
2008-07-25,52,52,52,52,47.24355617055387,40.31255894050198,40.445489084964535,44.49907024838181
2008-07-28,41,41,41,41,47.18143123353344,40.37802951759703,40.467234611044354,44.42978172861188
2008-07-29,64,64,64,64,47.34878017648335,42.6277409921116,41.39008815570928,44.817310803292834
2008-07-30,62,62,62,62,47.494563458309386,44.47271804048192,42.19831999274029,45.15756207451476
2008-07-31,59,59,59,59,47.609045413948095,45.85626870329317,42.857209404789685,45.43166975620753
2008-08-01,54,54,54,54,47.67263700186901,46.63186216012239,43.294181584994014,45.601339662025204
2008-08-04,54,54,54,54,47.73559583767131,47.333589573444065,43.71401760126876,45.767649767727676
2008-08-05,64,64,64,64,47.89743070495816,48.920866756925584,44.50954632278763,46.12868640599049
2008-08-06,68,68,68,68,48.09745627008296,50.73792706578981,45.430740584639096,46.56178172468375
2008-08-07,66,66,66,66,48.27559103356472,52.19145782142888,46.2373782087709,46.94669693805635
2008-08-08,78,78,78,78,48.571356296912334,54.64941421938803,47.48297122019165,47.56161383037207
2008-08-11,77,77,77,77,48.85422837355997,56.77804143658917,48.64050176057629,48.1445521703647
2008-08-12,79,79,79,79,49.15418630019121,58.89441844262829,49.83107031898506,48.755551137288165
2008-08-13,77,77,77,77,49.43125907332364,60.61875954333036,50.896518541769964,49.31484715437157
2008-08-14,80,80,80,80,49.735425649708475,62.46459196777509,52.037831540131926,49.92247394339392
2008-08-15,79,79,79,79,50.026615444238736,64.0393927327489,53.095171479734596,50.498266538574235
2008-08-18,75,75,75,75,50.275106832853275,65.08326009153471,53.95418436288226,50.98344937939455
2008-08-19,63,63,63,63,50.4017226852627,64.8848543685314,54.30892223100452,51.221400876832284
2008-08-20,60,60,60,60,50.497227932175505,64.41963014295699,54.53210175135729,51.39523452283561
2008-08-21,55,55,55,55,50.54203163434291,63.52252251029442,54.55045070228445,51.46661601743292
2008-08-22,69,69,69,69,50.72569301111562,64.04418703312352,55.11709969435173,51.81381173985999
2008-08-25,41,41,41,41,50.628919946328395,61.84950255377842,54.563487941632054,51.59967685392217
2008-08-26,35,35,35,35,50.473408305071395,59.29240707246619,53.796292336077855,51.270970381567274
2008-08-27,50,50,50,50,50.46869777467268,58.40741592270751,53.6474181268199,51.24580265123921
2008-08-28,63,63,63,63,50.59338734905404,58.84480488244965,54.0141860434152,51.47855903438299
2008-08-29,30,30,30,30,50.38847802219778,56.097680607930634,53.07245325739892,51.053241033702136
2008-09-01,30,30,30,30,50.18560759411621,53.61218721669915,52.16765116887347,50.63634517164863
2008-09-02,27,27,27,27,49.95490503099068,51.077693196061134,51.180684456368624,50.16829873260608
2008-09-03,28,28,28,28,49.736448264513164,48.879817653579124,50.27163800709926,49.72932252007923
2008-09-04,10,10,10,10,49.34106071959263,45.176977877047776,48.69235808525223,48.94260326225588
2008-09-05,13,13,13,13,48.97945812536783,42.112503793519416,47.29265776818352,48.23086854419141
2008-09-08,20,20,20,20,48.69110530819999,40.00655105127947,46.22235746354887,47.67184144430643
2008-09-09,8,8,8,8,48.2862186882179,36.95830809401476,44.72344148458617,46.88626042560729
2008-09-10,16,16,16,16,47.96496278087245,34.96227875172764,43.5970320146024,46.27465130826853
2008-09-11,27,27,27,27,47.7563561860379,34.20396648965834,42.94616801402975,45.89297504473846
2008-09-12,28,28,28,28,47.55977552747036,33.61311253826231,42.36004377818545,45.53865870721889
2008-09-15,14,14,14,14,47.22584741276916,31.745197058427802,41.24788519864877,44.91413081202644
2008-09-16,21,21,21,21,46.964893707169466,30.721844957625155,40.453850484976265,44.44058366723384
2008-09-17,10,10,10,10,46.59708381953594,28.748335914041807,39.259581838506605,43.75859191144703
2008-09-18,26,26,26,26,46.39213771187887,28.486589636514015,38.73959823699654,43.40693662607184
2008-09-19,39,39,39,39,46.318584102805445,29.48786681398887,38.749810070839814,43.319670554268434
2008-09-22,16,16,16,16,46.016906649046184,28.203308069799455,37.85766065629708,42.778686978936385
2008-09-23,12,12,12,12,45.6784299659711,26.660135872675696,36.843634748206995,42.169208028858435
2008-09-24,13,13,13,13,45.353271458847004,25.359170551468488,35.90859024827731,41.59159994907906
2008-09-25,26,26,26,26,45.16070159358485,25.42020192751911,35.520018081678195,41.28285539563195
2008-09-26,34,34,34,34,45.049649836434746,26.23732555346967,35.46040952945552,41.138640437302605
2008-09-29,8,8,8,8,44.68099660423142,24.500437405520177,34.38353072437883,40.48242973557384
2008-09-30,16,16,16,16,44.39561355344304,23.69087193832778,33.66260795087378,39.99762914675059
2008-10-01,12,12,12,12,44.07326913997595,22.577455563248947,32.81309391358461,39.44322064879513
2008-10-02,8,8,8,8,43.714331138583155,21.189126461987144,31.840031407169526,38.82058261614573
2008-10-03,4,4,4,4,43.319163664567405,19.55206679894075,30.748265469633466,38.1310661286973
2008-10-06,1,1,1,1,42.89807745894982,17.785203294279725,29.581666823765488,37.39579749248547
2008-10-13,4,4,4,4,42.5110319120946,16.47232679006261,28.578464203225664,36.73449457184219
2008-10-14,3,3,3,3,42.117887315954356,15.189248048151885,27.57538717564819,36.06648477834037
2008-10-16,2,2,2,2,41.71870435758665,13.933129186423134,26.572430815818848,35.39190092134353
2008-10-17,2,2,2,2,41.32349336895395,12.796640692478073,25.608806077943598,34.73067516052485
2008-10-20,11,11,11,11,41.021767066775304,12.625532055099209,25.03591172194581,34.2607608009105
2008-10-21,5,5,5,5,40.66334152382232,11.899290906994523,24.25018969363421,33.681339794951874
2008-10-22,5,5,5,5,40.30848240418229,11.242215582518854,23.495280293883848,33.11339247227956
2008-10-23,7,7,7,7,39.97705471856854,10.838195050850391,22.848406556868795,32.596295591640356
2008-10-24,6,6,6,6,39.63897457211512,10.37741456981702,22.187684731109236,32.06963627299401
2008-10-27,5,5,5,5,39.29430815846223,9.865279848882066,21.513657878908873,31.533603871548586
2008-10-28,22,22,22,22,39.122225490218824,11.020967482321868,21.532730118951662,31.344819636468415
2008-10-29,26,26,26,26,38.99165608235595,12.447542007815024,21.70791717311042,31.23898162386508
2008-10-30,49,49,49,49,39.0912415939743,15.928728483261212,22.77819493102766,31.59068495804597
2008-10-31,64,64,64,64,39.339089936322814,20.506944818188714,24.394736306281477,32.23245357273813
2008-11-03,63,63,63,63,39.574521877254924,24.553902454551693,25.908668215839064,32.84171191783243
2008-11-04,78,78,78,78,39.95686494315289,29.64400698268963,27.95146554070812,33.73593544421198
2008-11-05,55,55,55,55,40.10654787904191,32.05886346052871,29.01219238224898,34.15700602947511
2008-11-06,30,30,30,30,40.00598521357881,31.862781226192645,29.050929935886273,34.074689078396396
2008-11-07,38,38,38,38,39.98602516170241,32.447278252269534,29.401873859969164,34.152418007537065
2008-11-10,37,37,37,37,39.95631346855114,32.88087079967244,29.699839590950766,34.208805769764055
2008-11-11,27,27,27,27,39.8273949265755,32.3207878663703,29.59396352856054,34.066057140659815
2008-11-12,13,13,13,13,39.56045567357475,30.48071283147789,28.94321986077385,33.648907494310116
2008-11-13,42,42,42,42,39.5847297464745,31.577787799908567,29.455250454468995,33.81427566273962
2008-11-14,23,23,23,23,39.41970755994242,30.760855628488702,29.202103377823153,33.60013159021012
2008-11-17,19,19,19,19,39.216526390191746,29.640774140061207,28.802020892418323,33.311020073572294
2008-11-18,19,19,19,19,39.01536692362267,28.627367079102996,28.417627916245056,33.02763353746195
2008-11-19,6,6,6,6,38.686855809954785,26.472379738236043,27.538505252862898,32.49243287335379
2008-11-20,2,2,2,2,38.3218124685622,24.141676906023086,26.536995242946706,31.888622321406192
2008-11-21,7,7,7,7,38.01015264300437,22.509136248306604,25.770838566752715,31.395778315041714
2008-11-24,22,22,22,22,37.85084764158144,22.460647081801213,25.62296254452712,31.209723298902272
2008-11-25,25,25,25,25,37.72297851081943,22.702490216867766,25.598532640820174,31.086758481102226
2008-11-26,40,40,40,40,37.74563544106003,24.3498721009756,26.163296066670362,31.263258313159607
2008-11-27,40,40,40,40,37.768066929208686,25.840360472311257,26.705911907193094,31.436263099037635
2008-11-28,44,44,44,44,37.83007621349517,27.569849951138757,27.384111440244347,31.68504996836362
2008-12-01,9,9,9,9,37.54320978351014,25.801292812935067,26.6631658935681,31.235841058098995
2008-12-02,26,26,26,26,37.428351974719,25.820217306941252,26.637159387937977,31.13216103714654
2008-12-03,49,49,49,49,37.54349275108996,28.027815658661133,27.51413352958747,31.485979630470368
2008-12-04,32,32,32,32,37.48833361923832,28.406118929264835,27.69004986176051,31.496158251649174
2008-12-05,60,60,60,60,37.71233029964391,31.415059983620566,28.957106729926764,32.06059076151751
2008-12-08,82,82,82,82,38.15300362999571,36.23267331851385,31.037220191498264,33.04948995435875
2008-12-09,81,81,81,81,38.57934190233406,40.49622824056014,32.99654488987088,33.99900500476748
2008-12-10,81,81,81,81,39.00143800280834,44.35373031288775,34.87903332556222,34.929717776950305
2008-12-11,71,71,71,71,39.31983165452169,46.891470283088914,36.29554182259899,35.64398079126812
2008-12-12,77,77,77,77,39.694758702735406,49.758949303747116,37.891795084457854,36.46291186470835
2008-12-15,62,62,62,62,39.91670140221068,50.9247636557712,38.83721488506735,36.96859677827848
2008-12-16,85,85,85,85,40.36529143800958,54.17002425998347,40.64752018369216,37.91971367375812
2008-12-17,86,86,86,86,40.81936814011893,57.20145052093743,42.42604880393952,38.871798551505485
2008-12-18,80,80,80,80,41.209225173550585,59.372740947514814,43.899537086137975,39.68621838216874
2008-12-19,78,78,78,78,41.57530253500779,61.14676561918007,45.23681014158355,40.44490712707629
2008-12-22,63,63,63,63,41.788483604311196,61.323264131639114,45.93340582230576,40.891542629510425
2008-12-23,53,53,53,53,41.90004098138272,60.53057230957825,46.21052716260749,41.131314062589425
2008-12-24,55,55,55,55,42.03038883231424,60.00385113723746,46.555212371917,41.405941506894585
2008-12-26,55,55,55,55,42.15943968970414,59.52729388607199,46.88638051419477,41.67513078398578
2008-12-29,45,45,45,45,42.187703971398626,58.143742087398465,46.81240480775576,41.7409697783623
2008-12-30,67,67,67,67,42.434592489096154,58.98719522193194,47.604075207451615,42.24114859463235
2008-12-31,75,75,75,75,42.758626394677286,60.51222424841461,48.67842519931626,42.889838721471314
2009-01-02,93,93,93,93,43.258540559904375,63.60629812951798,50.416526171892095,43.882119142828316
2009-01-05,90,90,90,90,43.723629708562044,66.11998402194484,51.96881926319045,44.79534450633667
2009-01-06,88,88,88,88,44.16419060698431,68.2037950674739,53.38180674306533,45.650882238884456
2009-01-07,80,80,80,80,44.52076582482527,69.32724315628592,54.425657459023554,46.331062788609515
2009-01-08,78,78,78,78,44.85389253303596,70.1532199985444,55.350141480238314,46.9581704561618
2009-01-09,61,61,61,61,45.0145503187769,69.28148476058779,55.571704559444655,47.23622648673285
2009-01-12,44,44,44,44,45.00445529072937,66.87372430719847,55.11791222378016,47.17214279392626
2009-01-13,43,43,43,43,44.98451046196589,64.60003627794147,54.64269997971035,47.089526104937626
2009-01-14,23,23,23,23,44.76575911408563,60.63812806099466,53.40180978442759,46.61250578602797
2009-01-15,36,36,36,36,44.67853763036339,58.29163967423327,52.71938587131278,46.40235715660167
2009-01-16,45,45,45,45,44.68173626090704,57.025769229068196,52.416664856751495,46.37458770795609
2009-01-19,45,45,45,45,44.684903064281094,55.88045787391884,52.125815254525946,46.3473681493827
2009-01-20,21,21,21,21,44.449232387024566,52.55850950497419,50.905195048466105,45.84544006721671
2009-01-21,35,35,35,35,44.35521017421835,50.88627050450046,50.28146190931057,45.63067887776687
2009-01-22,29,29,29,29,44.20242201328085,48.80186378978613,49.446894775612115,45.3013585039497
2009-01-23,32,32,32,32,44.081004878820345,47.20168628599698,48.76270282362733,45.037965266247724
2009-01-26,36,36,36,36,44.00059687007586,46.13485902066393,48.26220467368116,44.85899565701509
2009-01-27,45,45,45,45,44.01054117982635,46.02677720917213,48.13427507863484,44.861787822222716
2009-01-28,63,63,63,63,44.19949101883305,47.64327461782241,48.71724468339426,45.220960340594544
2009-01-29,44,44,44,44,44.19750603357103,47.2962960827917,48.532254695810174,45.19678290810752
2009-01-30,31,31,31,31,44.0661875655753,45.744267884430585,47.84471529597448,44.91565849408559
2009-02-02,40,40,40,40,44.02572798780838,45.19719475258005,47.5370794020147,44.81831872192548
2009-02-03,52,52,52,52,44.105073977979444,45.845080966620046,47.712095896053334,44.9605302323824
2009-02-04,63,63,63,63,44.293083192128904,47.4788827793229,48.311621547188494,45.31774745550354
2009-02-05,77,77,77,77,44.618525150416176,50.29041775272072,49.43665599631836,45.945118793018324
2009-02-06,79,79,79,79,44.96062937777522,53.02466368103303,50.59600281999215,46.599670896126874
2009-02-09,81,81,81,81,45.319230080483926,55.688981425696554,51.78831643489442,47.280865531847134
2009-02-10,59,59,59,59,45.45535714435971,56.00431652801117,52.07112755509464,47.512927600523426
2009-02-11,62,62,62,62,45.61998045635613,56.57533400153391,52.460495101953676,47.79980032130514
2009-02-12,66,66,66,66,45.82276672047199,57.472921239483064,52.991456078347646,48.160200314942664
2009-02-13,66,66,66,66,46.02353521081555,58.285023978579915,53.501595055667345,48.51346367504281
2009-02-16,66,66,66,66,46.22230600473779,59.01978359966754,53.99172858289607,48.859731721081566
2009-02-17,30,30,30,30,46.060890024591146,56.25599468541349,53.05087648160603,48.486271687000745
2009-02-18,27,27,27,27,45.871229427331535,53.469709477278876,52.02927348232736,48.060800960525484
2009-02-19,24,24,24,24,45.65360525392525,50.663070479442794,50.93008628694197,47.58434945635666
2009-02-20,23,23,23,23,45.428196246423504,48.02849233854348,49.83478878549327,47.09753065524069
2009-02-23,14,14,14,14,45.115477875812324,44.78768354439648,48.42950295076804,46.44213400860226
2009-02-24,28,28,28,28,44.94517461336643,43.188856540168246,47.62834597230655,46.07694323615469
2009-02-25,24,24,24,24,44.736764915721,41.361346393485555,46.701744169471,45.63977604335955
2009-02-26,20,20,20,20,44.49062795138546,39.32693245124884,45.654616947138805,45.132057705867275
2009-02-27,22,22,22,22,44.26684060858561,37.67674840827276,44.726984909996105,44.67399715723624
2009-03-02,9,9,9,9,43.91592677168426,34.94562951224678,43.32592667823155,43.96758137194443
2009-03-03,10,10,10,10,43.5784548635083,32.56985527298519,42.01902759281071,43.294955998242564
2009-03-04,24,24,24,24,43.38364436735399,31.75367858031993,41.31239905975931,42.9128776616437
2009-03-05,16,16,16,16,43.111170294046985,30.25332823933708,40.31975595937659,42.3799493911161
2009-03-06,20,20,20,20,42.88120840057388,29.276820787971644,39.52290278449908,41.93678207644054
2009-03-09,16,16,16,16,42.61373369012041,28.01236166530768,38.60043600863637,41.423182431362505
2009-03-10,40,40,40,40,42.587726389721205,29.15404150670695,38.65532087104279,41.3950006010385
2009-03-11,47,47,47,47,42.63162960972398,30.853656601306287,38.98256318982543,41.505990688146646
2009-03-12,70,70,70,70,42.903951703159564,34.58187978213426,40.198933260812666,42.07022849630216
2009-03-13,76,76,76,76,43.23326561656096,38.52646266002623,41.60289666234942,42.74210515974172
2009-03-16,66,66,66,66,43.459800287042945,41.14299002573802,42.559645812845524,43.20265753281614
2009-03-17,86,86,86,86,43.8830858563261,45.415086213762976,44.26318911430256,44.050129660879186
2009-03-18,89,89,89,89,44.33201037516862,49.566030383880786,46.01757385491815,44.94022610323801
2009-03-19,86,86,86,86,44.746617237107245,53.03593225208262,47.58551213511743,45.753290932876865
2009-03-20,84,84,84,84,45.1371981601211,55.984891085217605,49.01353126707361,46.51065150846346
2009-03-23,99,99,99,99,45.673146437134825,60.08156812472069,50.973784942874644,47.55004454789983
2009-03-24,93,93,93,93,46.14406040293448,63.216656874747294,52.621871807859954,48.4500436657632
2009-03-25,93,93,93,93,46.61028865763165,66.05316574381898,54.20532781539486,49.3322210189164
2009-03-26,96,96,96,96,47.10172857148606,68.9052451967886,55.84433456773232,50.25633545418538
2009-03-27,92,92,92,92,47.54847754092401,71.1047456542373,57.262203800370266,51.082942672914385
2009-03-30,84,84,84,84,47.911179256934716,72.33286511573851,58.31074482780672,51.734765590282414
2009-03-31,88,88,88,88,48.31007299567168,73.82497319995389,59.47502934436332,52.45288904394019
2009-04-01,88,88,88,88,48.70499764248092,75.17497575233924,60.593655644584366,53.156792231188895
2009-04-02,89,89,89,89,49.10594293957066,76.49164472830692,61.70762993303204,53.866558721660404
2009-04-03,92,92,92,92,49.53274947748538,77.96863094465864,62.8955660140896,54.62167637073644
2009-04-06,88,88,88,88,49.91550818915219,78.92399942611972,63.880053621380206,55.28263327428621
2009-04-07,74,74,74,74,50.15515487383725,78.45504709982261,64.27691426367902,55.65327419954787
2009-04-08,82,82,82,82,50.47201900444583,78.79266166174426,64.97193723373083,56.17499154213108
2009-04-09,91,91,91,91,50.87528249693891,79.95526531300672,65.9926455775061,56.86459567000968
2009-04-10,91,91,91,91,51.27453341736738,81.00714480700609,66.9733261430941,57.54054427060355
2009-04-13,91,91,91,91,51.66981169182144,81.95884530157693,67.91554864728649,58.20310775039358
2009-04-14,82,82,82,82,51.97160461031078,81.96276479666484,68.46788007288309,58.674333339494694
2009-04-15,75,75,75,75,52.20074287289475,81.29964433983962,68.72404163865238,58.99761386742549
2009-04-16,84,84,84,84,52.517153391572414,81.5568210693787,69.32309882929346,59.492710622525976
2009-04-17,82,82,82,82,52.810515049367716,81.59902858658073,69.82023220853685,59.93839952108982
2009-04-20,61,61,61,61,52.89200246181182,79.6372163402397,69.47434074937854,59.95942131275141
2009-04-21,70,70,70,70,53.06223129303758,78.71938621259783,69.4949548376382,60.158244653092964
2009-04-22,71,71,71,71,53.240716553803374,77.9842065733028,69.55397621655435,60.372932877784194
2009-04-23,68,68,68,68,53.38757509555657,77.03332975679777,69.4930359727679,60.52396390990728
2009-04-24,75,75,75,75,53.602624099580886,76.83967930376942,69.70899534638484,60.81061808990911
2009-04-27,76,76,76,76,53.8254835612766,76.75970984626757,69.9557014112325,61.11139792971289
2009-04-28,73,73,73,73,54.01627476962211,76.40164224186114,70.07508566961553,61.34681579249086
2009-04-29,78,78,78,78,54.25491880176517,76.55386679025531,70.38586662374826,61.67658181640193
2009-04-30,80,80,80,80,54.51108876393666,76.88206995308813,70.76289146203264,62.03942178043357
2009-05-01,74,74,74,74,54.70500827872336,76.60758710041307,70.8898368948941,62.276264913494295
2009-05-04,82,82,82,82,54.976600236149,77.12115023370707,71.32552956568257,62.66683392510827
2009-05-05,82,82,82,82,55.245489786038064,77.58580259240163,71.7441362493813,63.049668896888306
2009-05-06,76,76,76,76,55.45200232548047,77.43477377407767,71.91103286705263,63.30611109694993
2009-05-07,63,63,63,63,55.5271067799533,76.0600334146417,71.56158059775645,63.30004949106973
2009-05-08,60,60,60,60,55.57161318015277,74.53050642277105,71.10818528019738,63.23470197639508
2009-05-11,61,61,61,61,55.625626979355225,73.24188676345952,70.71178585744454,63.19045045211003
2009-05-12,56,56,56,56,55.62935208403826,71.5998023097967,70.13485307872122,63.048065294642505
2009-05-13,33,33,33,33,55.40418440161002,67.92363066124463,68.67858433053607,62.45305410068919
2009-05-14,45,45,45,45,55.300660178708426,65.7404277411261,67.75001239600525,62.10744906899237
2009-05-15,41,41,41,41,55.15836505255212,63.38419652768552,66.70099230204426,61.68947978049747
2009-05-18,60,60,60,60,55.20654052466603,63.06189209647737,66.43820829019938,61.65602473533911
2009-05-19,63,63,63,63,55.28408738511712,63.055997611098576,66.30337659254451,61.68263810691655
2009-05-20,52,52,52,52,55.25140989869804,62.00304545766062,65.74245986342511,61.4909026988588
2009-05-21,36,36,36,36,55.059853581298064,59.526564937883414,64.57608888838884,60.98613234838635
2009-05-22,41,41,41,41,54.91995454068813,57.76213018189452,63.65153638296182,60.5903673513886
2009-05-25,41,41,41,41,54.781447530333025,56.1657368312379,62.76324083853195,60.20243928502447
2009-05-26,65,65,65,65,54.883124669334684,57.00709522826286,62.850956884079714,60.29744048730121
2009-05-27,58,58,58,58,54.914138354216924,57.10165758747592,62.66072328078247,60.25194661626554
2009-05-28,66,66,66,66,55.02444543526949,57.94911876962107,62.79167530898708,60.365769455547415
2009-05-29,76,76,76,76,55.233157420988206,59.668250315371445,63.3096488262817,60.67535817919994
2009-06-01,92,92,92,92,55.59899665063011,62.74746457105036,64.43476063701576,61.29564811624549
2009-06-02,93,93,93,93,55.97114593768852,65.62865842142651,65.55496610223082,61.923457064438644
2009-06-03,91,91,91,91,56.319691749253806,68.04497666700493,66.55281056881,62.499230191875505
2009-06-04,92,92,92,92,56.6747196920473,70.32640746062351,67.55073956611157,63.08340385144233
2009-06-05,85,85,85,85,56.956563277201056,71.72389246437366,68.23502428900916,63.51739585438406
2009-06-08,83,83,83,83,57.21570195105975,72.79780746776665,68.81404294434213,63.903189995881405
2009-06-09,87,87,87,87,57.51206312567607,74.15039723274126,69.52721773083852,64.36055257022039
2009-06-10,88,88,88,88,57.815425681639496,75.46940702009923,70.25164056492328,64.82866044011702
2009-06-11,83,83,83,83,58.066018460926664,76.18660635151835,70.75157622904393,65.18848894625332
2009-06-12,84,84,84,84,58.32406802847963,76.93073907994517,71.2711222592775,65.56099411563444
2009-06-15,56,56,56,56,58.30094297346988,74.93733535804563,70.67225471969799,65.37166749948327
2009-06-16,40,40,40,40,58.11884403841048,71.6099700858508,69.46942120127846,64.86925824206776
2009-06-17,45,45,45,45,57.98830827683425,69.07568722053168,68.50983605613028,64.47580758380899
2009-06-18,41,41,41,41,57.81927038353242,66.4018122471477,67.43101895588988,64.01094010690188
2009-06-19,53,53,53,53,57.77131744439279,65.12544917599078,66.8650966438942,63.79290168894343
2009-06-22,18,18,18,18,57.375582942458536,60.63731115922975,64.94881834413364,62.886111556489105
2009-06-23,15,15,15,15,56.95393535099129,56.290900572636446,62.99004115416761,61.93787172368734
2009-06-24,25,25,25,25,56.63598574550878,53.310814803813926,61.50023561871006,61.206428719257886
2009-06-25,55,55,55,55,56.619707280379345,53.47168958440307,61.24532441797633,61.08352914065872
2009-06-26,54,54,54,54,56.59364054127109,53.52200486207897,60.961194048643925,60.9432612368833
2009-06-29,56,56,56,56,56.587733670213666,53.75800439902383,60.76663741928534,60.8453748757569
2009-06-30,52,52,52,52,56.54208457896776,53.59057540864061,60.42284771656826,60.670218937623105
2009-07-01,57,57,57,57,56.54664095131634,53.9152825125796,60.2886183943499,60.5975413348979
2009-07-02,35,35,35,35,56.33224651398981,52.113827035191065,59.29690786908128,60.090659328266256
2009-07-03,35,35,35,35,56.11998535464662,50.48393874612525,58.344087952646724,59.593814589092666
2009-07-06,28,28,28,28,55.840184505346656,48.34261124649427,57.1541237192096,58.968194498219546
2009-07-07,13,13,13,13,55.413914012756145,44.976648270637675,55.42258945571118,58.05793322102708
2009-07-08,16,16,16,16,55.021735763873,42.2169674829579,53.87660555548722,57.22510286021466
2009-07-09,17,17,17,17,54.64341003487924,39.815351532200005,52.43046416115438,56.42856616991338
2009-07-10,26,26,26,26,54.358400979805815,38.49960376722858,51.39397537052088,55.82602030516262
2009-07-13,45,45,45,45,54.2652825620963,39.118689122730615,51.14323123834359,55.611643665456434
2009-07-14,57,57,57,57,54.292493680881414,40.82167111104199,51.372908444683056,55.63913587010086
2009-07-15,79,79,79,79,54.538339514902496,44.457702433799895,52.45632379979352,56.101727239009755
2009-07-16,89,89,89,89,54.881241609281574,48.69982601153324,53.88940914097809,56.75317818477194
2009-07-17,83,83,83,83,55.16103024998524,51.96650924853007,55.031000939371104,57.27291723061804
2009-07-20,88,88,88,88,55.487786167895834,55.39827027247959,56.323902863317336,57.88137431516026
2009-07-21,94,94,94,94,55.87099227567796,59.07462548462439,57.80139686867744,58.596594625751145
2009-07-22,93,93,93,93,56.24043513860654,62.305613533707785,59.181734246376365,59.277850177716466
2009-07-23,98,98,98,98,56.65595319692886,65.7050789114499,60.70401917789102,60.04462542172208
2009-07-24,95,95,95,95,57.03748600093952,68.49507139607373,62.048959602287454,60.73681105693551
2009-07-27,93,93,93,93,57.39532196112918,70.82887412025718,63.26272589239383,61.37568608551104
2009-07-28,95,95,95,95,57.769497862013466,73.13088610880412,64.50732487700584,62.04151408381775
2009-07-29,96,96,96,96,58.14990086836159,75.30889695558469,65.74233174457424,62.713959349484725
2009-07-30,94,94,94,94,58.5066182726565,77.08900200743376,66.85047559772819,63.333484906920674
2009-07-31,94,94,94,94,58.85978625004301,78.69957324482102,67.91516282918982,63.940742631536104
2009-08-03,94,94,94,94,59.20944011820178,80.15675674531425,68.93809762020199,64.53597545071361
2009-08-04,92,92,92,92,59.53571434588137,81.28468467433194,69.84248594882152,65.0798175209965
2009-08-05,83,83,83,83,59.76918982502683,81.44804803868128,70.35846689200498,65.43467261959063
2009-08-06,76,76,76,76,59.93069042378278,80.92918632071164,70.57970348447537,65.64388702316309
2009-08-07,77,77,77,77,60.10053430016305,80.55497809969148,70.83147981841752,65.86876054745689
2009-08-10,74,74,74,74,60.238837441454955,79.93069447114944,70.95573551181292,66.02977519008151
2009-08-11,64,64,64,64,60.276261944525054,78.41348547389711,70.68296157017319,65.98958162196108
2009-08-12,73,73,73,73,60.402866303286,77.89791542876405,70.77382582232326,66.12840178786284
2009-08-13,71,71,71,71,60.50831041967121,77.2409711022151,70.78269539791843,66.22486907919229
2009-08-14,60,60,60,60,60.503252604550106,75.5989738543851,70.35984459800007,66.10160434495086
2009-08-17,31,31,31,31,60.20968790201727,71.35145253491984,68.81632128043144,65.40652307079341
2009-08-18,38,38,38,38,59.988695982594216,68.17512372207034,67.60783809296353,64.863819643649
2009-08-19,46,46,46,46,59.849504977792286,66.06320717711125,66.76047189323947,64.49027866060644
2009-08-20,55,55,55,55,59.80125119691873,65.00956839833876,66.29927691703399,64.30235235049541
2009-08-21,77,77,77,77,59.97238302580511,66.15151426516364,66.718913116366,64.55379091781234
2009-08-24,69,69,69,69,60.06221006037421,66.42279862086234,66.80836750395949,64.64183466201408
2009-08-25,76,76,76,76,60.220795034897854,67.33491303792307,67.1688236802748,64.8667488271227
2009-08-26,70,70,70,70,60.318100556938674,67.58873084383517,67.27985020261696,64.96839736519948
2009-08-27,72,72,72,72,60.43433836234227,68.00885171585087,67.46495411623982,65.10763702133414
2009-08-28,72,72,72,72,60.54941957266722,68.38896107624602,67.64279905285787,65.24411945655525
2009-08-31,57,57,57,57,60.51410196497899,67.30429811660355,67.22543438411834,65.08086956632644
2009-09-01,31,31,31,31,60.22042930861104,63.846745915022254,65.80482911415292,64.40600086204275
2009-09-02,29,29,29,29,59.90977827071441,60.52800820882966,64.36150248222536,63.7048919340815
2009-09-03,42,42,42,42,59.73157152175208,58.76343599846493,63.484580816255736,63.27509209380266
2009-09-04,73,73,73,73,59.86359568571475,60.11929923670636,63.857734509735906,63.467664527588745
2009-09-07,73,73,73,73,59.99430617640415,61.34603264273433,64.21625472504039,63.65642364585432
2009-09-08,75,75,75,75,60.14361656270859,62.64641048628344,64.63914669660743,63.881048920193834
2009-09-09,83,83,83,83,60.37104326357716,64.58484758282788,65.35918015948556,64.25964201088307
2009-09-10,88,88,88,88,60.64595825597937,66.81486209874903,66.24705544734887,64.72974810967746
2009-09-11,87,87,87,87,60.90818752706416,68.73725618458246,67.06089641019794,65.17074319661454
2009-09-14,87,87,87,87,61.167807551670485,70.47656511938413,67.84282204117056,65.60300570757266
2009-09-15,89,89,89,89,61.44474478996232,72.24070177468089,68.672515294458,66.0663125252445
2009-09-16,92,92,92,92,61.74877718011195,74.12253970090175,69.58731861624396,66.57985089108124
2009-09-17,84,84,84,84,61.97018238229989,75.06325020557777,70.1525218077638,66.9248043387826
2009-09-18,86,86,86,86,62.209285045162574,76.10484542409418,70.77399154079268,67.30253098553938
2009-09-21,87,87,87,87,62.45595882580772,77.14247919322807,71.41030559801649,67.69257987691483
2009-09-22,85,85,85,85,62.68027764346137,77.89081450815873,71.94323479025114,68.03530106747098
2009-09-23,78,78,78,78,62.83271269178514,77.90121312642933,72.18075499455502,68.23262183841216
2009-09-24,71,71,71,71,62.91397923216539,77.24395473343606,72.13445087712148,68.28742140596835
2009-09-25,68,68,68,68,62.96458640398464,76.36357809215643,71.97231554860691,68.28172989297887
2009-09-28,86,86,86,86,63.19379449946738,77.2813325595701,72.52242082121056,68.63258672678127
2009-09-29,80,80,80,80,63.36102042484581,77.54025326818247,72.81565922037878,68.85768401932026
2009-09-30,73,73,73,73,63.45693066937471,77.10784819502223,72.82288827056,68.93971007834362
2009-10-01,30,30,30,30,63.12402588659486,72.62138646216297,71.14355931877333,68.16862671045563
2009-10-02,25,25,25,25,62.74468234543471,68.08601632290936,69.33400797293908,67.31380241915947
2009-10-05,35,35,35,35,62.46861585443536,64.93496714929894,67.98757628772577,66.67392514353256
2009-10-06,61,61,61,61,62.454002761356406,64.56020837317523,67.71355368820711,66.56157019019528
2009-10-07,58,58,58,58,62.409684325920026,63.93542662334902,67.33263001415978,66.39203414682508
2009-10-08,65,65,65,65,62.43545861123425,64.03681456398245,67.24115432732998,66.36446911421469
2009-10-09,74,74,74,74,62.55052867480406,64.98568936741269,67.50620709880724,66.51566774561637
2009-10-12,73,73,73,73,62.65450351386074,65.74895704670672,67.72164995767754,66.64407036451506
2009-10-13,73,73,73,73,62.75744377740441,66.43953256606798,67.9286440769843,66.76993035729694
2009-10-14,84,84,84,84,62.9688124960372,68.11195803596627,68.55889332886727,67.11111985517225
2009-10-15,83,83,83,83,63.168127794584095,69.52986679444567,69.12521123753915,67.42575114516883
2009-10-16,72,72,72,72,63.25600712001112,69.76511757592704,69.23794805175329,67.51633033041301
2009-10-19,81,81,81,81,63.432564263095585,70.8351063782197,69.69920499090023,67.78333369020682
2009-10-20,80,80,80,80,63.597414369930455,71.70795338981783,70.10315773635512,68.02524787455916
2009-10-21,61,61,61,61,63.57156945082667,70.68814830507327,69.74617115845884,67.88613405526095
2009-10-22,76,76,76,76,63.695235426440334,71.19403894268534,69.99141934832319,68.04680466802806
2009-10-23,52,52,52,52,63.57886492468471,69.36603523385817,69.2858734915262,67.72904615975028
2009-10-26,44,44,44,44,63.38405034831969,66.95022235444311,68.29427060950557,67.25916405757701
2009-10-27,35,35,35,35,63.101621986644865,63.90734403497234,66.98861293854458,66.6203687297042
2009-10-28,13,13,13,13,62.6030983847877,59.059025555451164,64.87141243115067,65.55857924990808
2009-10-29,32,32,32,32,62.29858994314802,56.48197550255105,63.58233743385065,64.89405292812772
2009-10-30,12,12,12,12,61.79810646112665,52.245596883260475,61.55950067173886,63.846645939451925
2009-11-02,19,19,19,19,61.3722546555433,49.07934956104519,59.89050064539616,62.95859354461129
2009-11-03,21,21,21,21,60.97054067887123,46.405125793326604,58.365382973027685,62.127730306104134
2009-11-04,25,25,25,25,60.61262485122077,44.366542384438354,57.05693658192856,61.39252772578524
2009-11-05,46,46,46,46,60.46722559896982,44.522109776396604,56.6233312257745,61.08772519656177
2009-11-06,51,51,51,51,60.37302434922883,45.13905170245407,56.402808432606875,60.88796826197639
2009-11-09,67,67,67,67,60.43896440545541,47.22104677841082,56.81838457250465,61.008998593422405
2009-11-10,64,64,64,64,60.474397595450874,48.81904232332408,57.10001655005348,61.0682263440477
2009-11-11,75,75,75,75,60.618930952710066,51.31246686395988,57.8019766853455,61.34410305010616
2009-11-12,70,70,70,70,60.712274923329865,53.09223192453513,58.28033054082215,61.51550695010406
2009-11-13,80,80,80,80,60.904192585784294,55.65487650315083,59.13208228431932,61.88153651544854
2009-11-16,85,85,85,85,61.14395186353769,58.44965016951742,60.146510430032286,62.33932787157827
2009-11-17,87,87,87,87,61.40122597434826,61.16873110575386,61.19958845238396,62.827658012735135
2009-11-18,82,82,82,82,61.60618889997663,63.15266147663444,62.01529086601597,63.207308349116616
2009-11-19,71,71,71,71,61.69965965719079,63.90002705028831,62.367632400682005,63.361619074876685
2009-11-20,59,59,59,59,61.67279737204461,63.43335780740371,62.235568384968985,63.27525038032467
2009-11-23,74,74,74,74,61.795456104661085,64.43970468288907,62.69691864438197,63.487621659922205
2009-11-24,70,70,70,70,61.87709335735102,64.96925661785201,62.983313991661106,63.61657964685444
2009-11-25,75,75,75,75,62.00766954285002,65.92456551138991,63.45455658022342,63.841993911273164
2009-11-26,75,75,75,75,62.13694646282166,66.78889260554325,63.90731906727348,64.06294452689151
2009-11-27,55,55,55,55,62.06593207015677,65.66614092882484,63.558012437184324,63.883480278834256
2009-11-30,49,49,49,49,61.935922795826855,64.07888941179391,62.98710998866729,63.58875789707516
2009-12-01,70,70,70,70,62.01616236999773,64.64280470590877,63.26212528322936,63.71571318624199
2009-12-02,71,71,71,71,62.105553789201736,65.2482518767746,63.5655713505537,63.85995648948472
2009-12-03,57,57,57,57,62.054752258960924,64.46270407898655,63.30809796425747,63.72411576692067
2009-12-04,66,66,66,66,62.09400845538917,64.60911321432116,63.413662749972865,63.76918278143709
2009-12-07,58,58,58,58,62.05327205284799,63.979673860576284,63.201362249973926,63.654941538240315
2009-12-08,49,49,49,49,61.92338874883955,62.55303825480711,62.64444608330828,63.36474467609694
2009-12-09,50,50,50,50,61.804748064771495,61.35751080196834,62.14858545259031,63.100096266669276
2009-12-10,61,61,61,61,61.79674062134093,61.32346215416183,62.103542885822066,63.058510201982756
2009-12-11,62,62,62,62,61.79876310272062,61.38789432995594,62.09948238049571,63.037549603923694
2009-12-14,73,73,73,73,61.91021819622589,62.49380915567442,62.526953659691955,63.23482584939055
2009-12-15,71,71,71,71,62.0006637863132,63.30392256941971,62.859229986762855,63.388591674155094
2009-12-16,68,68,68,68,62.060358674011574,63.751168038998784,63.06082881081137,63.47990669050846
2009-12-17,58,58,58,58,62.01995709516569,63.20343774957033,62.86236493587759,63.37139368673601
2009-12-18,67,67,67,67,62.06950976088543,63.5650151067541,63.02462513447063,63.443247277097676
2009-12-21,79,79,79,79,62.23797235032936,65.03501366801562,63.65111042331492,63.75130178646208
2009-12-22,82,82,82,82,62.43460944137086,66.65072665201413,64.37067472043982,64.1126621471262
2009-12-23,88,88,88,88,62.68899143697911,68.68399078039374,65.2973149274814,64.58567873827222
2009-12-24,89,89,89,89,62.95079251720817,70.61884880130863,66.22683198914879,65.06913064444505
2009-12-28,91,91,91,91,63.229889109076744,72.55991082023162,67.19832877388805,65.58261320594119
2009-12-29,89,89,89,89,63.486308122916775,74.12563359925718,68.05329627295126,66.04632383552651
2009-12-30,86,86,86,86,63.710324957514615,75.25652563742317,68.75708857597277,66.44144613581311
2009-12-31,76,76,76,76,63.83261028132044,75.32733271957333,69.04112431809149,66.63072443015345
2010-01-04,88,88,88,88,64.07308182080979,76.53425341294731,69.78460963895064,67.05387840183359
2010-01-05,81,81,81,81,64.24150886736889,76.95956261171423,70.22442886879571,67.33003922555966
2010-01-06,75,75,75,75,64.34855853038015,76.77293760107479,70.41170616805863,67.48191963693472
2010-01-07,67,67,67,67,64.37494103256542,75.84218163906766,70.27791376931123,67.4723766738271
2010-01-08,70,70,70,70,64.4309117685598,75.28578338772789,70.26701519012255,67.52242862088004
2010-01-11,68,68,68,68,64.46642508429552,74.59189925556333,70.17811263364716,67.53188547987251
2010-01-12,53,53,53,53,64.35233130236223,72.53552789789063,69.50446115781786,67.24412537136018
2010-01-13,66,66,66,66,64.36872601577156,71.9130966695201,69.36703130849166,67.21948922539265
2010-01-14,62,62,62,62,64.3451566026793,70.9689922248039,69.07812811992336,67.11613300310765
2010-01-15,48,48,48,48,64.18251822852328,68.78146915577496,68.25153486031853,66.7375957159174
2010-01-19,61,61,61,61,64.15085138047827,68.04037685522496,67.9671609442276,66.62397995916655
2010-01-20,44,44,44,44,63.950345396592915,65.75081715472734,67.02727227974809,66.17598035601473
2010-01-21,30,30,30,30,63.61253101453727,62.34597742570569,65.57522238642464,65.45962430936098
2010-01-22,13,13,13,13,63.10892374076078,57.646360528019436,63.51344895950603,64.42081986759145
2010-01-25,15,15,15,15,62.630227982146245,53.58480238249378,61.6109607650156,63.442189771203495
2010-01-26,15,15,15,15,62.15629536540847,49.910059298446754,59.783079950701264,62.482938488605406
2010-01-27,19,19,19,19,61.7268794911258,46.966244127166114,58.18374348204631,61.62189020170233
2010-01-28,10,10,10,10,61.21218417280614,43.44564944838839,56.29418491412292,60.59967455414387
2010-01-29,8,8,8,8,60.68270970342498,40.06987331044664,54.40029530964751,59.55809684020043
2010-02-01,12,12,12,12,60.19830463174911,37.39655204278505,52.737538630837804,58.61635234831527
2010-02-02,22,22,22,22,59.81822199859738,35.930213752996,51.532144959040245,57.891276064190215
2010-02-03,22,22,22,22,59.44192128219343,34.603526728901144,50.37402162731318,57.18055772628546
2010-02-04,10,10,10,10,58.94996186645021,32.26033370710103,48.79072666153619,56.24628925645802
2010-02-05,14,14,14,14,58.50269856429647,30.521254306424744,47.42638443951516,55.40972907316182
2010-02-08,8,8,8,8,58.00018415072138,28.376372943908102,45.88025171639692,54.47092255686159
2010-02-09,18,18,18,18,57.602172368127135,27.38814694925019,44.78690851183234,53.748726070587104
2010-02-10,20,20,20,20,57.22802139929005,26.684513906464456,43.814872883917346,53.08043446522894
2010-02-11,42,42,42,42,57.07649879830209,28.143131629658317,43.74370139827353,52.861019921363024
2010-02-12,48,48,48,48,56.98618537742346,30.034261950643238,43.91061506892947,52.76476210113801
2010-02-16,65,65,65,65,57.06592482640432,33.364332241058165,44.7376497721087,53.00704403972934
2010-02-17,78,78,78,78,57.27422408186298,37.615348218100245,46.04205566339856,53.501954058744595
2010-02-18,80,80,80,80,57.50035120542653,41.65198172113831,47.37373975502999,54.026667839759554
2010-02-19,82,82,82,82,57.74412880537254,45.49465012864895,48.73163231365626,54.58059520926927
2010-02-22,81,81,81,81,57.97553050880167,48.876112021158576,49.99705849743445,55.10375173977879
2010-02-23,69,69,69,69,58.085226722644435,50.79267278104824,50.74227188969193,55.37892497265445
2010-02-24,79,79,79,79,58.29333391943404,53.47908489713888,51.85041809009616,55.84666903260189
2010-02-25,72,72,72,72,58.4297186565541,55.242981573601845,52.64059777283749,56.16653697255037
2010-02-26,75,75,75,75,58.59459707788192,57.12460237611595,53.51743707586347,56.53947683448006
2010-03-01,90,90,90,90,58.90708864924628,60.25559262600967,54.94812581798647,57.20206145161907
2010-03-02,90,90,90,90,59.21647085174135,63.088393328294465,56.32270911924191,57.851525581289984
2010-03-03,92,92,92,92,59.54267512187327,65.8418796779807,57.721818565546144,58.527732995521866
2010-03-04,90,90,90,90,59.84573308085961,68.14265304198254,58.98762960219139,59.15094620353133
2010-03-05,94,94,94,94,60.18557653279135,70.60525751417468,60.360663735438784,59.841026476728736
2010-03-08,93,93,93,93,60.51208820908199,72.73809013187233,61.64063770659805,60.49763981382321
2010-03-09,89,89,89,89,60.795550017946844,74.2868434526464,62.713553874966756,61.062042985826714
2010-03-10,93,93,93,93,61.11599230632548,76.06904883810864,63.9012576445759,61.69447777818658
2010-03-11,91,91,91,91,61.4133456167103,77.4910441868602,64.96395342321998,62.27478514891556
2010-03-12,88,88,88,88,61.67788944141965,78.49189712144494,65.86732779877998,62.78419534398654
2010-03-15,87,87,87,87,61.929850740510005,79.30219263368828,66.69606004196508,63.26371622826403
2010-03-16,94,94,94,94,62.248956703291,80.70198381143226,67.76680278541744,63.872355510872666
2010-03-17,92,92,92,92,62.5449869848503,81.77798535320062,68.71712424481284,64.42933857006331
2010-03-18,92,92,92,92,62.8380716914687,82.75151055765771,69.63017819599665,64.97529226174522
2010-03-19,87,87,87,87,63.078488888568515,83.15612859978555,70.31134767850658,65.41142508824532
2010-03-22,95,95,95,95,63.396115864801665,84.28411635218693,71.27953012248672,65.99733746273552
2010-03-23,94,94,94,94,63.70063212485339,85.2094386043596,72.17052894121272,66.55184563179026
2010-03-24,81,81,81,81,63.872765138536444,84.80853968965869,72.51678270822399,66.83794769848748
2010-03-25,78,78,78,78,64.01333463964554,84.16010733826262,72.73181083731325,67.0589784371313
2010-03-26,70,70,70,70,64.0729034492013,82.81152568699952,72.62468100055587,67.11721648788118
2010-03-29,75,75,75,75,64.18163077806497,82.06757085966623,72.71783076523995,67.27331121089344
2010-03-30,71,71,71,71,64.24947524793497,81.01351649207898,72.6504648528776,67.34710702849951
2010-03-31,63,63,63,63,64.23704265840328,79.29794349283335,72.27201525080397,67.26102570120248
2010-04-01,62,62,62,62,64.2147835274739,77.6505203030397,71.86919112332147,67.156846974446
2010-04-05,77,77,77,77,64.34199961177764,77.5885659884645,72.07039931456377,67.35176089574409
2010-04-06,77,77,77,77,64.46794986439677,77.53251208480121,72.26371698850245,67.54281513543233
2010-04-07,65,65,65,65,64.47324389559681,76.33893950529634,71.97886534189452,67.49246236047328
2010-04-08,66,66,66,66,64.48843549862569,75.35427860003001,71.74440003436925,67.4629086503649
2010-04-09,77,77,77,77,64.61292867774384,75.51101397145572,71.95050199380574,67.65176194441707
2010-04-12,74,74,74,74,64.70633237249265,75.36710787893614,72.0308744646369,67.77746962868605
2010-04-13,73,73,73,73,64.78885642848775,75.14166903332317,72.0688793875923,67.88088607168237
2010-04-14,81,81,81,81,64.95016133964707,75.69960531586382,72.41911941160829,68.14067050590648
2010-04-15,80,80,80,80,65.09991097805855,76.10916671435298,72.71640884644718,68.37550871371032
2010-04-16,68,68,68,68,65.12876758524204,75.33686512250983,72.53145163678259,68.36807289759724
2010-04-19,70,70,70,70,65.17723755951825,74.82859225369937,72.43217902357543,68.40038828576364
2010-04-20,79,79,79,79,65.31477748429916,75.22586918191848,72.68974063049404,68.61028158703564
2010-04-21,79,79,79,79,65.45094885261459,75.58531021221197,72.93720178223937,68.81601858531216
2010-04-22,81,81,81,81,65.60566577945424,76.10099495390607,73.25338994764175,69.05728554401885
2010-04-23,80,80,80,80,65.74889298562883,76.47232876781977,73.51796289087149,69.27397295898878
2010-04-26,75,75,75,75,65.84094380169222,76.33210698040837,73.57608199319026,69.38735963306821
2010-04-27,51,51,51,51,65.69327271908831,73.91952536322663,72.6907454444377,69.02325350172033
2010-04-28,57,57,57,57,65.60677249302773,72.30814199530028,72.07542209367543,68.78516927396349
2010-04-29,66,66,66,66,65.61068520453989,71.70736656717644,71.83717024686463,68.73001740715233
2010-04-30,35,35,35,35,65.30610127215641,68.21142689411201,70.39257533522289,68.06209627037704
2010-05-03,51,51,51,51,65.1637520057668,66.57224338038705,69.63208218482198,67.72423297789433
2010-05-04,24,24,24,24,64.75416243357012,62.51774401082638,67.84258876580935,66.85840658229246
2010-05-05,19,19,19,19,64.29889713572365,58.373196962176245,65.92719312793447,65.91071536284113
2010-05-06,3,3,3,3,63.688957860741326,53.0995591562547,63.4594600640939,64.6649586229829
2010-05-07,2,2,2,2,63.075137384515045,48.23293447470663,61.049285159619636,63.424068353220854
2010-05-10,14,14,14,14,62.586827559793505,44.972655000925045,59.20421515336004,62.4453739303848
2010-05-11,15,15,15,15,62.113326788054266,42.118116429408374,57.47071651989494,61.50586157532767
2010-05-12,28,28,28,28,61.77389070061094,40.77353391232186,56.31500214656573,60.84237916789544
2010-05-13,22,22,22,22,61.378130594137204,38.98557830162454,54.96931578787688,60.0732231447688
2010-05-14,8,8,8,8,60.8470049165836,36.034570844326964,53.12738183541112,59.042070211209015
2010-05-17,12,12,12,12,60.36096506666735,33.745564097248206,51.51454333206166,58.1105440684128
2010-05-18,9,9,9,9,59.849910687894535,31.38884370703409,49.84730633864748,57.13805804725611
2010-05-19,7,7,7,7,59.32404092980603,29.06609668731656,48.167019815563265,56.14522521463718
2010-05-20,1,1,1,1,58.74370221408657,26.393135098048315,46.31733276397255,55.053240556921594
2010-05-21,4,4,4,4,58.198988759220036,24.260455564900855,44.65782951832657,54.04228529836869
2010-05-24,3,3,3,3,57.64974508997407,22.235650273005536,43.02418914505886,53.031546975628714
2010-05-25,3,3,3,3,57.10596653186487,20.403683580338342,41.454613100154596,52.040823273141015
2010-05-26,3,3,3,3,56.56759870567716,18.746189906020405,39.94658905701128,51.06971786179169
2010-05-27,26,26,26,26,56.2634434946754,19.43702896258989,39.39966399595202,50.57328780512255
2010-05-28,18,18,18,18,55.88271271363385,19.30016906139085,38.56046148630684,49.92827220502111
2010-06-01,14,14,14,14,55.46596930354794,18.7953910555441,37.59730613390265,49.21682127026821
2010-06-02,42,42,42,42,55.331979559234036,21.005353812158948,37.769960795318234,49.07391391838171
2010-06-03,55,55,55,55,55.328676280037676,24.242939163381905,38.44564860726654,49.19126215762168
2010-06-04,25,25,25,25,55.02689840660447,24.315040195440773,37.91836826972668,48.71222726341135
2010-06-07,6,6,6,6,54.53906857171288,22.570750653017843,36.666667553266805,47.86644058492796
2010-06-08,9,9,9,9,54.08594351129783,21.278298209873288,35.58170019823673,47.0968080980977
2010-06-09,12,12,12,12,53.66717790422024,20.394650761313926,34.65692764144313,46.40182179912547
2010-06-10,49,49,49,49,53.62073832308372,23.118969736426884,35.21940106726889,46.453270872410116
2010-06-11,59,59,59,59,53.674263314893835,26.536210713910037,36.15197357443482,46.70172095414457
2010-06-14,61,61,61,61,53.7471562172332,29.81847636020432,37.12640598328051,46.98485519267636
2010-06-15,91,91,91,91,54.11783127974829,35.64528813542295,39.23909594472049,47.85644221856396
2010-06-16,90,90,90,90,54.47486778442741,40.82192736062076,41.22971963316282,48.69096811522606
2010-06-17,89,89,89,89,54.81840143831371,45.410315231037835,43.10306396127408,49.4891667664097
2010-06-18,85,85,85,85,55.118715851862824,49.18076139951042,44.74608106083196,50.192351582916444
2010-06-21,78,78,78,78,55.346390320998516,51.92545079003324,46.05015631334835,50.74299808622503
2010-06-22,60,60,60,60,55.39269489491893,52.69445547669674,46.597209006942535,50.926305054814634
2010-06-23,57,57,57,57,55.40868798054163,53.10450733605895,47.00516159490557,51.04657624184801
2010-06-24,31,31,31,31,55.16581546332231,50.99931616119619,46.37750819902692,50.64961433606884
2010-06-25,38,38,38,38,54.9950113293589,49.761286050606074,46.04897846573175,50.39912692347341
2010-06-28,38,38,38,38,54.82590673901702,48.641163569595975,45.73333225138933,50.153599657662056
2010-06-29,8,8,8,8,54.3599773187283,44.77057656296779,44.253593731727,49.31887491196578
2010-06-30,2,2,2,2,53.83898251953697,40.69718831887562,42.596590055973,48.38186748796645
2010-07-01,7,7,7,7,53.37292299197939,37.487932288506514,41.20064534789563,47.56242456741266
2010-07-02,7,7,7,7,52.911500872656205,34.58431968960113,39.859443569546784,46.759208239345085
2010-07-06,5,5,5,5,52.43476952068948,31.766765433448644,38.49240656681946,45.93229322470459
2010-07-07,23,23,23,23,52.14188624187665,30.93183539216782,37.88486121125791,45.4781884083738
2010-07-08,27,27,27,27,51.89171821956942,30.55737487862803,37.458003908855645,45.1122836874159
2010-07-09,37,37,37,37,51.743541918877185,31.170958223520596,37.44004297125346,44.95164440647697
2010-07-12,47,47,47,47,51.696342496798806,32.67848601175673,37.81494324689058,44.99220590337842
2010-07-13,67,67,67,67,51.848617695835635,35.94720162968466,38.95945527642428,45.428003806281815
2010-07-14,70,70,70,70,52.0292284650313,39.19032528400041,40.17673154009392,45.914577988335644
2010-07-15,77,77,77,77,52.277693853438954,42.79124668552418,41.62078128361965,46.53013089945771
2010-07-16,48,48,48,48,52.23512973549429,43.28731842975997,41.8709467234777,46.55923721828033
2010-07-19,64,64,64,64,52.35219312121077,45.25995476978283,42.738752734321714,46.9045988575223
2010-07-20,71,71,71,71,52.53774343841265,47.71138764885113,43.8470369408189,47.38173551380899
2010-07-21,56,56,56,56,52.57219375245829,48.500779301341495,44.32362372745346,47.552394216505846
2010-07-22,76,76,76,76,52.80530625243383,51.119752701213734,45.56583456167097,48.11571314291167
2010-07-23,79,79,79,79,53.065949971315085,53.775014348717185,46.87697830435054,48.7272831796857
2010-07-26,85,85,85,85,53.38370171289404,56.74882250598222,48.371998763003454,49.44555479988994
2010-07-27,80,80,80,80,53.64854050182046,58.96322036255534,49.61231253700332,50.050593318704
2010-07-28,78,78,78,78,53.89084358140434,60.776246994692926,50.72555518261103,50.604046916353425
2010-07-29,70,70,70,70,54.05113369502221,61.65469966186503,51.481415763685106,50.988125195237515
2010-07-30,70,70,70,70,54.209828882136414,62.44949017025884,52.207634753344514,51.364597963648656
2010-08-02,75,75,75,75,54.416696256443515,63.644776820710376,53.101452998311395,51.83262572674472
2010-08-03,70,70,70,70,54.57175400513562,64.25003617111891,53.764141116024675,52.19237571235374
2010-08-04,67,67,67,67,54.695418144388,64.5119374881552,54.28319440559233,52.48559599527743
2010-08-05,66,66,66,66,54.80790154593638,64.65365772737852,54.742676977922045,52.75320795576698
2010-08-06,68,68,68,68,54.93916620717084,64.9723569914377,55.26257199839569,53.05512462991021
2010-08-09,74,74,74,74,55.128826244910435,65.83213251606269,55.997373096497824,53.46987463723872
2010-08-10,63,63,63,63,55.207146381777,65.562405609771,56.27198591624301,53.65858999095676
2010-08-11,34,34,34,34,54.99612999986877,62.556462218364246,55.39857470384133,53.269310981234845
2010-08-12,31,31,31,31,54.75736253718351,59.55108486423432,54.44176785271029,52.82833452616089
2010-08-13,26,26,26,26,54.471219626365766,56.35574344859295,53.32640440750597,52.297080377128
2010-08-16,26,26,26,26,54.187923908690486,53.46472026301267,52.25478070525083,51.77634611223437
2010-08-17,39,39,39,39,54.03680028770849,52.08712785701147,51.734985383476285,51.52334915951686
2010-08-18,39,39,39,39,53.887180384348206,50.84073472777228,51.23557419196741,51.275362047447224
2010-08-19,30,30,30,30,53.64949699743927,48.85590284893682,50.402806576596134,50.85406774947797
2010-08-20,31,31,31,31,53.42412886811152,47.1553406728476,49.64191220104335,50.46091789305267
2010-08-23,29,29,29,29,53.18110271021986,45.426260608766874,48.83242544806126,50.03594922190311
2010-08-24,16,16,16,16,52.81114148922265,42.62375959840813,47.54487935205886,49.36197002939018
2010-08-25,21,21,21,21,52.49461271818561,40.56435392236926,46.503903691193806,48.800346860491366
2010-08-26,16,16,16,16,52.13148224337779,38.22489164404838,45.30767217389209,48.15083504147174
2010-08-27,29,29,29,29,51.90131824095612,37.34633053509139,44.668155618053184,47.77161058520497
2010-08-30,17,17,17,17,51.55404144253865,35.408584769844595,43.58312990754129,47.16227176173556
2010-08-31,17,17,17,17,51.210220134652694,33.655386220335586,42.54065422489261,46.56499905358238
2010-09-01,28,50,28,48,51.178277645750676,35.02153991363696,42.75474621607329,46.59341491390749
2010-09-02,54,69,54,69,51.35560821643973,38.25758373138582,43.78397185465865,47.03710966808754
2010-09-03,87,88,78,88,51.7202290302065,42.994956709349076,45.51793374271126,47.84825601129373
2010-09-07,83,83,74,75,51.951868542343746,46.04305607036345,46.6740932037814,48.38591430809979
2010-09-08,80,88,80,87,52.300606168788086,49.9437173969955,48.25550131343704,49.150549668335444
2010-09-09,88,88,84,88,52.65582401785487,53.56812526394831,49.814109105066954,49.91984571450702
2010-09-10,85,87,82,85,52.97765661469214,56.561637143572284,51.19394796369178,50.614502235011834
2010-09-13,92,96,92,96,53.40573963345142,60.317671701327306,52.951048043547004,51.513224963031405
2010-09-14,97,99,97,99,53.85941386595439,64.00170296786756,54.75688929674124,52.45355714198128
2010-09-15,99,99,99,99,54.308573926989666,67.33487411378493,56.49191324588865,53.37526888174403
2010-09-16,99,99,98,98,54.74331448493007,70.25536229342447,58.119681353893014,54.25892692368969
2010-09-17,98,99,97,97,55.16377901741833,72.80247064643166,59.64439973217172,55.10528480638891
2010-09-20,99,99,97,98,55.59001007197138,75.2022353467715,61.148540919145375,55.954685107252494
2010-09-21,97,99,96,97,56.00204977274778,77.27821293279327,62.5544804909436,56.76746361998017
2010-09-22,94,94,89,93,56.370188580979146,78.77552598681295,63.74842243247522,57.48493958790135
2010-09-23,90,94,88,89,56.69486332146692,79.74928541664029,64.73868037629973,58.10900019012113
2010-09-24,93,95,93,94,57.06605871130307,81.10649632934121,65.88618310664091,58.81971305764348
2010-09-27,93,94,91,91,57.40370986840453,82.04873477416587,66.87103867108637,59.45694646244262
2010-09-28,84,93,79,92,57.74795156125623,82.9964743194834,67.85648813496533,60.101363364176436
2010-09-29,89,89,79,85,58.019116222338255,83.1872862890564,68.52878271790787,60.59440567379671
2010-09-30,87,87,75,80,58.237831483807526,82.88373521390817,68.97863437602913,60.97867486837499
2010-10-01,80,80,80,80,58.4543704740184,82.60909376496453,69.41084479265544,61.35533477197152
2010-10-04,74,80,60,68,58.54935186233662,81.21775150163457,69.35551754588464,61.486912301239414
2010-10-05,78,89,78,88,58.84239313733825,81.86367993005032,70.08667372055582,62.011923938838635
2010-10-06,78,78,65,73,58.98326484741448,81.0195199367122,70.2009218099458,62.22950960341609
2010-10-07,71,78,68,76,59.1525855952014,80.54147041893009,70.42833664092831,62.50219258156627
2010-10-08,73,81,61,78,59.34012205694069,80.29942561712723,70.72526461579386,62.809079857178816
2010-10-11,78,80,73,76,59.505891986722375,79.88995651073415,70.93211698380195,63.07028619664062
2010-10-12,50,79,50,77,59.67996271322265,79.6147225573309,71.1700731805156,63.346122113538826
2010-10-13,79,88,78,82,59.90205263647417,79.8418918375851,71.5947761930444,63.71550583406281
2010-10-14,79,85,68,77,60.07218146596199,79.5712354721008,71.80674575410148,63.978565124477406
2010-10-15,78,81,68,81,60.280418466300674,79.70730828428167,72.16726552845044,64.3156232408244
2010-10-18,74,78,68,75,60.42688196414843,79.25899320958817,72.27835315478572,64.52719505783777
2010-10-19,64,73,55,65,60.472385626196704,77.90099385629406,71.99292754087256,64.53655753193999
2010-10-20,71,79,67,73,60.59703850553803,77.43423253664702,72.0324205784854,64.7041504520996
2010-10-21,72,78,67,74,60.73040130647795,77.10716277125206,72.1095805557997,64.8882266807709
2010-10-22,76,81,74,80,60.922138606911005,77.38267107875187,72.41900876929775,65.18746971679523
2010-10-25,85,85,83,84,61.15176906853378,78.0128928807755,72.87316528814881,65.55999506893791
2010-10-26,79,85,79,82,61.35921415242897,78.39261736832069,73.23108037488808,65.88553972103814
2010-10-27,77,84,74,84,61.584495603648584,78.926653809433,73.65339094842189,66.24424190477995
2010-10-28,77,80,72,76,61.72793345833865,78.6479248752013,73.7454148327975,66.43742523339817
2010-10-29,74,80,73,73,61.84009332442483,78.11002726803927,73.71618287857014,66.56737720897445
2010-11-01,80,83,68,74,61.96108742069921,77.71859609965458,73.72731296176346,66.71455785830169
2010-11-02,80,83,76,80,62.14057908815494,77.93587266159224,73.97330068875313,66.97763592051353
2010-11-03,77,81,68,78,62.29838427135738,77.94198002715488,74.13121046566476,67.1959005557509
2010-11-04,86,87,84,86,62.53422124378168,78.70941050075918,74.59665319250144,67.56825896058751
2010-11-05,82,84,80,83,62.73786083339579,79.11803807211544,74.9261962045602,67.87383799107093
2010-11-08,79,81,77,81,62.91957366092419,79.29727254143778,75.1643845886951,68.13376199124774
2010-11-09,77,81,73,74,63.02982665932296,78.79277039463418,75.11872244796196,68.24992512013392
2010-11-10,73,78,71,77,63.16883335923019,78.62203035704997,75.19249803823796,68.42319392963623
2010-11-11,70,76,67,76,63.29650665913835,78.37231318018806,75.22416478183646,68.5732296934058
2010-11-12,71,71,50,59,63.253755349097176,76.5273309725511,74.58792302568601,68.38366078858589
2010-11-15,63,66,55,55,63.171628430200684,74.47710897516528,73.81976918154146,68.11863780267329
2010-11-16,45,49,27,33,62.87141322193998,70.52690812038763,72.21899391952023,67.42321923232332
2010-11-17,27,36,27,33,62.57418522968187,66.95291687082691,70.68099415797042,66.74157132673275
2010-11-18,48,65,48,51,62.459019207495984,65.43359145455769,69.90919046550098,66.42985704303507
2010-11-19,50,58,48,58,62.41465085717264,64.72563036364743,69.44216338842251,66.26292918079675
2010-11-22,64,64,52,63,62.42047522675301,64.56128461472862,69.18952953005301,66.19831672177106
2010-11-23,49,49,33,40,62.197385921014174,62.22211465142113,68.04484209750191,65.6795381728251
2010-11-24,59,68,58,65,62.22527262826777,62.4866751608096,67.92543652505086,65.66608197138302
2010-11-26,62,64,58,58,62.18323011455366,62.05937276454202,67.5362037201469,65.5142783679893
2010-11-29,48,48,33,46,62.02220294923472,60.529908691728494,66.69164671151368,65.12785701416773
2010-11-30,30,41,30,34,61.74337505919258,58.00325072108768,65.40962135027786,64.51146380596639
2010-12-01,64,70,64,68,61.80563003372798,58.95532208098409,65.51120482673755,64.58054373060071
2010-12-02,69,76,67,76,61.94686754583019,60.578624739937986,65.92253012764981,64.80667157751951
2010-12-03,78,84,76,83,62.1563514508468,62.713993812324844,66.59223482852629,65.16693550667753
2010-12-06,79,82,77,79,62.323949943873195,64.26504202067485,67.0788138548586,65.44085757585223
2010-12-07,87,88,82,82,62.519731536471475,65.95408563775344,67.66395840957003,65.7687613862314
2010-12-08,85,85,79,82,62.71356505352151,67.4822679579674,68.22615611899866,66.09017205185059
2010-12-09,86,89,83,83,62.915420127615825,68.96014720006573,68.80552254570459,66.42502013003177
2010-12-10,82,88,82,88,63.16501793729129,70.77346651434519,69.5582471517554,66.85224745418955
2010-12-13,85,87,83,83,63.36238094289038,71.93789827488374,70.08537471443165,67.17200493034422
2010-12-14,80,83,80,83,63.557780137488486,72.99143177251386,70.59183060798335,67.4854305752879
2010-12-15,75,79,72,75,63.67163307144382,73.1827239846554,70.76469999590557,67.63423393023268
2010-12-16,76,82,74,82,63.854004881678215,74.02246455754536,71.20529999606615,67.9187045454756
2010-12-17,80,84,77,81,64.02461179827843,74.68699174254104,71.58940587857336,68.17774009903054
2010-12-20,78,81,76,78,64.16367038735028,75.00251633848951,71.84080172647245,68.37224029508934
2010-12-21,79,83,78,83,64.35109655265028,75.76418144910956,72.27841734504216,68.66189890310737
2010-12-22,83,83,78,80,64.50680703471346,76.16759273967055,72.58122450798169,68.88641575651118
2010-12-23,78,79,74,79,64.65101790998995,76.43734581208288,72.83294119394318,69.08668475143176
2010-12-27,61,75,61,73,64.73409235864676,76.10997954426547,72.8394925196709,69.16417614249252
2010-12-28,69,72,65,68,64.76658895209306,75.3376005400497,72.64970849929165,69.14112314957188
2010-12-29,67,70,67,67,64.78881194759462,74.54354334575926,72.428151303241,69.09872467136253
2010-12-30,63,68,63,67,64.81081381876284,73.82511064616314,72.21528262468253,69.05716576697911
2010-12-31,56,63,54,63,64.79279577081495,72.79414772748093,71.85389899234204,68.93722189040527
2011-01-03,82,87,76,77,64.91426048951331,73.19470508676847,72.0557068749953,69.0968808628725
2011-01-04,74,75,60,66,64.9250638677271,72.5094950785048,71.81822817401509,69.03555648935027
2011-01-05,57,70,57,66,64.93575974964027,71.88954316626625,71.5900623632694,68.97544645985819
2011-01-06,67,78,67,75,65.0359014436737,72.18577715043136,71.72378540784706,69.09474454976198
2011-01-07,73,75,53,67,65.05544471289087,71.69189361229505,71.53853892126482,69.05326445966769
2011-01-10,54,62,51,60,65.0051417804243,70.57837993493361,71.08604719886227,68.87399189610991
2011-01-11,64,66,61,64,64.9951403696738,69.95186756017803,70.80816299498532,68.77747720509784
2011-01-12,63,74,63,72,65.06484046549795,70.14692779254203,70.85490170106434,68.84128953767016
2011-01-13,72,72,65,69,65.10399628176165,70.03769657420469,70.78216045788534,68.84443231910244
2011-01-14,64,75,64,73,65.18256348293815,70.31982070999472,70.86913455757612,68.9267207880311
2011-01-18,75,77,74,77,65.30014991594373,70.9560282614238,71.10956065335745,69.08658770311959
2011-01-19,70,72,61,67,65.31706384712838,70.57926366509773,70.94840141204931,69.04526913474099
2011-01-20,54,66,54,61,65.27410798795297,69.66695283985032,70.5582680233415,68.8859568746471
2011-01-21,61,62,49,49,65.11217656518727,67.69867161700743,69.71284574791635,68.49217555039667
2011-01-24,49,64,49,63,65.0911598829466,67.25117908205435,69.44959689505689,68.38341959890366
2011-01-25,57,60,49,60,65.0405015756536,66.56059059804917,69.07902446779975,68.21741129001448
2011-01-26,53,65,53,62,65.01024782863216,66.1262486363302,68.80141566514094,68.09429423476666
2011-01-27,63,72,60,68,65.03999660645671,66.3047011471559,68.76998759984129,68.09242702219703
2011-01-28,68,68,32,34,64.73114091883028,63.228062942664856,67.40645867435731,67.41732945740105
2011-01-31,36,46,32,39,64.47510966590659,60.920628376696776,66.29247990281388,66.854610062205
2011-02-01,58,66,54,63,64.46043195778812,61.11866376939232,66.16336304388,66.77828115008212
2011-02-02,63,64,58,62,64.43595004776037,61.20260055325972,66.0000939049043,66.68366172136763
2011-02-03,58,67,47,65,64.44156248509609,61.564257643425464,65.96087453608453,66.65032188530094
2011-02-04,62,69,61,66,64.4570693260404,61.986709296432565,65.96240886800278,66.63744422420586
2011-02-07,65,76,65,71,64.52217311384099,62.84511793486756,66.15996146141444,66.72383146729089
2011-02-08,69,76,67,74,64.61647984902666,63.90748765535636,66.46741395312368,66.86791401249306
2011-02-09,70,70,62,65,64.62029596993187,64.01153645008432,66.40986830790314,66.83092561620607
2011-02-10,61,74,61,74,64.71362635829077,64.96281869293344,66.70752053112263,66.97288748519209
2011-02-11,63,76,63,75,64.81597833482519,65.91874072217787,67.03271580441194,67.13184020825759
2011-02-14,73,77,71,77,64.93721238124483,66.97409874863712,67.423589694435,67.32724931304456
2011-02-15,76,79,72,78,65.0671903675011,68.02418458210025,67.83835088288852,67.53859091080605
2011-02-16,77,82,76,77,65.18592479170506,68.87902414570975,68.1976312404223,67.72594554623564
2011-02-17,77,79,76,79,65.3233782763647,69.8429266080231,68.62125354471947,67.94919414928047
2011-02-18,77,79,77,79,65.45946406465958,70.71502883583042,69.02826320963243,68.16802198790859
2011-02-22,62,74,62,62,65.42504153665303,69.88502608956085,68.7526450445488,68.04588293864308
2011-02-23,37,38,24,29,65.06260331240772,65.99121408103125,67.19371778789983,67.27269713787787
2011-02-24,32,38,24,35,64.76347293118972,63.03966988283779,65.93121905111944,66.63363382821692
2011-02-25,47,57,45,55,64.66632394679978,62.27398703685324,65.5025437942128,66.40326484151954
2011-02-28,61,62,45,51,64.53034062394605,61.200273985724365,64.9338165865966,66.09824969614291
2011-03-01,49,49,25,27,64.15690439883215,57.943105034702995,63.44621593614184,65.32402692988266
2011-03-02,31,43,31,36,63.8767361958587,55.853285507588424,62.36989374256765,64.74335312929092
2011-03-03,55,67,55,64,63.87796270137254,56.62916307829429,62.43381947815323,64.72863326534457
2011-03-04,61,62,46,52,63.75977401777679,56.18829040417103,62.02465008685311,64.47658112147636
2011-03-07,57,57,28,34,63.46365686337105,54.07511988948807,60.92564420109416,63.87308446560554
2011-03-08,30,53,30,48,63.309789630899694,53.49653704287016,60.41875619320811,63.55876596133612
2011-03-09,36,47,33,43,63.10770217188577,52.49686684831109,59.735667715043085,63.15166168487402
2011-03-10,20,28,18,21,62.68872006072273,49.497165243710036,58.2166219222963,62.316975314876515
2011-03-11,21,32,17,28,62.3435586670837,47.44981617288051,57.03165635671605,61.6374312492354
2011-03-14,25,27,18,25,61.97198096890376,45.311738442129986,55.77551297017816,60.91193756113173
2011-03-15,10,19,8,17,61.524498571203225,42.61538240002237,54.25490461840647,60.04239424308952
2011-03-16,14,15,9,10,61.01181699338031,39.50915550478214,52.519418162782685,59.051455743226356
2011-03-17,13,17,11,12,60.524137222301896,36.88923593289813,50.93042137208533,58.11974374831098
2011-03-18,20,20,13,14,60.061210483771525,34.70930870119355,49.48216955357218,57.24608545626522
2011-03-21,34,42,30,31,59.77204421030116,34.356041205841784,48.757378590687,56.72636099178472
2011-03-22,31,31,23,24,59.4161034718902,33.369751567190185,47.78650099889535,56.07831423947216
2011-03-23,20,36,15,31,59.13335617366244,33.144060941743504,47.128206842075926,55.58171395750241
2011-03-24,45,75,38,70,59.24148198287973,36.65415037586317,48.02513990709256,55.86722457220533
2011-03-25,64,80,64,70,59.34853191339834,39.82994557816191,48.886899126422264,56.14708151136958
2011-03-28,71,80,65,65,59.40476542669786,42.227093618336966,49.51878543519002,56.32238682797612
2011-03-29,61,77,61,76,59.56989213887002,45.443560892781065,50.55726443773159,56.712042534352825
2011-03-30,86,88,78,85,59.82292803798574,49.210840807754295,51.90795994997741,57.27220010793
2011-03-31,86,88,82,82,60.04359542069235,52.333617873682456,53.08803995193908,57.76185951173336
2011-04-01,84,86,82,85,60.2919178543173,55.444701885712696,54.33948936558853,58.3012286303129
2011-04-04,84,84,79,81,60.49796842293106,57.8785398013591,55.38499958654584,58.75070925149482
2011-04-05,82,86,80,82,60.71191898588697,60.175821725039185,56.42872509295581,59.21109124651472
2011-04-06,89,89,80,87,60.97349193130103,62.73050537027355,57.627598618722246,59.76136666737582
2011-04-07,88,90,81,86,61.2225119120841,64.94664771596177,58.7402418101449,60.280943565051544
2011-04-08,90,90,77,81,61.41930283833202,66.4755384096797,59.61317350386471,60.69122191029805
2011-04-11,83,83,67,78,61.58428489964215,67.5731061801864,60.334225523320995,61.03396999128224
2011-04-12,62,62,55,60,61.56852087078999,66.8518579725496,60.321118640053506,61.013495337989525
2011-04-13,66,69,57,67,61.62256543923984,66.86596673706867,60.583035556129836,61.13203998476201
2011-04-14,50,66,46,66,61.666122002033475,66.7834937144907,60.795465534320826,61.2284352325885
2011-04-15,52,72,52,70,61.74904616121722,67.08982764644396,61.15642767022981,61.40212958441843
2011-04-18,34,38,25,37,61.502786995433965,64.22412977535406,60.20911678120119,60.91891909759826
2011-04-19,40,44,33,42,61.30872941338985,62.1075459872251,59.49503377017369,60.54428703625968
2011-04-20,77,81,76,80,61.494712205296416,63.811589226536995,60.29915009291198,60.92954867910603
2011-04-21,82,82,79,80,61.67884442215914,65.35334263353347,61.07173244220955,61.30718137852967
2011-04-25,77,80,74,80,61.86114447766004,66.74826238272077,61.814017444475844,61.6773362027172
2011-04-26,82,85,82,84,62.08143159728532,68.39128501293784,62.684055976065025,62.11936914919805
2011-04-27,83,84,79,82,62.27962630776009,69.68735310694376,63.441543977003654,62.51304500762977
2011-04-28,79,84,78,82,62.47584893156347,70.85998614437769,64.16932656614077,62.89892530450839
2011-04-29,79,80,75,78,62.63031809642354,71.53998746396077,64.71170591648819,63.197956486597334
2011-05-02,77,81,75,77,62.77330000591186,72.05998865786927,65.1935998021161,63.471264278941945
2011-05-03,72,72,64,68,62.82530697102716,71.67332307140553,65.30365471183704,63.5609422140124
2011-05-04,69,70,57,66,62.856895956390076,71.13300658841453,65.33096237019637,63.60924038799235
2011-05-05,63,73,60,63,62.858319877222016,70.35843453237506,65.23955208116907,63.59717622189349
2011-05-06,74,75,67,68.68,62.91624704262279,70.19858362452982,65.37447160739774,63.69782619769758
2011-05-09,67.67,72.72,64.64,69.69,62.98364756956187,70.15014708886031,65.54370801495077,63.816483104673864
2011-05-10,72.72,78.78,72.72,76.76,63.12072570319807,70.77965688992123,65.98356260259976,64.07279036992784
2011-05-11,78.78,79.79,61.61,68.68,63.1760418653553,70.57968956707158,66.08930524563506,64.16402224379065
2011-05-12,59.59,73.73,59.59,73.73,63.281056374157735,70.87971913211238,66.38894033404154,64.35344754589381
2011-05-13,67.67,69.69,61.61,61.61,63.2644289475492,69.99688873857787,66.20153090917717,64.29912185191571
2011-05-16,59.59,59.59,45.45,45.45,63.0871709480711,67.65908981109426,65.38774538332709,63.92587191425402
2011-05-17,35.35,40.4,31.31,40.4,62.86142795356293,65.06298601956148,64.4078337996672,63.46001306446681
2011-05-18,37.37,52.52,37.37,51.51,62.748478421686684,63.77222544626991,63.902036395758685,63.22337914239816
2011-05-19,54.54,56.56,44.44,51.51,62.6366527657495,62.60439445138706,63.41607418416031,62.99143104056849
2011-05-20,46.46,50.5,38.38,43.43,62.44554179295598,60.77826164649305,62.6323065690952,62.604075970458226
2011-05-23,22.22,28.28,20.2,23.23,62.05533739700617,57.20223672777943,61.087118076189505,61.82439129777588
2011-05-24,22.22,25.25,14.14,14.14,61.5785678706678,53.101071325133766,59.24605462222129,60.8801459255427
2011-05-25,17.17,21.21,16.16,17.17,61.13669157344722,49.67906453226389,57.59601326448712,60.01459848147255
2011-05-26,18.18,34.34,18.18,32.32,60.84995832396019,48.0258202910959,56.604797058036645,59.466190590750315
2011-05-27,35.35,37.37,31.31,33.33,60.57612789287601,46.62621835861057,55.6920599185058,58.94864226222061
2011-05-31,54.54,59.59,42.42,59.59,60.56631567503645,47.86086422921909,55.84492031385851,58.961342415443966
2011-06-01,59.59,59.59,29.59,30,60.26217323050872,46.159829540722036,54.83139402704053,58.38785048642527
2011-06-02,27,38,27,31,59.971007327717594,44.71603625112946,53.89682955539188,57.845516813426755
2011-06-03,24,29,18,18,59.553385364257714,42.17165184625999,52.489110749298085,57.056496678507415
2011-06-06,18,20,12,12,59.08021735068301,39.29816119423523,50.90130248461973,56.16428882348747
2011-06-07,15,21,13,14,58.631657974059294,36.888812509069965,49.45419258326209,55.32935241114118
2011-06-08,13,15,11,11,58.15771112854627,34.423211317729965,47.946185030977304,54.45154345250472
2011-06-09,9,18,9,14,57.71833091831198,32.478143573184255,46.61496208858604,53.65052279007889
2011-06-10,12,12,4,4,57.18382016290589,29.76593942335718,44.943787104719924,52.667344120968416
2011-06-13,10,11,8,11,56.7242796637725,27.978707097323163,43.612658198652476,51.842248197780926
2011-06-14,14,19,14,17,56.329013199456355,26.933115945197148,42.56902454380336,51.15230268891398
2011-06-15,13,16,7,7,55.83817724722296,25.034723950416467,41.17416083620323,50.27799966537113
2011-06-16,7,11,6,9,55.372125732325216,23.507607383710138,39.91242903870506,49.46061353338358
2011-06-17,18,19,15,15,54.970413038471236,22.69735906145203,38.93547103718722,48.77822514658391
2011-06-20,18,25,16,22,54.642349227143164,22.630943912742314,38.27133491808184,48.24796326249314
2011-06-21,27,39,26,37,54.466803463689004,23.999425444862094,38.22147864678451,48.025231316701195
2011-06-22,39,47,35,36,54.28305417549309,25.14233730725618,38.13436183710669,47.78710792429127
2011-06-23,24,46,21,46,54.2006357259857,27.12878137323178,38.44281823565152,47.75171964856273
2011-06-24,43,43,25,26,53.92003238542863,27.021278385304946,37.954864579351465,47.32099252680901
2011-06-27,29,52,29,45,53.831275844280086,28.733537586704475,38.23114439976906,47.275032278753386
2011-06-28,65,71,61,70,53.99215867170018,32.66367686416119,39.476981874287915,47.72503163957015
2011-06-29,70,79,68,73,54.1812914212355,36.50523144852679,40.79161003608055,48.22552606254896
2011-06-30,82,88,82,88,54.517795984208284,41.40949512009567,42.642919446430334,49.01313940784502
2011-07-01,91,93,90,93,54.900703486852976,46.32287653722942,44.61770691911934,49.884166350263925
2011-07-05,91,93,91,93,55.27980096459573,50.76831686701709,46.51505174582054,50.73794523441711
2011-07-06,92,92,91,92,55.64517607937587,54.69514383206308,48.29877520676876,51.55501562581479
2011-07-07,91,95,91,94,56.02681611838706,58.43846346710469,50.09098010062097,52.395510365897664
2011-07-08,93,93,90,92,56.38475824656231,61.634800279761386,51.734471077067205,53.179757685384835
2011-07-11,88,89,82,82,56.6396362739597,63.5743431102603,52.92135456424104,53.750455553000975
2011-07-12,73,75,68,69,56.76262496775115,64.09107233785456,53.55188967936884,54.05242673016927
2011-07-13,72,77,64,65,56.84458889842029,64.17763687710651,54.000835182138694,54.26921035927483
2011-07-14,60,67,46,50,56.77648353624696,62.82738574595351,53.84393968479992,54.18467154027929
2011-07-15,46,48,43,47,56.67920509310022,61.320015674910316,53.57554989323914,54.0424008167094
2011-07-18,43,43,24,34,56.45354136083057,58.71810942015695,52.807881269974864,53.64552159261615
2011-07-19,49,56,44,54,56.429128013956635,58.268765665856286,52.8546310240935,53.65254096701979
2011-07-20,44,46,40,44,56.30545509839488,56.909835602441404,52.50739059177611,53.461401541930286
2011-07-21,46,58,46,52,56.26261474915712,56.4422322117327,52.48749292151038,53.43246289753563
2011-07-22,53,60,49,59,56.28985241334461,56.68582914394864,52.74288535596095,53.54271115699037
2011-07-25,45,56,45,51,56.23721706594815,56.14432160642972,52.67453691062915,53.49236044101036
2011-07-26,46,49,43,46,56.13535420957056,55.1781957391507,52.41279036511428,53.34399686792105
2011-07-27,33,33,20,21,55.78574869504747,51.92312947827921,51.18091623314902,52.703521682417666
2011-07-28,21,31,19,21,55.439621842360424,48.9780695279669,49.997350890672585,52.07572917385494
2011-07-29,20,29,20,24,55.12678978422748,46.59920576339863,48.97784693417562,51.519774140709295
2011-08-01,30,30,15,21,54.78721973662323,44.16118616688448,47.88067646616874,50.915422177526935
2011-08-02,19,19,10,10,54.34157575914439,40.90773986527643,46.395159742005255,50.10521579777392
2011-08-03,10,12,4,12,53.920266547610616,38.15462178286916,45.04632994820113,49.35065706910513
2011-08-04,6,7,2,2,53.4036469799727,34.711324470214954,43.35823857768344,48.41302029545949
2011-08-05,3,3,1,3,52.90211815430133,31.69119833019448,41.77556255502918,47.51375256683653
2011-08-08,1,1,1,1,52.385679167691364,28.76822706065215,40.17652088620451,46.59268815957244
2011-08-09,0.99,0.99,0.99,0.99,51.874279374978016,26.122681626304328,38.63979457694158,45.689664631660115
2011-08-10,0.99,0.99,0.99,0.99,51.36796813741604,23.72909289998963,37.1633320445125,44.80452275776585
2011-08-11,1.98,4.95,1.98,3.96,50.89624706142185,21.846322147609666,35.86124059178652,43.995720326919006
2011-08-12,6.93,8.91,3.96,6.93,50.45877196628333,20.425720038313507,34.72668213720666,43.26174566698002
2011-08-15,10.89,14.85,9.9,14.85,50.104455827315334,19.89469908228365,33.94720440633581,42.6991368418913
2011-08-16,11.88,15.84,9.9,11.88,49.724112983262444,19.131394407780448,33.081823841381464,42.088856904428106
2011-08-17,15.84,19.8,7.92,11.88,49.34755464512053,18.440785416563262,32.25037976917043,41.49066171820181
2011-08-18,4.95,4.95,2.97,2.97,48.88608643969645,16.967377281652475,31.102129582144137,40.72787633764335
2011-08-19,3.96,7.92,3.96,4.95,48.44891145024673,15.822865159590334,30.076555873040444,40.01940353887814
2011-08-22,9.9,10.89,2.97,4.95,48.01608646069204,14.787354192010302,29.09120074076435,39.32495990444491
2011-08-23,6.93,26.73,6.93,26.73,47.804284605361765,15.924749030866463,28.998604633283396,39.07555475782224
2011-08-24,23.76,35.64,17.82,31.68,47.64384396252235,17.425249123164896,29.10375739276248,38.929108128954475
2011-08-25,37.62,37.62,16.83,17.82,47.34708929622859,17.46284444476824,28.661257102850225,38.51110598778706
2011-08-26,15.84,54.45,13.86,47.52,47.34880980074373,20.325430688123646,29.40081564783649,38.689499928622965
2011-08-29,74.25,83.16,71.28,83.16,47.7051400514826,26.30967538449282,31.50901895576447,39.570103890432414
2011-08-30,89.1,94.05,78.21,89.1,48.117029205199195,32.28970630025541,33.76748880063645,40.55089391240405
2011-08-31,96.03,97.02,90.09,94.05,48.5740736907196,38.17163903356442,36.13150884767031,41.610282151762384
2011-09-01,91.08,94.05,82.17,82.17,48.90836151469254,42.3619591256059,37.936939873251866,42.41344488143046
2011-09-02,63.36,70.29,48.51,54.45,48.963502196138386,43.51320111364343,38.584510858614536,42.65179250754075
2011-09-06,25.74,45.54,21.78,42.57,48.89988525886338,43.423372436153585,38.74080455043357,42.65017285392608
2011-09-07,68.31,85.14,64.35,83.16,49.24078192295429,47.20781315651991,40.4827337837499,43.45234764889784
2011-09-08,80.19,85.14,66.33,68.31,49.43052538640748,49.21754523685135,41.57399912556363,43.944578388523624
2011-09-09,49.5,64.35,37.62,43.56,49.37211219848303,48.67873140477027,41.65188151279643,43.93696297488949
2011-09-12,38.61,55.44,36.63,55.44,49.43248919153295,49.3226617471731,42.19259204170637,44.164745886277814
2011-09-13,60.39,67.32,59.4,66.33,49.6006236274381,50.94240824744233,43.139157059678666,44.60366180932182
2011-09-14,78.21,89,69,86,49.96280647691633,54.28122650959068,44.819974429887345,45.423391278444164
2011-09-15,90,91,85,88,50.34128601445945,57.492538270582045,46.513308765970194,46.26649244124725
2011-09-16,88,89,87,89,50.7259498352111,60.49324891147899,48.17945352024587,47.112700511717605
2011-09-19,80,85,77,80,51.017233916452774,62.35103472943337,49.42731808807937,47.76393416495092
2011-09-20,80,85,73,74,51.24591815609006,63.46045999329686,50.39095267286057,48.2834602210905
2011-09-21,73,75,52,52,51.25342145801952,62.36898761298287,50.454052568042506,48.35705506819762
2011-09-22,25,29,18,24,50.98224313505415,58.714798316508315,49.416638741844764,47.87473714605509
2011-09-23,22,29,21,24,50.71376310385958,55.40862704826943,48.419907810792026,47.40197007385598
2011-09-26,26,43,19,43,50.63700924212963,54.22685304367234,48.20736240644724,47.3148023496212
2011-09-27,59,74,56,62,50.750073826785055,54.967152753798786,48.748250155214016,47.60559834269801
2011-09-28,67,67,36,36,50.60330692303595,53.160757253437,48.248318776578174,47.375784514129734
2011-09-29,64,64,15,33,50.42814964021967,51.24068513406205,47.65034549122217,47.091115513849935
2011-09-30,26,31,13,13,50.055730240814505,47.598715121294234,46.29150841313503,46.41604391951628
2011-10-03,7,17,4,4,49.597464268269086,43.44645653831383,44.63301788712973,45.57612225774368
2011-10-04,1,12,1,12,49.223360146196754,40.45155591561728,43.35329169547759,44.911248549669544
2011-10-05,15,40,15,39,49.12163516961768,40.3133124950823,43.18257437408631,44.794194122943416
2011-10-06,37,59,32,59,49.21992735698467,42.092997019360176,43.80286557510253,45.0754972096178
2011-10-07,57,60,50,54,49.26749026885547,43.22699730323063,44.20275319960831,45.252220037150124
2011-10-10,68,80,68,78,49.553385888070835,46.5387118457801,45.52813542707465,45.90069092750359
2011-10-11,82,85,79,82,49.876237769781575,49.915977384277234,46.9584046260129,46.61552873091936
2011-10-12,86,87,82,82,50.19587719495788,52.97159858577464,48.33258483675749,47.31621133030709
2011-10-13,85,85,78,85,50.54218687461004,56.02192252998658,49.77052268629641,48.06242496733071
2011-10-14,87,89,83,89,50.924851681827846,59.162691812845004,51.30893356134361,48.87307001748258
2011-10-17,88,88,80,81,51.224106888973836,61.24243544971691,52.473289107957584,49.50924684881956
2011-10-18,81,89,73,87,51.580085924904445,63.69553683545816,53.82727777039062,50.25163800032808
2011-10-19,89,90,83,84,51.90267213460689,65.62929523208119,55.010521779394914,50.91992239636119
2011-10-20,79,80,70,78,52.16234703874015,66.8074575909306,55.912069944908836,51.45616155682928
2011-10-21,86,88,81,88,52.51894060054373,68.82579496322292,57.17042014314771,52.17980192204058
2011-10-24,91,96,91,95,52.94163770899603,71.31857639529693,58.653933078710544,53.02772663645562
2011-10-25,92,94,86,86,53.27057663726473,72.71680721479245,59.726327859937584,53.68064294068422
2011-10-26,91,91,77,88,53.61614303888399,74.17234938481222,60.83509931641062,54.36023416958157
2011-10-27,92,92,84,90,53.97817146635778,75.67974468149677,61.978820911845496,55.065972106817576
2011-10-28,87,87,85,85,54.286846377140286,76.56738804516374,62.88161224863587,55.658725134405344
2011-10-31,76,81,74,74,54.4829971594573,76.32287489800528,63.31762745457171,56.021918696100286
2011-11-01,53,61,49,50,54.43839022254728,73.81593443152859,62.79536755439243,55.902672781326025
2011-11-02,55,58,47,54,54.43402813078064,71.92870258090682,62.45045117971037,55.86499609258689
2011-11-03,53,70,50,68,54.56901292549924,71.55454043034426,62.66808054521192,56.10529319966438
2011-11-04,62,68,56,65,54.67280384166342,70.93029848459719,62.75952836696832,56.28142600759182
2011-11-07,67,68,50,68,54.805412758661795,70.65122243844507,62.96503705845976,56.51347697773851
2011-11-08,74,77,61,77,55.02625442275471,71.25586792049792,63.51542776204957,56.91915070095161
2011-11-09,45,52,29,31,54.7871872145681,67.42197573759336,62.24031294785155,56.405900192021875
2011-11-10,39,42,29,37,54.61020027710971,64.52464471496542,61.250496753818155,56.02162494069471
2011-11-11,52,64,52,57,54.63397937883001,63.808011884968714,61.083810606609596,56.040998704245304
2011-11-14,50,57,41,45,54.53811888749837,62.01677265782884,60.45307293576216,55.82236506653748
2011-11-15,47,67,37,61,54.602416212000875,61.91993716660704,60.47452105592835,55.92489249096248
2011-11-16,46,52,34,34,54.39741704571231,59.260895531692086,59.43630454393116,55.49073620401273
2011-11-17,23,23,8,12,53.975552199486316,54.759857862007124,57.57605730691425,54.62953350690356
2011-11-18,9,13,8,9,53.52803426715312,50.40177616086359,55.67111388311369,53.725978387954974
2011-11-21,5,6,2,6,53.05511850330085,46.17303557411468,53.72322706416806,52.780909508985566
2011-11-22,4,6,4,6,52.586908368939646,42.34703218610375,51.85172796361245,51.85455486524328
2011-11-23,4,4,1,1,52.073605798104424,38.40921959695102,49.857542553274705,50.84753397682262
2011-11-25,2,2,1,1,51.565410715536224,34.84643677819378,47.94156049236197,49.860454096093456
2011-11-28,8,9,3,4,51.09212304672492,31.908680894556273,46.21836204168111,48.952326292210415
2011-11-29,10,19,9,12,50.70314669800129,30.012616047455676,44.87646549102695,48.2205970587013
2011-11-30,51,57,49,56,50.75585170598138,32.48760499531704,45.31268253059452,48.374644641697316
2011-12-01,59,73,58,63,50.8776840273149,35.39354737671542,46.006302823512385,48.664255638891426
2011-12-02,72,74,58,58,50.94855284296351,37.546542864647286,46.476643889257,48.84912186386387
2011-12-05,72,81,71,73,51.16797022761064,40.92306259182374,47.516775501443,49.32735707448043
2011-12-06,77,79,72,74.74,51.40251778753491,44.14372329736433,48.58435293275896,49.83057772647092
2011-12-07,66.66,76.76,60.6,69.69,51.58448278467387,46.57670203094868,49.41202536676841,50.223833613075456
2011-12-08,67.67,67.67,46.46,46.46,51.5334929062194,46.56558755181071,49.29625966611083,50.149302254400695
2011-12-09,51.51,75.75,51.51,72.72,51.74430392207791,49.05648397544778,50.214837718420206,50.59624676421454
2011-12-12,51.51,59.59,43.43,59.59,51.822370549718926,50.05967597778609,50.58249114122726,50.774340887695445
2011-12-13,68.68,68.68,35.35,38.38,51.68861561887595,48.947325884663606,50.10396207686541,50.528908394869795
2011-12-14,36.36,36.36,22.22,28.28,51.45569407042942,46.97900913374326,49.248120426792255,50.088335951407025
2011-12-15,31.31,32.32,25.25,25.25,51.19494089559928,44.90957969243438,48.307017664957264,49.5964877147455
2011-12-16,38.38,50.5,29.29,32.32,51.00713053842914,43.710572102678725,47.68007579574326,49.254379047126776
2011-12-19,39.39,40.4,23.23,23.23,50.7307411798378,41.76004142623313,46.721249293949406,48.73904480856981
2011-12-20,50.5,67.67,48.48,64.28,50.86555967556081,43.9047993856395,47.40982775301021,49.04678649552882
2011-12-21,45.91,50,37.75,50,50.85694714147563,44.48529468224526,47.511403135245104,49.06566201046884
2011-12-22,57.14,59.18,55.1,57.14,50.91946508036642,45.69050471250762,47.88899516915706,49.22554989144966
2011-12-23,59.18,65.3,57.14,65.3,51.06255498006427,47.558075692268794,48.571779672327374,49.54385583419323
2011-12-27,62.24,70.4,62.24,67.34,51.22451960712831,49.44206848348129,49.30778831262826,49.896254728565644
2011-12-28,58.16,58.16,44.89,44.89,51.16148956128624,49.00853815172117,49.134541712133036,49.79712097156435
2011-12-29,47.95,57.14,46.93,55.1,51.20067871988041,49.58867737536677,49.3684812528337,49.90212847707792
2011-12-30,53.06,60.2,51.02,51.02,51.19888092167264,49.724993815808034,49.43324669389905,49.92426454683876
2012-01-03,81.63,85.71,70.4,71.42,51.40008608663112,51.791184880969176,50.295472313746146,50.349922674624125
2012-01-04,67.34,74.48,64.28,72.44,51.60943846387857,53.757738701829254,51.16388516418748,50.787349948393945
2012-01-05,62.24,77.55,59.18,77.55,51.86755350403898,56.02366834927409,52.19863476559189,51.317303414762385
2012-01-06,74.48,82.65,70.4,76.53,52.11295098161073,57.97665231600989,53.152805951254955,51.81656473328194
2012-01-09,78.57,79.59,71.42,76.53,52.35590669323649,59.74363780972323,54.06955865904888,52.30593968905854
2012-01-10,89.79,91.83,84.69,87.75,52.70808672613961,62.4109103992734,55.39036028026265,53.007802269473224
2012-01-11,88.77,88.77,85.71,86.73,53.046613226377026,64.72701417077117,56.61936575946803,53.67556856116683
2012-01-12,83.67,88.77,79.59,88.77,53.40206981118919,67.01682234498344,57.880174945371245,54.370507797579364
2012-01-13,81.63,84.69,77.55,80.61,53.672795484709695,68.31141069308025,58.77154063378806,54.890101702577795
2012-01-17,89.79,89.79,81.63,82.65,53.96112587789666,69.67699062707261,59.707950805012054,55.43980265896239
2012-01-18,85.71,87.75,84.69,86.73,54.28718432687282,71.3010867578276,60.76763900873707,56.059410527101754
2012-01-19,88.77,92.85,88.77,91.83,54.66074468182931,73.25622135232021,61.98577081231601,56.76773903151558
2012-01-20,89.79,89.79,85.71,86.73,54.9798417496718,74.53943836638496,62.956132741244794,57.36105112990141
2012-01-23,88.77,89.79,85.71,87.75,55.305912976043224,75.79758709339592,63.92844126119598,57.96281249366574
2012-01-24,83.67,86.73,83.67,85.71,55.608441205137325,76.7416264178344,64.78262003526672,58.51226175121691
2012-01-25,83.67,88.77,83.67,88.77,55.93840696429019,77.88718580661207,65.72330160251116,59.11142488485618
2012-01-26,89.79,89.79,84.69,86.73,56.24479097459576,78.72935858693472,66.54709369653033,59.65832736238378
2012-01-27,87.75,89.79,85.71,87.75,56.5582756415152,79.58846729294093,67.37858021823502,60.21459810768311
2012-01-30,77.55,82.65,70.4,79.59,56.787447028166795,79.5886132650418,67.85745942536306,60.598269432283445
2012-01-31,80.61,82.65,74.48,81.63,57.03463660997608,79.78303104932354,68.39755905574098,61.014739344515455
2012-02-01,83.67,89.79,83.67,86.73,57.330112862613134,80.44464713986416,69.11647830845702,61.523952426802275
2012-02-02,88.77,89.79,82.65,84.69,57.60235054557221,80.84896645987709,69.72720464930184,61.98268604211312
2012-02-03,90.81,93.87,90.81,91.83,57.94292417198442,81.89477917798403,70.59398093756451,62.57372196207128
2012-02-06,87.75,88.77,85.71,88.77,58.249661244900004,82.54956211341413,71.3067659988365,63.09246014104017
2012-02-07,80.61,86.73,77.55,85.71,58.522898446443286,82.85055619785088,71.87159870476448,63.540332217455216
2012-02-08,79.59,82.65,71.42,78.57,58.72237209374236,82.44288417900793,72.13428110849921,63.837949401267984
2012-02-09,77.55,77.55,73.46,76.53,58.89956242116781,81.87975235243574,72.30666224149924,64.08927713589634
2012-02-10,69.38,69.38,64.28,68.36,58.99369612841987,80.59215689029901,72.15189117320516,64.17384590548255
2012-02-13,70.4,73.46,66.32,73.46,59.13763945052514,79.91290385312767,72.20318955856966,64.35773014497795
2012-02-14,68.36,72.44,64.28,69.38,59.2395534858433,78.9097701528298,72.09247624254732,64.4571810331962
2012-02-15,68.36,74.48,64.28,65.3,59.29985643623292,77.613601566846,71.82610462519253,64.47387051768737
2012-02-16,74.48,82.65,70.4,81.63,59.52204691945448,77.99611570333686,72.2105711104791,64.8135958539708
2012-02-17,81.63,81.63,73.46,73.46,59.66073301975842,77.56410468397144,72.25956832183286,64.98481177765454
2012-02-21,75.51,80.61,65.3,70.4,59.76759139767127,76.88180899978369,72.18664407391785,65.09204322760198
2012-02-22,66.32,70.4,61.22,62.24,59.792192478291454,75.48735099980429,71.79657960043087,65.0355671240851
2012-02-23,56.12,67.34,56.12,67.34,59.86729504069651,74.71141280934674,71.621811772963,65.08119945826164
2012-02-24,68.36,70.4,64.28,65.3,59.92135180646073,73.81508777988515,71.37389758578799,65.08553214225645
2012-02-27,56.12,69.38,56.12,67.34,59.99516920142132,73.19841275322942,71.21570552360022,65.13017507013257
2012-02-28,63.26,73.46,63.26,71.42,60.10884910986489,73.02904011006471,71.22371707169432,65.2547260588428
2012-02-29,65.3,69.38,58.16,58.16,60.089457576433404,71.61294105196332,70.7114144414318,65.11423643391522
2012-03-01,61.22,69.38,58.16,67.34,60.16160227716541,71.20599428510967,70.57920211039526,65.1583109599763
2012-03-02,63.26,66.32,51.02,59.18,60.15183509032794,70.06066149605161,70.13217457665426,65.03992856472925
2012-03-05,51.02,56.12,42.85,47.95,60.030423795896816,67.95488421071336,69.26228537756978,64.7015141377049
2012-03-06,35.71,35.71,27.55,30.61,59.73768326061426,64.3982285715978,67.74650948041018,64.02643464982955
2012-03-07,29.59,40.81,29.59,39.79,59.539198850060885,62.05458775525515,66.65017577529606,63.54650525082303
2012-03-08,45.91,56.12,43.87,53.06,59.47472920976177,61.197960349992755,66.11722770567661,63.338851681499804
2012-03-09,56.12,66.32,56.12,65.3,59.53269210319697,61.58863079285059,66.08517956035595,63.37768630166813
2012-03-12,64.28,64.28,53.06,59.18,59.52918272903581,61.35923738400768,65.81438820504788,63.294563800644994
2012-03-13,65.3,79.59,61.22,77.55,59.70849434367227,62.901214776006945,66.27460827543815,63.576849665978756
2012-03-14,77.55,77.55,67.34,73.46,59.845325245725284,63.90681336876819,66.55638834306804,63.772555613187095
2012-03-15,69.38,78.57,69.38,77.55,60.02149116367827,65.20616447650455,66.98751036883007,64.04537629411408
2012-03-16,78.57,80.61,76.53,76.53,60.18575493319391,66.28462500255173,67.3617256484838,64.29259656551775
2012-03-19,74.48,83.67,74.48,78.57,60.36868274480393,67.45466071659443,67.80126581913149,64.57531742560651
2012-03-20,67.34,74.48,67.34,74.48,60.50909386177105,68.12374064834735,68.06317696347928,64.77144975381232
2012-03-21,74.48,78.57,70.4,75.51,60.658356609415115,68.82719391993332,68.35520923942127,64.98409431314276
2012-03-22,70.4,70.4,65.3,70.4,60.75528838444581,68.97698497517777,68.43539711238515,65.09133997030825
2012-03-23,64.28,72.44,59.18,71.42,60.86140491793391,69.20965307277989,68.55244036287985,65.21665997089622
2012-03-26,76.53,82.65,72.44,82.65,61.078206859049,70.48968611346751,69.10528583884535,65.56187462493787
2012-03-27,83.67,85.71,80.61,81.63,61.28270231318781,71.55066838837537,69.5964511000671,65.88005532543416
2012-03-28,82.65,85.71,66.32,75.51,61.42426746430037,71.92774758948248,69.82835497849584,66.07074729918794
2012-03-29,67.34,73.46,59.18,72.44,61.53387674326255,71.9765335333413,69.93077243031954,66.19687111504561
2012-03-30,77.55,78.57,70.4,75.51,61.67294264631467,72.31305414921356,70.14956566834623,66.38128950880709
2012-04-02,66.32,82.65,65.3,79.59,61.85122182396328,73.00609661119321,70.51977877939147,66.64284813239506
2012-04-03,72.44,78.57,63,71,61.94225444263031,72.81503979107957,70.53861098412122,66.72912836739714
2012-04-04,53,53,36,48,61.80352554270364,70.45170266811961,69.65474388670471,66.35825453833976
2012-04-05,41,44,36,44,61.62637603481604,67.93249289020346,68.6486754989908,65.91551682470927
2012-04-09,21,26,18,23,61.24203398471837,63.65320785304123,66.85853136177548,65.0657046103586
2012-04-10,24,24,11,11,60.742113248552016,58.63861662894207,64.66800072013723,63.99509659827228
2012-04-11,18,23,18,21,60.3466693356311,55.05398647380473,62.95553010366126,63.143708546821344
2012-04-12,25,34,25,31,60.05466267557507,52.763130619156655,61.702372060380426,62.50719946668627
2012-04-13,28,28,23,24,59.695909813131536,50.02378484590364,60.2238476658557,61.74468066536575
2012-04-16,23,24,14,23,59.3307763821551,47.45009105105568,58.76408893386136,60.977459266051575
2012-04-17,33,42,29,40,59.138430348501814,46.740558570002754,58.02824230900405,60.56206403306045
2012-04-18,34,42,31,35,58.89824696194956,45.622410134764394,57.12517398316076,60.05588454725727
2012-04-19,41,49,26,32,58.63060271357195,44.32503774097731,56.13987304264465,59.50032247701456
2012-04-20,32,40,30,30,58.345721094531434,42.960748432312805,55.11477998214878,58.916157675489515
2012-04-23,19,24,18,24,58.00397262592913,41.15496286733063,53.89459253186844,58.224748612608536
2012-04-24,26,26,19,21,57.63577389333282,39.23544259425152,52.60460851101085,57.4876248777054
2012-04-25,35,41,33,40,57.46029355608572,39.308257585275186,52.11031013803004,57.14133527616668
2012-04-26,44,58,43,55,57.43581302318935,40.80270924382041,52.223631309087686,57.098932597430704
2012-04-27,54,58,52,55,57.41157607768498,42.15483217298037,52.33250851265287,57.057369575699404
2012-04-30,54,57,52,56,57.397530544573684,43.47341958507748,52.476331708235115,57.03643156429941
2012-05-01,59,67,56.12,56.12,57.384818797861506,44.6778558150701,52.619220660853344,57.01828440461031
2012-05-02,51.02,56,47.95,56,57.371039506340495,45.7561552612539,52.75180024278066,56.998120356994264
2012-05-03,52,56,46,47,57.26784508339183,45.87461666494401,52.52623944894612,56.80013777566764
2012-05-04,34,34,20,22,56.916921251716296,43.60084364923505,51.32913201957569,56.11102613654551
2012-05-07,20,26,20,23,56.57943944821663,41.638858539784096,50.21818566586684,55.45536225265352
2012-05-08,18,21,15,20,56.21546492634383,39.57801486932847,49.03315877700932,54.75327587141286
2012-05-09,14,20,14,18,55.835211543992145,37.52296583415433,47.81617215830307,54.025488230394785
2012-05-10,21,24,20,21,55.488592523653914,35.949350040425344,46.76455756385981,53.37151816642657
2012-05-11,21,28,21,21,55.145422448791685,34.52560241752769,45.75418275743394,52.73049800471515
2012-05-14,19,24,18,20,54.795716752783804,33.142211711096486,44.74421480616202,52.08236933135446
2012-05-15,20,27,19,20,54.44949071544267,31.89057250051587,43.77385344121449,51.44707488914942
2012-05-16,21,24,16,17,54.076858967030304,30.472422738561978,42.72389840430412,50.76495459431478
2012-05-17,16,17,10,10,53.638283255915574,28.522668192032267,41.440608270802,49.95772777066498
2012-05-18,8,9,4,5,53.15432023844378,26.282414078505383,40.01156480920192,49.06747573560231
2012-05-21,4,11,4,11,52.73487426592195,24.82694607102868,38.87385638531165,48.31366433489731
2012-05-22,12,15,9,9,52.299701387654075,23.319617873787852,37.702332605495506,47.535175932226075
2012-05-23,9,19,8,15,51.928560080314234,22.527273314379485,36.81204505233882,46.89091502267704
2012-05-24,19,23,13,17,51.58101221881857,22.00086633205763,36.03510210910984,46.2990157152973
2012-05-25,23,27,18,24,51.306574286293014,22.191260014718807,35.5631373205173,45.85745104766765
2012-05-29,31,38,28,34,51.13436956702642,23.31590191807892,35.50183781775191,45.62265003682275
2012-05-30,24,26,20,23,50.85442559123511,23.285816021119025,35.01156966803615,45.17467676876685
2012-05-31,19,24,15,20,50.54741638137208,22.972881161964832,34.4228806614465,44.67616831790018
2012-06-01,12,14,6,6,50.10415850693057,21.35641628939675,33.30825789040938,43.91030359873384
2012-06-04,9,14,5,12,49.72501265114021,20.46532902373992,32.472639933922736,43.278416398758914
2012-06-05,10,20,10,18,49.40934088346717,20.230535783383736,31.90508542671008,42.77785369779339
2012-06-06,31,51,31,51,49.425168337363026,23.160960946871,32.653905606054785,42.94066847605491
2012-06-07,70,70,48,48,49.41098755788678,25.526583713835667,33.25571322934675,43.04085325870729
2012-06-08,43,63,43,50,49.41684837820631,27.857385264898937,33.91235192623512,43.17865814467348
2012-06-11,65,66,37,38,49.303247896831124,28.823348573003802,34.07265185069649,43.076110458640336
2012-06-12,51,62,43,62,49.4295837386537,31.983029661289155,35.16784197419859,43.450840944607855
2012-06-13,57,67,51,51,49.445209771104906,33.79416969354733,35.788710916386876,43.60032924273443
2012-06-14,48,61,48,56,49.51043156442724,35.90901067511425,36.581310488293276,43.84586727753177
2012-06-15,62,73,60,73,49.74415861353742,39.4414858489129,38.00949439071315,44.42317683639252
2012-06-18,71,76,68,75,49.99546051788033,42.82801100615929,39.46010245382244,45.02865848319663
2012-06-19,80,86,80,84,50.33381414456809,46.749152815096494,41.206765102692145,45.800368216202635
2012-06-20,82,86,82,86,50.68870156601517,50.48732873746825,42.963362549645396,46.59640052875308
2012-06-21,81,81,57,57,50.75150055540805,51.10758314342366,43.51381892024754,46.80241239947084
2012-06-22,60,70,58,68,50.923127415553246,52.71638474881188,44.47406131553195,47.222166609382306
2012-06-25,54,54,44,48,50.89404157062237,52.26720524892504,44.61233342080521,47.23756925078067
2012-06-26,51,55,47,53,50.914996380864935,52.33699522521789,44.9412615219501,47.351676790369176
2012-06-27,56,60,49,53,50.935742685532944,52.4001385371019,45.25729048187363,47.4635247747183
2012-06-28,40,45,30,45,50.87668056925899,51.69536343833029,45.24720065905506,47.414742105912
2012-06-29,69,80,69,80,51.166464842201684,54.391043110870264,46.610055535170545,48.0599947374781
2012-07-02,78,78,71,75,51.40361444576187,56.353800909835,47.72338669065405,48.59346018822111
2012-07-03,71,82,71,82,51.70805609306772,58.796296061279286,49.06756760474605,49.25497582805831
2012-07-05,81,85,73,80,51.98956797273868,60.81569643639554,50.280604169265814,49.86378818789874
2012-07-06,68,68,50,56,52.02947276902984,60.35705868054835,50.504894201843626,49.985297332692824
2012-07-09,51,51,45,47,51.97942826386536,59.08495785382946,50.36744737039878,49.92618253402564
2012-07-10,50,50,32,35,51.81047872890152,56.79115234394094,49.76480237548118,49.630614563054834
2012-07-11,29,33,25,27,51.56360829378807,53.95389973975608,48.8720650274231,49.1824835816082
2012-07-12,20,27,14,24,51.2893435346459,51.10114738358884,47.89668992830847,48.68382054038824
2012-07-13,27,35,27,33,51.10736001688823,49.377228585151805,47.31250600955127,48.37324983661818
2012-07-16,26,35,25,26,50.85753553910825,47.15082586275639,46.4767214601571,47.93021518638812
2012-07-17,30,37,25,36,50.70969936458976,46.088842447255786,46.06586963819016,47.693973301509146
2012-07-18,39,64,39,61,50.81209041568837,47.50895269037428,46.65152180924152,47.95745897870699
2012-07-19,70,76,63,70,51.003014889164106,49.65095719605292,47.56714840495754,48.39394493952467
2012-07-20,62,63,46,46,50.953233646485856,49.30324698690502,47.50569160476313,48.34654008923705
2012-07-23,23,36,21,35,50.79449500323724,47.941032988152166,47.01527232614497,48.082252166677904
2012-07-24,33,33,20,22,50.50798261514532,45.47045841785196,46.034281254531436,47.56577192575359
2012-07-25,29,37,25,32,50.323823584148855,44.18755761615177,45.4839172837655,47.25753881831292
2012-07-26,53,53,44,51,50.330551707689665,44.836361652708746,45.7002342530296,47.33164696052455
2012-07-27,57,69,57,68,50.5063671135833,47.042422447688864,46.57473487055785,47.740921278137925
2012-07-30,69,71,59,64,50.64063211742825,48.657429833623254,47.258078601124204,48.062883233026284
2012-07-31,68,68,57,57,50.703909409792146,49.45196032565914,47.64011473441345,48.239855842273286
2012-08-01,61,62,56,57,50.7665570773564,50.17082124702493,48.0071690585541,48.41332404341639
2012-08-02,51,56,47,50,50.75892964375087,50.15455255683208,48.085319291551976,48.444743369289334
2012-08-03,71,74,71,72,50.9702835776439,52.23507136094331,49.02314990756955,48.91118409464994
2012-08-06,75,79,75,78,51.239235979856396,54.68887408847252,50.1594969700178,49.487200251191524
2012-08-07,80,86,79,86,51.58511422881305,57.670886080046564,51.5650068927622,50.21022598879169
2012-08-08,83,84,81,83,51.89770015688456,60.08318264385165,52.79775172049701,50.85952844445918
2012-08-09,81,82,78,80,52.17732503094541,61.980022392056256,53.86450655498732,51.43656748516296
2012-08-10,77,82,74,82,52.47406806546337,63.88668692614613,54.967859239105465,52.04178397060528
2012-08-13,83,85,78,82,52.767858432971195,65.61176436175127,56.02794319051309,52.63501597118736
2012-08-14,85,86,79,82,53.05872551324014,67.17254870825114,57.04645522225768,53.21650080344107
2012-08-15,83,87,83,86,53.386499388730286,68.96563930746532,58.18188835079659,53.86567900535313
2012-08-16,85,91,83,91,53.760763076404615,71.06414984961148,59.46887312135359,54.60101209435604
2012-08-17,88,89,85,87,54.09150175226129,72.5818498639342,60.54852515581031,55.24257621129948
2012-08-20,85,85,80,83,54.37914850099501,73.5740546387976,61.4289751497001,55.79222816751137
2012-08-21,83,84,79,79,54.62413209800003,74.0908113398645,62.11803494775108,56.25178800577847
2012-08-22,71,74,65,73,54.80697655473635,73.98692454559169,62.54477867529025,56.58343576804028
2012-08-23,63,66,57,61,54.86859867856982,72.75007458886867,62.484199119396514,56.67089248550483
2012-08-24,61,70,60,68,54.99925938823579,72.29768653278595,62.70050503628293,56.8952312481681
2012-08-27,61,69,61,64,55.08881899631305,71.50743067252061,62.75146562309536,57.035919738303384
2012-08-28,60,63,55,56,55.097885473961675,70.03053251323294,62.48670226532692,57.015406476158766
2012-08-29,59,66,52,59,55.136712484171014,68.98000560721076,62.349968843157235,57.05470535781899
2012-08-30,46,47,35,38,54.96619793208971,66.02952888271449,61.39506810420989,56.67738445964436
2012-08-31,48,56,41,51,54.92673327604902,64.59814517959882,60.98741837463303,56.56496100499793
2012-09-04,38,48,29,45,54.827959810615695,62.731655162494164,60.36046079131409,56.335951876186094
2012-09-05,39,47,39,41,54.69036817070907,60.6619737184471,59.60122703479197,56.03226966081607
2012-09-06,58,76,58,72,54.86260331328908,61.741785745261666,60.08745342558444,56.34846234079991
2012-09-07,73,75,71,73,55.04307492211207,62.813996626665315,60.59382780105172,56.67819575979397
2012-09-10,68,74,64,64,55.13219855472787,62.926949328887666,60.72740318140263,56.82318198237231
2012-09-11,64,70,62,62,55.200534887516646,62.838668440422175,60.77730893899468,56.925693230246125
2012-09-12,66,66,60,63,55.278141505551304,62.85403335085816,60.86447329432822,57.04597653261749
2012-09-13,59,73,58,73,55.45447840599358,63.82031588887167,61.34037630239378,57.36189778939734
2012-09-14,74,83,74,78,55.678811954192646,65.17076199469341,61.99369487877049,57.7705730806964
2012-09-17,72,74,70,71,55.831261586489234,65.72592751900832,62.34688331489714,58.0325419305836
2012-09-18,71,72,67,70,55.97224405826546,66.13298204100754,62.647005537842354,58.26952129829481
2012-09-19,65,73,65,71,56.12177396813347,66.59650756091158,62.974573948123044,58.52160998545729
2012-09-20,65,67,62,65,56.21011452566448,66.44445922177714,63.05400242074567,58.649894936240315
2012-09-21,71,73,65,65,56.2975760726728,66.30689167684598,63.13031605130466,58.77563959096823
2012-09-24,62,66,58,60,56.33441611175068,65.70623532667017,63.00755855909664,58.79988435154312
2012-09-25,60,62,46,46,56.23158610068848,63.82945100984444,62.34059547834775,58.54642129507692
2012-09-26,47,47,30,37,56.04022703500999,61.274265199383066,61.3468466360596,58.11975948725361
2012-09-27,41,52,39,50,55.9801252734676,60.20052565658468,60.90187225817491,57.95897217067433
2012-09-28,43,48,36,41,55.83106930059728,58.371904165481375,60.121406679422954,57.623150939571865
2012-10-01,47,55,37,41,55.683496471735616,56.717437102102195,59.371547593955384,57.29397963383777
2012-10-02,45,45,37,42.42,55.551521382464614,55.35577642571151,58.70678102164341,56.99944538366277
2012-10-03,40.4,48.48,38.38,47.47,55.47110823438039,54.60475009945327,58.266122942363275,56.810743494877364
2012-10-04,48.48,59.59,48.48,58.58,55.50204248080446,54.983345328076766,58.278431846584326,56.845778277157024
2012-10-05,63.63,73.73,53.53,55.55,55.50251967005019,55.0373124396885,58.171434519267294,56.82011930137173
2012-10-08,48.48,54.54,45.45,50.5,55.45274335492531,54.60518744543245,57.87059394988426,56.694968424116844
2012-10-09,44.44,44.44,23.23,24.24,55.14216879417978,51.71326483158174,56.55174712832017,56.052295782055126
2012-10-10,21.21,26.26,14.14,15.15,54.744236766377,48.23104913333586,54.92814920171938,55.24234933092532
2012-10-11,23.23,27.27,19.19,20.2,54.400513017457826,45.56142540635149,53.56626099773038,54.54844142338224
2012-10-12,22.22,30.3,17.17,19.19,54.050159654100035,43.04986108193706,52.21817233115272,53.848274266483585
2012-10-15,25.25,26.26,22.22,26.26,53.773640652566705,41.45082669318115,51.200204788754576,53.30197180576114
2012-10-16,30.3,54.54,30.3,52.52,53.76116661622276,42.50503367478294,51.25196146370538,53.28648721554805
2012-10-17,46.46,55.55,46.46,51.51,53.73876694839965,43.362649515279806,51.262080621991444,53.25130925088373
2012-10-18,50.5,53.53,40.4,46.46,53.66634140662453,43.65763527572935,51.07376373485452,53.1168278795791
2012-10-19,37.37,39.39,21.21,22.22,53.35344248715563,41.61595572565989,49.94224358838964,52.50500950572604
2012-10-22,25.25,31.31,20.2,27.27,53.09390574598991,40.24967422797799,49.053135996688084,52.005306347196814
2012-10-23,17.17,24.24,17.17,22.22,52.78670270374125,38.532562396741994,48.00085615368071,51.41549830071767
2012-10-24,22.22,22.22,18.18,19.19,52.45240715445029,36.690413597052284,46.87101865745794,50.77736962149554
2012-10-25,28.28,30.3,25.25,26.26,52.191786187739346,35.6970408735235,46.062743415989,50.29187715374315
2012-10-26,31.31,35.35,27.27,33.33,52.00410672318473,35.471608409378405,45.563420144773744,49.955998398223485
2012-10-31,37.37,37.37,26.26,31.31,51.798195213501295,35.07526475134237,45.00446249203752,49.586770707169556
2012-11-01,36.36,52.52,36.36,51.51,51.795327599436604,36.640477632166906,45.25958160999683,49.62485445554243
2012-11-02,53.53,55.55,46.46,46.46,51.74223976262629,37.575670238627204,45.30665684097735,49.56218407028417
2012-11-05,43.43,52.52,42.42,50,51.72490404359518,38.75893973971033,45.4907095138802,49.57085369265478
2012-11-06,55,62,54,58,51.78734280933055,40.59142166926173,45.981269925100584,49.73776748091904
2012-11-07,51,51,37,41,51.6800060649591,40.6303338912368,45.78592600646919,49.56474238228698
2012-11-08,41,43,26,26,51.42448361655155,39.23696875873806,45.01000733954883,49.098113820261496
2012-11-09,31,35,24,25,51.16155343131223,37.881066972191576,44.22530116937044,48.62092344758305
2012-11-12,27,29,24,25,50.90123946682156,36.65429868912571,43.47136779017944,48.15318238921507
2012-11-13,24,28,23,23,50.62361519351985,35.353889290161355,42.66856905330966,47.65509956962665
2012-11-14,28,30,18,20,50.318902604529605,33.891614119669796,41.779605561023004,47.10747383557464
2012-11-15,22,22,17,20,50.017221981598965,32.568603251129815,40.925503382159356,46.57069217546425
2012-11-16,18,24,17,24,49.75834415093629,31.75254579864126,40.26175815148644,46.12374777595011
2012-11-19,33,36,28,36,49.6214452041608,32.15706524638971,40.09463038083991,45.923277522960994
2012-11-20,35,44,31,39,49.51575918222885,32.808773318162125,40.051703699238345,45.786182918545926
2012-11-21,43,47,40,45,49.47082625504249,33.96984252595621,40.24575453456233,45.77061493996086
2012-11-23,59,68,58,68,49.65519614305202,37.21080990443657,41.33415631752067,46.21080078273391
2012-11-26,65,65,55,60,49.75812951476294,39.3812089611569,42.066150187421826,46.48385423258077
2012-11-27,64,67,58,58,49.84013817630759,41.154427155332435,42.69100704281705,46.711896723024715
2012-11-28,54,68,49,68,50.02083331883189,43.71114837863411,43.68351657054971,47.13344332256878
2012-11-29,77,78,72,77,50.289282738545005,46.881515199716574,44.99004533248894,47.72486028647831
2012-11-30,77,79,76,79,50.57496151726595,49.94041851402928,46.323769044940356,48.34416998377577
2012-12-03,80,80,71,71,50.778195731024496,51.94609294126459,47.29146437651132,48.792800281126745
2012-12-04,75,80,72,80,51.06895995260634,54.617893613525105,48.57415204802068,49.41076463199552
2012-12-05,78,78,70,76,51.31703000282916,56.65428469795128,49.649675497117904,49.93728414423323
2012-12-06,77,83,76,76,51.5626316943433,58.496733774336874,50.683021556054456,50.45337752751574
2012-12-07,78,78,72,77,51.815739836688145,60.25894960535241,51.71505992640526,50.97905322004018
2012-12-10,78,83,77,79,52.08622998756687,62.043811547699804,52.785057576350155,51.53392345330671
2012-12-11,86,89,84,87,52.43363068420799,64.42059140029983,54.126820024336425,52.23622199878579
2012-12-12,85,87,84,87,52.77757465749945,66.57101126693794,55.415964337107546,52.92461364237419
2012-12-13,86,87,79,81,53.05839481016115,67.9452006700867,56.41925985329941,53.48056188707965
2012-12-14,79,79,71,73,53.25681874239835,68.42661013007844,57.06948495709159,53.86708541406817
2012-12-17,74,83,70,80,53.52292004844414,69.52883773673764,57.968720841127215,54.384568871215336
2012-12-18,84,89,84,89,53.87592581910639,71.38323414276263,59.185633749318306,55.070022952973446
2012-12-19,88,88,78,78,54.11596635821976,72.01340231964238,59.92345203365876,55.524081904399715
2012-12-20,76,81,76,79,54.36356868301359,72.67879257491454,60.67155195390744,55.98895156965913
2012-12-21,60,65,54,65,54.46940382049604,71.94747899635125,60.84129501453852,56.16738817224014
2012-12-24,61,61,54,59,54.51448437949608,70.71438575860351,60.76908736690955,56.22347949556212
2012-12-26,63,63,41,43,54.3999123956205,68.07492044826031,60.07226041134447,55.961628416442075
2012-12-27,42,44,28,41,54.26657993397253,65.49635659604505,59.32432863050744,55.66535854680956
2012-12-28,32,38,25,25,53.975370183385735,61.63956072975504,57.97827652735028,55.058123724100454
2012-12-31,25,53,25,53,53.965665007431646,60.81674542215932,57.783049996865955,55.01736879887074
2013-01-02,87,90,81,87,54.29436485810397,63.310388715287004,58.9288127420869,55.650688228596074
2013-01-03,87,90,84,87,54.619794063495966,65.56654217097396,60.02964361494624,56.271466679514965
2013-01-04,90,91,87,88,54.951935416097996,67.70306196421454,61.12652033592874,56.89975446803942
2013-01-07,85,86,80,84,55.24097088459453,69.25515130095602,62.023519538441334,57.436392993424775
2013-01-08,78,78,70,72,55.40772739320553,69.51656546276973,62.414754066345594,57.72478125098072
2013-01-09,75,78,74,77,55.62257587685523,70.22927351393452,62.986724495116356,58.1064687509613
2013-01-10,82,82,75,80,55.865137310916374,71.1598188935598,63.653911769817675,58.54000402321949
2013-01-11,83,83,78,78,56.0853847008575,71.81126471322078,64.21650346511895,58.92535047820524
2013-01-14,81,81,76,78.78,56.311201768510664,72.47495378815213,64.78762097629075,59.318511854874444
2013-01-15,67.67,78.78,67.67,77.77,56.524722148923495,72.97924390356621,65.29673387918132,59.68388785774822
2013-01-16,73.73,77.77,70.7,75.75,56.71601844594913,73.24312543655991,65.7066658839193,60.00202869224825
2013-01-17,81.81,84.84,78.78,83.83,56.985809307183466,74.25139920450658,66.41738486886364,60.473869708243335
2013-01-18,84.84,84.84,78.78,82.82,57.242865930992586,75.06745642312501,67.0606246779278,60.91636733778307
2013-01-22,82,84,79,84,57.50910607098271,75.91817485901787,67.72491390624437,61.37346897465866
2013-01-23,87,88,84,88,57.812498050375915,77.06882487244474,68.52001532168576,61.90072701476443
2013-01-24,86,88,84,85,58.08302045783486,77.82417488459285,69.16628923063926,62.358138361006716
2013-01-25,87,87,82,85,58.35085110004546,78.5075868003459,69.78721906473184,62.80649205682837
2013-01-28,84,86,82,83,58.596116263229085,78.93543567650343,70.30536733670314,63.20636350124761
2013-01-29,79,85,77,79,58.79913998200293,78.94158465969358,70.64633332349909,63.51910877845063
2013-01-30,80,81,72,74,58.95039232049046,78.47095754924656,70.77784966375403,63.72665117887735
2013-01-31,77,77,68,71,59.07028891431642,77.75943778265166,70.78656144164603,63.87067788820651
2013-02-01,75,85,75,81,59.288494994770986,78.06806275573246,71.18708844393441,64.20987238546975
2013-02-04,79,79,73,73,59.42492788039515,77.58539011232936,71.25818301476052,64.38393431843075
2013-02-05,73,84,73,81,59.63960521491858,77.91059105401229,71.64021505339736,64.71296532202618
2013-02-06,74,79,71,73,59.772544466511434,77.44291571553492,71.69353995326412,64.87706501861972
2013-02-07,68,68,54,66,59.83450919818794,76.35311421881731,71.47026387666553,64.89930135488467
2013-02-08,76,77,72,72,59.95555885790746,75.93853191226329,71.49103784228649,65.03990924884735
2013-02-11,72,72,66,68,60.035603048376046,75.1824812539525,71.35413439749094,65.09852490728602
2013-02-12,67,67,61,62,60.05514928670066,73.92700684881417,70.98730559758933,65.03716797842887
2013-02-13,66,71,60,68,60.134202527629014,73.36253000606996,70.87015635846818,65.09583791945008
2013-02-14,59,67,59,65,60.18261842287649,72.56609857692044,70.63995414833217,65.09394013886691
2013-02-15,67,70,58,64,60.220602319166275,71.75027966483277,70.37956378957404,65.07227795789925
2013-02-19,70,72,63,70,60.31790975877656,71.58358636342012,70.36467893508093,65.16985661219827
2013-02-20,66,69,45,45,60.16549274625142,69.05181623357059,69.36998564350912,64.77045351096662
2013-02-21,32,35,22,30,59.865338589572296,65.3325956398972,67.82606463788132,64.08192967906629
2013-02-22,37,45,35,45,59.71742477276063,63.39615795990699,66.93092484816049,63.704069685421416
2013-02-25,53,54,26,26,59.38192800885256,59.834619106582515,65.32579054038949,62.95745444412594
2013-02-26,34,38,25,34,59.12937151125204,57.374179191669896,64.09732816625657,62.3840395046383
2013-02-27,39,56,38,49,59.02858174497092,56.57663831627276,63.50527608130533,62.11900901939794
2013-02-28,53,58,47,49,58.92879486193638,55.85505371472298,62.93644172517571,61.85922666257818
2013-03-01,35,57,35,54,58.87975212699174,55.67838193236841,62.58599303007078,61.70359841183406
2013-03-04,56,61,50,61,58.900849120753016,56.18520270071428,62.52379722496997,61.68966577001556
2013-03-05,72,79,71,77,59.08094017427786,58.1675643482653,63.09149145144173,61.99284070526277
2013-03-06,79,79,74,75,59.23933877950893,59.77065345795432,63.55849178667931,62.25040821604965
2013-03-07,79,79,71,73,59.37626078170287,61.03059122386343,63.9287470107311,62.463271419692234
2013-03-08,74,79,72,77,59.55162137093966,62.5514872977812,64.44134516717301,62.75112743118348
2013-03-11,77,77,72,77,59.7252370786915,63.92753612656394,64.93384143512701,63.03328332363529
2013-03-12,78,78,73,77,59.89712526696323,65.1725326859388,65.40702412394556,63.309851970692016
2013-03-13,75,80,74,79,60.08720362251584,66.48943433489701,65.94008200143789,63.62054797127237
2013-03-14,82,83,81,83,60.315191646172394,68.06186916014492,66.60909839353836,64.00429949659372
2013-03-15,78,78,73,74,60.451358893474165,68.62740543060731,66.89893767222313,64.2022341600275
2013-03-18,62,67,59,59,60.43691751144954,67.71050967531137,66.58917541056732,64.09921962220517
2013-03-19,67,67,50,61,60.44252032228089,67.07141351575791,66.3699920611333,64.03784893661695
2013-03-20,67,71,67,68,60.517719125044266,67.15985032378097,66.43391394108886,64.11630737351562
2013-03-21,60,60,53,55,60.46281644718313,66.00176934056374,65.98552515908537,63.93578643542621
2013-03-22,60,62,57,60,60.45821130840519,65.43017226051005,65.75079868225849,63.857850070368265
2013-03-25,59,62,46,51,60.364099753097676,64.05587014046147,65.1723359888366,63.603239177885726
2013-03-26,58,64,55,64,60.400277865007155,64.05054917470324,65.12636202849006,63.611095827828585
2013-03-27,50,65,49,64,60.4360959957036,64.04573496758864,65.08219096854928,63.61879690054485
2013-03-28,64,74,61,72,60.55115971713939,64.80328401829449,65.35347759723362,63.78476131835584
2013-04-01,68,68,48,51,60.45612330204348,63.48868554036168,64.7905961228323,63.53159772789335
2013-04-02,61,62,52,55,60.401833517943544,62.68023929842247,64.40665117683888,63.36265519862813
2013-04-03,53,55,39,42,60.21873069686948,60.710692698572714,63.52795897382559,62.93963232340777
2013-04-04,47,47,38,45,60.06730054068172,59.2144362510896,62.801372347401056,62.584392079379896
2013-04-05,25,40,25,40,59.86762590843613,57.38448994146202,61.90720088279709,62.1371763946397
2013-04-08,38,49,38,49,59.759490327257666,56.58596708989421,61.40103614229525,61.87703428781516
2013-04-09,49,61,43,55,59.71213221454863,56.43492260514238,61.150015117107195,61.740855391026734
2013-04-10,67,83,67,79,59.904051296990936,58.58397759512882,61.85001452427946,62.082620630808385
2013-04-11,80,82,75,78,60.084110488065654,60.43312258606893,62.48334728803321,62.39781626188149
2013-04-12,76,76,71,75,60.23252729912968,61.82044424453856,62.97419641399269,62.647364454715515
2013-04-15,71,71,41,41,60.04115886829257,59.83754479267774,62.1124632212871,62.218703772443924
2013-04-16,48,61,47,60,60.040749327314536,59.85301671718462,62.029621526334665,62.174769044276715
2013-04-17,48,48,34,43,59.87118963251539,58.24796750602418,61.28336185863527,61.79507064736035
2013-04-18,31,36,20,23,59.50431212373414,54.89101821973617,59.78205355045349,61.02685142662054
2013-04-19,22,36,22,35,59.260488122502956,52.99663553214225,58.8102083131808,60.511468230053794
2013-04-22,31,45,28,39,59.058891225761634,51.66362262431918,58.033337398938414,60.08549856213194
2013-04-23,52,58,48,57,59.03840474590331,52.171849041050685,57.99281436368593,60.02439958070358
2013-04-24,63,63,59,60,59.04797285788437,52.91738722761728,58.071527525894325,60.023916420689645
2013-04-25,65,73,65,69,59.14699800357706,54.449064634510876,58.50009507389847,60.20166064998292
2013-04-26,67,69,61,65,59.205236829412115,55.45391562170032,58.75499330629461,60.296677270775334
2013-04-29,71,73,65,68,59.2927469107115,56.648780800586,59.1175425884007,60.4492183149184
2013-04-30,63,73,63,73,59.42913748871437,58.206039771958764,59.66195268297322,60.697748645316054
2013-05-01,69,75,66,69,59.52436995151323,59.23403598415317,60.02815061697427,60.86214966224049
2013-05-02,71,78,70,74,59.66840607139867,60.64031827137667,60.57606627905371,61.12230511447335
2013-05-03,82,84,82,82,59.89061098611112,62.6745736741027,61.41622054262023,61.53572481517685
2013-05-06,80,86,80,82,60.110604906647325,64.5150904670453,62.22342758016453,61.940957987153546
2013-05-07,82,83,80,81,60.31845958419312,66.08508185113622,62.959763753491416,62.31836475968516
2013-05-08,82,86,80,85,60.56404705101707,67.88650262721849,63.82408674355057,62.76750605157258
2013-05-09,80,86,77,83,60.787290363942276,69.32588332938816,64.5760833418427,63.1681494960959
2013-05-10,83,88,80,88,61.058063594151804,71.10437063135119,65.49466830882926,63.6598693080544
2013-05-13,83,85,80,80,61.24654057331447,71.95157342836536,66.06350484573792,63.98343625244936
2013-05-14,86,89,85,88,61.5127441496994,73.47999500661628,66.92375955766977,64.45901177220284
2013-05-15,88,88,86,88,61.77629893427951,74.86285262503378,67.75027879070232,64.9251699549315
2013-05-16,88,88,82,83,61.987480039411054,75.63781904169723,68.34830707341987,65.28308738156653
2013-05-17,78,86,77,86,62.22641058628258,76.62469341867845,69.04053032544263,65.69332327500086
2013-05-20,79,80,71,74,62.34356072970266,76.37472261689955,69.23501933228802,65.85781192302065
2013-05-21,78,82,75,79,62.50929644383497,76.62474903433768,69.61795975062967,66.11805327107965
2013-05-22,81,88,62,68,62.563930310065466,75.80334436440076,69.55451034864419,66.15531954293945
2013-05-23,53,65,52,60,62.538418565686705,74.29826394874354,69.1798236683052,66.03343202723768
2013-05-24,48,58,42,58,62.49326017199828,72.7460483345775,68.74139921072461,65.87435416531218
2013-05-28,76,79,62,64,62.5082526080978,71.91309135033202,68.55546198677463,65.8372382412466
2013-05-29,47,57,44,50,62.3837923831416,69.82613026934803,67.82779681082269,65.5236295632021
2013-05-30,53,63,53,55,62.31032181216507,68.41411786274345,67.32474595549631,65.31524085898029
2013-05-31,49,58,36,36,62.04852756527786,65.32705901867264,66.09632454547685,64.73474103999058
2013-06-03,34,39,25,39,61.819188982538776,62.81972006451334,65.03372358290913,64.22514220751552
2013-06-04,46,46,28,35,61.55233138072247,60.17022291551207,63.855930501226425,63.64642652023798
2013-06-05,30,31,21,21,61.14882559583966,56.43972549498711,62.17530577568813,62.80194282676792
2013-06-06,22,24,20,24,60.779185540159666,53.35022782879786,60.678234960955265,62.03358752326756
2013-06-07,31,43,31,43,60.60227822135211,52.364491845102826,59.984970844839374,61.65668480003454
2013-06-10,41,47,37,41,60.40723067686104,51.282159288426364,59.24046218425744,61.24764153666752
2013-06-11,30,41,27,27.27,60.07750698853406,48.9952869752429,57.98671856918852,60.57481695178302
2013-06-12,32.32,32.32,21.21,22.22,59.70081537670785,46.44525964426738,56.584102154710536,59.81531562600514
2013-06-13,18.18,38.38,18.18,36.36,59.46856845753663,45.48475872576572,55.79100010942777,59.35085393044068
2013-06-14,37.37,44.44,28.28,28.28,59.15823444303378,43.8462102756928,54.71213736003845,58.735589496174526
2013-06-17,44.44,56.56,37.37,48.48,59.05198335404837,44.28752358276967,54.467739816507525,58.53250851605226
2013-06-18,56.56,68.68,56.56,67.67,59.13773476346082,46.51442609869637,54.98547550997782,58.71344894147697
2013-06-19,67.67,71.71,47.47,47.47,59.0216379001428,46.605433136915764,54.69075098017476,58.490806388180395
2013-06-20,22.22,25.25,14.14,17.17,58.60520369218118,43.8020585524476,53.21934898095222,57.67257259831544
2013-06-21,21.21,21.21,6.06,16.16,58.18286335693559,41.16948154745259,51.76604117777762,56.85054145775474
2013-06-24,6.06,14.14,2.02,6.06,57.664227900647674,37.825721400076155,49.97364740610007,55.844788161561574
2013-06-25,19.19,23.23,8.08,16.16,57.25125050860143,35.76231936197367,48.64762201762556,55.058950772223724
2013-06-26,30.3,37.37,24.24,34.34,57.0232778667248,35.62686037511903,48.08653880124808,54.6486745193084
2013-06-27,51.51,60.6,50.5,53.53,56.988518882976294,37.33192129177436,48.3000078678658,54.626522548629026
2013-06-28,53.53,67.67,46.46,56.56,56.98425501349394,39.163166883033945,48.623929127949495,54.66480923083439
2013-07-01,68.68,77,64,65,57.06401367007609,41.62381765607833,49.26612798567697,54.869466473788165
2013-07-02,69,73,57,66,57.15292895694101,43.945358831689916,49.92235826074846,55.08987307826761
2013-07-03,57,74,57,68,57.260860012095826,46.23627703819564,50.63128538777793,55.34551915592568
2013-07-05,77,78,67,76,57.44731911645308,49.070917320272244,51.6261369411984,55.75451877660042
2013-07-08,82,84,73,74,57.61202240882668,51.44511567072251,52.50354333566121,56.11581543448952
2013-07-09,83,86,80,83,57.86463910127617,54.45034274970131,53.69948281269411,56.64817552489567
2013-07-10,85,86,83,86,58.14459294106447,57.45507201163452,54.96616976121591,57.22939977192744
2013-07-11,91,96,89,95,58.51131340931258,61.0307794390979,56.53612388822705,57.97733244971106
2013-07-12,95,95,93,94,58.864434668921405,64.17070520680286,58.00529550045344,58.69065259922173
2013-07-15,96,96,93,95,59.223992532912234,67.10682852044069,59.456068225925854,59.409649577454964
2013-07-16,96,96,96,96,59.58992295547032,69.85855913754158,60.88916358961504,60.134210971960805
2013-07-17,94,95,94,94,59.93231178178405,72.15774398158524,62.18762776257131,60.80482065568435
2013-07-18,93,94,90,92,60.25139325659217,74.04748265000569,63.35674039933322,61.422546979334165
2013-07-19,91,91,87,90,60.547399293840016,75.56677001667181,64.40157410916329,61.98843713815923
2013-07-22,89,92,89,90,60.840459997383896,76.94136334841735,65.40543394801963,62.54312155126499
2013-07-23,91,91,86,86,61.090803679001965,77.80409064856808,66.21306398927376,63.0076141938142
2013-07-24,86,87,79,79,61.269004637419854,77.91798677727589,66.71451246028263,63.32429510086738
2013-07-25,76,80,75,80,61.45538270072911,78.11627375086866,67.2355119716441,63.654507079068026
2013-07-26,67,76,62,76,61.60010526092086,77.91472386983355,67.5792173845208,63.89897228542311
2013-07-29,74,74,66,66,61.64388530807588,76.77998826318273,67.51728729101018,63.94057679462266
2013-07-30,66,72,66,70,61.72703072789602,76.13427509526056,67.61464857371566,64.06056537294697
2013-07-31,72,76,67,69,61.79939858134979,75.45482032428336,67.66897608062877,64.15837595962128
2013-08-01,74,77,74,77,61.95064834670949,75.60198029339924,68.03489858727077,64.41266554457927
2013-08-02,72,75,72,75,62.08049264176711,75.54464883688502,68.30803981914251,64.62231573181532
2013-08-05,67,71,67,70,62.15929371000823,75.01658704289596,68.37439119878398,64.72880452920512
2013-08-06,65,67,61,65,62.187559444237,74.06262637214397,68.242062132165,64.73417473654759
2013-08-07,62,62,53,59,62.15584243484161,72.62809052717787,67.87962832306049,64.62062672196248
2013-08-08,61,66,55,63,62.16424201260438,71.71112952458951,67.68827034960714,64.5885351037058
2013-08-09,62,62,53,61,62.15265751496653,70.69102195081908,67.42598523785784,64.51747500264231
2013-08-12,58,65,57,60,62.13123803720567,69.6728293840744,67.13477013049086,64.42802005209494
2013-08-13,59,65,54,61,62.11998193733297,68.84684563321018,66.8941909096873,64.36013846690494
2013-08-14,54,56,51,52,62.019285599648065,67.24238414433302,66.31010499166034,64.11538324973851
2013-08-15,35,35,26,29,61.69073549417893,63.6002523210632,64.84696361943837,63.420029125981316
2013-08-16,26,28,25,26,61.335603797719436,60.01927590953338,63.32355328142118,62.67903845021931
2013-08-19,23,26,17,17,60.894453511174966,55.92220201338734,61.50694334881643,61.77450303536348
2013-08-20,15,26,15,21,60.497493774745365,52.59627801211236,59.9184357665099,60.96708713367311
2013-08-21,23,31,14,16,60.054732642658344,49.11091820143499,58.19614416782324,60.076649764689485
2013-08-22,27,34,24,34,59.79548157158712,47.67178313463166,57.24727576908508,59.560280462418405
2013-08-23,33,38,29,37,59.56866085943202,46.65542283609531,56.45326495461116,59.11354223543982
2013-08-26,33,40,27,28,59.25454483097996,44.87871589932433,55.33745064266562,58.497432488203394
2013-08-27,22,22,13,15,58.81420110131847,42.033123908912486,53.75558983314932,57.63609719140729
2013-08-28,18,23,16,20,58.42799014508644,39.93473115568273,52.43184121224151,56.890827940092294
2013-08-29,25,35,24,26,58.10532357647862,38.60761390276056,51.395298419604586,56.27912837692215
2013-08-30,26,27,20,21,57.73611637671266,36.930698292973844,50.20332593256127,55.58053177539894
2013-09-03,50,55,32,38,57.53973710928268,37.032536550785856,49.72476413128436,55.23240243331183
2013-09-04,43,67,43,63,57.59406808331967,39.50562830785387,50.24536161633203,55.38621624651358
2013-09-05,68,71,64,66,57.67770919691848,42.028901802343974,50.86319057255431,55.59639018222618
2013-09-06,67,75,52,65,57.75056781187451,44.21662544021598,51.41757525598355,55.782600277627644
2013-09-09,74,83,70,80,57.97195519683098,47.62456587448112,52.538454657709686,56.26215274737759
2013-09-10,88,91,88,90,58.29064220979784,51.66032150548292,54.00753486721127,56.930228930597835
2013-09-11,91,92,89,91,58.61610845646651,55.40695755257978,55.45821977437946,57.604877862665205
2013-09-12,91,93,89.89,89.89,58.92729145689968,58.69105683328647,56.808485665580264,58.24418721191936
2013-09-13,93.93,93.93,87.87,90.9,59.24542786031361,61.75857523011633,58.14540779634182,58.89083697009917
2013-09-16,93.93,94.94,89.89,91.91,59.57044847861895,64.63013949391477,59.46950945138724,59.544681782572454
2013-09-17,91.91,94.94,91.91,93.93,59.91233456340881,67.42060239925623,60.820901237607345,60.22557917301656
2013-09-18,91.91,93.93,88.88,92.92,60.24076904536494,69.84911645646991,62.07968942436784,60.872993446818214
2013-09-19,91.91,93.93,90.9,92.92,60.56593552252549,72.04634346061563,63.28911336851028,61.50758763599013
2013-09-20,90.9,91.91,88.88,89.89,60.857717258619765,73.74573932150938,64.33228539327459,62.069615603594286
2013-09-23,90.9,90.9,85.85,90.9,61.15664544510116,75.37947843374658,65.37415655432264,62.64051430451321
2013-09-24,83.83,87.87,80.8,81.81,61.36215146057279,75.99190905910405,66.01869943454528,63.020108080661466
2013-09-25,77.77,85.85,71.71,72.72,61.475164878875546,75.68029867252271,66.28149553515135,63.21218514837114
2013-09-26,80.8,84.84,72.72,76.76,61.62725279052852,75.78312737037768,66.6924172788709,63.48045870978954
2013-09-27,67.67,68.68,63.63,65.65,61.66728012594615,74.8180676208179,66.65153816989557,63.52341992345707
2013-09-30,50.5,61.61,49.49,61.61,61.6667101744442,73.56015641883525,66.45383079068398,63.48553042002228
2013-10-01,61.61,66.66,57.57,63.63,61.68624539658903,72.61442723608903,66.34309232830422,63.48839120378421
2013-10-02,54.54,59,51.51,59,61.65951658667272,71.31781511836627,66.05512792327268,63.39951217004591
2013-10-03,55,55,37,41,61.4539492574521,68.43040415471233,65.0725738870659,62.95595747360936
2013-10-04,45,58,45,54,61.37978060812422,67.05607994950164,64.63835530325939,62.77861178106264
2013-10-07,41,55,41,43,61.19689721898866,64.76502471621576,63.78979235019039,62.38695610222971
2013-10-08,40,43,18,18,60.7670773461629,60.31121283848093,61.994114218810374,61.508006476442986
2013-10-09,16,19,8,14,60.30173329296725,55.90062113957798,60.11199209258252,60.56725387294907
2013-10-10,32,42,31,42,60.119626494032254,54.57675245961817,59.4017178928734,60.19958547942532
2013-10-11,44,60,43,58,60.09853568314636,54.90277603489263,59.34674856374111,60.15602933131789
2013-10-14,49,68,48,68,60.17715721863744,56.15013069823619,59.686091757319886,60.31135548317298
2013-10-15,53,66,53,53,60.10574271894951,55.85011825078512,59.42389208056225,60.16657616667451
2013-10-16,63,77,63,73,60.234043786422646,57.48344032213892,59.95628846955981,60.42070337129481
2013-10-17,71,77,70,77,60.400869221383616,59.342160291459024,60.6246693138908,60.749006274833526
2013-10-18,80,81,78,78,60.575984950524074,61.11909740655816,61.30605483099312,61.09061011097543
2013-10-21,79,79,78,78,60.74935823459846,62.726802415457385,61.960719347424764,61.425449514718494
2013-10-22,81,85,77,82,60.9608074063935,64.56234504255669,62.74657349066301,61.832866356011195
2013-10-23,73,73,65,66,61.01094862623038,64.69926456231319,62.87415884397034,61.91538385391196
2013-10-24,68,72,67,69,61.090441674725604,65.10885841352146,63.11438790891268,62.05567328254737
2013-10-25,67,71,65,71,61.18904424512635,65.6699195169956,63.423627598759246,62.232788663090986
2013-10-28,72,73,66,67,61.246864700398724,65.79659384871032,63.56387749684712,62.327188887584235
2013-10-29,73,75,68,74,61.373761569051474,66.57787062502362,63.97313720285312,62.55833366208752
2013-10-30,75,75,62,68,61.43969428975743,66.71331151787851,64.13105339097652,62.66608943115509
2013-10-31,67,70,63,64.64,61.47153812767029,66.51585327808056,64.15101208152646,62.705176769152025
2013-11-01,69.69,70.7,54.54,64.64,61.50306511147457,66.33720058493003,64.17018807832935,62.74349010045594
2013-11-04,66.66,66.66,60.6,63.63,61.524228642703676,66.07937195779384,64.14900423212035,62.76104475193206
2013-11-05,52.52,67.67,51.51,63.63,61.5451815915325,65.84609843800395,64.12865112497838,62.778251786547266
2013-11-06,61.61,63.63,53.53,55.55,61.485528043358045,64.86551763438453,63.79223343380275,62.635118087803754
2013-11-07,54.54,54.54,30.3,33.33,61.205373535463934,61.86213500253839,62.59763604424186,62.05481871972843
2013-11-08,35.35,49.49,33.33,49.49,61.08880265451405,60.68383643086806,62.08361110133041,61.80601042824866
2013-11-11,44.44,50.5,43.43,46.46,60.943242429095996,59.32918534221396,61.47092046990569,61.50212903362988
2013-11-12,44.44,51.51,44.44,47.47,60.809180315373645,58.19973911914597,60.92186476520351,61.22426509236988
2013-11-13,41.41,57.57,41.41,57.57,60.77694966546943,58.13976396494159,60.7904190881367,61.15190340737246
2013-11-14,57.57,66.66,55.55,64.64,60.8153879772558,58.75883406351858,60.941383045464676,61.22097462702845
2013-11-15,66.66,69.69,63.63,69.69,60.903692574497036,59.79989748604062,61.28446606328959,61.388678099760554
2013-11-18,71.71,73.73,55.55,56.56,60.86047175286025,59.49133582070342,61.09919288433706,61.29306071164648
2013-11-19,54.54,61.61,49.49,50.5,60.75738248168751,58.63501812349357,60.68353826142188,61.079336737158435
2013-11-20,50.5,55.55,43.43,45.45,60.60507021818813,57.37930211173228,60.08614460411122,60.76984492058104
2013-11-21,53.53,58.58,52.52,55.55,60.55477101203701,57.20508286299587,59.908256580420584,60.66648165482696
2013-11-22,54.54,62.62,54.54,62.62,60.575320554205796,57.72078925699626,60.014599459619774,60.70516518641455
2013-11-25,66.66,68.68,59.59,59.59,60.56551636958683,57.89880932775852,59.997948500419,60.68308270747565
2013-11-26,60.6,70.7,58.58,67.67,60.636207748993925,58.82939891559104,60.29881326510845,60.82143750534742
2013-11-27,61.61,68.68,61.61,67.67,60.706195731591,59.67136092362999,60.58787941157478,60.95705260425143
2013-11-29,71.71,72.72,68.68,68.68,60.78553706759507,60.529326549950945,60.90521747386597,61.10998225565239
2013-12-02,67.67,76.76,64.64,66.66,60.84398943508169,61.11320021186038,61.13089521998887,61.21988359712462
2013-12-03,63.63,68.68,58.58,63.63,60.87171093324008,61.35289542977844,61.22889932900892,61.26760867440928
2013-12-04,57.57,62.62,45.45,57.57,60.838858088133215,60.992619674561446,61.085413080812486,61.1943887006586
2013-12-05,52.52,57.57,47.47,51.51,60.746033629544826,60.089513038888924,60.70990668548651,61.00261862737823
2013-12-06,60.6,67.67,55.55,65.65,60.794829314822984,60.619083225661406,60.90363583507527,61.094645981291535
2013-12-09,64.64,68.68,60.6,63.63,60.82303996840683,60.90583720416984,61.01055207683702,61.14485101136497
2013-12-10,59.59,66.66,58.58,63.63,60.850969918969945,61.16528127996319,61.1132755248042,61.19406188242705
2013-12-11,62.62,62.62,44.44,44.44,60.68767668594537,59.572397348538125,60.45942158265502,60.86229828079483
2013-12-12,43.43,43.43,36.36,36.36,60.445610251259346,57.36169283915354,59.51434622647247,60.377104255432556
2013-12-13,42.42,44.44,35.35,40.4,60.246151442789106,55.74629352113892,58.76476402151276,59.98151803255271
2013-12-16,50.5,55.55,42.42,44.44,60.088876304054885,54.66950366198283,58.203008569688734,59.67376520022493
2013-12-17,38.38,49.49,37.37,46.46,59.9532655945618,53.887646170365414,57.74249842970094,59.41210648338879
2013-12-18,51.51,68.68,39.39,68.68,60.040098772725365,55.29644177318776,58.17142005990874,59.59562912728208
2013-12-19,62.62,65.65,58.58,62.62,60.065769431703224,55.99392350907464,58.34587417520644,59.65551765941511
2013-12-20,69.69,74.74,69.69,72.72,60.19168217367633,57.58688317487706,58.909565384021874,59.91422028002075
2013-12-23,78.78,82,76.76,82,60.40868036100293,59.911941920126864,59.815072623864154,60.35156245269361
2013-12-24,80,82,79,81,60.613569113629765,61.92032840392431,60.64585408959497,60.76044240412541
2013-12-26,85,87,82,84,60.84626991846927,64.02315427021723,61.561702948826536,61.220631663449666
2013-12-27,87,89,85,85,61.08660554117107,66.02094910162512,62.480851852794125,61.69151024437146
2013-12-30,85,89,84,88,61.35440051091066,68.1141920443275,63.481602760527686,62.21247043755222
2013-12-31,87,93,86,89,61.62948110284189,70.1033166115344,64.48232422089914,62.74291656750168
2014-01-02,83,83,75,77,61.78242158938078,70.76014360091207,64.9732134671384,63.02523505131353
2014-01-03,79,81,76,78,61.943790528789926,71.44965373415855,65.48406784097611,63.32176505029742
2014-01-06,74,74,58,60,61.924449329498486,70.35921052138154,65.26900635701627,63.25598752454896
2014-01-07,68,78,68,77,62.07445480880696,70.99166666220235,65.72904532340779,63.52814618742917
2014-01-08,75,81,75,80,62.25281844255018,71.84960317056402,66.28869060484277,63.854321510450376
2014-01-09,77,77,68,72,62.34980532371883,71.86392667812936,66.51266352229992,64.01562207459988
2014-01-10,78,78,65,74,62.46572765880621,72.06736223259323,66.8062845606411,64.21333252856819
2014-01-13,71,71,37,44,62.281989075136494,69.3942801152034,65.91192046022381,63.81306851810149
2014-01-14,48,70,46,68,62.33888470622966,69.26149153280308,65.9938059323719,63.89597805239651
2014-01-15,70,75,70,75,62.46486595293385,69.8080161487266,66.34699001345535,64.11585967512133
2014-01-16,68,72,67,71,62.54979265986983,69.92153842027645,66.52946099331984,64.25217928551497
2014-01-17,64,71,60,63,62.554272334896,69.26234428501202,66.39105075828769,64.22738365609884
2014-01-21,68,70,61,66,62.58855818230997,68.95164482929658,66.37571543443327,64.26248496983945
2014-01-22,68,73,66,71,62.67225412079444,69.14672627412548,66.5570599272006,64.39590110905056
2014-01-23,63,63,54,61,62.65561477630892,68.37084758135163,66.33913600848685,64.3286555425347
2014-01-24,46,48,30,30,62.33068328599739,64.71648114503242,64.91407185129128,63.64888018525679
2014-01-27,32,32,16,23,61.93933320354965,60.74348294074362,63.27038275908378,62.84395186475666
2014-01-28,26,29,24,28,61.60162839555413,57.62505599400613,61.88723049402167,62.15397261990999
2014-01-29,25,31,21,22,61.207582341867024,54.2321935183865,60.32302537660906,61.35884444921871
2014-01-30,32,45,29,41,61.00651187080367,52.9719846118735,59.56525967556557,60.955699014580716
2014-01-31,33,42,30,36,60.75769085716383,51.355605125028404,58.641131845151236,60.46152675686625
2014-02-03,37,37,15,18,60.33224119689354,48.17888082740665,57.047361968870796,59.620704444849096
2014-02-04,19,27,19,25,59.980676607869725,45.97136836765364,55.7906026759739,58.9351459409907
2014-02-05,21,27,15,22,59.602759427691915,43.68838090406758,54.4654810024063,58.20375691245623
2014-02-06,30,34,29,33,59.33805535378453,42.67043986558495,53.623697433684484,57.704672617160064
2014-02-07,40,56,34,53,59.27499012638369,43.65420749743401,53.59923871079489,57.611510783156895
2014-02-10,56,62,52,60,59.28220415497689,45.21094964053553,53.85024895743039,57.65880759933201
2014-02-11,66,74,65,72,59.40874938726567,47.762287770008335,54.56200390027625,57.942791607266024
2014-02-12,77,78,72,76,59.573836458039146,50.45159369667421,55.40270962967718,58.30036009029046
2014-02-13,73,77,73,76,59.73728087139199,52.884775249371906,56.21044650694474,58.65084800929461
2014-02-14,77,84,77,82,59.95880046471147,55.65765379705077,57.221801545888084,59.11320745465512
2014-02-18,86,86,82,85,60.20796662924171,58.45216295923641,58.31114266173561,59.62581720802828
2014-02-19,85,87,80,82,60.42480278218458,60.6948141059758,59.240117459314604,60.06887033262178
2014-02-20,83,87,81,86,60.6792823564912,63.104831810168584,60.289524617772855,60.582358048807485
2014-02-21,87,88,80,80,60.87152830319278,64.71389544729539,61.062484436683725,60.966865810217236
2014-02-24,87,91,87,87,61.13151309619584,66.83638159517201,62.079641909754955,61.482373417935705
2014-02-25,86,87,84,84,61.35906022956703,68.47101191944135,62.939263795646916,61.92826701362014
2014-02-26,87,88,84,84,61.5843432123574,69.94996316520884,63.76517501934703,62.365331033152415
2014-02-27,84,86,82,86,61.82728507094091,71.47853810185562,64.63712894015696,62.83334428002068
2014-02-28,85,88,82,86,62.06780959759821,72.86153447310747,65.47488858956257,63.29208993784206
2014-03-03,81,82,74,78,62.22633885533355,73.35091214233533,65.96606942918757,63.58333568164716
2014-03-04,84,86,83,86,62.46289269756904,74.55558717639863,66.75171376529786,64.02723002458484
2014-03-05,82,84,79,81,62.64734152644895,75.16934077864639,67.31047008822736,64.36332447954355
2014-03-06,79,79,72,75,62.770253551061394,75.15321308544196,67.6120202808459,64.57395171757238
2014-03-07,71,73,63,67,62.81234058040407,74.37671660111415,67.5880194855186,64.62199227762045
2014-03-10,62,66,57,65,62.83410833582293,73.48369597243662,67.48652852530219,64.62947757905371
2014-03-11,66,72,52,55,62.756157009098324,71.72334397506171,66.99686073999622,64.43879485471602
2014-03-12,49,63,48,63,62.75858330751526,70.89254931077012,66.84012110313363,64.41030386749392
2014-03-13,58,59,30,33,62.462478000972816,67.28373509069678,65.51305753046172,63.78831765229602
2014-03-14,34,38,27,29,62.129518020863635,63.637665082058994,64.08117292142401,63.099440075022834
2014-03-17,48,51,43,43,61.93917455796947,61.67217316948195,63.25446025783876,62.70143136066594
2014-03-18,47,58,46,55,61.87012804495485,61.036728105721764,62.930755934001944,62.548927769365626
2014-03-19,51,56,46,50,61.75201731813938,59.985611143272074,62.423667466001866,62.30043415017027
2014-03-20,45,55,43,50,61.635081822436504,59.03460055819854,61.936464820276306,62.05686119670155
2014-03-21,54,54,36,38,61.39990687892967,57.03130526694154,60.99777992536351,61.58048770765795
2014-03-24,34,34,24,27,61.057619248293555,54.171180955804246,59.66453365378063,60.895725574833044
2014-03-25,32,33,27,28,60.72868771348467,51.67868753144194,58.42278723598531,60.244325068400705
2014-03-26,33,33,24,24,60.363228134246015,49.04262205225699,57.07287401104471,59.526615661105645
2014-03-27,21,24,19,20,59.961603973706254,46.27665804728013,55.619035814533156,58.74391040048969
2014-03-28,27,31,24,26,59.623677566007686,44.345547757062974,54.45750499827695,58.09551613513346
2014-03-31,31,36,31,34,59.36871560017676,43.360257494485545,53.65524990030531,57.61837720176448
2014-04-01,39,51,39,51,59.285444798184955,44.08785201882026,53.55112245323451,57.48732022747212
2014-04-02,58,62,55,62,59.312455297705505,45.79377087417071,53.882450984480215,57.57668022296772
2014-04-03,62,62,46,52,59.2396945484746,46.384840314725885,53.808629377245694,57.46625091162182
2014-04-04,52,53,31,31,58.958702562917644,44.91961742760913,52.91417332323606,56.94216673515406
2014-04-07,21,28,18,20,58.57105378119707,42.5463205297416,51.623421428207195,56.210638680992595
2014-04-08,23,27,20,25,58.237013445065756,40.87524238405192,50.57936568592456,55.59260623186403
2014-04-09,28,38,26,37,58.02569987844819,40.50617168080888,50.0468415413785,55.22443581143108
2014-04-10,35,35,10,10,57.54783221796612,37.60082199692232,48.47637716720679,54.328902429026506
2014-04-11,13,13,6,6,57.03491846455352,34.59121990197734,46.81063688613986,53.37189446013489
2014-04-14,7,15,7,13,56.596760071871394,32.53491324464616,45.48472955727163,52.572451005478754
2014-04-15,17,17,7,15,56.182861961703516,30.864921507060814,44.289249966790386,51.82844207467719
2014-04-16,25,28,14,28,55.902435474522385,30.59207183972169,43.65045585044567,51.35659173656477
2014-04-17,38,43,30,39,55.734252036964946,31.39282690260534,43.46808503278113,51.111906751682305
2014-04-21,41,48,33,48,55.65729430525385,32.97446243569055,43.64580718835834,51.05028483580741
2014-04-22,50,67,50,64,55.740306302216496,35.92927553705335,44.444010828030564,51.30671483905875
2014-04-23,61,62,54,56,55.74289031910986,37.84077310495303,44.89718687399015,51.39965117887937
2014-04-24,51,60,44,52,55.705647629367476,39.18927090448131,45.17572856520622,51.4115392743471
2014-04-25,42,42,28,31,55.45982028977178,38.40934034214976,44.61981764108049,51.007350377825375
2014-04-28,32,38,20,27,55.17663799833126,37.32273650004026,43.9288444002538,50.531957301036755
2014-04-29,34,39,28,37,54.99577592869612,37.29199969051261,43.65712501200856,50.26399775052118
2014-04-30,34,51,34,51,54.95601696423148,38.59752352951141,43.94508089389058,50.27857205249106
2014-05-01,60,68,51,56,54.96640485513465,40.25490224098652,44.417822819620355,50.39186765541203
2014-05-02,64,66,54,54,54.95678888642684,41.563959170416375,44.79359447375289,50.463315820651395
2014-05-05,49,64,49,63,55.03682083780568,43.60548686847196,45.507571161056696,50.711566992519685
2014-05-06,53,60,40,42,54.90710122747925,43.452583357188914,45.37001935081918,50.53906071544009
2014-05-07,42,42,33,37,54.72892111576304,42.83805160888521,45.041783297845875,50.27096050325316
2014-05-08,47,58,40,44,54.62216568177535,42.94871336041995,45.00092905087153,50.14678306754517
2014-05-09,37,50,37,47,54.54632323718057,43.3345501832371,45.079323990053034,50.08447053155418
2014-05-12,58,71,58,70,54.70009116516883,45.874116832452614,46.056605402207815,50.478837451721425
2014-05-13,66,68,57,60,54.752826576460684,47.219439038885696,46.603405190356526,50.66737532396456
2014-05-14,53,58,44,47,54.67568402346107,47.198540082801344,46.618957927989605,50.59475403042071
2014-05-15,41,41,25,35,54.47990607297887,46.036774360629785,46.16331251904884,50.28594701991733
2014-05-16,33,51,29,46,54.39552889812336,46.033272040569805,46.15690810653712,50.20107678189917
2014-05-19,54,64,50,62,54.47119527724651,47.553912798610774,46.77820582784938,50.43471882582196
2014-05-20,54,62,46,48,54.40680527448784,47.59639729398118,46.826119324796466,50.38650657184529
2014-05-21,61,67,57,63,54.49230969961731,49.06340707550678,47.4603891551966,50.63627871893746
2014-05-22,72,75,69,73,54.67646582200918,51.343082592125185,48.46194252165948,51.0791246848991
2014-05-23,73,84,73,84,54.968242281491676,54.453265202398974,49.85559183453558,51.731023205990205
2014-05-27,83,86,82,85,55.26706574137733,57.362478040265735,51.23380391945575,52.38981482567357
2014-05-28,84,85,80,80,55.51316458972183,59.51843251262138,52.36189004026141,52.93655116575924
2014-05-29,84,85,83,85,55.80656593708778,61.9452484638003,53.64181592103547,53.5714709446551
2014-05-30,84,87,82,85,56.097047868062035,64.1409390862955,54.87154863001447,54.193818054661925
2014-06-02,86,87,83,87,56.40453992907634,66.31799250664831,56.13148789942567,54.843445419916144
2014-06-03,84,85,81,84,56.67912162132434,68.00199322030085,57.224370726899174,55.42080293635345
2014-06-04,79,85,79,84,56.950971157430565,69.52561291360553,58.27439540427568,55.986727630683085
2014-06-05,83,87,78,87,57.24996646929693,71.1898402551669,59.400889702147225,56.60085183601609
2014-06-06,89,91,89,90,57.575837449701936,72.9812840403891,60.60085481186694,57.262221106590026
2014-06-09,90,91,86,86,57.8586649377646,74.22116175082823,61.59689972120549,57.831286035172404
2014-06-10,85,87,82,84,58.11877772445351,75.15247967932078,62.475452673315075,58.349478390911564
2014-06-11,81,83,78,82,58.356401826697756,75.80462447176642,63.24112119593017,58.817805551487574
2014-06-12,78,80,68,73,58.50210927120823,75.53751737921723,63.623822325501536,59.098641085121486
2014-06-13,69,74,61,73,58.64636689040019,75.29584905738702,63.99151556763873,59.373915519079475
2014-06-16,69,70,61,64,58.699636871590236,74.22005390906445,63.991848290476426,59.46552115236503
2014-06-17,60,67,60,62,58.73247630570376,73.05623925105832,63.913736592810686,59.5157088523182
2014-06-18,60,73,59,73,58.87444171559726,73.0508831319099,64.27006064799458,59.78272451860893
2014-06-19,73,73,62,70,58.98514378807888,72.76032283363277,64.4947641519948,59.98504680536915
2014-06-20,69,70,62,70,59.09474434740148,72.49743494471537,64.71065575387736,60.18336271021332
2014-06-23,66,66,63,65,59.1535031101139,71.78339352140914,64.72200258705864,60.27874166644672
2014-06-24,66,74,59,59,59.15197571598342,70.56592747175112,64.49761032874261,60.25342004928936
2014-06-25,58,68,55,66,59.22011526109801,70.13107723634626,64.5565275707527,60.36721371167967
2014-06-26,58,61,51,60,59.227875308251264,69.16621273764662,64.37784021503691,60.35994215303255
2014-06-27,57,62,53,62,59.25545863851742,68.48371628644217,64.28459157915312,60.3924185460418
2014-06-30,63,72,63,70,59.36236949783565,68.62812425916196,64.50872524271574,60.58266768374394
2014-07-01,75,83,75,80,59.567719055071116,69.71116004400368,65.11622621358963,60.967169313768814
2014-07-02,81,81,78,81,59.78097558188633,70.78628765886047,65.73911930325278,61.363859030327845
2014-07-03,88,91,88,89,60.0717121432606,72.5209269294452,66.65131070312522,61.91110934655897
2014-07-07,85,87,79,85,60.319754808501784,73.70941007902185,67.37086714613991,62.36831510207266
2014-07-08,75,75,55,65,60.36632441239729,72.87994245244835,67.27789196393834,62.42042767430884
2014-07-09,72,74,62,73,60.49203262719931,72.89137650459612,67.50228835750939,62.62992415600569
2014-07-10,47,71,47,65,60.53688802394359,72.13981683749174,67.40415940231294,62.676856350936276
2014-07-11,61,69,58,65,60.58129709833221,71.45983428154014,67.30987864143792,62.72285919547219
2014-07-14,72,76,68,69,60.665065286408506,71.22556434996488,67.37615791040113,62.84715901338363
2014-07-15,73,73,56,64,60.69824871639449,70.53741536425395,67.24375956097364,62.86998754777208
2014-07-16,70,71,62,65,60.74105221175375,70.01004247242024,67.15576898995506,62.91216601217263
2014-07-17,60,67,39,41,60.544623831537294,67.24718128457069,66.13005255897643,62.478261734703864
2014-07-18,46,63,45,62,60.55910518644737,66.7474497336592,65.96808971352637,62.46879120530379
2014-07-21,59,62,54,60,60.55354195076133,66.1048354733107,65.7340469796626,62.419904250743315
2014-07-22,65,72,65,68,60.627636060704,66.2853273329954,65.82290788242092,62.530401196273154
2014-07-23,66,67,64,64,60.6611919207965,66.06767711080536,65.75142129879657,62.559502162683586
2014-07-24,65,65,60,60,60.65461289670897,65.48980310025247,65.52587536551043,62.508818951541336
2014-07-25,55,59,48,52,60.56849734549793,64.20505994784747,64.99544888058846,62.30072352675834
2014-07-28,55,55,43,50,60.463338167930786,62.85219709567152,64.40739206174185,62.05714484306016
2014-07-29,53,60,50,52,60.379125847851874,61.81865451513138,63.920827667163735,61.85799346002926
2014-07-30,58,58,48,54,60.31565195881852,61.07402075178553,63.531775601784766,61.70238962913759
2014-07-31,44,45,34,34,60.0538046756462,58.495542584948815,62.37366675465595,61.15382745826358
2014-08-01,39,40,30,33,59.78461258932136,56.067395672096545,61.221758254473365,60.59632592443658
2014-08-04,33,39,29,37,59.55790002624354,54.25145322713497,60.271885381748916,60.129071945734864
2014-08-05,32,35,26,29,59.25384131951475,51.84655291978878,59.04553693540582,59.51265467948269
2014-08-06,27,32,27,30,58.96275832131062,49.76592883218984,57.90649627127226,58.92824567592857
2014-08-07,29,30,24,24,58.61487017881002,47.312030848171766,56.576829750830214,58.23659724670227
2014-08-08,28,36,28,35,58.37989634618505,46.13945648167922,55.73067956452315,57.776466608153704
2014-08-11,38,46,38,42,58.21691230293943,45.745222531043105,55.192221542384985,57.464061328784325
2014-08-12,42,42,33,41,58.045599742711175,45.29329657570567,54.63566383484048,57.13804031237275
2014-08-13,47,60,43,57,58.035195765171764,46.40822071135275,54.72838290014085,57.13530684084062
2014-08-14,58,70,58,68,58.13434804611533,48.46458064360487,55.24883847268435,57.35044927963585
2014-08-15,77,81,59,71,58.262364483467415,50.61081105849964,55.86653108159869,57.62073741271237
2014-08-18,76,83,76,83,58.50851011049759,53.695495719594916,56.930588686241876,58.123297067906186
2014-08-19,84,85,82,84,58.76215677606478,56.5816389843954,57.992134227957884,58.63570702695755
2014-08-20,84,86,82,85,59.023229842969606,59.28814955731012,59.05126621901836,59.15777223434453
2014-08-21,85,85,79,80,59.23195392413409,61.2607067423282,59.87278519082156,59.570489615842654
2014-08-22,80,84,80,84,59.47840214379445,63.42635371924933,60.818950477456006,60.05424229671706
2014-08-25,86,89,85,89,59.772149386144754,65.86193907932082,61.92408967441852,60.62742561757415
2014-08-26,89,93,89,90,60.07292401911844,68.16080202414742,63.025105765617795,61.20906075385981
2014-08-27,91,91,84,87,60.34085512340582,69.955011355181,63.96529769637788,61.719772422100206
2014-08-28,78,87,78,85,60.58621974904357,71.38786741659233,64.79018798279444,62.180767027603174
2014-08-29,89,90,84,90,60.87889417940135,73.16045147215496,65.77880806190053,62.731642928046675
2014-09-02,91,93,81,88,61.14875592886004,74.5737418081402,66.65022735359071,63.23200643442199
2014-09-03,87,88,84,85,61.38608174051318,75.56671877879351,67.36982628090088,63.66305581195819
2014-09-04,85,88,77,80,61.57129485752299,75.98893603795604,67.86512721106163,63.98655965726595
2014-09-05,72,83,72,82,61.77456555545809,76.56141832005547,68.41943594788275,64.34326144623098
2014-09-08,81,83,74,82,61.97581365938388,77.07937848005018,68.95200708718146,64.69289983343432
2014-09-09,72,73,64,65,62.00590506575817,75.92896148195017,68.7970264170959,64.69898102485146
2014-09-10,60,70,58,69,62.07549805017849,75.2690603884311,68.80498616544509,64.78414971742866
2014-09-11,60,67,51,67,62.1244980695797,74.48153082762813,68.73420239425116,64.82802794084591
2014-09-12,51,51,42,46,61.964055302718215,71.76900408213974,67.842665045457,64.45519570439352
2014-09-15,38,38,31,33,61.67585574746729,68.07671797907882,66.47628602406652,63.83232054193028
2014-09-16,34,46,28,44,61.499976585800944,65.78369721916656,65.59486304273058,63.4396013232782
2014-09-17,49,60,48,56,61.44525045061884,64.85191653162688,65.21859390379997,63.29228248519348
2014-09-18,58,64,58,64,61.470670844145026,64.7707816238529,65.17080590757251,63.306296693407475
2014-09-19,66,66,46,50,61.35653481584507,63.36404051681929,64.57587234256967,63.042805669775646
2014-09-22,39,41,28,31,61.05447974305059,60.28175094378888,63.25917146639046,62.40829466641375
2014-09-23,30,33,27,27,60.71562919834362,57.112060377713746,61.837243173590835,61.707140316583775
2014-09-24,30,47,29,43,60.539354280947165,55.76805462745529,61.098527755018644,61.33670189447321
2014-09-25,35,35,14,15,60.08622637765416,51.88538275817383,59.29074235286105,60.419143441117306
2014-09-26,12,34,12,34,59.82666193608546,50.18201297168109,58.29894853510179,59.89599208584766
2014-09-29,15,32,15,24,59.47017773771645,47.68848792675908,56.953891729803686,59.18518036137543
2014-09-30,23,31,18,25,59.12719089455509,45.527679552782025,55.700797936478054,58.50824609679374
2014-10-01,17,17,7,12,58.65826362197245,42.33456721442183,53.98704115465539,57.5872907285404
2014-10-02,14,17,8,12,58.19400229240059,39.445560813048324,52.340490521139486,56.684572100252474
2014-10-03,26,35,26,34,57.95326595118267,38.926935973710385,51.62125559874186,56.235372652722724
2014-10-06,43,43,28,31,57.68507425017588,38.17198969049987,50.81257890859512,55.735662303163856
2014-10-07,19,25,15.15,15.15,57.261839680522385,35.9794192437856,49.4140464023757,54.93198582191309
2014-10-08,20.2,40.4,15.15,39.39,57.08401042996992,36.30423645866316,49.02094654345901,54.62422372642966
2014-10-09,36.36,36.36,18.18,19.19,56.706955599820965,34.67430917688572,47.85110550253905,53.9225559298667
2014-10-10,21.21,21.21,10.1,10.1,56.243204797832696,32.33389877908708,46.370669992635555,53.05478254511686
2014-10-13,9.09,13.13,7.07,7.07,55.75391917795376,29.927813181078786,44.829467247826315,52.14419279174821
2014-10-14,8.08,11.11,6.06,6.06,55.25945232046168,27.65468811621414,43.30909598320567,51.231634518644285
2014-10-15,6.06,6.06,2.02,5.05,54.75985577995958,25.501860676574697,41.80873927798192,50.3171467063939
2014-10-16,4.04,12.12,4.04,9.09,54.30542935428834,23.938826326424728,40.5256514631591,49.50076756369303
2014-10-17,15.15,21.21,15.15,15.15,53.91582309205662,23.10179524771761,39.530527876368545,48.82055434461
2014-10-20,21.21,30.3,18.18,30.3,53.680839777707796,23.787338557458792,39.16854639102076,48.45381069422169
2014-10-21,40.4,67.67,40.4,67.67,53.82003540181021,27.96663964722462,40.28625045411799,48.83432929433611
2014-10-22,69.69,69.69,50.5,50.5,53.787000223682746,30.112673966536562,40.68678965199572,48.86731287266608
2014-10-23,63.63,74.74,62.62,67.67,53.92513952493963,33.68956216019975,41.74495476368216,49.23964331083111
2014-10-24,75.75,78.78,72.72,78.78,54.1724515694676,37.98388957351406,43.197309478831876,49.82460086903248
2014-10-27,72.72,82.82,72.72,81.81,54.44745205136344,42.15780485222701,44.711532636524744,50.45797510924966
2014-10-28,84.84,91.91,84.84,90.9,54.810163971250375,46.799918675824436,46.52284508215123,51.25880728530412
2014-10-29,90.9,90.9,85.85,87.87,55.13911756357624,50.71135499241259,48.144302137753144,51.98378139846642
2014-10-30,90.9,93.93,88.88,93.93,55.525096493291905,54.82741642170663,49.93981970097851,52.8143995885958
2014-10-31,94.94,94.94,93.93,94.94,55.917284587886016,58.64766247678219,51.704532653881316,53.64856989377212
2014-11-03,94.94,96.96,93.93,95.95,56.31562006462347,62.20026605042198,53.43964902039578,54.486221975083566
2014-11-04,93.93,93.93,87.87,91.91,56.66979299930383,65.02976452181036,54.948290235282215,55.22728688646805
2014-11-05,88.88,89.89,85.85,86.86,56.9701930689625,67.10883456735223,56.1997298338986,55.85367724515185
2014-11-06,88.88,89.89,87.87,89.89,57.29775333693303,69.27846937046155,57.520916899235914,56.527663834356765
2014-11-07,88.88,89.89,87.87,88.88,57.61200454751081,71.14528181136997,58.75068486397176,57.168304154468515
2014-11-10,87.87,89.89,87.87,89.89,57.93317863161518,72.93049306742998,59.97183447714934,57.816258527647356
2014-11-11,89.89,89.89,89.89,89.89,58.25115695368866,74.54568420386522,61.14509587020231,58.45138212115929
2014-11-12,88.88,89.89,87.87,89.89,58.56597131235842,76.00704761302092,62.27234701254732,59.07392900984921
2014-11-13,87.87,90.9,84.84,85.85,58.837454184872264,76.94447164987606,63.19696085519252,59.60414823737695
2014-11-14,86.86,88.88,81.81,87.87,59.12633523775911,77.98499815941167,64.16453101773399,60.16386807426057
2014-11-17,81.81,83.83,78.78,80.8,59.341993593602304,78.25309357280103,64.81690235037188,60.57250435001779
2014-11-18,78.78,86.86,78.78,83.83,59.585655348889844,78.78422751824856,65.56251402290631,61.033048818334265
2014-11-19,82.82,82.82,78.78,81.81,59.80679310661233,79.07239632603441,66.19967033573352,61.44447359420884
2014-11-20,72.72,81.81,72.72,79.79,60.005630986148525,79.14073953307874,66.73262444021455,61.80775134481856
2014-11-21,81.81,82.82,77.77,77.77,60.182390876833615,79.01019291088076,67.16546269746104,62.123835476604334
2014-11-24,76.76,83.83,76.76,83.83,60.417690470098954,79.46922215746355,67.81897396422727,62.55366051667158
2014-11-25,83.83,85.85,80.8,84.84,60.66069852512285,79.98072480913369,68.48646518131639,62.994974169806795
2014-11-26,80.8,84.84,79.79,82.82,60.88118908706192,80.25113197016857,69.04856458597065,63.387548938721515
2014-11-28,84.84,87.87,84.84,86.86,61.13968471803643,80.88054797300966,69.74705224926592,63.85234994983594
2014-12-01,78.78,81.81,74.74,78.78,61.3152102432301,80.68049578510397,70.10128549439274,64.14794698053225
2014-12-02,79.79,83.83,77.77,81.81,61.519138499516366,80.78806761509406,70.56045076912244,64.49769060468013
2014-12-03,79.79,83.83,73.73,79.79,61.7009381164366,80.69301355651368,70.92239387621568,64.80050861250825
2014-12-04,80.8,82.82,74.74,76.76,61.85077952821335,80.31844083684571,71.15131960656016,65.03733022414175
2014-12-05,78.78,80.8,75.75,77.77,62.009179731912724,80.07573218571754,71.41087570042055,65.28946229891122
2014-12-08,75.75,76.76,64.64,71.71,62.105705306719564,79.27899578707778,71.42260606510993,65.41660165932882
2014-12-09,58.58,67.67,51.51,66.66,62.15102167182683,78.07718666449894,71.2358371998115,65.44122340864904
2014-12-10,61.61,61.61,41.41,42.42,61.95469309797781,74.68126412502285,70.10580436844634,64.98535759857678
2014-12-11,54.54,64.64,45.45,48.48,61.82061654973923,72.18590563692544,69.25773360889943,64.65851883424853
2014-12-12,40.4,46.46,26.26,26.26,61.466779569144805,67.81200986198016,67.57154797717789,63.89815212465945
2014-12-15,37.37,38.38,17.17,25.25,61.10641360328267,63.758485113220146,65.91187942905326,63.132842181596885
2014-12-16,19.19,34.34,13.13,13.13,60.62903635349876,58.9367246262468,63.8420018043845,62.14268689087219
2014-12-17,16.16,32.32,10.1,28.28,60.30715539475748,56.01703656660425,62.44741349833021,61.472138635607394
2014-12-18,47.47,64.64,47.47,64.64,60.350268276401685,56.838271179308606,62.533397282709416,61.53486856361517
2014-12-19,59.59,67.67,59.59,61.61,60.362802920417586,57.29272154318398,62.49718562456395,61.53635631483071
2014-12-22,69.69,70.7,66.66,68.68,60.44556110031393,58.377224253356935,62.739648933404574,61.677814605626146
2014-12-23,74.74,75.75,70.7,71.71,60.55764506946504,59.64701241970389,63.091427406604396,61.876471742148404
2014-12-24,73.73,79.79,73.73,73.73,60.68871327772907,60.98824933211304,63.50862633183559,62.11119507398705
2014-12-26,79.79,83.83,78.78,80.8,60.88882558342331,62.875082729054654,64.18671941686165,62.481270419056614
2014-12-29,80.8,83.83,76.76,80.8,61.08694672189671,64.58221770723992,64.8382206162004,62.84401753947133
2014-12-30,76.76,76.76,65.65,65.65,61.13235023710172,64.68391125893136,64.8700551018396,62.89958154859071
2014-12-31,72.72,79.79,54.54,54.54,61.06675471235444,63.717824472366466,64.46495490176746,62.734045280301785
2015-01-02,68.68,68.68,30.3,48.48,60.941513371933,62.26660309404585,63.838093925227554,62.45178695791957
2015-01-05,35.35,35.35,16.16,16.16,60.495926174202324,57.87549803747005,61.968364751689215,61.5351179092479
2015-01-06,19.19,24.24,10.1,11.21,60.005518948588374,53.43116489104433,59.977840643779835,60.53858092094596
2015-01-07,18.69,30.84,18.69,30.84,59.71531477994571,51.27962537761154,58.83518022637671,59.9504902096401
2015-01-08,42.99,53.27,42.99,50.46,59.62322209556814,51.20156581783901,58.50674178612664,59.762559710439305
2015-01-09,53.27,53.27,34.57,42.99,59.457717398099796,50.41951193042577,57.89824210823932,59.43042981518308
2015-01-12,39.25,39.25,28.03,32.71,59.19157095632766,48.732891746575696,56.910467907916214,58.90131239310025
2015-01-13,51.4,54.2,22.42,28.03,58.881505573677636,46.761187770711345,55.77790053897832,58.2899992764052
2015-01-14,18.69,23.36,14.01,23.36,58.52805775702413,44.53250322111979,54.50661032176349,57.598316122416975
2015-01-15,21.49,26.16,12.14,12.14,58.06648504302389,41.44750291434648,52.8451746228708,56.69815144672555
2015-01-16,15.88,28.03,8.41,28.03,57.767614545083354,40.16964549393253,51.87203052001312,56.13046527946366
2015-01-20,26.16,33.64,22.42,31.77,57.50893181329148,39.36967925641515,51.08371559765966,55.64807982838517
2015-01-21,33.64,43.92,28.03,42.05,57.35511159624381,39.624947898661325,50.7294522408887,55.3788109208924
2015-01-22,42.05,64.48,38.31,63.55,57.4167522768782,41.90352428926501,51.23221881967738,55.54061664523116
2015-01-23,65.42,68.22,59.81,59.81,57.440565687058516,43.608902928382626,51.5686023953763,55.62515888988005
2015-01-26,56.07,71.02,56.07,67.28,57.53847050609276,45.86329312567952,52.18473563477331,55.85594782275371
2015-01-27,54.2,59.81,46.72,48.59,57.44943099856945,46.122979494662424,52.04376560988024,55.7120676678477
2015-01-28,54.2,57.94,33.64,33.64,57.21252123738965,44.93412430469458,51.32204931145356,55.274997020959624
2015-01-29,30.84,42.99,27.1,42.99,57.071003613137016,44.74896960900938,50.99530227963185,55.03172975321785
2015-01-30,41.12,41.12,29.9,29.9,56.80064536823018,43.33478202719896,50.16803552356786,54.53407173830265
2015-02-02,28.03,39.25,16.82,39.25,56.626012080984104,42.94575516746573,49.73987726774167,54.23141685239567
2015-02-03,48.59,57.94,42.99,57.94,56.63908658764098,44.37377848484994,50.06145070822239,54.30485414244724
2015-02-04,55.14,65.42,49.53,54.2,56.614817069356,45.30960910534043,50.22374675888033,54.30277782279482
2015-02-05,59.81,60.74,57,59.81,56.64660993433753,46.69059871435562,50.59967825853208,54.41183172729394
2015-02-06,56.07,66.35,50.46,52.33,56.60365859170731,47.22768455108366,50.66753401309945,54.37060733665445
2015-02-09,52.33,58.87,51.4,56.07,56.598348555968926,48.06980983193284,50.87939542435045,54.40425867652268
2015-02-10,57.94,72.89,57.94,71.96,56.75120080914336,50.345066038415425,51.706085799866116,54.75189711857173
2015-02-11,72.89,74.76,71.02,74.76,56.93039284089318,52.670297844280626,52.61016086653803,55.14809717562972
2015-02-12,75.7,78.5,75.7,78.5,57.14501579770021,55.13026947815866,53.625448675693406,55.61051109294399
2015-02-13,80.37,81.3,78.5,81.3,57.38536389921563,57.62262476595307,54.71072519821523,56.11921384357876
2015-02-17,81.3,85.04,80.37,82.24,57.63267371116374,59.96713669300516,55.79030460220679,56.636457133804925
2015-02-18,83.17,85.04,79.43,83.17,57.886776460306386,62.17693319843324,56.86401814721829,57.16187382422463
2015-02-19,82.24,86.91,82.24,83.17,58.138350823885425,64.17627289382055,57.895625278699924,57.67688622374493
2015-02-20,84.11,91.58,82.24,91.58,58.47110355200597,66.78615166583764,59.21658115012346,58.34823501139355
2015-02-23,90.65,90.65,85.98,89.71,58.78193834253327,68.96937531671024,60.41240149717744,58.96926006067288
2015-02-24,85.04,87.85,84.11,87.85,59.07117278688617,70.76753004845212,61.48838575219009,59.541155901055596
2015-02-25,85.98,87.85,85.04,85.98,59.33892231139477,72.2163367105043,62.44884121288852,60.06469736836143
2015-02-26,85.04,85.98,82.24,84.11,59.58540069635601,73.34906654759912,63.298298420226224,60.54084197492853
2015-02-27,81.3,83.17,80.37,81.3,59.80146636106889,74.10629830497064,64.00424750178598,60.951914411068564
2015-03-02,78.5,84.11,78.5,83.17,60.033989083844325,74.96950799021153,64.75584563897084,61.39187650193849
2015-03-03,77.57,77.57,69.15,73.83,60.17126282430358,74.86098341971518,65.11169482959943,61.63817597714763
2015-03-04,57,63.55,56.07,62.61,60.1955288658528,73.69422309402802,65.01358915000729,61.65742001720412
2015-03-05,65.42,69.15,63.55,68.22,60.275374349774665,73.1728685136444,65.13933075196779,61.787372096071365
2015-03-06,64.48,66.35,43.92,46.72,60.14049500301074,70.65354770282113,64.41700405581219,61.489008292188764
2015-03-09,50.46,52.33,45.79,50.46,60.04417166964745,68.73035268350483,63.86967056342739,61.27061208838305
2015-03-10,33.64,34.57,28.03,28.03,59.72562269781016,64.85412861840913,62.46419328643024,60.612382146038826
2015-03-11,26.16,28.03,22.42,22.42,59.3544224719613,60.812783035703504,60.89383276539376,59.85609735106776
2015-03-12,28.97,37.38,24.29,35.51,59.11716453691691,58.402994175160316,59.898388343221455,59.37399641342285
2015-03-13,37.38,37.38,20.56,25.23,58.77997882013167,55.24366139657362,58.538843702310814,58.697877672562996
2015-03-16,34.57,52.33,34.57,50.46,58.697192961224886,54.788074596899946,58.22202630222019,58.53475138201719
2015-03-17,37.38,44.85,34.57,41.12,58.522295518824635,53.486353206719,57.55135860409391,58.18990481999705
2015-03-18,36.44,58.87,33.64,57,58.50714829973185,53.820986234650526,57.52973669805102,58.16634234831394
2015-03-19,56.07,58.87,50.46,52.33,58.44568413754546,53.67898754563619,57.325825454990195,58.050771212703765
2015-03-20,60.74,72.89,60.74,70.09,58.56154797697287,55.24194111271846,57.826381319500385,58.289171782749236
2015-03-23,68.22,74.76,66.35,68.22,58.65765197720199,56.47794672103098,58.23397420893174,58.48582184645717
2015-03-24,58.87,70.09,54.2,54.2,58.61329723116018,56.260999414266124,58.07577914191481,58.400954087121384
2015-03-25,52.33,52.33,21.49,21.49,58.243911189059084,52.949475660526495,56.641042704976975,57.67004410519819
2015-03-26,18.69,21.49,11.21,16.82,57.831732968272426,49.50857321666683,55.07943318713474,56.86113234073882
2015-03-27,21.49,29.9,18.69,27.1,57.525944580528424,47.374423386508084,53.982200513129456,56.271802987456866
2015-03-30,38.31,47.66,37.38,44.85,57.39981577873212,47.134002111602555,53.624075002810656,56.04562867087356
2015-03-31,39.25,42.05,29.9,29.9,57.12618577098354,45.49266857716422,52.693719120347495,55.52789344966814
2015-04-01,19.62,24.29,18.69,23.36,56.790203823013556,43.38479537933905,51.54337719405936,54.890905460565804
2015-04-02,25.23,33.64,25.23,30.84,56.53199283969999,42.190052962259145,50.73148004919429,54.414649906891235
2015-04-06,35.51,49.53,35.51,43.92,56.40650037363332,42.35480982299637,50.46436318452,54.206835057249826
2015-04-07,44.85,53.27,42.05,42.05,56.26364962364692,42.32578031604434,50.134388157676085,53.96610565017557
2015-04-08,51.4,55.14,43.92,53.27,56.23386206520267,43.36808695261154,50.257353327963294,53.952321379875066
2015-04-09,54.2,62.61,44.85,62.61,56.29730622375787,45.20065009998187,50.74177084451375,54.1237605604716
2015-04-10,58.87,71.02,58.87,67.28,56.40658675884486,47.30344532855503,51.390328850611255,54.38428015333355
2015-04-13,71.96,73.83,57,57.94,56.42184460204043,48.31645053535931,51.64717869960689,54.454690447326946
2015-04-14,60.74,60.74,45.79,56.07,56.41834366072659,49.05488381770604,51.820622672171325,54.48667677510265
2015-04-15,64.48,65.42,54.2,57.94,56.43348451982384,49.9010853588769,52.0605982536548,54.55505941321943
2015-04-16,57.94,57.94,50.46,57,56.43912148977584,50.577172467555286,52.25430028292324,54.603474078304195
2015-04-17,41.12,41.12,29.9,38.31,56.25873222122086,49.408870327788115,51.707464977710565,54.28083102724867
2015-04-20,55.14,60.74,54.2,57,56.266108020014684,50.13183505847496,51.91501537074152,54.334675957402155
2015-04-21,66.35,69.15,63.55,64.48,56.347838288472246,51.49832695766782,52.40775986600656,54.53557346319617
2015-04-22,62.61,77.57,62.61,73.83,56.52179014629839,53.625152961699456,53.24784771439846,54.91764131541011
2015-04-23,65.42,80.37,65.42,78.5,56.74047880155911,55.994186012966175,54.23812819618676,55.384618715104956
2015-04-24,67.28,73.83,67.28,71.96,56.89191682343414,57.51473972601701,54.93310356104218,55.71284408708308
2015-04-27,71.96,77.57,57,57.94,56.90234551175818,57.55524070449158,55.05102106845229,55.75694618436856
2015-04-28,58.87,66.35,49.53,65.42,56.98709829273571,58.304265399301904,55.45764769321887,55.94829378467809
2015-04-29,58.87,58.87,47.66,53.27,56.950112240071675,57.82481155174934,55.37185758760244,55.895258264189415
2015-04-30,51.4,51.4,28.03,33.64,56.71817082474758,55.521496165868456,54.5196278782847,55.45456008074012
2015-05-01,44.85,55.14,43.92,53.27,56.683860667287405,55.30706795959527,54.47062286345001,55.41130146527992
2015-05-04,58.87,66.35,57.94,61.68,56.73357349646862,55.914013868205245,54.75334353547158,55.5354341095318
2015-05-05,56.07,56.07,33.64,35.51,56.522393660682866,53.9707744521857,53.998702612511906,55.1388908598381
2015-05-06,29.9,32.71,21.49,27.1,56.22963352475567,51.411653075787065,52.9438515296683,54.583665298257145
2015-05-07,31.77,38.31,27.1,35.51,56.02346801704666,49.897209925712104,52.26017107752445,54.2059689557174
2015-05-08,50.46,54.2,45.79,46.72,55.93089619598152,49.59461850421572,52.042909466641134,54.057731946693295
2015-05-11,48.59,51.4,43.92,45.79,55.82999175622051,49.2322738847666,51.797697330694426,53.89401448240234
2015-05-12,28.97,45.79,28.97,38.31,55.65566348003921,48.192057324312636,51.268768023608374,53.58542013621616
2015-05-13,45.79,45.79,37.38,38.31,55.483069813571156,47.250909007711435,50.7605810422904,53.28293656916237
2015-05-14,47.66,55.14,46.72,54.2,55.470302949754526,47.9127271974532,50.89546021710254,53.30109624106015
2015-05-15,57.94,59.81,51.4,57,55.48552381592612,48.778181750076705,51.13485393407891,53.37434186004906
2015-05-18,56.07,67.28,55.14,64.48,55.575021091389544,50.273593011974164,51.65819299548758,53.59425588262234
2015-05-19,65.42,67.28,57.94,60.74,55.62641391635084,51.27039367750044,52.014342289782185,53.73575576613477
2015-05-20,55.14,65.42,55.14,58.87,55.65868840474536,51.99416570821468,52.28319161175151,53.83742396878557
2015-05-21,59.81,69.15,58.87,65.42,55.75581588330511,53.272816593146615,52.79836056815341,54.06678190999774
2015-05-22,61.68,66.35,60.74,62.61,55.82401672028715,54.16207215570408,53.18313074195132,54.23595454544333
2015-05-26,46.72,47.66,44.85,46.72,55.73342948923951,53.45330337897036,52.92967463442381,54.087123762365245
2015-05-27,62.61,67.28,62.61,67.28,55.8483207381028,54.77013162859223,53.49243249189739,54.348368836377816
2015-05-28,66.35,68.22,63.55,66.35,55.9528150591167,55.87297623539297,53.99665082554847,54.5860248990238
2015-05-29,64.48,64.48,53.27,54.2,55.935374113254845,55.713645165355544,54.00462530297794,54.57838084161739
2015-06-01,53.27,67.28,46.72,59.81,55.97392760466524,56.10377419722644,54.23228705580234,54.68197726059526
2015-06-02,49.53,64.48,47.66,55.14,55.965629817554145,56.011986178442974,54.2678836418493,54.691047017811194
2015-06-03,57,65.42,57,59.81,56.00388225718047,56.37370178049603,54.485221538247366,54.79241242339909
2015-06-04,56.07,57.94,45.79,50.46,55.94871924964634,55.810492087115456,54.327369713218054,54.70662207838129
2015-06-05,35.51,46.72,35.51,43.92,55.82903050089364,54.678064269294936,53.91923756760166,54.49302560158166
2015-06-08,41.12,41.12,28.03,28.97,55.56177646605887,52.22967719602875,52.94083609436238,53.98761915402559
2015-06-09,18.69,33.64,17.75,29.9,55.3064354066951,50.103041272597444,52.037273894583464,53.51063659652013
2015-06-10,32.71,50.46,32.71,46.72,55.22099823846928,49.7808468656834,51.82875334969784,53.37616854510389
2015-06-11,48.59,55.14,43.92,45.79,55.12715745997705,49.400766211808794,51.59193949284695,53.225947385794896
2015-06-12,28.97,37.38,28.97,36.44,54.94121559470364,48.16640752496986,50.99774578724511,52.893552388056385
2015-06-15,20.56,26.16,18.69,24.29,54.63622837485585,45.89246395116321,49.95038320735314,52.32714541007507
2015-06-16,25.23,36.44,24.29,36.44,54.45517137610106,44.992229289147666,49.420564258045175,52.0125484712617
2015-06-17,38.31,48.59,34.57,42.99,54.34109006887618,44.80154078541932,49.1683852675336,51.833884145098104
2015-06-18,55.14,73.83,55.14,69.15,54.4884424064993,47.12044166299843,49.95197800214013,52.17677752836349
2015-06-19,65.42,72.89,59.81,62.61,54.56925392484259,48.59563769509382,50.448371021664045,52.38337599314837
2015-06-22,72.89,77.57,71.02,71.02,54.7329429405158,50.731291247942025,51.25510156983408,52.75241805268998
2015-06-23,70.09,71.96,64.48,67.28,54.85778927941614,52.30735874813802,51.88352895925235,53.040092942735726
2015-06-24,67.28,67.28,54.2,54.2,54.851244112456776,52.4876102959344,51.9743709608503,53.06306139931522
2015-06-25,55.14,57.94,47.66,47.66,54.779689444671135,52.02783788679779,51.80517994277774,52.95607008447729
2015-06-26,52.33,57,39.25,41.12,54.64377213676396,50.98899618329324,51.38615327835508,52.721692459042096
2015-06-29,33.64,33.64,19.62,19.62,54.295276891622024,48.00147273726531,50.14042177724312,52.066213400447204
2015-06-30,24.29,25.23,21.49,22.42,53.97810995737703,45.5651420003829,49.053346413429665,51.47915966974528
2015-07-01,30.84,30.84,25.23,28.97,53.72927304237825,43.984652286060715,48.2657642011383,51.03343373569092
2015-07-02,32.71,32.71,26.16,29.9,53.49216584792673,42.643256830245406,47.54553815403484,50.61494989934061
2015-07-06,28.97,36.44,26.16,29.24,53.25085076486278,41.36675617974584,46.827673912700135,50.1916835647002
2015-07-07,28.3,39.62,18.86,37.73,53.09641443884425,41.020398448341474,46.47090238671189,49.94491755351802
2015-07-08,30.18,30.18,16.98,16.98,52.73704713099505,38.73083669135657,45.314396410762406,49.2921469088939
2015-07-09,29.24,32.07,20.75,20.75,52.41876805506475,37.01837605408452,44.351086747595254,48.72695588099501
2015-07-10,33.96,42.45,33.01,39.62,52.29141712914371,37.266149763219325,44.16555393396407,48.546620120975305
2015-07-13,50.94,55.66,50,54.71,52.31548263034626,38.927468833388915,44.57906162282822,48.668667247292625
2015-07-14,55.66,61.32,55.66,58.49,52.37692061412391,40.79056703973283,45.12458861801143,48.8631490839799
2015-07-15,59.43,63.2,54.71,57,52.422921404033126,42.33432255975827,45.59029102514824,49.02427484469317
2015-07-16,66,70,66,66,52.55801671344573,44.58819660168605,46.390671769260074,49.36042781806558
2015-07-17,63,64,58,64,52.671867293411445,46.43693978247786,47.08123366066164,49.65032033651973
2015-07-20,61,61,58,60,52.744784036760585,47.728659803194255,47.58785194847883,49.855264488271814
2015-07-21,66,66,59,59,52.80702499161869,48.80212077431861,48.035387166185544,50.036348359791184
2015-07-22,61,61,56,58,52.85869638473691,49.67810927200255,48.42615629692337,50.194044431874524
2015-07-23,60,67,53,56,52.889953137127584,50.280194103240405,48.72316977547539,50.309013849065124
2015-07-24,59,60,44,48,52.84129688700691,50.06303276007465,48.69481017643714,50.26329080254898
2015-07-27,41,44,38.38,38.38,52.69740338564366,48.95036297340087,48.290307816576856,50.027978113389594
2015-07-28,35.35,50.5,30.3,50,52.67056355096064,49.05032840450555,48.35735456886796,50.027424091342276
2015-07-29,51.02,60.2,50,60.2,52.74548331662272,50.11220188979073,48.82177203675549,50.22886123804837
2015-07-30,52.04,62.24,51.02,62.24,52.83995611944239,51.267230281239236,49.34797705492194,50.4667055699682
2015-07-31,61.22,65.3,60.2,62.24,52.93348889437331,52.31225596874026,49.8535465821799,50.69984011313714
2015-08-03,60.2,61.22,53.06,58.16,52.985493980001436,52.869183971717376,50.17928985346696,50.847566051490865
2015-08-04,61.22,61.22,55.1,60.2,53.05728010955366,53.56735692679191,50.5722588788212,51.03276276334253
2015-08-05,68.36,68.36,64.28,64.28,53.16894896418496,54.58760864804982,51.10981735416155,51.2950842927813
2015-08-06,59.18,59.18,47.95,50,53.137417133695564,54.15069353871174,51.06629510497874,51.269439059260876
2015-08-07,43.87,48.97,36.73,46.93,53.075651789081675,53.46300843978681,50.90408745380311,51.18350957293888
2015-08-10,60.2,60.2,53.21,54.12,53.086043313568425,53.52557906456902,51.03020167130102,51.24165789822722
2015-08-11,47.7,49.54,37.61,41.28,52.96857024577172,52.35933343937197,50.64784082144608,51.044397345787075
2015-08-12,29.35,44.95,22.93,41.28,52.85226606422176,51.30415882609845,50.280474514722705,50.8510429429002
2015-08-13,39.44,45.87,36.69,36.69,52.691447496418554,49.912334175993834,49.74751472983162,50.57062625096158
2015-08-14,35.77,41.28,33.94,38.53,52.55053757108106,48.82830234970871,49.307612191406854,50.33219800836828
2015-08-17,32.11,50.45,32.11,49.54,52.52058197335886,48.896083078307875,49.31672543880266,50.31651091909366
2015-08-18,44.95,51.37,44.95,48.62,52.481770212429915,48.86978945180236,49.28940287257511,50.28291664346804
2015-08-19,38.53,46.78,27.52,36.69,52.324638170515186,47.70980950401166,48.795308642278044,50.01374997726075
2015-08-20,24.77,24.77,14.67,14.67,51.949965153893146,44.563160979820076,47.45706124454165,49.313873740087274
2015-08-21,7.33,10.09,1.83,1.83,51.45125903295889,40.49333612459912,45.66776472514786,48.373599012560796
2015-08-24,0.91,0.91,0.91,0.91,50.94836093312845,36.72349458892301,43.91255826533814,47.43372576478731
2015-08-25,0.91,0.91,0.91,0.91,50.45046679449035,33.31268558045415,42.226183431403314,46.51246386845489
2015-08-26,0.91,1.83,0.91,0.91,49.95752682638597,30.226715525172803,40.6059409438973,45.60944478195083
2015-08-27,10.09,11,3.66,11,49.56988974353636,28.39559976087063,39.444923651979764,44.92410924171418
2015-08-28,13.76,16.51,10.09,14.67,49.22262715902356,27.088399783644856,38.473358018568796,44.32501796960103
2015-08-31,12.84,17.43,8.25,13.76,48.86976519724223,25.81902837567868,37.50420672372296,43.71977008901487
2015-09-01,7.33,8.25,2.75,2.75,48.41086206095126,23.621978054185472,36.14129665612598,42.908487512994775
2015-09-02,6.42,12.84,4.58,12.84,48.05692313497165,22.595123001405902,35.22752031667006,42.31307191867805
2015-09-03,24.77,32.11,15.59,17.43,47.75217763114108,22.103206525081532,34.529578343467314,41.820337821278486
2015-09-04,14.67,14.67,8.25,9.17,47.3682753661546,20.871472570311862,33.53508507509605,41.173796478282874
2015-09-08,37.61,46.78,27.52,46.78,47.362421879924206,23.338951373139302,34.05449350352365,41.284810409405985
2015-09-09,52.29,52.29,28.44,31.19,47.20150225922844,24.08667028998318,33.942160424954096,41.08491317357616
2015-09-10,33.02,46.78,27.52,41.28,47.14258183873861,25.724130262365733,34.22991883966178,41.0887762790499
2015-09-11,39.44,53.21,30.27,53.21,47.20295415875116,28.341832142140426,34.974235747910335,41.328800511147925
2015-09-14,46.78,47.7,40.36,46.78,47.19874565965911,30.097848128603243,35.437206895051105,41.43674505548163
2015-09-15,51.37,69.72,51.37,69.72,47.42283774264758,33.871386402069604,36.78163015406871,41.99680950982853
2015-09-16,70.64,81.65,67.88,81.65,47.7634065213277,38.42173055425345,38.54117406959543,42.78202120270321
2015-09-17,80.73,85.32,76.14,81.65,48.100586555941355,42.538708596705504,40.23171626294463,43.55168414918434
2015-09-18,68.8,72.47,60.55,65.13,48.270033455882235,44.690260158924026,41.20811954675072,43.97897753236881
2015-09-21,71.55,74.31,56.88,60.55,48.39222217771425,46.200711572359836,41.96662466256442,44.307116591133784
2015-09-22,47.7,47.7,33.02,39.44,48.303145340125056,45.556834279754135,41.86754134246385,44.2107380447747
2015-09-23,39.44,43.11,34.86,36.69,48.18759165514869,44.7123738721585,41.664500505504485,44.06181253893758
2015-09-24,24.77,35.77,16.51,34.86,48.05497880285865,43.77405255100055,41.39765734842588,43.87959842925565
2015-09-25,41.28,44.95,25.68,31.19,47.88716806850184,42.575571355667165,40.99735706025232,43.62831925243871
2015-09-28,31.19,31.19,9.17,11,47.5201315703078,39.56837408369886,39.82099011671301,42.982213920707245
2015-09-29,6.42,13.76,4.58,7.33,47.120229763638065,36.49805274239421,38.5468336415478,42.27622948663384
2015-09-30,16.51,28.44,13.76,27.52,46.925202601810824,35.643000100261425,38.11440879285965,41.98402692254208
2015-10-01,24.77,27.52,20.18,26.6,46.722961779902256,34.781761995474625,37.66286335000241,41.67939272605609
2015-10-02,15.59,46.78,11.92,46.78,46.72352932438084,35.92445132923895,38.02039812059055,41.78039485029261
2015-10-05,56.88,66,56.88,64,46.89543450523277,38.59831310740667,39.039206037430134,42.220387031474935
2015-10-06,60,64,57,61.46,47.04035555493195,40.77561662098699,39.918452859491694,42.601369466495235
2015-10-07,64.22,70.64,61.46,68.8,47.25686943000726,43.444605514226325,41.05106255127633,43.12015422953493
2015-10-08,66.97,74.31,65.13,74.31,47.52605480881316,46.38416689382382,42.355334608089024,43.737774937860976
2015-10-09,73.39,77.98,72.47,77.98,47.82907913907372,49.39329385631679,43.752380309732594,44.41583880047759
2015-10-12,77.06,78.89,74.31,76.14,48.11077984415756,51.94059920333424,45.02248304268426,45.04404001234932
2015-10-13,75.22,77.98,66.97,67.88,48.307488502424654,53.45863737444526,45.91885625669664,45.49623723982755
2015-10-14,70.64,74.31,66.97,67.88,48.502239860609485,54.83210048164095,46.78007757996344,45.93948006676166
2015-10-15,68.8,78.89,68.8,78.89,48.80460563314073,57.123329007198954,48.03929022388644,46.591965609994105
2015-10-16,81.65,81.65,77.06,81.65,49.131425477587094,59.45920243508477,49.357357273930106,47.2861841127665
2015-10-19,84.4,86.23,82.56,84.4,49.482356567362345,61.83451648888622,50.7315785573054,48.02111116003845
2015-10-20,82.56,84.4,79.81,80.73,49.79327839256272,63.63408634708753,51.907987241332634,48.6688119291466
2015-10-21,81.65,81.65,73.39,73.39,50.028071642387964,64.56322098069825,52.75041911422155,49.15834040579716
2015-10-22,77.98,83.48,77.06,80.73,50.33356346684182,66.10291422063175,53.84765758033051,49.78352178390019
2015-10-23,81.65,86.23,81.65,86.23,50.69074193980857,68.01977953295253,55.117553361494025,50.50523422382296
2015-10-26,80.73,85.32,80.73,80.73,50.98964002995972,69.23027672029038,56.1219630335923,51.103744437212605
2015-10-27,81.65,82.56,75.22,77.98,51.25820082568152,70.06358369931034,56.97914095384358,51.63594751766384
2015-10-28,76.14,79.81,75.22,78.89,51.533144101047874,70.9041947755665,57.83839032820266,52.17563172523485
2015-10-29,77.98,77.98,72.47,75.22,51.76883420949516,71.31522384456017,58.52002208003785,52.631955849487625
2015-10-30,77.98,80.73,76.14,77.98,52.02964182930118,71.94996443079253,59.28315846905597,53.1338973178146
2015-11-02,80.73,85.32,80.73,84.4,52.35173494542753,73.13568210405039,60.26813264674005,53.75302806399649
2015-11-03,82.56,85.32,80.73,85.32,52.679777383781484,74.29609333223607,61.250558817456124,54.37811661718467
2015-11-04,80.73,80.73,74.31,75.22,52.90405820583341,74.38408444345168,61.798380040300984,54.79082717922062
2015-11-05,73.39,74.31,66.97,70.64,53.08053523861118,74.02750497264677,62.145110234798985,55.10467218557269
2015-11-06,71.55,71.55,63.3,71.55,53.264311007381224,73.79155211810898,62.513929441277455,55.43032224130392
2015-11-09,60.55,60.55,51.37,55.96,53.291133783427185,72.09330905924146,62.256912600443044,55.44081090979295
2015-11-10,51.37,58.71,51.37,55.96,53.317689666179156,70.5568034345518,62.009974851406064,55.45109188187626
2015-11-11,48.62,55.96,44.03,45.87,53.24358330134155,68.20567929792782,61.377034661154845,55.26136729015594
2015-11-12,40.36,48.62,38.53,38.53,53.09717948739785,65.37942412669659,60.481072517580145,54.93005308639047
2015-11-13,36.69,36.69,25.68,25.68,52.82437173130434,61.598526590820725,59.11632457571426,54.35084411438274
2015-11-16,26.6,35.77,24.77,35.77,52.654676490196834,59.138666915504466,58.20078243549017,53.98290660716724
2015-11-17,34.86,41.28,32.11,33.02,52.45930657487149,56.651174828313565,57.213300771353296,53.567799545639176
2015-11-18,31.19,55.96,31.19,55.96,52.49413934527078,56.585348654188465,57.1641517214963,53.615169851666124
2015-11-19,52.29,53.21,49.54,50.45,52.47379965029296,56.00102973474195,56.90085165398664,53.552493220940065
2015-11-20,58.71,63.3,54.12,60.55,52.55415985277761,56.434264998099856,57.043955510693046,53.69105771161452
2015-11-23,59.63,63.3,45.87,52.29,52.55153139653107,56.03957309351892,56.85752588282273,53.663313994552844
2015-11-24,47.7,52.29,32.11,48.62,52.5124116811427,55.33294708461236,56.5344856521238,53.563446390700314
2015-11-25,49.54,55.04,49.54,52.29,52.51019862958904,55.04314260036356,56.36803523439345,53.53822963048842
2015-11-27,55.04,61.46,52.29,57.79,52.56273396660806,55.3047480669956,56.423798558534884,53.622423103152016
2015-11-30,58.71,58.71,51.37,55.04,52.58738337987564,55.27953396537697,56.36953194839626,53.65049393279257
2015-12-01,66.05,67.88,58.71,66.97,52.73049399301121,56.39291168296012,56.78523657787091,53.914246528182815
2015-12-02,67.88,69.72,55.04,55.96,52.76262838114045,56.35168199886868,56.75287435913088,53.95475649792177
2015-12-03,58.71,59.63,33.02,41.28,52.64837337237289,54.91628371326214,56.1460949724983,53.7037712207352
2015-12-04,44.03,61.46,44.03,61.46,52.7360512492647,55.53949478818956,56.35448340494934,53.85735990943351
2015-12-07,56.88,62.38,53.21,61.46,52.82285670947102,56.1033524274096,56.55469974201015,54.00790723795958
2015-12-08,46.78,60.55,45.87,56.88,52.86322629445141,56.177318862894396,56.5674566148725,54.06478036196038
2015-12-09,52.29,61.46,33.94,39.44,52.729661853710596,54.58328849499969,55.89579164958338,53.775180750832455
2015-12-10,42.2,52.29,41.28,44.95,52.65225228302691,53.665832447856864,55.46654491822717,53.60042469636053
2015-12-11,33.02,33.02,20.18,20.18,52.329145295136094,50.47670554806097,54.08275884300258,52.938634108313785
2015-12-14,17.43,24.77,15.59,24.77,52.05492494394071,48.02844787681707,52.93323888837503,52.38083937349569
2015-12-15,40.36,44.03,34.86,36.11,51.89626897434926,46.89335760283449,52.27350403000738,52.058644534416565
2015-12-16,43.51,54.62,37.96,53.7,51.914216546743795,47.5416092597074,52.329445048438465,52.09114662284396
2015-12-17,50.92,56.48,38.88,38.88,51.78452284976127,46.71669409211622,51.802015830852646,51.829539759025266
2015-12-18,32.4,32.4,18.51,21.29,51.48109476170394,44.29510417858134,50.60546619042705,51.22479639746041
2015-12-21,25.92,29.62,24.07,28.7,51.25441720188599,42.80985616157359,49.74642830060638,50.77876082523347
2015-12-22,30.55,42.59,29.62,42.59,51.16820409539957,42.788917479518965,49.46578405352378,50.616607145525876
2015-12-23,44.44,51.85,44.44,51.85,51.174988134251315,43.65187771956478,49.559282718091474,50.64103076640655
2015-12-24,56.48,56.48,50.92,51.85,51.18170467022891,44.43265127008242,49.649114768362395,50.664970751230186
2015-12-28,51.85,56.48,40.74,56.48,51.234424026744044,45.58001781578885,49.91699262058348,50.78011984526523
2015-12-29,67.59,76.85,67.59,73.14,51.452389956826195,48.204778023808956,50.8276987923253,51.222889749319386
2015-12-30,71.29,71.29,64.81,64.81,51.58530149954434,49.786227735827154,51.37602432988117,51.49194143745167
2015-12-31,57.4,67.59,47.22,47.22,51.54186566372798,49.541825094319805,51.21304298361132,51.40734853770015
2016-01-04,17.59,21.29,10.18,21.29,51.24085207503417,46.85117508533697,50.03959031758734,50.810965398339754
2016-01-05,27.77,29.62,24.07,28.7,51.016564989710446,45.1224917438763,49.202743638466266,50.37312449936273
2016-01-06,17.59,22.22,12.96,17.59,50.68396235299691,42.50034967303094,47.96302820166367,49.72395371719713
2016-01-07,7.4,10.18,5.55,5.55,50.23486820023077,38.9812687517899,46.29977219375529,48.849221960420955
2016-01-08,7.4,8.33,4.62,4.62,49.780988914656334,35.70876696590515,44.66527132341194,47.97339578298688
2016-01-11,3.7,5.55,1.85,3.7,49.32247161202294,32.66031296915228,43.058790095042845,47.09669487639308
2016-01-12,11.11,12.96,2.77,11.11,48.942248013893355,30.607902210185397,41.805896365825475,46.384087057058565
2016-01-13,15.74,15.74,2.77,2.77,48.48282266052128,27.956673428262977,40.27507690049899,45.52044176879998
2016-01-14,2.77,8.33,0.92,5.55,48.05563039524246,25.82270453033317,38.913309178910794,44.7289478723881
2016-01-15,1.85,3.7,0.92,2.77,47.60502710772761,23.62720886077763,37.49592450522802,43.89807761748932
2016-01-19,5.55,7.4,4.62,5.55,47.186569126556186,21.90556992165595,36.24314315208182,43.13870974387567
2016-01-20,2.77,6.48,0.92,3,46.74690177206309,20.10503945292681,34.93949047945116,42.34388380835338
2016-01-21,3,10.37,3,8.49,46.36623608278883,18.998845219314735,33.90225555868837,41.67350987155431
2016-01-22,14.15,17.92,13.2,16.98,46.073835723756105,18.806574246046665,33.23863769364176,41.18452947805818
2016-01-25,17.92,19.81,13.2,13.2,45.74673288073365,18.27261479404222,32.45280876447934,40.63038037948277
2016-01-26,16.98,24.52,14.15,21.69,45.507362404308445,18.598080051752483,32.030737832538975,40.25532334226529
2016-01-27,27.35,29.24,17.92,18.86,45.24221451968846,18.623024808728438,31.51423830969431,39.831653573111524
2016-01-28,25.47,31.13,18.86,23.58,45.026670096606985,19.095117684087633,31.20309170931414,39.50983865087169
2016-01-29,35.84,48.11,35.84,48.11,45.05734999614323,21.85843980941262,31.866107720713586,39.68013887560691
2016-02-01,44.33,56.6,42.45,52.83,45.134689797176634,24.808112208516178,32.6882211434307,39.94053216519885
2016-02-02,43.39,47.16,34.9,36.79,45.05165805790124,25.949244379133685,32.84907521623734,39.87814538965036
2016-02-03,41.5,42.45,28.3,40.56,45.00696494289725,27.340744914454287,33.15146442344372,39.89164746114243
2016-02-04,35.84,50.94,34.9,35.84,44.91575136137588,28.150197779744357,33.25689719115181,39.81141681834753
2016-02-05,34.9,34.9,17.92,18.86,44.6564901538,27.265417038816324,32.692312987577225,39.39653727739015
2016-02-08,10.37,13.2,6.6,13.2,44.34349025177214,25.925853511310006,31.927908556691843,38.877793964966585
2016-02-09,12.26,16.98,6.6,12.26,44.024251542799284,24.624343653090005,31.15661802505687,38.35070893595734
2016-02-10,17.92,24.52,16.03,16.03,43.745701776204264,23.8058347337481,30.563417318191892,37.90871469960175
2016-02-11,6.6,16.98,6.6,14.15,43.45121718141616,22.886231425772092,29.91975389394907,37.438245101589835
2016-02-12,16.98,26.41,15.09,24.52,43.262846861203066,23.041828432841417,29.7079988392844,37.18243826789499
2016-02-16,38.67,44.33,33.01,41.5,43.24530609641498,24.799749534475566,30.17043025735168,37.26793453981786
2016-02-17,53.77,75.47,53.77,74.52,43.55649708053025,29.53501148357313,31.909629070788867,38.00559920239572
2016-02-18,67.92,67.92,56.6,57.54,43.69563641306229,32.202153247042354,32.914741656248125,38.39241902017007
2016-02-19,51.88,65.09,50.94,62.26,43.88035644875321,35.064805318752605,34.06553610110114,38.86504438610729
2016-02-22,74.52,83.01,74.52,80.18,44.241546931850195,39.36149052649045,35.87394645007756,39.68316231905566
2016-02-23,79.24,80.18,66.03,67.92,44.47715343004074,42.081348571586595,37.13065443242746,40.24230761966842
2016-02-24,53.77,77.35,46.22,77.35,44.804246430736846,45.44026775524502,38.70788367037149,40.97711340937796
2016-02-25,74.52,88.67,73.58,88.67,45.24072159063001,49.55738511188835,40.66718234996476,41.92152700523186
2016-02-26,90.56,92.45,84.9,88.67,45.67285371410633,53.28239605361327,42.549645787221046,42.84723934176192
2016-02-29,86.79,90.56,79.24,79.24,46.00685516968736,55.754548810412004,43.98848320733003,43.567888067667624
2016-03-01,83.96,97.16,83.96,97.16,46.515841685411864,59.69792511418229,46.0736407286112,44.62911800692173
2016-03-02,97.16,97.16,91.5,96.22,47.0104104248605,63.17621796045064,48.04016462160684,45.650719630547044
2016-03-03,93.39,93.39,90.56,92.45,47.46254564451363,65.96419720231249,49.781726793308536,46.577438053704526
2016-03-04,89.62,95.28,88.67,90.56,47.891376036110515,68.30665461161607,51.380874762198395,47.448379874423246
2016-03-07,90.56,94.33,86.79,90.56,48.31593945863678,70.4260208390812,52.91731104603375,48.30207532245447
2016-03-08,85.84,90.56,79.24,79.24,48.623641553575716,71.26544742583538,53.949573357953994,48.91470749428706
2016-03-09,75.47,80.18,72.64,80.18,48.93763516995805,72.11445243289867,54.978217539995015,49.53382219737048
2016-03-10,82.07,83.01,62.26,76.41,49.21099203393857,72.52355220119404,55.81867959725011,50.06602373801661
2016-03-11,80.18,86.79,80.18,86.79,49.584912511212806,73.88226151536604,57.03324118167168,50.793231188748955
2016-03-14,84.9,85.84,83.01,85.84,49.94565965040472,75.02109375199784,58.16291799807671,51.48722661075393
2016-03-15,80.18,81.13,73.58,77.35,50.218339653883284,75.24289434704566,58.91535258638743,51.999360737273655
2016-03-16,75.47,81.13,74.52,81.13,50.525918363794894,75.80357107589846,59.78651523005851,52.57620507910982
2016-03-17,76.41,78.3,73.58,75.47,50.77411818107057,75.77180240200337,60.40155384848759,53.02954755279081
2016-03-18,74.52,83.01,74.52,81.13,51.0761667563833,76.2821069351459,61.21443408972337,53.585992155705846
2016-03-21,80.18,83.96,78.3,82.07,51.38456310706606,76.83333484608438,62.03229941953814,54.1500319149988
2016-03-22,78.3,85.84,74.52,83.01,51.69924407117485,77.42158867026683,62.85495434426213,54.72151643153347
2016-03-23,80.18,80.18,66.03,67.92,51.86064462768058,76.51667546357476,63.05358358566362,54.982872541800134
2016-03-24,52.83,61.32,50,58.49,51.92660836272853,74.79984922894859,62.87461952348073,55.05232061027934
2016-03-28,58.49,70.75,58.49,64.15,52.04823415016406,73.78557787381062,62.92463444412854,55.23247267740252
2016-03-29,58.49,76.41,57.54,74.52,52.271833810361436,73.85552283820961,63.37935466200585,55.614403911513364
2016-03-30,81.13,81.13,72.64,75.47,52.50266133463644,74.00928256790394,63.853497616437,56.00758403207745
2016-03-31,76.41,83.01,76.41,79.24,52.76870450543608,74.50744613286547,64.4568898667728,56.46763187302641
2016-04-01,69.81,84.9,69.81,84.9,53.08841888846656,75.49721316783067,65.2585804602327,57.03064906365955
2016-04-04,83.96,86.79,75.47,78.3,53.33928039206391,75.76414524708488,65.77000867747847,57.4518243297257
2016-04-05,69.81,71.69,64.15,65.09,53.456202975227455,74.74755998545776,65.74334167051853,57.60307533309747
2016-04-06,60.37,77.35,60.37,75.23,53.67285767199136,74.7935066535094,66.11536748736094,57.95212334630346
2016-04-07,65.71,65.71,49.52,53.33,53.66944615286707,72.74936316269898,65.61398052707227,57.86059615132715
2016-04-08,57.14,58.09,49.52,53.33,53.6660685792067,70.8999000043467,65.13225580052041,57.770881376053346
2016-04-11,59.04,65.71,48.57,48.57,53.61536142916484,68.77324286107559,64.48275557304902,57.58868570524041
2016-04-12,49.52,58.09,40.95,54.28,53.62197474827763,67.39293401716363,64.08264751136082,57.52316717642377
2016-04-13,64.76,73.33,62.85,71.42,53.79906952690173,67.7764641107671,64.37038682464079,57.79835198481142
2016-04-14,65.71,68.57,63.8,65.71,53.917586248027085,67.57965800497975,64.42292067465488,57.955018282141886
2016-04-15,64.76,66.66,60.95,65.71,54.03492369829547,67.40159533783881,64.47339437368802,58.10858227655492
2016-04-18,56.19,73.33,56.19,73.33,54.22691450726766,67.96620530566369,64.82071224138653,58.40999648890037
2016-04-19,73.33,76.19,61.11,66.66,54.35062680072768,67.84180480036238,64.89284117309687,58.573362895060754
2016-04-20,62.96,74.07,62.03,65.74,54.46395389723786,67.64163291461358,64.92606308787738,58.715276501099154
2016-04-21,63.88,65.74,58.33,59.25,54.51157624651907,66.84242977988848,64.70347237854885,58.7258650852358
2016-04-22,55.55,56.48,46.29,52.77,54.49424712963828,65.50219837228005,64.23549306958616,58.607927162755885
2016-04-25,50,50,43.51,46.29,54.41261282984089,63.67246519396766,63.531748243327876,58.364007812998345
2016-04-26,52.77,60.18,51.85,60.18,54.4699997668574,63.339849461208836,63.40030713574639,58.39996805432511
2016-04-27,61.11,63.88,49.07,61.11,54.536069420918516,63.12748284585561,63.31049116963869,58.453632053249365
2016-04-28,53.7,63.88,37.96,41.66,54.40794932717803,61.08296067005984,62.46145230024109,58.12108488387809
2016-04-29,32.4,32.4,24.07,30.55,54.170556796559346,58.17505965386366,61.210022798270856,57.57512280696962
2016-05-02,32.4,36.11,29.62,34.25,53.972342301071194,55.896482543971885,60.152767002260234,57.11323918702963
2016-05-03,29.62,32.4,23.14,25,53.68406028812521,52.953960396926945,58.774227119818654,56.477333460553794
2016-05-04,22.22,25,16.66,17.59,53.324915409636404,49.58596416864819,57.159159389629686,55.707287253414115
2016-05-05,20.37,24.07,18.51,18.51,52.9784983408838,46.62634853353884,55.64350608023244,54.97070730780195
2016-05-06,21.29,26.85,16.66,26.85,52.71851328276556,44.7428867684399,54.51434897904686,54.41386161853855
2016-05-09,35.18,37.03,27.77,31.48,52.50718479238978,43.47975469525515,53.61104117594698,53.95972574490412
2016-05-10,30.55,45.37,30.55,44.44,52.42691429694312,43.571206629040375,53.25139250238043,53.77121632421295
2016-05-11,36.11,40.74,28.7,28.7,52.19082559747105,42.154901235798434,52.28859279640473,53.27475659502061
2016-05-12,32.4,32.4,18.51,25,51.92027011888925,40.521101118103346,51.21845190242807,52.714860424822184
2016-05-13,26.85,28.7,22.22,22.22,51.62474504307941,38.778139106855406,50.08125771017599,52.11100180254848
2016-05-16,27.77,42.59,25,35.18,51.46111573916817,38.4354591919168,49.496894662718105,51.775734440121774
2016-05-17,31.48,37.96,21.29,24.07,51.188567323853064,37.06732022125806,48.499761538689945,51.22710603536689
2016-05-18,25,36.11,24.07,29.62,50.97395471366547,36.35805162875729,47.759378733251125,50.79924254951804
2016-05-19,30.55,30.55,16.66,22.22,50.687845711539445,35.011570521256594,46.75783446920206,50.23331695447808
2016-05-20,39.81,51.85,39.81,45.37,50.63493182386244,35.99808761447025,46.70340958805688,50.13701364844881
2016-05-23,50.92,51.85,43.51,44.44,50.57329071118719,36.80207927023499,46.614648427740924,50.02420149699437
2016-05-24,58.33,67.59,58.33,67.59,50.74261120162314,39.73426219687928,47.43721123449618,50.372039091113294
2016-05-25,72.22,75.92,72.22,75.92,50.993132483199034,43.18052294003363,48.55418334294731,50.87793930713085
2016-05-26,78.7,78.7,75,75.92,51.24116101570451,46.29856837431615,49.62735262361605,51.37382169708866
2016-05-27,77.77,84.25,77.77,84.25,51.56960717475223,49.91299043390509,50.9851035011213,52.02483512882948
2016-05-31,84.25,86.11,79.62,84.25,51.8947852128144,53.18318182115222,52.28960924617537,52.66295720548632
2016-06-01,82.4,88.88,82.4,86.11,52.235235111194356,56.31906926675677,53.61589907965869,53.3252748845856
2016-06-02,84.25,91.66,82.4,91.66,52.62752132899342,59.68487219373232,55.10782460594658,54.08437835221757
2016-06-03,86.11,86.11,82.4,84.25,52.94217285805816,62.02440817528162,56.25065501355652,54.68171739474791
2016-06-06,85.18,87.96,84.25,87.96,53.290608949022754,64.49446453954052,57.49415873851508,55.34069328792122
2016-06-07,87.03,87.96,80.55,80.55,53.561846670923025,66.02356315482237,58.398309376220375,55.83988748023961
2016-06-08,81.48,86.11,78.7,83.33,53.85804720156061,67.67179523531547,59.376022734015656,56.384246143997245
2016-06-09,81.48,81.48,75,79.62,54.11438504035105,68.80971949861876,60.16990419542681,56.84436008173987
2016-06-10,59.25,59.25,45.37,47.22,54.0457841941784,66.75355573684554,59.662064815213995,56.653778693982645
2016-06-13,49.07,56.48,38.88,38.88,53.8948808688632,64.09893138095549,58.84708188128403,56.30182268024041
2016-06-14,44.44,44.44,35.18,41.66,53.77314076071531,61.96189029705497,58.17307867025329,56.011885597463376
2016-06-15,46.29,47.22,34.25,36.11,53.59738811633008,59.49980550685926,57.30785989887081,55.61778885295915
2016-06-16,23.14,38.88,16.66,37.96,53.441792214675054,57.44839545858695,56.54912029499352,55.26812966775204
2016-06-17,30.55,30.55,22.22,25.92,53.16794353592207,54.44569112919772,55.347978322640834,54.6869785852223
2016-06-20,48.14,54.62,37.96,38.88,53.02577494352484,52.96324435498841,54.702175251164725,54.373969108287206
2016-06-21,41.66,41.66,34.25,37.96,52.87586673513155,51.534363940227614,54.045619358962185,54.04894001703399
2016-06-22,40.74,50.92,36.11,36.11,52.709042190503375,50.065376898301174,53.3422617370421,53.69371348204322
2016-06-23,55.55,62.96,49.07,62.96,52.81104177069737,51.29343624132011,53.719427943432606,53.87720430418098
2016-06-24,19.44,25,12.03,12.96,52.41451399188446,47.64263278976581,52.12101900447446,53.06696263479125
2016-06-27,5.55,6.48,1.85,4.62,51.93894668848262,43.545239190740496,50.25823394547546,52.10761684004291
2016-06-28,9.25,12.96,7.4,12.03,51.54184274133354,40.5437878392414,48.75908751624113,51.314000664992555
2016-06-29,19.44,33.33,19.44,27.77,51.30530699266355,39.32723661645651,47.93598604501599,50.847782830042206
2016-06-30,33.33,48.14,28.7,47.22,51.26465717184103,40.07892836727017,47.90790816089771,50.775945546279
2016-07-01,55.55,63.88,54.62,57.4,51.325705359185896,41.72855423705396,48.280147056548785,50.907114941402185
2016-07-05,49.07,49.07,40.74,46.66,51.27928043023877,42.19821573828692,48.21661187786059,50.823013655433826
2016-07-06,40,58.09,40,57.14,51.337596047848336,43.62124281083102,48.5665486669641,50.948102493940084
2016-07-07,64.76,71.42,60,67.61,51.499510515033926,45.90588635265664,49.313350680024335,51.27804105841652
2016-07-08,82.85,89.52,80.95,88.57,51.86837110692414,49.96913527145124,50.85282712394495,52.01649569092312
2016-07-11,92.38,94.28,91.42,92.38,52.27147189192986,54.00826524559874,52.48134370731965,52.81577300397415
2016-07-12,95.23,95.23,92.38,93.33,52.68001446016937,57.75319236506553,54.083251797228684,53.618034924687535
2016-07-13,94.28,98.09,93.33,94.28,53.093944664545795,61.231935949345,55.65959486400403,54.423222351921446
2016-07-14,98.09,98.09,97.14,98.09,53.541666608182155,64.7422277636931,57.3235323203176,55.28791101822003
2016-07-15,95.23,96.19,92.38,93.33,53.937570423026116,67.46487273857946,58.7355506606973,56.041219710928544
2016-07-18,92.38,95.23,92.38,95.23,54.348440369065656,70.10917057300047,60.16670553674839,56.817235162197285
2016-07-19,93.33,93.33,89.52,91.42,54.71731160917446,72.13877337557186,61.39232492746414,57.50243842631219
2016-07-20,85.71,93.33,85.71,93.33,55.101517463809536,74.15698543504121,62.64478277344594,58.21189509113769
2016-07-21,90.47,90.47,84.76,87.61,55.42498495173183,75.43822491741824,63.62381089997747,58.79403578240229
2016-07-22,90.47,92.38,88.57,91.42,55.783144305445944,76.96029873480698,64.7138575313509,59.44009447978046
2016-07-25,91.42,91.42,88.57,90.47,56.128287148177826,78.24693695053965,65.72390233404302,60.05454805443828
2016-07-26,87.61,90.47,81.9,84.76,56.413179813370085,78.86722866953588,66.47041596800211,60.54376492464742
2016-07-27,82.85,82.85,74.28,76.19,56.609964093834066,78.61225451053247,66.85157612611968,60.85359136178312
2016-07-28,72.38,78.09,69.52,75.23,56.79523808295014,78.2901350333389,67.18014176823263,61.138272720955726
2016-07-29,72.38,74.28,69.52,72.38,56.95031034083124,77.72726503016376,67.38405777732154,61.3608811819269
2016-08-01,72.38,77.14,72.38,73.33,57.11329232748963,77.30847788443388,67.61723198213247,61.59789343575013
2016-08-02,62.85,64.76,44.76,55.23,57.09455310035043,75.205765704964,67.13145817891159,61.47179653603231
2016-08-03,50.47,60,49.52,60,57.12346301974993,73.75759754258647,66.8517931522876,61.44265205017028
2016-08-04,60.95,60.95,54.28,57.14,57.12362756681709,72.17496920519729,66.47093851886456,61.35745101947384
2016-08-05,64.76,68.57,64.76,65.71,57.2090641084408,71.55925785232135,66.44109779263458,61.44364010819713
2016-08-08,61.9,61.9,61.9,61.9,57.25574008746129,70.63932853305265,66.26301552625675,61.45267693773778
2016-08-09,61.9,68.57,58.09,60.95,57.29249889256118,69.71653533942859,66.05466197620747,61.44272293897069
2016-08-10,60.95,61.9,55.23,59.04,57.30988696328196,68.6997224499592,65.77957719282678,61.39514426691186
2016-08-11,67.61,70.47,65.71,67.61,57.41237565021448,68.59593935948689,65.8513584793826,61.51821071707202
2016-08-12,66.66,68.57,61.9,68.57,57.52339678802329,68.59346894429767,65.95797187234798,61.65785010881317
2016-08-15,72.38,78.09,72.38,73.33,57.68067642197331,69.04456714007884,66.24707101460885,61.88898178982677
2016-08-16,65.71,70.47,64.76,64.76,57.75111745260044,68.636513126738,66.18875450423204,61.945833635572775
2016-08-17,61.9,62.85,53.33,61.9,57.7923998660074,67.99494044800105,66.02056805308568,61.94492603882876
2016-08-18,60.95,69.52,59.04,64.76,57.86172922057449,67.68685088152476,65.97113401178821,62.000670077663834
2016-08-19,60,62.85,56.19,56.19,57.845095098976735,66.59191270233192,65.58756012897298,61.88560730384871
2016-08-22,54.28,65.71,54.28,60,57.86653693878791,65.96411149258603,65.36844012391522,61.84826854535665
2016-08-23,72.38,74.28,67.61,67.61,57.963486819994,66.1208627790064,65.4563444327813,61.962362237527806
2016-08-24,67.61,68.57,47.61,50.47,57.88892476208361,64.63030441910102,64.8686446511036,61.73479070807181
2016-08-25,51.42,54.28,45.71,47.61,57.78664690375442,63.00932304585331,64.19183505694267,61.4550918821694
2016-08-26,52.38,58.09,43.8,49.52,57.70439171068224,61.7246256129149,63.61646897627825,61.21875342905713
2016-08-29,52.38,54.28,50.47,51.42,57.64186044987943,60.74323269739919,63.13817607524773,61.024718707689665
2016-08-30,55.23,55.23,43.8,47.61,57.542040942915456,59.49244863098022,62.52922799386546,60.759080713477985
2016-08-31,45.71,47.61,35.23,43.8,57.4053042171153,57.99792971374401,61.794748464694266,60.423257333013076
2016-09-01,48.57,49.52,37.14,47.61,57.307838503512166,57.00860307433982,61.23848381901998,60.16952946503262
2016-09-02,59.04,61.9,51.42,56.19,57.29671573233294,56.93064087678364,61.040504061411355,60.090726901368605
2016-09-06,54.28,54.28,47.61,52.38,57.24779318773261,56.49724650756615,60.70087645115993,59.938039239955366
2016-09-07,53.33,56.19,51.42,55.23,57.22771564357607,56.37655636398842,60.486332276604635,59.844810740154266
2016-09-08,48.57,48.57,41.9,43.8,57.09410653269472,55.17878909122762,59.83196630497308,59.527091715596754
2016-09-09,33.33,34.28,17.14,17.14,56.696553233861934,51.556047273015466,58.15777154791531,58.68774336479286
2016-09-12,18.09,39.04,18.09,39.04,56.52086613700759,50.36404277082352,57.408055016624516,58.298679139747456
2016-09-13,31.42,31.42,19.04,22.85,56.18583264310701,47.7436577450308,56.05283717283532,57.59672509737622
2016-09-14,20.95,27.61,18.09,20.95,55.835227343175596,45.19188081693263,54.676255322920206,56.871047372675704
2016-09-15,19.04,48.57,19.04,43.8,55.71547383727335,45.059320739129525,54.2497355063351,56.6122147514346
2016-09-16,34.28,42.85,31.42,40,55.55910096327063,44.577480668736236,53.69092234922392,56.28326000388144
2016-09-19,40.95,50.47,35.23,39.04,55.39473179945699,44.05010155742802,53.11637637474455,55.94180931073527
2016-09-20,42.85,44.76,39.04,42.85,55.269908597472345,43.935806171006305,52.71377337965652,55.682565562007845
2016-09-21,45.71,52.38,39.04,52.38,55.24115328804476,44.740015107100945,52.70068422751313,55.617168224146305
2016-09-22,60.95,66.66,58.09,64.76,55.33586818070103,46.64668033499609,53.173598571532224,55.798214397925584
2016-09-23,62.85,65.71,53.33,53.33,55.31590929333087,47.28318696975837,53.1797319608839,55.749338865293396
2016-09-26,48.57,48.57,41.9,42.85,55.19187039488977,46.86097868692424,52.7746444330061,55.49390641251531
2016-09-27,48.57,64.76,48.57,64.76,55.28707566459236,48.56564738340765,53.24465837680979,55.67739341424768
2016-09-28,64.76,67.61,56.19,65.71,55.39078635449691,50.19844287070216,53.7334953032094,55.876058891193274
2016-09-29,65.71,65.71,46.66,49.52,55.33237056987505,50.13382926396862,53.56826019327962,55.750196338892415
2016-09-30,58.09,72.38,56.19,67.61,55.45453603684147,51.79822647692399,54.11891665628826,55.98504393614207
2016-10-03,57.14,61.9,56.19,60.95,55.50921727030573,52.66982395531218,54.38680227761029,56.08335989780262
2016-10-04,66.66,70.47,54.28,60,55.55390167557632,53.367935959568165,54.60692767848832,56.160917127549105
2016-10-05,64.76,67.61,61.9,61.9,55.61704693253576,54.18051348722834,54.89293051462603,56.27456233294417
2016-10-06,58.09,64.76,54.28,61.9,55.67956387848068,54.91570267892088,55.16771755326815,56.385957138232406
2016-10-07,55.23,56.19,44.76,51.42,55.63718015829679,54.58277861426175,55.02074823745371,56.287621353316915
2016-10-10,62.85,65.71,58.09,59.04,55.67103906219434,55.00727588909396,55.178365953631996,56.34212390077599
2016-10-11,44.76,44.76,27.61,32.38,55.43928742973469,52.85229723298978,54.2843123868229,55.867626397790325
2016-10-12,28.57,33.33,27.61,29.52,55.181384072224894,50.63017368699075,53.313162881457295,55.34589122159646
2016-10-13,17.14,23.8,12.38,23.8,54.86913149439181,48.07491905013449,52.15578394492956,54.72122010829752
2016-10-14,31.42,39.04,22.85,23.8,54.55998590738294,45.76302199774073,51.04379241767742,54.1089187200144
2016-10-17,20,24.76,17.14,18.09,54.19710047546868,43.12749609319399,49.751486832670466,53.39567280476659
2016-10-18,35.23,44.76,31.42,36.19,54.01792534635954,42.46678217955647,49.219663819624564,53.054966412593
2016-10-19,31.42,41.9,31.42,40.95,53.887896238435566,42.322326733884424,48.895363277678506,52.81526410739313
2016-10-20,33.33,43.8,26.66,39.04,53.74015597735661,42.009724187800195,48.50887844325974,52.54248660031604
2016-10-21,32.38,43.8,31.42,43.8,53.64124895270629,42.18022664610494,48.32421654352407,52.369368053775126
2016-10-24,53.33,58.09,51.42,57.14,53.676062395962944,43.604966965523516,48.669933541817244,52.46383601310631
2016-10-25,58.09,58.09,50.47,54.28,53.682071725356344,44.6216367783308,48.88993614802049,52.499799656411135
2016-10-26,42.85,57.14,40.95,42.85,53.574289917143844,44.45290946610882,48.65307590692164,52.30871451470002
2016-10-27,47.61,48.57,35.23,38.09,53.42021738065485,43.84691808838417,48.23883763606197,52.02715581143863
2016-10-28,42.85,51.42,40,42.85,53.315041088310025,43.75197350853806,48.0275106699419,51.84542995378638
2016-10-31,47.61,47.61,40,40.95,53.19200585360047,43.48511888867729,47.74996123190496,51.62967886559259
2016-11-01,42.85,42.85,24.76,36.19,53.02283166600245,42.79034566118422,47.29662941888908,51.323942650432336
2016-11-02,39.04,40.95,28.57,28.57,52.77951990813178,41.43602702678572,46.56225179461892,50.8733695286416
2016-11-03,34.28,34.28,25.71,27.61,52.52907692397127,40.119262548044226,45.81902623404563,50.41270874589622
2016-11-04,24.76,35.23,22.85,23.8,52.243215462041206,38.56504706727811,44.9555350091811,49.885724414294316
2016-11-07,46.66,55.23,46.66,55.23,52.272934711175125,40.15218544182305,45.358455204899485,49.99155165361522
2016-11-08,50.47,65.71,47.61,62.85,52.3781791419097,42.31388206641133,46.044398138040684,50.24617439314759
2016-11-09,44.76,65.71,43.8,64.76,52.501381339502636,44.451607583895964,46.77834330909791,50.53357688041199
2016-11-10,68.57,68.57,46.66,51.42,52.49062132617425,45.115264004477304,46.96036906168231,50.55112981347314
2016-11-11,53.33,57.14,50.47,57.14,52.53688380054067,46.260476956431845,47.35957027494967,50.68160249043407
2016-11-14,57.14,59.04,54.28,54.28,52.554228240336286,47.02424105581929,47.63095967593203,50.752857886663094
2016-11-15,57.14,60,57.14,60,52.62831552152697,48.26002762193174,48.11602008079744,50.93596961167967
2016-11-16,61.9,62.85,60,61.9,52.72057108847695,49.55907261031919,48.65656831292303,51.153079124319675
2016-11-17,66.66,68.57,65.71,68.57,52.87827684879061,51.36963712362213,49.437487202612324,51.497968646610374
2016-11-18,67.61,68.57,63.8,66.66,53.01540842243449,52.82586215946764,50.11287986133341,51.79820689123195
2016-11-21,66.66,71.42,63.8,70.47,53.18908595056947,54.50625623951834,50.911198298143866,52.1679453686333
2016-11-22,71.42,72.38,65.71,70.47,53.361035344096145,56.026612788135644,51.6782101295892,52.530362292026695
2016-11-23,65.71,71.42,65.71,71.42,53.54072653470215,57.49264966545606,52.45239796764453,52.90441452386775
2016-11-25,71.42,77.14,71.42,77.14,53.7755451761479,59.363825887793574,53.42053922381533,53.38432710755354
2016-11-28,76.19,78.09,71.42,71.42,53.951111890813095,60.51203294609895,54.12640043072454,53.74146914502773
2016-11-29,72.38,80,71.42,75.23,54.16284212075525,61.91374409408952,54.95399257069612,54.16698460750243
2016-11-30,73.33,73.33,59.04,59.04,54.21137105487709,61.64005418036671,55.11422815615902,54.26347996180931
2016-12-01,52.38,53.33,38.09,39.04,54.06041213890816,59.487668067950835,54.483866267682195,53.96202491306061
2016-12-02,41.9,41.9,34.28,35.23,53.8730448539439,57.17741396624123,53.728812688557404,53.59109372666337
2016-12-05,42.85,47.61,41.9,45.71,53.791820527038986,56.08527930278969,53.41434944586888,53.43503246474924
2016-12-06,41.9,46.66,39.04,43.8,53.69239942726745,54.915252702524,53.03731613426618,53.244239742675
2016-12-07,42.85,66.66,39.04,65.71,53.81197754241902,55.94332387371219,53.53428412900084,53.49108648044381
2016-12-08,69.52,73.33,64.76,67.61,53.94927129821585,57.0544358857396,54.08627298668708,53.77066892637562
2016-12-09,69.52,71.42,61.9,68.57,54.094751185795786,58.151156277573925,54.6542622813268,54.06372498723947
2016-12-12,66.66,66.66,56.19,58.09,54.13450490534011,58.145331870185935,54.78899709382379,54.14345320531393
2016-12-13,69.52,69.52,69.52,69.52,54.28759440876956,59.22863359683489,55.36668348230128,54.44793928045623
2016-12-14,70.47,72.38,64.76,65.71,54.40125018579673,59.84590658761252,55.77230373789731,54.67095038381353
2016-12-15,64.76,75.23,64.76,68.57,54.54223277101268,60.67677262688751,56.274174179548396,54.94617908908455
2016-12-16,72.38,72.38,59.04,64.76,54.643902096674246,61.065651424326795,56.60695166270336,55.14051217642941
2016-12-19,65.71,69.52,60.95,63.8,54.73500754844863,61.32606557439091,56.88903198965617,55.31198718283675
2016-12-20,69.52,70.47,64.76,68.57,54.87266916488198,62.015964091115585,57.3471091665324,55.57452209010731
2016-12-21,69.52,69.52,64.48,69.15,55.014732158266234,62.69539608243791,57.80996763058995,55.84334343485766
2016-12-22,62.61,64.48,56.07,63.55,55.099660196492444,62.77678693172954,58.035066939194266,55.995950495553544
2016-12-23,64.48,69.15,64.48,65.42,55.20235014478605,63.02852150966006,58.32467215726508,56.18256533722575
2016-12-27,78.5,78.5,71.02,73.83,55.387699894589176,64.0572337468353,58.93272422952919,56.532019488963854
2016-12-28,69.15,69.15,58.87,59.81,55.43170288071266,63.65273529475574,58.9671272009202,56.596929994132886
2016-12-29,61.68,62.61,50.46,55.14,55.42880036448667,62.8419986000171,58.817043781276276,56.568079895239165
2016-12-30,46.72,46.72,25.23,31.77,55.1933894155863,59.88276063811071,57.756375397696814,56.07702880820472
2017-01-03,52.33,60.74,42.99,54.2,55.18350494378942,59.34154533924303,57.61690969582635,56.03985992091354
2017-01-04,57,67.28,54.2,65.42,55.28536061599052,59.92044578312464,57.9229132371665,56.22560526901427
2017-01-05,67.28,71.02,60.74,60.74,55.33963563473688,59.9984985656842,58.03338722786585,56.314999224083294
2017-01-06,64.48,75.7,61.68,74.76,55.53287309110765,61.40435584514285,58.689332826773075,56.680246764200454
2017-01-09,68.22,71.96,66.35,67.28,55.64975992602201,61.96394100274829,59.02622173552707,56.89014286787965
2017-01-10,70.09,80.37,69.15,75.7,55.84926480238,63.272137097724645,59.680095392957384,57.262615286337486
2017-01-11,79.43,80.37,67.28,73.83,56.02817759041602,64.2776478503223,60.23499361284141,57.590682310370404
2017-01-12,62.61,71.96,57,71.96,56.18670318653128,65.00930043600589,60.694797784886845,57.87522325471951
2017-01-13,76.63,79.43,72.89,74.76,56.371512110048386,65.93793848971961,61.246374342342264,58.20957526947754
2017-01-17,71.96,73.83,68.22,71.96,56.52662144228671,66.51146815736536,61.66651652499551,58.48186090770571
2017-01-18,75.7,78.5,69.15,73.83,56.69879436325898,67.20847118999723,62.14351587695647,58.785784454087775
2017-01-19,71.96,71.96,64.48,66.35,56.79482626014198,67.12671202904511,62.30847603864445,58.935570900541485
2017-01-20,78.5,78.5,65.42,71.96,56.94572351128485,67.58702516913606,62.68696717438388,59.19348038765948
2017-01-23,71.96,71.96,59.81,65.42,57.03004467037654,67.38064181969453,62.79414493225118,59.31677780572563
2017-01-24,67.28,74.76,63.55,72.89,57.18785517116881,67.90534259877124,63.190060817260935,59.585554482839974
2017-01-25,78.5,79.43,74.76,74.76,57.36270238339599,68.55816711317398,63.64378392246639,59.88603855248671
2017-01-26,73.83,73.83,70.09,70.09,57.48934216067563,68.70405595953837,63.89657670982065,60.08809719501173
2017-01-27,68.22,69.15,65.42,66.35,57.577507910320655,68.47986015386805,63.9927893878669,60.21209527035803
2017-01-30,66.35,66.35,57.94,66.35,57.664796388824925,68.27701632969014,64.08522901971526,60.33363793827173
2017-01-31,60.74,68.22,57.94,68.22,57.769823290428654,68.27158620305299,64.24737690129506,60.48980352365248
2017-02-01,69.15,69.15,61.68,65.42,57.84594445171792,68.00000656466699,64.29336212085211,60.58743117664947
2017-02-02,64.48,67.28,61.68,64.48,57.9119549546859,67.66476784422251,64.30068125336771,60.66451174740888
2017-02-03,68.22,70.09,66.35,69.15,58.02377629842037,67.80621852572513,64.49085061598075,60.83254121775722
2017-02-06,68.22,71.96,66.35,70.09,58.14383822579927,68.02372152327511,64.71042510162856,61.015857233247175
2017-02-07,69.15,72.89,65.42,66.35,58.22549157678635,67.8643194734394,64.77472215646665,61.12148382268782
2017-02-08,60.74,68.22,60.74,63.55,58.27847176010191,67.45343190454041,64.72669383660521,61.16957325194153
2017-02-09,65.42,79.43,65.42,77.57,58.470427264976514,68.41691458029847,65.23035290183637,61.494334177645655
2017-02-10,75.7,82.24,75.7,78.5,58.669726496170775,69.37720842979385,65.7507312194114,61.831080035514056
2017-02-13,84.11,84.11,75.7,77.57,58.857788919094446,70.15747429362301,66.21423195590508,62.14274181698902
2017-02-14,70.09,79.43,70.09,79.43,59.0624875368149,71.04057197994463,66.732497369399,62.485063761207066
2017-02-15,76.63,85.04,74.76,85.04,59.32097024789137,72.37385083899753,67.45043864903042,62.931696161975246
2017-02-16,84.11,84.11,72.89,79.43,59.521060096171055,73.04586504480729,67.92022536867628,63.25839524787673
2017-02-17,78.5,82.24,76.63,82.24,59.74711919969174,73.92149694530183,68.48178515813996,63.63426860930491
2017-02-21,84.11,88.78,83.17,86.91,60.017396620590326,75.15849723622546,69.2044602499776,64.09517418139788
2017-02-22,86.91,86.91,82.24,85.98,60.2757309825745,76.18911654706113,69.86232455390005,64.52853706889495
2017-02-23,84.11,84.11,74.76,78.5,60.45706699269814,76.40920068543626,70.20105692433535,64.80519970119406
2017-02-24,70.09,81.3,70.09,81.3,60.664459360929996,76.87499109634709,70.63630959396926,65.13182941008131
2017-02-27,81.3,83.17,75.7,83.17,60.88839508868194,77.47451575383784,71.12782686479399,65.48902090691138
2017-02-28,79.43,79.43,69.15,74.76,61.026421008197545,77.21599044394851,71.27026502695892,65.67260465132898
2017-03-01,82.24,82.24,77.57,79.43,61.2095411971707,77.4268484969058,71.59025463374485,65.9450283215997
2017-03-02,73.83,74.76,69.15,70.09,61.2979039713282,76.72810102101002,71.53142111869603,66.02710696869673
2017-03-03,67.28,71.02,61.68,71.02,61.39464124524534,76.1844723523424,71.51136538855108,66.12597613763343
2017-03-06,60.74,70.09,60.74,67.28,61.45320202887474,75.33642736640502,71.34542949096084,66.14882809530405
2017-03-07,68.22,68.22,56.07,57.94,61.41824479475658,73.67962476008073,70.81972637366826,65.9862770439119
2017-03-08,54.2,62.61,54.2,58.87,61.39288912515701,72.2691843067397,70.35110965313226,65.84536066680474
2017-03-09,53.27,58.87,49.53,51.4,61.293457392568385,70.28164294419307,69.60792888242119,65.55931392092741
2017-03-10,66.35,67.28,54.2,63.55,61.31591055284134,69.64053409236516,69.37036304389487,65.51952552645359
2017-03-13,62.61,68.22,57,67.28,61.37525472644491,69.41572132166371,69.28838802256566,65.55438640711787
2017-03-14,56.07,59.81,49.53,57.94,61.341073087375804,68.32279548150527,68.84335319815132,65.40360647826405
2017-03-15,59.81,77.57,59.81,75.7,61.48394798202878,69.02538638802858,69.11224130802773,65.60749545889249
2017-03-16,75.7,75.7,67.28,70.09,61.56958034041656,69.12677816059728,69.1505847861443,65.69625792505303
2017-03-17,72.89,74.76,69.15,70.09,61.65436063553679,69.21851357387374,69.18742459845237,65.78326271861634
2017-03-20,66.35,71.96,61.68,67.28,61.710337146625974,69.03389323350481,69.11262363380717,65.81290108062394
2017-03-21,71.96,71.96,29.9,29.9,61.393816378997855,65.30685578269483,67.57487368738336,65.10175452457199
2017-03-22,32.71,42.05,28.03,42.05,61.201340594132205,63.091917136723886,66.57389824866245,64.6452841379468
2017-03-23,39.25,48.59,36.44,39.25,60.9829192946881,60.8212583617978,65.50237282714627,64.14240722432409
2017-03-24,46.72,55.14,40.18,42.99,60.803885271855385,59.12304327972182,64.6195346770621,63.72354767532757
2017-03-27,31.77,50.46,28.03,43.92,60.63588641342896,57.67513439593879,63.807788219138104,63.33139821641019
2017-03-28,44.85,57,40.18,52.33,60.55324077747444,57.166073977277954,63.35767887721112,63.11354874677831
2017-03-29,48.59,62.61,48.59,61.68,60.56445231202694,57.59597169372767,63.29188754869304,63.08516164288171
2017-03-30,57.94,67.28,57.94,66.35,60.62201995071324,58.42968867527741,63.41181352717567,63.1498119073791
2017-03-31,57.94,62.61,57,59.81,60.61394015020863,58.56114689667956,63.27056593787466,63.08367701812407
2017-04-03,62.61,63.55,45.79,53.27,60.54086611886327,58.05722814461484,62.878386881487415,62.889346780141416
2017-04-04,48.59,48.59,43.92,46.72,60.40334506295418,56.977492130841995,62.24472465084085,62.56916169538614
2017-04-05,49.53,64.48,40.18,42.05,60.220724714069064,55.55582621361895,61.452774664533365,62.16284166181414
2017-04-06,42.05,49.53,36.44,45.79,60.07713541343156,54.62574752660762,60.838548207100686,61.838626975441585
2017-04-07,42.99,50.46,35.51,47.66,59.95358182722826,53.962343000264035,60.32174239505752,61.55786208483878
2017-04-10,48.59,56.07,44.85,51.4,59.868471560290665,53.71831033357222,59.97187014427095,61.35671630098059
2017-04-11,43.92,46.72,30.84,46.72,59.7376409975017,53.05180458751772,59.45218896214268,61.066880334624535
2017-04-12,42.05,44.85,32.71,34.57,59.48721670896934,51.29163272203984,58.47641684598022,60.542189634929
2017-04-13,36.44,44.85,27.1,27.1,59.16495584619353,48.98766770089319,57.245969126530014,59.87996805799972
2017-04-17,34.57,48.59,33.64,48.59,59.05973240493787,48.94979458652241,56.90651935686217,59.656404334078935
2017-04-18,34.57,49.53,33.64,39.25,58.862620639714606,48.02600462590123,56.21410683306365,59.25231711954272
2017-04-19,55.14,57,45.79,45.79,58.73254481245377,47.813051804386824,55.805318329806255,58.985736582522065
2017-04-20,55.14,64.48,49.53,62.61,58.77112645611094,49.22228496587379,56.07216859138248,59.05750417494737
2017-04-21,57.94,60.74,55.14,58.87,58.77211027246805,50.141114969123905,56.18188747015179,59.05379122098802
2017-04-24,75.7,78.5,75.7,76.63,58.949800717518116,52.66386592444544,56.98377423602819,59.401834959186274
2017-04-25,79.43,83.17,79.43,82.24,59.18154399396072,55.48064059830778,57.9742144620663,59.85407585108358
2017-04-26,80.37,81.3,76.63,76.63,59.35516047163276,57.494865303230846,58.70581389492644,60.186272368883905
2017-04-27,74.76,77.57,72.89,75.7,59.51779569082049,59.2286876553041,59.372252565713644,60.49347489623274
2017-04-28,71.96,72.89,67.28,70.09,59.6229917535984,60.26309835479895,59.79255638666605,60.68350509630734
2017-05-01,71.02,72.89,68.22,68.22,59.70853412420936,61.020898511484766,60.12304437150267,60.83274261915274
2017-05-02,71.02,73.83,70.09,73.83,59.849046222475934,62.24081293896241,60.66057204320845,61.090114052436846
2017-05-03,68.22,68.22,63.55,65.42,59.904478598371696,62.543592659061225,60.84721627680812,61.175854368230176
2017-05-04,63.55,67.28,62.61,67.28,59.977866871024716,62.99467907248397,61.099482305168586,61.29672853915631
2017-05-05,67.28,71.02,61.68,71.02,60.087738842457306,63.75899535129502,61.488522214769816,61.48926856808391
2017-05-08,66.35,67.28,60.74,64.48,60.131442933577134,63.82766246069549,61.60583506909257,61.548490972676305
2017-05-09,69.15,69.15,65.42,68.22,60.21192608846691,64.24598032158164,61.8652140859909,61.68060006232628
2017-05-10,67.28,67.28,60.74,65.42,60.263747719427435,64.35779171952625,62.004617455167725,61.754647585844566
2017-05-11,58.87,60.74,57,60.74,60.26848654808985,64.01324012719041,61.9550246137886,61.734555554441705
2017-05-12,57.94,57.94,53.27,57,60.235964293879995,63.34531249602942,61.76070992305179,61.64080197910623
2017-05-15,57.94,59.81,56.07,57,60.203765644189644,62.740997020217094,61.574015416265446,61.54890491021304
2017-05-16,57,57.94,54.2,57,60.17188737907333,62.194235399244036,61.39464226268641,61.45882758525833
2017-05-17,49.53,49.53,36.44,36.44,59.93574919619698,59.74145107550651,60.41602884062028,60.96340525683737
2017-05-18,38.31,44.85,37.38,42.99,59.76713477633432,58.14607478260113,59.732655160595954,60.60749624185049
2017-05-19,42.99,52.33,42.99,48.59,59.655919504928015,57.235972422353406,59.29568829155298,60.36952601923959
2017-05-22,52.33,56.07,51.4,55.14,59.61098498249092,57.03635600117689,59.13272012325678,60.26597104856158
2017-05-23,57,57,52.33,55.14,59.56649756972982,56.85575066773147,58.97614286352122,60.16446667136234
2017-05-24,59.81,67.28,58.87,65.42,59.62474137500614,57.67139346128086,59.22884314338313,60.268536638266056
2017-05-25,65.42,69.15,65.42,69.15,59.719520067792146,58.76459408401601,59.61790811815242,60.44440719988455
2017-05-26,66.35,69.15,65.42,69.15,59.81335568900815,59.75368036172877,59.99171564293076,60.61679517612446
2017-05-30,68.22,71.96,67.28,70.09,59.915610856281695,60.73809175584984,60.387726794188374,60.80438339045863
2017-05-31,71.02,73.83,65.42,72.89,60.04470925572168,61.8954163505308,60.87801201794569,61.04370253124163
2017-06-01,72.89,82.24,71.02,82.24,60.26555791984385,63.83299574571834,61.71573703684978,61.463431193989315
2017-06-02,85.98,90.65,84.11,89.71,60.558537443029486,66.29747234136421,62.81355127069881,62.02276919014794
2017-06-05,87.85,87.85,79.43,86.91,60.82074105056153,68.26057021361524,63.75851004439689,62.51558564182818
2017-06-06,83.17,84.11,74.76,74.76,60.95944014458579,68.87956352660426,64.189941023048,62.75804929248505
2017-06-07,75.7,78.5,70.09,76.63,61.11536611329638,69.61770033359433,64.67778647312454,63.03274138570317
2017-06-08,76.63,76.63,70.09,74.76,61.25113361465662,70.10744315896629,65.0731673957471,63.26496432856053
2017-06-09,72.89,76.63,41.12,49.53,61.134505419485905,68.14768666763617,64.4636314194433,62.99298483690587
2017-06-12,49.53,49.53,40.18,48.59,61.00968447003828,66.285049842147,63.84113606966121,62.70777721637308
2017-06-13,52.33,56.07,48.59,56.07,60.96053338078417,65.31218795241871,63.53638563555685,62.576336083375594
2017-06-14,58.87,62.61,36.44,43.92,60.790975834706714,63.27483671885503,62.76711561063305,62.206903685684985
2017-06-15,35.51,44.85,31.77,44.85,60.632359159734506,61.52009036467836,62.06448362590234,61.86320262260212
2017-06-16,32.71,35.51,22.42,32.71,60.35452474023466,58.77627223470899,60.91332740527872,61.28591148156049
2017-06-19,37.38,56.07,37.38,56.07,60.31189265326715,58.518532021879565,60.72339299722857,61.182626105688
2017-06-20,47.66,47.66,37.38,38.31,60.09296834825952,56.5939099245577,59.84443640910196,60.72970281646646
2017-06-21,42.05,45.79,39.25,44.85,59.94129702141117,55.475442312695066,59.256419295019526,60.41525325574435
2017-06-22,46.72,50.46,40.18,49.53,59.83770202617325,54.909209711486014,58.874991087371704,60.199703686323666
2017-06-23,45.79,56.07,43.92,54.2,59.78160548859938,54.84166592943973,58.69165810355321,60.0808976727331
2017-06-26,56.07,63.55,49.53,53.27,59.71681339418546,54.69198345996928,58.479044060276614,59.9460284118869
2017-06-27,45.79,52.33,29.9,29.9,59.420128683795554,52.33084217806744,57.358297234383414,59.35105755224558
2017-06-28,40.18,51.4,37.38,49.53,59.321719443160774,52.06409530396578,57.05130518597622,59.156581165072396
2017-06-29,44.85,44.85,23.36,31.77,59.04757298103977,50.131324322635706,56.05988145319284,58.61427262715017
2017-06-30,34.57,37.38,29.9,32.71,58.785507578243354,48.472150577622784,55.14419982757743,58.101316733543236
2017-07-03,41.12,41.12,28.03,30.84,58.50744282622103,46.79289814165871,54.19109395198616,57.561488679413664
2017-07-05,33.64,38.31,30.84,36.44,58.287866280686494,45.80690784245312,53.49497262053573,57.14324137883121
2017-07-06,32.71,32.71,25.23,28.03,57.98679298436126,44.11386900031473,52.496346243259815,56.56674154954743
2017-07-07,28.03,41.12,28.03,36.44,57.77239703426811,43.38302433361809,51.866685606269236,56.16819221193263
2017-07-10,40.18,52.33,36.44,52.33,57.718243829947035,44.23511725422589,51.88485479818025,56.09218840575574
2017-07-11,48.59,57,46.72,54.2,57.68323642865403,45.18415370620438,51.97564480609475,56.054719328414045
2017-07-12,68.22,71.02,66.35,70.09,57.80668681244851,47.556139067518245,52.686011676443975,56.33264567834644
2017-07-13,70.09,71.02,65.42,67.28,57.90094863521022,49.43460201346889,53.258324944034406,56.54942497184453
2017-07-14,72.89,74.76,70.09,71.96,58.04083969356634,51.579878012186136,53.991723965836975,56.85458487339216
2017-07-17,71.96,72.89,68.22,69.15,58.151378602088066,53.2532229634065,54.586166163255136,57.098058440255684
2017-07-18,64.48,70.09,62.61,70.09,58.27017085480361,54.85672553832017,55.194159647049055,57.35532460975557
2017-07-19,73.83,76.63,72.89,75.7,58.44360199057671,56.84179929657539,55.998310249125566,57.71858550857229
2017-07-20,77.57,83.17,72.89,78.5,58.64316813992421,58.90448507785392,56.880729455042214,58.130098666818384
2017-07-21,81.3,81.3,75.7,75.7,58.81288785992496,60.50405792758212,57.6187400646484,58.47801750509921
2017-07-24,72.89,75.7,71.02,74.76,58.97156559266203,61.86176669638382,58.29094633662297,58.80043300004774
2017-07-25,75.7,82.24,75.7,80.37,59.18448533800868,63.6244555824425,59.15679157832403,59.22755313866065
2017-07-26,77.57,82.24,75.7,78.5,59.376679513749885,65.04117409840036,59.91534877133093,59.60918574977628
2017-07-27,78.5,78.5,61.68,71.96,59.5018866827673,65.70010989855271,60.387688035200306,59.85375632898863
2017-07-28,62.61,70.09,62.61,68.22,59.58863407895867,65.94009943202389,60.69483752401598,60.01942452049381
2017-07-31,71.02,71.02,59.81,62.61,59.618697421456595,65.62294710516447,60.76994193483888,60.07072304484046
2017-08-01,61.68,61.68,56.07,56.07,59.58338699935255,64.71314261895833,60.58563048641383,59.99150080632877
2017-08-02,53.27,53.27,41.12,49.53,59.48335329786645,63.267129036200394,60.15207634969172,59.784342374520286
2017-08-03,49.53,51.4,42.99,49.53,59.384314956594146,61.95883103275274,59.73552433597832,59.58128608987632
2017-08-04,47.66,50.46,43.92,50.46,59.29551580279719,60.86370426772867,59.37177828358701,59.40066656334412
2017-08-07,47.66,52.33,47.66,50.46,59.20760022266985,59.87287528984975,59.022296782269876,59.22362366109968
2017-08-08,42.05,54.2,39.25,40.18,59.0182708672204,57.99736335748311,58.283383182965174,58.846522202464044
2017-08-09,30.84,39.25,25.23,38.31,58.8122184207804,56.12237637105615,57.50011325422144,58.439858396474655
2017-08-10,31.77,31.77,19.62,19.62,58.42224609818557,52.6459595738127,56.01461861680099,57.67114832921773
2017-08-11,21.49,29.9,21.49,27.1,58.11058195790511,50.2130110429734,54.88071200437742,57.065779055371834
2017-08-14,39.25,42.99,33.64,42.05,57.95077517225432,49.43558141983308,54.37754682773517,56.76843689585952
2017-08-15,41.12,45.79,37.38,44.85,57.82041920039109,48.99885937984897,54.00391754037301,56.53242824445636
2017-08-16,46.72,48.59,42.99,45.79,57.70071353670561,48.69325372462526,53.68180312702505,56.31970689308099
2017-08-17,42.99,42.99,22.42,22.42,57.34966166071849,46.19103908418476,52.45585006322015,55.64842556846553
2017-08-18,18.69,28.97,13.08,22.42,57.00210283822378,43.927130599976685,51.27797359015269,54.9904369433474
2017-08-21,22.42,23.36,13.08,20.56,56.63949484978374,41.701689590455096,50.073347174852586,54.308646112786064
2017-08-22,27.1,43.92,27.1,41.12,56.48507201545753,41.646290581840326,49.7222355209368,54.047484803621984
2017-08-23,33.64,42.99,33.64,38.31,56.304225527741536,41.32854862166506,49.274696873056925,53.73585144117403
2017-08-24,42.99,42.99,28.03,35.51,56.09731781104759,40.77440113388743,48.734904838819396,53.37494349184385
2017-08-25,42.05,48.59,34.57,35.51,55.89246887760433,40.27302959732672,48.216281119650006,53.02118223457962
2017-08-28,41.12,42.05,34.57,40.18,55.73612590369782,40.26416963567655,47.90113284044804,52.76690139825131
2017-08-29,32.71,45.79,31.77,42.05,55.599945546447096,40.43424871799307,47.67167665062655,52.55468552897901
2017-08-30,47.66,62.61,47.66,60.74,55.65109036688046,42.36812979246992,48.18415991922943,52.71677096404873
2017-08-31,68.22,79.43,68.22,78.5,55.87844270153837,45.809260288425165,49.373016392985136,53.22732995485964
2017-09-01,84.11,85.04,79.43,79.43,56.1127865552544,49.01123549905134,50.55172163247592,53.74619470822876
2017-09-05,80.37,80.37,57,67.28,56.22390310694341,50.75111783247502,51.207732548849414,54.01419085262027
2017-09-06,72.89,78.5,64.48,77.57,56.436302081003674,53.305297086525016,52.24154695869846,54.480642518905015
2017-09-07,74.76,76.63,69.15,70.09,56.572159771739955,54.90384022114168,52.94148629365146,54.78973870664947
2017-09-08,68.22,69.15,59.81,62.61,56.63223778396145,55.637760200080564,53.32064369390042,54.94459536592374
2017-09-11,73.83,77.57,70.09,72.89,56.79400656223049,57.280830657215745,54.08806943139452,55.29994991313317
2017-09-12,72.89,75.7,71.02,75.7,56.982125899919744,59.035037261290434,54.93559612035944,55.70391130099192
2017-09-13,71.96,74.76,71.02,72.89,57.14041320439816,60.35455752211992,55.63969039014927,56.04422988909109
2017-09-14,71.02,71.02,68.22,69.15,57.2599115804738,61.19221871048945,56.16950645328067,56.30375008930711
2017-09-15,66.35,73.83,64.48,71.96,57.406181116986495,62.217721690442836,56.788741494328484,56.613774840013896
2017-09-18,72.89,74.76,66.35,69.15,57.52303503622046,62.877938672305426,57.273496729845014,56.862016922389856
2017-09-19,69.15,69.15,64.48,66.35,57.6108655333725,63.20861117970491,57.629438034556976,57.049897775411836
2017-09-20,63.55,70.09,58.87,70.09,57.73503602557775,63.863981543542536,58.11808752339788,57.30811762144329
2017-09-21,66.35,66.35,54.2,61.68,57.77428939845757,63.65598330130039,58.257770365617574,57.39468954973154
2017-09-22,57,62.61,57,62.61,57.822405921856,63.556365844033685,58.42844603755414,57.49796302399428
2017-09-25,57,58.87,46.72,50.46,57.74914815148928,62.30909290650667,58.11595795765005,57.35859741955875
2017-09-26,54.2,54.2,44.85,45.79,57.630151652469486,60.735845963029846,57.63258705735005,57.129516282537786
2017-09-27,53.27,62.61,53.27,59.81,57.651841685778244,60.647670157027,57.71797580019907,57.18259516803209
2017-09-28,52.33,54.2,46.72,47.66,57.552420375471996,59.410749189691096,57.323545376661855,56.994028927080954
2017-09-29,50.46,61.68,50.46,58.87,57.565530620492176,59.35924926686337,57.38419065600845,57.03117686911896
2017-10-02,59.81,62.61,59.81,62.61,57.615724345661405,59.66884457478115,57.589124355772825,57.14164861428492
2017-10-03,63.55,65.42,59.81,63.55,57.67477186461005,60.03847842480199,57.822884184958205,57.2685466615268
2017-10-04,64.48,70.09,63.55,69.15,57.78895323909154,60.90624238434466,58.267084805155925,57.50382296525894
2017-10-05,74.76,77.57,70.09,77.57,57.98577957502098,62.493266919168974,59.0240618716204,57.901173005550845
2017-10-06,71.96,77.57,66.35,70.09,58.106219579249625,63.21676530781955,59.458020229596066,58.142535916332015
2017-10-09,69.15,69.15,60.74,62.61,58.15103331477948,63.15897813564626,59.58162727941583,58.23100055165217
2017-10-10,62.61,65.42,59.81,61.68,58.18614741114983,63.01812307510852,59.663916405713245,58.299297570431335
2017-10-11,63.55,65.42,58.87,60.74,58.2115588796956,62.80115897271723,59.70611576235194,58.34762831161091
2017-10-12,61.68,63.55,58.87,62.61,58.255324462982216,62.782953356267974,59.819993575593045,58.43203171138099
2017-10-13,67.28,68.22,63.55,64.48,58.317261533002295,62.944576846147214,60.00273892556979,58.55179345967048
2017-10-16,64.48,68.22,64.48,64.48,58.37858231376844,63.090807622704624,60.17831779123372,58.66918368819186
2017-10-17,63.55,66.35,60.74,65.42,58.44864617134289,63.312635468161325,60.383873956283374,58.80286321911875
2017-10-18,64.48,65.42,60.74,63.55,58.499405910931515,63.33524161405072,60.50803576191932,58.89686592765105
2017-10-19,58.87,61.68,53.27,59.81,58.51244664813618,62.99950431747446,60.4806618104715,58.91494779046984
2017-10-20,66.35,66.35,61.68,63.55,58.56257155710995,63.051932477714985,60.60102801398242,59.006731002539745
2017-10-23,65.42,66.35,53.27,54.2,58.5191628848999,62.208891289361176,60.35000730755174,58.911548210410245
2017-10-24,57,58.87,52.33,52.33,58.45757917460239,61.26804449989821,60.035497217059515,58.78122052307539
2017-10-25,49.53,53.27,37.38,47.66,58.350140575850126,59.972040261812666,59.55018360070424,58.56099833449964
2017-10-26,52.33,54.2,47.66,47.66,58.24377101788147,58.79946499878289,59.083901890872696,58.34513698134123
2017-10-27,48.59,55.14,46.72,55.14,58.21288772417121,58.450944522708326,58.92923907162279,58.28166892230477
2017-10-30,52.33,53.27,46.72,48.59,58.11713759756254,57.51180694911706,58.52377871587287,58.08975468621952
2017-10-31,50.46,52.33,48.59,50.46,58.04094717370619,56.84020628729639,58.20755209956413,57.93867043500725
2017-11-01,49.53,53.27,44.85,47.66,57.93765416700265,55.96590092660149,57.79392260546358,57.73513240659127
2017-11-02,47.66,52.33,43.92,49.53,57.853995916584715,55.35295798121087,57.46984720917089,57.57265453715382
2017-11-03,49.53,51.4,46.72,47.66,57.752563121394815,54.620295316333646,57.085147318615164,57.37636434829928
2017-11-06,50.46,54.2,49.53,53.27,57.70796050327148,54.49169576239711,56.93553369827731,57.29505020278841
2017-11-07,53.27,55.14,51.4,54.2,57.67305542363694,54.46391521359738,56.828257866972315,57.23376207996092
2017-11-08,53.27,56.07,50.46,50.46,57.601283727879355,54.082589955159534,56.57852226434595,57.09962817738744
2017-11-09,52.33,56.07,47.66,54.2,57.56744010869647,54.09377186419196,56.48524688143042,57.04220979763719
2017-11-10,53.27,55.14,50.46,54.2,57.533933241943274,54.10388882950701,56.395629356668444,56.98592841550576
2017-11-13,48.59,55.14,48.59,55.14,57.51011301068016,54.20256608383967,56.34638898974027,56.94937537757495
2017-11-14,52.33,57,49.53,54.2,57.477176562812694,54.20232169490256,56.26221687249555,56.89493230079129
2017-11-15,47.66,55.14,47.66,52.33,57.425960875620525,54.024005343007076,56.10801228926043,56.804537601765716
2017-11-16,57.94,66.35,57.94,61.68,57.468289623126786,54.753147691292114,56.326521611250215,56.90108141163174
2017-11-17,67.28,67.28,59.81,60.74,57.50084395523498,55.32332410164525,56.499599195122755,56.97709960150042
2017-11-20,60.74,62.61,57.94,60.74,57.5330743636406,55.839197996726654,56.665889422765,57.05161248067863
2017-11-21,66.35,71.02,66.35,71.02,57.667272628679,57.284988663705064,57.22879571991147,57.3282142137345
2017-11-22,70.09,72.89,68.22,68.22,57.77227489108021,58.326418314780774,57.65982333873847,57.5438931401952
2017-11-24,71.02,72.89,64.48,71.96,57.913446285198816,59.624854665754036,58.22061458035657,57.8293606027656
2017-11-27,68.22,68.22,59.81,64.48,57.97878512813216,60.087249459491744,58.46608067524455,57.961056432413805
2017-11-28,64.48,72.89,63.55,70.09,58.09929472884726,61.03989236811158,58.92192064876437,58.201233532762046
2017-11-29,71.96,71.96,54.2,57.94,58.097709706669676,60.74466452352952,58.883413956655964,58.196060591519235
2017-11-30,57,63.55,57,60.74,58.124001152374454,60.74422028319338,58.95622125247338,58.24643562931093
2017-12-01,58.87,60.74,44.85,60.74,58.15003099165431,60.743818351460675,59.026173360219516,58.295813141601805
2017-12-04,66.35,66.35,55.14,55.14,58.12008043452342,60.21012136560728,58.87377440491679,58.233321792263155
2017-12-05,54.2,59.81,48.59,48.59,58.025253763533144,59.10344314031135,58.47048913413574,58.04236492508963
2017-12-06,46.72,49.53,44.85,49.53,57.94072387533878,58.19168665075789,58.11988171711081,57.87380324340469
2017-12-07,47.66,54.2,46.72,53.27,57.89424901090755,57.722954588780944,57.92969027722411,57.78263882274321
2017-12-08,58.87,62.61,57.94,60.74,57.92256494114728,58.010292246992286,58.0398985016467,57.84120043021364
2017-12-11,61.68,65.42,60.74,65.42,57.99716628501646,58.715978699659686,58.32931424668016,57.99127566921931
2017-12-12,62.61,63.55,59.81,63.55,58.052418361782465,59.176361680644476,58.534047021320156,58.10134941834368
2017-12-13,62.61,69.15,62.61,66.35,58.13498136315776,59.8595653301069,58.84055498126838,58.26468903382202
2017-12-14,69.15,72.89,62.61,62.61,58.17950891178306,60.12151148914434,58.988376354551974,58.35073479552852
2017-12-15,68.22,76.63,65.42,71.96,58.31662822609368,61.248986585416304,59.497067477902874,58.62022519561706
2017-12-18,79.43,82.24,78.5,79.43,58.526711527326576,62.98051167251951,60.27875110622041,59.0322999442187
2017-12-19,80.37,80.37,71.96,74.76,58.688236785761134,64.10236770370813,60.84664321970197,59.343739549283676
2017-12-20,76.63,76.63,71.02,71.96,58.820294131176446,64.8507136366883,61.28246113265483,59.59356648890182
2017-12-21,75.7,78.5,68.22,71.96,58.95103747315479,65.52778852843227,61.70118814706052,59.83844636040872
2017-12-22,71.02,71.02,63.2,63.2,58.993315707252755,65.30609438286729,61.75996508246991,59.90501177901449
2017-12-26,58.49,63.2,57.54,59.43,58.997660824593524,64.74646634640374,61.66859390276521,59.89560560517261
2017-12-27,60.37,70.75,59.43,63.2,59.039475144746824,64.59918383722243,61.728649043833244,59.96103915754543
2017-12-28,64.15,65.09,55.66,65.09,59.09967937216228,64.64592823367744,61.8604667283888,60.06260273858413
2017-12-29,64.15,64.15,46.22,46.22,58.971523358508925,62.89107792570816,61.2471150919814,59.788491793265635
2018-01-02,53.77,80.18,53.77,76.41,59.145040539021274,64.17859431373596,61.841738029550754,60.11763056963661
2018-01-03,75.47,89.62,75.47,89.62,59.4482739664937,66.60158533147539,62.931081636235035,60.70183590489133
2018-01-04,90.56,90.56,85.84,85.84,59.710878205633065,68.4338152999063,63.829470591676795,61.199621332517246
2018-01-05,87.73,90.38,84.9,90.38,60.01604359662179,70.52392812848665,64.87066782337574,61.77745061306146
2018-01-08,88.46,89.42,83.65,89.42,60.30862027725242,72.32355402101173,65.83338673226297,62.3248278286444
2018-01-09,89.42,89.42,83.65,83.65,60.54087281180713,73.40226316186775,66.53207744864481,62.74710846570095
2018-01-10,81.73,82.69,73.07,75.96,60.69429696293342,73.64585714645177,66.90179990163914,63.00874988222172
2018-01-11,76.92,80.76,75,80.76,60.89395569962065,74.32339456107542,67.44525872902584,63.360259785544066
2018-01-12,80.76,83.65,78.84,80.76,61.09162778221149,74.93640460287776,67.96740544553462,63.70480909672141
2018-01-16,86.53,86.53,81.73,81.73,61.296984719701925,75.58341368831798,68.50711503590581,64.06174357005366
2018-01-17,83.65,85.57,82.69,83.65,61.51940278219245,76.35166000371626,69.10095366194872,64.44962983599319
2018-01-18,84.61,85.57,82.69,82.69,61.730055490827354,76.95531143193377,69.63385743991152,64.81082528478541
2018-01-19,81.73,83.65,78.84,82.69,61.93861215261017,77.50147224794007,70.14586303050322,65.16486834845303
2018-01-22,80.76,84.61,80.76,84.61,62.16419810134042,78.1784748909934,70.71308408813054,65.54992046036485
2018-01-23,82.69,87.5,82.69,86.53,62.40664389137683,78.97385823470832,71.33335530036072,65.96536757996158
2018-01-24,87.5,88.46,81.73,81.73,62.598916091462634,79.23634792664086,71.74106685720932,66.27753851897224
2018-01-25,84.61,84.61,79.8,79.8,62.770071155229175,79.29002907648459,72.05710345104424,66.54531003344803
2018-01-26,81.73,85.57,81.73,85.57,62.996936118858734,79.88812154539082,72.587020962768,66.92203656743916
2018-01-29,81.73,82.69,77.88,80.76,63.1736830231487,79.97115758868694,72.90752994462024,67.19605564531166
2018-01-30,70.19,72.11,64.42,66.34,63.205188664709404,78.67295210405008,72.64997975071356,67.1791040483748
2018-01-31,68.26,68.26,53.84,57.69,63.150311165558065,76.67457571318818,72.06331387813655,66.99120099791193
2018-02-01,50,62.5,50,52.88,63.04811901465699,74.4084256452655,71.3110270593861,66.71177127518101
2018-02-02,46.15,47.11,29.8,29.8,62.71729195978478,70.16000415524022,69.68314364529253,65.98084511131604
2018-02-05,25.96,33.65,8.65,8.65,62.179308955209805,64.30190852140781,67.28968703175165,64.84558085168602
2018-02-06,6.73,15.38,6.73,15.38,61.713644189486324,59.64267913841659,65.25401303050648,63.86606439917739
2018-02-07,17.3,25,10.57,13.46,61.23350842640686,55.244328744281674,63.22287526460427,62.86792451008477
2018-02-08,14.42,14.42,2.88,2.88,60.652876501765995,50.25724981625485,60.85648799932567,61.680044816815766
2018-02-09,7.69,7.69,0.96,5.76,60.10667872562902,46.01941650042105,58.695841411116824,60.5727171966808
2018-02-12,10.57,11.53,6.73,9.61,59.60422421094614,42.55185302419048,56.77090645381813,59.56355447991484
2018-02-13,8.65,14.42,7.69,12.5,59.13552546257852,39.689771783791386,55.034792475237026,58.63160290605514
2018-02-14,11.53,26.92,11.53,25.96,58.80542073160759,38.382174471049346,53.894604535031654,57.98464047227187
2018-02-15,27.88,39.42,25,39.42,58.612530973084134,38.48101499761608,53.32697298463825,57.61702382925659
2018-02-16,44.23,53.84,37.5,41.34,58.44066499325245,38.7532992835574,52.85689561269165,57.29470652570695
2018-02-20,42.3,56.73,38.46,44.23,58.29926534157829,39.27488982798051,52.51858598082139,57.03599946579196
2018-02-21,55.76,61.53,43.26,43.26,58.1496209103188,39.6544241300776,52.15550417765193,56.76320739716242
2018-02-22,58.65,58.65,46.15,47.11,58.039773936086775,40.36447897483212,51.9576412687244,56.57205477543643
2018-02-23,59.61,70.19,52.88,69.23,58.15111946906104,43.113576215324294,52.63498866995089,56.822707156120856
2018-02-26,75,77.88,71.15,75.96,58.328322260413664,46.24180705196007,53.549694996619486,57.20166345005906
2018-02-27,79.8,79.8,67.3,67.96,58.424159849862285,48.31020638034483,54.114804996752056,57.41469981738462
2018-02-28,72.81,73.78,60.19,60.19,58.441730398619875,49.44161529650246,54.353047938055894,57.469656256644335
2018-03-01,64.07,68.93,36.89,43.68,58.29484750908137,48.89289003016889,53.93449703852429,57.19659375651276
2018-03-02,44.66,62.5,35.92,62.5,58.33668982242384,50.188805265390904,54.27039911544491,57.30161170192835
2018-03-05,56.73,71.15,50.96,65.38,58.40677251075793,51.63558571630605,54.70606973836864,57.46157978703868
2018-03-06,72.11,74.03,68.26,73.07,58.55267527184492,53.67695850522929,55.426223866275755,57.770657415018114
2018-03-07,69.23,74.03,61.53,71.15,58.67802178655293,55.34105769520745,56.04284253818651,58.03559489194845
2018-03-08,75.96,76.92,72.11,73.07,58.82122554987081,57.02952839090198,56.71057420335567,58.33330588418709
2018-03-09,80.76,86.53,77.88,86.53,59.09693474837956,59.839097115577985,57.8799634502829,58.89165626271804
2018-03-12,85.57,89.42,84.61,88.34,59.387910522027525,62.553468818856274,59.07447468752671,59.47479178226818
2018-03-13,88.34,88.34,77.66,80.58,59.5987770839974,64.27028131229854,59.917828621349194,59.89271669747079
2018-03-14,79.61,80.58,71.84,75.49,59.75689870505215,65.33882594922248,60.52850200874727,60.20157379257038
2018-03-15,75.49,76.47,68.62,68.62,59.84508876768845,65.6513187159632,60.84581565546306,60.368275301628394
2018-03-16,72.54,75.49,69.6,69.6,59.942152561044786,66.02738360015718,61.18911700230765,60.55108173129912
2018-03-19,56.86,57.84,34.31,41.17,59.7553649733727,63.660013733475544,60.40405359045244,60.167297934639734
2018-03-20,44.11,50,41.17,46.07,59.619192187568,61.9847743302874,59.84193384180725,59.88814352009241
2018-03-21,45.09,51.96,39.21,40.19,59.42586689216931,59.9090815369267,59.07126976957951,59.49808127216979
2018-03-22,25.49,31.37,12.74,12.74,58.961330903192504,55.41678805721939,57.254357229595996,58.57217867272089
2018-03-23,16.66,16.66,0.01,0.01,58.37475049619557,50.13995109938897,55.00948047549419,57.412531570290774
2018-03-26,9.8,25.49,3.92,24.5,58.03768830220357,47.69805099468526,53.81303026076893,56.76079827186918
2018-03-27,25.49,30.39,0.98,1.96,57.479701353922934,43.34204613804857,51.77957809367996,55.67563394965394
2018-03-28,3.92,3.92,0.98,1.96,56.92726651458042,39.400898886805855,49.82586914882977,54.61195802985881
2018-03-29,3.92,16.66,2.94,12.74,56.487592220903,36.86176565949101,48.371521339071734,53.78281034609923
2018-04-02,8.82,9.8,0.98,1.96,55.945029114227346,33.53778797763473,46.55146167871598,52.75661608182004
2018-04-03,2.91,2.91,1.94,2.91,55.41731738174747,30.620855789288562,44.840031808962415,51.76955437722955
2018-04-04,2.91,14.56,2.91,13.59,55.00112516899377,28.998869523642032,43.614540365473694,51.013523597482425
2018-04-05,19.41,20.38,11.65,16.5,54.618029396167955,27.808500997580886,42.55122505702374,50.33008748664119
2018-04-06,11.65,16.5,3.88,7.76,54.151780347449865,25.89911995019223,41.18686329008163,49.48711545720275
2018-04-09,12.62,21.35,6.79,6.79,53.68051885145534,24.079203764459635,39.83796669047059,48.64162802240666
2018-04-10,19.41,31.06,17.47,31.06,53.45543906188862,24.744041501177765,39.493732702608995,48.29347697245801
2018-04-11,27.18,37.86,27.18,29.12,53.21329538963102,25.16079945344655,39.08691965544786,47.91380416112221
2018-04-12,38.83,51.45,38.83,50.48,53.18609842057997,27.57215188645164,39.5337071199401,47.964619920307904
2018-04-13,58.25,58.25,42.71,46.6,53.12056510296225,29.38432789726577,39.81081664464833,47.93759774366814
2018-04-16,60.19,67.96,53.39,62.13,53.210211221340735,32.50296333562141,40.68607873701506,48.21863541211036
2018-04-17,73.78,81.55,73.78,78.64,53.4632439455065,36.89696682746699,42.174467806151725,48.82103867127649
2018-04-18,79.61,82.52,77.66,82.52,53.752365896297476,41.24201760580347,43.75664553924381,49.488344836201705
2018-04-19,80.58,80.58,66.99,68.93,53.90338713116019,43.87896831001266,44.74383591025386,49.87332810677197
2018-04-20,68.93,68.93,52.42,57.28,53.93698526915859,45.15525704239241,45.23545018828312,50.0199948769349
2018-04-23,60.19,65.04,47.57,53.39,53.93154262966448,45.93951827645027,45.55523645540927,50.08672765164906
2018-04-24,61.16,64.07,33.98,41.74,53.81023374777727,45.53956415488358,45.40561933951087,49.921445915972846
2018-04-25,37.86,43.68,26.21,41.74,53.69013191944118,45.17770090203752,45.26186956149083,49.75943708595358
2018-04-26,46.6,58.25,46.6,54.36,53.69679727347659,46.05220557803395,45.618658990451976,49.85053734167727
2018-04-27,55.33,55.33,48.54,52.42,53.68409282299424,46.65866218964976,45.88537824572837,49.90141779035692
2018-04-30,53.39,53.39,46.6,47.57,53.62325607848683,46.745456266825975,45.9514418439351,49.85525110143897
2018-05-01,40.77,50.48,32.03,50.48,53.591979898601394,47.10112709855684,46.12903235985922,49.867622366757004
2018-05-02,43.68,48.54,36.89,38.83,53.445094526476005,46.31340070821809,45.84279579672748,49.64905558721726
2018-05-03,30.09,40.77,23.3,39.8,53.309322441635445,45.69307683124494,45.60582341254209,49.454024783509986
2018-05-04,31.06,62.13,31.06,59.22,53.368135153658976,46.98135522826923,46.139712690481616,49.64741043136127
2018-05-07,62.13,64.07,61.16,62.13,53.45531788844844,48.424083301767396,46.76678278105096,49.89459042281946
2018-05-08,63.1,65.04,58.25,62.13,53.5416331333395,49.72940870159907,47.369261887676416,50.136875760981454
2018-05-09,63.1,66.99,58.25,66.01,53.66569648524657,51.27994120620868,48.100271225414595,50.451195052843204
2018-05-10,66.01,69.9,66.01,68.93,53.817580102308796,52.96089918656976,48.91712333422186,50.81711198248988
2018-05-11,68.93,71.84,66.01,70.87,53.98725592218632,54.66652783546788,49.77802045837002,51.214198873925724
2018-05-14,71.84,75.72,69.9,69.9,54.14559168415462,56.11733470828047,50.56711769529669,51.58421473780838
2018-05-15,66.01,69.9,64.07,68.93,54.29270022461079,57.33758854558709,51.28723072685368,51.9276956340894
2018-05-16,68.93,75.72,68.93,75.72,54.50590718754999,59.08829439838832,52.245378541486865,52.398830374008426
2018-05-17,73.78,76.69,72.81,72.81,54.68803746429078,60.39512350330372,53.05183428495797,52.803011950760734
2018-05-18,70.87,73.78,67.96,68.93,54.829748534297835,61.20796888394146,53.674507450253735,53.12235824876547
2018-05-21,74.75,75.72,69.9,70.87,54.98935302649387,62.12816232356609,54.348840491420255,53.47379669928497
2018-05-22,72.81,72.81,66.99,66.99,55.10876244911582,62.59119448322646,54.84457223685475,53.74144428939814
2018-05-23,60.19,71.84,60.19,69.9,55.255938942159446,63.287271199109654,55.4349811687428,54.061415689608076
2018-05-24,71.84,72.81,59.22,67.96,55.382347509899155,63.73229298967064,55.92615837781171,54.33663518090297
2018-05-25,68.93,73.78,66.01,68.93,55.51715002223847,64.2273127049401,56.43611295123086,54.625612702073205
2018-05-29,57.28,60.19,44.66,57.28,55.53469081803709,63.56566387589819,56.469206560986514,54.67817482678463
2018-05-30,62.13,67.96,58.25,65.04,55.62927100890239,63.70607684009836,56.805316107614495,54.88335948367998
2018-05-31,64.07,65.04,54.36,56.31,55.63604443169938,63.0016885696128,56.78589194653157,54.911609790933845
2018-06-01,59.22,71.84,59.22,68.93,55.76832259655809,63.56628965822111,57.26213147804014,55.18920167626189
2018-06-04,71.84,76.69,69.9,75.72,55.966846749826175,64.72378588124766,57.985969459293464,55.59575213811809
2018-06-05,79.61,79.61,66.01,75.72,56.16339553838512,65.77104436874788,58.68142163736039,55.99425209577912
2018-06-06,72.81,79.61,70.87,79.61,56.396695085266856,67.08904014315284,59.50215020060116,56.46189066813993
2018-06-07,77.66,81.55,70.87,74.75,56.57931503466719,67.81865536761448,60.10010509469523,56.82403144698864
2018-06-08,77.66,77.66,69.9,75.72,56.76976961143667,68.57116438022263,60.712649992942474,57.19820904209778
2018-06-11,77.66,79.61,75.72,76.69,56.967980859084065,69.34438682020142,61.33921273831728,57.5841851006701
2018-06-12,76.69,80.58,75.72,77.66,57.173871596804624,70.13634998018223,61.97924361132444,57.98172598976574
2018-06-13,79.61,84.46,72.81,75.72,57.3584101878812,70.66812617254583,62.51809680303721,58.33297894046345
2018-06-14,80.58,85.43,80.58,83.49,57.61842600690726,71.88925701325574,63.34052437938869,58.83113777332556
2018-06-15,78.64,81.55,75.72,81.55,57.856551121266385,72.80932777389805,64.05462146254992,59.281016233259706
2018-06-18,71.84,79.61,71.84,77.66,58.05360036384085,73.27129655733633,64.58816571892051,59.64495650586842
2018-06-19,64.07,71.84,59.22,71.84,58.190778469673276,73.13498259949478,64.87255137700205,59.88644251565321
2018-06-20,71.84,78.64,70.87,73.78,58.34589510181583,73.19641282811432,65.22186308770786,60.161562465838294
2018-06-21,73.78,74.75,58.25,58.25,58.34494092169826,71.77294493972248,64.94845669211148,60.12370974374249
2018-06-22,60.19,60.19,54.36,54.36,58.30528976824853,70.11456923117748,64.5332230963424,60.00957687752977
2018-06-25,45.63,45.63,30.09,38.83,58.11150579045501,67.13508644725582,63.525253563152496,59.59017931559848
2018-06-26,37.86,37.86,27.18,32.03,57.85198831990322,63.7917448808505,62.29014558028377,59.04443319053713
2018-06-27,32.03,34.95,18.44,19.41,57.469480973436525,59.564912035055215,60.608571243802054,58.259592929338375
2018-06-28,16.5,27.18,14.56,25.24,57.14878962046701,56.295872793621385,59.22156844992746,57.60573960400494
2018-06-29,29.12,33.98,27.18,27.18,56.85059270882057,53.522932527562205,57.96503635385187,57.00324971085632
2018-07-02,20.38,33,19.41,33,56.61327337838455,51.56836752493723,56.986015320367486,56.52793783539382
2018-07-03,36.89,37.86,28.15,28.15,56.33005672785336,49.338046808276545,55.855191190156994,55.96599847231671
2018-07-05,37.86,48.54,33,48.54,56.252543725586165,49.262042350345446,55.56832094740574,55.81894899761737
2018-07-06,47.57,66.01,47.57,64.07,56.33032936015745,50.67232403126493,55.901720125938844,55.9823361461794
2018-07-09,69.9,71.84,63.1,70.87,56.47500269985738,52.59591221876351,56.48871149354908,56.27714137100753
2018-07-10,74.75,75.72,70.87,71.84,56.627888245132425,54.42868248364317,57.09072280752755,56.58531678940342
2018-07-11,66.99,66.99,56.31,59.22,56.653680401897276,54.88499843758192,57.17422387389902,56.63748873416771
2018-07-12,66.01,75.72,66.01,73.78,56.8240915421769,56.68452239590745,57.825430780804936,56.976944402798054
2018-07-13,79.61,81.55,75.72,78.64,57.04116525817514,58.77552026296388,58.64168839724396,57.40591580076245
2018-07-16,82.52,82.52,71.84,74.75,57.21737256903907,60.29689928553875,59.273386891469684,57.74936301262854
2018-07-17,72.81,85.43,72.81,83.49,57.47879174745659,62.50576602024935,60.22305799376499,58.25907859653689
2018-07-18,82.52,82.52,76.69,78.64,57.68935103355155,64.04235973260656,60.94529101361734,58.66266119858566
2018-07-19,76.69,76.69,72.81,75.72,57.86876047600378,65.15451594854879,61.524691366024506,59.00043028376218
2018-07-20,73.78,75.72,72.81,73.78,58.02708126728732,65.97599062011557,62.00529170461178,59.293095030618375
2018-07-23,71.84,77.66,66.99,72.81,58.17417498602078,66.62684865629504,62.42900575541132,59.560756515160584
2018-07-24,75.72,77.66,63.1,64.07,58.23283991153301,66.38333926045742,62.49335847088538,59.650048465355425
2018-07-25,66.99,69.9,62.13,69.9,58.34893105669189,66.71825933089005,62.783815001438896,59.85301780267512
2018-07-26,75.72,75.72,68.93,73.78,58.50247403125217,67.39080606128147,63.215037942558936,60.12879962836472
2018-07-27,73.78,73.78,48.54,53.39,58.4516036428815,66.05739596020705,62.82974233696839,59.99535805156542
2018-07-30,48.54,48.54,35.92,38.83,58.2563638056389,63.46431063066352,61.88857597081277,59.57624205054432
2018-07-31,45.63,49.51,42.71,42.71,58.10167361851811,61.48770961821938,61.13647495234952,59.242257059444434
2018-08-01,43.68,49.51,41.74,47.57,57.99688084619455,60.162213464103246,60.60445632676719,59.01112325628712
2018-08-02,40.77,53.39,38.83,51.45,57.93173775319759,59.332478848474366,60.24545803944299,58.86139804329134
2018-08-03,55.33,58.25,51.45,57.28,57.925252800429455,59.137004672429185,60.129165567307965,58.830083230552894
2018-08-06,53.39,63.1,53.39,62.13,57.9670910810222,59.42205184648355,60.20762966270765,58.8954281170766
2018-08-07,64.07,66.99,62.13,63.1,58.01816480160904,59.77233262300892,60.32105595044461,58.9786869662434
2018-08-08,61.16,61.16,54.36,58.25,58.020471619503475,59.62734856367474,60.23983807003502,58.964257521367294
2018-08-09,55.33,63.1,55.33,56.31,58.00345200139896,59.311410605229526,60.085726773170904,58.91169796648873
2018-08-10,43.68,49.51,39.8,46.6,57.88998481730544,58.10080007139814,59.556874742850475,58.66790196715232
2018-08-13,48.54,53.39,42.71,44.66,57.75834317733225,56.82072387412212,58.972683576464185,58.39051776978297
2018-08-14,52.42,58.25,47.57,51.45,57.6955735934782,56.30922636230097,58.67767637738716,58.25308177434172
2018-08-15,43.68,43.68,43.68,43.68,57.556115149762,55.10644289922469,58.089532205724915,57.96450589762208
2018-08-16,44.66,49.51,42.71,42.71,57.4083926109584,53.92582928977472,57.48641329569649,57.662436473906794
2018-08-17,41.74,45.63,37.86,42.71,57.2621399481628,52.85765507170093,56.906946107629956,57.36634862293834
2018-08-20,46.6,48.54,41.74,44.66,57.1367455208179,52.07692601725322,56.42667371125231,57.11473775911778
2018-08-21,51.45,58.25,49.51,49.51,57.060857505685384,51.832456872752914,56.155431604928694,56.9641488926006
2018-08-22,53.39,62.13,50.48,59.22,57.08234151060394,52.53603240868121,56.27561075767659,57.008819211559
2018-08-23,57.28,61.16,51.45,54.36,57.05525353537405,52.70974360785443,56.200488767179465,56.95636734598357
2018-08-24,59.22,63.1,57.28,62.13,57.10574852507182,53.60691088329686,56.43301861944693,57.05881551735023
2018-08-27,69.9,75.72,68.93,74.75,57.28131321636464,55.620538418220974,57.15133161476274,57.40913600215518
2018-08-28,78.64,78.64,70.87,74.75,57.455130995306284,57.44239190219993,57.841475473007335,57.75251944765706
2018-08-29,74.75,83.49,73.78,78.64,57.665925711770896,59.46121172103803,58.65710388583058,58.16613292394108
2018-08-30,77.66,79.61,66.99,67.96,57.76835431165377,60.27062012855822,59.0219233412882,58.360070885843236
2018-08-31,68.93,71.84,63.1,68.93,57.879415462781594,61.09532297345744,59.410475367120036,58.56937641285624
2018-09-04,63.1,65.04,54.36,62.13,57.921709836286254,61.19386364265197,59.51712339193886,58.63988381062147
2018-09-05,59.22,62.13,45.63,55.33,57.89592167871127,60.635400438589876,59.35292247460792,58.5743415569458
2018-09-06,55.33,55.33,41.74,51.45,57.831783154544986,59.76060039681941,59.043003946191924,58.433265486511225
2018-09-07,40.77,51.45,40.77,41.74,57.67166590922613,58.044352739979466,58.364454771831454,58.10270577390704
2018-09-10,46.6,50.48,46.6,47.57,57.571151820577114,57.0467953361719,57.94114281999493,57.894137342740564
2018-09-11,41.74,54.36,41.74,50.48,57.500593095994255,56.42138625653648,57.6485489839167,57.747322741894216
2018-09-12,52.42,55.33,45.63,50.48,57.43073644827292,55.855539946390145,57.367429415919965,57.603415360866606
2018-09-13,61.16,65.04,56.31,62.13,57.477495289583636,56.453107570543466,57.55419688980545,57.693050700255384
2018-09-14,59.22,67.96,55.33,58.25,57.48518190361763,56.62424018287266,57.58148328628367,57.70407939926023
2018-09-17,53.39,53.39,39.8,39.8,57.309209944377656,55.02193159402765,56.88417021623333,57.349543173532304
2018-09-18,46.6,52.42,45.63,48.54,57.22195412403559,54.404604775548826,56.556947854812414,57.17509677405641
2018-09-19,47.57,49.51,40.77,46.6,57.11626303822429,53.66130908263941,56.166479311486434,56.965688917144405
2018-09-20,51.45,60.19,51.45,59.22,57.13719574431161,54.19070821762614,56.28622522083991,57.01032874056729
2018-09-21,62.13,63.1,53.39,53.39,57.099910214517465,54.11445029213793,56.17264776119913,56.938639062536254
2018-09-24,45.63,56.31,45.63,55.33,57.08229916760684,54.23021693098194,56.13960275095603,56.90678482367415
2018-09-25,55.33,56.31,51.45,53.39,57.04555987240677,54.15019627088842,56.03177519209501,56.83714552023506
2018-09-26,59.22,68.93,54.36,54.36,57.0188378836266,54.17017757842286,55.96621538064031,56.78809313369575
2018-09-27,59.22,66.01,59.22,62.13,57.06969521811788,54.92825590428735,56.207932424536764,56.89387346768198
2018-09-28,61.16,65.04,57.28,60.19,57.10074302689282,55.42937438959331,56.36409193730003,56.95914330000511
2018-10-01,68.93,71.84,57.28,60.19,57.131481902247124,55.88276730487014,56.514127547601994,57.02312066040105
2018-10-02,61.16,66.99,54.36,54.36,57.103904967896405,55.737741847263464,56.429651957499956,56.97038559781885
2018-10-03,61.16,63.1,54.36,54.36,57.07660243090241,55.606528338000274,56.348489135637216,56.91869479390164
2018-10-04,43.68,43.68,19.41,28.15,56.78877554104269,52.99162087723834,55.24266603227889,56.34901766926993
2018-10-05,28.15,33.98,14.56,20.38,56.426499167499976,49.885752222263264,53.87550265846403,55.63675989364082
2018-10-08,15.53,27.18,12.62,21.35,56.077479275286045,47.16806153442867,52.59999275028897,54.957814153172684
2018-10-09,22.33,30.09,20.38,20.38,55.72228047652698,44.616817578768796,51.336463622826656,54.27310496202075
2018-10-10,14.56,15.53,2.91,2.91,55.196785148402334,40.64473971412415,49.437386618009924,53.25601377465401
2018-10-11,1.94,3.88,0.01,0.01,54.64766290811973,36.774764503255184,47.49905773102914,52.20163726426482
2018-10-12,1.94,4.85,0.97,4.85,54.1521637747056,33.7343107410404,45.826545663145644,51.26398108081403
2018-10-15,3.88,8.73,2.91,6.79,53.680898463514495,31.168185908560364,44.295700735179146,50.38330818812464
2018-10-16,8.73,24.27,8.73,23.3,53.3786009663651,30.418834869649853,43.47233992203486,49.84700505568652
2018-10-17,22.33,27.18,14.56,25.24,53.09861488709778,29.92561250111177,42.757346199602125,49.359737628841245
2018-10-18,19.41,21.35,8.73,11.65,52.68619085837044,28.185077977196364,41.537450270205966,48.61301015104241
2018-10-19,20.38,25.24,13.59,17.47,52.33578099908317,27.16459436032052,40.5936286909822,47.99631688072474
2018-10-22,21.35,21.35,12.62,14.56,51.959902581181844,25.964156802194758,39.572702075649566,47.33421159595792
2018-10-23,10.67,22.33,7.76,14.56,51.58776424704073,24.87804663055716,38.59181179817311,46.68521730692905
2018-10-24,14.56,18.44,5.82,5.82,51.13236360776669,23.0629945705041,37.30664270804868,45.87600508302946
2018-10-25,9.7,13.59,8.73,13.59,50.75880775097299,22.16080461140847,36.3765782881252,45.236678249702145
2018-10-26,9.7,16.5,8.73,10.67,50.35991414151057,21.066442267464804,35.36847717878696,44.552189571490224
2018-10-29,22.33,22.33,10.67,12.62,49.9843926077642,20.262019194372918,34.47638003452081,43.91986898591616
2018-10-30,13.59,23.3,13.59,23.3,49.71887626340834,20.551350699670735,34.03809062140235,43.511554748571285
2018-10-31,33,44.66,31.06,39.8,49.62018097720527,22.38455539494019,34.26404785193559,43.43805861493621
2018-11-01,46.6,62.13,37.86,62.13,49.74465678837736,26.169835833517315,35.35683028911458,43.808196068105794
2018-11-02,68.93,68.93,49.51,58.25,49.82928706909003,29.22508956365852,36.254601650325775,44.09417238358885
2018-11-05,63.1,63.1,53.39,62.13,49.95168222263142,32.35889055759581,37.26932315423457,44.45131748490392
2018-11-06,65.04,71.84,62.13,69.9,50.15017294678434,35.93423431401526,38.54895754034302,44.955251792133545
2018-11-07,78.64,86.4,75.72,85.29,50.49982296721434,40.63478342696619,40.38193959758447,45.753959677437834
2018-11-08,80.39,81.37,74.5,77.45,50.7679839327147,44.14099452915988,41.835589025130176,46.38160404026085
2018-11-09,70.58,70.58,62.74,66.66,50.92611344582202,46.28566171685894,42.80909533787017,46.78315643550321
2018-11-12,59.8,59.8,42.15,42.15,50.83878893392329,45.89178917239618,42.78324846187526,46.69141076351305
2018-11-13,61.76,66.66,47.05,50.98,50.840194019157884,46.37638067978702,43.104689698664465,46.7763333226514
2018-11-14,61.76,63.72,45.09,47.05,50.80248064583293,46.44053490075969,43.25940774969723,46.78175246477712
2018-11-15,43.13,65.68,39.21,65.68,50.95051566428236,48.27286491021115,44.138646661473814,47.15597518824688
2018-11-16,59.8,66.66,57.84,62.74,51.06782396613029,49.650687299714846,44.868111498278765,47.46456973897466
2018-11-19,58.82,60.78,41.17,45.09,51.00834313064641,49.21633612831343,44.87681300815019,47.41754855602467
2018-11-20,35.29,37.25,29.41,31.37,50.81293673133649,47.516685068474054,44.3471340666541,47.09977531729151
2018-11-21,39.21,44.11,36.27,36.27,50.66823089321374,46.44557220480986,44.030383711099034,46.8853243209095
2018-11-23,30.39,45.09,30.39,36.27,50.524964914176785,45.47647009006606,43.72605493811476,46.67511987891129
2018-11-26,44.66,53.39,43.68,53.39,50.55347272597602,46.230139605297865,44.10503317583575,46.80808780210116
2018-11-27,43.68,57.28,38.83,54.36,50.59134861924989,47.00441202384093,44.50718873756768,46.95763061790114
2018-11-28,52.42,74.75,47.57,74.75,50.831733210103124,49.646848973951315,45.69318133609444,47.50797456606151
2018-11-29,68.93,74.75,63.1,67.96,51.00216372542548,51.39095859547976,46.56638991114956,47.91296516871376
2018-11-30,68.93,77.66,66.99,77.66,51.26741582766005,53.892772062576924,47.785747169535846,48.502015363392694
2018-12-03,87.37,87.37,80.58,84.46,51.59769029703657,56.80393662804579,49.22395316288738,49.21405466312749
2018-12-04,84.46,86.4,44.66,45.63,51.538310294080986,55.73975218727952,49.08301382316631,49.14308328365962
2018-12-05,45.63,45.63,45.63,45.63,51.47952113692595,54.776918645633856,48.94760151637548,49.0735172780426
2018-12-06,22.33,52.42,20.38,52.42,51.48887913556351,54.552450203192535,49.08377400592938,49.139784262635814
2018-12-07,46.6,53.39,14.56,15.53,51.131079343169844,50.83602637431706,47.76793973118705,48.47424398020738
2018-12-10,21.35,27.18,12.62,24.27,50.863804921844775,48.3059286243821,46.846451898591475,47.99495202020328
2018-12-11,41.74,54.36,23.3,32.03,50.67640387784632,46.75584018396476,46.26541456923495,47.678814356436874
2018-12-12,54.36,64.07,45.63,45.63,50.6261909039374,46.64861730930145,46.24049635083358,47.63824377512129
2018-12-13,51.45,54.36,33,43.68,50.55707457653504,46.36589185127274,46.140084729232264,47.5598627102674
2018-12-14,24.27,33.98,15.53,19.41,50.247153436470015,43.798664055913434,45.09184611239962,47.00243968630171
2018-12-17,14.56,19.41,7.76,8.73,49.83404743212703,40.458791288683585,43.66589136289375,46.24456959350366
2018-12-18,8.73,13.59,7.76,8.73,49.42505193528994,37.43700164214229,42.295856407486156,45.50170682927587
2018-12-19,9.7,16.5,2.91,3.88,48.9718673389189,34.24109672384303,40.78935223464356,44.67751461483476
2018-12-20,3.88,3.88,0.01,1.94,48.50388855942717,31.164801797762742,39.26584822544185,43.831227196719226
2018-12-21,1.94,3.88,1.94,2.91,48.05021802649755,28.47386829321391,37.84012868718923,43.02090586609112
2018-12-24,1.94,1.94,0.97,0.98,47.58185764812443,25.85540464624116,36.39463344455436,42.18841268062397
2018-12-26,0.98,5.88,0.98,5.88,47.166913790929165,23.952985156122953,35.19798115261105,41.46943421170072
2018-12-27,3.92,10.78,1.96,10.78,46.804854947238326,22.6984151412541,34.240413264273364,40.86172264315219
2018-12-28,9.8,20.58,4.9,7.84,46.41714494776332,21.283327984944187,33.20510294018421,40.20782714526799
2018-12-31,17.64,17.64,6.86,11.76,46.07229773435274,20.376344367330454,32.36411851115738,39.644503835460704
2019-01-02,5.88,32.35,5.88,25.24,45.865011189732314,20.839549665679932,32.084741314641406,39.35926613574861
2019-01-03,20.38,20.38,10.67,10.67,45.51481207341657,19.871021126091367,31.244947537596644,38.7911618558328
2019-01-04,20.38,48.54,20.38,45.63,45.51595822193979,22.324257209320763,31.80906724200462,38.92658439334106
2019-01-07,51.45,76.69,44.66,61.16,45.67162032918417,26.02289937986164,32.9600842129064,39.366850048918465
2019-01-08,77.66,78.64,59.22,75.72,45.9706091816301,30.75595658177958,34.63694365553752,40.086714404385425
2019-01-09,82.52,88.34,77.66,86.4,46.372891677335275,36.055389288276764,36.66686743375173,41.003809168655025
2019-01-10,80.58,89.32,79.61,88.34,46.790474844724976,41.03487602272659,38.69326478929088,41.94115948214701
2019-01-11,86.4,88.34,84.46,88.34,47.20390295572274,45.54012592532406,40.64019558186771,42.85994840329261
2019-01-14,84.46,92.23,83.49,85.43,47.584262130292664,49.33916155148368,42.39665850022584,43.7029197220393
2019-01-15,94.17,94.17,94.17,94.17,48.04780181058826,53.60876521324714,44.42698561786404,44.70226784635535
2019-01-16,93.2,96.11,93.2,95.14,48.51638089705007,57.564120907223604,46.41573127990859,45.70103481969485
2019-01-17,96.11,98.05,95.14,98.05,49.00925272892022,61.41991891605945,48.44060456304943,46.73764799158208
2019-01-18,97.08,98.05,97.08,98.05,49.497220363458325,64.90849806691094,50.38607105077298,47.75373416996659
2019-01-22,96.11,97.08,89.32,90.29,49.903118668299534,67.32578396530037,51.9509310095662,48.59603646363062
2019-01-23,92.23,94.17,83.49,88.34,50.28557519896322,69.32713787336701,53.37795332291654,49.383045642568625
2019-01-24,88.34,88.34,83.49,85.43,50.63527096812777,70.8607437901892,54.634896329860986,50.09684671895341
2019-01-25,89.32,91.26,88.34,89.32,51.02019364506182,72.61876819112356,55.995096473788,50.87354282352859
2019-01-28,82.52,84.46,79.61,82.52,51.33362455406618,73.56174264911179,57.03528876893357,51.500205341874555
2019-01-29,81.55,82.52,73.78,77.66,51.59557853860284,73.95205287300591,57.84410097407343,52.018221077679016
2019-01-30,80.58,89.32,79.61,86.4,51.941891189960025,75.13757164700534,58.96394015156074,52.69904838307151
2019-01-31,87.37,91.26,87.37,90.29,52.323464411950475,76.58066006157627,60.19241308679366,53.44342366261465
2019-02-01,88.34,90.29,85.43,86.4,52.662534417801716,77.5158352938071,61.22016159319391,54.09602913464208
2019-02-04,85.43,92.23,83.49,92.23,53.05624054299772,78.91718431344452,62.43623368757846,54.85115727058976
2019-02-05,90.29,95.14,90.29,93.2,53.45568093560471,80.27745247406885,63.64265589590872,55.610540294934516
2019-02-06,89.32,91.26,81.55,86.4,53.78348510539969,80.86055223844325,64.53510076273582,56.220232566321954
2019-02-07,78.64,82.52,70.87,79.61,54.04046535310716,80.74145202525817,65.12627328184422,56.683396277879936
2019-02-08,72.81,80.58,70.87,80.58,54.30454032471803,80.72607564190025,65.73230178059542,57.156596351585286
2019-02-11,84.46,84.46,78.64,79.61,54.556335943377555,80.61978272362404,66.27652524017991,57.60121820600934
2019-02-12,83.49,89.32,83.49,87.37,54.88284006334395,81.26266055946937,67.1037203288003,58.190699033613114
2019-02-13,92.23,92.23,85.43,87.37,55.20609538609675,81.844311934758,67.89847639433755,58.76850697354157
2019-02-14,82.52,88.34,82.52,86.4,55.51648249668285,82.27818698859056,68.62402633965765,59.31566525129322
2019-02-15,88.34,90.29,87.37,89.32,55.852835904676056,82.94883584682003,69.43563314986714,59.90981049384187
2019-02-19,88.34,89.32,87.37,88.34,56.176091268808634,83.46228005188479,70.1769808694802,60.47278454346876
2019-02-20,87.37,88.34,85.43,87.37,56.48647842036278,83.83444385646719,70.85121691381431,61.005402671320866
2019-02-21,83.49,83.49,75.72,77.66,56.69716022712534,83.2464015844227,71.11822801523336,61.335196677829366
2019-02-22,75.72,82.52,74.75,79.61,56.925148682576825,82.90007762400148,71.45123868130264,61.697073971337694
2019-02-25,85.43,88.34,83.49,84.46,57.19912730265069,83.04864165981087,71.96138618399665,62.14782498180625
2019-02-26,80.58,84.46,79.61,82.52,57.451076284713864,82.99829483506697,72.37544947089874,62.55123438810712
2019-02-27,75.72,79.61,66.01,76.69,57.64250836148288,82.39750485077488,72.5446475308635,62.831209944778266
2019-02-28,66.01,71.84,61.16,67.96,57.745169969826335,81.02250438879632,72.36485743161396,62.93277014389157
2019-03-01,70.87,74.75,61.16,71.84,57.88541703480319,80.14798016129191,72.34427478723694,63.109150933121434
2019-03-04,75.72,77.66,52.42,63.1,57.93730343246684,78.52436300307363,71.98175420734529,63.10896972652497
2019-03-05,59.22,65.04,58.25,60.19,57.959718323686076,76.7782331932571,71.5193324737239,63.0511683458017
2019-03-06,58.25,58.25,45.63,48.54,57.86598978315189,74.08887765104214,70.6181821806367,62.763818477568
2019-03-07,44.66,44.66,30.09,35.92,57.64762172560809,70.45374644618099,69.25746915394505,62.23225771563596
2019-03-08,23.3,26.21,18.44,26.21,57.33480956913438,66.24005630844947,67.5693331086923,61.51894568166297
2019-03-11,30.09,46.6,29.12,46.6,57.227995543570856,64.3695747552638,66.74700632011614,61.223521014699344
2019-03-12,44.66,59.22,42.71,51.45,57.170503050600004,63.1391390642863,66.14712371932727,61.02998594510134
2019-03-13,54.36,71.84,54.36,63.1,57.22950302024577,63.13541153435427,66.02762867151051,61.07097632242606
2019-03-14,65.04,65.04,55.33,63.1,57.287915925516955,63.13203900727291,65.9128197040003,61.111155009110696
2019-03-15,73.78,74.75,66.99,68.93,57.403757558098874,63.684225768485014,66.03114049992186,61.26598362279167
2019-03-18,73.78,77.66,66.99,72.81,57.55705350279441,64.5533471238674,66.29697812737591,61.49457800649877
2019-03-19,75.72,78.64,67.96,74.75,57.72812759729397,65.52445692159431,66.62846918120431,61.757061610330474
2019-03-20,72.81,76.69,61.16,64.07,57.791230805281096,65.38593721477581,66.5281370564512,61.80286237052195
2019-03-21,64.07,84.46,64.07,84.46,58.05659169279074,67.2025146228924,67.23134736796291,62.25151856120468
2019-03-22,80.58,80.58,62.13,64.07,58.116426601320185,66.90417989690265,67.10737296137613,62.28752809464618
2019-03-25,56.31,62.13,45.63,57.28,58.10810394857073,65.98759133529288,66.7219857864202,62.18836912247497
2019-03-26,75.72,77.66,63.1,70.87,58.23508798888346,66.45258263669355,66.88465301048215,62.360282605198236
2019-03-27,71.84,72.81,46.6,59.22,58.244888108397056,65.76376524272274,66.5840783826201,62.29809879123391
2019-03-28,59.22,65.04,52.42,58.25,58.24493897299012,65.04816855293963,66.2572517793801,62.21793841913027
2019-03-29,68.93,75.72,67.96,75.72,58.41882017723898,66.06453345265966,66.6283399448946,62.485305975187096
2019-04-01,84.46,88.34,83.49,88.34,58.716543359555004,68.18600645716826,67.47977759411442,62.9972801142923
2019-04-02,87.37,88.34,84.46,86.4,58.99200063955943,69.92067250886652,68.22174710022759,63.46070031004889
2019-04-03,88.34,91.26,86.4,88.34,59.284020533693166,71.67489417468876,69.01069819433631,63.953359709849906
2019-04-04,88.34,89.32,80.58,83.49,59.52487605077084,72.80014234852793,69.57851395142116,64.3402238740113
2019-04-05,84.46,88.34,84.46,86.4,59.79229021941989,74.09536688676336,70.23818007097327,64.77705112403088
2019-04-08,85.43,85.43,79.61,83.49,60.02808832668934,74.99009384992875,70.75785928387629,65.14760456711937
2019-04-09,81.55,85.43,79.61,83.49,60.26154018413522,75.79960872136411,71.2571589198027,65.51082031826553
2019-04-10,85.43,89.32,82.52,86.4,60.521624361407504,76.8091697955199,71.85099582490848,65.92446744067611
2019-04-11,88.34,88.34,79.61,82.52,60.740513671244244,77.35305838642277,72.2693881455003,66.25309184779144
2019-04-12,82.52,84.46,80.58,83.49,60.96687671929156,77.93752901628727,72.70941213979441,66.59441676169656
2019-04-15,84.46,84.46,74.75,81.55,61.17168391611453,78.28157387187896,73.05610185980247,66.89056692483129
2019-04-16,83.49,83.49,74.75,76.69,61.32609502142682,78.12999540789049,73.19860766922199,67.0846151045376
2019-04-17,74.75,74.75,67.96,69.9,61.41140750877581,77.34618632142472,73.06925050572309,67.14036530048736
2019-04-18,66.99,69.9,62.13,69.9,61.495871115653664,76.63702571938427,72.94496617216532,67.19501153216088
2019-04-22,66.01,69.9,66.01,69.9,61.57949428863223,75.99540422230005,72.82555573404119,67.2485756602369
2019-04-23,67.96,76.69,67.96,76.69,61.72984757929261,76.06155620112862,72.97710256800036,67.43553455805399
2019-04-24,74.75,74.75,70.87,71.84,61.83044611084194,75.65950322959256,72.93251031043172,67.52275169551827
2019-04-25,66.01,70.87,61.16,68.93,61.90108843809725,75.01859816010756,72.77554912178734,67.55061799857731
2019-04-26,60.19,66.01,57.28,66.01,61.941973130255484,74.1606364305735,72.51023346995254,67.52011071147678
2019-04-29,66.01,67.96,62.13,62.13,61.943844044382296,73.01486153242365,72.10316549073872,67.41337584590298
2019-04-30,63.1,66.01,59.22,62.13,61.945696342448144,71.97820805314521,71.71206096169014,67.3087545420237
2019-05-01,63.1,66.99,55.33,55.33,61.87986851814518,70.39266442903615,71.0696271984866,67.07155148178562
2019-05-02,56.31,62.13,51.45,57.28,61.83409868214373,69.14383924531842,70.5288575044283,66.8776593732354
2019-05-03,60.19,65.04,57.28,64.07,61.85634645645076,68.66061646005,70.27556897484288,66.82206215792381
2019-05-06,41.74,53.39,40.77,50.48,61.74314897927214,66.92912917814047,69.49927215230002,66.4984569666778
2019-05-07,42.71,43.68,26.21,35.92,61.48620222325948,63.97587878022233,68.18243795024904,65.89294296733763
2019-05-08,30.09,40.77,26.21,31.06,61.18345394243103,60.84103318210592,66.72665606984711,65.20318172045965
2019-05-09,23.3,30.09,20.38,30.09,60.87406634101381,57.91236335523869,65.28992445926487,64.50787119134164
2019-05-10,25.24,37.86,17.47,35.92,60.62576717344153,55.817852559501674,64.13816271576428,63.94177473210715
2019-05-13,20.38,21.35,12.62,13.59,60.15774958962619,51.79615231573961,62.155881824949994,62.94470988592681
2019-05-14,13.59,28.15,13.59,21.35,59.77160282754036,48.896518761859646,60.555651165148035,62.12105226442331
2019-05-15,16.5,32.03,16.5,31.06,59.48591523721658,47.19780268930158,59.39895896259321,61.505981922553545
2019-05-16,32.03,46.6,32.03,41.74,59.3093389661995,46.67801195698715,58.706450767981714,61.114576339928725
2019-05-17,37.86,44.66,34.95,36.89,59.08626096653582,45.74582034203599,57.85090367904125,60.63488175894004
2019-05-20,25.24,30.09,23.3,26.21,58.75913399174442,43.88526602374685,56.61008392692199,59.953200932030335
2019-05-21,32.03,38.83,30.09,33.98,58.512575444562884,42.94190735481858,55.72262965527799,59.43888012149508
2019-05-22,33,37.86,32.03,36.89,58.29742544013937,42.36553522578824,54.98409515899258,58.99236764384171
2019-05-23,27.18,28.15,21.35,23.3,57.94919235118276,40.54976996618936,53.741581623345816,58.28558808653791
2019-05-24,27.18,30.09,23.3,25.24,57.62372775067348,39.09169663607609,52.62387254007735,57.63122000561637
2019-05-28,31.06,34.95,21.35,21.35,57.26279513623892,37.40201124216408,51.39744616595667,56.912780005505155
2019-05-29,16.5,16.5,8.73,10.67,56.799185234385796,34.856105409577026,49.80029141435053,55.997081391534756
2019-05-30,12.62,20.38,12.62,19.41,56.42715354051131,33.38504775152207,48.608515280454434,55.27258473031625
2019-05-31,6.79,12.62,4.85,10.67,55.97185848040672,31.221709870424732,47.12073036749543,54.38936523070603
2019-06-03,17.47,17.47,7.76,12.62,55.54049670448228,29.450118454193806,45.767760549162276,53.56224908752373
2019-06-04,21.35,36.89,17.47,36.89,55.35491962284564,30.158678601413442,45.41961307664611,53.23210554123613
2019-06-05,45.63,49.51,37.86,49.51,55.296761218638224,32.00166159175502,45.58002040697371,53.15840048101363
2019-06-06,56.31,59.22,47.57,56.31,55.30684319656222,34.3167414401593,46.00080392042572,53.22080839228069
2019-06-07,65.04,71.84,63.1,68.93,55.4423969956014,37.613242255382225,46.899988080409024,53.53188149342365
2019-06-10,81.55,82.52,75.72,76.69,55.65381593096855,41.33483823106011,48.06822384196161,53.99045809751427
2019-06-11,83.49,83.49,73.78,79.61,55.89218592170518,44.98009173286391,49.30515624031606,54.49777575894963
2019-06-12,71.84,75.72,69.9,71.84,56.05087063890214,47.53817823449592,50.18887560344092,54.84118613996053
2019-06-13,78.64,78.64,73.78,76.69,56.256235110156844,50.314542212162976,51.22813538369814,55.27383591936725
2019-06-14,69.9,72.81,65.04,67.96,56.37269048219508,51.99506200148079,51.8842869372786,55.52504708928077
2019-06-17,73.78,87.37,73.78,74.75,56.55554928336727,54.16219895372071,52.780981567189244,55.90573922612669
2019-06-18,84.46,94.17,84.46,89.32,56.88156371835864,57.51056095812826,54.21388425082888,56.5674077563024
2019-06-19,94.17,97.08,90.29,96.11,57.271896417678455,61.18669800973509,55.85686918216893,57.350429384890475
2019-06-20,98.05,99.02,97.08,97.08,57.667996950835885,64.60510772309365,57.473462547574066,58.137153555486705
2019-06-21,95.14,97.08,94.17,94.17,58.03120096127533,67.42081174946568,58.9125424476692,58.85067526725925
2019-06-24,95.14,96.11,92.23,92.23,58.37148751887458,69.78359158284991,60.2191094105057,59.51165199464025
2019-06-25,91.26,91.26,83.49,85.43,58.640726449035036,71.27372571781659,61.2077717865643,60.02488660860777
2019-06-26,87.37,88.34,75.72,78.64,58.83972419581081,71.97527564945311,61.89138857924805,60.393502715368015
2019-06-27,82.52,85.43,77.66,83.49,59.0850005719719,73.07191606379091,62.7383929486893,60.850859097241916
2019-06-28,83.49,86.4,79.61,83.49,59.327836387176156,74.06411453390606,63.55218146050541,61.29915891709851
2019-07-01,91.26,92.23,87.37,88.34,59.61651463207988,75.42372267353406,64.5242527757797,61.83462111675993
2019-07-02,86.4,89.32,86.4,88.34,59.902320456636296,76.65384432367367,65.45820364731775,62.35948010454686
2019-07-03,90.29,92.23,88.34,92.23,60.22398890980409,78.13728772141903,66.5080780140896,62.950975548021184
2019-07-05,85.43,88.34,78.64,88.34,60.50375021418415,79.10897460509341,67.36423181745864,63.45372850746631
2019-07-08,78.64,79.61,71.84,74.75,60.64550394339625,78.69383416651308,67.65386978540144,63.677417051872915
2019-07-09,70.87,76.69,68.93,73.78,60.77619544644703,78.22584996017851,67.89411018597393,63.87746819936058
2019-07-10,82.52,84.46,75.72,80.58,60.973248228074425,78.45005472587579,68.39159606103378,64.20821140333364
2019-07-11,78.64,79.61,71.84,75.72,61.119982076551295,78.19004951388762,68.67898445079716,64.4361676131686
2019-07-12,79.61,83.49,77.66,83.49,61.342569319570686,78.69480670304118,69.25980858998159,64.81347122478903
2019-07-15,79.61,81.55,77.66,80.58,61.53398654027148,78.87434892179917,69.70373766488427,65.12567971538726
2019-07-16,73.78,76.69,71.84,72.81,61.64618567917425,78.29679188162783,69.82555187410449,65.2778444734984
2019-07-17,74.75,75.72,66.99,66.99,61.699357960973515,77.21995455956804,69.7143537613945,65.31174854333013
2019-07-18,65.04,72.81,64.07,71.84,61.8002598718096,76.70757793484728,69.79771243741826,65.44102084940279
2019-07-19,72.81,74.75,64.07,64.07,61.82284435069707,75.50399908390945,69.57309626340185,65.41387192169185
2019-07-22,67.96,70.87,66.99,66.99,61.87425883476973,74.69314202829902,69.47179837071943,65.44508237868806
2019-07-23,66.99,69.9,61.16,69.9,61.9541169558168,74.23665231131817,69.48859059147553,65.53329856920908
2019-07-24,63.1,75.72,63.1,74.75,62.081439175161904,74.2855425673831,69.69492037220198,65.71580750843266
2019-07-25,70.87,70.87,59.22,63.1,62.091574108742385,73.2202527990609,69.43629604388033,65.66400933994885
2019-07-26,64.07,66.99,60.19,62.13,62.091956455919075,72.1640382467694,69.14977463039483,65.59402895697956
2019-07-29,66.01,66.01,60.19,62.13,62.09233499864625,71.20841555660088,68.8744893507715,65.52543432416807
2019-07-30,56.31,60.19,53.39,57.28,62.04445106831146,69.88189978930556,68.4198034938785,65.36215839695683
2019-07-31,55.33,55.33,33,39.8,61.82311324673622,67.01695695222884,67.29745825882445,64.85597704256165
2019-08-01,41.74,55.33,29.12,33,61.53631610000252,63.777246766302284,65.9524598957333,64.22516561597627
2019-08-02,27.18,27.18,21.35,25.24,61.175158725873146,60.10703278855921,64.35589284099866,63.45318213843218
2019-08-05,15.53,15.53,4.85,6.79,60.63401286790426,55.02922014202976,62.09840684723401,62.33113892777016
2019-08-06,12.62,13.59,6.79,13.59,60.16591323737785,51.08262774755073,60.196116382636596,61.36596785989352
2019-08-07,8.73,17.47,5.82,16.5,59.73142653849847,47.7890441525459,58.48254319116065,60.47753285276692
2019-08-08,20.38,33,20.38,33,59.465442194831816,46.38056375706534,57.48322777189945,59.933423291325994
2019-08-09,29.12,31.06,23.3,24.27,59.11523878990812,44.27479578020197,56.1807482514328,59.22721688951756
2019-08-12,21.35,24.27,13.59,14.56,58.6719030805558,41.44481522970654,54.548562045494265,58.34271754517067
2019-08-13,15.53,42.71,15.53,35.92,58.44551598522689,40.91864235068687,53.81803020057292,57.89870333635541
2019-08-14,16.5,17.47,10.67,11.65,57.979888960498265,38.13115260300241,52.1643819574132,56.98288742870481
2019-08-15,13.59,13.59,11.65,12.62,57.52854678178684,35.701519021764085,50.6136218806519,56.10441441031461
2019-08-16,21.35,25.24,19.41,22.33,57.17831248545065,34.428041019691314,49.504460238273396,55.435614124961845
2019-08-19,40.77,44.66,38.83,39.8,57.005393953257105,34.939656160673096,49.12389317010581,55.12599800367547
2019-08-20,40.77,44.66,33.98,33.98,56.776285555712256,34.84826033584709,48.53001500657225,54.70726536993932
2019-08-21,46.6,51.45,44.66,49.51,56.7039842068992,36.24461649433784,48.56844579062824,54.60434922399993
2019-08-22,56.31,57.28,40.77,49.51,56.63240227449224,37.50798635201995,48.60536948511341,54.503471021544485
2019-08-23,46.6,48.54,14.56,16.5,56.2330748886764,35.50722574706567,47.34633538765798,53.75092704091984
2019-08-26,34.95,36.89,23.3,34.95,56.02130299923683,35.45415662829751,46.86020458814198,53.37863145595113
2019-08-27,43.68,48.54,29.12,33,55.792235307702136,35.22042742560251,46.316667153312885,52.975094199397645
2019-08-28,25.24,45.63,25.24,41.74,55.652412070809575,35.84133909935465,46.137190010045714,52.75261708653829
2019-08-29,66.99,71.84,62.13,66.01,55.75547264721943,38.71454489941611,46.9165158920047,53.015139520468225
2019-08-30,73.78,73.78,66.01,68.93,55.886562471625204,41.59220728994791,47.77978977859276,53.33028527253816
2019-09-03,57.28,64.07,39.8,46.6,55.79415886494237,42.069139929000485,47.73352351276559,53.197012296844335
2019-09-04,66.01,66.01,57.28,65.04,55.88615728419667,44.256840888143294,48.41220886520616,53.431526904827614
2019-09-05,80.58,86.4,78.64,83.49,56.16082238584646,47.993332232129646,49.787808517551014,54.026744193840926
2019-09-06,85.43,87.37,82.52,82.52,56.42310276011664,51.281586305260156,51.071423869803915,54.5909670810916
2019-09-09,83.49,84.46,72.81,74.75,56.605459946583146,53.516673323806806,51.99999548275278,54.99015585176305
2019-09-10,70.87,70.87,66.99,70.87,56.74739566850769,55.16937110249187,52.73999565989973,55.30460821113408
2019-09-11,68.93,71.84,67.96,69.9,56.878267353398165,56.57228814034979,53.41293700657033,55.59362587031954
2019-09-12,76.69,77.66,72.81,72.81,57.03679205634943,58.11873688888791,54.173606143567575,55.934544169917174
2019-09-13,71.84,76.69,70.87,72.81,57.19373939907232,59.51790480423192,54.90444511832963,56.268711612097036
2019-09-16,68.93,72.81,66.01,71.84,57.33947333539996,60.691437680019355,55.568584525453964,56.577053956411945
2019-09-17,73.78,77.66,69.9,77.66,57.54166763057011,62.30749123430323,56.43491454406361,56.99453803648299
2019-09-18,76.69,76.69,64.07,73.78,57.7032430770321,63.40011111675054,57.115113973708176,57.326923421899174
2019-09-19,74.75,81.55,69.9,69.9,57.82460384243476,64.01914815325048,57.6164820531706,57.57589523532691
2019-09-20,71.84,75.72,62.13,62.13,57.867443605196605,63.839229281512345,57.79348275696783,57.66607552769668
2019-09-23,56.31,62.13,52.42,56.31,57.851946653901116,63.122159826130215,57.735306962576935,57.63922254695021
2019-09-24,56.31,64.07,29.12,35.92,57.633718328986674,60.531477937927335,56.879804728750386,57.209138932159114
2019-09-25,33.98,47.57,26.21,46.6,57.52393008690721,59.20467051526759,56.47667513154449,56.999056973106455
2019-09-26,43.68,52.42,31.06,42.71,57.376527797485245,57.633749513813534,55.93680551854275,56.71610534987663
2019-09-27,41.74,46.6,12.62,24.27,57.04710961044559,54.45624956011701,54.69497000801166,56.073608214235506
2019-09-30,24.27,39.8,24.27,33.98,56.817586131734686,52.50613055439158,53.88261824299159,55.636111021874406
2019-10-01,39.8,41.74,18.44,21.35,56.464674826941305,49.53888002540191,52.60682929228604,54.95717813035214
2019-10-02,14.56,14.56,3.88,7.76,55.98005119682249,45.55993907060173,50.84813010435325,54.02258054361249
2019-10-03,7.76,14.56,1.94,14.56,55.56791138391878,42.60756392102061,49.42506617869234,53.241143305125114
2019-10-04,23.3,35.92,21.35,35.92,55.37240977810865,41.9706530713996,48.89545574031225,52.89815036838996
2019-10-07,31.06,38.83,28.15,29.12,55.111191770366275,40.746781350313924,48.11994767206471,52.427295905649565
2019-10-08,18.44,22.33,7.76,8.73,54.64968737464124,37.69756407885546,46.57524384178767,51.56200291741888
2019-10-09,15.53,28.15,15.53,26.21,54.36670541071446,36.6035103570597,45.77660682838423,51.05998305766801
2019-10-10,25.24,38.83,25.24,36.89,54.1928078444387,36.63079508495878,45.4281124429574,50.7793893337538
2019-10-11,65.04,77.66,64.07,64.07,54.2910883633995,39.24405269591508,46.15916685695907,51.042569742986394
2019-10-14,63.1,66.99,61.16,64.07,54.38839096674876,41.60842862963745,46.86155247041165,51.300538658966865
2019-10-15,70.87,86.4,70.87,84.46,54.687610957129365,45.68953066491007,48.336001393140606,51.95716165581901
2019-10-16,79.61,83.49,76.69,77.66,54.91619194263057,48.73433726825197,49.48596212282136,52.46612875174338
2019-10-17,84.46,88.34,79.61,79.61,55.161901475539715,51.6748765760375,50.667296941534254,53.00363115269896
2019-10-18,80.58,80.58,66.01,68.93,55.29889748075823,53.31822166403393,51.38348137519958,53.31900479323957
2019-10-21,75.72,80.58,72.81,80.58,55.550450739656156,55.91458150555451,52.52844288989763,53.85882648050215
2019-10-22,79.61,80.58,65.04,66.99,55.6642771004556,56.96938326693027,53.095562776568315,54.11884971851201
2019-10-23,58.25,67.96,55.33,63.1,55.73826439298838,57.55325152722263,53.48789364807544,54.29669427854147
2019-10-24,71.84,72.81,64.07,71.84,55.89848066768501,58.91389423891571,54.207584093248954,54.644086471045604
2019-10-25,68.93,74.75,66.01,70.87,56.04745100930008,60.0525709780666,54.86101216802351,54.96539168944074
2019-10-28,77.66,78.64,73.78,73.78,56.22389428283939,61.35994517063168,55.602933259473566,55.33795819063994
2019-10-29,73.78,76.69,70.87,70.87,56.36962667803502,62.26566467819057,56.20164175910205,55.6455233749837
2019-10-30,69.9,77.66,66.01,77.66,56.581471188701336,63.73179185169623,57.04314600384315,56.08145360518205
2019-10-31,74.75,74.75,63.1,68.93,56.7043421221471,64.22685929439183,57.50929714094734,56.33588026646557
2019-11-01,74.75,80.58,73.78,78.64,56.922607374663045,65.5995393615926,58.337952155027835,56.777546003763284
2019-11-04,81.55,81.55,75.72,75.72,57.10964610725346,66.56339275572664,59.01960109012478,57.152644102698666
2019-11-05,72.81,75.72,70.87,71.28,57.250644653449946,67.01259344565743,59.50040104737479,57.432393724427406
2019-11-06,68.31,70.29,66.33,67.32,57.35083724396288,67.04187026035672,59.80705198669342,57.62818790810211
2019-11-07,68.31,70.29,66.33,66.33,57.440182147008024,66.97407309270369,60.062853869568194,57.80050101883276
2019-11-08,66.33,70.29,63.36,70.29,57.568041031117396,67.28987565530333,60.46391842370277,58.047817830341025
2019-11-11,63.36,68.31,63.36,66.33,57.65522470244956,67.19845892622682,60.693960838459525,58.211821437661
2019-11-12,68.31,73.26,61.38,65.34,57.73169012829583,67.02146283801474,60.87615845263758,58.35297348840039
2019-11-13,59.4,65.34,59.4,62.37,57.777842465327716,66.57846637725143,60.934740474102774,58.432518567838
2019-11-14,61.38,68.31,61.38,67.32,57.87278930646873,66.649088627037,61.18514280845169,58.608508299167944
2019-11-15,71.28,72.27,69.3,69.3,57.986492895459094,66.901556376843,61.503372502237895,58.82022100611511
2019-11-18,68.31,71.28,68.31,69.3,58.09906510545453,67.12997957904844,61.80912260018935,59.027741382231646
2019-11-19,71.28,71.28,64.35,67.32,58.190815701420156,67.14807676199621,62.025235439397605,59.191944523177554
2019-11-20,65.34,65.34,50.49,59.4,58.20284738598314,66.41016468942514,61.92228503000946,59.196064433609685
2019-11-21,58.41,58.41,53.46,55.44,58.17535636721714,65.36538709995608,61.66807777393066,59.12168692007286
2019-11-22,54.45,54.45,45.54,49,58.08405928893637,63.80677880472217,61.17129041024711,58.92125747611102
2019-11-25,61,69,61,69,58.19267561441959,64.30137129951054,61.47829862945311,59.120836535990016
2019-11-26,64,72,62,71,58.320111677957705,64.93933593765239,61.85169868320004,59.35606749567338
2019-11-27,77,78,73,77,58.50598121350041,66.08797061025692,62.445749715231415,59.70545229773925
2019-11-29,73,73,68,69,58.61039931087852,66.3653067426134,62.702779138163514,59.889502747288965
2019-12-02,60,60,47,49.51,58.51984807395436,64.76003943379307,62.185415250392396,59.683968039421856
2019-12-03,35.92,40.77,35.92,40.77,58.34323267023342,62.47527377343182,61.34559504449466,59.30943401883925
2019-12-04,53.39,56.31,49.51,51.45,58.2746432904301,61.42524769977165,60.95753249373016,59.15380166203055
2019-12-05,54.36,54.36,45.63,50.48,58.19708465072433,60.382843156936254,60.54664886652506,58.98204321327747
2019-12-06,66.99,70.87,65.04,66.01,58.2748251019609,60.918762856275656,60.7608979305829,59.12121067440069
2019-12-09,68.93,68.93,55.33,55.33,58.24552335965283,60.386499727106546,60.54792154114828,59.04613719569969
2019-12-10,56.31,63.1,55.33,58.25,58.24556790333788,60.18302356262021,60.45780697090717,59.03037210271554
2019-12-11,62.13,69.9,60.19,66.01,58.32282593415044,60.73797369951352,60.675540030871595,59.16858255612711
2019-12-12,73.78,77.66,65.04,68.93,58.428369954706156,61.51816668051223,60.99924434338644,59.36187795105529
2019-12-13,74.75,76.69,64.07,68.93,58.532863786002615,62.2240555680825,61.31025436913599,59.55134571440073
2019-12-16,77.66,81.55,74.75,75.72,58.703880066738904,63.5093836092175,61.87534243309144,59.8715170863928
2019-12-17,76.69,76.69,73.78,76.69,58.88284643423404,64.76468040833964,62.45630939649962,60.20455635200879
2019-12-18,77.66,81.55,73.78,74.75,59.04072855926654,65.71566322659301,62.93841491036238,60.492584939097725
2019-12-19,76.69,85.43,75.72,84.46,59.29365663330369,67.50083815739367,63.78239863936778,60.96718721753143
2019-12-20,86.4,87.37,83.49,87.37,59.573023233967334,69.39313928526094,64.70740261429454,61.4900151934219
2019-12-23,88.34,89.32,84.46,84.46,59.8206548435796,70.82807840095037,65.48201427647906,61.944866377710575
2019-12-24,86.4,86.4,83.49,86.4,60.085125939663385,72.31111855324082,66.30232744210734,62.42912644943908
2019-12-26,87.37,89.32,83.49,86.4,60.34696548255231,73.65291678626551,67.09047146398548,62.90379721281653
2019-12-27,88.34,88.34,83.49,84.46,60.586896174268205,74.68216280662118,67.77162944578997,63.33065271355284
2019-12-30,77.66,82.52,74.75,75.72,60.73747432178792,74.78100444408582,68.08333025183742,63.575986323185454
2019-12-31,77.66,78.64,73.78,78.64,60.91560890565073,75.14852783036336,68.49731730078497,63.87428362371644
2020-01-02,89.32,89.32,78.64,84.46,61.14988145385321,76.03533470366209,69.12330485761693,64.28192157176166
2020-01-03,72.81,76.69,69.9,69.9,61.23694731003378,75.45101711283712,69.15376349065156,64.39317064954855
2020-01-06,69.9,70.87,62.13,70.87,61.33279858058071,75.01472976875739,69.22106688317503,64.52142469609214
2020-01-07,68.93,74.75,67.96,71.84,61.43734784843563,74.71237455268526,69.32377014265836,64.66634697933785
2020-01-08,70.87,76.69,67.96,73.78,61.560160307655174,74.62357697623905,69.49852425471097,64.84681535598462
2020-01-09,77.66,77.66,72.81,73.78,61.68175075235512,74.54323631183533,69.66642526433014,65.02371010141067
2020-01-10,78.64,78.64,69.9,70.87,61.77317611800333,74.19340428213673,69.7136242735721,65.13947821821442
2020-01-13,72.81,78.64,72.81,74.75,61.902298743694836,74.2464133981237,69.91112920402024,65.32978558022998
2020-01-14,79.61,83.49,76.69,83.49,62.11710174127001,75.12675497925478,70.44363394111748,65.68939378656206
2020-01-15,83.49,84.46,78.64,81.55,62.31046391299867,75.73849260027814,70.87917770813249,66.00346519672915
2020-01-16,84.46,87.37,82.52,87.37,62.55981253077978,76.84625520977545,71.52587662153906,66.42656489580382
2020-01-17,83.49,87.37,80.58,83.49,62.76807310261282,77.47899280884445,71.9950579304983,66.7644546998473
2020-01-21,71.84,78.64,71.84,76.69,62.906599738407714,77.40385063657355,72.17917330577288,66.96100015133548
2020-01-22,78.64,79.61,73.78,75.72,63.03409625842356,77.24348390928083,72.3180292545661,67.1344456928932
2020-01-23,71.84,75.72,70.87,72.81,63.131368932469094,76.82124734649217,72.33732222497527,67.2468329068953
2020-01-24,70.87,70.87,58.25,61.16,63.111753321200744,75.32969998015959,71.89899586321152,67.1263015622043
2020-01-27,40.77,43.68,37.86,38.83,62.87014383541765,71.85353807728725,70.60217249602675,66.56597875899234
2020-01-28,38.83,56.31,38.83,52.42,62.76616230471698,70.00272492706942,69.88914612363355,66.28586036772516
2020-01-29,52.42,52.42,43.68,45.63,62.5956532270581,67.68151302925328,68.93780705996164,65.8768334297504
2020-01-30,39.8,49.51,33.98,49.51,62.465447722311254,65.95089274075296,68.17593227329648,65.5527377182702
2020-01-31,40.77,42.71,24.27,24.27,62.085393516119105,61.9812839083003,66.454131007677,64.73525776345296
2020-02-03,39.8,42.71,36.89,38.83,61.85399656570996,59.776399726557415,65.37083175247399,64.22228236219647
2020-02-04,54.36,61.16,53.39,60.19,61.837439385951654,59.81579022879004,65.16766187982795,64.14243518670743
2020-02-05,70.87,73.78,66.99,71.84,61.936967352260595,60.960953064143375,65.42932219826606,64.29486221271323
2020-02-06,71.84,73.78,70.87,72.81,62.045156731840095,62.08943372470115,65.7187605434321,64.46347880256049
2020-02-07,66.01,66.99,56.31,57.28,61.99774223699591,61.63139241758676,65.38782875741515,64.32123169755928
2020-02-10,59.22,66.01,56.31,66.01,62.037665199811876,62.04840266353088,65.41222762967338,64.35467265404326
2020-02-11,70.87,76.69,70.87,70.87,62.125549128171954,62.88855479081365,65.6262579187058,64.48368903713151
2020-02-12,84.46,85.43,80.58,85.43,62.35743421147372,65.03535909645045,66.40287525522714,64.8984674720398
2020-02-13,84.46,86.4,80.58,85.43,62.587011980513786,66.97770584916945,67.14903700992411,65.30503247259347
2020-02-14,85.43,85.43,77.66,80.58,62.76604668717534,68.27316243496284,67.67574144090749,65.60750707709657
2020-02-18,76.69,80.58,71.84,78.64,62.92399647138255,69.26048029829971,68.10571236479346,65.86557624388674
2020-02-19,87.37,87.37,83.49,83.49,63.12863332241357,70.6156726508426,68.70901776225254,66.2145747341068
2020-02-20,81.55,83.49,66.01,75.72,63.25392055303632,71.10179906504807,68.9839582421642,66.40280097699578
2020-02-21,58.25,60.19,47.57,56.31,63.18482681619019,69.69305629694826,68.48694027188326,66.20294353190675
2020-02-24,28.15,30.09,19.41,21.35,62.76855988269576,65.0889556972389,66.63843281024077,65.31476643226503
2020-02-25,23.3,23.3,7.76,7.76,62.221211028141575,59.62905515464472,64.32947466081957,64.17506808707166
2020-02-26,16.5,18.44,7.76,10.67,61.70826365472723,54.96628799705951,62.22518153686586,63.11556178831777
2020-02-27,4.85,7.76,4.85,4.85,61.14250978751602,50.193308187815745,59.97517441777308,61.961788287559
2020-02-28,1.94,3.88,0.97,3.88,60.572733570724814,45.78251693183329,57.77536365629179,60.81165386602318
2020-03-02,3.88,9.7,3.88,9.7,60.06653721678725,42.34608674784917,55.890055277613676,59.79954190828015
2020-03-03,6.79,12.62,2.91,4.85,59.5171189360232,38.775030867101634,53.88848448241314,58.711432167522126
2020-03-04,8.73,20.38,8.73,20.38,59.127694867008046,37.02312316547291,52.57442626741655,57.952393906779115
2020-03-05,13.59,17.47,11.65,14.56,58.684235216590054,34.88377810209454,51.083664453008055,57.0931385818924
2020-03-06,5.82,8.73,4.85,8.73,58.18717814975831,32.39294209237125,49.42273643524303,56.135452669379674
2020-03-09,3.88,6.79,2.91,3.88,57.64680821791992,29.677423797859703,47.63674677111585,55.100691230382054
2020-03-10,7.76,8.73,2.91,6.79,57.1407703252043,27.497669150444494,46.03491356440543,54.14404387928538
2020-03-11,5.82,5.82,2.91,4.85,56.62046415281421,25.340748278973592,44.4198189148209,53.16792419850745
2020-03-12,0.01,2.91,0.01,0.01,56.057175952288695,22.92829606192849,42.67825738874949,52.11529203616077
2020-03-13,0.01,2.91,0.01,2.91,55.52834833087289,21.021791675078155,41.118717883308335,51.14092981762293
2020-03-16,1.94,2.91,0.01,0.01,54.975926954446294,19.020668658404045,39.50661129964919,50.12843615786802
2020-03-17,0.01,6.79,0.01,6.79,54.49646499470056,17.855843071889375,38.22360693495706,49.270249303256776
2020-03-18,4.85,7.76,3.88,4.85,54.002470318136375,16.617191350757054,36.91483803554698,48.39064040616258
2020-03-19,4.85,7.76,4.85,4.85,53.51339101148825,15.496506460208764,35.657393406702,47.52844950703065
2020-03-20,4.85,5.82,0.97,0.97,52.99057120042867,14.113029654474596,34.29710346918427,46.60650001184192
2020-03-23,1.94,4.85,0.97,2.91,52.49225705913087,13.04607444928654,33.06623666647116,45.74122278388466
2020-03-24,10.67,16.5,5.82,16.5,52.134125148094746,13.375019739830678,32.41658032660955,45.16218866935229
2020-03-25,19.41,26.21,8.73,8.73,51.70224330582515,12.932636907465852,31.487694823605253,44.44075919075125
2020-03-26,19.41,45.63,17.47,45.63,51.6418229744239,16.0466714877072,32.042295026601124,44.46430851370667
2020-03-27,20.38,38.83,16.5,17.47,51.30180483537491,16.182226584116037,31.470832476538334,43.92976775105901
2020-03-30,33,53.39,33,52.42,51.312931155420934,19.63344309991451,32.29236845785056,44.09789116192913
2020-03-31,56.31,65.04,42.71,45.63,51.25638457676003,22.109305661827413,32.815412832052495,44.12822995080182
2020-04-01,37.86,39.8,25.24,28.15,51.0264703023644,22.684609884510518,32.63245546608965,43.81182935771663
2020-04-02,33.98,40.77,32.03,40.77,50.92441587149511,24.40702799074761,32.95157485957633,43.75159511300937
2020-04-03,47.57,47.57,35.92,40.77,50.82337690759963,25.965406277343078,33.25817976704393,43.69255362562305
2020-04-06,69.9,89.32,69.9,89.32,51.206427883643414,31.99917710807231,35.4566825212775,44.59606741521467
2020-04-07,89.32,97.08,89.32,93.2,51.62427437236338,37.82782690730352,37.7211263439725,45.55852152580448
2020-04-08,96.11,97.08,95.14,97.08,52.0765701497528,43.47089101136985,40.04892531087554,46.578748822323206
2020-04-09,97.08,98.05,96.11,97.08,52.5243654716458,48.57652043885844,42.28543804378238,47.57877359811879
2020-04-13,98.05,98.05,97.08,98.05,52.97735685998764,53.288280397062394,44.47228361069287,48.57820382389861
2020-04-14,100,100,99.02,99.02,53.43549261262458,57.64368226400883,46.61140974360688,49.57705127293032
2020-04-15,99.02,99.02,96.11,98.05,53.87941805926513,61.491903000769895,48.628609361504644,50.53691164376338
2020-04-16,98.05,98.05,92.23,96.11,54.29962285469532,64.78886461974419,50.49062468066133,51.43934903695619
2020-04-17,99.02,99.02,99.02,99.02,54.744601731763034,68.04897275119713,52.39373743828245,52.381540145135276
2020-04-20,96.11,97.08,93.2,94.17,55.13689425184499,70.53668963203549,54.032022244624315,53.209034399687056
2020-04-21,83.49,89.32,71.84,78.64,55.37075600058285,71.30843347660354,54.99704098012924,53.71261787692097
2020-04-22,87.37,88.34,85.43,86.4,55.679504697094465,72.74572552645083,56.22852956914378,54.35989277044729
2020-04-23,86.4,92.23,79.61,80.58,55.927270819511435,73.49184690488408,57.18348919388324,54.87910281459685
2020-04-24,83.49,90.29,81.55,90.29,56.26918852279988,75.09167100918084,58.48178373529959,55.58030869945632
2020-04-27,94.17,95.14,94.17,94.17,56.64631102506058,76.90865472259219,59.881321628032936,56.34446100243738
2020-04-28,94.17,94.17,91.26,94.17,57.019681064612215,78.5525923680596,61.225975681835564,57.09348157664654
2020-04-29,90.29,93.2,90.29,92.23,57.37003249680513,79.8552026187206,62.441819772743976,57.789254218693145
2020-04-30,88.34,90.29,83.49,83.49,57.62993267096628,80.20137379789006,63.26723860518539,58.29817987772893
2020-05-01,71.84,71.84,56.31,62.13,57.6747094603099,78.48029057904338,63.22264101282518,58.37405750391251
2020-05-04,53.39,66.99,53.39,66.99,57.76739891841627,77.38597719056307,63.37038058094968,58.54467022660731
2020-05-05,71.84,78.64,70.87,70.87,57.89777305853153,76.76540793431897,63.66448330326538,58.788736162714095
2020-05-06,70.87,75.72,63.1,70.87,58.02684994352126,76.20394051200287,63.94705258549026,59.02796910998708
2020-05-07,81.55,82.52,76.69,77.66,58.2222046704514,76.34261284419307,64.48481522919653,59.39692021672001
2020-05-08,77.66,88.34,77.66,87.37,58.51223248467576,77.39284019236516,65.38227345550254,59.95084258866615
2020-05-11,82.52,89.32,80.58,85.43,58.780070967415305,78.15828398356848,66.16845881018871,60.45538035918761
2020-05-12,85.43,86.4,61.16,61.16,58.803751853311674,76.5393997946572,65.97204866076954,60.46933322336211
2020-05-13,51.45,64.07,39.8,46.6,58.682321486612054,73.68802838564223,65.21236047799427,60.19469296151336
2020-05-14,38.83,58.25,34.95,58.25,58.67801978027761,72.21773996796202,64.9393267337592,60.15618418999824
2020-05-15,50.48,60.19,45.63,56.31,58.6544573944042,70.70271711387039,64.60092176380786,60.08002212682996
2020-05-18,82.52,87.37,81.55,84.46,58.91122896261908,72.01293453159703,65.37970914561932,60.562793965902635
2020-05-19,82.52,87.37,79.61,79.61,59.11718688338904,72.73646457620683,65.93775976735974,60.93996636261743
2020-05-20,86.4,87.37,84.46,87.37,59.39830940196228,74.13013461656809,66.77823977648288,61.46333336533788
2020-05-21,83.49,83.49,76.69,78.64,59.58976900990295,74.55964560546636,67.24340684407179,61.80346537790545
2020-05-22,76.69,80.58,74.75,80.58,59.79862702970491,75.13301269066004,67.76641049724545,62.17527794467959
2020-05-26,88.34,88.34,74.75,77.66,59.97635213388695,75.37367814869242,68.15439439931426,62.48190610419089
2020-05-27,78.64,87.37,68.93,87.37,60.24892574449504,76.5161849916741,68.90794756012546,62.97473964668216
2020-05-28,87.37,89.32,84.46,85.43,60.49948369728613,77.3651197543718,69.55587118521858,63.41939826753994
2020-05-29,85.43,91.26,81.55,90.29,60.795906745074326,78.59606073014592,70.36897427599432,63.95148939095499
2020-06-01,88.34,93.2,88.34,91.26,61.09903205109349,79.80215018441774,71.18823018673964,64.49225197727272
2020-06-02,89.32,92.23,83.49,92.23,61.408792926206985,80.98575492875891,72.01339763039691,65.04151431435642
2020-06-03,91.26,91.26,86.4,88.34,61.67676513589647,81.68615922125807,72.65365654685193,65.50287046654738
2020-06-04,88.34,88.34,82.52,83.49,61.893812248972125,81.85795358113825,73.07861119207342,65.85905124938803
2020-06-05,85.43,88.34,85.43,87.37,62.14730665445499,82.38291038293461,73.63905781199212,66.28501063058827
2020-06-08,86.4,89.32,85.43,89.32,62.41768171261961,83.04358558455989,74.25399672132576,66.74114903394296
2020-06-09,90.29,93.2,88.34,91.26,62.70466995428509,83.82610124317324,74.92089881068554,67.22667083525103
2020-06-10,94.17,97.08,92.23,95.14,63.027409556730014,84.90361541049008,75.71380473967827,67.77941002663219
2020-06-11,81.55,82.52,39.8,39.8,62.796291053677976,80.6080329904434,74.30542024008304,67.22536230333255
2020-06-12,66.01,68.93,31.06,51.45,62.68339263523342,77.83107746754403,73.40912925027585,66.91297889138536
2020-06-15,29.12,65.04,29.12,62.13,62.677886240852985,76.33573675634936,72.96681045614739,66.8182664380906
2020-06-16,84.46,87.37,66.99,76.69,62.81731025835693,76.36947611288751,73.11281788923965,67.01374631060366
2020-06-17,77.66,78.64,71.84,71.84,62.90708826573647,75.93809743546966,73.06290346221064,67.10931569059171
2020-06-18,71.84,75.72,66.01,75.72,63.03457992478387,75.91732625113922,73.16710332643767,67.27982429077802
2020-06-19,78.64,81.55,63.1,66.99,63.073937338467616,75.06710470341167,72.92486398030286,67.27408519591113
2020-06-22,57.28,70.87,57.28,69.9,63.1418583599754,74.57499949356294,72.80624186342824,67.32608350886338
2020-06-23,73.78,73.78,63.1,64.07,63.151093600174654,73.57452335131885,72.4636441432938,67.26160660769777
2020-06-24,54.36,56.31,36.89,40.77,62.9283961514167,70.45028303214562,71.22075613767444,66.73702033823841
2020-06-25,33.98,49.51,33.98,47.57,62.77557628921355,68.27120845765556,70.29327550482446,66.35747538104557
2020-06-26,45.63,45.63,33,37.86,62.52766010723132,65.37490289025979,69.02138234777253,65.79316893785655
2020-06-29,30.09,43.68,30.09,43.68,62.340121200691705,63.308721662616,68.02760264785988,65.35528440443365
2020-06-30,51.45,60.19,51.45,60.19,62.3187269598888,63.01170055189067,67.72024568127713,65.2530015449399
2020-07-01,64.07,64.07,56.31,58.25,62.27824211451677,62.55820526123441,67.34886349769764,65.11432824702031
2020-07-02,78.64,82.52,66.99,69.9,62.354080501437004,63.25742380778352,67.44890806641537,65.20909402430703
2020-07-06,84.46,85.43,81.55,81.55,62.54508467555206,64.99957392132795,68.00189206381084,65.53267632085542
2020-07-07,80.58,84.46,73.78,74.75,62.66652661907891,65.92818592882053,68.26652374758297,65.71519758182858
2020-07-08,75.72,80.58,68.93,80.58,62.84477013530698,67.32359679274238,68.74940516924637,66.00955010496068
2020-07-09,74.75,74.75,66.01,74.75,62.96323013396064,68.03087328867167,68.98472261358965,66.18262832070404
2020-07-10,74.75,81.55,67.96,81.55,63.14817311770233,69.31840916594103,69.47747858952731,66.48693271039306
2020-07-13,82.52,87.37,66.01,66.01,63.176649007078424,69.00332257870855,69.34149903699682,66.47748849830607
2020-07-14,63.1,72.81,40.77,70.87,63.253199763226895,69.18110138073631,69.40144025123224,66.56446892408219
2020-07-15,80.58,84.46,71.84,79.61,63.41595399443857,70.17432982066619,69.8017759276545,66.82279627212017
2020-07-16,68.93,75.72,65.04,74.75,63.528730571608335,70.6101079329837,69.99582393049158,66.97977060336532
2020-07-17,77.66,80.58,70.87,78.64,63.67909146144308,71.37485955841382,70.33481122733505,67.21066623498186
2020-07-20,79.61,91.26,79.61,88.34,63.92447363595608,72.99058721951727,71.0408970615572,67.6290688837941
2020-07-21,92.23,95.14,85.43,88.34,64.16741419679234,74.45243605575372,71.71929325522163,68.03918633163977
2020-07-22,88.34,91.26,80.58,86.4,64.38863395602823,75.59029928853909,72.29500724521294,68.40276680032017
2020-07-23,84.46,90.29,61.16,66.99,64.41451819527173,74.77122316582108,72.08696774540067,68.37479122011581
2020-07-24,52.42,52.42,42.71,48.54,64.25656279034365,72.27301143574289,71.16355724558103,67.98202307714323
2020-07-27,48.54,66.99,46.6,66.99,64.28376117053924,71.76986748948165,70.99988833398962,67.96237905581366
2020-07-28,61.16,65.04,45.63,45.63,64.09815160665327,69.28035630000721,70.00499075226453,67.52015372797577
2020-07-29,56.31,69.9,52.42,67.96,64.13657795882588,69.15460808095891,69.92479503648946,67.52886355514457
2020-07-30,45.63,61.16,43.68,56.31,64.05870156122562,67.93131207324853,69.39088150564673,67.30670784118131
2020-07-31,53.39,61.16,44.66,60.19,64.02020701832785,67.19404425674867,69.03006262307235,67.16578293343514
2020-08-03,65.04,72.81,59.22,68.93,64.06906067983702,67.35937337515355,69.02613859863814,67.20071792485227
2020-08-04,68.93,74.75,68.93,73.78,64.16568694172919,67.97086162513892,69.21256453594646,67.33100073822153
2020-08-05,68.93,71.84,65.04,66.01,64.18403831544333,67.78411289893522,69.0869737698309,67.3048423077617
2020-08-06,61.16,68.93,61.16,67.96,64.22161007349862,67.80086405141758,69.04277872003361,67.31781572741
2020-08-07,67.96,70.87,56.31,65.04,64.22975325684689,67.53792461794923,68.8858070055225,67.27271046548108
2020-08-10,64.07,64.07,50.48,59.22,64.17990496573398,66.74574132100169,68.50675575040397,67.11325085230324
2020-08-11,58.25,59.22,47.57,49.51,64.03393576209484,65.10424214757296,67.76178493666264,66.76467162750515
2020-08-12,56.31,67.96,55.33,66.01,64.05359809282027,65.19050480018507,67.69308748816606,66.74972763488128
2020-08-13,66.99,72.81,66.99,69.9,64.11177124612554,65.63902815254839,67.77963307686542,66.81210926587373
2020-08-14,66.01,67.96,57.28,60.19,64.07274864666161,65.12007309040092,67.48200040718443,66.68097838932178
2020-08-17,67.96,74.75,67.96,72.81,64.15968647107293,65.85244708179131,67.690941567687,66.80234515388966
2020-08-18,75.72,78.64,72.81,75.72,64.27471446638563,66.79221402638261,68.0058066042483,66.97893237856512
2020-08-19,75.72,77.66,71.84,71.84,64.34999093935691,67.2729555476795,68.1561671295719,67.075191143346
2020-08-20,64.07,65.04,60.19,61.16,64.31824973598023,66.69076930504336,67.88180763429457,66.95805864545797
2020-08-21,57.28,57.28,51.45,57.28,64.24821740029884,65.7945055617059,67.46605047216538,66.76641391980533
2020-08-24,63.1,66.99,57.28,63.1,64.23679235153965,65.53788598440057,67.29483280659026,66.69381166396761
2020-08-25,61.16,70.87,60.19,70.87,64.30279441769348,66.04570636683862,67.43503544162594,66.77650846270092
2020-08-26,66.99,71.84,66.01,71.84,64.37779148816419,66.59754385571112,67.60777914979748,66.87677562185536
2020-08-27,72.81,77.66,68.93,68.93,64.42308709524714,66.81968253611959,67.65963094784463,66.91743353033347
2020-08-28,70.87,72.81,66.99,69.9,64.47758374106557,67.1130461041082,67.74748855773308,66.97649425250508
2020-08-31,69.9,71.84,66.99,70.87,64.54118987299528,67.47085123705027,67.86993998684159,67.05359337621785
2020-09-01,67.96,73.78,67.96,71.84,64.61381484938339,67.88696064304548,68.02562861480858,67.14837370540165
2020-09-02,79.61,89.32,78.64,87.37,64.8402445523746,69.74248820085067,68.78423141422785,67.54880194885905
2020-09-03,82.52,82.52,50.48,53.39,64.72631177075893,68.18510837219823,68.18053606465028,67.26842963304006
2020-09-04,60.19,60.19,25.24,44.66,64.52664697702004,65.9446218605603,67.25816210133067,66.82073795713828
2020-09-08,19.41,25.24,16.5,17.47,64.05842163396511,61.32799120717361,65.30568515618045,65.84349562135336
2020-09-09,19.41,34.95,18.44,31.06,63.73007913014456,58.445325377918984,63.96271711084003,65.1547135298414
2020-09-10,33,36.89,10.67,11.65,63.21186938755606,53.98862772287908,61.91123800845415,64.09521425202276
2020-09-11,17.47,22.33,11.65,12.62,62.70846770210774,50.04875841593822,59.978248282632414,63.07590307871538
2020-09-14,22.33,34.95,22.33,32.03,62.40320931701214,48.332686185848864,58.882238546058595,62.46113272072101
2020-09-15,44.66,47.57,40.77,43.68,62.216908726793115,47.88957321576802,58.2860723285661,62.089229102488915
2020-09-16,51.45,51.45,34.95,34.95,61.94559620214841,46.657232909504394,57.37093223724978,61.55181862521191
2020-09-17,22.33,31.06,21.35,28.15,61.609321613072304,44.89463929907541,56.22501332598509,60.89039647421761
2020-09-18,31.06,31.06,14.56,24.27,61.237786074633775,42.9303879372587,54.971875548495476,60.165240108391515
2020-09-21,10.67,13.59,5.82,12.62,60.75402700921453,40.043684324186444,53.3110176838486,59.22375020525505
2020-09-22,16.5,21.35,8.73,19.41,60.34264365588901,38.07857153140678,51.981566009972184,58.435359112081684
2020-09-23,21.35,25.24,8.73,10.67,59.8483884951339,35.46823138555852,50.36150459781641,57.48951041679294
2020-09-24,8.73,14.56,5.82,11.65,59.36880253995844,33.199828396457704,48.8434063782942,56.58179733923268
2020-09-25,7.76,34.95,7.76,31.06,59.08712291269517,32.99603521584268,48.146017892870894,56.07641521370332
2020-09-28,52.42,66.01,50.48,66.01,59.15600726182258,36.14022233814338,48.846566210797526,56.273119862936916
2020-09-29,69.9,73.78,60.19,61.16,59.1759474880731,38.52305830593925,49.329445967236836,56.36988976664114
2020-09-30,73.78,81.55,66.99,74.75,59.33091318470919,41.97324322918313,50.3263304391099,56.73385234551953
2020-10-01,83.49,83.49,73.78,79.61,59.53269514307029,45.55769625497521,51.47470963757618,57.18684536838053
2020-10-02,70.87,74.75,52.42,57.28,59.510280266024814,46.67410613545376,51.70236808316143,57.18869001455121
2020-10-05,77.66,82.52,72.81,81.55,59.729580959895216,49.99561983683912,52.87286345244922,57.67109219248089
2020-10-06,81.55,83.49,61.16,62.13,59.753465726463425,51.15127509047349,53.235888415098266,57.75938739659018
2020-10-07,76.69,82.52,72.81,80.58,59.96069492321503,53.95401079614268,54.30820651646696,58.21128071546958
2020-10-08,84.46,88.34,82.52,85.43,60.21412084437707,56.9517240536529,55.528669006017275,58.750265255757306
2020-10-09,90.29,92.23,89.32,92.23,60.53268680612456,60.311559858066914,56.96793688813425,59.41323030019775
2020-10-12,94.17,99.02,93.2,98.05,60.90599340506859,63.90569701444149,58.578998186638785,60.17831484870869
2020-10-13,98.05,98.05,93.2,95.14,61.2466302866102,66.88039253687563,60.01276296363334,60.87062544576396
2020-10-14,95.14,95.14,89.32,91.26,61.545270781270794,69.20225991431604,61.23814480819674,61.47239523891715
2020-10-15,85.43,88.34,83.49,85.43,61.78292977847208,70.74775897009548,62.18684501179687,61.9468032539881
2020-10-16,89.32,91.26,87.37,88.34,62.047179233412656,72.42321049675304,63.21245893290288,62.46944081331507
2020-10-19,87.37,87.37,67.96,72.81,62.154271977358796,72.46004759230037,63.58883309239688,62.674204361566254
2020-10-20,79.61,81.55,69.9,69.9,62.23134389798209,72.21623353589081,63.83632983387152,62.817289423713454
2020-10-21,66.99,70.87,55.33,55.33,62.16267380944496,70.60802081818692,63.50274827175891,62.66902626680824
2020-10-22,57.28,62.13,42.71,57.28,62.11408999044551,69.33868550216911,63.25871892776836,62.56231287538629
2020-10-23,57.28,57.28,46.6,55.33,62.046586607456,68.004524978153,62.94778877373823,62.41909875904201
2020-10-26,46.6,49.51,22.33,34.95,61.776968830267386,64.85647498023367,61.84983627280732,61.87515620935801
2020-10-27,34.95,38.83,28.15,29.12,61.452023866782135,61.453001172592366,60.56631328171684,61.22653925471726
2020-10-28,15.53,18.44,7.76,7.76,60.91777487308281,56.33938201329786,58.49547746674755,60.1677959031387
2020-10-29,11.65,24.27,9.7,15.53,60.46615522260438,52.452774202507584,56.81055678177706,59.2838791525815
2020-10-30,12.62,12.62,7.76,8.73,59.95136760844911,48.28870046893543,54.92504475111914,58.282812238668996
2020-11-02,12.62,16.5,11.65,15.53,59.5093639506536,45.16882423379872,53.380141035388974,57.43622189730922
2020-11-03,25.24,34.95,23.3,27.18,59.18767873721426,43.455602878198846,52.35268452419725,56.83708879043181
2020-11-04,56.31,71.84,49.51,59.22,59.1880003418191,44.9569740326561,52.621991013444415,56.88427515101731
2020-11-05,76.69,79.61,73.78,77.66,59.37180133344279,48.0715479343079,53.603873718799534,57.29567564307638
2020-11-06,73.78,77.66,70.87,73.78,59.515166494304054,50.51997194056429,54.39509435727798,57.622097907569916
2020-11-09,78.64,80.58,64.07,64.07,59.56048822072889,51.81045080336769,54.77450242169846,57.749779137122985
2020-11-10,60.19,63.1,54.36,59.22,59.557100278234074,52.51612215542791,54.948835660063224,57.77889242153639
2020-11-11,68.93,73.78,67.96,72.81,59.68896992720687,54.448872426339534,55.649273477315646,58.07653811615943
2020-11-12,75.72,75.72,65.04,66.01,59.7518657488267,55.54993219525958,56.055576478205225,58.23363637128499
2020-11-13,73.78,76.69,67.96,74.75,59.90110091550504,57.37851008142533,56.78869112611874,58.5606930768041
2020-11-16,69.9,75.72,69.9,73.78,60.03919941385822,58.94055674033721,57.45501696431016,58.86206549112481
2020-11-17,73.78,75.72,68.93,72.81,60.1662720565064,60.26145609840033,58.05717316178819,59.13826221407283
2020-11-18,70.87,73.78,66.99,66.99,60.23416984698893,60.90226980331458,58.40748009662003,59.293742170229805
2020-11-19,63.1,71.84,62.13,69.9,60.33034726144675,61.759196488713194,58.858167151654534,59.503767077750005
2020-11-20,70.87,76.69,67.96,67.96,60.40626420411892,62.34974920407384,59.21510177315828,59.67121723462624
2020-11-23,71.84,72.81,64.07,69.9,60.500729236913756,63.06882070844776,59.63411738989717,59.87376738839602
2020-11-24,70.87,78.64,68.93,75.72,60.652164766894714,64.27369492669084,60.26493631578356,60.18755417278422
2020-11-25,77.66,79.61,72.81,74.75,60.7924417343883,65.27143826700599,60.83297802889008,60.47591943668948
2020-11-27,80.58,86.4,75.72,85.43,61.03759156787697,67.19130128919589,61.797567125796355,60.97005964586395
2020-11-30,79.61,82.52,72.81,82.52,61.251346875659294,68.65117735689152,62.61021155223571,61.39679113802506
2020-12-01,82.52,86.4,77.66,82.52,61.46297526495621,69.97201760861614,63.390987569795094,61.81507250162852
2020-12-02,76.69,83.49,76.69,80.58,61.653194416548686,70.9823016458908,64.06506648862666,62.18665522436855
2020-12-03,79.61,83.49,78.64,78.64,61.82221735767755,71.71160625104406,64.6366325086805,62.5124640318068
2020-12-04,82.52,84.46,81.55,82.52,62.02816544367081,72.74097708427796,65.33794103775186,62.90865286286013
2020-12-07,86.4,86.4,78.64,83.49,62.2417160362711,73.76469355244195,66.0497864872518,63.31620429131834
2020-12-08,79.61,85.43,76.69,85.43,62.47244522994004,74.87567511887606,66.80979486030074,63.75410123604471
2020-12-09,84.46,84.46,65.04,73.78,62.58495821272671,74.77132510755453,67.08313623832817,63.952633884835905
2020-12-10,61.16,66.99,60.19,66.01,62.619038230510526,73.93691319254934,67.04105246427608,63.99337380790846
2020-12-11,59.22,65.04,49.51,64.07,62.63347566105271,72.99720717421131,66.92454060293191,63.99489115824691
2020-12-14,68.93,76.69,60.19,60.19,62.60916247039547,71.77747315761975,66.66044097144439,63.919546778875684
2020-12-15,67.96,74.75,64.07,74.75,62.729966823923874,72.06057095213215,66.97767858040736,64.13401119909597
2020-12-16,77.66,77.66,71.84,73.78,62.839917402790306,72.22432609954814,67.24443628313648,64.3250208783218
2020-12-17,78.64,78.64,73.78,76.69,62.97772916992672,72.64962837578165,67.6148505465429,64.56987195003819
2020-12-18,78.64,78.64,73.78,75.72,63.10451793440506,72.9420447209453,67.93269954471768,64.79066656488892
2020-12-21,66.01,67.96,55.33,66.01,63.13342820371446,72.28184998561719,67.85729956257188,64.81481178142577
2020-12-22,61.16,61.16,54.36,58.25,63.084836878304365,70.9454833203203,67.48054271698082,64.68481550852626
2020-12-23,59.22,62.13,58.25,60.19,63.05603253125656,69.9211515755279,67.1946390810208,64.59580926083267
2020-12-24,59.22,63.1,56.31,63.1,63.05647001850774,69.27151809214429,67.03406499941214,64.56618927546964
2020-12-28,67.96,67.96,62.13,66.01,63.085858376532535,68.96089732146389,66.99390558767048,64.59477958684649
2020-12-29,71.84,71.84,59.22,64.07,63.095650830497384,68.49509757656257,66.8792426234481,64.58438791185942
2020-12-30,66.01,71.84,62.13,63.1,63.09569410581582,67.98127875974708,66.73103703037171,64.5549940918226
2020-12-31,60.19,72.54,60.19,72.54,63.18966729879277,68.41544268739023,66.9588394997689,64.7131130206974
2021-01-04,74.5,74.5,33.33,50.98,63.06817807193911,66.75492433621021,66.33221834291521,64.44117018860439
2021-01-05,52.94,59.8,47.05,59.8,63.0356588871437,66.09255058990448,66.07605291770285,64.349265828434
2021-01-06,44.11,66.66,44.11,54.9,62.954707057420876,65.02659339086595,65.6377763326949,64.16215165361352
2021-01-07,59.8,74.5,59.8,70.58,63.03058061903858,65.55548925840253,65.83158902553039,64.28923775948256
2021-01-08,73.52,80.39,73.52,79.41,63.19355991636158,66.874966471888,66.36407573041156,64.58865879394826
2021-01-11,72.54,72.54,66.66,68.62,63.247554345054496,67.041160141232,66.4525433488268,64.66848733268195
2021-01-12,66.66,66.66,52.94,55.88,63.174245346596244,65.97819250873371,66.03793380573555,64.49445788054963
2021-01-13,55.88,62.74,50.98,59.8,63.1406707660331,65.38979322218765,65.79330895060866,64.40149831855855
2021-01-14,59.8,62.74,50.98,53.92,63.04892279821187,64.29743196293168,65.32768899176126,64.19394389640888
2021-01-15,51.96,53.92,44.11,50.98,62.92883401415006,63.02910510931914,64.76503452149612,63.93228164103445
2021-01-19,55.88,59.8,51.96,57.84,62.87819884983016,62.53490462271732,64.49346454026097,63.81164240061793
2021-01-20,62.74,72.54,61.76,71.56,62.96458493092638,63.394437515791864,64.7705835778978,63.965075224368064
2021-01-21,69.6,70.58,65.68,68.62,63.02085771768333,63.8921101333355,64.9215410846469,64.0572519525984
2021-01-22,65.68,67.64,62.74,65.68,63.04731684487056,64.06238535873212,64.9512845715235,64.08938557729942
2021-01-25,65.68,69.6,56.86,66.66,63.0832639409415,64.30977722932906,65.01829301969904,64.14028883319449
2021-01-26,63.72,65.68,59.8,64.7,63.09935086690228,64.3469413027263,65.00581094049517,64.15137222263618
2021-01-27,43.13,49.01,31.37,32.35,62.79338717668434,61.299613559609504,63.725190903613004,63.521642079613684
2021-01-28,43.13,59.8,41.17,42.15,62.58798033910539,59.47584083964669,62.879104985824256,63.09844124635401
2021-01-29,31.37,41.17,21.56,27.45,62.23834869394017,56.425760759680344,61.4897283197135,62.392531518703436
2021-02-01,36.27,56.86,31.37,54.9,62.16533029897559,56.28045021113936,61.23130760129336,62.24416455793703
2021-02-02,59.8,68.62,55.88,65.68,62.20030213679673,57.175645429126085,61.405766126732836,62.31220090332442
2021-02-03,60.78,60.78,49.01,49.01,62.06905534936592,56.397964912066456,60.91965765117469,62.048790984446704
2021-02-04,51.96,61.76,51.96,60.78,62.05622892797919,56.81530158710775,60.914180880540385,62.02366641049726
2021-02-05,66.66,66.66,62.74,65.68,62.092286351581386,57.65955857881177,61.10107574797018,62.09606905583395
2021-02-08,70.58,73.52,69.6,73.52,62.20599494509799,59.170076809401124,61.588092385304684,62.32228551017387
2021-02-09,73.52,74.5,69.6,71.56,62.29906962226119,60.350069494220065,61.97914758588097,62.50521054957637
2021-02-10,74.5,74.5,64.7,71.56,62.39121818323372,61.417681923341966,62.35486728839545,62.68451331097089
2021-02-11,76.47,76.47,69.6,72.54,62.492201086883135,62.47695031159511,62.75428425747798,62.879671463228895
2021-02-12,72.54,76.47,71.56,76.47,62.631283663133054,63.809621710490816,63.292155463067076,63.14878687979862
2021-02-16,74.5,75.49,69.6,69.6,62.70062412419641,64.3610863094917,63.53952191549582,63.276533674258054
2021-02-17,61.76,69.6,60.78,66.66,62.74002089908003,64.58003047049249,63.66189360508422,63.34353300744106
2021-02-18,60.78,71.56,58.82,68.62,62.79852815381555,64.96478947330273,63.85632914998288,63.44801750234322
2021-02-19,69.6,69.6,59.8,59.8,62.76869205278256,64.47290476155962,63.697257418611,63.37577953199979
2021-02-22,51.96,51.96,44.11,44.11,62.58303342539169,62.53358049855394,62.92912967670469,62.99427894720772
2021-02-23,26.47,39.21,26.47,38.23,62.34071468484053,60.21895378440595,61.9605363560496,62.50389718587687
2021-02-24,33.33,44.11,27.45,44.11,62.15931453872271,58.68476770970062,61.26051532247903,62.139661598037726
2021-02-25,38.23,38.23,20.58,21.56,61.75534125973044,55.14907554687199,59.70363236865632,61.33610394263104
2021-02-26,23.52,29.41,18.62,23.52,61.374890102917206,52.136782637646085,58.284666393414895,60.5872702011928
2021-03-01,30.39,41.17,27.45,40.19,61.16409517652002,50.99899381501312,57.57507163288882,60.18336386057512
2021-03-02,39.21,39.21,24.5,25.49,60.80912905536062,48.56956583263092,56.31683352963828,59.49636655640531
2021-03-03,23.52,23.52,14.7,14.7,60.35033175132718,45.34389289618988,54.68480084220148,58.609309792912136
2021-03-04,13.72,13.72,6.86,8.82,59.837592131910995,41.86542690607656,52.886181201330835,57.623382866319815
2021-03-05,8.82,24.5,8.82,20.58,59.4469693246283,39.838243391212124,51.619272134611975,56.889850532333284
2021-03-08,30.39,32.35,22.54,22.54,59.07973579901011,38.19079163966811,50.478908521489934,56.20965547228708
2021-03-09,28.43,38.23,28.43,29.41,58.78451454727867,37.35452576922353,49.65267681476484,55.6789692253111
2021-03-10,39.21,39.21,31.37,34.31,58.540987039345545,37.06457093405938,49.051003214185826,55.25582131985939
2021-03-11,38.23,49.01,38.23,46.07,58.416897616068475,37.922230845101346,48.93410112735501,55.07392386798099
2021-03-12,39.21,41.17,34.31,40.19,58.23553545073446,38.1382088598536,48.591195200792065,54.779192702278394
2021-03-15,42.15,50.98,40.19,50.98,58.163341068140085,39.36123658748659,48.68487382036885,54.70396116361942
2021-03-16,66.66,69.6,52.94,54.9,58.130870012735706,40.84111881724977,48.92860425878576,54.70784312077547
2021-03-17,51.96,68.62,46.07,64.7,58.196234490220924,43.11339321560693,49.54709036628436,54.905707613433385
2021-03-18,54.9,54.9,40.19,40.19,58.017067977880416,42.83497481412056,49.180145646037914,54.61430746267233
2021-03-19,45.09,53.92,37.25,50,57.93729615720499,43.51735816515669,49.212296797173686,54.522935037668915
2021-03-22,64.7,74.5,63.72,71.56,58.0728454491731,46.18808595895129,50.08867731493158,54.86030266068537
2021-03-23,67.64,69.6,52.94,54.9,58.04127484768879,47.017792058098784,50.27735663591466,54.861088746612396
2021-03-24,61.76,61.76,37.25,37.25,57.83439649099537,46.087526147803665,49.76647990509448,54.51235431598641
2021-03-25,37.25,44.11,30.39,42.15,57.678332844318795,45.71252365753665,49.46779441862019,54.26755522062034
2021-03-26,43.13,62.74,43.13,62.74,57.728697691639006,47.33418807110459,49.98827306887038,54.43532640437043
2021-03-29,60.78,65.68,55.88,61.76,57.768810152418716,48.708074921475585,50.44990941911075,54.580369445868044
2021-03-30,54.9,60.78,50,55.88,57.75001602154888,49.391115405144575,50.662854147773075,54.606104704365706
2021-03-31,58.82,80.39,58.82,72.54,57.89718004123496,51.59577108084509,51.5207814360957,54.96123134388321
2021-04-01,81.37,82.35,78.43,79.41,58.11123795127242,54.244745263621745,52.61447628173901,55.44536537667761
2021-04-05,81.37,83.33,77.45,82.35,58.35241966320006,56.92143619089586,53.780575251082574,55.978130418723595
2021-04-06,82.35,89.21,80.39,86.27,58.63020653222294,59.71653750604864,55.05467033927541,56.57796942033303
2021-04-07,80.39,87.25,73.52,74.5,58.78811492493714,61.12448631499639,55.81723228675481,56.9328611149799
2021-04-08,85.29,85.29,79.41,83.33,59.03231278638055,63.23929714213959,56.8961643539409,57.455576736465446
2021-04-09,80.39,80.39,76.47,79.41,59.23507584323249,64.77936408098344,57.779059869472626,57.8903177911889
2021-04-12,79.41,82.35,76.47,80.39,59.44557260101127,66.26609131136597,58.66576340400311,58.33585605274951
2021-04-13,83.33,86.27,76.47,84.31,59.69297983881216,67.98455880552159,59.671419741101026,58.850195536853484
2021-04-14,82.35,87.25,81.37,83.33,59.92817406927174,69.44602939547191,60.59920720223432,59.334944140084104
2021-04-15,87.25,91.17,87.25,87.25,60.2000330337566,71.14164564352221,61.64433633155846,59.88771752344878
2021-04-16,90.19,91.17,83.33,86.27,60.45943569013713,72.58244129652009,62.61004863228166,60.41013895862801
2021-04-19,81.37,83.33,67.64,74.5,60.59914279769795,72.76506593494675,63.07632123493728,60.68914610796211
2021-04-20,69.6,74.5,60.78,65.68,60.64969859075568,72.09029775066611,63.178426284547584,60.78797489790345
2021-04-21,61.76,77.45,61.76,77.45,60.81686576895712,72.600745583936,63.73809584201631,61.11791598903408
2021-04-22,71.56,76.47,61.76,63.72,60.845752676728694,71.75496029022781,63.73738620115292,61.16944240509281
2021-04-23,68.62,76.47,68.62,72.54,60.96211334661199,71.82972597687278,64.08258674228418,61.394601961427604
2021-04-26,73.52,80.39,73.52,77.45,61.12617192027754,72.36499016955156,64.60679902690049,61.71253063545874
2021-04-27,76.47,76.47,69.6,69.6,61.21048861758821,72.10165777245142,64.80261082976713,61.868718147627874
2021-04-28,61.76,64.7,56.86,57.84,61.17695141741321,70.74340465126556,64.52956726781548,61.78894155064514
2021-04-29,59.8,60.78,54.9,59.8,61.16325040828472,69.70117563685932,64.34409404162663,61.749556569444245
2021-04-30,55.88,56.86,41.17,42.15,60.974063837058004,67.07725414763462,63.47373741254324,61.36144653836614
2021-05-03,50.98,53.92,44.11,47.05,60.83551593818181,65.16989660976465,62.829669278718015,61.07805155740839
2021-05-04,34.31,34.31,27.45,31.37,60.54232672486656,61.95085883740611,61.59595675798398,60.48977330874684
2021-05-05,31.37,32.35,25.49,26.47,60.203298598250974,58.57172942431981,60.21846825767088,59.816114431345916
2021-05-06,27.45,37.25,25.49,37.25,59.974907567422605,56.54108852676554,59.31774401227202,59.369260680230155
2021-05-07,37.25,52.94,37.25,45.09,59.826799034413426,55.450508667073585,58.759793266692725,59.086503042997876
2021-05-10,37.25,38.23,32.35,32.35,59.55339804899638,53.250460222590384,57.72411509937144,58.557067339176136
2021-05-11,28.43,29.41,25.49,26.47,59.22421000870786,50.6999402013913,56.49846352684707,57.92167986711324
2021-05-12,20.58,22.54,13.72,13.72,58.77143179966599,47.17804113459213,54.82087672187267,57.046399077665455
2021-05-13,16.66,26.47,16.66,24.5,58.43042252802752,45.018227693202405,53.631822732779625,56.40191592761268
2021-05-14,31.37,37.25,31.37,36.27,58.20992081133073,44.185063150992654,52.950966939337285,56.00326412706589
2021-05-17,34.31,34.31,27.45,28.43,57.91360319131749,42.68458094613621,51.989360392696604,55.457258896826964
2021-05-18,31.37,34.31,23.52,23.52,57.5713782839412,40.859382760789906,50.872914887100656,54.82483792857297
2021-05-19,18.62,22.54,16.66,22.54,57.22280735574278,39.11467964071468,49.761820185645725,54.185534207215085
2021-05-20,30.39,54.9,30.39,52.94,57.18019235717818,40.43137681778947,49.88645468816942,54.16087016350785
2021-05-21,59.8,64.7,44.11,44.11,57.050140691932626,40.7817218827619,49.659927053339246,53.9618430315572
2021-05-24,61.76,69.6,61.76,62.74,57.10675620743579,42.87298646535601,50.1728710904632,54.13566792202141
2021-05-25,76.47,76.47,60.78,65.68,57.19206211581951,45.04508299246496,50.78099379279797,54.36426855722891
2021-05-26,75.49,76.47,69.6,73.52,57.354529159443196,47.75697985032544,51.672719526413736,54.74358997193725
2021-05-27,73.52,78.43,70.58,70.58,57.486125884224855,49.93060081696112,52.41418150577006,55.05718224972067
2021-05-28,77.45,77.45,71.56,72.54,57.635915676421625,52.08387692963149,53.20342928985751,55.40337666061729
2021-06-01,80.39,80.39,68.62,71.56,57.7744637791438,53.93874579347611,53.923294807902316,55.723309796050614
2021-06-02,71.56,73.52,62.74,65.68,57.85312583109262,55.05696047981172,54.38434207033752,55.920471978307035
2021-06-03,53.92,57.84,47.05,52.94,57.80423900690264,54.85534519602013,54.327701204834085,55.86145273121185
2021-06-04,67.64,76.47,67.64,75.49,57.98021672822699,56.82055041544678,55.15759527523275,56.25013683554429
2021-06-07,74.5,74.5,63.72,68.62,58.08608521849339,57.94430751873757,55.685532715419704,56.49508462097906
2021-06-08,74.5,75.49,61.76,64.7,58.15189531582181,58.58770680266732,56.03904123638364,56.65755819284086
2021-06-09,68.62,72.54,64.7,64.7,58.217050586311146,59.169829964318055,56.378686678094084,56.81681446624995
2021-06-10,66.66,77.45,64.7,76.47,58.39867197351203,60.81746520581157,57.166581318168824,57.20598645701728
2021-06-11,77.45,77.45,67.64,73.52,58.54913294889997,62.027230424305706,57.80789185471122,57.52903623014565
2021-06-14,68.62,78.43,66.66,78.43,58.746952521547726,63.589398955324214,58.61660197805588,57.94291670083584
2021-06-15,76.47,78.43,71.56,73.52,58.89394801884576,64.53517048338857,59.201048959308594,58.251373795868794
2021-06-16,74.5,75.49,42.15,54.9,58.85420724253884,63.617535199256324,59.03238037266904,58.18500995832684
2021-06-17,50.98,67.64,50.98,63.72,58.902623090871785,63.6272937517081,59.21620859334868,58.294613721528286
2021-06-18,50.98,54.9,42.15,44.11,58.75543281136062,61.768503870593044,58.623808256354614,58.01373028149802
2021-06-21,50,57.84,50,56.86,58.73657278338688,61.301027311488944,58.55463930512502,57.99088413730994
2021-06-22,55.88,61.76,53.92,56.86,58.717900417383035,60.878072329442375,58.48818286178678,57.968490392016676
2021-06-23,58.82,59.8,54.9,54.9,58.6799113585036,60.30873210759072,58.34746980838338,57.90772820603615
2021-06-24,62.74,67.64,62.74,66.66,58.759315225583165,60.91361476401065,58.67345138452521,58.08104051878791
2021-06-25,67.64,70.58,65.68,69.6,58.86718273577637,61.74088954839059,59.101943487092846,58.30913872633666
2021-06-28,72.54,75.49,71.56,73.52,59.01298191253481,62.86270959140101,59.66735746799117,58.61034390007257
2021-06-29,72.54,77.45,71.56,74.5,59.16708159499715,63.97102296364853,60.24902972414838,58.92499055551668
2021-06-30,74.5,75.49,69.6,74.5,59.31964794728574,64.97378268139629,60.80789130359354,59.23340658412031
2021-07-01,73.52,74.5,69.6,70.58,59.43169125129285,65.50770814031092,61.191111252472226,59.458091602256545
2021-07-02,76.47,76.47,69.6,75.49,59.59147541794665,66.45840260313845,61.75185198766939,59.77555513488513
2021-07-06,72.54,73.52,60.78,67.64,59.67156023965862,66.57093568855383,61.982759752858826,59.931286716372554
2021-07-07,71.56,71.56,63.72,68.62,59.76059944125405,66.76608467059633,62.243043684119264,60.103340444761216
2021-07-08,56.86,64.7,53.92,61.76,59.7804939741769,66.28931470196811,62.22410079454596,60.13614558446891
2021-07-09,62.74,71.56,61.76,70.58,59.88795174557812,66.69795139701877,62.55178311632847,60.34295458279626
2021-07-12,71.56,72.54,65.68,71.56,60.00409152920421,67.16100364492175,62.905046523531276,60.565074294028015
2021-07-13,74.5,78.43,68.62,69.6,60.09957320553054,67.39328901207206,63.16759371868691,60.74398371394825
2021-07-14,76.47,76.47,63.72,63.72,60.13559735273919,67.0434519633033,63.18925671011095,60.80291472951363
2021-07-15,52.94,59.8,51.96,55.88,60.09325310047313,65.98026606203632,62.902619192067384,60.70543126952326
2021-07-16,56.86,58.82,50.98,51.96,60.01232520892613,64.64500262755668,62.47349687080984,60.532254412701015
2021-07-19,35.29,41.17,28.43,35.29,59.76633192326517,61.8492880915989,61.40747738568004,60.03240779066733
2021-07-20,37.25,57.84,33.33,50.98,59.67890573497397,60.81411779716091,60.99855670388867,59.853152190852136
2021-07-21,50,63.72,50,63.72,59.71911562815831,61.090868483145584,61.10527997040284,59.92972343459764
2021-07-22,59.8,66.66,57.84,64.7,59.7686766666841,61.43459529427458,61.24624938332822,60.02418435668481
2021-07-23,61.76,70.58,61.76,70.58,59.87625202323451,62.30558621862938,61.612278819276135,60.23321040902769
2021-07-26,69.6,72.54,68.62,69.6,59.973005734446104,63.000292293045625,61.925522787147656,60.418691391027146
2021-07-27,68.62,68.62,49.01,61.76,59.9907867719143,62.88216921751747,61.919031697455594,60.44525195754146
2021-07-28,62.74,69.6,60.78,64.7,60.03764461497983,63.05529595870628,62.02808927794753,60.529504394025786
2021-07-29,73.52,75.49,68.62,71.56,60.15229491731834,63.865267772162824,62.40188969842018,60.747930049589634
2021-07-30,65.68,71.56,63.72,69.6,60.24630193306642,64.41143274624255,62.68416853377625,60.923218563459145
2021-08-02,70.58,72.54,62.74,65.68,60.30036858049859,64.53224867517183,62.80165212068699,61.017412255271836
2021-08-03,64.7,66.66,56.86,66.66,60.36364849512049,64.73489165848879,62.952959880660046,61.12914666605853
2021-08-04,63.72,65.68,58.82,63.72,60.39704502750735,64.63823531006129,62.98303988534004,61.180450692473215
2021-08-05,64.7,73.52,64.7,73.52,60.527621693900315,65.48411766148402,63.39625400748357,61.42479820351335
2021-08-06,74.5,74.5,66.66,69.6,60.61789411485653,65.8761064556284,63.639538164052844,61.58668338760219
2021-08-09,65.68,65.68,61.76,63.72,60.64876084008184,65.67076298366379,63.642693530168415,61.628927280917004
2021-08-10,64.7,64.7,57.84,62.74,60.66956918993177,65.39164269950534,63.6072937838873,61.65092872089885
2021-08-11,65.68,65.68,58.82,61.76,60.680419247743394,65.04577196621912,63.53485089040152,61.65308854820778
2021-08-12,56.86,60.78,54.9,58.82,60.66190761343749,64.45284130276968,63.349954777052446,61.59698778487694
2021-08-13,58.82,62.74,58.82,62.74,60.68258514962219,64.28971355964876,63.32603498187392,61.6196216901269
2021-08-16,57.84,60.78,53.92,59.8,60.67380320783491,63.862121792063164,63.1877591002318,61.58358957745112
2021-08-17,51.96,51.96,43.13,50.98,60.57734745452312,62.63525304996191,62.709023449242316,61.37361750661051
2021-08-18,46.07,51.96,36.27,36.27,60.33548330074677,60.124276569013155,61.67219900025242,60.87651616984594
2021-08-19,35.29,48.03,35.29,43.13,60.16428446193337,58.50577403863095,60.94505394141899,60.525100008066815
2021-08-20,44.11,52.94,44.11,51.96,60.08264979067035,57.882366987332766,60.592698884892755,60.35549406731302
2021-08-23,57.84,67.64,56.86,63.72,60.11884233006667,58.438332036158215,60.715338144308724,60.4221179471682
2021-08-24,65.68,68.62,61.76,64.7,60.164425988473965,59.034681366047906,60.87159939355152,60.506828482867846
2021-08-25,66.66,74.5,66.66,71.56,60.27781478460855,60.227568854995724,61.29075235851028,60.72570316637541
2021-08-26,66.66,66.66,55.88,57.84,60.25355792108011,60.00018134499613,61.15542873660792,60.66856052941748
2021-08-27,60.78,76.47,60.78,72.54,60.37581107609424,61.194449788329834,61.6018825116429,60.90363853873595
2021-08-30,74.5,77.45,70.58,76.23,60.53356419971519,62.62640695134604,62.17553417785298,61.207130844899595
2021-08-31,75.24,76.23,70.29,74.25,60.67004614797673,63.73341581312261,62.649042641466586,61.46540548163426
2021-09-01,75.24,78.21,70.29,71.56,60.778403897748106,64.47880478330141,62.99849194964437,61.665298442393976
2021-09-02,74.5,77.45,69.6,76.47,60.93453918234763,65.62082337536795,63.526786382991645,61.95846084947528
2021-09-03,76.47,76.47,71.56,74.5,61.06951889197601,66.46645924438053,63.95710848561942,62.20680815938666
2021-09-07,67.64,67.64,57.84,57.84,61.03738437563794,65.64489169729667,63.717221878340226,62.12033671068593
2021-09-08,57.84,61.76,53.92,61.76,61.044574580855475,65.27490201183984,63.64046807918963,62.11320133027631
2021-09-09,58.82,60.78,53.92,55.88,60.99318577905592,64.38014943928367,63.33613599765278,61.98977160096391
2021-09-10,56.86,59.8,49.01,49.01,60.87395009966233,62.91632568316142,62.77432674284287,61.73274642074681
2021-09-13,55.88,55.88,46.07,50,60.76575159120798,61.686199427622235,62.27337275292746,61.50041480845479
2021-09-14,53.92,53.92,45.09,45.09,60.60977396343477,60.105609005943926,61.599514997910696,61.17545609937648
2021-09-15,40.19,50.98,39.21,50,60.50420407325134,59.14317005299689,61.14463205681616,60.95415993899279
2021-09-16,48.03,54.9,43.13,53.92,60.43868960486078,58.6457252860448,60.86131315262729,60.81486964317115
2021-09-17,46.07,46.07,34.31,37.25,60.20795637496166,56.60803716356435,59.935379303504654,60.348238561128156
2021-09-20,21.56,22.54,9.8,16.66,59.77464337620582,52.80346219560584,58.238305605328,59.483124926254334
2021-09-21,15.68,21.56,15.68,20.58,59.384646924701286,49.734561034119565,56.76150930707985,58.71276601682356
2021-09-22,20.58,32.35,19.6,27.45,59.06688924385849,47.61222188801294,55.61203835386103,58.09370134322309
2021-09-23,35.29,42.15,35.29,39.21,58.869308256357414,46.812010279630755,54.96882116351354,57.71976666315926
2021-09-24,35.29,37.25,33.33,36.27,58.64443951748819,45.8080093006183,54.235534059062026,57.29501880844324
2021-09-27,31.37,31.37,31.37,31.37,58.373052059602735,44.43296079579751,53.33884644890273,56.781652099365154
2021-09-28,27.45,27.45,11.76,13.72,57.928743083885294,41.507916910483466,51.78516619600458,55.92894611719951
2021-09-29,17.64,19.6,11.76,11.76,57.46935260543867,38.6747819666279,50.21555183537695,55.05431352081932
2021-09-30,18.62,20.58,13.72,14.7,57.04378690787212,36.39146939837762,48.82278509673472,54.255218203575375
2021-10-01,17.64,19.6,12.74,16.66,56.64195818242065,34.51228183662737,47.56149940666669,53.510758437167944
2021-10-04,14.7,14.7,12.74,12.74,56.205122777620446,32.438731185520005,46.19595041032682,52.703416685936894
2021-10-05,13.72,20.58,13.72,17.64,55.821390212669,31.029328215470482,45.07610921776499,52.009091603047054
2021-10-06,15.68,29.41,14.7,29.41,55.55859031005538,30.87510648066377,44.46175199353891,51.56158483863028
2021-10-07,43.13,50,41.17,42.15,55.4251715010001,31.948905863457696,44.371095052615814,51.37521682202374
2021-10-08,42.15,42.15,34.31,35.29,55.22482153581602,32.267105305033155,44.01497367800343,51.05669767703317
2021-10-11,33.33,42.15,28.43,28.43,54.95820639615616,31.901666704553808,43.40379823965036,50.60864425768598
2021-10-12,31.37,35.29,28.43,31.37,54.72349787480137,31.85103178031059,42.93188458319348,50.227681005058535
2021-10-13,37.25,43.13,34.31,41.17,54.58863719943021,32.73855256313815,42.86279107012707,50.04832098515639
2021-10-14,53.92,64.7,53.92,59.8,54.64049155565478,35.3158332714107,43.52699534188679,50.24142353990577
2021-10-15,68.62,73.52,64.7,67.64,54.76983989838459,38.39432534080016,44.47260336769515,50.58594980644229
2021-10-18,70.58,72.54,70.58,72.54,54.9466574118335,41.64629435596205,45.57328558856985,51.02068347364145
2021-10-19,74.5,82.35,73.52,82.35,55.219327487337644,45.52283775063233,47.01550968313574,51.6410659791139
2021-10-20,80.39,83.33,77.45,80.39,55.46978194019996,48.843519869619726,48.32431322497355,52.21035180130966
2021-10-21,82.35,84.31,80.39,84.31,55.756749284078566,52.221279882036896,49.735516627915764,52.84598839930353
2021-10-22,83.33,84.31,77.45,77.45,55.97260252503301,54.62401513136672,50.82235911309554,53.33319654981237
2021-10-25,78.43,81.37,77.45,80.39,56.215561703888405,57.07791845218894,51.98187444199375,53.8689748359547
2021-10-26,84.31,88.23,78.43,78.43,56.43660089091439,59.11145002817094,53.01905583642537,54.355331769896196
2021-10-27,73.52,73.52,65.68,65.68,56.52857501140281,59.737026215964185,53.5155634506832,54.57958262593785
2021-10-28,72.54,73.52,68.62,73.52,56.69764391676198,61.04969038587236,54.30005115849955,54.95464039572126
2021-10-29,74.5,75.49,71.56,75.49,56.88463253450564,62.42495796817023,55.13102954444074,55.36128117996441
2021-11-01,72.54,78.43,72.54,77.45,57.08926305655036,63.855914352154024,56.00628328779601,55.79868155263838
2021-11-02,73.52,73.52,67.64,70.58,57.2234992450424,64.49630346147269,56.57780159023538,56.091380927833654
2021-11-03,72.54,80.39,72.54,80.39,57.454011690365355,66.00998884609434,57.51161329257909,56.57254170153992
2021-11-04,79.41,79.41,76.47,78.43,57.66272799195376,67.19284705122821,58.33194218306619,57.00536265794507
2021-11-05,83.33,83.33,74.5,76.47,57.84986502685969,68.07638542730172,59.04323856804399,57.39080102115408
2021-11-08,78.43,78.43,73.52,75.49,58.025388757935715,68.78244395803489,59.688209604591286,57.74920100093321
2021-11-09,77.45,77.45,73.52,75.49,58.19916598422491,69.42125881917443,60.307887659313195,58.100503951409785
2021-11-10,73.52,74.5,66.66,69.6,58.31260711871024,69.43828178877686,60.67228422169307,58.328216744451176
2021-11-11,71.56,71.56,62.74,62.74,58.35666077922058,68.80035018984573,60.753371114960004,58.41557878911551
2021-11-12,69.6,74.5,66.66,72.54,58.497788532661176,69.15650731462233,61.21559185554981,58.69527029824193
2021-11-15,69.6,73.52,65.68,70.58,58.61800954228644,69.29207804656306,61.582823547489035,58.930611480454964
2021-11-16,67.64,72.54,66.66,66.66,58.69802934783583,69.04140394689038,61.781928506411035,59.0836686788618
2021-11-17,63.72,65.68,59.8,63.72,58.747999205071295,68.53460357099605,61.85793131008119,59.17547721987444
2021-11-18,62.74,62.74,55.88,59.8,58.75846687467258,67.70273656423453,61.777228121450555,59.18784400759969
2021-11-19,55.88,58.82,50.98,51.96,58.69082043810867,66.20342832002171,61.39223878335446,59.04471838368683
2021-11-22,50.98,54.9,45.09,45.09,58.555488891460826,64.19262562287679,60.75293530165428,58.76838732658412
2021-11-23,42.15,46.07,36.27,45.09,58.421503927366686,62.37332794450757,60.13870254472666,58.497528171602255
2021-11-24,33.33,43.13,30.39,41.17,58.2498471718705,60.35396337836399,59.39483185669817,58.154408801867554
2021-11-26,38.23,38.23,21.56,21.56,57.884774065682734,56.659300199472185,57.911112960357066,57.42976704341473
2021-11-29,28.43,44.11,28.43,42.15,57.728209149606286,55.277462085236735,57.29303009916659,57.127197398990674
2021-11-30,37.25,37.25,19.6,19.6,57.34882398393856,51.879608553309424,55.81487205606202,56.38408457920868
2021-12-01,25.49,40.19,17.64,17.64,56.953711307481456,48.61869345299424,54.31781824994194,55.616874983580786
2021-12-02,17.64,30.39,16.66,27.45,56.66014204074035,46.602627409851934,53.26417831857167,55.05911508291582
2021-12-03,28.43,28.43,16.66,21.56,56.31088689605636,44.21761527558032,52.02087720803945,54.39576626939273
2021-12-06,29.41,39.21,24.5,32.35,56.072470111020976,43.08736620171553,51.24947025870457,53.959216442276045
2021-12-07,45.09,55.88,45.09,51.96,56.0315500104138,43.932378944409294,51.27733417012792,53.91962799787454
2021-12-08,49.01,56.86,49.01,54.9,56.02029080633008,44.97691428303698,51.41939949678957,53.93904130484732
2021-12-09,54.9,55.88,42.15,42.15,55.882277962486,44.70768435131917,51.055893634170374,53.7055949423751
2021-12-10,55.88,55.88,45.09,51.96,55.84325032106823,45.39838107976497,51.09134878577154,53.671028705892425
2021-12-13,50.98,54.9,48.03,49.01,55.77525778056009,45.74234478645402,51.00972726476089,53.57873110775594
2021-12-14,45.09,45.09,33.33,37.25,55.590926857370434,44.93355004488697,50.47013011712321,53.25538989770137
2021-12-15,36.27,57.84,31.37,57.84,55.61330569461053,46.16273575489774,50.75914462233407,53.346174256162726
2021-12-16,54.9,54.9,37.25,39.21,55.45008872252485,45.50057044490748,50.30623699008567,53.06625001346644
2021-12-17,38.23,48.03,34.31,40.19,55.29824704369376,44.99480183110677,49.90952181400388,52.81127476567502
2021-12-20,30.39,33.33,27.45,30.39,55.05040378952766,43.603868323382315,49.14405037031745,52.36728912675076
2021-12-21,43.13,59.8,37.25,58.82,55.087912209532355,45.05302372115543,49.52349937540304,52.49506557968639
2021-12-22,55.88,66.66,55.88,65.68,55.19330611789522,47.017497652473956,50.15708763519116,52.75615338998963
2021-12-23,69.6,78.43,69.6,74.5,55.38541252468233,49.63487882842882,51.11171164949739,53.18672460998983
2021-12-27,79.41,84.31,78.43,84.31,55.673219365232754,52.937271320959404,52.41360531030141,53.80302709296033
2021-12-28,85.29,85.29,81.37,84.31,55.95816245612596,55.925150242772794,53.664444317740575,54.40712556636706
2021-12-29,82.35,85.29,78.43,84.31,56.240270292383414,58.628469267270624,54.86623081508408,54.99926169376573
2021-12-30,85.29,91.17,83.33,87.25,56.54882481683731,61.354329337054374,56.13618254782588,55.6378901750773
2021-12-31,85.29,85.29,76.47,76.47,56.74704546542599,62.79391701923967,56.933587153793496,56.0504072013134
2022-01-03,76.23,76.23,63.36,71.28,56.891651978207825,63.6021153983597,57.49619157913493,56.3519832963369
2022-01-04,65.34,66.33,43.56,60.39,56.92646141126048,63.296199646134966,57.60967426230611,56.43194402314211
2022-01-05,48.51,54.45,31.68,31.68,56.67525284000416,60.285133013169734,56.59282429123528,55.941806517733355
2022-01-06,33.66,40.59,32.67,36.63,56.47579758786482,58.03226320239166,55.80996843667703,55.55939450748121
2022-01-07,37.62,40.59,28.71,28.71,56.19952099495074,55.23966670692579,54.747224576415185,55.02772332911525
2022-01-10,23.76,25.74,18.81,25.74,55.8964411840557,52.43017463959952,53.60968635773224,54.447768411707024
2022-01-11,26.73,41.58,25.74,40.59,55.74413828670192,51.302538959637666,53.09911042213489,54.17335715602966
2022-01-12,43.56,43.56,31.68,37.62,55.56379860225712,49.999440011100745,52.492086484011956,53.84556790541521
2022-01-13,40.59,44.55,30.69,30.69,55.316298118652576,48.16044572432924,51.637102700325215,53.387041808278276
2022-01-14,27.72,30.69,26.73,30.69,55.07126032642718,46.4965937505836,50.81564769246933,52.937595435837125
2022-01-18,28.71,28.71,19.8,19.8,54.72030251223387,43.95406101243278,49.59934778296073,52.281405427206685
2022-01-19,24.75,24.75,19.8,19.8,54.37283681559473,41.65367424934394,48.43074590911913,51.63820928013329
2022-01-20,24.75,25.74,17.82,17.82,54.009126996534086,39.383800511311186,47.23032450091838,50.9685417696356
2022-01-21,19.8,19.8,12.87,12.87,53.59978244930489,36.858676653091074,45.88286079500001,50.21411519993985
2022-01-24,14.85,14.85,2.97,7.92,53.14525725080434,34.102612209939544,44.39412115598041,49.37660796825787
2022-01-25,6.93,8.91,2.97,5.94,52.67555319855753,31.42045866613578,42.88611640476549,48.51647711740128
2022-01-26,8.91,9.9,1.98,3.96,52.19082132593507,28.805176888408564,41.359602035951156,47.63417063982898
2022-01-27,10.89,10.89,2.97,4.95,51.720763402293926,26.5332552799887,39.93177450512954,46.78893953805019
2022-01-28,2.97,11.88,2.97,11.88,51.32433789580344,25.137707158085014,38.831704916693084,46.097673408583844
2022-01-31,9.9,26.73,9.9,26.73,51.079618115745696,25.28935409541025,38.357128253293354,45.71415512326535
2022-02-01,29.7,43.56,22.77,43.56,51.00479604494225,27.029415610133082,38.56116243943871,45.67149858617098
2022-02-02,44.55,49.5,39.6,48.51,50.97997220369905,29.075185552025168,38.95131293200974,45.72770653495968
2022-02-03,38.61,42.57,27.72,28.71,50.75838044047816,29.040405975641818,38.54969281702897,45.3907222471387
2022-02-04,28.71,42.57,24.75,36.63,50.61779954057291,29.76322445415212,38.47441074577293,45.21724259868051
2022-02-07,37.62,42.57,33.66,37.62,50.48846820186074,30.511488791851917,38.44090444201713,45.06680215118188
2022-02-08,37.62,47.52,37.62,47.52,50.4589312048273,32.131347002151735,38.79694740507528,45.115380326406004
2022-02-09,64.35,72.27,61.38,71.28,50.66610601870962,35.85979014480395,40.070792604876246,45.633491607071235
2022-02-10,54.45,70.29,45.54,47.52,50.63480148121002,36.97028632148929,40.36291838507718,45.67084820891141
2022-02-11,54.45,54.45,27.72,27.72,50.40679350627261,36.08930667182364,39.86711766409376,45.315385868140886
2022-02-14,29.7,33.66,24.75,28.71,50.19090501367288,35.38651556022139,39.42958363805087,44.986566345999485
2022-02-15,40.59,52.47,38.61,52.47,50.21358257572589,37.01351407829554,39.94097251499005,45.1347531510292
2022-02-16,37.62,50.49,33.66,49,50.2015071272112,38.15508416607692,40.29622849479436,45.21129269259298
2022-02-17,37,37,25,25,49.95074586226382,36.90221900740293,39.69637639695929,44.81106907491787
2022-02-18,24,25,17,18,49.632827992987565,35.102007673364554,38.84553810688245,44.2801568160086
2022-02-22,14,24,10,12,49.25837199305734,32.901816466377454,37.79277190661255,43.64094578994902
2022-02-23,13,13,5,5,48.81799018218115,30.244500612436745,36.506780851451275,42.875778546583696
2022-02-24,3,21,3,19,48.52129376245795,29.173595792204676,35.82024042590417,42.40299085259194
2022-02-25,17,40,11,40,48.43650476979668,30.204681907232803,35.984152566064786,42.355406875312894
2022-02-28,30,30,30,30,48.253056961141986,30.18518839225825,35.74947991641519,42.11074535302947
2022-03-01,32,32,19,20,47.971932016255,29.215170450138416,35.13185325302636,41.67290881138533
2022-03-02,31.37,46.07,24.5,42.15,47.91400234445147,30.447058978696663,35.407074694084145,41.68235616165492
2022-03-03,49.01,49.01,37.25,39.21,47.82739535594946,31.281624790249364,35.55620901980633,41.63339861389938
2022-03-04,32.35,38.23,28.43,37.25,47.72214764096489,31.85004147689228,35.6226321955002,41.54659864134692
2022-03-07,35.29,37.25,24.5,24.5,47.49108149528365,31.15003752671206,35.18645054077471,41.20904223260737
2022-03-08,22.54,28.43,15.68,15.68,47.17455332120123,29.67670061940615,34.421491696038444,40.703516643842875
2022-03-09,31.37,36.27,25.49,34.31,47.046547815517634,30.117967227081756,34.41711947266439,40.57691235386579
2022-03-10,24.5,28.43,20.58,26.47,46.841806046209,29.770541776883494,34.10546772863833,40.297567554779334
2022-03-11,36.27,36.27,23.52,24.5,46.61949951838603,29.268585417180304,33.728782719672125,39.984744434882714
2022-03-14,23.52,25.49,20.58,23.52,46.38965375203393,28.72110109173456,33.32843829929283,39.65870989161771
2022-03-15,24.5,31.37,24.5,31.37,46.24020446096892,28.97337717823603,33.25163679735977,39.49457702247677
2022-03-16,39.21,62.74,33.33,62.74,46.40438153100903,32.18924601840403,34.408043197463314,39.95488242797228
2022-03-17,59.8,71.56,57.84,71.56,46.65468619239203,35.93884163569888,35.864982679915734,40.58072634028966
2022-03-18,67.64,88.23,67.64,88.23,47.06837090689559,40.91895195610851,37.91851277089943,41.52427631374927
2022-03-21,89.21,89.21,74.5,82.35,47.419431892896625,44.864766055526744,39.66092403478573,42.33270648575424
2022-03-22,85.29,96.07,85.29,95.09,47.89376590391258,49.6481216692861,41.834613288323546,43.37740536722445
2022-03-23,89.21,89.21,77.45,77.45,48.18785778546569,52.29591960554457,43.231295120153995,44.05211021143783
2022-03-24,79.41,85.29,75.49,85.29,48.55703332988892,55.43821297644509,44.88065609583423,44.86870208843906
2022-03-25,87.25,87.25,77.45,84.31,48.912784242029325,58.18790697868841,46.426904876389756,45.649717888667986
2022-03-28,88.23,91.17,85.29,91.17,49.333254050566346,61.3290586950038,48.1815360577078,46.551109613644854
2022-03-29,99.01,99.01,96.07,99.01,49.8275500301627,64.91771977167011,50.17480915348397,47.58989952228555
2022-03-30,99.01,99.01,96.07,97.05,50.29742515424068,67.97793693627295,52.01305193177872,48.56930745253732
2022-03-31,95.09,95.09,89.21,89.21,50.68461495370097,70.00003818043743,53.47175577759132,49.37407364159599
2022-04-01,93.13,93.13,79.41,85.29,51.028947143216385,71.45622502039576,54.71953006082303,50.08528010413865
2022-04-04,83.33,91.17,83.33,91.17,51.428360604477916,73.33372739940569,56.14896025451625,50.89883891395768
2022-04-05,83.33,83.33,74.5,75.49,51.6677799019458,73.53908669470039,56.90743240139796,51.38579259882981
2022-04-06,54.9,66.66,51.96,56.86,51.71944378351848,71.95060224758606,56.90557230722549,51.494192745387636
2022-04-07,54.9,60.78,44.11,52.94,51.73158862149342,70.1400687001969,56.750059667726454,51.522822592013625
2022-04-08,45.09,50.98,42.15,43.13,51.6460006750109,67.56768120494006,56.21593968075679,51.35662808524108
2022-04-11,33.33,40.19,31.37,31.37,51.44424942451328,64.12028299494577,55.24158910504084,50.960853271671944
2022-04-12,36.27,37.25,24.5,26.47,51.195749430239516,60.53454175733189,54.11329149307845,50.47588588015369
2022-04-13,30.39,42.15,29.41,40.19,51.086239485660016,58.59696635187171,53.567280061977335,50.272204971635794
2022-04-14,36.27,36.27,29.41,29.41,50.87055551067832,55.81725527074107,52.61993574582136,49.85909200190043
2022-04-18,28.43,28.43,23.52,23.52,50.5984106797263,52.74132619733716,51.478761795004836,49.337525823644974
2022-04-19,23.52,37.25,23.52,34.31,50.43633694161957,50.98596179759076,50.80547701873014,49.03995105485993
2022-04-20,42.15,42.15,33.33,33.33,50.26612463374276,49.30444162639164,50.12016419446621,48.72886291515973
2022-04-21,46.07,46.07,27.45,27.45,50.03909851798413,47.223066233401966,49.2311381476244,48.307499293077356
2022-04-22,20.58,20.58,14.7,14.7,49.68746569690966,44.12563135403035,47.876975867325406,47.642004257570875
2022-04-25,11.76,16.66,8.82,16.66,49.35883419743792,41.50985693936079,46.65278073527343,47.02849922276749
2022-04-26,15.68,15.68,9.8,9.8,48.9652139566674,38.48987056418357,45.20757364761565,46.29130121835625
2022-04-27,10.78,18.62,7.84,12.74,48.604764066551304,36.03750193902323,43.93433546535621,45.626919016012565
2022-04-28,15.68,23.52,8.82,20.58,48.325910692754775,34.565358897211496,43.01847917259715,45.130940421636076
2022-04-29,24.5,27.45,9.8,9.8,47.94256829780199,32.20675328795326,41.71579371484824,44.43131783902942
2022-05-02,9.8,13.72,5.88,11.76,47.58254274259998,30.259443451005332,40.541056706422815,43.78436105013775
2022-05-03,11.76,21.56,11.76,18.62,47.29435823769849,29.15092502710006,39.681407423818,43.2860568709271
2022-05-04,20.58,46.07,12.74,45.09,47.27242432488557,30.668932167376248,39.8935090934722,43.321778517047356
2022-05-05,32.35,32.35,10.78,18.62,46.98732557538422,29.52141481810232,39.05925383490466,42.83263438799691
2022-05-06,4.9,16.66,4.9,10.78,46.62705367911174,27.73651816875924,37.95026348843781,42.19792875655143
2022-05-09,4.9,9.8,1.96,3.92,46.20210787135938,25.46827834316312,36.61574335163633,41.43994996929298
2022-05-10,9.8,9.8,2.94,6.86,45.810644111445356,23.696061358099968,35.44885145549373,40.755198484752526
2022-05-11,1.96,10.78,1.96,3.92,45.39382178197824,21.81262694304283,34.212425908219465,40.025788613767325
2022-05-12,5.88,5.88,0.98,4.9,44.99089818215756,20.20190056751494,33.062919009857914,39.330228443197676
2022-05-13,8.82,22.54,8.82,18.62,44.72850118532017,20.051243370608756,32.496530029079175,38.920124909669006
2022-05-16,18.62,27.45,17.64,19.6,44.47846634765529,20.00826781150316,31.99078375342901,38.53754817878447
2022-05-17,32.35,39.21,30.39,39.21,44.426043796932355,21.83700421040762,32.273890272902385,38.5508640564323
2022-05-18,31.37,33.33,16.66,18.62,44.169267241739,21.530622857035468,31.738443595533663,38.15619348105741
2022-05-19,15.68,31.37,15.68,20.58,43.93454816470677,21.440087346841615,31.300857572179403,37.80815004578894
2022-05-20,33.33,33.33,10.78,25.49,43.75102032227188,21.82579331380908,31.072980804642956,37.56422628250599
2022-05-23,35.29,38.23,28.43,32.35,43.63757733399056,22.82809871249393,31.123059988774607,37.46097427691181
2022-05-24,26.47,26.47,18.62,21.56,43.4178999475827,22.707327406542127,30.748038028430503,37.14610349915118
2022-05-25,22.54,42.15,22.54,36.27,43.34677656501969,23.99901051068097,30.964585556727346,37.12875491500957
2022-05-26,45.09,60.78,45.09,58.82,43.500738987258295,27.31529522394945,32.05695475058118,37.55828452065295
2022-05-27,72.54,79.41,72.54,79.41,43.85804506698707,32.27669567881141,33.91393691722505,38.387031361828136
2022-05-31,78.43,82.35,73.52,78.43,44.202044618559334,36.67224847130556,35.659664881255445,39.17996143387114
2022-06-01,85.29,85.29,70.58,73.52,44.493765567628394,40.18155814070503,37.14438390551994,39.85996219755686
2022-06-02,74.5,91.17,74.5,91.17,44.95820571123408,45.03760022254264,39.263035517068175,40.876002550080486
2022-06-03,89.21,89.21,81.37,82.35,45.330263365848666,48.59116210611001,40.95272039875178,41.697269826316514
2022-06-06,86.27,88.23,76.47,78.43,45.659613979123804,51.43295619124239,42.42241763801641,42.424650621835
2022-06-07,73.52,88.23,70.58,87.25,46.073448665898695,54.844103220647874,44.18036204436871,43.31228130259074
2022-06-08,80.39,84.31,72.54,75.49,46.36615066922309,56.81037910439569,45.40819098380523,43.94946385105429
2022-06-09,69.6,72.54,50,50,46.402308374006935,56.16177157064372,45.588261925616784,44.069276448063114
2022-06-10,17.64,22.54,13.72,13.72,46.077111275758114,52.119698087725276,44.33852616382789,43.46830067681434
2022-06-13,7.84,7.84,3.92,4.9,45.66738877550181,47.62258398413239,42.79191729465817,42.70457195054079
2022-06-14,7.84,7.84,6.86,7.84,45.29099684738737,43.83376646183407,41.421253871338244,42.014184387163745
2022-06-15,9.8,15.68,7.84,10.78,44.94760384393078,40.68578870356416,40.21963607246224,41.39568568642783
2022-06-16,5.88,5.88,2.94,3.92,44.53936897981207,37.184285017510426,38.79612093236568,40.653592900557975
2022-06-17,5.88,7.84,3.92,6.86,44.16444988548558,34.29625787298562,37.543724033057224,39.984412843121184
2022-06-21,17.64,17.64,16.66,16.66,43.89077376722204,32.61661426603461,36.72475446313341,39.52254328187126
2022-06-22,16.66,22.54,14.7,14.7,43.600318306851676,30.91027005022179,35.86103860183406,39.031007771339155
2022-06-23,22.54,29.41,17.64,29.41,43.459121109768574,30.767387188295906,35.60805669587978,38.840492765966104
2022-06-24,49.01,56.86,45.09,56.86,43.59246318827834,33.252397932267726,36.44146623721783,39.19731469139252
2022-06-27,55.88,55.88,45.09,46.07,43.61711529585766,34.47312193871842,36.81905579654262,39.33340746978079
2022-06-28,61.76,61.76,28.43,28.43,43.4659997207745,33.897586515983335,36.49007321628605,39.11749841097325
2022-06-29,26.47,35.29,26.47,32.35,43.355392758378734,33.75019732398492,36.32771740388267,38.98348854144903
2022-06-30,25.49,37.25,21.56,28.43,43.2068813876486,33.24351186455779,36.01800299588727,38.77450857033122
2022-07-01,32.35,44.11,32.35,44.11,43.21586764249787,34.278415496504664,36.33533621173483,38.880161865968226
2022-07-05,38.23,55.88,37.25,55.88,43.3418789097367,36.33570925874231,37.10179361519621,39.21679232406787
2022-07-06,60.78,65.68,50.98,59.8,43.50564130864479,38.57040361505257,37.99191935577675,39.6243805948784
2022-07-07,68.62,78.43,68.62,76.47,43.833644877713,42.17988898504756,39.5008636947659,40.353996820722394
2022-07-08,67.64,78.43,67.64,77.45,44.16813597345715,45.538947176947794,40.98906511850057,41.088571141104126
2022-07-11,61.76,69.6,61.76,65.68,44.382184371731206,47.45714268390515,41.9573370746378,41.57553012840899
2022-07-12,64.7,68.62,49.01,55.88,44.496590497385625,48.259319571152275,42.50332385602455,41.858786957549405
2022-07-13,42.15,55.88,42.15,50.98,44.561102034725074,48.5184319929473,42.83574252833731,42.03940503759793
2022-07-14,29.41,48.03,29.41,48.03,44.5956184323895,48.47191466028565,43.039438899775064,42.158030680417774
2022-07-15,56.86,72.54,54.9,72.54,44.87367198032592,50.764113264067966,44.19632364880349,42.759653835260984
2022-07-18,76.47,78.43,59.8,59.8,45.0221926571386,51.624673905585304,44.808232525321,43.09708643258255
2022-07-19,69.6,79.41,69.6,79.41,45.364359894381,54.2708954383867,46.16516458315155,43.81615402797696
2022-07-20,83.33,87.25,79.41,80.39,45.71287372627771,56.7584292061594,47.50731499165541,44.540388601680384
2022-07-21,77.45,82.35,75.49,82.35,46.077422246414244,59.19572166271565,48.87369479590422,45.28909377788473
2022-07-22,80.39,80.39,74.5,76.47,46.37983595540515,60.8408910281713,49.95590284312367,45.90653746545137
2022-07-25,78.43,79.41,71.56,76.47,46.6792405727643,62.32937759691689,50.9956713590796,46.51175454534342
2022-07-26,74.5,74.5,69.6,71.56,46.92681031830893,63.20848449244862,51.80211561950785,47.00775940583167
2022-07-27,73.52,83.33,69.6,81.37,47.26952862359939,64.93815263602494,52.96164049717421,47.688199813636984
2022-07-28,70.58,82.35,70.58,81.37,47.6088367964989,66.50309048021305,54.07569381101052,48.35516615396101
2022-07-29,74.5,81.37,74.5,80.39,47.93501752489195,67.82565329162132,55.10762738704932,48.98951929942713
2022-08-01,76.47,83.33,76.47,78.43,48.23845018633581,68.83559107337167,56.02223023461601,49.57249911528006
2022-08-02,78.43,84.31,78.43,81.37,48.56811734866083,70.02934430447914,57.01626042149381,50.2021525981458
2022-08-03,84.31,87.25,84.31,84.31,48.92375797205724,71.3894067516716,58.08660315006268,50.8775555169944
2022-08-04,86.27,86.27,83.33,84.31,49.27585988278304,72.61993944198859,59.11497165398179,51.53958412061827
2022-08-05,83.33,84.31,81.37,84.31,49.624458291909576,73.73327854275158,60.10301198127662,52.188503246942666
2022-08-08,86.27,90.19,83.33,84.31,49.969588060149285,74.74058534820381,61.0523056290697,52.82457248957746
2022-08-09,79.41,81.37,75.49,78.43,50.252776238655265,75.0919581721844,61.73378383969442,53.33161065810068
2022-08-10,82.35,87.25,81.37,86.27,50.611156574589046,76.15653358435732,62.69598839500052,53.98385599160363
2022-08-11,89.21,91.17,85.29,85.29,50.95621969324985,77.02638752870425,63.58202806578481,54.603779635334256
2022-08-12,86.27,90.19,83.33,89.21,51.33685432316776,78.18673157358955,64.58704657300893,55.289051325723676
2022-08-15,88.23,91.17,85.29,89.21,51.71370154383276,79.23656666181913,65.55265258975368,55.96075327966974
2022-08-16,88.23,90.19,85.29,88.23,52.07704779712796,80.09308412259826,66.44196033133197,56.59974826423073
2022-08-17,80.39,80.39,68.62,73.52,52.29041050561425,79.46707611092224,66.71953051441699,56.93480275404794
2022-08-18,68.62,80.39,68.62,79.41,52.56025716724993,79.46164029083441,67.21719598443985,57.37985616485888
2022-08-19,65.68,65.68,48.03,52.94,52.56403570289918,76.93576978694541,66.65730594583437,57.29193822100029
2022-08-22,34.31,34.31,24.5,26.47,52.30439355660168,72.12950599771251,65.08133316364479,56.68160281068345
2022-08-23,24.5,26.47,21.56,21.56,51.998479192854404,67.31336256935894,63.37461421605087,55.98612552730358
2022-08-24,19.6,30.39,19.6,24.5,51.72486248446779,63.23589946751524,61.85011954091162,55.362637893099546
2022-08-25,27.45,36.27,25.49,36.27,51.571082758254185,60.667718565847125,60.84697759813077,54.98456585561242
2022-08-26,40.19,40.19,8.82,8.82,51.14569885021186,55.729840607195015,58.80670396683153,54.07041603668941
2022-08-29,4.9,8.82,4.9,6.86,50.70504513030925,51.07557007317644,56.769578321073425,53.135556313190605
2022-08-30,6.86,6.86,3.92,4.9,50.249273536972844,46.677896732873926,54.735477210443094,52.180396782236336
2022-08-31,6.86,8.82,4.9,4.9,49.79803698436615,42.69904942498117,52.781144770817875,51.244151301399974
2022-09-01,5.88,6.86,5.88,6.86,49.37079283526798,39.28580662260201,50.98031556411914,50.36525721622374
2022-09-02,9.8,14.7,4.9,5.88,48.93804862795188,36.104301229973245,49.21167573807525,49.48436103372426
2022-09-06,4.9,5.88,2.94,3.92,48.4901078455842,33.03912968426151,47.435531591484065,48.58209645879903
2022-09-07,5.88,14.7,4.9,14.7,48.15388786702117,31.292545904808033,46.15178525456312,47.91116385565449
2022-09-08,13.72,23.52,13.72,23.52,47.9087745549115,30.55230343768346,45.2642642641881,47.428170511978166
2022-09-09,32.35,41.17,32.35,39.21,47.822219584215865,31.37684596742789,45.026842136180726,47.26543446223602
2022-09-12,46.07,50.98,43.13,50.98,47.85364028487044,33.24381301814904,45.260299307310895,47.33899021545907
2022-09-13,28.43,28.43,13.72,14.7,47.52375331686178,31.477735587849132,44.06185619722027,46.692673577529185
2022-09-14,15.68,22.54,14.7,18.62,47.23615378137062,30.25318934138731,43.06413634634889,46.136779051241476
2022-09-15,21.56,27.45,18.62,20.58,46.970918420361954,29.331933213636137,42.18240550923717,45.63070421854363
2022-09-16,15.68,15.68,14.7,15.68,46.6595659982688,28.031749098051744,41.14309548926708,45.03762096669128
2022-09-19,14.7,17.64,11.76,17.64,46.37081409778852,27.0420587077611,40.221405470080136,44.495093818836004
2022-09-20,14.7,16.66,8.82,12.74,46.03617913164137,25.67995787845052,39.143703294782874,43.866280079849155
2022-09-21,14.7,24.5,6.86,6.86,45.64636640396335,23.88758093764571,37.87767571459531,43.133482454505604
2022-09-22,5.88,5.88,2.94,3.92,45.231178678550776,21.985906562631833,36.5460021571602,42.35697785144609
2022-09-23,2.94,2.94,0.98,1.96,44.8006196867244,20.078677366190707,35.18968834707549,41.55703769597191
2022-09-26,1.96,2.94,0.98,0.98,44.36459362018983,18.259755712267783,33.84813194130782,40.753531999021966
2022-09-27,2.94,4.9,0.98,0.98,43.93290612148147,16.614064692051805,32.5591855906683,39.96593730597203
2022-09-28,2.94,10.78,2.94,7.84,43.57377272723787,15.778439483284966,31.589805763583268,39.329780131596344
2022-09-29,7.84,7.84,3.92,4.9,43.18895906826038,14.742397627734018,30.543146714030982,38.648002307208294
2022-09-30,4.9,10.78,3.92,3.92,42.798223157133414,13.71169309175935,29.499101744853295,37.96031909320417
2022-10-03,4.9,16.66,4.9,14.7,42.518638847112186,13.80581755921084,28.91874481368258,37.49971871512092
2022-10-04,44.11,51.96,42.15,51.96,42.61258273918072,17.43954922023838,29.822323448440127,37.78606091878189
2022-10-05,43.13,59.8,31.37,53.92,42.72509435371624,20.913877865929962,30.76733037203071,38.10554486098423
2022-10-06,60.78,60.78,47.05,48.03,42.77787948452503,23.496365688222348,31.444297808421663,38.302068725123156
2022-10-07,32.35,32.35,12.74,14.7,42.49849759910687,22.658616575058314,30.787658678679637,37.83470102759596
2022-10-10,19.6,19.6,13.72,18.62,42.26090060807098,22.27398642505276,30.31049559324122,37.45421189833664
2022-10-11,18.62,22.54,14.7,16.66,42.00616527863744,21.739321051238214,29.775182040565095,37.04244532609235
2022-10-12,18.62,22.54,17.64,18.62,41.773467116660946,21.442242855882192,29.33772392132725,36.67764442854597
2022-10-13,12.74,33.33,12.74,28.43,41.640696299579744,22.107743536274363,29.302126904804613,36.514324736891595
2022-10-14,39.21,39.21,19.6,19.6,41.42138588863865,21.868910818533948,28.921651339910316,36.17938761338879
2022-10-17,38.23,48.03,38.23,45.09,41.457889511637276,24.080443121530713,29.555704228541284,36.3558353834207
2022-10-18,61.76,61.76,47.05,55.88,41.60139309858616,27.108972348051598,30.588029552912214,36.74245250454108
2022-10-19,51.96,55.88,39.21,42.15,41.6068518737246,28.541451172046685,31.041440158680363,36.849532652966005
2022-10-20,47.05,55.88,34.31,36.27,41.55374887000595,29.277503441375572,31.246481721085054,36.83805675884786
2022-10-21,43.13,59.8,37.25,59.8,41.73530360761783,32.184407875530276,32.36622753594446,37.29274870421721
2022-10-24,60.78,69.6,57.84,69.6,42.01256426823855,35.74779760167025,33.826375475711345,37.93249625462875
2022-10-25,77.45,86.27,77.45,86.27,42.452936763081944,40.5594359253207,35.88298820215404,38.8896745466163
2022-10-26,74.5,87.25,74.5,76.47,42.79141500424531,43.979489646718726,37.474635723638194,39.63383940707934
2022-10-27,78.43,79.41,63.72,64.7,43.009410874849834,45.952871585126466,38.542297067809244,40.130199022780744
2022-10-28,68.62,82.35,66.66,80.39,43.38135703529909,49.23259810082871,40.183383457306924,40.927422804507856
2022-10-31,72.54,79.41,71.56,75.49,43.70084602002248,51.73330304360693,41.5679566550596,41.61183027372552
2022-11-01,86.27,86.27,76.47,76.47,44.0269072536541,54.089178944215796,42.936664237214124,42.30209106038443
2022-11-02,72.54,77.45,54.9,54.9,44.135097231229686,54.16639999714762,43.40581465928416,42.55155460374315
2022-11-03,48.03,54.9,47.05,47.05,44.16410123887914,53.48864761646689,43.54872388833184,42.6406327304017
2022-11-04,59.8,63.72,51.96,60.78,44.329433564860445,54.18306212918433,44.224460206436476,42.99982812187889
2022-11-07,60.78,62.74,55.88,62.74,44.51262328063298,54.99800859307154,44.95055980618407,43.39072261451496
2022-11-08,61.76,73.52,57.84,65.68,44.72324394450728,56.015341108017104,45.763479029470965,43.8320944439305
2022-11-09,60.78,62.74,58.82,58.82,44.86351017391517,56.28245147868214,46.275499459687786,44.12888465296158
2022-11-10,78.43,86.27,78.43,86.27,45.27551504780656,59.138408480712414,47.84391124558238,44.9633621845861
2022-11-11,83.33,90.19,83.33,90.19,45.72242534583833,62.09570291112075,49.50454217712817,45.858939171029945
2022-11-14,90.19,91.17,86.27,86.27,46.125883800108596,64.39801691958544,50.94632483684864,46.65915819734619
2022-11-15,90.19,92.15,89.21,89.21,46.554581473739354,66.76106292724397,52.446861117756534,47.50174912413141
2022-11-16,88.23,89.21,84.31,84.31,46.9302572799708,68.43239026750645,53.69639597588373,48.2306253790991
2022-11-17,76.47,83.33,75.49,80.39,47.26319004335418,69.57121024202965,54.74320397682947,48.86744467852288
2022-11-18,83.33,83.33,77.45,79.41,47.583058799141696,70.50823783802683,55.710529311071454,49.47224775419569
2022-11-21,78.43,78.43,72.54,75.49,47.86073980611541,70.98269137726237,56.48619482828434,49.987450768964095
2022-11-22,75.49,78.43,74.5,78.43,48.16491154933814,71.69195886514214,57.34673620756731,50.55066956561827
2022-11-23,79.41,84.31,79.41,83.33,48.51481292695667,72.8003437351286,58.365687728839184,51.19976521778425
2022-11-25,82.35,82.35,81.37,81.37,48.84173021126556,73.61650147464017,59.267817621825884,51.79719560951129
2022-11-28,82.35,84.31,68.62,69.6,49.04828015941217,73.23397752467444,59.67300124449938,52.14972638952097
2022-11-29,73.52,73.52,64.7,66.66,49.22352115285086,72.6078844270864,59.947001195695485,52.437058540223525
2022-11-30,71.56,88.23,65.68,88.23,49.61164532048418,74.09570495784008,61.05613840370743,53.1458296582389
2022-12-01,89.21,92.15,87.25,89.21,50.00565879988235,75.53516162852198,62.16021140748361,53.85997164520447
2022-12-02,75.49,85.29,75.49,83.33,50.33724428446063,76.27752718771036,62.990399195425425,54.443536563121214
2022-12-05,76.47,76.47,64.7,67.64,50.50941100799834,75.45490555078557,63.17273648187933,54.70485267078218
2022-12-06,61.76,61.76,40.19,45.09,50.455486520356565,72.56300978404408,62.46360956102132,54.514459548588476
2022-12-07,40.19,46.07,35.29,42.15,50.37284486343759,69.66653266175418,61.66699742137342,54.26961876544811
2022-12-08,34.31,50,34.31,50,50.36913496429891,67.79352955111092,61.20946811073133,54.185071859201614
2022-12-09,43.13,48.03,40.19,40.19,50.26785003928101,65.16462197481465,60.38517524364383,53.90794172337584
2022-12-12,42.15,58.82,42.15,57.84,50.343194815009554,64.46703892959421,60.28536444977544,53.98580426350701
2022-12-13,82.35,82.35,56.86,62.74,50.466546110382595,64.30255903153761,60.38162466743131,54.15915467413064
2022-12-14,64.7,65.68,47.05,53.92,50.50090883565242,63.313743885676885,60.12822762164969,54.15441893800924
2022-12-15,36.27,36.27,22.54,25.49,50.25204407111856,59.71148256323147,58.76986575413402,53.58680668181104
2022-12-16,20.58,23.52,16.66,20.58,49.956799851505444,55.98467470006657,57.27222395985425,52.93320654949795
2022-12-19,19.6,19.6,11.88,11.88,49.57792622114221,51.78422949053642,55.49213674574232,52.12027176633958
2022-12-20,14.85,15.84,12.87,14.85,49.232374716454224,48.26668382477104,53.898327461595564,51.382246582847706
2022-12-21,14.85,24.75,14.85,20.79,48.949366012807914,45.64985679384047,52.59996167878789,50.776459521801215
2022-12-22,14.85,14.85,7.92,11.88,48.58051659974515,42.43367995633186,51.003100436482484,50.00623260057743
2022-12-23,9.9,15.84,7.92,13.86,48.23503882263326,39.71237710334787,49.546508262502776,49.29046561838778
2022-12-27,16.83,17.82,12.87,13.86,47.892998635343375,37.25024595064807,48.147037350247764,48.588872239805845
2022-12-28,15.84,15.84,5.94,5.94,47.475555862852396,34.268317764872066,46.49185941494393,47.74434011624533
2022-12-29,8.91,20.79,8.91,17.82,47.180475705013066,32.70181131107473,45.36747277122064,47.15177892582463
2022-12-30,12.87,16.83,8.91,16.83,46.878480921878605,31.190210233829514,44.248356191957086,46.551347659966716
2023-01-03,31.68,31.68,12.87,21.78,46.6287447933027,30.29399973536956,43.36724418442936,46.060825924125794
2023-01-04,34.65,40.59,32.67,33.66,46.49970255655342,30.614571189143888,42.98656794190272,45.815265014737165
2023-01-05,23.76,33.66,23.76,30.69,46.342392083353886,30.6217548854159,42.504349591239865,45.515754816425535
2023-01-06,43.56,62.37,43.56,60.39,46.482169276554345,33.45682584870963,43.205747646485364,45.81029432501117
2023-01-09,64.35,76.23,59.4,59.4,46.61070490564336,35.92760433930871,43.84081636623104,46.07939740768422
2023-01-10,61.38,68.31,58.41,68.31,46.82661828966681,39.01164202127931,44.80039219500629,46.519607360007306
2023-01-11,71.28,79.2,68.31,79.2,47.14874149076466,42.839104685919374,46.1493964226531,47.166743847927954
2023-01-12,77.22,79.2,71.28,76.23,47.43810724707546,46.019189953927054,47.32902793549023,47.74225387074126
2023-01-13,75.24,83.16,73.26,83.16,47.79354896601003,49.55640995831495,48.73416409488277,48.44359537825133
2023-01-17,82.17,87.12,82.17,83.16,48.145453951422866,52.75675186704686,50.084196875475605,49.13104893511764
2023-01-18,83.16,83.16,67.32,67.32,48.33624545439378,54.14372787970906,50.76011072349617,49.49122618392719
2023-01-19,64.35,64.35,53.46,56.43,48.416780325494344,54.36146808164153,50.98245932257475,49.6286276456316
2023-01-20,56.43,72.27,56.43,71.28,48.644275048623754,55.97275683577091,51.77844130992476,50.05736769225276
2023-01-23,74.25,78.21,74.25,78.21,48.9384613665479,58.09058951807844,52.81497302326104,50.614845559732906
2023-01-24,74.25,79.2,73.26,78.21,49.229720457428016,60.00672384969001,53.810856434113546,51.16128426152037
2023-01-25,66.33,75.24,64.35,75.24,49.4885292090954,61.45751205448144,54.65121500532478,51.638090513767494
2023-01-26,76.23,78.21,75.24,78.21,49.774314988109374,63.05298709691178,55.57508892668459,52.16426693923744
2023-01-27,73.26,78.21,73.26,76.23,50.03755563499386,64.30794070672971,56.38508543936363,52.64081610875749
2023-01-30,72.27,75.24,70.29,70.29,50.239072494347155,64.87766063942212,56.930376206447406,52.990304898683085
2023-01-31,73.26,74.25,72.27,74.25,50.47798719589594,65.77026438804859,57.6095771395279,53.4112889600953
2023-02-01,71.28,85.14,67.32,79.2,50.76377836807608,67.04928682728206,58.45626038895818,53.921956505439944
2023-02-02,83.16,84.15,76.23,80.19,51.056576593269355,68.30078331992186,59.30856390311668,54.442115782559945
2023-02-03,77.22,77.22,68.31,69.3,51.23810319433135,68.39594681326264,59.70038492652387,54.736331311618166
2023-02-06,68.31,72.27,64.35,67.32,51.398122068019596,68.29347568819,59.99919336077783,54.98551286980395
2023-02-07,60.39,75.24,58.41,74.25,51.62550393798955,68.86076371788619,60.55804852310027,55.366987862481096
2023-02-08,69.3,69.3,58.41,59.4,51.7028621077608,67.95973860189703,60.51263485552771,55.44684948896662
2023-02-09,68.31,70.29,51.48,54.45,51.73019681315622,66.67309683028779,60.27488446903642,55.427109895125696
2023-02-10,49.5,56.43,44.55,55.44,51.76711027770193,65.60327808454609,60.08528115652519,55.42736514472717
2023-02-13,56.43,74.25,56.43,72.27,51.97111913066012,66.23820398125599,60.56311326803401,55.76088266661376
2023-02-14,76.23,76.23,56.43,71.28,52.16324729851425,66.71837503066018,60.983383335954244,56.06819192074022
2023-02-15,62.37,76.23,61.38,75.24,52.39286672837978,67.5299583610735,61.542466342387414,56.44783168468596
2023-02-16,55.44,66.33,55.44,57.42,52.44288795496306,66.5671051838284,61.380800995627126,56.46708254241495
2023-02-17,50.49,51.48,37.62,50.49,52.423456234018154,65.03595230917809,60.95371076050449,56.34872447226812
2023-02-21,35.64,35.64,22.77,22.77,52.128396968008026,61.010623517827796,59.45631033852392,55.6837992351935
2023-02-22,26.73,28.71,21.78,22.77,51.83627361509252,57.36865937327277,58.01763150171906,55.0320408344966
2023-02-23,28.71,32.67,20.79,30.69,51.62586293235528,54.827834671056316,56.945959678122236,54.550020223912504
2023-02-24,20.79,22.77,16.83,22.77,51.33873991810299,51.774707559527144,55.6057259652547,53.92071289274592
2023-02-27,27.72,29.7,21.78,23.76,51.0643245955348,49.106640172905514,54.35687396661726,53.3234710532856
2023-02-28,20.79,28.71,20.79,20.79,50.763087534882715,46.40981729929547,53.040525967926385,52.67924390371559
2023-03-01,18.81,24.75,15.84,17.82,50.435295619112736,43.686977556505425,51.65932887114496,51.98896184621627
2023-03-02,12.87,31.68,12.87,31.68,50.24867576220614,42.54345588445729,50.875825778158884,51.586804185895154
2023-03-03,32.67,47.52,32.67,46.53,50.21167401332847,42.92312675260421,50.70540123783893,51.48666944954079
2023-03-06,50.49,56.43,44.55,45.54,50.16518969478789,43.17235277616572,50.50283648341387,51.368913618856816
2023-03-07,44.55,50.49,29.7,32.67,49.99110820528752,42.172128702245175,49.803509562495684,50.99863810165173
2023-03-08,36.63,40.59,33.66,39.6,49.88771409379212,41.92716406393611,49.40337193259389,50.77292249567843
2023-03-09,44.55,49.5,19.8,20.79,49.59818460032155,39.91410081975172,48.28127891562943,50.179201258140246
2023-03-10,11.88,26.73,8.91,11.88,49.222879280915365,37.24418645596584,46.85377778168318,49.42080123322658
2023-03-13,14.85,25.74,14.85,18.81,48.9202635666774,35.48854965063576,45.75402179024462,48.814646753360705
2023-03-14,28.71,42.57,25.74,38.61,48.81767387944678,35.7858306362895,45.47386407298013,48.61257454042287
2023-03-15,31.68,36.63,26.73,36.63,48.69640349258661,35.86622771854764,45.12704587403973,48.37529583665212
2023-03-16,37.62,51.48,34.65,51.48,48.72410097027232,37.35325365011453,45.37618132995974,48.436775127015444
2023-03-17,51.48,51.48,43.56,47.52,48.712119866090504,38.321515207246485,45.460252650353475,48.418621164104245
2023-03-20,49.5,56.43,48.51,56.43,48.788914693293584,40.046132806556344,45.89043882092785,48.57726232917149
2023-03-21,63.36,65.34,59.4,64.35,48.943751363012055,42.36078682497955,46.61434318089146,48.8895937681978
2023-03-22,63.36,66.33,47.52,47.52,48.92958468278308,42.852140460695786,46.64985913458199,48.862473099520614
2023-03-23,57.42,65.34,48.51,54.45,48.98451418842703,43.95669851205809,46.9557470116572,48.97311719655981
2023-03-24,50.49,55.44,46.53,52.47,49.01919563928845,44.76748912995732,47.17199222688633,49.04236240058833
2023-03-27,64.35,64.35,53.46,53.46,49.06338274735523,45.595347308056624,47.418580767008436,49.129840372853906
2023-03-28,54.45,58.41,50.49,55.44,49.12683167524224,46.5329332787179,47.73314622712575,49.254794028837
2023-03-29,71.28,78.21,68.31,76.23,49.39651494215525,49.361225347411434,48.850669904493365,49.78895652331547
2023-03-30,88.11,91.08,83.16,89.1,49.79157449496962,53.145870552419865,50.42907500627794,50.56739302780427
2023-03-31,94.05,99,94.05,99,50.28121056964654,57.51293049980845,52.33381716289449,51.526454552006165
2023-04-03,96.03,96.03,95.04,96.03,50.73642240477444,61.18122283316002,54.04739296042804,52.40771287770901
2023-04-04,96.03,96.03,84.15,89.1,51.11814954502544,63.84015399190668,55.42200500119557,53.134292820724674
2023-04-05,72.27,73.26,68.31,68.31,51.28921273363215,64.26585361172509,55.927416569776135,53.434801873779634
2023-04-06,63.36,75.24,63.36,73.26,51.50782753230248,65.12243898203698,56.60712572390256,53.82738005449687
2023-04-10,63.36,78.21,63.36,78.21,51.77352079068753,66.36887336470012,57.45429726414168,54.310204211833565
2023-04-11,79.2,80.19,72.27,77.22,52.02671958879014,67.40231399663344,58.22942286162632,54.76386353437152
2023-04-12,75.24,78.21,60.39,60.39,52.10993630929969,66.73447456838264,58.31415137685666,54.87527217725525
2023-04-13,75.24,78.21,60.39,73.26,52.32038470423203,67.35595318091762,58.90026308756816,55.23932619354722
2023-04-14,68.31,76.23,62.37,67.32,52.46963460767251,67.35252906844927,59.23044884884,55.47854745704134
2023-04-17,68.31,72.27,63.36,71.28,52.656802422521544,67.72657391907315,59.70298026653255,55.79144750739695
2023-04-18,80.19,80.19,65.34,70.29,52.83225712478501,67.97070973630427,60.11815751098225,56.07854755675543
2023-04-19,64.35,69.3,60.39,66.33,52.96656302404088,67.81445166618006,60.36175917721824,56.2815466150375
2023-04-20,57.42,65.34,57.42,58.41,53.020726576040474,66.91878960273434,60.28521960164105,56.323694206818935
2023-04-21,57.42,59.4,52.47,57.42,53.06450044095549,66.0141429739025,60.17285804863552,56.345403232426484
2023-04-24,50.49,56.43,48.51,52.47,53.058585013682304,64.72422459543559,59.870785183983145,56.268662574358636
2023-04-25,43.56,45.54,36.63,36.63,52.895116506083475,62.04858415777505,58.959381843434784,55.87977816694559
2023-04-26,31.68,33.66,23.76,24.75,52.61506559557518,58.49633804751076,57.617837457417735,55.26334691611498
2023-04-27,30.69,43.56,29.7,42.57,52.51511469412667,56.97954394774783,57.02772618457782,55.01199351183548
2023-04-28,41.58,49.5,41.58,47.52,52.46541206035427,56.078635000343276,56.65487417733948,54.86363720467042
2023-05-01,46.53,51.48,42.57,47.52,52.416203980151735,55.26352690507249,56.296643817443815,54.71821864616209
2023-05-02,44.55,44.55,30.69,35.64,52.24927657736416,53.394619580779874,55.486579354014644,54.3404321383173
2023-05-03,36.63,46.53,34.65,34.65,52.074159397489886,51.60941771594369,54.669458595033674,53.95052259102388
2023-05-04,34.65,36.63,31.68,33.66,51.8909339308482,49.899949362044296,53.84555825797353,53.548730064468955
2023-05-05,39.6,49.5,39.6,47.52,51.847442050939264,49.67328751804008,53.597497149817706,53.42934927111313
2023-05-08,51.48,55.44,46.53,54.45,51.873338149934895,50.12821251632197,53.63092863413858,53.44956017663564
2023-05-09,44.55,47.52,44.55,46.53,51.82017060615445,49.78552561000559,53.35246084456452,53.3125391830389
2023-05-10,55.44,55.44,43.56,51.48,51.81678582400366,49.94690412333839,53.279031007522775,53.27625127842427
2023-05-11,48.51,51.48,43.56,50.49,51.8035839750086,49.998627540163305,53.16965724252188,53.2210779857822
2023-05-12,50.49,54.45,39.6,48.51,51.77081199515777,49.85685348871918,52.98692558595239,53.127789312796416
2023-05-15,48.51,58.41,46.53,56.43,51.81717207480794,50.482867442174495,53.121948111993476,53.19317962343411
2023-05-16,53.46,53.46,49.5,49.5,51.79411563625264,50.38926101911026,52.97991093113099,53.12004735366314
2023-05-17,52.47,55.44,47.52,54.45,51.82054234633968,50.77599806490928,53.03756148285134,53.1463830496302
2023-05-18,55.44,63.36,54.45,63.36,51.93536282050545,51.974474439679824,53.442362993327755,53.348632890231585
2023-05-19,64.35,68.31,60.39,64.35,52.05889154865963,53.153095921615076,53.87011346417765,53.566481743890364
2023-05-22,68.31,69.3,64.35,64.35,52.181191135240134,54.219467738604116,54.281089406758916,53.78001675886283
2023-05-23,64.35,64.35,53.46,53.46,52.19391560155615,54.147137477784675,54.24888982218013,53.77367979334079
2023-05-24,46.53,46.53,39.6,43.56,52.10800599358047,53.13883867037661,53.82971767229071,53.57142870832414
2023-05-25,38.61,43.56,37.62,42.57,52.01310046130604,52.13228260653121,53.388160116514605,53.35357863489198
2023-05-26,47.52,55.44,47.52,53.46,52.027497471641304,52.25873188209967,53.390977366847366,53.3556859886565
2023-05-30,52.47,52.47,48.51,52.47,52.03190048187373,52.27885265523303,53.35486060736316,53.33814765224746
2023-05-31,50.49,53.46,46.53,51.48,52.0264089347904,52.202771449972744,53.28133666197637,53.301352649232655
2023-06-01,49.5,56.43,49.5,55.44,52.060375015041245,52.511078930927724,53.36599012621259,53.343702101723096
2023-06-02,62.37,72.27,62.37,72.27,52.26146581091148,54.392880937506035,54.10732384675327,53.7184802779266
2023-06-05,71.28,74.25,69.3,70.29,52.44085421080291,55.906892276791176,54.74193859786098,54.046629183314195
2023-06-06,67.32,72.27,67.32,70.29,52.61845765149144,57.27671205995392,55.35166649598408,54.3682800905753
2023-06-07,72.27,74.25,63.36,68,52.771507824113414,58.29797757805355,55.847679574572936,54.638215138286675
2023-06-08,60,74,60,71,52.95288585571428,59.507693999191304,56.441888218707334,54.96221087812258
2023-06-09,68,77,64,70,53.12250888202558,60.50696123736356,56.97357887679724,55.259988880536
2023-06-12,69,78,69,78,53.37004610708005,62.172964929043225,57.79814441104049,55.710286130426375
2023-06-13,78,84,78,82,53.65492127019368,64.06125398342006,58.747236787078116,56.23087452388328
2023-06-14,83,83,76,83,53.946912103326085,65.8649440802372,59.698325540526035,56.76095621647965
2023-06-15,86,91,86,91,54.315599545084034,68.25875892973842,60.925842185995606,57.43895708348005
2023-06-16,93,93,87,87,54.64081746005832,70.04363903166809,61.94835817870166,58.02432426994579
2023-06-20,87,87,75,77,54.86329688831645,70.70614960008065,62.53861864228199,58.400080224996366
2023-06-21,74,77,67,67,54.984060103358075,70.35318297150154,62.713574773957205,58.570375666085546
2023-06-22,62,70,62,70,55.133472440638094,70.3195464980252,62.99931693968438,58.796704860816526
2023-06-23,54,56,49,49,55.07244286411433,68.28911349821328,62.450324118520285,58.602710705156795
2023-06-26,49,56,49,51,55.0319210445709,66.64253126028821,62.00129180014694,58.45216197832201
2023-06-27,53,65,52,64,55.121155661042835,66.39086161645123,62.07967251386667,58.5620201569691
2023-06-28,58,63,58,60,55.16970137585833,65.78220812917016,61.998116729009155,58.59049500534595
2023-06-29,61,61,55,58,55.19786355122292,65.04104545020157,61.841327837675465,58.57880203494306
2023-06-30,68.31,70.29,67.32,68.31,55.32833257061374,65.35237445494427,62.09500125580584,58.77149902435013
2023-07-03,64.35,73.26,64.35,73.26,55.50675712214992,66.10548164971148,62.53284434381345,59.05840003376894
2023-07-05,65.34,75.24,65.34,71.28,55.66370481247679,66.59829292116753,62.87587005582077,59.30041191428837
2023-07-06,53.46,57.42,45.54,57.42,55.68118038648199,65.72416978581823,62.66191436735721,59.26317603479751
2023-07-07,50.49,60.39,45.54,45.54,55.58027311895481,63.80186790145459,61.99046674510791,58.99142997470251
2023-07-10,56.43,72.27,56.43,68.31,55.70693706801993,64.23121381560178,62.23829157863309,59.175956113817314
2023-07-11,73.26,73.26,61.38,71.28,55.86189291808939,64.90252678554447,62.59286837947101,59.415640151167466
2023-07-12,81.18,81.18,72.27,76.23,56.06456065024771,65.98133375834976,63.127657854785866,59.748597771936424
2023-07-13,76.23,85.14,76.23,84.15,56.34401775820544,67.71168292422121,63.95206342910799,60.231793855660456
2023-07-14,84.15,86.13,82.17,83.16,56.610843452153645,69.18295121715252,64.70531584365277,60.685817739706785
2023-07-17,83.16,88.11,83.16,88.11,56.924267895415795,70.98552729170942,65.62314659488207,61.228870853771994
2023-07-18,88.11,91.08,80.19,89.1,57.244424433769865,72.71071516868948,66.54380751272983,61.780774401222054
2023-07-19,91.08,94.05,88.11,89.1,57.56139533492638,74.2715994383381,67.42836408085807,62.32174916555429
2023-07-20,89.1,90.09,80.19,80.19,57.78655558035,74.83525663468686,67.92882039141266,62.675575914751235
2023-07-21,80.19,85.14,80.19,81.18,58.01932617159029,75.43951790757383,68.4484744937102,63.04200015406309
2023-07-24,87.12,87.12,72.27,81.18,58.24978063754462,75.98623048780489,68.94775000376077,63.401168467844016
2023-07-25,81.18,82.17,79.2,79.2,58.4582405316984,76.29230377468062,69.34979902322114,63.71401661699562
2023-07-26,79.2,79.2,66.33,71.28,58.585820227900406,75.81494151042533,69.42549317917324,63.86383807012442
2023-07-27,71.28,79.2,59.4,60.39,58.60377226543373,74.34589946181339,69.07116011332332,63.79504919744869
2023-07-28,60.39,73.26,60.39,69.3,58.71020239214584,73.86533760830736,69.08013422652633,63.90405812423189
2023-07-31,73.26,73.26,66.33,73.26,58.854976497696626,73.80768640751619,69.24405053136843,64.08932429998967
2023-08-01,73.26,73.26,61.38,66.33,58.929354841003125,73.09552579727655,69.12977403994222,64.13369411583146
2023-08-02,66.33,66.33,45.54,47.52,58.81582892218717,70.65976143563117,68.2823319207288,63.804710073933805
2023-08-03,47.52,47.52,38.61,40.59,58.63447739062312,67.79597463223773,67.1963581199159,63.345012844747
2023-08-04,44.55,48.51,37.62,37.62,58.42537811310448,64.92207228631032,66.03650093874273,62.83560664980151
2023-08-07,37.62,46.53,37.62,46.53,58.307016141829806,63.17044635428077,65.27154011761557,62.51272334980544
2023-08-08,46.53,46.53,28.71,36.63,58.09132443892603,60.64278479673022,64.14834246594437,62.00019417456177
2023-08-09,36.63,37.62,29.7,31.68,57.82852519077751,57.88442433989877,62.87507413394655,61.39979428991698
2023-08-10,31.68,46.53,30.69,33.66,57.588042353058334,55.57733630752746,61.72938495222316,60.8504914326909
2023-08-11,27.72,33.66,26.73,31.68,57.33025088685875,53.30139951633437,60.550977699194796,60.27285793897425
2023-08-14,29.7,37.62,29.7,37.62,57.13412898748702,51.8079328957311,59.65172367177539,59.82428649463812
2023-08-15,37.62,37.62,29.7,29.7,56.861152579651325,49.70241547709004,58.47714627288224,59.22776596999182
2023-08-16,29.7,33.66,21.78,21.78,56.512086384828926,47.04313781260527,57.03804249747509,58.48622604979396
2023-08-17,21.78,23.76,13.86,14.85,56.097538261596796,43.97712468759525,55.38360945835842,57.622142365639625
2023-08-18,14.85,14.85,9.9,13.86,55.677264249043596,41.108827098300466,53.75523261685417,56.7555652890923
2023-08-21,13.86,22.77,13.86,18.81,55.31042579880435,38.98512927941471,52.38483133776185,56.00416795663503
2023-08-22,18.81,23.76,15.84,16.83,54.92753598986103,36.8751169670895,50.99052422647707,55.22844185848384
2023-08-23,16.83,43.56,16.83,37.62,54.7553217014047,36.946058208319066,50.466189943085816,54.87975984148416
2023-08-24,37.62,46.53,13.86,13.86,54.34840307751012,34.74738599800296,49.03065308257265,54.06748736937556
2023-08-25,13.86,30.69,13.86,25.74,54.06374235037072,33.88953971247887,48.11729413815804,53.50654702542753
2023-08-28,25.74,42.57,25.74,39.6,53.91982451603867,34.43339307319517,47.78328260332831,53.23116985660718
2023-08-29,39.6,68.31,39.6,67.32,54.05315959548108,37.56545087574801,48.54942838358994,53.51015659211991
2023-08-30,67.32,73.26,64.35,69.3,54.20486945025241,40.58778888758154,49.363176290115824,53.822826758612585
2023-08-31,69.3,73.26,67.32,67.32,54.335368261692686,43.13371375543092,50.06736545520932,54.09009751586778
2023-09-01,67.32,76.23,64.35,66.33,54.45471783122808,45.342883873961306,50.70511582951484,54.33247182248426
2023-09-05,65.34,68.31,62.37,65.34,54.563029096589,47.24737112406023,51.279032855808374,54.55044267748457
2023-09-06,65.34,65.34,54.45,62.37,54.6407103991105,48.68762149319735,51.71397274381589,54.7052853967423
2023-09-07,51.48,55.44,46.53,53.46,54.6289620369303,49.142133731940454,51.78244440092114,54.68062627997512
2023-09-08,53.46,57.42,53.46,54.45,54.62718132014492,49.64764480508898,51.88705442441443,54.67605942294591
2023-09-11,54.45,64.35,54.45,59.4,54.67467205327781,50.57644053793765,52.18167974110406,54.76960280070936
2023-09-12,59.4,62.37,54.45,56.43,54.69213800299644,51.1339223914674,52.34828053557057,54.802481953170556
2023-09-13,56.43,64.35,54.45,55.44,54.699579415901944,51.54402502085146,52.469524436136425,54.81510607290975
2023-09-14,62.37,71.28,58.41,70.29,54.8547079789278,53.32935597124656,53.168366615111466,55.12153961602045
2023-09-15,70.29,70.29,44.55,48.51,54.7915765562519,52.87036968827069,52.9856855713816,54.99061803946559
2023-09-18,48.51,51.48,44.55,46.53,54.709371814398644,52.26652495605443,52.73252143132742,54.82308104858508
2023-09-19,46.53,46.53,30.69,36.63,54.5294775674892,50.77733210309687,52.101050002647916,54.46282201792003
2023-09-20,36.63,44.55,29.7,30.69,54.29226883547438,48.86425285518288,51.26140098293623,53.99207306707013
2023-09-21,30.69,30.69,15.84,15.84,53.90965919532041,45.71908591659404,49.87232643458579,53.2365864716826
2023-09-22,15.84,24.75,14.85,15.84,53.5308566162625,42.87345868644223,48.53772539793536,52.496060006896805
2023-09-25,15.84,15.84,8.91,15.84,53.15582321709571,40.298843573447726,47.255461656839856,51.77019743250281
2023-09-26,12.87,14.85,7.92,7.92,52.705715523393266,37.21514418550032,45.71289453304222,50.90187669126513
2023-09-27,7.92,12.87,7.92,12.87,52.30934024455353,34.89655902497648,44.42493788468762,50.14877022213117
2023-09-28,12.87,25.74,12.87,18.81,51.97601347595101,33.36450578450253,43.42043051666066,49.52820051476223
2023-09-29,18.81,32.67,15.84,18.81,51.646003391613185,31.978362376454672,42.45531559443867,48.91991931645011
2023-10-02,18.81,25.74,11.88,20.79,51.3389784822439,30.912804054887562,41.605695375048924,48.362891211173874
2023-10-03,20.79,20.79,6.93,6.93,50.897098099336006,28.628727478231603,40.24586418387054,47.5424379198635
2023-10-04,6.93,22.77,5.94,19.8,50.58767423765107,27.787896289828595,39.444065588424635,46.993082713529574
2023-10-05,19.8,25.74,9.9,22.77,50.31088145916698,27.310001405083014,38.79018066338838,46.513417709301265
2023-10-06,22.77,55.44,20.79,50.49,50.31266373320512,29.51762031888463,39.24899710796138,46.592161913077476
2023-10-09,50.49,55.44,37.62,52.47,50.33412976571054,31.703561240895617,39.767467809609954,46.70855474648188
2023-10-10,52.47,75.24,52.47,70.29,50.532695638688544,35.37846017033413,40.964429856291915,47.17551405843273
2023-10-11,70.29,70.29,60.39,67.32,50.69973349302995,38.42051158268326,41.99798162663341,47.57441477014694
2023-10-12,67.32,68.31,56.43,62.37,50.81585554782568,40.70141524147533,42.7968843079419,47.8673966558866
2023-10-13,62.37,64.35,51.48,52.47,50.83231469660353,41.8222328375253,43.17622217821869,47.95853731616607
2023-10-16,52.47,69.3,52.47,68.31,51.006222013055236,44.34487732918956,44.1618605241709,48.361536577232094
2023-10-17,68.31,74.25,60.39,67.32,51.168548162179064,46.53298425021912,45.07002285655635,48.73695169451463
2023-10-18,67.32,67.32,46.53,47.52,51.13224420036634,46.62698575019825,45.16610039159335,48.712853641157906
2023-10-19,47.52,51.48,33.66,35.64,50.9780925167806,45.58060615494127,44.79252782721714,48.453985252224086
2023-10-20,35.64,35.64,24.75,25.74,50.72696721810617,43.69102461637544,44.04536987320863,48.00420336604143
2023-10-23,25.74,31.68,20.79,24.75,50.46848993235387,41.88711751005397,43.28868870171025,47.54372409146635
2023-10-24,24.75,33.66,24.75,32.67,50.29139053004189,41.00929679481074,42.872269536937296,47.24919490153633
2023-10-25,32.67,32.67,16.83,18.81,49.97814286307629,38.89507805244781,41.928651123724066,46.68604252724848
2023-10-26,22.77,26.73,16.83,17.82,49.65816134205066,36.887927761738496,40.98321382475449,46.11443772472871
2023-10-27,17.82,21.78,11.88,13.86,49.301960731682,34.694791784430066,39.91955838064647,45.47573598760537
2023-10-30,13.86,23.76,13.86,22.77,49.03796112241153,33.55909732877006,39.24702667944465,45.026117453197344
2023-10-31,22.77,25.74,21.78,23.76,48.7864391211935,32.625849964125294,38.63969229985859,44.605006216500364
2023-11-01,23.76,35.64,23.76,34.65,48.64577803541048,32.81862615801812,38.48323377829551,44.40787738053006
2023-11-02,34.65,52.47,34.65,50.49,48.66412850271983,34.501614142968776,38.954087355617254,44.52831545220273
2023-11-03,64.35,74.25,59.4,70.29,48.879311303687786,37.910031843638414,40.182946675004814,45.038447819485846
2023-11-06,70.29,70.29,58.41,61.38,49.00369626584015,40.14526690614904,41.01420366814188,45.362042912169294
2023-11-07,67.32,74.25,67.32,72.27,49.23520177563278,43.204765296039604,42.239921171352,45.89487374559168
2023-11-08,72.27,72.27,64.35,70.29,49.44470225547723,45.78431145832155,43.33992426267153,46.37794555260967
2023-11-09,70.29,71.28,59.4,59.4,49.54375994447746,47.08104370038616,43.96973115433147,46.635808016914424
2023-11-10,59.4,71.28,59.4,70.29,49.75019019378614,49.29142049082557,45.00189856004396,47.10420785816365
2023-11-13,70.29,71.28,68.31,70.29,49.95456641076339,51.29128520598504,45.993588812591256,47.56333245503169
2023-11-14,70.29,88.11,70.29,85.14,50.30467022757171,54.51497232922456,47.52874219248964,48.30742488166473
2023-11-15,88.11,89.1,87.12,88.11,50.68084266311826,57.71449877406032,49.12016406729396,49.0955946859882
2023-11-16,85.14,85.14,81.18,85.14,51.023719850549924,60.32645127176886,50.532706652890276,49.80934528626567
2023-11-17,85.14,87.12,85.14,85.14,51.36318532467381,62.689646388743256,51.889855411600465,50.50896221129011
2023-11-20,85.14,86.13,81.18,86.13,51.709123779154666,64.92206101838676,53.23260617977299,51.21432929621506
2023-11-21,86.13,86.13,81.18,85.14,52.04176931369044,66.84757901663563,54.48387652566425,51.88612475569595
2023-11-22,87.12,87.12,81.18,83.16,52.35140344987262,68.4011429198132,55.608430387402905,52.505409413999004
2023-11-24,83.16,86.13,83.16,86.13,52.68750888818234,70.08960549887861,56.80535468593612,53.17124289094952
2023-11-27,86.13,86.13,83.16,85.14,53.01041924750391,71.52297640374732,57.91651724727196,53.80428758617824
2023-11-28,85.14,85.14,77.22,79.2,53.27101209081233,72.25412150815234,58.751163629731884,54.307172980511346
2023-11-29,81.18,82.17,76.23,76.23,53.499459731699766,72.63277660261402,59.43660819327181,54.74128836703587
2023-11-30,76.23,78.21,67.32,77.22,53.73548500800126,73.06965502141269,60.13399610726115,55.186411369668825
2023-12-01,77.22,82.17,75.24,80.19,53.99871401289677,73.74778311461148,60.92050606383914,55.68153193660608
2023-12-04,72.27,72.27,64.35,71.28,54.170667107295806,73.51275615131514,61.32676072800231,55.99041249231685
2023-12-05,71.28,71.28,60.39,63.36,54.26210325548192,72.54582699404703,61.40649560141399,56.13634491821156
2023-12-06,63.36,67.32,61.38,61.38,54.33292809871095,71.48241489937588,61.40545655822128,56.24017967230638
2023-12-07,66.33,68.31,63.36,65.34,54.442451202206364,70.89742300419722,61.559752379467504,56.42037413424091
2023-12-08,66.33,69.3,62.37,68.31,54.580436762383414,70.65100176570225,61.82446797242956,56.655812270196535
2023-12-11,68.31,82.17,68.31,82.17,54.85495977967313,71.74804921658775,62.622331973510754,57.161043710390665
2023-12-12,82.17,82.17,74.25,82.17,55.12675122465151,72.7406159578651,63.38890719023582,57.656270567610655
2023-12-13,82.17,89.1,82.17,89.1,55.46479350102313,74.29865253330652,64.39718533963834,58.27891867518272
2023-12-14,89.1,90.09,82.17,85.14,55.760069187580115,75.33116181584876,65.21062905180939,58.81082127567415
2023-12-15,85.14,87.12,84.15,86.13,56.06225755387285,76.35962259529174,66.03099653997373,59.35179511179942
2023-12-18,86.13,91.08,86.13,90,56.3999465334363,77.6587061576449,66.97095745997476,59.95869025810042
2023-12-19,90,91,89,90,56.734275423650864,78.83406747596443,67.87405716742673,60.553567678732094
2023-12-20,90,92,77,77,56.93592442441056,78.65939438301544,68.23193727850803,60.879239605885914
2023-12-21,83,84,79,83,57.19526845998856,79.07278539415682,68.81107699307634,61.3172744651753
2023-12-22,83,89,80,82,57.442081709142904,79.35156773757046,69.32828966001452,61.72683338665698
2023-12-26,82,89,81,88,57.74614059760914,80.17522795303994,70.06051359491592,62.24709411167367
2023-12-27,88,88,81,83,57.99742278071751,80.44425386227422,70.56794443433098,62.65804274312568
2023-12-28,83,88,83,86,58.276055389864595,80.97337254205763,71.17312308396507,63.120259718509324
2023-12-29,86,86,81,86,58.551915535239075,81.45209896662357,71.75456923753507,63.57332388249924
2024-01-02,85.14,85.14,56.43,66.33,58.62930941051033,80.01189906504037,71.54184103214153,63.62791152839034
2024-01-03,66.33,66.33,38.61,38.61,58.430112301948036,76.06886105884605,70.25039628578304,63.13250733970934
2024-01-04,38.61,45.54,36.63,36.63,58.213195761630146,72.31277905324167,68.93194937261508,62.607705214170544
2024-01-05,34.65,41.58,32.67,34.65,57.97873610231044,68.7258477148377,67.58755920113998,62.05408728913746
2024-01-08,33.66,53.46,33.66,53.46,57.93377355402875,67.27195745628173,67.03353727168351,61.883907342817906
2024-01-09,53.46,53.46,36.63,46.53,57.82030317040657,65.29653293663584,66.22947698651946,61.5798695736532
2024-01-10,46.53,53.46,44.55,46.53,57.707961845327894,63.50924408552767,65.45694847724418,61.28185235437294
2024-01-11,48.51,50.49,38.61,50.49,57.636141329453984,62.26931607738218,64.87000932127383,61.06815230775169
2024-01-12,54.45,54.45,48.51,53.46,57.59458768438479,61.43033359382197,64.42255797534152,60.91749582641007
2024-01-16,53.46,53.46,41.58,49.5,57.514044523346136,60.294111346791304,63.83735962336734,60.69140680014452
2024-01-17,35.64,41.58,32.67,40.59,57.34564607037752,58.41752931376356,62.92569846166666,60.29335914073572
2024-01-18,40.59,57.42,40.59,56.43,57.33653516420461,58.22824080769084,62.670965188660126,60.21685697953303
2024-01-19,56.43,69.3,56.43,67.32,57.43587312276974,59.09412263552981,62.853280279300904,60.357513276968014
2024-01-22,67.32,73.26,67.32,71.28,57.57362562901084,60.254682384526966,63.18373987619106,60.57380014277063
2024-01-23,71.28,73.26,69.3,72.27,57.71985820981671,61.39899834790535,63.540063802614945,60.805408060735566
2024-01-24,72.27,74.25,69.3,70.29,57.84493424752997,62.2457604100096,63.804767182904556,60.993221762503175
2024-01-25,70.29,73.26,68.31,71.28,57.9786164938232,63.106164180484875,64.0979135678887,61.19692034146351
2024-01-26,71.28,73.26,65.34,67.32,58.0715655834369,63.507481877581554,64.22426989855973,61.318169443612746
2024-01-29,67.32,75.24,66.33,74.25,58.23254503036787,64.5305788416214,64.61743578489072,61.57424529621447
2024-01-30,74.25,74.25,71.28,72.27,58.372221199219936,65.2676665709908,64.91753634234598,61.78604241906171
2024-01-31,72.27,72.27,63.36,63.36,58.42185083902869,65.08598404042024,64.8564564857834,61.81720989591197
2024-02-01,63.36,68.31,53.46,67.32,58.510389636650295,65.29874746514213,64.95306603536052,61.92617603658698
2024-02-02,67.32,67.32,55.44,61.38,58.53894297359905,64.92553342084288,64.81294579867972,61.91536066952585
2024-02-05,61.38,61.38,54.45,56.43,58.51795846639906,64.11643499981022,64.48420282618248,61.80673966616891
2024-02-06,56.43,62.37,54.45,61.38,58.546436491609015,63.85582214268544,64.36246938201846,61.798289375749725
2024-02-07,61.38,65.34,61.38,62.37,58.58448189965271,63.714315271953495,64.28433332782166,61.809610378210124
2024-02-08,62.37,66.33,61.38,66.33,58.66155173149696,63.96342810319602,64.36455555026002,61.89912304398814
2024-02-09,66.33,66.33,59.4,59.4,58.66889947546216,63.52881590289164,64.16986709730865,61.84963545895867
2024-02-12,59.4,63.36,57.42,58.41,58.66632336127846,63.041309626425765,63.94398995623773,61.78152386571197
2024-02-13,58.41,58.41,40.59,47.52,58.55541467111648,61.563089662004266,63.29991191873821,61.49911745252955
2024-02-14,47.52,53.46,44.55,53.46,58.50471402762278,60.79136683705148,62.914033019964165,61.339927007925006
2024-02-15,60.39,60.39,53.46,56.43,58.48407010694992,60.3759985668561,62.65975721525969,61.24270073054035
2024-02-16,56.43,58.41,50.49,52.47,58.42422861334843,59.62304632239361,62.260158893092644,61.06898388439104
2024-02-20,52.47,52.47,42.57,49.5,58.335430318688246,58.65894667264184,61.75976050512823,60.83989509460112
2024-02-21,49.5,50.49,38.61,50.49,58.257366335417714,57.880951751437856,61.317809112770256,60.634946676886244
2024-02-22,50.49,68.31,50.49,62.37,58.298288063423506,58.30848015606282,61.359071500504754,60.66930416843305
2024-02-23,66.33,69.3,61.38,61.38,58.32895186378745,58.60100585548541,61.35989222597516,60.68337735321656
2024-02-26,61.38,66.33,60.39,62.37,58.36916129797862,58.95995767877251,61.39950429554476,60.716775821469696
2024-02-27,62.37,67.32,58.41,61.38,58.39911989202859,59.1904378998418,61.39873942120967,60.7299089735198
2024-02-28,61.38,62.37,56.43,58.41,58.399228151809396,59.11611048080925,61.281533953711254,60.68397018196495
2024-02-29,58.41,64.35,56.43,62.37,58.43873831945309,59.42600472073217,61.324218896702966,60.717356911034955
2024-03-01,62.37,70.29,60.39,67.32,58.5271090824436,60.17781379494816,61.559347567420495,60.84810231873723
2024-03-04,66.33,66.33,62.37,64.35,58.58504829555361,60.57516486209595,61.66878491771773,60.91744682727709
2024-03-05,64.35,64.35,46.53,48.51,58.48479905878193,59.42610154189634,61.15275413663076,60.671754810895365
2024-03-06,48.51,57.42,48.51,56.43,58.46435329700301,59.14075853790621,60.96754809205701,60.58775966612516
2024-03-07,56.43,62.37,56.43,56.43,58.444110975639795,58.88259105810562,60.7896050296234,60.50542779154842
2024-03-08,56.43,63.36,56.43,58.41,58.443771562946864,58.83758238590508,60.696287185324444,60.4639341719138
2024-03-11,58.41,58.41,47.52,54.45,58.404032542420026,58.41971739677126,60.45133474668427,60.34484636652937
2024-03-12,54.45,66.33,54.45,65.34,58.47304714398798,59.078791930412095,60.6430471095594,60.44376029986542
2024-03-13,65.34,65.34,50.49,53.46,58.42316607787865,58.543668889420466,60.361358987615894,60.30546801669976
2024-03-14,50.49,50.49,41.58,42.57,58.265423131830104,57.02236709042804,59.66365863516037,59.95427063023046
2024-03-15,42.57,42.57,33.66,36.63,58.050145289722344,55.08023689133966,58.76037790436976,59.49240388507738
2024-03-18,36.63,45.54,36.63,38.61,57.85671100823257,53.51164290168826,57.97016700615918,59.07889093685802
2024-03-19,38.61,46.53,32.67,46,57.73873378427006,52.796248339622714,57.500748692192154,58.8199029975143
2024-03-20,46,60,44,60,57.76123394562061,53.48231992632531,57.59875854740031,58.84327125498926
2024-03-21,77,77,64,64,57.82331121979354,54.48400374286576,57.849787623972844,58.94538469548452
2024-03-22,64,65,56,60,57.844969814621464,55.009336719735686,57.93410967793469,58.96626816686106
2024-03-25,60,60,50,51,57.77686066223717,54.62749512737991,57.662183808211765,58.80852028236877
2024-03-26,51,56,47,47,57.6696282178368,53.901067020010395,57.24405895298777,58.57468819756939
2024-03-27,47,60.39,47,60.39,57.696696593778725,54.519060637152265,57.367429190125506,58.61063496593435
2024-03-28,60.39,65.34,58.41,61.38,57.73334637891526,55.172483433613955,57.5247849081598,58.665473877500006
2024-04-01,61.38,67.32,52.47,62.37,57.77948223584147,55.8579612018412,57.71479334313393,58.738830830420795
2024-04-02,62.37,62.37,34.65,42.57,57.628144104141555,54.59244108738013,57.1208798786973,58.41865596249167
2024-04-03,42.57,47.52,37.62,43.56,57.48816257076701,53.541732412391546,56.589080667767995,58.12442515135322
2024-04-04,43.56,54.45,26.73,26.73,57.18211120190366,50.98823408740188,55.41813632785552,57.50275336617791
2024-04-05,26.73,47.52,26.73,41.58,57.026866314322525,50.0922117933636,54.87546431499844,57.1874513193229
2024-04-08,41.58,48.51,39.6,46.53,56.92241988333424,49.75295352732898,54.54819120460634,56.97641267933631
2024-04-09,46.53,51.48,40.59,51.48,56.868266451659274,49.91743414377384,54.42786998089629,56.86757282429995
2024-04-10,51.48,51.48,28.71,34.65,56.64718917353331,48.46339279674776,53.65226723654742,56.4276208871851
2024-04-11,34.65,51.48,29.7,47.52,56.55637137081159,48.37354586372417,53.41178616844752,56.25123235476559
2024-04-12,34.65,34.65,20.79,22.77,56.22018857110202,45.935112924321864,52.21014749517507,55.588237654671225
2024-04-15,22.77,26.73,11.88,11.88,55.7789926649219,42.69176883629121,50.628573083599576,54.722727998143085
2024-04-16,11.88,14.85,8.91,12.87,55.35203751402715,39.851600375692044,49.14784472737998,53.893961107090746
2024-04-17,12.87,12.87,5.94,6.93,54.87022619547962,36.716209863721375,47.49224297336508,52.963981679227565
2024-04-18,9.9,13.86,7.92,8.91,54.412910511942506,34.06799940050981,45.97921383715469,52.09162560637157
2024-04-19,8.91,11.88,7.92,9.9,53.96999597948537,31.76628517188983,44.56434270628588,51.256147871591935
2024-04-22,9.9,22.77,9.9,17.82,53.610294526953176,30.438067536471753,43.5155449530982,50.594045933540606
2024-04-23,20.79,31.68,20.79,28.71,53.362530402306874,30.273489675855394,42.934935347094346,50.16069848931208
2024-04-24,28.71,34.65,27.72,32.67,53.1566345774083,30.501728754345358,42.532388862894564,49.81434802417719
2024-04-25,28.71,37.62,21.78,36.63,52.992190452259955,31.085373634883894,42.30092263297713,49.553271825678635
2024-04-26,39.6,44.55,37.62,38.61,52.84908407960065,31.802004717275903,42.15618056893881,49.336573373685
2024-04-29,38.61,49.5,38.61,48.51,52.80590911363448,33.39324236324963,42.405349958392186,49.32020558410708
2024-04-30,48.51,48.51,33.66,33.66,52.615402555289855,33.41864785246395,42.06239505806308,49.01010250323367
2024-05-01,33.66,45.54,30.69,33.66,52.426791584590454,33.441633771276905,41.73288936951159,48.70614007742706
2024-05-02,35.64,39.6,31.68,38.61,52.28931107131095,33.93385912639339,41.61042311972682,48.50621651153741
2024-05-03,50.49,55.44,46.53,53.46,52.300959717367554,35.7934915905464,42.0751124091493,48.60431123408122
2024-05-06,53.46,62.37,53.46,62.37,52.401149172916135,38.32458762954198,42.870990353888544,48.87689913043605
2024-05-07,62.37,64.35,60.39,61.38,52.4904909721906,40.52034118863322,43.596833869422326,49.124485286269
2024-05-08,61.38,62.37,56.43,62.37,52.588794544606614,42.60126107543005,44.33303646277832,49.38677270634288
2024-05-09,62.37,68.31,60.39,68.31,52.7452244496354,45.04971240157957,45.27330954266937,49.76149007849451
2024-05-10,68.31,71.28,68.31,71.28,52.929650077002215,47.54783503000056,46.293179756682335,50.187599185851056
2024-05-13,71.28,78.21,68.31,70.29,53.10238987723105,49.71375550333384,47.23423153093009,50.58566652870549
2024-05-14,70.29,74.25,66.33,70.29,53.2734108734775,51.673397836349665,48.13837931403087,50.97585134991924
2024-05-15,74.25,76.23,71.28,74.25,53.4821331533434,53.82355042336398,49.16236443897084,51.43672558061391
2024-05-16,74.25,77.22,73.26,76.23,53.70848008714098,55.95749800209122,50.22384034332492,51.927681509710666
2024-05-17,76.23,76.23,73.26,73.26,53.90302257383609,57.60535533522539,51.12721915339061,52.35010365803323
2024-05-20,73.26,75.24,68.31,75.24,54.11533080693225,59.284845303299164,52.07281840227726,52.803368932131576
2024-05-21,75.24,75.24,69.3,74.25,54.31567577402745,60.710098131556386,52.94251179826638,53.228054695851746
2024-05-22,74.25,74.25,66.33,73.26,54.50417651259434,61.905326880931966,53.73927604147162,53.624726880092304
2024-05-23,63.36,69.3,55.44,56.43,54.523338935354595,61.38386717798606,53.84479462808058,53.68027684286275
2024-05-24,56.43,61.38,56.43,56.43,54.54231068724162,60.91207030389215,53.94617523090095,53.73472680637042
2024-05-28,56.43,56.43,46.53,47.52,54.47243694906011,59.636635036854805,53.694168359100914,53.611662909214566
2024-05-29,47.52,47.52,39.6,41.58,54.344153994343095,57.9169555095353,53.21910293325382,53.37341215853705
2024-05-30,41.58,41.58,32.67,38.61,54.18759524813073,56.07819784196051,52.646196935871316,53.081067363318496
2024-05-31,39.6,46.53,25.74,45.54,54.10154952426873,55.074559952249984,52.3675225462293,52.93173929671813
2024-06-03,45.54,45.54,28.71,41.58,53.97695699168894,53.789363766321415,51.94448244637717,52.70695237995143
2024-06-04,41.58,43.56,30.69,35.64,53.79449970818954,52.06085293143366,51.305090977891794,52.36899292688309
2024-06-05,35.64,52.47,35.64,50.49,53.7616191140782,51.91124789034474,51.2731266258176,52.33178514615273
2024-06-06,52.47,55.44,51.48,53.46,53.758617928863494,52.05874809126429,51.35888636598162,52.35412603434773
2024-06-07,53.46,57.42,50.49,50.49,53.72609436738227,51.90934351114388,51.32481239084508,52.31721264752896
2024-06-10,50.49,52.47,39.6,52.47,53.71359591596553,51.96273936722542,51.36972170885116,52.3202381396571
2024-06-11,52.47,52.47,39.6,49.5,53.671669588443486,51.728192760823,51.29639928889621,52.26439183986191
2024-06-12,67.32,67.32,58.41,59.4,53.728667900996285,52.458841069316044,51.61418755207675,52.40569101134979
2024-06-13,59.4,59.4,50.49,53.46,53.72599458854856,52.55418953890499,51.686572353956095,52.42656841706563
2024-06-14,53.46,53.46,43.56,49.5,53.68394489115007,52.26331434472357,51.60082441850684,52.368616567222745
2024-06-17,49.5,59.4,44.55,59.4,53.74082106138738,52.94299869284513,51.90667444131049,52.50785188272329
2024-06-18,63.36,63.36,57.42,61.38,53.81683279211984,53.74652262685988,52.27817740439636,52.6835379840555
2024-06-20,61.38,68.31,61.38,63.36,53.91178967976044,54.66209190049227,52.71275868265533,52.89495307348014
2024-06-21,63.36,71.28,63.36,69.3,54.064906200359836,56.05617838615967,53.3632387343159,53.21980548786667
2024-06-24,69.3,72.27,66.33,66.33,54.18694693468461,57.034637587477796,53.87173917610743,53.479413299988124
2024-06-25,66.33,67.32,62.37,64.35,54.288071840807156,57.73133876962277,54.28265136527969,53.69467244256262
2024-06-26,64.35,64.35,57.42,57.42,54.31923530507773,57.701687458230126,54.40568464507265,53.768441305086135
2024-06-27,57.42,60.39,55.44,58.41,54.35993943139537,57.76914579554154,54.56271661977568,53.860353358450766
2024-06-28,58.41,64.35,56.43,56.43,54.380537048993425,57.64160810072806,54.635943419000164,53.911237450362634
2024-07-01,56.43,56.43,44.55,49.01,54.32709886940145,56.819550186373,54.41531818688251,53.81418324342476
2024-07-02,49.01,60.78,48.03,60.78,54.3913068408502,57.196735882908904,54.6649135521028,53.9521202089015
2024-07-03,60.78,60.78,55.88,56.86,54.41587095188652,57.16466579882234,54.75099537358897,54.00970198694305
2024-07-05,56.86,60.78,51.96,60.78,54.47919561903193,57.50898334179164,54.98742692756588,54.143767294132296
2024-07-08,60.78,65.68,58.82,62.74,54.56139267754902,58.007175404478154,55.291449400994665,54.31398972395146
2024-07-09,62.74,62.74,58.82,60.78,54.62326936732465,58.271253937385,55.50668667938703,54.442029531397964
2024-07-10,60.78,65.68,57.84,65.68,54.73328658755028,58.97684880049119,55.90564014294048,54.664563600083156
2024-07-11,65.68,74.5,62.74,65.68,54.84220910906719,59.61524415282536,56.288948372629086,54.88269105354686
2024-07-12,65.68,80.39,65.68,78.43,55.07691349604165,61.40712566208009,57.15722490703579,55.348974399021174
2024-07-15,73.52,80.39,68.62,69.6,55.22142181946412,62.18739940854865,57.64517687146576,55.63117292577323
2024-07-16,69.6,77.45,69.6,75.49,55.42309921429532,63.45431375059164,58.34497385689847,56.02441702625297
2024-07-17,75.49,75.49,59.8,60.78,55.476401709675464,63.199617202916244,58.44046507819657,56.118586986129145
2024-07-18,60.78,63.72,49.01,49.01,55.41205940410656,61.84822508835279,58.07064291826729,55.97782288739391
2024-07-19,49.01,50,41.17,47.05,55.328854832921415,60.43887031803348,57.63846084304112,55.80103431536631
2024-07-22,47.05,55.88,45.09,53.92,55.31483637687245,59.818025525839815,57.492638849196375,55.76378611110163
2024-07-23,53.92,53.92,43.13,43.13,55.19359422386874,58.228689761474115,56.9293981100122,55.51361212870358
2024-07-24,43.13,43.13,26.47,26.47,54.90778731616856,55.204052641333725,55.73491190961957,54.93849109645202
2024-07-25,33.33,40.19,31.37,32.35,54.6833317209828,53.027476199301944,54.81785654061488,54.49119424305693
2024-07-26,32.35,40.19,32.35,37.25,54.50986573370934,51.52485941841604,54.128920990002534,54.1497844560657
2024-07-29,37.25,43.13,37.25,40.19,54.36737950750328,50.445348997614516,53.58229663745342,53.87335308069807
2024-07-30,40.19,45.09,34.31,35.29,54.17755483578683,49.001982426413136,52.864951671278774,53.505365890981274
2024-07-31,35.29,47.52,35.29,41.58,54.052206031450645,48.295126957230934,52.4224045469149,53.269220031753925
2024-08-01,41.58,47.52,35.64,37.62,53.88870149382427,47.27844819939941,51.84191809409471,52.959334486570675
2024-08-02,37.62,37.62,28.71,32.67,53.67757013567677,45.887167418504234,51.090078168836094,52.5575654868366
2024-08-05,32.67,32.67,16.83,17.82,53.320778393033216,43.21410385483716,49.7853692210386,51.869692902938844
2024-08-06,17.82,30.69,17.82,24.75,53.03649204086373,41.4556177734241,48.80359003589983,51.33266928109847
2024-08-07,30.69,32.67,19.8,20.79,52.7156314235417,39.48746369976466,47.705017877629246,50.72786394879949
2024-08-08,27.72,32.67,26.73,29.7,52.486620165596015,38.555324299787074,46.9989387451732,50.31147060327871
2024-08-09,26.73,33.66,26.73,31.68,52.27958911917217,37.90053150933116,46.39819604928405,49.94253059133259
2024-08-12,31.68,37.62,30.69,31.68,52.07461808316051,37.30809993701391,45.8210118904886,49.58089632219729
2024-08-13,31.68,48.51,31.68,46.53,52.01944775397483,38.18637613348877,45.848815345763555,49.520482533638926
2024-08-14,46.53,53.46,41.58,51.48,52.014080114631795,39.45243554934698,46.06964611651792,49.559284859705485
2024-08-15,67.32,70.29,67.32,67.32,52.16637782493397,42.10648930655203,46.90299332763487,49.91098218921627
2024-08-16,67.32,72.27,67.32,71.28,52.35656312020826,44.884918896404216,47.85895437360997,50.33413105675654
2024-08-19,71.28,81.18,71.28,81.18,52.64336348717136,48.341593287222864,49.165662045233105,50.94494034276136
2024-08-20,81.18,82.17,77.22,81.18,52.927310119139804,51.46906059320164,50.42112627875338,51.54365439537995
2024-08-21,81.18,88.11,81.18,88.11,53.27738663536727,54.958673870039576,51.8991213266454,52.26774044695659
2024-08-22,87.12,88.11,76.23,76.23,53.50577084795068,56.98451445384533,52.85327343148283,52.742240636125764
2024-08-23,76.23,90.09,76.23,90.09,53.86979302856808,60.13741783919339,54.3135372184835,53.48180022748961
2024-08-26,90.09,91.08,80.19,84.15,54.17108862032362,62.42433042593688,55.48359458246454,54.08909131209377
2024-08-27,84.15,84.15,76.23,81.18,54.43983400718607,64.21058467108575,56.49129675570123,54.625544949478055
2024-08-28,81.18,81.18,67.32,74.25,54.63695008671656,65.16671946431568,57.18771649077177,55.014148019785424
2024-08-29,74.25,89.1,74.25,79.2,54.88135854356515,66.50322237247609,58.05094329505523,55.49307578176987
2024-08-30,79.2,84.15,75.24,84.15,55.17258880681326,68.1838678608117,59.07443571485698,56.06053962767542
2024-09-03,66.33,67.32,57.42,58.41,55.20480185351163,67.25302330263916,59.04837941231357,56.107063595444224
2024-09-04,53.46,57.42,50.49,51.48,55.16773914850157,65.75083060714972,58.751580219673826,56.015438573752256
2024-09-05,46.53,46.53,39.6,43.56,55.052239256476675,63.63741816837356,58.15583197576505,55.768796225757164
2024-09-06,42.57,42.57,24.75,25.74,54.76057518427292,60.028140247576076,56.88462287867622,55.17416659752435
2024-09-09,30.69,40.59,30.69,35.64,54.570320704827424,57.7054602239974,56.051500412845776,54.78735141737535
2024-09-10,37.62,37.62,28.71,35.64,54.38195930477939,55.60398782171193,55.25104941626359,54.40819594376396
2024-09-11,29.7,44.55,17.82,44.55,54.28412886393582,54.55122707678699,54.83140041954737,54.21298414289734
2024-09-12,41.58,52.47,41.58,52.47,54.26607783046382,54.35301497423585,54.7387964815259,54.17846960541422
2024-09-13,58.41,60.39,52.47,54.45,54.26790790180249,54.362251643356245,54.7274711293092,54.18384644491097
2024-09-16,62.37,65.34,55.44,62.37,54.34852573362535,55.124894343988984,55.02717814384609,54.34594849550679
2024-09-17,64.35,71.28,52.47,58.41,54.38893841289276,55.43776154932337,55.15983782447958,54.426424762922494
2024-09-18,62.37,64.35,52.47,52.47,54.36984449833662,55.155117592244956,55.05435398822548,54.38768367850819
2024-09-19,78.21,80.19,72.27,75.24,54.57750773715914,57.067963535840676,55.84594794947154,54.80060083338922
2024-09-20,68.31,69.3,61.38,69.3,54.724000197485914,58.232919389570135,56.37355783380599,55.08771764856963
2024-09-23,72.27,72.27,68.31,69.3,54.869035021391525,59.28692706675393,56.88047713444105,55.36914898226132
2024-09-24,74.25,74.25,66.33,68.31,55.002775966452305,60.146267346110704,57.32869371740415,55.62540345786011
2024-09-25,69.3,70.29,61.38,61.38,55.06623093196024,60.26376569410016,57.48756847358438,55.73935586463516
2024-09-26,74.25,74.25,68.31,72.27,55.23741271373178,61.407216580376335,58.06727167069872,56.066695352464166
2024-09-27,73.26,74.25,68.31,70.29,55.38718970165485,62.25319595367383,58.546594350279165,56.34834494944507
2024-09-30,71.28,73.26,65.34,72.27,55.55517786382744,63.20717729141918,59.084767120856455,56.66362524747586
2024-10-01,57.42,66.33,50.49,56.43,55.5638825616998,62.56173183509354,58.980658606313064,56.65899900495159
2024-10-02,57.42,69.3,57.42,60.39,55.611903630737615,62.354900231751294,59.03592689626157,56.73288021277433
2024-10-03,48.51,56.43,44.55,51.48,55.57079016177505,61.31919544777498,58.739616037584646,56.62886278281841
2024-10-04,56.43,58.41,50.49,58.41,55.59904100593649,61.042129214653556,58.72668991846368,56.664132826723
2024-10-07,48.51,55.44,41.58,47.52,55.51865253821573,59.75430738468655,58.2872118824455,56.483060889560164
2024-10-08,48.51,58.41,48.51,57.42,55.53757141843249,59.53199239566878,58.25320357332999,56.501614139271844
2024-10-09,55.44,67.32,55.44,67.32,55.654809513771475,60.27370740560509,58.60876421751313,56.71583960186052
2024-10-10,57.42,64.35,57.42,57.42,55.67237359821156,60.00192574792841,58.56214601290477,56.729783372120714
2024-10-11,64.35,75.24,64.35,75.24,55.86707634847811,61.45317091479237,59.21617950259478,57.096322315247036
2024-10-14,74.25,82.17,74.25,81.18,56.11894623555793,63.331916541955,60.077505796610666,57.573226823856004
2024-10-15,76.23,79.2,60.39,63.36,56.19099652177128,63.334591157006905,60.20623105948868,57.68781639170044
2024-10-16,60.39,65.34,57.42,61.38,56.242628397176546,63.148439618244346,60.25226121401854,57.76092893839944
2024-10-17,62.37,64.35,56.43,58.41,56.2641942837718,62.697159654602025,60.18001567621389,57.77378183070836
2024-10-18,66.33,66.33,63.36,65.34,56.354500808311386,62.94885873511612,60.38236800263687,57.92360793307057
2024-10-21,66.33,66.33,50.49,55.44,56.345401297780924,62.23372933177173,60.18854964959229,57.87442757796026
2024-10-22,56.43,59.4,52.47,59.4,56.37579531471843,61.96385034779347,60.157626133922,57.904636932852135
2024-10-23,54.45,57.42,40.59,45.54,56.26797645586551,60.39967412419409,59.58438589337604,57.659792637152094
2024-10-24,47.52,52.47,46.53,49.5,56.200633406553415,59.361609921889894,59.18891977991031,57.49821258493126
2024-10-25,54.45,63.36,53.46,54.45,56.18321416867726,58.893837548376574,59.00307978854128,57.437851939685096
2024-10-28,57.42,61.38,55.44,57.42,56.19552049535709,58.753472067578805,58.940998228206325,57.43749843592896
2024-10-29,54.45,61.38,54.45,56.43,56.19785362475652,58.532189013523684,58.84252770945314,57.41754797185116
2024-10-30,51.48,57.42,49.5,49.5,56.13120831505745,57.67198053604524,58.47615407378831,57.26076484369569
2024-10-31,41.58,41.58,31.68,32.67,55.897763456201154,55.29083953261236,57.46414803167896,56.77381900520667
2024-11-01,34.65,40.59,34.65,36.63,55.70604441683597,53.513616719982615,56.64712261867194,56.374931500153075
2024-11-04,37.62,40.59,35.64,35.64,55.506382283335114,51.8113675085557,55.82331388852795,55.96433879717975
2024-11-05,43.56,49.5,41.58,45.54,55.407214300416356,51.214094412502774,55.42004667721313,55.75791624674055
2024-11-06,61.38,67.32,60.39,67.32,55.52574948150674,52.74799018274061,55.88671151340085,55.98686840027044
2024-11-07,68.31,73.26,68.31,72.27,55.6923589394022,54.60722921295579,56.52919341483611,56.309306649770036
2024-11-08,68.31,71.28,67.32,69.3,55.827758352940485,56.006540716483805,57.03000935935234,56.56654810224984
2024-11-11,69.3,69.3,64.35,65.34,55.92240752355799,56.8954416006282,57.35589134526009,56.740279822997365
2024-11-12,64.35,66.33,60.39,63.36,55.996413418845975,57.5111138291398,57.59134658662244,56.871363390858804
2024-11-13,59.4,63.36,58.41,62.37,56.059832190797756,57.97386489303125,57.778744759696075,56.980247284109126
2024-11-14,63.36,67.32,62.37,62.37,56.122619930192805,58.39254442702827,57.958793984806036,57.08697506066142
2024-11-15,58.41,58.41,44.55,48.51,56.04687246820084,57.451349719692246,57.588253044225404,56.917133970351294
2024-11-18,53.46,53.46,49.5,50.49,55.99158020483566,56.78836403210251,57.30989017974598,56.78986399074038
2024-11-19,48.51,51.48,48.51,50.49,55.93683811324525,56.188519838568936,57.04244350603045,56.66511420874552
2024-11-20,44.55,50.49,39.6,49.5,55.87278997281495,55.55151794918142,56.74666140775475,56.523230759067395
2024-11-21,47.52,62.37,47.52,62.37,55.93743882880684,56.20089719211652,56.967184489803586,56.63900836779873
2024-11-22,61.38,63.36,60.39,61.38,55.99159366633115,56.69414507858161,57.14023607843874,56.73288939021856
2024-11-25,69.3,72.27,66.33,68.31,56.11416487363134,57.800416975859555,57.57826603614703,56.96213910526374
2024-11-26,68.31,68.31,68.31,68.31,56.23551646692854,58.80132964482531,57.999118348454985,57.18684922199119
2024-11-27,63.36,64.35,62.37,62.37,56.296556104073524,59.1412030119848,58.170525472044986,57.28948587106067
2024-11-29,68.31,72.27,68.31,68.31,56.41609285925687,60.01442177274815,58.56815192412165,57.50771387361392
2024-12-02,69.3,76.23,69.3,75.24,56.60339541787123,61.46447684201023,59.221949887881586,57.85884825235424
2024-12-03,63.36,68.31,62.37,68.31,56.71987904555411,62.11643142848544,59.578344009925445,58.06580175230762
2024-12-04,63.36,69.3,63.36,69.3,56.84505437843417,62.80058081624873,59.959585421300915,58.288261123549056
2024-12-05,67.32,67.32,55.44,56.43,56.840924484121395,62.193858833748855,59.82117030674009,58.25146387357779
2024-12-06,61.38,66.33,59.4,59.4,56.86638792209033,61.92777704005849,59.80465382412284,58.274207163209915
2024-12-09,62.37,62.37,55.44,56.43,56.86204575371132,61.404179226719585,59.672314458470964,58.23768820948299
2024-12-10,52.47,53.46,42.57,45.54,56.7493885820326,59.893305014651055,59.118106048334845,57.98624883899818
2024-12-11,54.45,60.39,54.45,58.41,56.765912078728796,59.752037870398574,59.09033718369426,57.99463995109723
2024-12-12,54.45,55.44,51.48,53.46,56.733017431179256,59.15279616845585,58.869539647078795,57.90484510058045
2024-12-13,47.52,47.52,39.6,44.55,56.61179337713767,57.76205367622196,58.30798907268355,57.64039272235114
2024-12-16,45.54,50.49,39.6,39.6,56.44252180124575,56.03233427848654,57.57434244238223,57.28315722289864
2024-12-17,43.56,43.56,38.61,40.59,56.284785265909974,54.56163577577353,56.90828979758293,56.95259965412837
2024-12-18,36.63,38.61,11.88,11.88,55.842946606547684,50.49671808284272,55.14247451140321,56.060072928304045
2024-12-19,14.85,14.85,9.9,9.9,55.38580285921885,46.63036397971484,53.368259824681516,55.14601207823862
2024-12-20,8.91,18.81,8.91,15.84,54.99231228350523,43.69794836259914,51.896563360968514,54.367675205402215
2024-12-23,13.86,18.81,9.9,18.81,54.632289275709155,41.327667566161125,50.599051072303084,53.66356282509722
2024-12-24,17.82,23.76,17.82,23.76,54.3251023177419,39.654556369383876,49.5465392655461,53.071413066184405
2024-12-26,25.74,30.69,24.75,27.72,54.060374931495716,38.51793195325208,48.69059654925017,52.569404886656
2024-12-27,18.81,18.81,11.88,15.84,53.68007269337138,36.35812891008521,47.40233786104429,51.84208993840539
2024-12-30,6.93,10.89,4.95,9.9,53.24445007950699,33.83830710912471,45.9316579449249,51.01155350398152
2024-12-31,8.91,10.89,5.94,9.9,52.813162019014385,31.558468336827122,44.518651751006274,50.197463335585844
2025-01-02,19.8,19.8,3.96,12.87,52.415717620815236,29.778614209510252,43.277528152927594,49.45830564577226
2025-01-03,16.83,32.67,13.86,29.7,52.1896905798121,29.771127141937846,42.74507606849906,49.06705206862826
2025-01-06,47.52,51.48,41.58,41.58,52.08412151931646,30.895781699848527,42.69938681091086,48.91879361182374
2025-01-07,41.58,41.58,27.72,32.67,51.8909461808158,31.064754871291523,42.306077524208476,48.59703532248069
2025-01-08,28.71,37.62,28.71,37.62,51.748946716330074,31.68906393116852,42.12230977816108,48.37966828639197
2025-01-10,24.75,28.71,18.81,19.8,51.43104674900341,30.556772128200087,41.24692508097829,47.813734260918864
2025-01-13,12.87,23.76,12.87,23.76,51.15571295050586,29.909460496942938,40.56116331309679,47.337422691395716
2025-01-14,31.68,31.68,21.78,28.71,50.932372523137644,29.795226163900754,40.096411810622406,46.968562836120554
2025-01-15,49.5,56.43,48.51,49.5,50.91812006022085,31.6718712911483,40.46517997491172,47.01869030471223
2025-01-16,48.51,57.42,48.51,50.49,50.91386015912413,33.46407402532465,40.858310171974004,47.08742911055951
2025-01-17,73.26,74.25,70.29,71.28,51.116508316744785,37.06559078481754,42.05131761621032,47.5664899202514
2025-01-21,78.21,80.19,77.22,80.19,51.405796791205034,41.17267737673968,43.54695221949619,48.21250002084048
2025-01-22,78.21,84.15,77.22,77.22,51.66265453457613,44.60575572181209,44.867463897163006,48.78690596102186
2025-01-23,77.22,81.18,74.25,81.18,51.956359464580345,48.08901708163951,46.291484920803676,49.428353367734296
2025-01-24,80.19,80.19,77.22,79.2,52.227440464932776,51.051967835769084,47.58201492390941,50.01789092480887
2025-01-27,72.27,74.25,63.36,69.3,52.397316679212054,52.78987566093393,48.433700613167865,50.39971486689186
2025-01-28,64.35,68.31,63.36,65.34,52.52609959782686,53.98512559798784,49.09669274598481,50.69556209725044
2025-01-29,68.31,72.27,68.31,69.3,52.69300407944052,55.443685064846136,49.8889793049658,51.06396680819597
2025-01-30,73.26,76.23,71.28,74.25,52.907501551286884,57.23476267771793,50.844313449869105,51.523096178330704
2025-01-31,77.22,81.18,68.31,70.29,53.08046173485617,58.478118613173365,51.60688939301149,51.894718036185544
2025-02-03,52.47,68.31,52.47,63.36,53.18274569769343,58.943059697633046,52.06779569132477,52.12175332259771
2025-02-04,60.39,62.37,60.39,60.39,53.25445967085071,59.08086353595371,52.39415664460615,52.28548097957597
2025-02-05,58.41,67.32,58.41,67.32,53.39441529601637,59.86554319919621,52.97948383501375,52.58319422750516
2025-02-06,66.33,70.29,65.34,70.29,53.562530566702776,60.858348608796575,53.65832760618969,52.933824044782284
2025-02-07,71.28,71.28,58.41,60.39,53.63046558593956,60.813743979387375,53.92231475888813,53.08147109340046
2025-02-10,67.32,68.31,64.35,66.33,53.756829112447626,61.339101695636195,54.408890650696435,53.34381820046184
2025-02-11,63.36,64.35,62.37,64.35,53.86223379789591,61.62585391509941,54.79873807615932,53.5617623945121
2025-02-12,52.47,60.39,50.49,59.4,53.91733594916063,61.41386782794709,54.9791797202315,53.67737105996731
2025-02-13,58.41,65.34,55.44,65.34,54.030994297925204,61.787785177666414,55.38548639786948,53.90831420729469
2025-02-14,65.34,68.31,65.34,66.33,54.153372464115,62.220377065507705,55.81468300971773,54.15428818338786
2025-02-18,64.35,70.29,64.35,70.29,54.31393592218351,62.9889125830784,56.382342499532726,54.47380722926137
2025-02-19,71.28,71.28,67.32,69.3,54.46305098763442,63.58996852754713,56.88891730347262,54.76739520491956
2025-02-20,68.31,68.31,64.35,67.32,54.59098082855348,63.945209620161684,57.297979370003105,55.01596163650531
2025-02-21,62.37,65.34,54.45,55.44,54.59942878050817,63.13518965633676,57.22511743392455,55.02435843578243
2025-02-24,55.44,55.44,51.48,51.48,54.56838968816481,62.0251715938285,56.99981871102555,54.954173120222386
2025-02-25,50.49,50.49,46.53,46.53,54.48840571116814,60.54944096584484,56.58923758510298,54.787357810911054
2025-02-26,49.5,52.47,46.53,48.51,54.42891908717642,59.40282754052628,56.27240473862835,54.66305369584351
2025-02-27,47.52,48.51,32.67,32.67,54.212412429592575,56.85684396523806,55.3468202390743,54.22754768206443
2025-02-28,37.62,41.58,31.68,41.58,54.08671678352698,55.4019064447392,54.806944935581186,53.97710119331068
2025-03-03,46.53,46.53,31.68,35.64,53.90316736279537,53.5198201166688,54.055300036146626,53.61399027859166
2025-03-04,31.68,34.65,29.7,29.7,53.66233982684716,51.2512658198432,53.10019023080754,53.14044591663935
2025-03-05,30.69,37.62,28.71,34.65,53.47316231613226,49.670192884620036,52.376653359011165,52.7742984727455
2025-03-06,28.71,34.65,23.76,28.71,53.22676269109612,47.67398403846575,51.44854930571661,52.29777771090895
2025-03-07,29.7,35.64,24.75,31.68,53.012367042428494,46.15074746337377,50.67331207804145,51.88950488495036
2025-03-10,28.71,28.71,22.77,23.76,52.72129871364811,44.01829532400484,49.617888074980996,51.33248498623848
2025-03-11,16.83,19.8,12.87,14.85,52.344469870726236,41.240362436004375,48.25444148380527,50.610059540966425
2025-03-12,10.89,11.88,7.92,10.89,51.93198758345533,38.34985172781348,46.78916926875409,49.82352370847204
2025-03-13,12.87,12.87,7.92,8.91,51.50390810501299,35.54605632516458,45.303711650371575,49.01335492216566
2025-03-14,9.9,15.84,9.9,15.84,51.14904334774918,33.669289056101285,44.14827197780799,48.35645680489505
2025-03-17,22.77,31.68,21.78,27.72,50.915918538318834,33.10269009837735,43.50402601789395,47.94781409588723
2025-03-18,25.74,28.71,23.76,26.73,50.675262632464914,32.49576723186522,42.84622107601575,47.52765936131521
2025-03-19,30.69,40.59,27.72,33.66,50.50595653661949,32.606646543116156,42.48597711225043,47.25305224524956
2025-03-20,33.66,41.58,31.68,35.64,50.35803657108099,32.895537348533665,42.21750742157394,47.02309081465056
2025-03-21,20.79,32.67,20.79,30.69,50.16233471465232,32.68548617248284,41.765448307002416,46.69966327376639
2025-03-24,52.47,55.44,49.5,51.48,50.175445812018964,34.47543987034162,42.146411118492516,46.79432340695914
2025-03-25,57.42,57.42,52.47,57.42,50.24753092831728,36.66063607316622,42.745375388355555,47.004732844445094
2025-03-26,53.46,57.42,48.51,53.46,50.279495794702186,38.26057549476944,43.16555674567495,47.13255991683232
2025-03-27,45.54,54.45,45.54,47.52,50.25203812510316,39.14242544764854,43.33631922623672,47.140231997687124
2025-03-28,45.54,45.54,24.75,24.75,49.998286501967804,37.7717182621582,42.60744396246273,46.696861067039855
2025-03-31,24.75,32.67,22.77,32.67,49.825865740754196,37.28584033242885,42.21774027766027,46.419101441949955
2025-04-01,26.73,37.62,26.73,35.64,49.68471284781137,37.12909363410229,41.95978967853634,46.205653888644015
2025-04-02,34.65,50.49,34.65,47.52,49.66317341648986,38.118703764187785,42.17783714212315,46.23168054431443
2025-04-03,32.67,32.67,24.75,25.74,49.425131889957626,36.9397795961699,41.533216077726166,45.82590469195177
2025-04-04,18.81,18.81,3.96,3.96,48.97274251791825,33.79884820605848,40.05975662369769,44.99687687626955
2025-04-07,4.95,5.94,0.01,1.98,48.505153040128015,30.768481710243385,38.566432834533074,44.14505753218501
2025-04-08,5.94,7.92,0.01,0.01,48.022614203907835,27.839102499744016,37.05441586062982,43.27109599689422
2025-04-09,1.98,33.66,0.99,31.68,47.86000112725203,28.20490226167316,36.84365445433061,43.04156934349037
2025-04-10,18.81,18.81,4.95,11.88,47.50199116578684,26.650149665323333,35.86468761298431,42.424508564411354
2025-04-11,16.83,27.72,11.88,27.72,47.30515543279394,26.752040173387776,35.54528809874963,42.13333017699727
2025-04-14,41.58,44.55,30.69,33.66,47.169382741920366,27.409941109255605,35.471355232132,41.96554146062108
2025-04-15,42.57,48.51,38.61,40.59,47.103916246975885,28.665184813136023,35.67208639949937,41.938303015856306
2025-04-16,32.67,37.62,21.78,23.76,46.871638473374134,28.198024354742117,35.20494575638175,41.578336619502714
2025-04-17,27.72,34.65,25.74,31.68,46.720477891549514,28.529641082861914,35.066712589464814,41.38232995376999
2025-04-21,24.75,25.74,11.88,14.85,46.40335870854902,27.22681812258935,34.27390033105443,40.85693728141811
2025-04-22,20.79,29.7,20.79,29.7,46.237156134334604,27.462359253771318,34.09453169062092,40.63600783030092
2025-04-23,70.29,71.28,46.53,49.5,46.26962224245068,29.561182181983572,34.69866770275343,40.8115324277207
2025-04-24,64.35,79.2,64.35,79.2,46.59728769277456,34.28868864084228,36.44381798891997,41.5717001024193
2025-04-25,78.21,78.21,72.27,76.23,46.89214055155292,38.28309924647635,38.00406042072703,42.258003070688225
2025-04-28,81.18,81.18,75.24,80.19,47.22346253611458,42.27423265157384,39.658410992463224,43.00913172275381
2025-04-29,80.19,89.1,80.19,87.12,47.62044300839205,46.545258113328714,41.51964977707251,43.8826142628973
2025-04-30,81.18,89.1,77.22,89.1,48.03317491875631,50.59809067396407,43.38554586424613,44.77800803986963
2025-05-01,88.11,91.08,86.13,86.13,48.41224780513684,53.982082038348445,45.06179896760903,45.59685936581281
2025-05-02,90.09,93.06,90.09,93.06,48.85650404588175,57.70378851088669,46.944081361036126,46.536723536786816
2025-05-05,87.12,90.09,86.13,86.13,49.22738460263915,60.4110467479451,48.4807840527602,47.32074881328609
2025-05-06,83.16,85.14,79.2,81.18,49.54532107425468,62.38904229575985,49.7631062467696,47.99122903480517
2025-05-07,78.21,79.2,76.23,78.21,49.830541760082994,63.89580017235415,50.8786707076806,48.58962053906646
2025-05-08,76.23,80.19,76.23,76.23,50.09322293659958,65.07048587022518,51.872840483849984,49.13695478581762
2025-05-09,76.23,77.22,75.24,76.23,50.353290370066254,66.13329673972754,52.828023209973516,49.67345073065292
2025-05-12,82.17,85.14,80.19,84.15,50.68957603802579,67.84917324070587,54.05633602526867,50.35615467658058
2025-05-13,81.18,83.16,81.18,83.16,51.01266483366732,69.3073472177815,55.19765618114049,51.005735772093836
2025-05-14,82.17,83.16,80.19,81.18,51.31283732288456,70.43807605418326,56.21657162501733,51.60324595482465
2025-05-15,84.15,86.13,83.16,86.13,51.6592767525076,71.9325450014039,57.38964724756567,52.28694405472911
2025-05-16,87.12,87.12,86.13,87.12,52.012119769895584,73.37896928698447,58.55554343393565,52.97670753879388
2025-05-19,86.13,88.11,86.13,88.11,52.37130265775732,74.78192459298594,59.71454173064405,53.67241630040192
2025-05-20,87.12,88.11,85.14,87.12,52.717060840267195,75.95697939365395,60.789265584344285,54.33474469049297
2025-05-21,84.15,85.14,74.25,75.24,52.94116968762772,75.88869564187739,61.3559610516249,54.748710142166374
2025-05-22,74.25,76.23,72.27,72.27,53.13349635740257,75.54405796169858,61.78396257901216,55.09566637697496
2025-05-23,57.42,67.32,57.42,61.38,53.21555112001548,74.19510006058444,61.76812090924698,55.220108626935854
2025-05-27,71.28,79.2,71.28,77.22,53.45440135762727,74.4831857691002,62.37407695202161,55.655750040263854
2025-05-28,78.21,78.21,68.31,68.31,53.602218259541424,73.89526331490018,62.606858248020764,55.90632924738734
2025-05-29,69.3,69.3,61.38,67.32,53.738713600242505,73.26904776110015,62.79168733633367,56.1323425296173
2025-05-30,58.41,61.38,49.5,59.4,53.79504480820029,71.9481860695668,62.658679989810786,56.197048618139725
2025-06-02,54.45,62.37,51.48,61.38,53.87051699916347,70.94169215817949,62.60853567648487,56.299681318770624
2025-06-03,62.37,71.28,56.43,71.28,54.043745685738955,70.97391195263859,62.94859310093644,56.596321292656356
2025-06-04,72.27,72.27,67.32,67.32,54.175847718716675,70.62592033810158,63.12002082246835,56.8086713660691
2025-06-05,62.37,71.28,62.37,64.35,54.27708306479909,70.02821363923476,63.16825530001861,56.95800460634496
2025-06-06,69.3,71.28,66.33,70.29,54.43641557161701,70.05314567359336,63.44753940590023,57.22200451513021
2025-06-09,65.34,74.25,65.34,67.32,54.56461044155117,69.79284608563209,63.59940060566885,57.42196482176129
2025-06-10,66.33,71.28,62.37,71.28,54.73093272571484,69.93447979176237,63.900600581917125,57.69638135994424
2025-06-11,63.36,69.3,58.41,63.36,54.816794091628125,69.30833885921358,63.879400559096844,57.80853222410376
2025-06-12,60.39,69.3,60.39,68.31,54.95105484693531,69.2132589678599,64.05314955677932,58.016482081052196
2025-06-13,59.4,59.4,49.5,52.47,54.92636773403048,67.61866287568277,63.59890839768993,57.906650752714526
2025-06-16,58.41,62.37,56.43,59.4,54.97088148792072,66.8359330779987,63.434245323270716,57.936222024938004
2025-06-17,52.47,58.41,42.57,45.54,54.87704187112549,64.80774897533216,62.73251021255422,57.690752281869926
2025-06-18,46.53,49.5,45.54,46.53,54.79398672812922,63.06701097768148,62.09711765519915,57.46974728618933
2025-06-20,53.46,53.46,38.61,44.55,54.69205651192893,61.3034861226642,61.40899539421095,57.21391070626479
2025-06-23,46.53,52.47,43.56,52.47,54.66994649688486,60.46220173002951,61.05844655522228,57.11997188039816
2025-06-24,53.46,67.32,53.46,66.33,54.78596692975168,61.02103966050289,61.26517414129199,57.302348674845724
2025-06-25,61.38,62.37,55.44,58.41,54.822026960301415,60.77236921664547,61.15320652790799,57.32428236445274
2025-06-26,62.37,67.32,60.39,66.33,54.936534154726274,61.30166738648876,61.35621803661748,57.50261340674081
2025-06-27,66.33,74.25,66.33,69.3,55.0794542128882,62.0634133496803,61.6677388979266,57.736225022448906
2025-06-30,72.27,77.22,71.28,77.22,55.29975815106842,63.50689779256789,62.27763149016477,58.12204234873705
2025-07-01,80.19,85.14,80.19,83.16,55.576974487873706,65.37862181232333,63.09654790231517,58.61784349034622
2025-07-02,78.21,83.16,76.23,78.21,55.802178721825214,66.60065783019729,63.68923229830281,59.00580698558689
2025-07-03,83.16,87.12,82.17,86.13,56.103948087777205,68.46059517970231,64.56926240425172,59.54291971854556
2025-07-07,87.12,87.12,78.21,80.19,56.34361029585902,69.577681353064,65.18184034918302,59.951772793425846
2025-07-08,79.2,82.17,76.23,79.2,56.571037059084304,70.49409265277218,65.73157210019545,60.33292580741741
2025-07-09,81.18,83.16,79.2,83.16,56.8356038545163,71.70036954298435,66.4150398609721,60.78494707855766
2025-07-10,76.23,76.23,70.29,71.28,56.97932918929723,71.66033434841441,66.60582261152221,60.992769908685226
2025-07-11,63.36,66.33,61.38,64.35,57.052669197363926,70.96411202951779,66.51735897969782,61.05924971247364
2025-07-14,60.39,65.34,59.4,64.35,57.125279454106575,70.33419659813515,66.43236450990575,61.124413084503864
2025-07-15,60.39,60.39,48.51,48.51,57.03955528043387,68.25570168402704,65.72952668598788,60.874622726394875
2025-07-16,47.52,49.5,44.55,47.52,56.94483333734498,66.28087295221495,65.01542760026287,60.61017475161478
2025-07-17,49.5,58.41,49.5,56.43,56.939710617570405,65.34269457581352,64.67874416495845,60.52739901395904
2025-07-18,58.41,61.38,58.41,60.39,56.97404185520652,64.871009378117,64.5105581192738,60.5246782414054
2025-07-21,60.39,63.36,56,56,56.96434989644825,64.02615134210585,64.17681074204737,60.435080652466674
2025-07-22,63,68,58,67,57.06420711140896,64.30937502381005,64.28752404628081,60.565079055388125
2025-07-23,61,73,61,70,57.19292146850937,64.85133930725671,64.51154271113253,60.751909173103215
2025-07-24,63,66,60,63,57.250703344444595,64.67502127799416,64.45226652638225,60.79642582314077
2025-07-25,62,67,62,67,57.34771127136555,64.8964478229471,64.5521776429947,60.91926887614789
2025-07-28,66,71,62,64,57.41390319901365,64.81107183980927,64.53052361777922,60.98027345285783
2025-07-29,65,67,60,60,57.43963550549113,64.3528745217322,64.35285602492513,60.960862097355694
2025-07-30,57,60,51,54,57.405410276580774,63.366886472043426,63.9468616710065,60.82302324394271
2025-07-31,51,51,39,39,57.22227186586853,61.0462306175631,62.96855337018272,60.390884169805226
2025-08-01,32,33.66,31,33.66,56.98782139954148,58.438018177795186,61.81919833605791,59.86155973079918
2025-08-04,40.59,45.54,39.6,45.54,56.87391272889928,57.209635494195645,61.18079840131054,59.57796448860513
2025-08-05,44.55,44.55,39.6,41.58,56.72173449279083,55.721098780462725,60.412139640474834,59.22156915219711
2025-08-06,39.6,43.56,39.6,42.57,56.580921214255596,54.468613182323416,59.71244788986798,58.89183510957935
2025-08-07,50.49,50.49,39.6,41.58,56.431658316601315,53.24112621257833,59.00137150203002,58.54902649354807
2025-08-08,44.55,47.52,44.55,46.53,56.33313435325205,52.601971335189916,58.51229810979355,58.31102596892335
2025-08-11,49.5,49.5,41.58,42.57,56.196187742771926,51.646545493743254,57.887109948625174,57.99932248439022
2025-08-12,44.55,52.47,41.58,52.47,56.15911124781897,51.724969732434374,57.674674264365365,57.88983095004586
2025-08-13,53.46,56.43,50.49,56.43,56.161806658288434,52.17306785315491,57.62586350890005,57.860923406480595
2025-08-14,53.46,57.42,49.5,49.5,56.09552002487263,51.91848996237825,57.30720219482554,57.695360566748306
2025-08-15,48.51,50.49,45.54,45.54,55.990489974873896,51.31101472786604,56.84574328522454,57.454660357505766
2025-08-18,47.52,50.49,45.54,50.49,55.935758731342816,51.23282284902165,56.596498450509856,57.3167462910205
2025-08-19,47.52,50.49,45.54,47.52,55.85201983849363,50.879220672924355,56.24055733480359,57.12275131496069
2025-08-20,43.56,46.53,39.6,44.55,55.7395619296529,50.276437751693464,55.78210410598776,56.87378594238721
2025-08-21,39.6,43.56,36.63,38.61,55.5691185273678,49.16534844200837,55.10868825869412,56.51212681481518
2025-08-22,60.39,60.39,57.42,59.4,55.60723675097608,50.140077161817096,55.27697499364729,56.56931242244261
2025-08-25,56.43,56.43,50.49,50.49,55.5563189723594,50.173403146405946,55.089250484092496,56.448929998235826
2025-08-26,55.44,55.44,50.49,50.49,55.50590783830607,50.20355522770062,54.90888772001044,56.330931384409375
2025-08-27,52.47,58.41,52.47,56.43,55.515102785188596,50.79654996791961,54.96853918197082,56.33289313917354
2025-08-28,59.4,63.36,56.43,60.39,55.563609225136965,51.71021187573679,55.1811454885602,56.41323188889288
2025-08-29,58.41,58.41,48.51,53.46,55.54267779006098,51.876858363761855,55.11364958704803,56.35475204950886
2025-09-02,35.64,37.62,31.68,36.63,55.35449194140365,50.424776614832155,54.388800583634385,55.96416290001363
2025-09-03,33.66,39.6,31.68,36.63,55.168178588752866,49.11098836580052,53.692377031335,55.581308189122275
2025-09-04,34.65,44.55,33.66,44.55,55.062525070456815,48.67660852143857,53.33385244187088,55.362866442803025
2025-09-05,52.47,52.47,37.62,44.55,54.957922830949784,48.283598186063465,52.989387640228884,55.14875027561881
2025-09-08,44.55,49.5,43.56,47.52,54.88391364855227,48.21087454929552,52.774901850415986,54.99768591372537
2025-09-09,50.49,50.49,45.54,47.52,54.81064087592986,48.14507697317214,52.56882726804673,54.84961292533477
2025-09-10,44.55,44.55,35.64,39.6,54.65929121547285,47.33126011858432,52.060245806554704,54.54764039215982
2025-09-11,47.52,50.49,45.54,49.5,54.60795498447312,47.53780677395724,51.95984401021923,54.447687117067545
2025-09-12,47.52,49.5,42.57,43.56,54.4980250841301,47.158968033580365,51.63043836275965,54.23208935237314
2025-09-15,47.52,47.52,43.56,43.56,54.38918901364124,46.81620917323938,51.313950583827896,54.020760850345944
2025-09-16,47.52,47.52,41.58,45.54,54.30113738166472,46.69466544245468,51.087521149167976,53.85282499192325
2025-09-17,52.47,59.4,49.5,51.48,54.273066362941684,47.15041159079233,51.10291247665158,53.80583835841982
2025-09-18,58.41,60.39,54.45,54.45,54.27482689664376,47.84561048690735,51.23417081090054,53.818594034490715
2025-09-19,52.47,55.44,48.51,54.45,54.27656991259755,48.47459996434474,51.36028175949267,53.83109712291664
2025-09-22,47.52,55.44,47.52,52.47,54.258594092571705,48.855114253454765,51.40380012186551,53.80414470464106
2025-09-23,55.44,56.43,51.48,52.47,54.240797136426714,49.19938908645907,51.44561188179235,53.77772599761847
2025-09-24,53.46,53.46,48.51,51.48,54.21332651815381,49.41659012584392,51.44696043544755,53.732226472913155
2025-09-25,40.59,46.53,34.65,45.54,54.12702476175427,49.04739106623973,51.2153149281751,53.570004166518835
2025-09-26,52.47,53.46,46.53,53.46,54.12038769944826,49.467639536121666,51.303341793736855,53.56782586619173
2025-09-29,60.39,60.39,52.47,58.41,54.163070408906485,50.31929291363389,51.58203427241384,53.66371050250477
2025-09-30,53.46,53.46,47.52,52.47,54.146223937176075,50.52412215995447,51.61685645780938,53.640072670772
2025-10-01,59.4,59.4,50.49,57.42,54.17879882337333,51.180872430435,51.84443071436587,53.71492271689532
2025-10-02,53.46,59.4,52.47,59.4,54.23075107388703,51.96364648467929,52.14072754909662,53.827498504679575
2025-10-03,59.4,65.34,57.42,57.42,54.262484894047354,52.48329920042412,52.34775784128891,53.898637148151266
2025-10-06,58.41,62.37,57.42,60.39,54.32345519360907,53.23631832419325,52.66313988672856,54.02717898680174
2025-10-07,58.41,58.41,48.51,48.51,54.26560986829953,52.786192769508176,52.50027165587646,53.91792791775616
2025-10-08,49.5,57.42,49.5,57.42,54.29699683478411,53.22750774384073,52.69320217917542,53.98727587978079
2025-10-09,57.42,57.42,49.5,52.47,54.278817761801186,53.15536414918923,52.68444915254109,53.957230812854434
2025-10-10,52.47,52.47,27.72,27.72,54.01455091840018,50.73294851593312,51.705451146559085,53.437681687847416
2025-10-13,36.63,38.61,32.67,38.61,53.86127180478426,49.578381990606154,51.19190404277246,53.14406422868212
2025-10-14,33.66,47.52,33.66,39.6,53.719368602746606,48.62805989626271,50.73731957050687,52.87586493702505
2025-10-15,45.54,52.47,39.6,43.56,53.618280357943156,48.145387525190074,50.45585605793797,52.69139236401465
2025-10-16,50.49,50.49,34.65,37.62,53.45909348870989,47.14296966564816,49.95248915370511,52.39294895086585
2025-10-17,39.6,46.53,36.63,44.55,53.370445792304814,46.89602017368167,49.740626833951964,52.23764303104672
2025-10-20,55.44,69.3,55.44,67.32,53.50924732670974,48.84116110952151,50.43001401693424,52.536303565085404
2025-10-21,66.33,77.22,65.34,75.24,53.725473721468845,51.35533624194803,51.40295464372113,52.98588171231144
2025-10-22,66.33,71.28,54.45,62.37,53.8114889083199,52.40435183795298,51.83303485377128,53.171705836820124
2025-10-23,63.36,65.34,59.4,65.34,53.92620046147095,53.636318329576504,52.36271976146652,53.412662156883094
2025-10-24,72.27,72.27,67.32,67.32,54.05947209867024,54.93952610771208,52.94927977082077,53.688054985459665
2025-10-27,70.29,75.24,70.29,73.26,54.25052212753919,56.684333145072834,53.745778603337605,54.075618253074325
2025-10-28,69.3,71.28,63.36,63.36,54.341163698409446,57.32011094078018,54.122806893402796,54.259467396577804
2025-10-29,54.45,57.42,46.53,50.49,54.30284366160935,56.669624184515406,53.98034387797524,54.184824477833686
2025-10-30,48.51,57.42,44.55,44.55,54.205800441095825,55.51537426218061,53.610526470995815,53.994035874312225
2025-10-31,49.5,54.45,46.53,51.96,54.1834541680501,55.17676718959198,53.545799942721466,53.95375793620703
2025-11-03,49.01,50.98,44.11,49.01,54.1319770121491,54.589456028678455,53.36792543516376,53.85586173945046
2025-11-04,41.17,45.09,38.23,39.21,53.98349962894363,53.12474593070908,52.812712673000476,53.56584467530293
2025-11-05,38.23,47.05,38.23,44.11,53.88525585154121,52.26619869921298,52.471429823078886,53.37860022628703
2025-11-06,45.09,45.09,31.37,32.35,53.67097469878956,50.369417870716504,51.68235414374246,52.962192301014014
2025-11-07,33.33,35.29,26.47,35.29,53.48807942815483,48.93328283541017,51.03951672634079,52.61224789901374
2025-11-10,41.17,43.13,35.29,41.17,53.36551147364583,48.1939225653711,50.65247685471959,52.38566873269664
2025-11-11,37.25,42.15,37.25,40.19,53.23441185699264,47.43164422581195,50.24218364473058,52.144170341950165
2025-11-12,42.15,43.13,40.19,41.17,53.114367957918084,46.835297156687005,49.886411737094086,51.92686003814917
2025-11-13,40.19,40.19,32.35,33.33,52.917508575252235,45.54907837985967,49.237140688580595,51.558605383928395
2025-11-14,30.39,36.27,25.49,27.45,52.664100529727335,43.82535662939684,48.38274301451861,51.081207257513974
2025-11-17,30.39,31.37,21.56,22.54,52.3643582358992,41.79817980754952,47.36930211198847,50.516034836573105
2025-11-18,23.52,30.39,23.52,25.49,52.096951686288264,40.24501982587814,46.51129026445951,50.02046979030433
2025-11-19,26.47,30.39,23.52,25.49,51.832205898365,38.83977984246117,45.68692594036306,49.5347179132686
2025-11-20,28.43,34.31,20.58,23.52,51.55049240683898,37.3807531907982,44.81763472701549,49.01957498429299
2025-11-21,29.41,34.31,29.41,29.41,51.330188999805756,36.621633839293615,44.2134137573286,48.631266568762435
2025-11-24,32.35,36.27,31.37,35.29,51.17058512916092,36.4948115688847,43.86347596292356,48.3670830723513
2025-11-25,35.64,44.55,35.64,43.56,51.09485791394539,37.16768665756235,43.851574944769695,48.27189330854236
2025-11-26,50.49,59.4,50.49,53.46,51.11839166604543,38.719335547318316,44.22837592732775,48.37462809451182
2025-11-28,55.44,61.38,55.44,61.38,51.22049722160717,40.87749406662133,44.90098863605999,48.63216021145218
2025-12-01,58.41,64.35,54.45,54.45,51.252631577611076,42.17011367932406,45.27545966993999,48.74736495974026
2025-12-02,58.41,68.31,58.41,66.33,51.402655144003006,44.47105523367415,46.10112791817764,49.095535950636496
2025-12-03,72.27,72.27,68.31,72.27,51.610290416201984,47.11857378284804,47.127358195896164,49.554436228841716
2025-12-04,68.31,71.28,67.32,68.31,51.77645668071739,49.13680485114823,47.95805003135121,49.92583353124089
2025-12-05,66.33,75.24,66.33,67.32,51.931118803297316,50.868537722467444,48.717342186984496,50.270272471216316
2025-12-08,61.38,63.36,60.39,63.36,52.04483901420978,52.058200796518165,49.29156406200471,50.52947499653877
2025-12-09,64.35,66.33,62.37,62.37,52.1475769344664,53.04027691113548,49.80444390271041,50.763940838191466
2025-12-10,62.37,67.32,58.41,65.34,52.278844825665736,54.211679110074954,50.41368139672177,51.05257567307876
2025-12-11,67.32,67.32,64.35,67.32,52.42850806123125,55.46009062340115,51.07667428312484,51.37470288747324
2025-12-12,68.31,68.31,57.42,62.37,52.52742837902994,56.118177230696276,51.51954980143367,51.59243154316684
2025-12-15,58.41,58.41,55.44,56.43,52.566259937447555,56.14787463729663,51.71211647588725,51.68822497795561
2025-12-16,56.43,58.41,53.46,57.42,52.61455585846798,56.26902943374457,51.9359550454603,51.80172547344164
2025-12-17,54.45,54.45,45.54,45.54,52.544162267836455,55.24721710672128,51.685133278971655,51.677730909611114
2025-12-18,50.49,56.43,49.5,52.47,52.54342433482316,54.98272023941449,51.7159123660708,51.693419406450495
2025-12-19,54.45,58.41,53.46,53.46,52.55254449069557,54.83769926423216,51.78430795955822,51.728401200382166
2025-12-22,62.37,62.37,57.42,61.38,52.640379868897604,55.460775524781475,52.160609608202996,51.91952196869143
2025-12-23,56.43,59.4,52.47,59.4,52.707639770699615,55.835939760516574,52.44450727062641,52.067650246539124
2025-12-24,58.41,62.37,58.41,60.39,52.78408116601604,56.26965978332452,52.756095220797924,52.23244925155815
2025-12-26,60.39,63.36,58.41,59.4,52.84991120416513,56.5677874230079,53.01664050625683,52.374380949547096
2025-12-29,65.34,65.34,50.49,57.42,52.8953847245217,56.64895052557858,53.18932127071734,52.474294198070915
2025-12-30,53.46,56.43,49.5,49.5,52.86159980188964,55.9680980945711,53.044642005199016,52.415397283257626
2025-12-31,48.51,48.51,32.67,32.67,52.66068836107482,53.74923160937385,52.24563643636768,52.024399317252524
2026-01-02,31.68,39.6,29.7,37.62,52.51102977041736,52.21311431324301,51.67208206631405,51.73916368720792
2026-01-05,45.54,50.49,45.54,46.07,52.4469399219555,51.628055807219866,51.452392573517415,51.6269030201345
2026-01-06,47.05,57.84,46.07,57.84,52.50060221128928,52.21966953986559,51.702886982399086,51.74993464349817
2026-01-07,52.94,62.74,52.94,56.86,52.54397930371426,52.66160577416411,51.905126708579516,51.85112405649821
2026-01-08,53.92,58.82,53.92,56.86,52.586924783279294,53.061452843291335,52.099435465105806,51.95030971874577
2026-01-09,58.82,63.72,56.86,58.82,52.648945432201884,53.609885905835014,52.362987015493815,52.0863431896617
2026-01-12,54.9,57.84,51.96,54.9,52.6713439851153,53.732753914803105,52.46247772076857,52.14205916610404
2026-01-13,51.96,52.94,50,52.94,52.67401717929326,53.657253541964714,52.48120408466,52.15785997469604
2026-01-14,53.92,53.92,48.03,52.94,52.67666377452417,53.58894368082522,52.49919608134,52.17334789598919
2026-01-15,53.92,56.86,52.94,53.92,52.68903527925527,53.62047285407996,52.554913882071766,52.20793506636564
2026-01-16,48.03,56.86,48.03,53.92,52.70128368443681,53.648999248929485,52.60844667101013,52.2418373422792
2026-01-20,39.21,46.07,39.21,41.17,52.58654454329813,52.46052312998382,52.159880134892084,52.02259303847169
2026-01-21,43.13,50,40.19,48.03,52.541205791623526,52.03856854617584,51.99792405117083,51.94353179018512
2026-01-22,50.98,53.92,47.05,51.96,52.535422649418315,52.031085827492426,51.99643683347785,51.94385789334977
2026-01-23,49.01,54.9,49.01,53.92,52.54919953847883,52.21098241535029,52.071870683145384,51.98298942021413
2026-01-26,53.92,56.43,53.46,53.46,52.558262229638245,52.32993647103121,52.1263071269436,52.012237154467314
2026-01-27,59.4,59.4,54.45,55.44,52.58693623730353,52.62613299759967,52.25625586706346,52.08011364645806
2026-01-28,58.41,60.39,52.47,52.47,52.58577269265375,52.61126318830446,52.26463798992371,52.08783416831037
2026-01-29,47.52,48.51,44.55,48.51,52.54521774048804,52.22066669418023,52.11739728443651,52.01698596695769
2026-01-30,44.55,49.5,42.57,48.51,52.505066320184675,51.86726986616306,51.975930724262525,51.94754070028526
2026-02-02,49.5,49.5,44.55,44.55,52.42591143142662,51.17038702176658,51.684717754683604,51.80105474582417
2026-02-03,48.51,48.51,45.54,46.53,52.367245646039294,50.72844540064595,51.48257196038229,51.69667742412468
2026-02-04,45.54,47.52,41.58,43.56,52.27961136100408,50.04573631487015,51.171882863896705,51.53555509889449
2026-02-05,42.57,43.56,39.6,40.59,52.163296820098566,49.14518999916823,50.75690706531252,51.31881143356985
2026-02-06,43.56,48.51,43.56,47.52,52.11709486168962,48.99040999924745,50.62996953333948,51.243587444786286
2026-02-09,40.59,47.52,40.59,46.53,52.06150187799122,48.756085237414354,50.469186414384986,51.150249079542995
2026-02-10,47.52,50.49,47.52,47.52,52.01631280457837,48.63836283385108,50.35353204519342,51.078362959156
2026-02-11,50.49,52.47,47.52,51.48,52.01097635876167,48.908994944912884,50.3977072591074,51.086316167885585
2026-02-12,50.49,51.48,45.54,47.52,51.96629002683369,48.77670971206404,50.284855994044364,51.01569604574924
2026-02-13,44.55,48.51,44.55,45.54,51.902346842487084,48.46845164424842,50.09878320996419,50.907266421080934
2026-02-17,47.52,48.51,44.55,44.55,51.829189162462335,48.095265773367615,49.88118386839697,50.781379957297155
2026-02-18,51.48,52.47,46.53,48.51,51.79616240462689,48.134764271142124,49.82741195198924,50.736402136360574
2026-02-19,41.58,43.56,41.58,43.56,51.714210539904236,47.69907243579526,49.581631091126916,50.594295163363334
2026-02-20,52.47,56.43,44.55,51.48,51.71188008677086,48.05916077524333,49.65607693069057,50.6118338729997
2026-02-23,49.5,49.5,43.56,47.52,51.67016983715125,48.00781212998206,49.57230920791839,50.550609439870996
2026-02-24,45.54,50.49,45.54,49.5,51.648576107428354,48.14992526045996,49.5694735527059,50.52980529254682
2026-02-25,61.38,61.38,56.43,59.4,51.72570470337434,49.221360949939964,49.95498439377626,50.70545271249639
2026-02-26,51.48,54.45,50.49,54.45,51.752812119261165,49.719326573755204,50.13125951558895,50.77960216373408
2026-02-27,55.44,57.42,52.47,54.45,51.77964980961678,50.169866900064235,50.30062188752664,50.85228330900667
2026-03-02,48.51,54.45,45.54,53.46,51.79636971200865,50.48321290958193,50.424519068407946,50.90392126328377
2026-03-03,37.62,49.5,36.63,42.57,51.70456503825732,49.72957358485984,50.11649871278411,50.73889311945637
2026-03-04,50.49,60.39,50.49,57.42,51.76143503787665,50.461995148206526,50.40291052796904,50.87119226560575
2026-03-05,51.48,51.48,44.55,48.51,51.729082450435094,50.276090848377336,50.32867874255849,50.824435983118505
2026-03-06,40.59,47.52,38.61,46.53,51.677350286749174,49.91932029138902,50.17971094873266,50.73939764681913
2026-03-09,40.59,48.51,38.61,47.52,51.63598361722928,49.69081359697102,50.07540855858628,50.675647198367265
2026-03-10,47.52,52.47,41.58,42.57,51.54577482501804,49.01264087344997,49.78107881119074,50.515139333053064
2026-03-11,42.57,44.55,38.61,41.58,51.44661288646065,48.30477031407378,49.459467877418554,50.3382058809134
2026-03-12,34.65,34.65,25.74,25.74,51.19082569356054,46.155744569876276,48.5292926665394,49.851112695152736
2026-03-13,32.67,32.67,24.75,25.74,50.93758364685844,44.21138794417377,47.6355949149104,49.3736649190111
2026-03-16,29.7,31.68,27.72,29.7,50.72626440659119,42.8293509971096,46.93223825158058,48.98408739586236
2026-03-17,42.57,42.57,30.69,30.69,50.526898591600236,41.67322233071821,46.295287731910754,48.62182823950865
2026-03-18,31.68,33.66,23.76,23.76,50.26056129218133,39.9672011563641,45.41155095811033,48.129514809023334
2026-03-19,19.8,26.73,17.82,26.73,50.02642635395067,38.70651533194847,44.67894111661581,47.70576204052782
2026-03-20,20.79,21.78,14.85,18.81,49.71581514644867,36.81160910985814,43.664472837532834,47.1335687327946
2026-03-23,29.7,34.65,22.77,23.76,49.457548329071074,35.56859871844308,42.883905275276646,46.67072578759075
2026-03-24,16.83,17.82,15.84,15.84,49.123045360622605,33.689684554781834,41.82335997036384,46.0602163660543
2026-03-25,26.73,26.73,22.77,23.76,48.870676750069144,32.74400031146928,41.11499291270251,45.61862792316214
2026-03-26,23.76,27.72,13.86,13.86,48.522311807282385,30.945524091329347,40.046169661223985,44.9897442019114
2026-03-27,11.88,15.84,10.89,10.89,48.14786094352833,29.03547417786941,38.90279045882304,44.31450174246761
2026-03-30,13.86,19.8,11.88,12.87,47.796837451552925,27.495905208548514,37.881896715339785,43.69183834162667
2026-03-31,12.87,33.66,12.87,31.68,47.63647090974643,27.89439042678199,37.63868507944411,43.453980156643965
2026-04-01,12.87,41.58,12.87,41.58,47.576207517609646,29.197781814707515,37.793246448877674,43.41687163869062
2026-04-02,29.7,46.53,29.7,44.55,47.54609600002149,30.659897832354417,38.058217176372665,43.43930982406309
2026-04-06,48.51,53.46,44.55,51.48,47.585239323404366,32.64276470546352,38.584561600828636,43.5985314117054
2026-04-07,46.53,51.48,41.58,51.48,47.62399316098243,34.436787114466995,39.09026506746281,43.75460009662213
2026-04-08,72.27,73.26,67.32,68.31,47.8298240748035,37.66280738927966,40.23613702560152,44.24084563926327
2026-04-09,65.34,65.34,60.39,62.37,47.97450244221839,40.01587335220541,41.10413165204852,44.599838794921425
2026-04-10,62.37,62.37,55.44,56.43,48.058636746275916,41.57912350913823,41.705146097066226,44.83409941284377
2026-04-13,56.43,65.34,56.43,65.34,48.23059060949705,43.84206412731554,42.63200311286755,45.240156850213204
2026-04-14,68.31,70.29,63.36,70.29,48.450087220347825,46.3609151628093,43.716630441774704,45.73619334822878
2026-04-15,72.27,73.26,65.34,72.27,48.687101277856804,48.828447052065556,44.83637042445021,46.26161526212524
2026-04-16,77.22,79.2,74.25,75.24,48.951309225340815,51.34383304710693,46.028669623491375,46.83544466287523
2026-04-17,80.19,81.18,78.21,80.19,49.26214196936728,54.09108704262056,47.36832963825642,47.49593090717473
2026-04-20,84.15,84.15,80.19,81.18,49.57973259653775,56.67098351475193,48.6942774955797,48.16294217633959
2026-04-21,78.21,80.19,72.27,73.26,49.81535714781598,58.250889846680316,49.65763916241971,48.659913618392274
2026-04-22,79.2,81.18,73.26,74.25,50.05848792246458,59.77461462318695,50.622045469775806,49.166648002186484
2026-04-23,67.32,70.29,66.33,69.3,50.24994575408185,60.68179418288343,51.35451427488264,49.56532823976695
2026-04-24,63.36,68.31,62.37,67.32,50.419797040110886,61.31400426070405,51.980611754299005,49.91690589838542
2026-04-27,67.32,71.28,61.38,61.38,50.52885378598043,61.32028956920843,52.34921521491473,50.14389786079363
2026-04-28,62.37,63.36,59.4,59.4,50.61712389756271,61.137404848331435,52.62571657903572,50.32718701206504
2026-04-29,54.45,58.41,50.49,58.41,50.694664953308354,60.8776520056332,52.8525512229951,50.48724271479642
2026-04-30,55.44,65.34,55.44,62.37,50.81083744133514,61.019780386049085,53.225784508367845,50.7225448392559
2026-05-01,68.31,71.28,66.33,66.33,50.96525696928205,61.52551558737775,53.739675311961264,51.03160335729044
2026-05-04,65.34,65.34,57.42,59.4,51.04918476063248,61.32308553143701,53.96164882913926,51.197314181898555
2026-05-05,56.43,62.37,56.43,58.41,51.122426703312755,61.045648814157296,54.13609397309458,51.34013964364314
2026-05-06,63.36,66.33,61.38,62.37,51.2343428555186,61.17177749852327,54.4589922486595,51.558552720006645
2026-05-07,62.37,63.36,59.4,61.38,51.3352946679015,61.191608212949625,54.73040431733952,51.75303682456097
2026-05-08,56.43,58.41,54.45,56.43,51.385988253295515,60.73812171647823,54.79705512842425,51.845649956747884
2026-05-11,51.48,51.48,48.51,50.49,51.377072947292575,59.76211012443269,54.628151005740946,51.818805403148914
2026-05-12,50.49,55.44,46.53,54.45,51.40764933587673,59.25619487448672,54.62116469179032,51.87090826645289
2026-05-13,48.51,50.49,44.55,50.49,51.39851849671378,58.42131917215465,54.45915823328874,51.84356354830531
2026-05-14,48.51,50.49,48.51,48.51,51.36977701913454,57.47738401290182,54.225857910414675,51.77755238893293
2026-05-15,46.53,51.48,46.53,48.51,51.34132152640683,56.62334744024451,54.00170661981018,51.71284838123129
2026-05-18,49.5,55.44,46.53,55.44,51.382104396790844,56.510647684030744,54.058110281778404,51.78665336378116
2026-05-19,52.47,52.47,48.51,49.5,51.3633769898576,55.84296695221829,53.879360858963565,51.741373099151836
2026-05-20,45.54,56.43,45.54,56.43,51.4137911491625,55.898874861530835,53.979385923317935,51.83421719619833
2026-05-21,50.49,59.4,50.49,55.44,51.453852928772825,55.85517249376599,54.036664906717235,51.90561883587757
2026-05-22,63.36,63.36,58.41,58.41,51.52306832251638,56.09848939912161,54.20816824370871,52.034418462889896
2026-05-26,60.39,63.36,57.42,59.4,51.601445752143086,56.41291898015765,54.41176948905347,52.18027156263465
2026-05-27,61.38,65.34,57.42,57.42,51.659341814310814,56.50883145823787,54.52973931301216,52.28402856139436
2026-05-28,60.39,63.36,59.4,60.39,51.74621403506394,56.878466557453315,54.759553457599914,52.44454284730734
2026-05-29,59.4,61.38,55.44,55.44,51.782968124267285,56.74146974245776,54.78623763573325,52.503858830528976
2026-06-01,54.45,59.4,54.45,57.42,51.839057993677564,56.806091671747495,54.889522434331944,52.60120816061751
2026-06-02,57.42,57.42,54.45,56.43,51.884739008665846,56.77027341729535,54.949933319260104,52.6770258208033
2026-06-03,57.42,57.42,55.44,55.44,51.9201147399229,56.64358071088627,54.96915162046559,52.731738180787396
2026-06-04,61.38,61.38,58.41,58.41,51.98469071265999,56.81181111937329,55.10408685103557,52.84417900889061
2026-06-05,55.44,56.43,48.51,49.5,51.959967421986754,56.115448155623454,54.88431873923025,52.77795764237793
2026-06-08,46.53,47.52,43.56,44.55,51.88623640286251,55.013976902706936,54.479051337691814,52.61502778807341
2026-06-09,50.49,50.49,40.59,45.54,51.82308977198826,54.11169338816342,54.128500304841154,52.474928227913544
2026-06-10,42.57,43.56,36.63,37.62,51.68176549565007,52.54105592262405,53.481108136023856,52.18077123330139
2026-06-11,35.64,51.48,35.64,50.49,51.66990713250927,52.34571726332652,53.36380977774841,52.14729061482018
2026-06-12,47.52,57.42,47.52,54.45,51.6975697481062,52.54612514300971,53.40640547273867,52.1928888204673
2026-06-15,60.39,61.38,57.42,59.4,51.77421084513997,53.19887512938974,53.641448395376365,52.335603893329335
2026-06-16,59.4,60.39,52.47,55.44,51.81068635911868,53.41231559325738,53.7119798308518,52.39707708356044
2026-06-17,51.48,51.48,31.68,33.66,51.63008251474934,51.53114267961382,52.92562768062232,52.026045854183
2026-06-18,37.62,40.59,37.62,37.62,51.49067870863243,50.20627194822203,52.32540698726458,51.7407776194467
2026-06-22,43.56,44.55,38.61,40.59,51.38221424386992,49.290436524581835,51.86519494854832,51.519970141833895
2026-06-23,33.66,39.6,32.67,38.61,51.25512753497569,48.27325209366928,51.34538338193858,51.26432716872827
2026-06-24,45.54,47.52,41.58,44.55,51.18840984806051,47.918656656176964,51.07889775911746,51.131370195090085
2026-06-25,50.49,51.48,43.56,44.55,51.12235601872657,47.59783221273154,50.82286255287756,51.001046032811075
2026-06-26,45.54,49.5,43.56,47.52,51.08651168023178,47.59041962104282,50.69333853119608,50.932114428200954
2026-06-29,51.48,51.48,45.54,50.49,51.08057624062749,47.86657013332446,50.68536447114918,50.92335968704846
2026-06-30,50.49,50.49,47.52,50.49,51.07469986012373,48.11642059681737,50.677703119339405,50.91477830710691
2026-07-01,52.47,59.4,52.47,54.9,51.1127625480827,48.76247577807286,50.84328338916923,50.993693588154294
2026-07-02,61.76,61.76,50.98,56.86,51.16994899039033,49.533668561113544,51.079233060182204,51.10985807155718
2026-07-06,53.92,59.8,51.96,57.84,51.23631765715262,50.3247477457694,51.344361175469174,51.243128208754065
2026-07-07,58.25,58.25,54.36,54.36,51.267399073499355,50.709057484267554,51.46262152152921,51.30484844224409
2026-07-08,52.42,57.28,52.42,53.39,51.28851948072822,50.96438534290874,51.53820499127316,51.34613857210064
2026-07-09,53.39,58.25,51.45,58.25,51.357787943606546,51.658253405488864,51.801412638674215,51.48284869938578
2026-07-10,60.19,60.19,55.33,59.22,51.436018909341804,52.37841974782326,52.09233763323601,51.63605961622962
2026-07-13,57.28,59.22,51.45,54.36,51.465113248552335,52.567141676602,52.181265569187545,51.68999902976963
2026-07-14,50.48,52.42,46.6,47.57,51.42635590279559,52.09122342168752,52.000431625297836,51.60841489056627
2026-07-15,52.42,52.42,46.6,48.54,51.39763594356379,51.75301166724109,51.86472842430577,51.547654199663974
2026-07-16,48.54,51.45,46.6,49.51,51.37885349636415,51.53939150845623,51.77238613315652,51.50730461155182
2026-07-17,50.48,50.48,42.71,44.66,51.31199923271873,50.88421136479373,51.493469029895486,51.371714421224056
2026-07-20,44.66,47.57,40.77,41.74,51.21675545925885,50.01333409195623,51.11098004833096,51.180987402982
2026-07-21,45.63,48.54,44.66,47.57,51.180469335286126,49.780635607008016,50.97211808565131,51.10948270193285
2026-07-22,43.68,43.68,32.03,32.03,50.98991740160169,48.09009888253106,50.22928992542969,50.731671163280716
2026-07-23,30.09,31.06,26.21,31.06,50.79160976576485,46.468184703242386,49.477553065608916,50.34213312044347
2026-07-24,29.12,32.03,29.12,32.03,50.60492708152839,45.09311949340978,48.793335298330135,49.97951662300895
2026-07-27,43.68,44.66,40.77,44.66,50.5457735782296,45.051870017846944,48.63124371800346,49.874179660177084
2026-07-28,50.48,53.39,48.54,48.54,50.52581563217756,45.384072873290094,48.62766553298372,49.84776026096566
2026-07-29,51.45,51.45,46.6,47.57,50.49640453135987,45.59225640916723,48.58618845325887,49.802656097382176
2026-07-30,48.54,51.45,42.71,49.51,50.48658956089858,45.965374846389395,48.62241635705264,49.79686092713698
2026-07-31,45.63,53.39,45.63,53.39,50.515479217009045,46.67248200387612,48.809380421481954,49.868012195906545
2026-08-03,53.39,58.25,52.42,57.28,50.58278788151642,47.682721813030774,49.14156158142384,50.01478423163117
2026-08-04,61.16,71.84,61.16,70.87,50.78465068866551,49.89103402131356,49.99365720568173,50.42775880130184