time,open,high,low,close,EMA,EMA,EMA,EMA
2013-10-14,71.14,71.14,71.14,71.14,,,,
2013-10-15,66.52,68.32,61.25,62.13,,,,
2013-10-16,65.52,70.49,65.52,69.31,,,,
2013-10-17,67.31,75.7,67.31,75.7,,,,
2013-10-18,78.73,81.66,77.55,81.65,,,,
2013-10-21,79.07,80.56,77.32,77.67,,,,
2013-10-22,79.88,81.68,77.72,79.32,,,,
2013-10-23,74.79,76.33,73.25,75.1,,,,
2013-10-24,74.79,78.39,73.81,77.77,,,,
2013-10-25,77.93,77.93,73.71,75.72,,,,
2013-10-28,74.88,75.39,72.1,74.87,,,,
2013-10-29,75.48,75.59,72.19,75.37,,,,
2013-10-30,73.77,73.77,63.11,63.11,,,,
2013-10-31,62.64,62.64,54.61,54.61,,,,
2013-11-01,49.76,50.33,40.59,48.63,,,,
2013-11-04,49.25,55.58,48.53,55.53,,,,
2013-11-05,48.58,51.15,46.78,48.71,,,,
2013-11-06,51.59,51.59,43.96,44.84,,,,
2013-11-07,47.31,47.31,32.07,32.07,,,,
2013-11-08,36.2,48.14,36.2,47.62,,64.5435,,
2013-11-11,43.69,46.22,43.59,44.83,,62.66602380952381,,
2013-11-12,43.07,44.98,40.18,44.98,,60.98164058956916,,
2013-11-13,40.54,53.09,40.54,53.04,,60.22529386675305,,
2013-11-14,50.2,50.98,47.1,50.05,,59.25621826039561,,
2013-11-15,49.27,55.06,49.27,54.9,,58.84134033083413,,
2013-11-18,54.59,57.9,49.22,49.97,,57.99645077551659,,
2013-11-19,48.52,54,43.66,45.81,,56.83583641594358,,
2013-11-20,45.76,50.2,42.7,45.19,,55.72670913823467,,
2013-11-21,49.58,62.3,49.58,62.28,,56.35083207745041,,
2013-11-22,61.66,65.85,60.94,65.57,,57.228848070074186,,
2013-11-25,67.18,69.66,66.2,67.33,,58.19086253959093,,
2013-11-26,68.99,74.06,68.53,73.01,,59.60220896439179,,
2013-11-27,73.32,77.36,72.91,77.2,,61.278189063021145,,
2013-11-29,79.05,81.07,79.05,79.78,,63.04026629511437,,
2013-12-02,76.36,76.36,64.28,64.73,,63.20119331462729,,
2013-12-03,64.21,68.1,58.03,60.78,,62.97060347513898,,
2013-12-04,55.23,63.69,47.66,55.75,,62.28292695369717,,
2013-12-05,52.17,56.69,51.97,54.8,,61.57026724382125,,
2013-12-06,62.53,67.77,61.44,64.4,,61.83976560155256,,
2013-12-09,64.34,64.34,56.25,60.56,,61.71788316330946,,
2013-12-10,58.01,58.12,45.87,45.92,,60.21332286204189,,
2013-12-11,44.93,44.93,28,29.19,,57.25872068470457,,
2013-12-12,29.19,35.16,27.53,31.53,,54.80836633378033,,
2013-12-13,34.7,39.06,29.4,35.65,,52.98376001627744,,
2013-12-16,42.15,49.42,41.83,49.37,,52.639592395679585,,
2013-12-17,44.49,47.14,41,46.72,,52.075821691329146,,
2013-12-18,45.84,59.9,41.73,59.9,,52.82098153025018,,
2013-12-19,55.17,55.17,48.15,48.77,,52.43517376546445,,
2013-12-20,54.39,70.48,53.77,69.79,,54.08801435922974,,
2013-12-23,73.59,77.34,72.76,77.17,,56.28629870596976,59.1968,
2013-12-24,77.9,81.6,77.9,81.29,,58.6676035911155,60.0632,
2013-12-26,83.22,83.22,80.14,80.28,,60.72592705862831,60.85601568627451,
2013-12-27,80.38,80.38,76.47,78.82,,62.44917210066371,61.56048565936178,
2013-12-30,79.13,80.12,77.77,77.77,,63.90829856726717,62.19615288840642,
2013-12-31,79.29,81.42,78.71,78.76,,65.32274632276554,62.84571552023362,
2014-01-02,70.16,71.88,61.81,64.99,,65.29105619678786,62.929805107675435,
2014-01-03,67.03,70.13,65.67,70.13,,65.75190798756996,63.21216569168816,
2014-01-06,67.67,69.81,58.53,58.53,,65.06410722684902,63.028551350837645,
2014-01-07,65.63,71.07,63.6,67.62,,65.30752558619673,63.20860816060872,
2014-01-08,65.48,65.48,56.24,60.31,,64.8315707684637,63.09493725234955,
2014-01-09,61.3,61.3,52.27,57.38,,64.12189736194335,62.87082206598291,
2014-01-10,55.09,57.44,52.16,57.41,,63.48266904175827,62.6566721810424,
2014-01-13,52.87,53.44,39.13,43.57,,61.586224371114625,61.90817523276623,
2014-01-14,46.18,54.07,46.08,54.07,,60.87039347862752,61.60079581187344,
2014-01-15,55.79,59.29,55.79,58.77,,60.67035600447252,61.489784211407816,
2014-01-16,56.11,57.26,53.03,56.32,,60.25603638499894,61.287047575666335,
2014-01-17,54.96,55.32,49.52,51.2,,59.39355672928476,60.89147708250295,
2014-01-21,56.94,58.15,51.56,58.12,,59.27226561221002,60.78279170671852,
2014-01-22,58.91,60.58,56.35,59.93,,59.33490698247573,60.74934889469034,
2014-01-23,54.49,54.75,49.05,53.39,,58.76872536509709,60.4607469772515,
2014-01-24,44.71,44.92,32,34.36,,56.44408485413546,59.437188272261245,
2014-01-27,34.88,34.88,20.97,22.97,,53.25607677278923,58.00710245766277,
2014-01-28,25.32,30.35,24.54,30.31,,51.070736127761684,56.92094157697011,
2014-01-29,25.91,26.91,19.63,20.41,,48.15066602035581,55.48913994650069,
2014-01-30,25.96,35.54,25.96,32.16,,46.627745446988584,54.57427171330459,
2014-01-31,26.76,29.91,25.87,26.76,,44.73557921394205,53.48351595984167,
2014-02-03,25.83,25.83,12.52,13.62,,41.77219071737614,51.9202408241616,
2014-02-04,14.04,18.39,14.04,17.11,,39.4234106490546,50.55513334086115,
2014-02-05,15.8,15.8,11.81,13.87,,36.989752492001784,49.11650066082738,
2014-02-06,17.28,20.07,16.55,18.25,,35.205014159430185,47.90604965452042,
2014-02-07,23.25,24.61,18.35,24.61,,34.195965191865405,46.992479079833345,
2014-02-10,22.93,27.63,22.09,27.63,,33.57063517359251,46.23316617474184,
2014-02-11,30.63,38.52,29.94,37.28,,33.923908014202745,45.88206161886961,
2014-02-12,42.23,43.97,37.38,39.75,,34.47877391761201,45.64158861420806,
2014-02-13,40.86,54.81,40.86,54.79,,36.41317640164896,46.00034984502343,
2014-02-14,53.05,57.53,52.47,57.06,,38.37954055387287,46.434061615806826,
2014-02-18,62.22,69.38,60.06,68.7,,41.26720335826593,47.307235670088915,
2014-02-19,68.49,70.96,56.21,56.24,,42.69318399081203,47.65754015361484,
2014-02-20,60.14,70.11,59.67,69.46,,45.24240456311565,48.51253857896327,
2014-02-21,72.94,74.31,70.35,70.55,,47.652651747580826,49.37675275233726,
2014-02-24,74.45,81.63,74.45,77.62,,50.50668491447789,50.48433107577502,
2014-02-25,77.04,79.05,72.82,73.19,,52.66700063690856,51.37474946496031,
2014-02-26,76.56,81.16,74.19,77.73,,55.05395295720298,52.408288701628535,
2014-02-27,75.77,80.63,74.3,80.57,,57.4840526755646,53.51266953685879,
2014-02-28,81.57,82.84,76.71,78.35,,59.47128575408225,54.48668249619766,
2014-03-03,72.8,75.5,66.73,73.37,,60.79497282512204,55.227204751248735,
2014-03-04,82.67,87.95,82.67,85.83,,63.179261127491365,56.42731436884682,
2014-03-05,83.98,84.4,82.5,83.92,,65.15456959153981,57.50545890340185,
2014-03-06,83.5,83.65,80.53,81.38,,66.69984867805982,58.44171541699394,
2014-03-07,80.22,80.22,75.56,76.89,,67.67033928014936,59.16517755750398,57.532400000000024
2014-03-10,74.12,74.33,70.31,74.02,,68.27506887251609,59.74771961407245,57.858887128712894
2014-03-11,72.22,73.7,58.99,61.9,,67.66791945608598,59.832122766461765,57.93890916576808
2014-03-12,54.28,63.33,54.28,63.28,,67.25002236503018,59.967333638365226,58.04467334070337
2014-03-13,62.01,62.01,47.4,49.41,,65.55097261597969,59.55332055450776,57.87368971019439
2014-03-14,50.42,53.54,49.41,52.69,,64.32611808112448,59.28417072884079,57.771042389200446
2014-03-17,59.1,61,54.28,54.52,,63.39220207339834,59.097340504180366,57.70666531218657
2014-03-18,55.26,65.3,55.26,65.3,,63.57389711402707,59.34058205303604,57.85702837531159
2014-03-19,62.28,63.4,53.54,56.99,,62.94685929364354,59.24840236468168,57.83985949659255
2014-03-20,54.29,58.63,51.27,57.04,,62.38430126567749,59.16179835038044,57.82402069467983
2014-03-21,59.53,63.02,54.6,55.21,,61.70103447847011,59.00682586605179,57.772257908646566
2014-03-24,53.31,53.63,39.26,45.25,,60.13426929004439,58.46734249875564,57.52429240550505
2014-03-25,50.29,53.25,41.07,44.56,,58.651005548135394,57.92195651841228,57.2675737440099
2014-03-26,49.07,49.07,25.86,25.86,,55.52805263878917,56.66462489023925,56.64564159066317
2014-03-27,22.36,27.76,20.19,21.78,,52.313952387475915,55.296600384739676,55.9552328462936
2014-03-28,25.54,34.55,22.52,23.26,,49.5469093029544,54.040263114749884,55.307802492901644
2014-03-31,26.39,41.6,26.39,38.95,,48.53767984553017,53.448488090642044,54.983885611854085
2014-04-01,45.99,56.33,44.72,56.17,,49.264567479289205,53.555214047871765,55.00737302548074
2014-04-02,57.12,59.98,56.01,59.98,,50.28508486221404,53.807166438151306,55.10584088636231
2014-04-03,60.09,60.09,49.33,52.36,,50.482695827717464,53.750414813125765,55.05146779950365
2014-04-04,55.33,56.23,26.89,27.79,,48.321486701268185,52.732359330258085,54.51163675396892
2014-04-07,20.11,23.77,16.77,19.37,,45.56420225352836,51.424031513385216,53.815762758840826
2014-04-08,27.38,30.78,19.63,26.43,,43.74189727700185,50.44387341482109,53.27347042698259
2014-04-09,28.71,36.14,25.53,35.88,,42.99314515538262,49.87274112404379,52.92904527001264
2014-04-10,34.28,34.28,15.49,16.35,,40.4557027596319,48.558123825061685,52.204707739913374
2014-04-11,16.3,16.3,11.2,11.94,,37.73992154442886,47.12211896917691,51.40738679456855
2014-04-14,16.03,18.74,11.89,15.24,,35.59707187353087,45.87183979391507,50.691200917448384
2014-04-15,18.11,20.24,12,19.44,,34.05830312367079,44.835297056898796,50.07236525571673
2014-04-16,24.01,27.41,21.46,27.41,,33.425131397606904,44.151952074275314,49.623605547682736
2014-04-17,27.25,35.44,25.29,33.31,,33.41416650259672,43.726777483127265,49.30056385366922
2014-04-21,34.8,38.41,31.4,38.36,,33.88519826425418,43.516315621043844,49.08391902488369
2014-04-22,41.28,54.78,41.28,52.68,,35.675179381944254,43.875675792767616,49.15512854914342
2014-04-23,51.3,53.69,44.6,44.62,,36.527067059854325,43.904864977364966,49.06532402341781
2014-04-24,44.84,46.22,40,41.91,,37.0397273398682,43.82663497825261,48.92363443879567
2014-04-25,36.8,36.8,25.74,26.43,,36.02927711702361,43.1444139987133,48.47821593505714
2014-04-28,26.38,33.19,17.55,25.21,,34.99886977254517,42.44110364582258,48.01745918386789
2014-04-29,31.64,32.81,27.12,27.18,,34.254215508493246,41.842628993045224,47.604836229731895
2014-04-30,24.04,34.84,22.28,33.93,,34.223337841017695,41.53232981684737,47.33404739349958
2014-05-01,31.48,39.41,26.86,34.73,,34.27159137996839,41.26557178481414,47.0844622965986
2014-05-02,39.58,45.23,37.71,39.25,,34.74572553425712,41.18652975403712,46.929324429339225
2014-05-05,32.15,39.14,32.15,37.67,,35.02422786432787,41.04862662642782,46.74597147034241
2014-05-06,32.55,35.64,26.36,26.36,,34.19906330582045,40.47260205284241,46.34228886696929
2014-05-07,27.48,30.25,21.77,30.14,,33.812485848123266,40.067401972338786,46.02145146366297
2014-05-08,33.35,38.15,25.24,25.41,,33.01224910068296,39.49260189499217,45.61330390992707
2014-05-09,24.77,34.81,24.77,34.75,,33.1777491863322,39.30661750695326,45.398188981017626
2014-05-12,42.33,61.5,42.33,59.42,,35.677011168586276,40.0953776047198,45.67584860515589
2014-05-13,56.75,56.75,46.71,46.74,,36.73062915253044,40.35595103198569,45.69692091000429
2014-05-14,40.81,41.45,29.22,29.22,,36.01533113800373,39.91924706994703,45.37064524842005
2014-05-15,23.61,26.01,18.58,24.62,,34.9300615058129,39.31927659661578,44.9597413821147
2014-05-16,24.19,32.26,20.99,32.26,,34.67576993383072,39.042442220277906,44.70826135474609
2014-05-19,33.86,44.23,33.86,42.57,,35.42760136870399,39.18077781948269,44.66591954574122
2014-05-20,32.74,32.74,24.51,28.22,,34.741163143113134,38.75094339518925,44.340257772558225
2014-05-21,33.45,36.93,27.09,33.83,,34.65438570091188,38.55796522282889,44.132133856269945
2014-05-22,36.39,46.55,36.39,44.22,,35.56539658653932,38.780005802325796,44.133873779908164
2014-05-23,47.59,62.35,47.21,62.35,,38.1163111973451,39.7043193002738,44.494589150603055
2014-05-27,69.78,77.7,69.78,76.84,,41.804281559502705,41.160620504184635,45.13509233573963
2014-05-28,73.04,73.58,67.75,70.26,,44.51434998240721,42.301772641275434,45.63261525978439
2014-05-29,74.11,74.7,69.3,72.08,,47.139649984082716,43.4695462631862,46.156325848699545
2014-05-30,73.31,73.31,63.15,66.84,,49.01587379512246,44.386034645022036,46.565903554665894
2014-06-02,64.97,64.97,51.12,58.08,,49.8791239098727,44.92305289423686,46.79390546447449
2014-06-03,54.33,57.06,45.77,51.39,,50.02301687083721,45.176658663090315,46.88491723745519
2014-06-04,45.92,54.82,45.92,53.67,,50.37034859742414,45.50973087238089,47.01927531196103
2014-06-05,55.92,78.32,51.9,78.32,,53.03222015957422,46.79640809307184,47.63909164241725
2014-06-06,80.79,83.42,80.79,83.26,,55.911056334852866,48.22635287373569,48.34445616434958
2014-06-09,83.57,87.76,83.57,86.68,,58.84143192200973,49.73433903554998,49.10357584426345
2014-06-10,85.82,85.99,82.07,84.16,,61.252724119913566,51.08436495572449,49.797762461208734
2014-06-11,81.96,82.23,75.52,78.42,,62.887702775159894,52.156350643735294,50.364539442174895
2014-06-12,69.29,74.77,67.31,69.83,,63.54887393943038,52.84943493221626,50.74999410668628
2014-06-13,69.24,72.24,63.44,68.81,,64.04993356424653,53.47533944467837,51.1076179857618
2014-06-16,64.89,66.39,59.79,65.53,,64.19089227241352,53.94807123116157,51.39320970881602
2014-06-17,63.07,75.14,63.07,72.93,,65.02318824646937,54.69246059464543,51.81968080369095
2014-06-18,69.65,76.9,66.59,76.89,,66.15336079442467,55.562952336031884,52.3161227679743
2014-06-19,76.41,76.41,69.96,74.69,,66.96637405209852,56.313032636579656,52.759169841875796
2014-06-20,71.52,74.31,70.82,74.2,,67.65529080904152,57.014482337105946,53.18374073609608
2014-06-23,73.24,74.04,66.89,68.83,,67.76716787484709,57.47783597094493,53.49356765221299
2014-06-24,67,76.89,58.3,58.33,,66.86838998200452,57.51125416816278,53.58933858979293
2014-06-25,53.92,64.13,52.25,64.12,,66.60663855514694,57.77042067137208,53.7978665385099
2014-06-26,59.49,61,54.33,60.94,,66.066958692752,57.894717899945725,53.93929492388594
2014-06-27,59.17,70.89,58.74,70.84,,66.52153405534705,58.40237602151648,54.27396235113572
2014-06-30,64.15,71.47,62.64,70.59,,66.90900700245685,58.880322059888385,54.59705220556868
2014-07-01,74.31,85.13,74.31,81.89,,68.3357682403181,59.78266237126531,55.1375066173396
2014-07-02,81.19,81.19,76.07,76.45,,69.10855221743067,60.4362834547451,55.559536189273466
2014-07-03,79.9,81.68,79.04,81.61,,70.29916629196109,61.26662528004921,56.075386957802706
2014-07-07,75.29,75.29,55.81,55.81,,68.91924569272669,61.052639974949244,56.07013177051948
2014-07-08,46.47,46.47,36.21,41.76,,66.33265086484796,60.29606585828457,55.7867628245686
2014-07-09,45.93,46.18,40.49,41.94,,64.00954125867197,59.57622013835184,55.51256950130981
2014-07-10,23.48,31.82,22.47,27.96,,60.57625161498893,58.3363683682204,54.96697406564031
2014-07-11,24.35,26.99,22.41,25.77,,57.26137050879951,57.05925588319215,54.3888161633504
2014-07-14,32.33,34.57,29.63,31.46,,54.80409712700908,56.055363495615985,53.9347801997197
2014-07-15,30.14,30.14,17.38,21.25,,51.60846882919869,54.69044728010163,53.28755682942822
2014-07-16,24.3,25.36,19.06,21.8,,48.76956703594168,53.40062581813686,52.66404085260786
2014-07-17,20.18,20.99,13.16,13.72,,45.43151303251866,51.84452284487659,51.892871726813645
2014-07-18,15.91,25.62,15.91,25.62,,43.54470226751688,50.816110184293194,51.37261684113417
2014-07-21,19.97,22.36,17.79,20.99,,41.39663538489623,49.64645880451699,50.770980864082006
2014-07-22,25.62,33.4,25.62,30.16,,40.32647963395373,48.88228394943789,50.36284262914969
2014-07-23,28.68,35.19,28.68,31.84,,39.51824347833909,48.21395908867562,49.99605366619623
2014-07-24,36.52,36.52,26.85,28.56,,38.4746012423068,47.443215595002066,49.571577355974526
2014-07-25,21.43,23.93,18.89,21.89,,36.89511540970615,46.44112870892355,49.02342730932156
2014-07-28,21.63,22.81,16.9,20.79,,35.36129489449604,45.43520209288733,48.464349540820145
2014-07-29,22.47,27.47,22.47,23.8,,34.260219190258326,44.58676279512704,47.97594657961579
2014-07-30,32.72,32.72,27.21,30.53,51.89569999999999,33.904960219757534,44.03551719531814,47.63048229091052
2014-07-31,26.6,26.6,18.85,19.42,51.57255870646765,32.52544019882824,43.07020279550174,47.07185887920932
2014-08-01,23.1,23.76,15.91,18.78,51.24626458998539,31.216350656082696,42.11764582312912,46.51162404991805
2014-08-04,22.35,26.23,16.94,26.23,50.99734653436364,30.741460117408153,41.49460088888877,46.11000773209789
2014-08-05,24.91,33.12,24.04,27.87,50.767223683275446,30.467987725274043,40.960302814814696,45.74881946017516
2014-08-06,28.22,39.76,28.22,37.16,50.63182842274534,31.105322227628896,40.81127133188079,45.57874382730041
2014-08-07,39.3,41.04,30.11,32.58,50.45220823943444,31.24576772975948,40.48847637768939,45.321342959433075
2014-08-08,33.24,43.82,33.24,43.82,50.38621611764902,32.443313660258575,40.61912436287804,45.29161339587994
2014-08-11,47.19,59.39,47.19,54.95,50.43162690254803,34.586807597376804,41.18111948590243,45.48286857615955
2014-08-12,53.62,54.13,43.36,46.93,50.396784843816214,35.76234973095997,41.40656578057292,45.51152464395837
2014-08-13,49.79,55.2,49.33,54.95,50.442090467260826,37.589744994678064,41.937680848001435,45.6984251460582
2014-08-14,57.04,57.3,54.29,55.79,50.495303497437334,39.32310261423253,42.480909050040594,45.89825831148279
2014-08-15,61.11,63.51,45.57,53.34,50.52360893527378,40.658045222400865,42.906755753960574,46.04561953303759
2014-08-18,63.36,70.41,63.36,70.41,50.72148347323125,43.491564725029356,43.98531435184447,46.5280825125814
2014-08-19,72.56,74.09,71.18,71.37,50.926941349119495,46.146653798836084,45.05922359294861,47.0200016707481
2014-08-20,65.59,67.79,61.29,65.86,51.07552899738696,48.02411534180408,45.87494031479376,47.393070944594676
2014-08-21,63.71,70.16,55.62,69.19,51.255772489950274,50.039913880679876,46.78925638088028,47.82469330212746
2014-08-22,66.27,72,65.04,69.65,51.43879962935375,51.90754113013894,47.685756130649686,48.25687759317444
2014-08-25,74.56,76.97,67.04,70.62,51.62965734448456,53.6896800701257,48.585138243173226,48.69971170024029
2014-08-26,72.77,77.43,72.77,77.32,51.885282644539444,55.94018673011373,49.71199556697035,49.266450082413755
2014-08-27,77.99,77.99,73.43,73.79,52.103240031160944,57.64016894629337,50.6562310349323,49.75206493226695
2014-08-28,65.14,68.73,64.48,64.58,52.227386896522525,58.30110523712258,51.20226119042515,50.04568740885572
2014-08-29,64.53,71.49,61.56,71.44,52.41855717615912,59.55242854787281,51.995898006486904,50.469337163135805
2014-09-02,70.91,76.13,68.04,73.88,52.63210387092371,60.91695916236111,52.85409808466389,50.932914645053906
2014-09-03,76.44,76.44,61.34,61.52,52.72054064832745,60.97439162308862,53.19393737546138,51.14255989960729
2014-09-04,64.54,70.59,55.27,56.4,52.75715218416499,60.53873527803256,53.31966532152172,51.24666762436755
2014-09-05,47.95,57.47,47.38,57.45,52.803847187307625,60.24457001345803,53.48163923048165,51.369505889231554
2014-09-08,58.84,59.91,52.22,59.09,52.86639597151352,60.13461096455727,53.70157494693335,51.52238696073192
2014-09-09,49.61,49.61,41.1,41.15,52.7498149170706,58.32655277745658,53.20935632156341,51.31699315952931
2014-09-10,38.9,46.33,37.26,46.33,52.685936161676864,57.18402394150833,52.939577642286416,51.21824081973665
2014-09-11,42.18,52.38,39.62,51.46,52.673737791908934,56.63887880422182,52.88155498964773,51.22302813023691
2014-09-12,47.77,47.77,36.59,39.36,52.54126278900437,54.99327129905784,52.35129793123017,50.98811668211341
2014-09-15,32.7,32.7,26.34,27.06,52.287717885631196,52.33295974676662,51.35948232608389,50.51429258939829
2014-09-16,28.85,32.29,24.09,30.35,52.06943213552541,50.23934453278885,50.53558105839433,50.11499966683594
2014-09-17,32.46,40.1,32.46,33.89,51.888542263530134,48.682264101094674,49.882813173751416,49.79371254472038
2014-09-18,38.15,41.89,37.53,40.56,51.77582044996267,47.90871513908566,49.51721265713371,49.610866751755616
2014-09-19,43.53,45.28,29.28,30.76,51.56670780866951,46.27550417345845,48.781635690187294,49.23758226162184
2014-09-22,22.66,23.48,18.46,19.33,51.24594454689171,43.709265680748125,47.62666958468975,48.645352909906556
2014-09-23,18.76,20.46,14.25,14.56,50.88091027279328,40.933145139724495,46.32993744411368,47.97039542654207
2014-09-24,16.3,20.71,14.71,20.46,50.57821464818837,38.983321793084066,45.31543009336413,47.42563512106599
2014-09-25,18.35,18.35,12.92,13.02,50.20450106959943,36.510624479457015,44.048942638722394,46.744335415698345
2014-09-26,14.35,17.89,13.94,17.89,49.88296374552382,34.73723167188968,43.02310175092936,46.172962437169666
2014-09-29,14.61,19.74,14.46,18.92,49.57487455402607,33.23082865551923,42.07788207442232,45.63329981465145
2014-09-30,17.23,20.1,14.76,14.76,49.22845789179695,31.471702116898353,41.00659258130772,45.021947343074196
2014-10-01,11.94,14.41,10.3,10.47,48.842801594366136,29.471540010527082,39.80907914674663,44.33775036598362
2014-10-02,14.11,17.5,10.62,16.01,48.51610705113861,28.189488580953075,38.87578192530559,43.77680481418196
2014-10-03,22.89,27.25,22.89,23.2,48.264205488440716,27.714299192290877,38.261045379215176,43.36934333271301
2014-10-06,26.18,26.18,20.37,20.37,47.98665120497365,27.014842126358413,37.559435756500854,42.91391079147117
2014-10-07,15.96,18.83,13.86,13.86,47.64708253626744,25.762000019086184,36.63004611899102,42.33858582530342
2014-10-08,15.55,31.57,12.73,31.57,47.48711156575732,26.315142874411308,36.43161293785411,42.125346502030084
2014-10-09,30.03,30.03,16.78,16.78,47.18156816709307,25.40703402922928,35.66096145009513,41.62345845248493
2014-10-10,21.61,25.1,16.47,16.47,46.87598042413692,24.555887931207444,34.90837472656199,41.12537016629711
2014-10-13,18.27,31.57,17.76,25.93,46.66756270847387,24.686755747282927,34.55628160003015,40.82447174716251
2014-10-14,34.05,41.85,32.97,36.05,46.5619153183398,25.768969485636934,34.61485879218583,40.729927752169196
2014-10-15,36,44.11,29.99,42.93,46.5257768574608,27.403353344147703,34.940942761119715,40.77349353925496
2014-10-16,43.6,56.13,43.6,53.59,46.596067634998505,29.897319692324114,35.67227833911502,41.02728574639843
2014-10-17,59.96,59.96,47.63,48.81,46.61809681275972,31.698527340674197,36.18748311013012,41.18139889993509
2014-10-20,53.85,59.3,52.46,59.17,46.74299137183674,34.314858070133795,37.08875828228188,41.537608822708656
2014-10-21,64.88,71.97,63.65,71.97,46.99400638306224,37.90106206345438,38.45665011434926,42.14023043017977
2014-10-22,72.03,73.47,59.74,59.87,47.12212572253426,39.99334186693492,39.296389325551246,42.491314976116804
2014-10-23,67.43,75.87,66.66,72.53,47.37494039196178,43.092071212941114,40.59966817552963,43.08614042213429
2014-10-24,74.58,74.58,70.83,72.83,47.62822456716614,45.92425490694672,41.863602756881406,43.67512774050787
2014-10-27,64.14,71.55,62.6,71.19,47.862670093861006,48.330516344380364,43.01365755072919,44.21997669614137
2014-10-28,71.91,85.75,71.91,85.75,48.23965845113602,51.89427669253462,44.68959254873981,45.042353395227686
2014-10-29,86,86.21,81.99,83.89,48.59438821779138,54.94148843610275,46.226863429181385,45.811613724035055
2014-10-30,81.89,86.62,80.81,85.33,48.959916693236245,57.83563239456915,47.76031976529192,46.59415602652941
2014-10-31,86.93,88.06,86.31,87.7,49.345390158975185,60.67985788080066,49.32658173528047,47.40813313491497
2014-11-03,87.91,88.37,85.13,85.85,49.7086201076421,63.07701427310536,50.75887264762241,48.1693582213523
2014-11-04,84.25,84.87,81.58,82.7,50.03689254438198,64.94587005661914,52.011465877127414,48.85313330607799
2014-11-05,82.44,83.99,80.03,81.72,50.35214734493539,66.54340624170304,53.17650643096555,49.50396234952199
2014-11-06,79.05,80.95,77.4,80.95,50.656603590259415,67.91546279011227,54.26566304151592,50.12665616438294
2014-11-07,77.5,79.51,76.22,79.45,50.943105047072756,69.01399014343491,55.253284098711376,50.707316438355555
2014-11-10,78.42,79.71,76.26,79.66,51.228845295360586,70.02789584406015,56.2104102124874,51.28063690492277
2014-11-11,76.67,77.18,76.05,76.77,51.48298613819282,70.67000100176871,57.01666863552711,51.785376768191625
2014-11-12,74.04,78.11,74.04,78.06,51.74743403731528,71.37381043017169,57.84189731648683,52.30566633713833
2014-11-13,77.03,77.54,69.67,69.72,51.92626553943155,71.21630467491724,58.3077052648599,52.650504627492026
2014-11-14,66.16,68.53,65.44,65.85,52.06481016092974,70.70522803921084,58.60348152898304,52.91188077348228
2014-11-17,64.46,64.46,53.91,53.99,52.08396627873143,69.113301559286,58.4225606847092,52.93322966905689
2014-11-18,58.68,61.97,56.82,57.26,52.13546910182863,67.98441569649685,58.37697006962256,53.01890828947161
2014-11-19,45.15,45.2,35.15,39.78,52.01252911076566,65.29828086825906,57.647677125715795,52.756751689680094
2014-11-20,35.7,48.14,35.7,48.06,51.973200462897346,63.65653983318676,57.27168978745243,52.663746705726034
2014-11-21,57.15,57.15,45.01,46.51,51.918840259286426,62.02353603954993,56.8496627369641,52.541890335315614
2014-11-24,51.41,58.49,50.69,58.49,51.984224933323375,61.68700879768803,56.9139896884557,52.65967468511134
2014-11-25,58.59,58.59,52.86,54.77,52.01194408821568,61.02824605505108,56.82991166145744,52.701463305208144
2014-11-26,54.82,57.82,53.02,57.2,52.063566535099106,60.66365119266526,56.84442492963558,52.79054323975848
2014-11-28,55.24,57.97,43.36,43.36,51.976963883008565,59.01568441241143,56.31562395200281,52.60379980926821
2014-12-01,36.8,41.04,32.42,32.42,51.78236722745624,56.482762087419864,55.3785406597674,52.20412060512429
2014-12-02,36.91,45.74,36.13,43.72,51.70214466797906,55.26726093623702,54.92134298683535,52.03611821690401
2014-12-03,44.86,55.39,44.39,52.19,51.706998949889716,54.97418846611921,54.81423149715553,52.03916538092571
2014-12-04,48.68,51.36,43.83,46.87,51.65886960710474,54.20236099315547,54.502693007071,51.936805670412326
2014-12-05,56.58,59.93,55.49,58.41,51.726045033899716,54.603088517616854,54.6559207322839,52.064987736344754
2014-12-08,58.36,63.11,44.88,44.96,51.658721202716634,53.68469913498668,54.27568854670414,51.924294909882484
2014-12-09,36.38,65.08,36.38,65.08,51.79226626537617,54.769965884035564,54.69938703506868,52.184803921567976
2014-12-10,62.18,62.18,42.62,42.62,51.7009999343774,53.61282627603218,54.22568558271305,51.995401863715145
2014-12-11,51.47,58.56,47.54,48.52,51.66934819373683,53.127795202124354,54.00193320692038,51.9265820248297
2014-12-12,43.24,44.23,36.16,36.18,51.51522532613746,51.513719468588704,53.30303386547252,51.614768519387525
2014-12-15,41.56,42.39,29.24,30.43,51.305422089061466,49.50574618586597,52.40605214525791,51.195268152666976
2014-12-16,33.48,45.13,31.21,32.88,51.12208455583697,47.92234178721207,51.640324610149754,50.83258957538644
2014-12-17,36.35,58.57,34.43,58.44,51.19489963488337,48.9240235217633,51.906978547006624,50.98323136597285
2014-12-18,64.92,68.7,61.6,68.7,51.36907973801886,50.80744985302394,52.565528407908324,51.33405846763675
2014-12-19,64.66,71.55,64.66,69.62,51.55068093465549,52.599121295593086,53.23433121544133,51.69615631976276
2014-12-22,70.65,73.14,68.32,73.14,51.76550002983305,54.555395457917555,54.01494567758088,52.12078688768825
2014-12-23,76.04,77.76,74.59,75.93,52.005942815605856,56.59107208097303,54.87435957257771,52.59225645426868
2014-12-24,76.08,79.66,76.08,78.2,52.2665802005252,58.64906521611845,55.78909056973153,53.09934048487722
2014-12-26,82.09,84.53,82.09,83.8,52.58034557166425,61.04439233839288,56.887557606212646,53.707274336661825
2014-12-29,85.2,85.46,81.93,83.43,52.88730730726959,63.17635497283165,57.92843770008666,54.29584316167842
2014-12-30,84.06,84.06,79.59,79.8,53.15509529426193,64.7595592611334,58.78614602557346,54.80087597035806
2014-12-31,80.84,84.16,74.45,74.55,53.36797991819962,65.6919821886445,59.404336377511754,55.191947733321264
2015-01-02,80.68,80.68,56.12,67.35,53.50710449612799,65.84988864686883,59.71593102937404,55.43270124355253
2015-01-05,56.49,60.23,40.64,44.76,53.420068630494875,63.84132782335752,59.1294239301829,55.22136062486832
2015-01-06,43.2,43.2,21.7,27.29,53.160067947604375,60.360248983037756,57.88081907017573,54.66826437487092
2015-01-07,32.96,36.4,28.85,36.4,52.99330110235458,58.07832050846273,57.03843400860021,54.30651656546754
2015-01-08,45,53.33,45,52.37,52.98709910133613,57.53467093622819,56.85535816512569,54.268169702785016
2015-01-09,49.5,49.5,42.52,42.57,52.88344637395965,56.109464180396934,56.29514804100312,54.03652277797739
2015-01-12,39.23,39.23,33.61,38.14,52.73674541501478,54.39808663940675,55.58318145115986,53.72174014871051
2015-01-13,46.84,53.2,32.82,40.28,52.612797699442496,53.05350695946325,54.983056688369274,53.45556707645881
2015-01-14,33.71,36.47,29.8,35.85,52.44600369248287,51.415077725228656,54.23274073980577,53.10694198583587
2015-01-15,30.53,31.05,24.17,24.62,52.1691280338512,48.86316556092117,53.07145678922515,52.54284412473021
2015-01-16,26.7,35.57,26.65,35.57,52.00396258077806,47.59714979321439,52.38512515043201,52.20674820146822
2015-01-20,33.19,34.49,27.6,31.73,51.80223160982504,46.08599267005112,51.575120242571934,51.80126803906291
2015-01-21,31.36,32.04,26.67,27.79,51.56330393211534,44.3435171776653,50.64237042913774,51.32579738482404
2015-01-22,28.31,45.5,27.63,45.5,51.50297254970623,44.453658398840034,50.44070884368136,51.210435060372085
2015-01-23,43.93,45.24,40.43,42.52,51.41358973826637,44.26950045609336,50.13009281059581,51.03834723739442
2015-01-26,38.92,51.14,38.14,51.14,51.41086745231347,44.923833745989235,50.16969701410186,51.04036016338661
2015-01-27,44.04,50.36,41.06,46.23,51.359316532389954,45.0482305320855,50.015199091980215,50.945105506685884
2015-01-28,47.17,47.17,32.34,33.38,51.18041786042588,43.93697048141069,49.36283834327511,50.59728163526636
2015-01-29,33.69,49.26,33.22,49.16,51.16031420012313,44.434401864133484,49.35488389844079,50.56882061278584
2015-01-30,47.23,47.23,28.68,28.73,50.937126994151754,42.938744543739816,48.54606492203135,50.13636871946335
2015-02-02,29.11,40.46,24.25,40.34,50.8316829444587,42.69124506338364,48.224258454500706,49.942381220068036
2015-02-03,52.53,61.48,52.53,61.48,50.937636347996424,44.48065029544234,48.74409145628499,50.17084891868055
2015-02-04,58.66,62.74,53.63,53.97,50.96780912065318,45.384397886352595,48.9490290462346,50.24607963316212
2015-02-05,60.26,69.42,60.26,68.16,51.13887569656708,47.553502849557105,49.70240045618618,50.60081072953515
2015-02-06,68.27,72.25,64.39,65.07,51.27749384884004,49.22174067340881,50.305051418688684,50.887329328950294
2015-02-09,65.34,68.42,56.73,56.78,51.332245153826705,49.941574894988925,50.55897097089697,51.00401587689187
2015-02-10,60.45,63.22,52.33,60.48,51.42326759010704,50.9452344287995,50.94803093282258,51.191659126854404
2015-02-11,60.01,61.42,54.55,57.42,51.482936569309956,51.561878768913836,51.20183364133934,51.31499260949095
2015-02-12,61.03,66.85,61.03,66.63,51.63365361837155,52.996937933779186,51.80685977305152,51.61826008257034
2015-02-13,69.25,71.56,66.94,70.04,51.81680134356188,54.620086701990694,52.52188487999068,51.98304701162835
2015-02-17,71.12,73.75,68.76,69.92,51.996932673476685,56.0772213018011,53.20416390430477,52.3382341995169
2015-02-18,69.39,72.54,66.71,72.54,52.20134130359134,57.645104987343856,53.962431986488895,52.738269165863095
2015-02-19,68.29,71.86,67.97,69.67,52.37515880305809,58.790333083787296,54.57841504584227,53.073550964558876
2015-02-20,65.26,68.2,61.32,67.66,52.527246775166965,59.635063266283744,55.09141837737787,53.36239153951811
2015-02-23,62.67,64.61,58.35,64.4,52.645383623175256,60.08886676473291,55.45646079395129,53.58095804368607
2015-02-24,65.24,68.61,63.72,65.4,52.77229522891481,60.59468897761549,55.84640350791398,53.81499847846456
2015-02-25,64.98,68.4,64.4,66.75,52.91137686842809,61.18090907498544,56.273995527211476,54.07113712245536
2015-02-26,65.7,67.49,62.75,66.94,53.05096515829448,61.72939392498683,56.69227021241887,54.32596609032753
2015-02-27,63.73,65.78,59.31,59.31,53.113244111943295,61.49897545594047,56.79492628252009,54.424659831113125
2015-03-02,59.05,66.15,59.05,65.57,53.23719193172495,61.88669207918423,57.13904682046048,54.64535963643762
2015-03-03,60.05,60.05,55.47,56.15,53.26617509658341,61.34034045259526,57.1002606706385,54.67515449512202
2015-03-04,48.15,52.15,47.36,50.81,53.24173554338358,60.33745088568142,56.85358378159385,54.59861678234733
2015-03-05,46.81,52.55,46.6,50.13,53.210773000663345,59.365312706092716,56.58991382937448,54.51012932131075
2015-03-06,50.07,50.5,39.7,39.7,53.07633744841794,57.492425781702934,55.92756426743823,54.21685943376004
2015-03-09,41.39,45.07,41.28,44.49,52.99090125490134,56.254099516778844,55.479032335381824,54.024248355863804
2015-03-10,32.33,35.17,30.96,32.49,52.78691218768839,53.99085194375229,54.577501655562926,53.59782759634175
2015-03-11,32.59,37.65,30.48,36.8,52.62783843457706,52.35362794910922,53.88034472789379,53.26519734690924
2015-03-12,47.49,55.39,44.02,55.37,52.65512362428276,52.64090147776548,53.93876258170188,53.30687660736648
2015-03-13,54.79,54.79,43.09,51.36,52.64223682205109,52.51891086083543,53.837634637321415,53.26832459533942
2015-03-16,53.31,55.84,52.1,53.45,52.650274266607795,52.60758601694634,53.822433278995085,53.271922128104976
2015-03-17,50.81,56.45,49.49,55.45,52.67813223410423,52.8782921105705,53.886259424916844,53.31505238299398
2015-03-18,50.34,66.2,50.34,63.6,52.786807535257424,53.89940714765902,54.26719042786128,53.518714712043604
2015-03-19,62.76,65.29,62.02,64.97,52.90803333092651,54.95374932407245,54.68690845029809,53.74547283655759
2015-03-20,69.51,72.25,69.51,71.51,53.09312752663868,56.530535102732216,55.34663753067856,54.09724565167526
2015-03-23,71.6,74.08,70.97,71.39,53.275185959209445,57.94572223580534,55.97578900006371,54.43967643085001
2015-03-24,70.44,73.98,70.44,71.71,53.45861694468995,59.25660583239531,56.592816882414155,54.78166303617971
2015-03-25,68.6,69.65,48.44,48.44,53.40868045767811,58.226452895976706,56.273098573299876,54.656085550314764
2015-03-26,47.75,51.29,45.17,47.96,53.35446473173106,57.24869547731226,55.94709470768027,54.52348979684319
2015-03-27,48.07,52.29,43.64,52.24,53.3433755304203,56.77167686042538,55.801718444633984,54.47827217710372
2015-03-30,59.47,66.27,59.47,66.17,53.47100363459523,57.66675525467058,56.208317721315005,54.70979153993335
2015-03-31,60.84,62.74,57.78,62.21,53.557958822310695,58.099445230416244,56.443677810675204,54.85831051934061
2015-04-01,52.66,62.11,51.24,62.09,53.642854754427006,58.4794980656147,56.66510221025657,55.00151229123486
2015-04-02,63.62,68.69,63.62,64.92,53.75506515488047,59.092879202222825,56.98882369220729,55.19791798843813
2015-04-06,64.6,68.3,64.13,66.64,53.88327346179708,59.81165261153494,57.36730119447367,55.4244938698552
2015-04-07,66.59,68.44,58.35,58.61,53.93030556665482,59.697209505674465,57.416034480964896,55.487573199165
2015-04-08,60.3,63.47,58.35,62.57,54.01627267544433,59.97080860037214,57.618150775829015,55.62781927442906
2015-04-09,61.78,61.78,45.56,53.32,54.0093445891215,59.337398257479556,57.44959584344356,55.582119882856205
2015-04-10,56.18,60.2,56.18,57.76,54.0466645434586,59.18716985200531,57.46176855546538,55.62524622180955
2015-04-13,58.85,63.14,57.85,58.01,54.086100717155524,59.07505843752862,57.48326782780008,55.67246906890243
2015-04-14,57.64,57.64,50.02,56.31,54.1082290682286,58.81171953871637,57.43725732474909,55.68509344377565
2015-04-15,59.75,67.58,59.75,65.15,54.21809743570891,59.41536529693386,57.739717821817756,55.87251733597811
2015-04-16,62.4,63.82,60.44,61.18,54.28737009804017,59.58342574484492,57.87463084841314,55.977616002592406
2015-04-17,49.86,49.86,37.54,39.6,54.14122711199002,57.68024234057397,57.15797865827929,55.6533067748183
2015-04-20,46.64,55.52,45.63,55.52,54.15494624520405,57.47450497480502,57.093744201091866,55.650667036703084
2015-04-21,56.47,58.43,52.35,52.45,54.13798160594829,56.99598069149026,56.91163658536277,55.58728749142183
2015-04-22,50.23,55.94,44.31,54.52,54.14178278399856,56.76017300658643,56.81784691534855,55.5661530856511
2015-04-23,53.35,58.32,50.44,57.53,54.17549638813787,56.833489863102,56.845774487295664,55.60504114336098
2015-04-24,55.42,56.31,51.66,53.78,54.171561100693715,56.54268130471134,56.72554803681348,55.56890171477957
2015-04-27,54.94,63.19,38.44,42.06,54.05104805491567,55.163378323310255,56.15042850595805,55.30139871052651
2015-04-28,43.49,53.65,36.77,52.96,54.04019185536427,54.95353276870928,56.025313662587145,55.255034379624995
2015-04-29,47.03,47.98,40.31,40.31,53.90357303093278,53.55891060026078,55.40902685228961,54.95909310478093
2015-04-30,33.86,33.86,22.96,23.98,53.60582603560012,50.74187149547404,54.17651599533707,54.34564571656745
2015-05-01,28.9,28.9,21.86,26.36,53.33472328897723,48.41978849590508,53.08567223081405,53.79147451425918
2015-05-04,30.75,33.77,28.63,29.55,53.098059375654074,46.622665782009356,52.16270469235075,53.311445315957016
2015-05-05,30.61,30.61,19.38,21.36,52.78225778982667,44.21669761229418,50.954755488729155,52.67874342851232
2015-05-06,22.16,23.48,19.88,23.22,52.48810597102243,42.21701212540902,49.867118018582914,52.09540197448237
2015-05-07,24.23,28.84,22.37,26.25,52.22703028971872,40.696344303941494,48.940956527658095,51.58361183637381
2015-05-08,34.64,34.85,30.92,32.48,52.03054242613943,39.913835322613735,48.29542882069111,51.20532249307928
2015-05-11,35.35,39.64,34.07,35.01,51.86118379503356,39.446803387126714,47.77443161203655,50.88462303777078
2015-05-12,26.83,35.33,24.54,34.39,51.687341170207354,38.96520306454322,47.249551940976296,50.55799683900304
2015-05-13,36.84,37.1,30.56,34.52,51.51652185508091,38.541850391729575,46.75035382564389,50.240412743181196
2015-05-14,37.07,46.11,37.07,45.74,51.45904402567712,39.22738844966009,46.71073210699119,50.1512956591578
2015-05-15,41.48,45.69,40.9,44.57,51.39049632392909,39.73620859731151,46.62678182828565,50.040774953035864
2015-05-18,44.89,55.95,44.2,55.69,51.43327745503427,41.25561730232946,46.98220214874504,50.152640795550006
2015-05-19,53.93,53.98,50.53,53.24,51.45125479379015,42.39698708305999,47.227605986049156,50.2137766213807
2015-05-20,53.13,56.96,51.96,54.89,51.48547116400119,43.58679783705428,47.52809202581194,50.30637510412564
2015-05-21,58.29,59.84,52.71,56.09,51.53128737132456,44.77757899543006,47.86385312283892,50.42090232978652
2015-05-22,56.3,58.48,48.32,50.34,51.51943376563974,45.307333376817674,47.96095692194327,50.419300303454115
2015-05-26,34.66,39.82,34.66,38.07,51.38560855404133,44.61806353140647,47.57307625833765,50.17475970338572
2015-05-27,41.16,53.99,41.16,53.99,51.41152289678719,45.51062890936776,47.824720326638136,50.25030901618996
2015-05-28,50.21,54.31,50.15,54.31,51.44036346497836,46.348664251332735,48.07904501971115,50.33069893666145
2015-05-29,51.97,52.18,41.1,45.49,51.38115586831191,46.26688670358676,47.97751384246758,50.2348435121731
2015-06-01,45.81,54.02,36.6,47.76,51.34512446663716,46.40908796991183,47.96898388786101,50.18583670995185
2015-06-02,43.39,60.98,42.69,53.73,51.36885457144674,47.10631768706308,48.19490608833705,50.25601816123993
2015-06-03,54.63,65.29,53.3,65.17,51.5061794015816,48.82666838353327,48.86059604565717,50.55134453428468
2015-06-04,59.09,60.21,48.47,50.5,51.49616766624248,48.986033299387245,48.924886396807864,50.5503278108335
2015-06-05,42.66,59.14,42.66,59.14,51.5722256994142,49.95307774706465,49.325479087129125,50.72042032943086
2015-06-08,56.83,56.83,51.54,51.7,51.57349708548968,50.119451294963255,49.41859755430053,50.73981794666985
2015-06-09,47.49,51.76,43.59,48.02,51.53813890553456,49.9195035525858,49.36375059138679,50.68596016554768
2015-06-10,55.23,65.75,55.23,62.71,51.64930170249441,51.13764607138715,49.88713292113633,50.9240599642497
2015-06-11,62.44,64.1,60.57,62.33,51.75557730744472,52.20358454077885,50.37508849285647,51.14992016297743
2015-06-12,58.33,60.84,58.33,60.42,51.84179046856467,52.98610029879991,50.769006591175824,51.33348610034422
2015-06-15,46.76,57.83,44.03,55.53,51.87848907086751,53.228376460818964,50.955712215051285,51.41658538548592
2015-06-16,55.1,61.36,54.62,60.67,51.965966791555395,53.93710251216954,51.33666467720614,51.599821318446594
2015-06-17,63.99,64.47,58.05,59.33,52.03924075382847,54.45071179672482,51.65012880751178,51.75289416362587
2015-06-18,64.31,73.46,64.31,72.49,52.242730895581424,56.16873924465579,52.46737865819759,52.16352992276199
2015-06-19,70.62,73.4,68.86,71.42,52.43354949363534,57.62124026897428,53.21061871081729,52.54484616191522
2015-06-22,72.65,74.95,72.65,72.87,52.63689725986782,59.073503100500545,53.98157483980485,52.94732445573868
2015-06-23,71,74.85,69.98,74.19,52.85135599360048,60.51316947188145,54.77406210098897,53.367971496219106
2015-06-24,73.66,73.66,65.73,65.73,52.97950170510694,61.01001047455941,55.2037067244796,53.61276413985833
2015-06-25,65.04,65.79,60.38,63,53.07920815580239,61.19953328650613,55.50944371567648,53.79864999847499
2015-06-26,61.88,65.63,55.83,60.06,53.14866877116754,61.09100630683888,55.687896903297016,53.92263712721806
2015-06-29,53.18,53.99,33.6,33.6,52.954154654041496,58.47281522999708,54.821704867873606,53.52020866925334
2015-06-30,37.78,39.33,33.86,38.37,52.80903868733461,56.55826139856879,54.17653997109425,53.22020453718892
2015-07-01,46.51,48.39,36.7,41.9,52.70049103870442,55.162236503467,53.695107031051336,52.99604207110597
2015-07-02,41.63,41.63,31.56,34.06,52.515013515931244,53.152499693613,52.925102833755204,52.62107094098506
2015-07-06,30.61,37.43,30.02,34.74,52.33814770980258,51.398928294221285,52.211961546156964,52.26699032829228
2015-07-07,31.9,35.06,21.64,34.1,52.15667360323738,49.75141131381926,51.501688544346884,51.90724794555382
2015-07-08,29.8,29.8,21.21,23.89,51.87541316937432,47.28841976012219,50.4188772288823,51.352450956532955
2015-07-09,30.55,31.57,25.51,26.3,51.62093144629597,45.289522640110555,49.47303890618104,50.85636281877983
2015-07-10,36.9,42.49,35.93,42.46,51.52977789956665,45.02004429343336,49.19801777260531,50.69009820850696
2015-07-13,48.17,52.36,48.17,51.77,51.53216816922271,45.66289721786828,49.298879820738435,50.71148240239791
2015-07-14,50.69,57.05,50.69,56.35,51.58010679440457,46.68071653045225,49.57539433757222,50.823136216211815
2015-07-15,52.69,52.69,46.66,48.95,51.553936577544825,46.896838765647274,49.55086906943213,50.78604440995019
2015-07-16,55,58.26,54.75,55.61,51.594295417569256,47.72666364510944,49.78848204710146,50.881568283020485
2015-07-17,54.44,54.95,47.78,51.24,51.590770090031256,48.06126710747997,49.84540431976415,50.88866594078245
2015-07-20,50.17,50.17,43.11,44.28,51.51802610903592,47.70114643057712,49.627153169969475,50.75780126868775
2015-07-21,50.02,50.02,40.21,41.58,51.419140277105214,47.11818010385549,49.31157853585302,50.576062629703834
2015-07-22,42.9,47.22,42.9,46.69,51.372084154944964,47.07740104634544,49.208771534447024,50.49911089446218
2015-07-23,47.45,48.32,34.13,34.43,51.20350620315447,45.87288666097921,48.62921186642949,50.18091067873025
2015-07-24,32.8,34.02,25.89,25.9,50.951730022028556,43.97070697898119,47.73787022460873,49.70010056628015
2015-07-27,20.61,23.51,20.61,22.64,50.670021265590464,41.93921107622108,46.75364001972211,49.16425699071024
2015-07-28,19.89,26.1,18.26,25.9,50.42355339230101,40.411667164200026,45.93585021502713,48.70357863445855
2015-07-29,25.34,30.12,25.34,29.1,50.2113787316811,39.33436552951431,45.27562079482999,48.31538895852868
2015-07-30,26.61,33.02,26.61,32.46,50.03474809753502,38.67966405051295,44.773047430326855,48.00142086033999
2015-07-31,34.3,42.18,34.3,38.11,49.9160938876093,38.625410331416475,44.51175145266698,47.80555114033326
2015-08-03,36.69,37.35,32.41,35.67,49.77434170962314,38.343942680805384,44.165016101582,47.565243196960324
2015-08-04,37.09,39.33,33.94,34.42,49.6215621901244,37.970233854062016,43.78285860740231,47.30494135147596
2015-08-05,44,44,37.58,37.85,49.50443221808336,37.95878301081802,43.5501974855434,47.117714790060596
2015-08-06,37.6,37.6,28.46,31.42,49.32448761889845,37.33604177169249,43.074503466502485,46.80686895263366
2015-08-07,30.86,30.86,26.78,29.43,49.1265325182129,36.58308541248368,42.53942489918866,46.46277253773002
2015-08-10,36.58,40,36.53,39.74,49.03313418469834,36.883743944628094,42.429643530593026,46.329648329062096
2015-08-11,36.78,37.24,31.83,34.48,48.888326879377956,36.65481594990161,42.1178928039031,46.09500182749651
2015-08-12,29.08,33.77,26.27,33.52,48.73540820396126,36.35626204991098,41.780720537083376,45.84599189031836
2015-08-13,33.01,36.78,31.63,31.83,48.567195187006426,35.925189473728985,41.39049620229579,45.568447496450666
2015-08-14,32.9,41.09,32.7,41.09,48.49279523489691,36.4170761905167,41.37871203749988,45.47976536780808
2015-08-17,37.21,49.51,37.21,49.25,48.50032961066908,37.639259410467496,41.687389996813614,45.55442347933663
2015-08-18,47.26,47.93,41.95,41.95,48.43515220160769,38.049806133280114,41.69768842831112,45.483048756973524
2015-08-19,35.92,41.84,31.52,35.41,48.305548697114084,37.79839602534867,41.4511124115146,45.28358244495425
2015-08-20,28.97,29.84,21.21,21.21,48.035941247391555,36.21854878483928,40.657343297337555,44.806877842083864
2015-08-21,15.18,22.8,14.51,16.35,47.72065824990507,34.326306043426015,39.704114148422356,44.243375310557454
2015-08-24,4.8,12.83,4.8,5.31,47.29866165040353,31.56284832500449,38.35532535828815,43.47241738361572
2015-08-25,8.64,8.9,5.37,5.37,46.88146103696668,29.06829134167073,37.061783187374886,42.71791406908868
2015-08-26,7.83,11.2,5.57,11.2,46.52642162366352,27.36654930913066,36.0475956113994,42.0937969588097
2015-08-27,14.73,19.54,11.71,17.46,46.23720349805493,26.423068422546788,35.31867029330531,41.60599899922931
2015-08-28,20.02,26.42,19.09,26.36,46.0394203786713,26.41706190611376,34.96734988964628,41.304098028947536
2015-08-31,25.08,31.59,23.65,30,45.87982415599796,26.758294105531498,34.77255185475819,41.080254503621845
2015-09-01,23.86,23.86,15.41,16.02,45.58271147782882,25.73559942881421,34.03715766437552,40.58401184018379
2015-09-02,20.17,26.99,18.12,26.99,45.39770937357182,25.855066149879523,33.760798540282366,40.31482348691282
2015-09-03,31.4,34.22,26.07,26.07,45.20539385741688,25.875536040367187,33.459198597526196,40.03274777430069
2015-09-04,23.61,26.07,20.69,22.95,44.98394715236795,25.59691356033222,33.04707316232909,39.69447554114622
2015-09-08,36.52,43.28,34.22,42.98,44.964007379707574,27.25244560220534,33.436599704982854,39.75953543142055
2015-09-09,49.84,49.84,34.17,35,44.86486302767068,27.99030792580483,33.49790952047372,39.66528720505579
2015-09-10,36.59,43.25,35.87,41.79,44.83426737565406,29.30456431382342,33.82308953927867,39.707360725747755
2015-09-11,37.79,47.74,35.69,47.74,44.86318013808536,31.060320093459286,34.368850733816764,39.86642288959433
2015-09-14,45.89,47.43,43.58,47.43,44.888720634223816,32.61933722741554,34.88105266582395,40.01619669376078
2015-09-15,47.84,59.89,47.84,59.89,45.03798709557482,35.21654320575692,35.86179569853674,40.409737353290275
2015-09-16,61.17,68.56,59.33,68.56,45.27203697522084,38.39211051949436,37.14407822016275,40.96716829678948
2015-09-17,68.1,78.35,68.1,73.94,45.557290338651484,41.777623803352036,38.587055544862245,41.620095657249095
2015-09-18,62.66,64.61,56.3,58.02,45.68129739995843,43.324516774461365,39.349131798004905,41.94484623829367
2015-09-21,66.7,70.29,58.38,60.31,45.82685662980959,44.942181843560284,40.17112662945569,42.30851264941657
2015-09-22,53.08,53.08,43.17,43.32,45.80191278274681,44.78768833464978,40.29461185967312,42.32854210190337
2015-09-23,44.25,49.22,40.4,41.42,45.758311660530424,44.46695611230218,40.33874472792123,42.310551169192415
2015-09-24,35.47,42.71,33.88,41.83,45.719223982316194,44.215817434940064,40.39722532682628,42.30103530445593
2015-09-25,45.22,45.84,31.77,31.77,45.580425733735936,43.0305014887553,40.05890276498996,42.09249995189244
2015-09-28,29.41,29.41,19.96,19.96,45.32549612444503,40.833310870778604,39.270710499696236,41.654232626112396
2015-09-29,19.91,23.3,19.76,21.66,45.090018551067466,39.007281264037786,38.58009440166893,41.258307227575514
2015-09-30,26.18,27.61,22.84,27.25,44.912505928668786,37.88754019127228,38.1357769741525,40.98091500524728
2015-10-01,26.54,27,18.94,24.19,44.70631183982631,36.583012554008256,37.58888375947985,40.648421638806745
2015-10-02,16.84,30.11,13.71,30.11,44.5610749060967,35.966535167912234,37.29559420028456,40.43974002219671
2015-10-05,41.36,55.92,41.36,55.92,44.67409903638429,37.86686515192059,38.02596305517536,40.74627982373737
2015-10-06,57.26,58.95,51.13,52.88,44.75574979224116,39.29668751840435,38.60847430791358,40.98655151039603
2015-10-07,58.59,65.44,57.15,65.44,44.96156322714423,41.786526802365834,39.66069100172089,41.47077821316047
2015-10-08,64.83,71.57,64.83,71.5,45.225627274635336,44.61638139261671,40.90929135459458,42.065416268345416
2015-10-09,72.23,74.29,71.14,71.59,45.48795934155439,47.185297450462734,42.11245639951244,42.65006149075442
2015-10-12,70.56,72.11,69.58,72.09,45.75265626352897,49.557173883752,43.2880463446296,43.23303057014542
2015-10-13,70.6,75.09,64.87,64.87,45.942878589265,51.01553827577562,44.13439746836961,43.66148541034055
2015-10-14,65.7,67.5,53.01,53.01,46.01319820529221,51.20548701141603,44.48246031274728,43.84660451112589
2015-10-15,58.12,72.76,54.25,72.75,46.27923603409528,53.25734539128117,45.59099128087484,44.41894897625211
2015-10-16,73.73,74.14,66.61,73.06,46.54571129743761,55.14331249687344,46.668207309075825,44.98609850147484
2015-10-19,73.21,77.08,69.65,73.47,46.81361466761236,56.888711306695015,47.719258002837556,45.55013615491099
2015-10-20,73.16,76.31,72.23,73.94,47.08352894952667,58.51264356320025,48.74752239488314,46.112311676595915
2015-10-21,75.28,75.28,59.75,59.88,47.21085701968063,58.64286798575261,49.18409014410341,46.38493916814847
2015-10-22,64.89,71.6,63.08,67.01,47.40786341749475,59.43973770139522,49.88314543256994,46.79335621432375
2015-10-23,67.99,73.56,66.08,72.43,47.65683990090277,60.67690553935758,50.767335807763274,47.3010125269114
2015-10-26,67.01,67.73,61.89,63.51,47.81458278746095,60.94672405941876,51.26704812902746,47.62198257588345
2015-10-27,55.81,57.26,45.47,47.49,47.81135310798373,59.66513129185507,51.11892859455579,47.61936905952932
2015-10-28,48.16,68.94,48.16,68.94,48.0215884004416,60.5484521212022,51.817794139867324,48.041559771221806
2015-10-29,65.06,65.63,57.26,58.47,48.12555269496457,60.35050430013533,52.07866495791174,48.24806353812831
2015-10-30,55.73,57.29,51.96,53.92,48.18320888705448,59.73807531917006,52.15087417524853,48.360379111630714
2015-11-02,55.68,68.92,55.68,68.02,48.380589893153434,60.526830050677674,52.77319283504271,48.74967853516278
2015-11-03,66.47,71.85,64.87,69.68,48.59252432207728,61.398560522041706,53.43620488072731,49.16414034634767
2015-11-04,68.13,69.83,64.04,66.37,48.76941462733024,61.872030948513924,53.94341253246349,49.504850438499204
2015-11-05,64.66,66.63,61.35,66.16,48.94245527780457,62.28040895341736,54.42249439393551,49.8346553803111
2015-11-06,61.14,67.87,59.9,67.77,49.12979403125925,62.80322714832999,54.945925986330195,50.18981071931484
2015-11-09,65.02,65.02,57.83,57.94,49.217457772241744,62.34006265801285,55.06334065353293,50.34327981398187
2015-11-10,55.66,58.71,53.8,58.07,49.30554276953287,61.93339002391639,55.181248863198306,50.49628417410104
2015-11-11,56.72,57.86,52.79,52.82,49.34051249321911,61.06544811687673,55.08865086856308,50.54229834887132
2015-11-12,47.17,47.54,38.68,38.68,49.2344377420428,58.93350067717419,54.445174363913544,50.307401351863966
2015-11-13,35.62,41.37,32.88,33.86,49.08145826202247,56.54554823172903,53.63791262415223,49.981710235985474
2015-11-16,34.23,40.15,29.93,40.15,48.99258803055956,54.98406744775484,53.10897487418548,49.78702290457982
2015-11-17,38.65,45.95,38.03,38.23,48.885497602394786,53.38844197654009,52.52548566343311,49.55817096587527
2015-11-18,37.92,49.37,37.92,49.37,48.89031852177394,53.00573321686961,52.401741127612205,49.554444808135166
2015-11-19,48.29,49.43,45.23,46.94,48.87091236732843,52.4280443390725,52.187555201039174,49.50267362381566
2015-11-20,52.53,56.94,52.53,54.45,48.92642567710626,52.62061154487512,52.27627852648862,49.60064048275
2015-11-23,53.55,59.97,53.44,57.18,49.008550794746995,53.054839016791774,52.46858132937142,49.75072680982426
2015-11-24,53.96,62.11,47.74,61.28,49.13065476693857,53.838187681859225,52.81412715959215,49.979029249233676
2015-11-25,60.45,68.24,60.45,68.12,49.31960347572525,55.198360283586915,53.41435746705912,50.33825639281321
2015-11-27,69.09,72.15,68.2,71.42,49.53950791875286,56.743278351816734,54.1204610958019,50.75571666226245
2015-11-30,71.48,74.33,68.36,68.51,49.72826903398915,57.86391850878657,54.68475673910379,51.10728662934636
2015-12-01,72.25,72.25,66.49,71.32,49.94311212817831,59.14545007937832,55.337119219923245,51.507538379260296
2015-12-02,71.42,73.19,61.14,61.5,50.05810603735067,59.369692928961335,55.57880081914194,51.705408906403655
2015-12-03,64.15,64.15,42.75,42.85,49.98638358921782,57.79638884048883,55.079632159567744,51.53005427459368
2015-12-04,47.01,54.44,46.38,53.55,50.02184245897685,57.39197085568037,55.01964658468273,51.570053199849255
2015-12-07,46.02,46.02,37.71,38.85,49.91067984744474,55.6260688694251,54.38554279704812,51.318170958268084
2015-12-08,31.84,38.59,29.4,34.4,49.756344724584594,53.60453850090842,53.60179602069329,50.98315767196574
2015-12-09,35.34,39.76,25.1,26.05,49.5204606974743,50.98029673891714,52.5213334316465,50.489431777471374
2015-12-10,28.49,32.5,25.79,27.99,49.30622725769844,48.79074466854408,51.55932035589565,50.04389847494719
2015-12-11,20.7,20.7,15.19,15.77,48.97253345413925,45.64591184296845,50.15581759684092,49.36520741603734
2015-12-14,16.34,16.34,11.5,13.69,48.621463469520954,42.602491667447644,48.7257855342197,48.65876766522472
2015-12-15,19.31,23.16,17.85,23.12,48.367717564351594,40.74701627054787,47.72163708189736,48.15304949363611
2015-12-16,26.14,35,25.31,35,48.23470544928342,40.19968138763855,47.2227493531955,47.89259306801956
2015-12-17,36.51,37.91,29.01,29.01,48.04341484779801,39.133997445958684,46.50852388836431,47.51868033399937
2015-12-18,27.86,28.8,24.06,24.5,47.80915201349156,37.74028340348643,45.64544452019316,47.062864881840966
2015-12-21,25.7,29.4,25.59,29.38,47.62577736659115,36.944065936487725,45.00758395077382,46.71270914160649
2015-12-22,28.65,35.59,27.24,35.59,47.5060183878191,36.81510727586985,44.63826693309642,46.49245747543606
2015-12-23,39.24,46.08,39.24,45.77,47.48874457301493,37.66795420197748,44.682648621994595,46.478151386813565
2015-12-24,49.06,53.96,46.81,49.42,47.507961044925224,38.787196658932004,44.868427107406575,46.536405814797455
2015-12-28,47.86,47.86,39.3,44.93,47.482309691244375,39.37222554855753,44.87084173064553,46.504595798662855
2015-12-29,56.31,59.13,48.12,59.08,47.597709594814084,41.249156448694904,45.42806362356139,46.75361370363983
2015-12-30,59.44,59.44,49.68,49.68,47.618428902328375,42.05209392977158,45.59480622655899,46.81156194713211
2015-12-31,47.44,50.83,37.63,37.63,47.519041550066405,41.63094212693619,45.282460884340985,46.62974883926811
2016-01-04,22.44,22.44,14.92,21.76,47.262732678921466,39.73847144818036,44.36001143789624,46.1372785652232
2016-01-05,22.07,25.41,20.35,24.21,47.03335225425558,38.25956940549652,43.569814910919916,45.70307502927818
2016-01-06,18.11,23.27,18,20.31,46.767448251725675,36.550086604973046,42.65766530657012,45.20024186038158
2016-01-07,12.42,14.15,9.5,9.5,46.39662787111149,33.9738878806899,41.35736470631247,44.49330637799779
2016-01-08,10.6,10.6,6.53,6.53,45.99994500672232,31.36018427300515,39.99158569822178,43.741557736849316
2016-01-11,8.2,9.14,6.53,8.1,45.622831126058415,29.14492862795704,38.74093527868367,43.035784316317645
2016-01-12,10.98,10.98,6.22,8.89,45.25733031883395,27.215887806246844,37.570310365794114,42.35963017144007
2016-01-13,10.35,10.35,4.23,4.39,44.85069021615899,25.04199372946143,36.26912172399827,41.60775630665908
2016-01-14,5.54,9.67,4.55,7.47,44.47874304982905,23.368470517131772,35.13974440148853,40.93176113226979
2016-01-15,3.97,5.75,2.87,5.75,44.09338242246756,21.690520944071604,33.98720540535172,40.23509259499712
2016-01-19,6.43,7.22,5.07,5.91,43.71344826901017,20.187614187493356,32.88613852671048,39.55538779113579
2016-01-20,4.02,8.26,2.72,6.6,43.34416022653246,18.89355569344637,31.8553095648787,38.90280585467766
2016-01-21,6.8,10.52,6.7,7.85,42.99098450288537,17.841788484546715,30.913924876059927,38.28789880805038
2016-01-22,12.46,16.86,11.99,16.82,42.73057669688651,17.744475295542266,30.36122193974385,37.862791900960275
2016-01-25,16.4,16.71,11.84,11.84,42.42320777452943,17.18214431501443,29.634899510734286,37.347489091040266
2016-01-26,15.98,23.06,14.98,22.45,42.22446938871322,17.683844856441628,29.353138745607453,37.05248930705927
2016-01-27,23.39,26.96,17.05,17.2,41.97546969330313,17.637764393923376,28.87654506930912,36.65937070691948
2016-01-28,25.44,28.43,22.98,24.76,41.80417148739962,18.316072546883056,28.715111929336214,36.423739603812166
2016-01-29,34.52,50.47,34.52,50.44,41.890100129316046,21.37549420908467,29.567068324264206,36.701289314627765
2016-02-01,45.95,52.36,43.01,48.84,41.95925336186016,23.991161427267084,30.322869566449924,36.941659823249
2016-02-02,40.32,40.48,34.96,35.49,41.89488268164265,25.086288910384503,30.525502132471495,36.91291408417476
2016-02-03,39.28,42.33,28.69,40.7,41.882993301725804,26.57330901415741,30.924502048845163,36.98790588448813
2016-02-04,44.6,55.08,42.7,47.7,41.940873965390224,28.585374822332895,31.582364713596334,37.20002656004282
2016-02-05,45.7,45.7,31.5,31.55,41.83748218464007,28.86772007734881,31.581095509141576,37.08814484598257
2016-02-08,25.28,30.55,21.49,29.67,41.71641271016604,28.944127689029877,31.506150587214456,36.94125088863638
2016-02-09,25.61,30.46,24.35,26.19,41.56192104140817,28.681829813884175,31.297674093598204,36.72835483143566
2016-02-10,31.1,37.16,27.09,27.32,41.42021038427973,28.552131736371397,31.14168687424141,36.54205077536763
2016-02-11,18.35,23.89,16.98,22.22,41.2291635147844,27.949071571002694,30.79181680074175,36.25844580951876
2016-02-12,28.72,36.11,26.61,35.81,41.175241489761675,28.69773142138339,30.988608298751878,36.24956569447878
2016-02-16,42.1,51.18,41.09,51.03,41.27329878837101,30.824614143156403,31.774545228212588,36.54224756191485
2016-02-17,57.05,62.91,56.31,60.09,41.46052964619816,33.61179374857008,32.88495521926308,37.00853968940169
2016-02-18,57.34,60.62,54.91,56.13,41.606494525340466,35.75638482013483,33.79652560282139,37.387182467829376
2016-02-19,54.86,60.41,53.8,58.72,41.77677816190424,37.9433957896458,34.773916755651925,37.80961449816939
2016-02-22,69.08,69.08,65.48,65.59,42.01372564288032,40.576405714441435,35.98239060837146,38.359721141769995
2016-02-23,66.12,66.12,56.5,56.5,42.157867676284496,42.09293850354225,36.787002741376504,38.718934584507224
2016-02-24,47.46,65.11,45.87,64.95,42.38465506259012,44.269801503204896,37.89143400642056,39.23836162243777
2016-02-25,65.9,68.12,61.41,68.11,42.64062864405688,46.540296598137765,39.07647581009034,39.81007723387465
2016-02-26,71.39,75.93,71.33,74.4,42.95664228938965,49.1936016840294,40.4617120528319,40.4950261995405
2016-02-29,75.25,78.37,71.28,71.69,43.24254634621164,51.33611580935994,41.6863507958581,41.112748453014945
2016-03-01,75.71,81.64,75.66,81.64,43.62461056167222,54.22220001799233,43.25316056856954,41.91526828562851
2016-03-02,82.53,86.13,81.79,86.11,44.04735075508842,57.25913334961211,44.93382093842956,42.79041148789329
2016-03-03,86.64,87.75,86.11,87.69,44.48160597145569,60.15731112583953,46.61053384280488,43.67951225050926
2016-03-04,87.53,90.34,87.53,88.59,44.92049546427703,62.86518625671195,48.25678741759684,44.56882883960809
2016-03-07,88.16,91.45,88.16,91.08,45.37979401687129,65.55231137512034,49.936129087495004,45.48984212991288
2016-03-08,88.54,89.54,82.97,83.01,45.75422392715117,67.21494838701364,51.233143633083436,46.23281555308292
2016-03-09,83.12,83.75,81.63,83.49,46.129704286084994,68.76495330253614,52.49811839257036,46.97058158173475
2016-03-10,82.8,83.38,70.06,75.31,46.42005548721848,69.38829108324698,53.39270198501858,47.53175818407664
2016-03-11,77.01,82.69,76.48,82.69,46.78095045749491,70.65512050389013,54.541615632664914,48.227960992312745
2016-03-14,80.36,80.99,78.18,79.56,47.10711015443526,71.5032042654244,55.522728745109426,48.84839740830655
2016-03-15,72.13,72.13,63.48,63.74,47.272611545933415,70.76385147824112,55.844974676673765,49.143280627944044
2016-03-16,61.94,66.93,61.67,65.6,47.45497362010323,70.27205609936101,56.227524689353224,49.46915625907386
2016-03-17,60.29,74.3,60.29,72.66,47.70576990249027,70.4994793279933,56.87193548584918,49.928380887607055
2016-03-18,75.53,79.29,75.53,78.07,48.007901545251556,71.22048129675584,57.70323213346293,50.485640672010874
2016-03-21,78.34,78.92,75.31,75.9,48.285434863209254,71.66614974468385,58.41683087332713,50.98889531216908
2016-03-22,69.9,74.25,68.25,70.7,48.508465362082795,71.57413548328539,58.89852378025547,51.3792142168786
2016-03-23,65.18,65.18,48.08,48.14,48.50479904007202,69.34231305630583,58.47662088691212,51.31507136109883
2016-03-24,38.32,50.84,38.32,50.82,48.52783586554394,67.57828324141956,58.17636124428812,51.30526796780975
2016-03-28,48.48,53.74,41.74,49.33,48.535817598225094,65.84035150414151,57.829445117061134,51.2661537506254
2016-03-29,41.68,71.97,41.68,71.97,48.768993542521365,66.42412755136613,58.383976681097955,51.67613090407836
2016-03-30,75.79,77.76,70.7,72.61,49.0062174873719,67.01325826075983,58.94185994850588,52.09066296538374
2016-03-31,73.67,75.95,70.85,71.65,49.23152875615427,67.45485271211604,59.44021838189781,52.47797657002961
2016-04-01,60.61,71.76,60.61,70.84,49.446538420272134,67.77724769191451,59.88726864143123,52.84158099438546
2016-04-04,69.03,72.91,62.77,62.8,49.57940868474704,67.30322410220836,60.00149340059079,53.03877741033822
2016-04-05,54.51,58.18,49.14,49.14,49.57503645902816,65.57339323533138,59.575552482920564,52.96157389726221
2016-04-06,48.77,57.62,47.23,57.62,49.65508584749554,64.81592721291887,59.49886415025701,53.05381995870256
2016-04-07,50.82,50.82,39.44,41.83,49.57722429677419,62.62679128787897,58.805967516913604,52.831566098134196
2016-04-08,48.21,54.43,44.23,47.26,49.55416733859733,61.16328735570002,58.35318447703464,52.721238056586984
2016-04-11,53.48,61.45,45.82,45.93,49.518105972044125,59.71249808372859,57.866000772052885,52.58675809507041
2016-04-12,46.62,60.02,44.6,57.81,49.60061238028249,59.53130779004015,57.86380466334493,52.690188627841295
2016-04-13,63.45,79.52,63.45,79.45,49.89762121231948,61.42832609575061,58.71032212752748,53.220085882735525
2016-04-14,76.1,77.27,74.77,75.35,50.15087871269441,62.75419980091722,59.36285851468327,53.65830200386947
2016-04-15,73.49,78.44,72.69,76.62,50.41425305386163,64.07475220082986,60.039609161166275,54.11298909290176
2016-04-18,73.68,81.61,73.68,81.45,50.72306645631077,65.72953770551274,60.879232331316615,54.65431604155717
2016-04-19,81.56,84.76,78.47,80.23,51.01666778510369,67.11053411451152,61.63808596538263,55.16076522885307
2016-04-20,78.58,81.4,77.19,77.19,51.27709895142107,68.0704832464628,62.24796494713233,55.59698769956886
2016-04-21,76.07,77.89,70.16,71.49,51.47822234493926,68.39615150870443,62.610397694303614,55.911700814428876
2016-04-22,74.1,77.35,73.04,77.19,51.73406092857171,69.23366088882783,63.18214680433093,56.3330532735491
2016-04-25,73.84,73.84,66.32,68.12,51.89710509843667,69.1275979470347,63.375788106121874,56.56645815922139
2016-04-26,69.24,77.13,67.37,77.01,52.146984649696,69.87830290445997,63.910463082352386,56.971280769929876
2016-04-27,75.89,77.76,71.78,76.58,52.390099230296045,70.51655977070187,64.40730766735817,57.359572239832254
2016-04-28,72.21,76.31,66.4,66.5,52.53049625288016,70.13403026873027,64.48937403334412,57.54057080934052
2016-04-29,63.2,63.2,53.43,57.76,52.58253111603558,68.95555119551787,64.22547701242867,57.544915941828826
2016-05-02,58.56,64.26,56.54,64.26,52.69872483627403,68.50835584356379,64.22683085507853,57.67788790337677
2016-05-03,54.8,54.8,42.46,47.29,52.644906678699165,66.48756004893866,63.562641409781335,57.472187152814854
2016-05-04,42.05,48.1,39.05,40.2,52.52107676149818,63.983982901420696,62.64645939371148,57.13016364483832
2016-05-05,39.98,42.98,35.17,35.17,52.348429231533025,61.239794053666344,61.56895118219339,56.695308919197956
2016-05-06,34.68,38.59,31.69,38.59,52.211529438184435,59.08267081046002,60.66781584171522,56.33678795050097
2016-05-09,37.68,41.97,35.01,38.11,52.07121571243135,57.085273590416215,59.78319561262835,55.975861456431645
2016-05-10,39.72,45.93,39.13,45.87,52.00951207350169,56.01715229609086,59.237580098407626,55.775745387987456
2016-05-11,43.62,44.05,36.01,36.13,51.851506978242966,54.12313779170126,58.33140048670537,55.38672072683919
2016-05-12,38.12,38.76,28.79,32.22,51.65616860035,52.0371246686821,57.30742399703065,54.92797378175326
2016-05-13,32.43,33.88,27.56,28.89,51.429639559550495,49.832636604998086,56.193015212833366,54.41237034053042
2016-05-16,32.27,39.84,32.27,37.43,51.29033966343557,48.651433118807795,55.457210694683035,54.0760857793318
2016-05-17,34.31,37.8,22.28,23.8,51.01680394539143,46.28462996463563,54.21575145175429,53.476559328255924
2016-05-18,23.37,35.78,23.37,31.7,50.82459694095967,44.895617587051284,53.33278080658745,53.045340331656796
2016-05-19,31.11,31.11,18.16,24.61,50.563755180353105,42.96365400733212,52.20639724554481,52.48226428548537
2016-05-20,29.87,40.4,29.87,40.35,50.462125775573476,42.71473457806239,51.74144049081756,52.242021428347044
2016-05-23,42.52,45.37,40.1,41.2,50.36996532009513,42.57047414205645,51.32805066764824,52.02336753867681
2016-05-24,48.46,63.09,48.46,63.09,50.49653282934792,44.52471469995584,51.789303582642425,52.242508775534695
2016-05-25,65.89,69.44,65.89,67.99,50.67059717930466,46.75950377615052,52.42462501077409,52.55434028493005
2016-05-26,69.49,69.55,67.13,67.88,50.84183501831655,48.77097960699332,53.03071814760648,52.85781869512945
2016-05-27,69.12,73.15,69.12,72.51,51.05743864997509,51.031838692041575,53.7946115535827,53.24697080017639
2016-05-31,74.43,78.47,73.19,75.4,51.29965319077136,53.352615959466185,54.64188168873632,53.68564464571745
2016-06-01,73.3,81.21,73.3,81.05,51.595676542106965,55.990462058564646,55.677494171530974,54.22751306857453
2016-06-02,80.08,83.2,78.57,83.2,51.91014742228501,58.58184662441563,56.756808125588584,54.80122568107801
2016-06-03,80.78,81.21,75.34,79.54,52.18507132853093,60.57786123161414,57.65026663046746,55.291102400264585
2016-06-06,80.67,86.92,80.67,85.94,52.520941265560474,62.99330301907946,58.759667939076586,55.89801126362568
2016-06-07,85.89,87.45,85.02,85.02,52.84431498431112,65.09108368392904,59.789484882642206,56.47468430791032
2016-06-08,86.32,88.63,85.83,88.03,53.194421302875185,67.27574238069771,60.89695606371506,57.09954204438735
2016-06-09,81.78,82.27,79.63,81.56,53.47666586702568,68.6361478682503,61.70727151219682,57.58390754845889
2016-06-10,66.68,72.93,65.12,67.22,53.61341546038861,68.50127664270266,61.92345694309106,57.7747212603706
2016-06-13,61.67,65.17,53.36,53.36,53.61089391351907,67.0592502957786,61.58763510218553,57.68730103739296
2016-06-14,55.47,55.47,44.9,49.67,53.57168103875769,65.40313121999016,61.12027686288414,57.528542601008944
2016-06-15,48.43,56.68,48.38,48.56,53.52181356573522,63.799023484753,60.62771698590829,57.350947698018665
2016-06-16,36.96,47.11,33.89,47.05,53.45741741085229,62.203878390967,60.09525749626483,57.14696853568166
2016-06-17,43.17,47.54,39.5,41.44,53.33784111820699,60.226366163255854,59.36367877092111,56.83593945576717
2016-06-20,53.96,61.35,51.32,51.56,53.32015115683179,59.40099795723149,59.05765215245362,56.73146540713812
2016-06-21,45.89,46.16,39.79,45.3,53.24034865775884,58.05804577082849,58.51813638176917,56.50509975551162
2016-06-22,47.08,50.97,38.22,38.22,53.090892452209,56.16870807836864,57.72213103346449,56.14301857223416
2016-06-23,52.86,62.14,51.83,62.14,53.180933323331296,56.737402547095435,57.89538079685804,56.26177067971467
2016-06-24,23.21,29.58,21.05,25.05,52.90102353901954,53.7195546854673,56.60732664796165,55.64371581476983
2016-06-27,16.09,16.09,10.69,12.95,52.50350091674074,49.836739953518034,54.89527462255139,54.79829569962587
2016-06-28,17.98,20.35,17.49,19.06,52.17072976334033,46.905621862706795,53.48996973539251,54.0906066758709
2016-06-29,23.43,31.26,23.43,30.97,51.959777228381725,45.387943590068055,52.6068336673379,53.632772880309105
2016-06-30,32.16,46.48,29.78,46.48,51.90525208183066,45.49194896244253,52.366565680383474,53.491133813372294
2016-07-01,50.97,55.24,47.83,50.73,51.89355803126518,45.99081096601943,52.30238663409393,53.43645789627581
2016-07-05,43.39,43.39,36.2,40.71,51.78227884687448,45.487876588303294,51.84778323667848,53.18444882902283
2016-07-06,37.12,47.6,37.12,47.55,51.7401666195424,45.684269294179174,51.67924271759305,53.07287558488376
2016-07-07,54.59,56.54,46.4,50.84,51.73120973775591,46.17529126616211,51.64633123847175,53.02866022676725
2016-07-08,65.09,76.05,65.09,75.9,51.97169521300212,49.006215907480005,52.597455503629725,53.481558044058986
2016-07-11,80.09,84.44,79.65,83.65,52.28690222580807,52.30562391629143,53.81520234662464,54.07895293427564
2016-07-12,88.3,92.75,88.3,91.04,52.67250518873535,55.994612114739866,55.27499833303151,54.81085485636919
2016-07-13,90.89,91.49,86.74,87.18,53.015863346061366,58.96464905619321,56.52617486899106,55.4518280275302
2016-07-14,88.38,89.33,85.83,86.07,53.34476022819011,61.546111050841475,57.684756246677686,56.05812846262861
2016-07-15,85.97,87.83,85.17,86.97,53.67933972840712,63.96743380790419,58.83319717818052,56.67024473069537
2016-07-18,84.86,88.32,84.86,87.77,54.01855027837322,66.23434487381807,59.96797375942834,57.286081468701404
2016-07-19,86.62,86.62,82.16,82.61,54.30304231540433,67.7939310763116,60.85589635709782,57.78754520199445
2016-07-20,81.61,87.22,81.61,86.57,54.62410657097245,69.58212811666287,61.8642925783881,58.35749480195496
2016-07-21,85.62,86.52,79.55,80.41,54.88068262499262,70.61335401031403,62.59157522237288,58.794178073203376
2016-07-22,79.5,84.61,79.5,82.91,55.15958130534096,71.78446315218888,63.38837619404453,59.271719101456775
2016-07-25,81.06,81.31,77.45,77.64,55.38326706349677,72.34213332817089,63.947263402121216,59.63544743608139
2016-07-26,76.84,78.59,74.63,77.44,55.60273704296446,72.82764443977366,64.47639032752822,59.98801283338671
2016-07-27,76.89,78.14,72.13,75.83,55.80400334104442,73.11358306455712,64.92162992252712,60.30171554955727
2016-07-28,69.92,72.78,68.67,70.32,55.94844111874547,72.8475275345993,65.13333070987899,60.50009741986307
2016-07-29,64.66,71.82,62.25,67.26,56.06099394343457,72.31538205511364,65.21672950557002,60.63395687689548
2016-08-01,61.29,66.61,60.99,62.14,56.121481565887954,71.34629804986473,65.09607344652805,60.66377951299656
2016-08-02,58.42,58.42,45.55,46.37,56.02445189856569,68.96760299749666,64.36171762509558,60.380734374125346
2016-08-03,42.75,52.66,42.75,52.59,55.99027824783369,67.40783128344935,63.90008163979771,60.226462406320884
2016-08-04,52.64,52.84,48.41,48.41,55.91485259362639,65.59851401835894,63.29262745784486,59.99247305174027
2016-08-05,53.19,63.66,53.19,62.55,55.98087396085399,65.3081793499438,63.26350481243918,60.04311714972561
2016-08-08,60.73,60.73,60.73,60.73,56.028128946318134,64.87216226899677,63.164151682539604,60.0567187903251
2016-08-09,60.82,62.48,59.31,61.22,56.07978935481248,64.52433729099708,63.08791044008707,60.07975406180381
2016-08-10,59.76,59.86,53.87,54.53,56.06436856521236,63.57249564423545,62.752306109103266,59.96985794176809
2016-08-11,56.99,59.61,54.88,59.26,56.09616589292169,63.161781773355884,62.61535292835412,59.95580134886179
2016-08-12,57.75,59.41,55.03,57.98,56.11491051090257,62.66827874732199,62.43357438214416,59.91667656967641
2016-08-15,62.77,65.89,62.36,64.43,56.19764771974931,62.836061723767514,62.511865582844386,60.006049310870935
2016-08-16,60.75,61.76,58.28,58.28,56.21836764293589,62.402151083408704,62.345910069791664,59.971870116596264
2016-08-17,54.15,55.21,50.78,54.1,56.19728935793155,61.61147002784597,62.02254104744689,59.85559546082208
2016-08-18,54.15,60.85,54.15,60.79,56.242987971285466,61.533234787098735,61.97420610440976,59.87409852100382
2016-08-19,57.01,60.04,56.55,59.18,56.27221197157118,61.30911718832743,61.8646293944329,59.86035399583543
2016-08-22,55.19,61.35,54.84,61.35,56.3227372255854,61.3130107894391,61.844447849553184,59.88985193651196
2016-08-23,65.59,69.32,65.59,66.93,56.42828212881341,61.84796214282585,62.04388126721776,60.029260809056275
2016-08-24,67.84,67.84,59.61,60.23,56.46611016733268,61.69387051017577,61.97274866850334,60.03323584254031
2016-08-25,58.91,63.11,58.91,61.32,56.514407578603,61.658263794920934,61.94715068150321,60.058716320905845
2016-08-26,62.13,67.94,53.94,57.83,56.527498050457694,61.293667243023705,61.7856937920325,60.01458332445226
2016-08-29,61.12,64.81,60.41,62.13,56.58324433851284,61.37331798178335,61.79919599626652,60.05647276357202
2016-08-30,61.72,63.85,60.31,61.83,56.63545086250774,61.41681150732779,61.80040399641293,60.09159211478841
2016-08-31,58.84,59.55,51.46,54.67,56.61589413750766,60.774258030439434,61.52078031027909,59.984233855089634
2016-09-01,54.62,55.43,45.97,55.41,56.60389519086579,60.263376313254724,61.281141866738736,59.89365496687004
2016-09-02,59.15,64.27,59.15,64.24,56.67987633324524,60.64210237865903,61.39717551902349,59.979721205149836
2016-09-06,65.14,65.75,60.93,65.75,56.77012631997912,61.128568818786746,61.56787451827747,60.09398415158251
2016-09-07,66.92,72.5,66.71,72.14,56.92306038644699,62.177276550330866,61.982467674423454,60.332519118877904
2016-09-08,69,71.48,67.98,70.76,57.06074137762662,62.994678783632686,62.32668462836763,60.53900388880111
2016-09-09,57.46,57.46,34.41,34.45,56.83575887635671,60.27613794709624,61.233481309608116,60.022389950409014
2016-09-12,30.84,47.1,28.55,47.07,56.7385871462437,59.01841052356326,60.678050670015644,59.765906981093984
2016-09-13,39.5,39.5,25.92,28.54,56.45800418956466,56.11570475941438,59.41773495746601,59.14757218938915
2016-09-14,28.9,32.31,26.71,27.88,56.17364593892223,53.42659002042253,58.18096103756538,58.528412344054715
2016-09-15,29.56,38.72,29.56,38.72,55.99997782012698,52.02596239942991,57.41778609491576,58.13616655506353
2016-09-16,35.41,39.49,34.96,38.82,55.82903276719039,50.768251694722295,56.688461150017105,57.75366820743851
2016-09-19,44.68,50.43,39.74,43.89,55.7102364212482,50.11318010474874,56.18656071276153,57.47914012412289
2016-09-20,45.67,47.19,41.87,41.87,55.572522626011896,49.32811533286791,55.62512695931991,57.170048240476895
2016-09-21,47.68,54.43,41.61,54.43,55.56115424167347,49.814009110690016,55.57825923542501,57.11578985947735
2016-09-22,60.9,70.74,60.9,70.69,55.711690020363285,51.80219871919573,56.1708765203103,57.38458609988374
2016-09-23,68.85,68.85,62.48,62.53,55.77953390075768,52.82389407927233,56.420253911670684,57.48647548404446
2016-09-26,55.6,56.26,46.99,47.01,55.69227485696904,52.270189881246395,56.05122434650713,57.27902052396438
2016-09-27,48.54,55.43,47.01,53.54,55.67085918675045,52.391124178270545,55.95274496036959,57.20498051358884
2016-09-28,58.38,64.66,50.22,64.5,55.758711334145964,53.544350447006686,56.28793143251196,57.34943634500293
2016-09-29,61.49,62.36,45.94,45.94,55.661012713905706,52.82012659491081,55.882130199864434,57.12350691242861
2016-09-30,49.46,64.06,47.67,61.35,55.71761955257331,53.63249549063359,56.09655646653642,57.207199844855765
2016-10-03,54.46,57.01,51.71,55.23,55.71276761672681,53.78463877723991,56.06257386000558,57.168047372680405
2016-10-04,56.96,59.72,48.08,50.53,55.6611977896947,53.47467317940754,55.84561017922105,57.03660089005307
2016-10-05,57.74,66.37,57.74,61.52,55.71949432910072,54.24089478136872,56.068135270231984,57.125381070448064
2016-10-06,58.09,59.98,52.93,58.81,55.75024562930867,54.676047659333605,56.17565937728171,57.15873986113226
2016-10-07,56.36,56.36,44.55,49,55.68307900613147,54.13547169177802,55.89426097032949,56.99718065596132
2016-10-10,60.24,63.41,60.24,62.44,55.75031205084658,54.926379149703926,56.15095661855187,57.104959256833375
2016-10-11,55.85,55.85,36.22,38.63,55.579960687156564,53.374343040208316,55.46386028056944,56.739118479470335
2016-10-12,36.17,45.37,36.17,40.82,55.43309540668734,52.178691322093236,54.889591249958876,56.42388841056993
2016-10-13,28,31.47,25.54,26.62,55.146397939954134,49.74453024379864,53.780979828391864,55.83371240243983
2016-10-14,33,35.51,27.54,27.54,54.871707413188425,47.62981307772258,52.75192179590591,55.27344086971825
2016-10-17,27.04,28.62,25.86,26.44,54.588804851863166,45.611735641749,51.720081725478224,54.702481644575315
2016-10-18,32.53,35.9,29.51,32.02,54.36423962945657,44.3172846282491,50.94752950094966,54.25332359220749
2016-10-19,32.07,42.3,31.2,39.48,54.2161377425963,43.85659085413013,50.497822461696735,53.960782530975656
2016-10-20,36.62,41.22,33.6,38.87,54.06343985461027,43.381677439451074,50.04182942398314,53.661955154124655
2016-10-21,30.07,39.59,30.07,37.69,53.90052005506191,42.83961292140811,49.557443956375955,53.34567881443902
2016-10-24,51.2,51.2,44.65,48.07,53.842504930135924,43.337745024131145,49.4991128208318,53.241209927024386
2016-10-25,44.8,44.95,37.78,39.11,53.69591284127885,42.93510264088056,49.09169663177957,52.96138398787539
2016-10-26,36.81,40.7,30.72,30.97,53.46978435529597,41.79556905603479,48.381041861905864,52.525911037620425
2016-10-27,33.58,33.58,27.03,27.39,53.21028401345223,40.42361009831719,47.55786374967426,52.02817022499428
2016-10-28,30.22,30.93,25.29,26.11,52.9406294461542,39.060409136572694,46.7167710536086,51.51493913143003
2016-10-31,27.24,31.55,26.52,30.37,52.716046068580525,38.23275112356577,46.07572120836905,51.09622746546112
2016-11-01,31.6,31.96,20.77,23.15,52.42185655546032,36.79629863560712,45.176673317844774,50.5428368225807
2016-11-02,23.76,24.58,18.73,19.41,52.093380370828875,35.14046067031121,44.16621554067439,49.92634500431178
2016-11-03,22.8,23.62,19.92,20.1,51.775038277586795,33.708035844567284,43.22244238221658,49.33572431115709
2016-11-04,22.72,31.92,22.36,23.95,51.498172225073496,32.77869909746564,42.466660328012004,48.83303670103516
2016-11-07,38.2,44.21,38.2,43.9,51.42256852134142,33.83787061199272,42.52286972691349,48.73535280596516
2016-11-08,43.13,49.2,41.85,47.14,51.37995589923852,35.10474007751722,42.70393365919139,48.70376166129258
2016-11-09,45.9,69.29,45.9,69.29,51.55816529327595,38.36047911775368,43.74652449608585,49.11140994522738
2016-11-10,72.79,76.55,68,74.34,51.78485021573091,41.78710015415809,44.94626863349424,49.610985985915946
2016-11-11,76.04,82.74,76.04,82.74,52.0928616563704,45.687376329952556,46.42837574590623,50.26700606540276
2016-11-14,83.97,85.16,82.63,84.06,52.41094263491398,49.34191191757612,47.904125716655,50.93617426212746
2016-11-15,84.16,84.99,83.39,84.52,52.73043574302429,52.69220602066411,49.34004235521755,51.60120051436256
2016-11-16,84.37,85.55,84.11,85.55,53.056998571451906,55.82151973298181,50.76004069422862,52.2734539695237
2016-11-17,86.99,87.82,86.17,86.37,53.38847122248224,58.73089880603116,52.15650968661181,52.94863309884006
2016-11-18,87.66,88.54,87.1,88.08,53.733660563552064,61.52605130069486,53.565274012627036,53.6443037305462
2016-11-21,90.04,90.04,88.39,89.11,54.08566394102916,64.15309403396202,54.95918483566127,54.34659474578291
2016-11-22,89.93,91.17,89.73,91.07,54.45366728489952,66.7166088878704,56.375295234262786,55.073790889430775
2016-11-23,89.83,92,89.83,91.89,54.826168107935345,69.11407470807322,57.76802875448777,55.802824733204424
2016-11-25,91.74,92.62,91.58,92.56,55.20162912178674,71.347019973971,59.13241978372355,56.53068958997265
2016-11-28,91.38,91.38,88.02,88.23,55.530269628037615,72.95492283359282,60.27350136083243,57.158398707002895
2016-11-29,87.3,87.3,83.9,83.9,55.8125555023855,73.99731113515541,61.20003071923116,57.68793536627017
2016-11-30,84.98,86.11,78.12,78.42,56.037505198879174,74.41851959847395,61.87532363220249,58.098471299611354
2016-12-01,75.33,80.18,65.73,67.8,56.15454494814406,73.7881843986193,62.10766388192004,58.29058077882697
2016-12-02,65.78,67.33,63.46,65.32,56.24574350587397,72.98169064636984,62.23363784733494,58.42977719904822
2016-12-05,70.66,73.34,69.62,73.25,56.41494008790507,73.00724391814414,62.66565204940024,58.72324695748291
2016-12-06,70.4,76.92,68.49,76.25,56.612303868124926,73.31607783070184,63.198371576874735,59.070311374166415
2016-12-07,72.99,77.13,71.44,76.02,56.80541527242219,73.57359422777786,63.70118053464435,59.405948772697776
2016-12-08,73.58,80.68,73.43,80.47,57.04088377717421,74.2303947775133,64.35878129799163,59.82305869799089
2016-12-09,82.23,83.22,78.66,79.18,57.26117349083417,74.70178575108346,64.94000556081548,60.2063644663475
2016-12-12,79.02,79.59,73.22,74.26,57.430316043164176,74.65971091764695,65.30549553882271,60.48465427889508
2016-12-13,77.31,77.31,71.98,73.17,57.58692981387896,74.51783368739486,65.61390747847672,60.735849243669435
2016-12-14,71.51,71.51,60.79,60.79,57.618801159014495,73.21042095526201,65.42473463618352,60.736921535874
2016-12-15,59.7,70.42,59.7,65.56,57.6978180629049,72.48180943571325,65.43003916025475,60.832428040114124
2016-12-16,67.73,72.65,63.02,64.33,57.7638099229755,71.70544663231199,65.38690036965653,60.90168689080493
2016-12-19,68.01,71.33,65.11,68.1,57.86665758543345,71.362070762568,65.49329643359157,61.04422774445236
2016-12-20,73.75,74.01,69.81,72.76,58.01485004726993,71.49520688041866,65.7782652009017,61.276223234661224
2016-12-21,71.68,72.04,66.49,66.52,58.09947840500854,71.02137765371212,65.80735284008203,61.380060398331295
2016-12-22,65.07,65.28,55.73,56.46,58.08316518704826,69.63457978193001,65.44078998360823,61.28263345975048
2016-12-23,59.31,64.33,59.31,64.33,58.145322747376134,69.1293817074605,65.39722959209418,61.342977351636605
2016-12-27,69.73,70.24,66.51,67.13,58.23472252103409,68.93896440198807,65.46518137279637,61.45757185952499
2016-12-28,66.04,66.04,51.19,53.01,58.182735232267575,67.4219201732273,64.97674288758867,61.29029320884133
2016-12-29,55.97,56.85,48.85,53.21,58.1332552797077,66.06840396625327,64.51530199003618,61.130287402725656
2016-12-30,48.49,48.49,43.56,45.32,58.00576020229767,64.09236549327677,63.76254504925045,60.81721240465188
2017-01-03,48.18,57.06,40.6,49.84,57.92450885700118,62.73499735105994,63.216562890456316,60.59984186198551
2017-01-04,57.12,68.64,56.86,68.64,58.03113065941908,63.2973785557209,63.429246698673715,60.75905291422342
2017-01-05,63.54,63.54,45.7,49.03,57.94156717027063,61.93858059803319,62.864570357549255,60.526794440674436
2017-01-06,47.78,50.23,43.52,44.2,57.80483515862615,60.249191969649075,62.13262642195909,60.20349158046306
2017-01-09,35.46,40.76,34.78,34.89,57.576826848590066,57.8340308296825,61.06428813090187,59.70223432144399
2017-01-10,39.1,46.38,36.55,46.35,57.4651171287036,56.74031360780798,60.48725722380768,59.43783364181144
2017-01-11,43.65,47.81,39.95,47.68,57.367752779164256,55.87742659754055,59.98501184248189,59.20500525286467
2017-01-12,39.71,39.71,26.8,35.26,57.147775139570584,53.913862159679546,59.01540353493358,58.73084673300597
2017-01-13,46.71,46.71,42.34,43.9,57.0159564814654,52.96016100161483,58.42264261199501,58.43716659967912
2017-01-17,35.2,36.87,30.88,30.88,56.75589721299311,50.85728852527056,57.34253898015207,57.89148013235874
2017-01-18,31.35,34.73,30.98,34.7,56.53643554918224,49.31849914191146,56.45459627504807,57.432242902015
2017-01-19,32.67,32.67,25.69,26.26,56.23517748401625,47.12245160458656,55.2704944603403,56.814970765341435
2017-01-20,30.27,33.19,29.18,31.31,55.98716576775738,45.61650383272117,54.33086722660147,56.30992183929507
2017-01-23,32.1,32.1,26.36,30.13,55.72988053623741,44.141598705795346,53.381813609872,55.791507545447644
2017-01-24,33.78,45.62,32.84,45.17,55.624807098065894,44.23954168619579,53.05978170360251,55.581180663359575
2017-01-25,53.05,57.22,53.05,57,55.63849060952793,45.454823430367625,53.21430006816712,55.609276095768294
2017-01-26,56.42,57.1,50.26,50.26,55.584973290030135,45.91245929414214,53.098445163533114,55.50334983644615
2017-01-27,48.74,48.74,43.57,46.6,55.49557057072635,45.977939361366694,52.843604176727894,55.3270458792888
2017-01-30,37.25,37.25,28.31,33.29,55.27461961977385,44.769564184093674,52.07679616979739,54.89066873316427
2017-01-31,30.73,40.56,27.8,39.98,55.122434349925356,44.31341521417999,51.60241200627593,54.59540796617092
2017-02-01,48.19,48.19,37.21,39.15,54.96350465490122,43.821661384258086,51.11408212367687,54.289558303474465
2017-02-02,38.99,42.13,36.01,37.63,54.79103197176788,43.231979347662076,50.585294589415035,53.959666059841304
2017-02-03,45.32,54.78,43.07,54.75,54.79062369344183,44.328933695503785,50.74861637022229,53.97531623687415
2017-02-06,50.78,53.6,43.93,45.24,54.695592611915046,44.415701914979614,50.53259219884102,53.80233967772813
2017-02-07,46.28,49.21,38.75,40.53,54.554641441647235,44.045635065933936,50.14033368123941,53.53952107024836
2017-02-08,35.93,39.33,32.32,37.93,54.3892221238199,43.46319363108309,49.661497066288845,53.23042164311473
2017-02-09,42.22,51.49,42.22,50.44,54.349926381294324,44.12765138050374,49.69202659310105,53.175165768993644
2017-02-10,55.99,62.06,53.79,61.83,54.424354974515275,45.81358934426529,50.16802555023434,53.346548625053174
2017-02-13,66.52,69.19,62.75,65.26,54.532172337952936,47.66562845433526,50.75986768551927,53.582458553269944
2017-02-14,61.44,66.07,60.34,66.07,54.646976593296685,49.41842574439857,51.36026503118518,53.82973660172004
2017-02-15,60.77,70.16,60.77,70.16,54.80133503515443,51.39381376874156,52.09750953976615,54.15310815416123
2017-02-16,70,70,61.19,65.54,54.90818742286434,52.74106960028998,52.62466602840277,54.378591161009524
2017-02-17,63.71,65.39,61.77,65.39,55.0124840654229,53.945729638357605,53.12526736062227,54.596638860791515
2017-02-21,67.2,69.72,65.32,69.04,55.15206133840377,55.383279196609266,53.74937452295081,54.88264601206297
2017-02-22,65.94,66.1,61.54,63.07,55.23084679772313,56.11534784455124,54.11488924754097,55.044771833606276
2017-02-23,65.02,65.02,53.67,57.78,55.2562115062035,56.273886145070165,54.25861908097074,55.09893476759427
2017-02-24,51.1,56.88,51.1,56.78,55.27137358076864,56.32208746458729,54.35749676406993,55.13222318803795
2017-02-27,55.94,65.82,55.36,65.82,55.37633503767641,57.22665056319803,54.80700669489072,55.343862332829275
2017-02-28,59.62,59.62,45.89,46.13,55.28433170396819,56.16982670003631,54.46673192254206,55.16140961336731
2017-03-01,59.49,66.01,59.49,64.82,55.3792139755705,56.99365272860428,54.87274243538355,55.352668828944196
2017-03-02,62.13,62.13,50.34,50.36,55.329271547952885,56.361876278261015,54.69577214379988,55.253804099658176
2017-03-03,51.26,52.73,43.46,47.62,55.252562378321514,55.529316632712344,54.418290883258706,55.102639662041184
2017-03-06,40.3,40.3,35.56,38.48,55.08567121037802,53.90557219150165,53.79325986822895,54.77347848061463
2017-03-07,36.74,37.21,32.15,32.2,54.85795308888172,51.83837483993006,52.94646536359252,54.32647890674107
2017-03-08,34.42,36.16,28.04,28.05,54.5912072870023,49.57281533136529,51.97013338854968,53.8061525917561
2017-03-09,27.63,30.37,25.42,25.94,54.30612064733064,47.32207101409241,50.94934384390067,53.25434758993915
2017-03-10,29.11,29.95,25.47,28.21,54.0464577553174,45.50187377465504,50.057604869630055,52.75841991489085
2017-03-13,29.11,32.59,29.11,31.11,53.81823429506549,44.131219129449796,49.31456154140927,52.32973833241776
2017-03-14,27.68,28.9,24.63,27.44,53.55576430207976,42.54157921235934,48.45673559860891,51.83687222682533
2017-03-15,31.13,41.42,30.97,39.41,53.41501042842722,42.24333357308702,48.101961653565425,51.590795549066414
2017-03-16,42.69,45.8,41.21,45.48,53.33605510078118,42.551587518507304,47.999139627935406,51.46978969660965
2017-03-17,42.74,53.19,41.95,51.92,53.321965000275895,43.44381727864947,48.15289885821245,51.47870475212233
2017-03-20,49.39,49.39,43.48,44.8,53.23716932863136,43.57297753782571,48.02141262847863,51.34645317287239
2017-03-21,50.02,50.02,25.85,25.85,52.96466018108279,41.88507491517564,47.15194546657751,50.84157291202343
2017-03-22,23.21,26.17,21.16,25.22,52.688593910624256,40.29792492325415,46.29186917377055,50.33421503257742
2017-03-23,24.27,35.72,24.27,32.1,52.48373227967277,39.51717016865852,45.73532528460308,49.973141467575886
2017-03-24,35.37,39.54,30.46,32.85,52.28837175947702,38.88220158116723,45.23001841069708,49.634069359307055
2017-03-27,27.25,38.82,26.83,37.5,52.14122378177078,38.75056333534178,44.92688043380699,49.39379075813266
2017-03-28,36.39,45.58,34.75,45.56,52.07573896802182,39.39908111292828,44.951708652089074,49.31787410945677
2017-03-29,45.82,53.69,45.77,52.82,52.08314455042956,40.677263864077965,45.26026909710519,49.387223136992276
2017-03-30,54.2,64.46,54.2,64.35,52.20520281360936,42.93181016273721,46.00888599525793,49.68351574814094
2017-03-31,63.98,70.65,62.77,66.47,52.347141094070956,45.17354252819081,46.81128262289487,50.015921376890624
2017-04-03,69.38,69.75,52.08,52.64,52.350055113035424,45.88463371598216,47.03985977493821,50.06788332982348
2017-04-04,52.22,55.23,46.66,50.92,52.33582570892562,46.36419240969815,47.19202213670534,50.08475692725272
2017-04-05,56.27,62.26,38.01,38.01,52.19328017948357,45.568555037345945,46.8319428372267,49.84565282968336
2017-04-06,39.28,48.62,36.37,48.56,52.15712813789667,45.85345455759871,46.89970978478644,49.82019435780844
2017-04-07,45.33,50.79,44.43,49.25,52.128201489758396,46.17693507592264,46.991878028520304,49.808903380426095
2017-04-10,49.04,58.06,46.17,49.2,52.09906515652697,46.464846021072866,47.07847104700971,49.79684588774439
2017-04-11,46.54,60.13,46.54,60.08,52.1784774435267,47.761527352399256,47.58833492751913,50.00047270184846
2017-04-12,57.69,57.69,43.47,43.57,52.09282095155131,47.36233427121837,47.43075316565563,49.87313660874255
2017-04-13,40.97,44.63,34.28,34.28,51.915578952033385,46.11639767395948,46.915037355237764,49.56436162639121
2017-04-17,38.11,47.55,36.3,47.55,51.87214035549574,46.252931228820486,46.93993785111079,49.52447327735376
2017-04-18,43.15,49.68,41.02,49.65,51.85002950618732,46.57646158798044,47.04621479812605,49.526958955029926
2017-04-19,56.13,62.66,53.69,55.33,51.88465607826506,47.41013191293468,47.371069119768165,49.64187065889072
2017-04-20,62.34,69.83,60.43,69.76,52.06252019688929,49.53869077836947,48.24906640918902,50.04024945772456
2017-04-21,67.05,69.65,63.65,66.08,52.201997607865515,51.1140535613819,48.94831870686788,50.35786828034388
2017-04-24,75.42,76.48,73.13,75.73,52.43610708440416,53.45842941267886,49.99858071836326,50.86028673023806
2017-04-25,79.93,82.27,79.29,79.38,52.704205521375265,55.92715042099516,51.15079323921176,51.42503352765909
2017-04-26,78.36,84.07,78.36,82.4,52.99968606345113,58.4483741904242,52.37625232787012,52.03839920037871
2017-04-27,81.5,81.87,77.82,78.09,53.249340928491414,60.31900521990761,53.38463458952227,52.55427248353953
2017-04-28,76.97,76.97,67,67.37,53.389844998854684,60.99052853229736,53.933080291893944,52.84765322643973
2017-05-01,69.45,70.89,66.25,69.38,53.54895101876658,61.78952581493571,54.53884184907457,53.17502642987657
2017-05-02,70.34,70.34,62.4,64.3,53.65592663052015,62.02861859446564,54.92163236479714,53.39532293621564
2017-05-03,60.72,61.15,54.1,56,53.6792507436493,61.45446444261177,54.963921291667845,53.446900699854936
2017-05-04,57.98,57.98,49.86,53.87,53.68114874620005,60.732134495696364,54.92102241748479,53.455278903818204
2017-05-05,53.92,54.83,49.59,54.83,53.69258010195926,60.170026448487185,54.91745291091676,53.4825011037426
2017-05-08,54.14,55.53,50.08,53.26,53.68827582233777,59.51192869148841,54.85245475754747,53.47809514129225
2017-05-09,54.17,54.17,48.6,51.6,53.667496958433915,58.758411673251416,54.72490751215345,53.44090513849439
2017-05-10,49.67,53.79,48.34,53.13,53.662148729991785,58.22237246627509,54.66236211951998,53.434748601098455
2017-05-11,50.02,50.02,39.59,45.07,53.57665471277794,56.96976556472508,54.28619105600939,53.26911001493809
2017-05-12,41,41,37.74,38.16,53.423255163397066,55.178359320465546,53.653791406754124,52.969919717612584
2017-05-15,39.98,46.94,39.98,43.35,53.3230237687364,54.05184890899264,53.249721155508865,52.77942625785788
2017-05-16,43.14,43.14,36.38,42.14,53.211749900390764,52.9173871081362,52.81404581607715,52.568744549781485
2017-05-17,30.24,30.67,24.89,24.89,52.92994144367046,50.24811214545656,51.718985195838826,52.02065059830066
2017-05-18,25.05,28.54,24.4,27.14,52.673325110897615,48.04733956017498,50.75510342345299,51.52796444783926
2017-05-19,27.25,32.67,27.25,29.41,52.44184923914739,46.272354840158314,49.91804054410189,51.08998495382264
2017-05-22,31.4,35.31,31.4,35.1,52.269293525325025,45.208321045857524,49.33694091492143,50.773351588400416
2017-05-23,36.39,39.13,32.95,38.32,52.130494584774524,44.55229047006157,48.90490401629706,50.52675056684793
2017-05-24,40.47,42.4,35.85,38.07,51.99058916602055,43.93492947291285,48.48000581957953,50.280082238791536
2017-05-25,41.67,45.32,37.21,39.54,51.86670270665716,43.516364761206866,48.12941735606661,50.06740734297388
2017-05-26,39.17,40.3,35.3,39.44,51.74305392350634,43.128139545853834,47.78865589112282,49.85696363321202
2017-05-30,37.88,38.2,34.01,34.35,51.56998871033712,42.292126255772516,47.261649777745454,49.54989504641574
2017-05-31,36.93,36.93,27.04,36.9,51.424018673418345,41.77859042188942,46.855310570775046,49.29940207519959
2017-06-01,38.08,56.32,38.08,56.29,51.47243639806095,43.16062942932852,47.225298391528966,49.437829756878806
2017-06-02,60.11,72.55,60.11,64.37,51.6007703642494,45.18056948367819,47.89763963107685,49.73351629634655
2017-06-05,63.45,63.61,55.38,55.38,51.63837463923199,46.15194381856598,48.191065527897365,49.845327854834736
2017-06-06,48.16,57.48,46.33,52.1,51.64296792640381,46.71842535965494,48.344357075822955,49.88997482800632
2017-06-07,52.85,59.05,50.64,53.98,51.66622197688736,47.41000389683066,48.565362680692644,49.97096542547155
2017-06-08,54.2,73.7,54.2,70.4,51.852627728361114,49.59952733522774,49.4216229677243,50.37550076358102
2017-06-09,73.09,78.65,71.21,73.26,52.065636407680906,51.85290568425367,50.35646128271551,50.82865916430219
2017-06-12,73.31,74.93,71.1,72.33,52.26727186631095,53.80310514289618,51.21816868339333,51.25442828976155
2017-06-13,75.13,77.18,73.94,76.53,52.508692046745665,55.96757131976321,52.21078951933869,51.75493466026132
2017-06-14,77.4,77.4,68.77,71.61,52.698754812449685,57.45732643216671,52.971542871521486,52.14810427094921
2017-06-15,64.16,68.05,63.14,66.05,52.83160302327108,58.27567629576988,53.48442354322653,52.423389334890814
2017-06-16,56.5,62.27,56.5,62.27,52.92551742104948,58.656088077125126,53.828955953296074,52.61837172429892
2017-06-19,65.29,69.18,63.84,68.46,53.08008938700918,59.58979397454178,54.40272238650015,52.93206733371874
2017-06-20,64.03,64.03,53.72,53.72,53.08645665679018,59.03076597696637,54.37594895957858,52.947669960773815
2017-06-21,54.58,56.91,45.62,45.62,53.0121635557276,57.75355016963624,54.032578412144126,52.80256758531295
2017-06-22,47.24,52.48,44.33,48.54,52.96766441586961,56.876069201099455,53.81718318029534,52.71816030639586
2017-06-23,49.62,55.56,47.3,55.48,52.992662779890814,56.74311022956617,53.88239168302886,52.77285020131871
2017-06-26,58.5,60.23,52.02,56.43,53.026865140289914,56.71329020770273,53.98229789153753,52.84526900921339
2017-06-27,55.04,59.72,48.13,48.13,52.97814011401837,55.89583399744532,53.752796013438015,52.75189734566461
2017-06-28,51.16,65.6,51.11,64.59,53.09368100840625,56.72384980721243,54.1777844050679,52.98631522000788
2017-06-29,65.28,65.28,49.2,58.99,53.152350849118626,56.93967363509696,54.36649874212406,53.10520006713644
2017-06-30,59.64,59.64,54.6,56.05,53.181183178978145,56.854942812706774,54.43251839929567,53.16351293709413
2017-07-03,58.69,67.86,58.69,66.86,53.31729080903806,57.80780540197279,54.91987061893113,53.434730502696226
2017-07-05,64.13,64.13,49.82,56.3,53.3469695074556,57.664204887499196,54.97399333975736,53.491468512543825
2017-07-06,49.22,49.42,38.45,39.22,53.20640264668489,55.90761394583261,54.356189679374715,53.20886517566177
2017-07-07,41.71,54.09,40.96,54.09,53.215194660150715,55.734507855753314,54.34575086841885,53.2263133900051
2017-07-10,49.52,55.41,44.28,46.03,53.14370018592036,54.810269012348236,54.01964299122595,53.08381213475748
2017-07-11,45.23,49.17,41.04,49.17,53.10416088058782,54.27310053498174,53.82946091313866,53.006310904366245
2017-07-12,56.55,65.88,55.86,59.5,53.16780107083073,54.770900484031095,54.05183499497636,53.13489880725008
2017-07-13,60.19,60.19,50.92,59.13,53.227126433310026,55.18605281888528,54.25097872066356,53.25361368235404
2017-07-14,55.73,62.72,55.73,59.08,53.28536398123729,55.556904931372394,54.44035210416695,53.36898766884208
2017-07-17,55.68,64.42,55.33,61.27,53.364813095851844,56.10100922362264,54.708181433415305,53.52544335856798
2017-07-18,54.64,56.88,51.84,55.38,53.38486470683839,56.03234167851572,54.73452725955588,53.562167252457726
2017-07-19,57.48,64.47,57.48,64.47,53.49516456050169,56.835928185323745,55.116310504279184,53.77816394052787
2017-07-20,62.07,63.17,58.53,62.22,53.58197884348178,57.34869692957863,55.3948865629349,53.94532901101247
2017-07-21,66.26,66.26,53.84,54.66,53.5927054221536,57.092630555333045,55.36606748203549,53.959480911784496
2017-07-24,53.71,54.31,48.07,53.27,53.58949442292819,56.728570502444185,55.283868757249785,53.94582782442243
2017-07-25,60.15,68.29,59.91,64.15,53.69457408041149,57.43537331173522,55.63156017853411,54.1478906397804
2017-07-26,63.9,63.9,57.31,57.36,53.73104598010889,57.42819490109377,55.699342132317085,54.21149676572534
2017-07-27,57.41,60.5,48.17,51.57,53.70954303503318,56.87027157718008,55.53740714673602,54.15918989907732
2017-07-28,47.27,50.07,46.23,47.92,53.651935641649764,56.017864760305784,55.23868529784441,54.035641584244104
2017-07-31,49.62,49.62,41.88,46.13,53.57709051088708,55.076163354562375,54.8814819528309,53.87909422614026
2017-08-01,50.07,50.07,43.48,49.52,53.53672145107726,54.54700493984215,54.67122775860224,53.79277552859293
2017-08-02,46.92,46.92,34.53,37.5,53.37715208340485,52.923480659857184,53.997846277872746,53.470146310204946
2017-08-03,37.04,38.15,31.45,32.65,53.170911764166995,50.99267297796602,53.16067583560323,53.05786618525039
2017-08-04,34.09,39.59,34.09,39.45,53.034385278951405,49.89337078958831,52.62300227342271,52.788403488512756
2017-08-07,37.9,40.5,35.65,38.4,52.88876950503149,48.798764047722756,52.06523747838653,52.50348460755211
2017-08-08,37.9,48.15,35.9,37.75,52.738134982593365,47.74650080508249,51.50385561648902,52.211336397501576
2017-08-09,33.25,33.29,29.7,31.23,52.52412368923423,46.173500728407966,50.70880245505808,51.79586438963026
2017-08-10,27.57,28.12,23.02,23.02,52.2305503191921,43.96840542094054,49.62296706466364,51.2260452928059
2017-08-11,22.82,23.92,20.42,22.86,51.93830603740909,41.95808109513668,48.573438944480756,50.66434142562162
2017-08-14,26.61,34.36,26.61,34.21,51.7619049823105,41.22016860988556,48.01016682901092,50.33851288254001
2017-08-15,34.36,34.36,28.81,28.81,51.533527818307405,40.03824778989646,47.25721911022618,49.91220569674714
2017-08-16,30.81,34.46,29.31,29.86,51.31787082509042,39.06889085752537,46.574975223550645,49.51513231661353
2017-08-17,27.31,29.06,18.91,18.91,50.99540444872136,37.148996490142,45.4900742343918,48.90909009252218
2017-08-18,15.86,21.47,15.86,20.13,50.688285996495274,35.52813968155704,44.49556151931761,48.33920712039303
2017-08-21,19.62,22.18,18.87,21.68,50.39964633483861,34.20926923569447,43.600833616599274,47.811302028900094
2017-08-22,24.48,28.64,24.48,28.55,50.182236918571554,33.67029121324738,43.01060484732087,47.42989010753573
2017-08-23,25.55,31.56,25.55,29.45,49.9759460039589,33.26835871674763,42.47881642193574,47.07385267966374
2017-08-24,34.06,35.22,31.61,34.51,49.822055993969265,33.38661026753357,42.16631381715395,46.8250635176902
2017-08-25,37.72,41.58,34.76,39.49,49.719249466666085,33.96788548014942,42.0613603341283,46.67981473516168
2017-08-28,44.41,44.41,37.94,41.85,49.64094847694801,34.71856305346852,42.05307169357425,46.5841748394159
2017-08-29,38.69,47.26,36.94,45.56,49.60034202444107,35.75108085790009,42.19059829382624,46.563894149526476
2017-08-30,45.41,52.63,45.41,51.52,49.61944309882474,37.25288268095723,42.55645718426443,46.662034859436844
2017-08-31,56.44,66.46,56.44,62.45,49.74711033167225,39.65260813991368,43.33659611821484,46.974667832517305
2017-09-01,66.71,72.03,65.26,71.97,49.96823361195412,42.73045498373143,44.45947470181426,47.469624905140726
2017-09-05,72.2,72.2,57.55,59,50.05810193422323,44.27993546147129,45.029691380174484,47.69794916444487
2017-09-06,63.87,65.37,60.21,62.21,50.179016342837926,45.98756065561688,45.70342897310882,47.98531650772319
2017-09-07,63.72,63.72,57.95,59.3,50.269772399128094,47.255412021748604,46.236627836908475,48.209369646184115
2017-09-08,57.7,62.51,55.14,58.63,50.35295874341538,48.338706114915404,46.72264243153951,48.415718762101264
2017-09-11,66.09,72.17,66.09,70.55,50.55392432805801,50.45406743730441,47.65704861069482,48.854021360871535
2017-09-12,73.36,79.44,73.36,77.78,50.82483055364947,53.05653720518018,48.838340822040124,49.4268130170919
2017-09-13,77.28,80.9,77.28,79.14,51.10657353321515,55.54067651897254,50.026641181960116,50.01519295734751
2017-09-14,77.43,78.79,75.42,76.43,51.358547925919474,57.53013589811801,51.06206701796168,50.53825844334063
2017-09-15,73.06,79.04,73.06,77.93,51.62294048387052,59.47298009829725,52.11571144862985,51.08066916723487
2017-09-18,78.69,82.81,78.69,80.08,51.90609530492654,61.43555342226894,53.21235021535025,51.654913342141114
2017-09-19,80.43,80.43,75.85,77.05,52.15628341134518,62.92264357252904,54.14716001082671,52.157786345267034
2017-09-20,76.29,78.4,75.64,76.98,52.40328556645617,64.26143942276437,55.04256550059821,52.64931532852907
2017-09-21,75.78,77.59,74.71,74.71,52.62524292400387,65.25654043012014,55.81383744175122,53.0861605695483
2017-09-22,73.24,76.72,73.24,76.2,52.859817621277465,66.2987746748706,56.61329479697666,53.543860360250314
2017-09-25,75.75,76.36,72.12,73.94,53.06957067977222,67.02651042012101,57.29277343238934,53.947744313512686
2017-09-26,74.59,76.66,74.59,75.1,53.28877893171479,67.79541418963329,57.991096042883875,54.36660086175996
2017-09-27,77.21,84.77,77.06,83.4,53.58839307169772,69.28156521919203,58.98752364904529,54.941519656576595
2017-09-28,82.24,83.3,80.33,82.63,53.87736428491466,70.55284472212612,59.91467958437685,55.48980639605033
2017-09-29,83.29,83.69,81.42,81.66,54.153808421383175,71.61066903430459,60.76743724773462,56.00802805157408
2017-10-02,82.87,87.72,82.87,87.72,54.48780037738931,73.14489103103749,61.8244004929215,56.63598789213697
2017-10-03,87.67,87.67,86.06,86.78,54.80911579651977,74.44347283760534,62.8030514539834,57.23289902298574
2017-10-04,86.48,87.49,83.74,84.91,55.10862708212654,75.4402849483096,63.669990612650714,57.780960428471175
2017-10-05,85.41,86.98,85.41,86.41,55.42008352907055,76.48501971513726,64.56175568666441,58.34787210315491
2017-10-06,83.8,83.8,81.25,82.2,55.68655035962706,77.02930355179085,65.25345154208934,58.82019146744887
2017-10-09,83,83,76.14,77.13,55.89991801774023,77.03889368971552,65.71919854043877,59.182761933439984
2017-10-10,78.73,80.34,75.32,77.62,56.11603823646918,77.09423714783786,66.18589663689215,59.54785575654018
2017-10-11,76.31,77.27,74,75.31,56.307022930633664,76.92430980042472,66.54370461191598,59.859977424727504
2017-10-12,72.1,73.5,68.84,69.82,56.44148041391094,76.24770886705095,66.67218678399772,60.05720559453488
2017-10-13,69.62,70.53,66.96,67.15,56.548032847603366,75.38126040352229,66.69092455717427,60.197656968900525
2017-10-16,68.15,71.06,63.98,65.32,56.63531610285109,74.42304512699636,66.63716280983411,60.29908950416982
2017-10-17,63.01,65.42,57.23,58.27,56.65158161426551,72.88465987680623,66.30903877807592,60.25890951398824
2017-10-18,59.77,63.24,58.11,60.48,56.689675329546446,71.70326369806277,66.08044902207294,60.263287543414215
2017-10-19,52.53,54.19,47.66,53.99,56.66281288845643,70.01628620300917,65.60631376630538,60.13906402770304
2017-10-20,58.77,59.42,56.3,57.49,56.671043605984224,68.82330656462734,65.28802695194047,60.08660731428318
2017-10-23,56.13,56.13,43.83,43.83,56.54327202781523,66.44299165371045,64.4465356989232,59.76469429815876
2017-10-24,46.6,49.27,44.28,44.28,56.42124942057328,64.33223054383326,63.65569116171052,59.45806668829423
2017-10-25,42.42,42.42,30.9,39.22,56.250092709920814,61.94058953965867,62.697428763212066,59.05731289248642
2017-10-26,41.99,45.92,41.84,43.65,56.12471865310568,60.198628631119746,61.950470772497866,58.75221758768471
2017-10-27,39.52,49.24,39.52,49.24,56.0562139898907,59.154949713870245,61.45202093828226,58.563856843374126
2017-10-30,44.91,45.41,30.56,32.37,55.820530268598255,56.60400212207308,60.31154952893786,58.045166608851865
2017-10-31,36.4,46.07,36.4,42.39,55.68689315149778,55.250287634256594,59.60874366505794,57.73516330966668
2017-11-01,48.84,48.84,32.17,37.07,55.50165043357243,53.5188316690893,58.72487136446743,57.32595215501982
2017-11-02,37.17,44.28,36.97,43.87,55.385912618313,52.59989531965223,58.14232738939028,57.05949765690062
2017-11-03,41.91,43.57,41.3,41.33,55.24605279126511,51.52657195587582,57.483020432943604,56.74802245577387
2017-11-06,41.58,45.41,41.28,43.01,55.12430102219779,50.71546986484003,56.91545100420072,56.475982407144684
2017-11-07,42.25,43.06,32.72,33.43,54.90843733043463,49.06923463961717,55.99445292560461,56.01962631987449
2017-11-08,32.27,35.14,29.7,34.59,54.70626382465916,47.690259912034584,55.15506261479659,55.59527728383737
2017-11-09,32.02,36.81,31.51,34.79,54.50809204530932,46.46166372993605,54.35643270833398,55.18329159504851
2017-11-10,34.64,38.98,34.64,36.47,54.328608542370915,45.510076708037374,53.655003974673825,54.81273136544359
2017-11-13,34.46,36.07,32.13,34.71,54.133398507123445,44.48149797393857,52.91206264233367,54.41465747701896
2017-11-14,32.44,34.91,31.33,34.91,53.94212091003764,43.56992673832538,52.20609940145784,54.02842663588987
2017-11-15,28.6,34.3,28.6,31.63,53.72010975670393,42.432790858484864,51.399193542577144,53.58489343517918
2017-11-16,33.65,47.42,33.65,44.75,53.630854933254135,42.65347744339107,51.13844085463294,53.40994505032415
2017-11-17,41.47,50.45,41.47,47.9,53.57383150108245,43.15314625830621,51.011443174059096,53.30083722754545
2017-11-20,49.52,58.2,48.05,58.13,53.61916651102193,44.579513281324665,51.29060226527246,53.39646421313861
2017-11-21,62.62,68.48,62.27,66.51,53.74743351091226,46.66813106405565,51.88744139212452,53.656138189116064
2017-11-22,69.09,70.86,65.6,65.6,53.865369495878305,48.471166200812256,52.4251887885118,53.89265030418307
2017-11-24,68.43,68.43,63.73,66.36,53.98969417751135,50.174864657877755,52.97165197327604,54.139528515981425
2017-11-27,68.03,70.71,65.45,65.45,54.10372707126746,51.62963945236559,53.460998954716196,54.36349824833823
2017-11-28,66.66,75.67,66.66,75.67,54.31831685165285,53.91919759975934,54.33194017217831,54.78540917411371
2017-11-29,77.08,79.61,75.26,75.55,54.52957738049213,55.979274018829884,55.16402094973994,55.1965891904679
2017-11-30,77.93,80.21,75.96,76.51,54.74828805332305,57.9345812551318,56.0011181673972,55.618636929270515
2017-12-01,75.75,76.06,52.47,72.5,54.92492200304123,59.3217639927383,56.64813314122476,55.95292134651268
2017-12-04,79.74,79.74,67.03,67.05,55.04556954529953,60.05778646962037,57.056049488627714,56.1726654782649
2017-12-05,67.51,68.06,59.24,59.24,55.08730517171446,59.97990204394224,57.14169460672075,56.233404775725006
2017-12-06,56.51,57.27,51.64,51.69,55.05350114015511,59.19038756356679,56.92790266135915,56.14343636432451
2017-12-07,49.82,58.94,49.82,53.87,55.0417250094073,58.68368398608423,56.807984909933296,56.098417822456696
2017-12-08,56.81,56.81,50.22,50.32,54.99474267100524,57.887142654076214,56.5535541291516,55.98399370716052
2017-12-11,51.34,52.15,45.91,46.09,54.90613826631862,56.76360525844991,56.14321867310644,55.788073039691994
2017-12-12,47.26,49.84,44.21,44.21,54.799709029837835,55.568023805264204,55.675249313376774,55.55880426662878
2017-12-13,43.76,55.73,43.76,48.27,54.73473680068522,54.87297391904857,55.38484737951886,55.41447150887376
2017-12-14,47.05,50.55,35.75,36.35,54.55180409620079,53.108881164853464,54.638382776400476,55.03695722156933
2017-12-15,37.32,58.51,37.32,53.8,54.54432345842765,53.174702006295995,54.605505020463205,55.01246301916202
2017-12-18,62.06,68.66,62.06,64.89,54.647265513567675,54.290444672363044,55.008818549072494,55.20805781086178
2017-12-19,64.94,66,52.51,52.51,54.62599919004959,54.120878513090375,54.91082566479514,55.154630923517985
2017-12-20,57.63,57.63,52.51,54.23,54.622058899601335,54.1312710356532,54.8841266191169,55.13632140028
2017-12-21,57.58,62.45,56.62,59.74,54.67298368666998,54.66543569892433,55.07455302621035,55.22748335274971
2017-12-22,57.3,57.3,52.28,52.51,54.65146146093197,54.46015610855058,54.97398231930014,55.17367180121011
2017-12-26,50.91,53.35,50,50,54.60517826231573,54.03537933630766,54.77892418913151,55.071222854651495
2017-12-27,51.52,57.52,48.93,50.27,54.56204216020314,53.67677178046884,54.60210363269498,54.97614913475741
2017-12-28,52.61,55.82,50.02,55.79,54.57426064617127,53.87803161090038,54.64868780396184,54.99226499347508
2017-12-29,58.44,58.44,44.91,45.16,54.480586410885984,53.047742886052724,54.27658239988491,54.797566676772604
2018-01-02,50.68,58.88,50.68,55.17,54.48744624759359,53.24986261119056,54.31161838420315,54.80494159406424
2018-01-03,56.34,57.31,51.8,55.56,54.49811842423445,53.46987569583908,54.360574525999105,54.819893245666925
2018-01-04,60,60.61,54.84,57.44,54.527390877724656,53.84798277242583,54.481336309293255,54.87177654773293
2018-01-05,58.97,59.54,53.72,59.4,54.575874550583116,54.37674631790908,54.674225081477836,54.96144433886693
2018-01-08,57.78,59.2,51.06,57.76,54.60755739087582,54.69896095429869,54.79523586259635,55.016861282651746
2018-01-09,58.37,60.39,55.01,55.01,54.61156179494671,54.72858372055596,54.80365798563179,55.016725415668546
2018-01-10,51.82,58.09,50.4,56.68,54.63214326962385,54.91443289002682,54.877240025410934,55.04966154605135
2018-01-11,56.57,71.25,56.57,70.95,54.79451000325944,56.44162975764332,55.507544338139915,55.36451973325825
2018-01-12,71.76,75.3,70.24,72.41,54.969788510689696,57.96242692358205,56.170385736644235,55.702053995966004
2018-01-16,74.54,76.72,59.86,60.12,55.02103439615547,58.167910073717096,56.325272570501326,55.78953807525381
2018-01-17,63.56,68.06,61.48,66.93,55.13953156634298,59.00239482860118,56.74114423440324,56.010141281684426
2018-01-18,65.92,65.92,58.88,58.88,55.17675015772265,58.99073817825821,56.825020931093306,56.06697016719563
2018-01-19,57.46,70.01,57.46,70.01,55.32434468351646,60.04019168509076,57.34207893379553,56.34306976784522
2018-01-22,69.04,69.95,65.34,69.7,55.46738602994913,60.960173429367835,57.826703289332954,56.607563435808686
2018-01-23,69.25,71.68,64.74,70.46,55.6165662684571,61.86491881704709,58.32212668975127,56.881869110347125
2018-01-24,73.2,73.2,61.75,61.85,55.678590484691355,61.86349797732832,58.460474662702204,56.9802479398452
2018-01-25,65.19,65.19,56.99,61.09,55.732435355490445,61.78983150329705,58.56359330338055,57.061629168759154
2018-01-26,61.34,61.34,55.26,59.37,55.76863002857014,61.5593713601259,58.59521709540484,57.107339482249074
2018-01-29,56.18,57.44,51.62,51.62,55.72735012778835,60.612764563923434,58.321679170094846,56.99867929448177
2018-01-30,45.18,47.11,39.66,42.27,55.59344614641732,58.86583460545454,57.69220155558132,56.707022278749456
2018-01-31,46.27,46.27,34.05,36.28,55.40127255292063,56.71480273826839,56.85250737693107,56.30252678808115
2018-02-01,32.13,39.06,31.32,39.06,55.2386728260259,55.0333929536714,56.154761989600445,55.96109061405974
2018-02-02,34.24,34.24,22.88,22.89,54.916795484473404,51.972117434274125,54.85026151942004,55.306217532593216
2018-02-05,19.08,21.62,9.55,9.55,54.46538458413038,47.93191577386707,53.07378067552121,54.40015381907652
2018-02-06,7.62,13.31,7.62,12.25,54.045331006178834,44.53363808111782,51.47284810001058,53.56549730780768
2018-02-07,12.04,15.65,11.54,13.98,53.6466709961671,41.62376778767803,50.00254033138271,52.781626073989706
2018-02-08,14.24,14.24,7.57,7.57,53.18819665789678,38.38055180789917,48.33851914191672,51.88634634975229
2018-02-09,9.71,12.76,5.69,10.63,52.76473201453462,35.73764211190877,46.85975368537097,51.06938899629185
2018-02-12,11.59,15.46,9.05,13.68,52.37582920841985,33.63691429172698,45.55858687417995,50.32900505577122
2018-02-13,12.62,16.94,12.16,16.9,52.02283588296294,32.04292245441965,44.43472072225133,49.66704455961733
2018-02-14,14.61,27.69,14.61,26.52,51.76907632193843,31.51692983971302,43.73218265471206,49.208687241605105
2018-02-15,31.05,36.5,28.56,36.42,51.61634919435695,31.983888902597492,43.44543039374296,48.95544591008817
2018-02-16,36.67,47.88,36.67,43.73,51.53787805809469,33.10256614996916,43.4565899861452,48.851971733650785
2018-02-20,42.2,45.36,34.19,35.47,51.37799867443206,33.32803604044828,43.14339037884538,48.58698219437057
2018-02-21,40.87,53.97,40.87,43.37,51.298317095581986,34.28441356040559,43.15227703065537,48.48367561626422
2018-02-22,48.62,52.65,40.82,40.89,51.19475175134734,34.91351703084315,43.06356028435516,48.33330580208077
2018-02-23,49.36,55.63,46.5,55.63,51.238883574717015,36.88651540885809,43.55636184183143,48.477794796098976
2018-02-26,59.61,65.06,55.63,64.55,51.37133249437157,39.52113298896684,44.37964176960275,48.79605628528513
2018-02-27,66.85,68.94,50.94,50.94,51.36704062875594,40.60864413287476,44.63691071981441,48.83851061626959
2018-02-28,56.7,56.7,35.49,35.49,51.209060124987225,40.12115421545811,44.278208338645214,48.57418367337316
2018-03-01,37.12,44.97,32.12,37.65,51.074144103843075,39.88580619493829,44.01827859987481,48.3578632045935
2018-03-02,33.26,55.43,32.6,55.43,51.11748595355608,41.36620560494417,44.46579708615423,48.49790551737382
2018-03-05,52.83,66.05,51.65,64.57,51.25134181471472,43.57609078542568,45.254197200422695,48.81616481405949
2018-03-06,66.15,69.62,58.7,69.32,51.4311294583494,46.02789166300418,46.197954172955136,49.22218135239495
2018-03-07,68.3,74.93,66.92,73.55,51.65121772244543,48.64904483795617,47.27058342107454,49.70392033551584
2018-03-08,73.5,73.5,69.52,72.53,51.858966799834036,50.923421520055584,48.26114877711083,50.155921913030376
2018-03-09,74.32,79.42,72.38,79.42,52.1332059361541,53.637381375288385,49.48306451134178,50.73540860782185
2018-03-12,79.83,80.75,78.4,80.47,52.41516408604311,56.19286886335616,50.698238452073475,51.324212397765976
2018-03-13,80.67,81.85,76.07,76.72,52.65700324936607,58.14783373351272,51.71869968924707,51.82709928097853
2018-03-14,77.28,77.28,70.99,71.81,52.84758033146193,59.448992425559126,52.506593819080514,52.222800285315586
2018-03-15,72.22,72.22,63.06,65.83,52.97675863662151,60.056707432648736,53.029080335979316,52.49224978461627
2018-03-16,65.21,72.89,64.96,71.76,53.163656560635225,61.17130672477743,53.7636262051566,52.873789392841694
2018-03-19,67.19,67.19,53.12,62.99,53.26143112222094,61.344515608131964,54.12544478534654,53.07411039496364
2018-03-20,64.58,65.4,58.13,59.65,53.32499897175108,61.183133169262256,54.3420940094506,53.20432603070694
2018-03-21,59.24,68.56,59.24,64.9,53.440173111335646,61.537120486475374,54.75612953849175,53.435923535049376
2018-03-22,53.07,59.11,37.6,37.6,53.28255944853629,59.257394725858674,54.08334014482541,53.12234089079097
2018-03-23,40.21,40.21,22.33,22.33,52.9745737823817,55.74049999006261,52.838111119538134,52.512591566220856
2018-03-26,32.22,38.37,24.89,38.23,52.82786160544258,54.07283332434236,52.265244016811145,52.22976797085015
2018-03-27,35.77,39.05,23.93,23.93,52.54032069394564,51.202087293452614,51.1540579769362,51.66937652588282
2018-03-28,24.29,28.44,23.27,26.52,52.28141203032429,48.851412313123795,50.18801648764459,51.171369069924744
2018-03-29,28.83,36.27,28.47,30.68,52.06647260713699,47.120801616635816,49.42299623322715,50.76559938537178
2018-04-02,27.86,29.04,15.28,16.77,51.715263924478904,44.23024908171812,48.14248657702217,50.09241919952283
2018-04-03,19.56,25.92,17.85,25.25,51.45192796503135,42.42260631203068,47.24474200537424,49.60049010646297
2018-04-04,19.24,36.76,19.24,35.8,51.29618738826487,41.791881901361094,46.795928593398784,49.32721307465182
2018-04-05,41.26,47.07,38.48,46.31,51.24657358340651,42.22217886313623,46.77687257012824,49.267466281094364
2018-04-06,41.16,45.9,26.56,30.05,51.03566240347212,41.06292373331373,46.12091678306439,48.88692239434002
2018-04-09,36.46,41.36,30.09,30.09,50.827247852193786,40.01788337776004,45.49225337980696,48.51470610930358
2018-04-10,39.7,50.42,38.94,49.41,50.81314588351524,40.91237067511623,45.645890502167475,48.53243470119856
2018-04-11,47.54,55.18,47.54,52.8,50.83291557621658,42.04452584891468,45.926443815807964,48.616940944739184
2018-04-12,57.66,63.73,56.65,60.09,50.925025868990545,43.76314243473233,46.481877391658635,48.84413023296217
2018-04-13,64.44,64.44,52.6,55.21,50.96766242750805,44.853319345710204,46.82415670963281,48.97018706003223
2018-04-16,61.69,71.76,60.42,70.43,51.16131752773185,47.28919369373781,47.749876054353095,49.39513385092268
2018-04-17,75.13,79.18,74.27,77.01,51.418518348351434,50.119746675286585,48.89733189535885,49.94196288357768
2018-04-18,79.54,82.17,77.25,77.25,51.67554801652704,52.70358032525929,50.00920123279576,50.482716093803866
2018-04-19,77.6,77.81,71.78,73.8,51.895691817357616,54.71276315142507,50.94217373347043,50.94444448798597
2018-04-20,71.02,73.04,67.32,68.13,52.05722722216003,55.99059523224173,51.616206136079434,51.28475251792684
2018-04-23,69.3,70.56,62.71,65.65,52.1924786925863,56.9105385434568,52.16655099348809,51.569212864106504
2018-04-24,68.13,71.42,55.62,61.05,52.28061323295857,57.304772967889484,52.51492154276306,51.75695122323311
2018-04-25,59.58,61.56,54.2,57.86,52.33612951919779,57.35765173285239,52.72453246265471,51.877803674258196
2018-04-26,57.91,64.09,57.2,60.69,52.419252608559006,57.67501823448549,53.036903738629036,52.0523026114016
2018-04-27,61.86,62.11,55.52,57.7,52.4717973587226,57.677397450248776,53.2197702586828,52.164138203255035
2018-04-30,58.26,59.02,46.8,46.85,52.415859076546255,56.64621674070128,52.96997534657759,52.05890774378464
2018-05-01,43.4,51.26,36.15,51.26,52.40435799120748,56.13324371777735,52.90291748984906,52.04308778846217
2018-05-02,49.34,58.36,49.34,53.19,52.41217532462831,55.852934792274745,52.91417562750204,52.06579892136391
2018-05-03,50.1,51.62,40.51,45.3,52.34140741095042,54.84789338348667,52.615580504854904,51.93182270509927
2018-05-04,41.9,59.56,41.9,55.55,52.37333370536882,54.91476068029746,52.73065577917432,52.00346978024582
2018-05-07,57.53,64.33,57.48,60.38,52.45300202670843,55.435259663126274,53.03063006234395,52.16934166578551
2018-05-08,59.67,63.23,58.35,62.51,52.55307165828347,56.10904445711425,53.40237005989909,52.37410717735411
2018-05-09,62.56,65.26,59.72,64.44,52.6713495522309,56.90246879453194,53.835218292844225,52.61303574809958
2018-05-10,64.75,68,64.14,65.56,52.799594830318156,57.72699557600509,54.29501365390916,52.86941127784018
2018-05-11,65.36,67.75,62.87,65.51,52.92606652354882,58.46823409257603,54.73481704003037,53.1197199654077
2018-05-14,66.83,68.61,60.31,60.36,53.00003601087669,58.64840227423546,54.95541245022526,53.26309184728081
2018-05-15,56.75,63.1,56.75,61.28,53.082423712261004,58.899030629070175,55.203435491392895,53.4218425037703
2018-05-16,63.97,69.96,63.71,67.88,53.229663277313136,59.75436104534921,55.70055566820102,53.70814265221049
2018-05-17,68.8,73.01,68.8,72.24,53.41882085664336,60.94346951722071,56.34916132827157,54.075110124443945
2018-05-18,74.88,74.88,72.69,72.9,53.61266343518422,62.08218670605684,56.9982138252021,54.44788022098961
2018-05-21,75.69,76.25,74.58,76.25,53.83791056518238,63.43150225786095,57.75318583205692,54.87960536512843
2018-05-22,76.05,76.61,71.42,71.42,54.012856728712904,64.19231156663609,58.289139328839006,55.20713793215559
2018-05-23,69.03,74.27,69.03,73.07,54.20248004484512,65.03780570314694,58.868780923786495,55.560857973103005
2018-05-24,71.75,73.28,67.12,72.21,54.38165934788148,65.72087182665676,59.39196598559879,55.890543953833635
2018-05-25,70.02,71.09,67.98,70.92,54.54621995138515,66.21602689078469,59.84404575086943,56.18815694484683
2018-05-29,64.66,68.58,56.56,63.98,54.64008840958032,66.0030719488052,60.006240035149055,56.34245086673105
2018-05-30,68.16,76.15,68.16,74.56,54.83829648510689,66.81801747749041,60.57697572004517,56.70319441392449
2018-05-31,74.05,74.05,63.86,64.42,54.93363681858841,66.58963486058657,60.727682554553205,56.85600244533193
2018-06-01,66.61,69.72,66.61,68.48,55.06842650198554,66.7696696357688,61.031695003394255,57.0861806147313
2018-06-04,71.08,71.13,66.08,70.29,55.219884944751854,67.10493919426702,61.39476578757487,57.347642384736616
2018-06-05,70.13,73.35,68.55,73.35,55.400284099530445,67.69970689005112,61.86359850178762,57.664520753355696
2018-06-06,74.17,75.8,72.02,74.83,55.59361460600278,68.37878242433196,62.37208483505085,58.00443123348727
2018-06-07,76.46,76.46,71.15,73.28,55.76959854027141,68.84556505058606,62.79984621406846,58.30691774371524
2018-06-08,73.54,74.15,71.55,72.36,55.93467716176124,69.18027314100644,63.174754205673615,58.58519660027533
2018-06-11,73.49,74.31,69.71,71.91,56.093635597962624,69.44024712757725,63.51731286427465,58.849054093339184
2018-06-12,71.45,71.85,65.83,68.13,56.21340041788339,69.31546168685561,63.698202555871724,59.03283520040178
2018-06-13,68.13,68.13,62.05,63.92,56.29008300079003,68.80160819286937,63.706900494857145,59.12961074098788
2018-06-14,64.58,64.58,58.66,64.17,56.36849013511053,68.36050265069133,63.72506125976471,59.22942042928515
2018-06-15,58.96,64.43,56.61,64.17,56.44611709894027,67.96140716014929,63.74250983781315,59.327253688111185
2018-06-18,58.15,67.68,58.15,67.68,56.55789702830405,67.93460647823031,63.89692121672244,59.49265460517829
2018-06-19,62.78,69.93,58.53,69.1,56.68269407279853,68.04559633744647,64.10096352194901,59.68289906844208
2018-06-20,70.94,73.55,68.54,72.21,56.8371946292881,68.44220621007061,64.41896495246081,59.93096047302739
2018-06-21,71.39,71.39,61.1,62.46,56.89314294143448,67.87247228530198,64.34214279746234,59.98104046366051
2018-06-22,64.51,65.48,56.11,62.21,56.94604699176847,67.33318921051132,64.25852935442461,60.02517827626129
2018-06-25,56.78,56.78,43.16,46.74,56.844494285382716,65.37193309522453,63.5715282032707,59.76210543910761
2018-06-26,46.03,56.06,44.44,54.03,56.8164893671202,64.29174899091744,63.19735062667185,59.64859840070944
2018-06-27,53.33,53.33,37.2,37.2,56.62130041819363,61.71158242035388,62.17784668052786,59.20407169970529
2018-06-28,34.33,39.78,33.05,38.24,56.43840190656981,59.476193618415415,61.23910759501696,58.78894156703786
2018-06-29,39.43,41.31,35.32,35.32,56.22826855426563,57.1756037499949,60.222672003055514,58.324210050858895
2018-07-02,30.87,42.62,29.49,42.62,56.092862897009255,55.78935577380491,59.53237114019059,58.01323559440625
2018-07-03,45.59,49.55,45.19,46.8,56.000396599526574,54.933226652490156,59.03306246802625,57.791191325210086
2018-07-05,50.57,58.1,47.44,58.05,56.02079066321288,55.230062209395854,58.99451099869189,57.79631624946335
2018-07-06,56.51,65.04,56.51,63.55,56.095708169051555,56.02243723707244,59.17315762619417,57.91025058115715
2018-07-09,67.97,70.35,66.83,70.35,56.23754191861323,57.38696702401792,59.611465170264985,58.15658225281741
2018-07-10,72.13,73.07,59.54,63.02,56.30502906370166,57.92344635506383,59.745133202803615,58.25288755474182
2018-07-11,57.71,62.18,52.65,52.65,56.26866061530662,57.42121336886728,59.46689268504661,58.14193928633109
2018-07-12,56.17,56.17,47.59,53.39,56.24001722609959,57.03728828611801,59.22858316798596,58.047841478680965
2018-07-13,54.09,59.15,50.91,50.91,56.18698222882497,56.45373702077344,58.902364220221806,57.90649808306352
2018-07-16,51.56,51.56,41.04,45.53,56.08094260465755,55.41338111403311,58.37795778021311,57.66141891310186
2018-07-17,45.97,53.32,45.97,48.06,56.00113223048185,54.71305910317281,57.97333198491064,57.471291805911726
2018-07-18,48.11,51.73,43.94,50.79,55.94928016848701,54.339434426680164,57.691632691384726,57.33898899787387
2018-07-19,50.04,58.68,49.85,57.84,55.96809330113888,54.672821624139196,57.69745101721278,57.34891000781696
2018-07-20,57.1,59.68,54.71,55.56,55.9640326712768,54.75731480279261,57.61362940869463,57.31348604726613
2018-07-23,53.87,57.49,51.58,54.79,55.95235075414966,54.76042767871712,57.50289884364778,57.26351602652819
2018-07-24,57.07,58.81,42.02,45.07,55.844068657093445,53.83752980455358,57.01533418311257,57.02206026362664
2018-07-25,44.53,46.22,41.65,44.23,55.72850578488356,52.92252696602467,56.51394852887286,56.76875213959443
2018-07-26,45.87,53.18,45.87,49.85,55.670013190009094,52.629905350212795,56.2526172140151,56.63174714673118
2018-07-27,49.55,49.55,33.2,33.2,55.44643096921298,50.77943817400205,55.348593009543926,56.1677521537266
2018-07-30,34.24,35.83,29.33,29.33,55.1865659844447,48.73663453838281,54.328256028777496,55.636311517019145
2018-07-31,31.87,42.46,31.47,41.27,55.04809269106714,48.02552648710826,53.81616755706073,55.35183010084055
2018-08-01,39.88,39.88,32.42,38.77,54.886121619514235,47.14404777405033,53.22612177050933,55.02347702953678
2018-08-02,36.28,45.79,36.28,44.53,54.78307563325041,46.89509084318839,52.885097387352104,54.81568540518951
2018-08-03,48.07,48.07,36.95,38.95,54.62553259212354,46.1384155247895,52.33862298000496,54.50151341696794
2018-08-06,39.1,45.18,39.1,45.08,54.530552168321314,46.03761404623812,52.05397109843614,54.31494879484976
2018-08-07,47.83,50.82,45.93,47.13,54.45691483331314,46.14165080373925,51.86087419261512,54.17267258109036
2018-08-08,47.53,49.77,42.69,48.57,54.398338566315005,46.37292215576409,51.73182030270865,54.06172856958362
2018-08-09,50.17,55.06,50.17,51.92,54.37367848107804,46.901215283786556,51.73919989868086,54.019318102859195
2018-08-10,46.93,53.51,46.93,49.57,54.32588068524642,47.15538525675927,51.654133235987494,53.93121279389169
2018-08-13,49.12,50.92,42.49,44.46,54.22771271822904,46.89868189897267,51.37201036398798,53.743664025695814
2018-08-14,47.25,53.39,47.25,52.74,54.212909606604875,47.45499790859432,51.42565701638061,53.72378949053352
2018-08-15,41.83,41.83,41.83,41.83,54.08969657569338,46.91928382206153,51.04935674122843,53.48826890656256
2018-08-16,45.78,53.27,45.78,51.47,54.063629943099414,47.352685362817574,51.0658525552979,53.448303185640526
2018-08-17,48.17,55.06,48.17,53.71,54.06011123719793,47.95814389969209,51.16954461195289,53.45348530077636
2018-08-20,56.36,58.31,53.27,57.34,54.092746946280535,48.85165400448332,51.4115232546214,53.5304459878897
2018-08-21,61.08,69.13,61.08,66.56,54.216799215471774,50.53816314691348,52.00558116620488,53.788456958426536
2018-08-22,67.31,69.06,66.56,68.65,54.36041315362628,52.26309999006458,52.65830347341253,54.08274493944779
2018-08-23,69,69.25,64.9,65.98,54.47603093319219,53.56947141958224,53.180722945043414,54.31833414856764
2018-08-24,68.08,69.83,66.08,68.33,54.613881371667894,54.97523604628869,53.77481224131622,54.59579287829897
2018-08-27,70.58,73.68,66.83,66.83,54.73543479085528,56.10426118473739,54.286780388715584,54.83805440546137
2018-08-28,68.83,69.53,61.93,64.21,54.829709071543284,56.87623631000049,54.67592625582478,55.02363748654135
2018-08-29,64.51,66.96,61.46,65.96,54.94045823501052,57.741356661429016,55.11843895167478,55.24019912047122
2018-08-30,64.31,66.76,58.8,61.21,55.00284173515966,58.07170364605482,55.357323698667926,55.35841299927377
2018-08-31,57.6,66.06,57.6,65.51,55.10739057361579,58.78011282262103,55.75546786734762,55.559434524040626
2018-09-04,60.91,62.81,49.09,57.05,55.126720020644484,58.615340172847596,55.806233833333984,55.58895067207943
2018-09-05,52,56,48.34,55.71,55.132523801533594,58.33864110876687,55.802459957516966,55.591347688473896
2018-09-06,55.86,56.26,46.24,46.24,55.044040977637735,57.1863895745986,55.427461527810415,55.406172486721935
2018-09-07,41.58,46.84,41.58,45.04,54.94449828134283,56.02959056749397,55.02011009534726,55.20090174441061
2018-09-10,48.19,48.74,43.13,46.31,54.85858287555833,55.10391527535169,54.67853715043169,55.02484428412525
2018-09-11,42,46.76,40.7,44.28,54.753323344458245,54.073066201508674,54.27075137982652,54.8120750903802
2018-09-12,43.48,43.93,38.21,41.89,54.625330077349204,52.91277418231737,53.78523171787254,54.55619241532317
2018-09-13,43.9,43.9,39.28,39.73,54.47711783777359,51.657271879239524,53.234046160308914,54.26260444670291
2018-09-14,38.63,45.4,37.58,42.39,54.356848008542016,50.77467455740719,52.80878944813994,54.02750336855038
2018-09-17,41.09,41.09,34.67,35.24,54.16663061542219,49.29518174241603,52.11981731291877,53.655473598876114
2018-09-18,37.75,40.66,36.24,37.76,54.003380559547345,48.19659300504307,51.55668722221607,53.34071174543302
2018-09-19,39.02,42.08,34.05,35.3,53.81727727039762,46.96834605218182,50.919170076246814,52.98346992869177
2018-09-20,39.32,45.7,38.82,44.75,53.727055606015554,46.75707499959308,50.677241837962626,52.820430920202824
2018-09-21,44.8,47.41,40.83,42.26,53.612955550234304,46.328782142488976,50.347153922748404,52.611313476238415
2018-09-24,41.2,41.6,33.41,36.08,53.43849828107774,45.35270765272812,49.78765769048376,52.28396073413468
2018-09-25,38.04,41.75,38.04,39.74,53.30219481559438,44.818164066754015,49.393631898700086,52.035565472072605
2018-09-26,39.39,40.1,33.26,33.61,53.1062525786233,43.7507198699203,48.774665941888316,51.67070278945731
2018-09-27,34.07,36.48,33.56,34.07,52.916837130079784,42.82874654897551,48.198012375539754,51.32217402134924
2018-09-28,33.56,39.89,33.56,39.49,52.78323676062625,42.51077068716832,47.85652169414604,51.08787354567896
2018-10-01,41.15,41.15,28.7,29.61,52.552657290371265,41.282125859818954,47.14097182378737,50.66256911903185
2018-10-02,29.81,30.84,24.5,24.81,52.27661094917354,39.71335196840762,46.265247438540804,50.150637057268845
2018-10-03,26.43,34.44,25.3,32.31,52.07793820341062,39.008270828559276,45.71798283310783,49.79735711554075
2018-10-04,30.93,31.18,25.23,25.24,51.81089404218265,37.69700694012506,44.91492468278988,49.31107281622311
2018-10-05,25.04,26.77,18.55,20.77,51.5020294248475,36.084911041065524,43.968064891307925,48.74590305748602
2018-10-08,20.08,25.06,20.08,23.84,51.22678535096842,34.91872903715452,43.17872901321742,48.25271685832788
2018-10-09,23.74,28.76,23.74,24.82,50.964031267874205,33.95694531933028,42.45877885583634,47.78870266311347
2018-10-10,23.69,25.17,12.9,12.91,50.58538419058193,31.95247433653692,41.300003214430994,47.09803528364588
2018-10-11,12.32,13.65,7.55,7.55,50.157171412566186,29.62842916162864,39.97647367661017,46.31490587208853
2018-10-12,9.87,10.66,6.66,8.09,49.73859259254065,27.577150193854486,38.72602372850781,45.55797704293826
2018-10-15,8.83,11.9,7.7,10.77,49.35084540256512,25.9764692230112,37.6297090724879,44.86910621040483
2018-10-16,12.4,24.35,11.85,24.35,49.10208077169383,25.82156739224823,37.108936167684455,44.46278727554533
2018-10-17,22.77,22.77,17.44,22,48.83240832620434,25.457608592986492,36.51642886699095,44.017979606722655
2018-10-18,21.16,22.84,14.73,16.61,48.511787347834144,24.614979203178255,35.73578459769719,43.4752473372826
2018-10-19,16.41,20.07,13.6,13.79,48.16629692646266,23.584028802875565,34.87516559386593,42.88742065733641
2018-10-22,16.12,17.7,14.14,15.78,47.844045215751585,22.840787964506465,34.12633557057707,42.350640050260445
2018-10-23,12.61,16.62,8.85,13.51,47.50241292504759,21.952141491696324,33.317851822711305,41.77953826708697
2018-10-24,14.65,16.18,7.97,7.97,47.1090555825098,20.620508968677626,32.3238184178991,41.11004245981792
2018-10-25,8.57,16.6,8.57,15.85,46.79802020357935,20.16617478118452,31.677786323079527,40.60984359922747
2018-10-26,14.22,16.84,9.06,13.23,46.464010052299955,19.505586706785994,30.954343722174446,40.067668478450685
2018-10-29,23.48,24.43,13.18,16.74,46.168248758247216,19.242197496615898,30.396918478167606,39.605734449174435
2018-10-30,17.34,28.24,17.34,28.24,45.98985822333928,20.099131068366763,30.312333439808093,39.38067040067593
2018-10-31,35.97,35.97,30.77,30.97,45.840406897733914,21.1344519189985,30.338124285305813,39.21412247194968
2018-11-01,35.08,47.12,35.08,46.43,45.84627349576641,23.54355173623674,30.969178234901662,39.35701113587147
2018-11-02,52.72,53.86,46.33,50.89,45.89645982914187,26.14797538040467,31.750386931572184,39.585387152982925
2018-11-05,54.8,55.35,47.62,51.13,45.94853485571757,28.52721582036613,32.51037175778504,39.81399334797336
2018-11-06,52.08,58.37,52.08,56.22,46.05073848899401,31.164623837474117,33.440161100617,40.13886476682537
2018-11-07,59.99,66.33,58.65,66.33,46.25252218562093,34.5137072815242,34.72995870451437,40.65750110807635
2018-11-08,63.8,67.07,63.01,64.79,46.43697470118689,37.39716373090285,35.908783853356944,41.13537237326296
2018-11-09,62.56,62.56,51.66,54.63,46.518497340976076,39.03838623272162,36.64294919244099,41.40259272230726
2018-11-12,53.44,53.44,43.52,43.52,46.4886615465385,39.46520659151004,36.91263745940409,41.444521579291276
2018-11-13,47.99,53.54,43.18,44.14,46.46529177990628,39.91042501136623,37.19606344138824,41.49789738960234
2018-11-14,50.89,52.08,35.56,38.39,46.38494061791717,39.76562262933135,37.242884482902426,41.43635486703596
2018-11-15,34.62,49,34.62,49,46.410961109281175,40.6450871408236,37.7039478365141,41.58613001818376
2018-11-16,45.08,51.38,42.85,49.82,46.44488189426345,41.51888836550707,38.179087137042956,41.749176948516755
2018-11-19,48.58,49.87,36.77,38.1,46.361848243574265,41.193279949744486,38.17598568068833,41.67691601884316
2018-11-20,33.73,35.41,26.47,27.67,46.175859703837205,39.9053485259593,37.76398624222996,41.3995513452027
2018-11-21,28.76,38.89,28.21,33.64,46.05112478141096,39.308648666344126,37.60226129155428,41.245896863119484
2018-11-23,28.94,39.08,28.94,36.1,45.95210861443175,39.00306307907326,37.54334908404235,41.14399791533494
2018-11-26,40.22,44.85,36.74,39.68,45.88969957349213,39.067533262018664,37.62713931604069,41.11500785760554
2018-11-27,34.7,37.04,31.72,31.82,45.74970256281062,38.37729199896927,37.39940836247047,40.9309482960688
2018-11-28,34.31,54,28.49,53.95,45.83129756218564,39.86040704668648,38.04845117178535,41.18875130010704
2018-11-29,51.41,53.4,42.21,47.76,45.85048863121862,40.61274923271634,38.4292962238722,41.31887503673859
2018-11-30,46.81,54.22,45.92,51.89,45.910583271704006,41.686773115314786,38.95716696019094,41.52820424393188
2018-12-03,61.89,61.89,48.55,58.83,46.039134681935806,43.31946139004671,39.736493746065804,41.870814060883724
2018-12-04,56.44,56.44,23.59,23.7,45.816854734851866,41.45094125766131,39.10761163837695,41.510995960668204
2018-12-05,23.7,23.7,23.7,23.7,45.596786528534935,39.76037542359833,38.50339157412687,41.15830297134804
2018-12-06,17.62,26.14,17.03,26.14,45.403186662579365,38.46319681182706,38.018552688867,40.860910833301546
2018-12-07,26.79,30.12,18.32,20.16,45.152010675887034,36.72003521070067,37.31821728930358,40.45099180689954
2018-12-10,21.71,22.46,16.28,21.73,44.918955843291144,35.29241280968156,36.706914650507365,40.08027909785202
2018-12-11,24.47,27.46,19.44,21.64,44.687324441865364,33.99218301828331,36.116055252448255,39.7151250563104
2018-12-12,25.08,32.11,25.08,26.14,44.502773949906505,33.244356064161096,35.72483739941107,39.446310698759696
2018-12-13,27.19,28.59,20.45,20.6,44.264935403141266,32.04013167709813,35.1317065210028,39.073116427497126
2018-12-14,18.56,21.35,15.91,16.02,43.98389126977668,30.514404850707834,34.38222783390465,38.61661907249718
2018-12-17,15.52,17.57,7.83,7.93,43.62514608301273,28.36350915064042,33.34488556590839,38.00896324927941
2018-12-18,9.73,12.18,8.88,8.88,43.27942323641559,26.50793685057943,32.38547828881394,37.432152095828336
2018-12-19,9.28,12.73,6.34,6.54,42.91385683605324,24.606228579095674,31.37193012062516,36.82042631175253
2018-12-20,6.29,7.48,4.24,5.44,42.54098263867958,22.780873476324658,30.35499168452221,36.19903173132178
2018-12-21,5.34,6.24,3.69,4.34,42.16087335869272,21.024599811912786,29.33479593218801,35.568159815850066
2018-12-24,4.14,4.14,2.94,2.94,41.77061591233757,19.302256972682997,28.299705895631615,34.922057641278776
2018-12-26,3.59,8.94,3.14,8.5,41.439565007737194,18.273470594332235,27.523246840900963,34.398848579075235
2018-12-27,7,10.1,4.59,10.1,41.127728539998515,17.49504482344345,26.839982258904847,33.917683260677705
2018-12-28,12.69,19.85,11.55,14.64,40.86416905203833,17.22313579263931,26.36155158208505,33.535946958486065
2018-12-31,18.64,20.95,15,20.95,40.66601811619715,17.57807524095938,26.149333872983675,33.2867202860408
2019-01-02,16.2,33.04,16.2,32.92,40.588943309070814,19.03921093229658,26.4148501916902,33.2794584981984
2019-01-03,32.57,36.52,23.6,25.03,40.43412795276165,19.60976227207786,26.360542341035682,33.116102884372694
2019-01-04,35.2,59.95,35.2,59.6,40.62483314726153,23.418356341403776,27.66405048452448,33.640536490622736
2019-01-07,63.55,76.14,63.45,72.82,40.945183066194254,28.123274785079605,29.43487203415097,34.416367451204465
2019-01-08,80.23,82.41,75,82.4,41.35766880682914,33.29248671031012,31.51193587594897,35.366538392764774
2019-01-09,85.36,85.61,84.08,85.46,41.79649797293034,38.26082130932821,33.62754623375489,36.35848812756151
2019-01-10,83.78,86.6,83.34,85.46,42.23096067966735,42.75598118463028,35.660191479489995,37.33079529335237
2019-01-11,85.36,86.1,84.47,85.41,42.66060286195921,46.818268690855966,37.61116436264725,38.28285875288994
2019-01-14,83.44,85.12,81.34,81.34,43.0454724852233,50.10605262506016,39.32602066215128,39.13547541124856
2019-01-15,84.5,84.5,84.5,84.5,43.457955346066846,53.381666660768715,41.09754926363554,40.03378282884759
2019-01-16,85.49,87.12,84.9,85.19,43.87319957147912,56.411031740695506,42.82666497878709,40.92796534708823
2019-01-17,84.6,86.78,84.6,85.99,44.29227221255893,59.22807633681974,44.51934478354054,41.82028286496767
2019-01-18,87.07,88.86,86.13,86.98,44.71702572288172,61.87111668569405,46.18446851751934,42.71453468942376
2019-01-22,85.19,85.19,76.28,77.37,45.04193093956947,63.34720081086604,47.40743053644015,43.40078152725695
2019-01-23,77.07,79.35,71.38,74.8,45.33803112922549,64.43794359078356,48.481648946775834,44.02254822968751
2019-01-24,72.67,74.6,71.88,73.91,45.622329326944644,65.34004420118512,49.478839184157174,44.614378957812505
2019-01-25,75.54,78.21,75.39,76.48,45.929370826179024,66.40099237250082,50.537708235758856,45.2453813546875
2019-01-28,70.74,72.17,66.23,67.97,46.14868056920212,66.55042167035789,51.22132752063106,45.69537380310953
2019-01-29,67.02,67.02,63.86,63.86,46.32491260333941,66.29419103508572,51.71696173550827,46.05506937136479
2019-01-30,65.29,69.2,61.68,68.44,46.54496322420171,66.49855379364898,52.3727671576452,46.498335324407066
2019-01-31,66.76,71.52,66.61,70.43,46.78262528167234,66.87297724187289,53.080893935776764,46.972229674418806
2019-02-01,69.34,71.22,66.96,69.83,47.01195239329749,67.15459845693262,53.73772162456983,47.42485878977685
2019-02-04,69.21,75.67,68.37,75.62,47.29660958341393,67.96082717531999,54.59585018831219,47.98317841770206
2019-02-05,77.06,78.64,72.93,75.95,47.58171794576802,68.72170077767046,55.43326782798622,48.53697686487627
2019-02-06,74.86,74.86,71.93,73.27,47.837322742327544,69.15487213217804,56.132747521006365,49.02673969923516
2019-02-07,70.49,70.49,60.6,64.28,48.000931471259605,68.69059859578013,56.452247618221804,49.328784457666146
2019-02-08,60.85,62.84,57.77,62.49,48.145101307366474,68.10006539618202,56.68902222142879,49.589402587217315
2019-02-11,63.78,68.95,62.59,68.6,48.34863263764144,68.14767821559326,57.1561193892159,49.965850060737765
2019-02-12,72.97,76.45,72.57,76.45,48.6282482332868,68.9383755283939,57.91274215826626,50.49028867339642
2019-02-13,76.7,78.34,74.51,77.34,48.9139373055924,69.73853023997543,58.6745954069617,51.021966125408376
2019-02-14,73.91,78.39,73.77,75.06,49.174097133397446,70.2453368837873,59.3171602929632,51.497966796192365
2019-02-15,78.24,84.4,78.24,83.25,49.51316084351289,71.4838762281885,60.25570302657249,52.12671992894103
2019-02-19,82.51,85.14,82.51,84.05,49.85681098437346,72.68064992074198,61.18881271180494,52.75886408876398
2019-02-20,84.05,84.35,82.01,82.04,50.177041720847356,73.57201659495703,62.00650633094985,53.3386885622538
2019-02-21,79.81,80.85,76.42,78.7,50.460852250988175,74.06039596686588,62.66115314150083,53.84089274913986
2019-02-22,79.1,81.49,79.1,81.49,50.76959998978431,74.76797730335484,63.399539292814524,54.38839982341432
2019-02-25,83.28,83.58,78.05,78.13,51.04184277595561,75.08816994113057,63.9772044185865,54.85853051998037
2019-02-26,76.99,77.44,72.95,72.95,51.25983439012521,74.88453470864195,64.32907875511252,55.216777440376795
2019-02-27,70.16,71.61,68.77,70.41,51.45038330166625,74.45838854591415,64.56754625491203,55.51763333264656
2019-02-28,67.77,67.77,65.08,65.08,51.58600137826659,73.56520868439851,64.5876424802096,55.7069871280397
2019-03-01,67.52,68.17,62.1,68.11,51.750419275000255,73.04566500017009,64.72577414765236,55.95259134332604
2019-03-04,67.91,67.91,57,60.95,51.84195739166692,71.8936969049158,64.57770457323463,56.05154993058691
2019-03-05,60,60,54.96,55.66,51.87994786538167,70.34763053301906,64.2279906684019,56.04379646661489
2019-03-06,54.01,54.01,34.93,34.93,51.71129166771618,66.97452286320772,63.079049857876335,55.62570148707796
2019-03-07,32.13,33.43,27.08,27.08,51.46620418843543,63.17504449528318,61.66732241246942,55.06044007149226
2019-03-08,23.63,26.88,23.23,25.83,51.211117579595275,59.6183735909705,60.26193721982356,54.481619476017165
2019-03-11,26.18,38.93,26.18,38.91,51.088718399698806,57.64614753468759,59.42460634845793,54.173270575501974
2019-03-12,38.36,41.17,36.36,36.68,50.9453480673635,55.64937157900306,58.53266100145958,53.82686917796728
2019-03-13,38.23,44.24,38.23,39.98,50.836240126394706,54.15705047624086,57.80510566806901,53.552673748700606
2019-03-14,38.98,39.63,36.63,37.55,50.70403873210222,52.575426621360776,57.01078779873297,53.235789120013465
2019-03-15,39.45,44.56,37.7,38.97,50.587282127802695,51.279671705040705,56.303305924272856,52.95329824634983
2019-03-18,40.13,48.84,39.52,45.79,50.539547977277294,50.75684582837016,55.89101941743863,52.811450756323104
2019-03-19,49.09,49.09,38.82,40.58,50.440447997403886,49.78762241614443,55.290587283421424,52.56924381065334
2019-03-20,40.38,44.58,33.06,36.77,50.304423639220765,48.5478488527021,54.56428974289509,52.2563874975711
2019-03-21,36.22,48.79,36.22,44.78,50.24945424977578,48.189006104825715,54.18059210591881,52.10834022039147
2019-03-22,41.68,41.68,23.34,23.34,49.98169848609642,45.822434094842315,52.971157121372975,51.53867011701738
2019-03-25,22.14,27.75,19.93,26.91,49.752129346931284,44.021249895333526,51.949150959750504,51.05097367905664
2019-03-26,31.97,38.04,29.77,35.03,49.60564049770809,43.16494038149224,51.285654843681854,50.733726675510965
2019-03-27,35.88,35.88,25.96,34.03,49.45065900021846,42.29494605944536,50.6089624968708,50.402959810649364
2019-03-28,35.03,39.74,31.97,39.74,49.35403552757947,42.051617863307705,50.182728673464105,50.1918120916266
2019-03-29,45.56,47.11,40.1,43,49.2908112934742,42.14193997156411,49.90105303921061,50.049399971000334
2019-04-01,50.12,55.68,48.82,54.92,49.34682312139983,43.35889806951039,50.09787448865333,50.14584749632706
2019-04-02,54.87,54.87,48.12,53.28,49.38595920974411,44.30376492003321,50.22266372439242,50.20790992214236
2019-04-03,58.94,62.05,55.18,56.94,49.46112379472178,45.507215880030046,50.48608867637703,50.34121863655538
2019-04-04,57.49,63.5,57.49,63.49,49.6007146027345,47.21986198669385,50.99604598318577,50.60159054474241
2019-04-05,64.19,72.31,64.19,72.26,49.826180129075446,49.60463703558015,51.82992653286476,51.03046993989602
2019-04-08,70.11,70.51,66.64,68.95,50.01646689396027,51.44705255600108,52.501301962948496,51.385312119304025
2019-04-09,66.04,66.04,55.01,55.01,50.06615379053778,51.78638088400098,52.599682278126984,51.45708811694157
2019-04-10,59.17,68.85,59.17,68.85,50.25305773292049,53.41148746647708,53.236949639769065,51.80150221363579
2019-04-11,68.75,69.2,65.29,65.39,50.40367407388646,54.55229818395545,53.7135398499742,52.07058137772221
2019-04-12,69.1,69.1,63.94,65.67,50.5555778144448,55.611126928340646,54.18242064017129,52.33987679598514
2019-04-15,67.13,67.13,61.26,63.45,50.683880522758784,56.35768626849868,54.54585512487045,52.5598792356686
2019-04-16,65.86,65.96,62.55,62.85,50.80493643795521,56.976001861975,54.87150786507161,52.763644003279126
2019-04-17,64.15,64.15,56.42,57.88,50.87533508036362,57.062096922739286,54.98948794879429,52.86495798341221
2019-04-18,56.22,58.88,54.36,56.38,50.93010786563363,56.99713531104983,55.0440178331553,52.93456277581989
2019-04-22,53.81,53.81,46.18,47.86,50.89955952866215,56.126931948092704,54.7622916436198,52.8340763842195
2019-04-23,49.12,61.18,48.21,60.68,50.99687734429735,56.56055747684578,54.994358637987645,52.98944120829436
2019-04-24,60.08,63.44,58.82,60.48,51.09123677370733,56.93383771714618,55.209481828654795,53.13776910515982
2019-04-25,54.39,54.39,46.45,51.23,51.09261750232716,56.390615077417976,55.053423717727156,53.09999149911705
2019-04-26,49.57,59.2,48.36,59.2,51.17328797494082,56.65817554623531,55.21603455232609,53.220783746659286
2019-04-29,59.8,64.83,59.8,62.47,51.28569306971753,57.21168263707005,55.500503785568206,53.403936543755144
2019-04-30,62.37,62.37,52.66,57.24,51.34493990484472,57.21437952877766,55.56871932338906,53.47989819635405
2019-05-01,57.69,57.69,48.74,48.74,51.319020104796515,56.40729576413217,55.300926408746356,53.386038826129216
2019-05-02,47.58,52.71,43.29,50.32,51.309079606241326,55.8275533104053,55.10559596134454,53.325325186007845
2019-05-03,54.49,66.54,54.49,66.54,51.460631052945395,56.847786328461936,55.55400396286044,53.58700191499779
2019-05-06,56.1,67.9,56.1,66.04,51.60569940067728,57.7232352495608,55.96521949372866,53.833595936482986
2019-05-07,61.07,61.07,45.15,48.71,51.57688647131731,56.864831892459776,55.68070108220989,53.732138591206095
2019-05-08,46.5,50.72,45.1,45.1,51.51243983976191,55.744371712225515,55.26577162800558,53.56120515375647
2019-05-09,39.77,46,35.1,44.45,51.44216680653045,54.66871726344213,54.84162372102497,53.38078524972169
2019-05-10,41.73,47.36,36.26,47.36,51.401548231341096,53.97264895263812,54.54822671235733,53.261561779430174
2019-05-13,34.05,35.3,26.72,26.87,51.15745322406407,51.391444290482106,53.46280605697076,52.738956595679085
2019-05-14,28.93,37.41,28.93,35.72,51.00384672432214,49.89892578662667,52.76700974101112,52.40194755418049
2019-05-15,30.55,37.68,30.55,37.63,50.87077362258759,48.730456664090795,52.17340151587343,52.10943374122642
2019-05-16,39.04,45.42,39.04,41.55,50.778029606442445,48.0466036484631,51.756797534858784,51.90033604338035
2019-05-17,34.67,40.2,31.4,31.4,50.58521339145297,46.461212824799944,50.958491749178044,51.49438879499658
2019-05-20,26.53,31.7,26.13,28.29,50.363370472135024,44.730621127199946,50.069531288425964,51.03489594757091
2019-05-21,32.42,37.61,32.42,37.22,50.232590666442135,44.01532387699043,49.56562810064455,50.761333651579406
2019-05-22,33.8,34.3,28.41,30.32,50.034455435930276,42.71100731727706,48.81089758689379,50.35655476738972
2019-05-23,24.58,24.58,17.83,19.89,49.734510605722015,40.53757804896496,47.67674474034893,49.75325665318398
2019-05-24,23.52,25.86,21.56,25.86,49.4969532862621,39.13971347287306,46.821186123080345,49.28012285807143
2019-05-28,26.28,27.64,21.49,21.54,49.2187746465978,37.46355028498039,45.82976705943013,48.73081349454526
2019-05-29,17.86,18.26,15.03,16.34,48.89162266006449,35.451783591172735,44.67330560611914,48.089411247128524
2019-05-30,17.86,19.87,14.17,16.75,48.57180551916833,33.67066134439438,43.578274013722314,47.46882884619529
2019-05-31,12.51,13.62,11.6,12.64,48.21427511599253,31.667741216356823,42.36500836612536,46.779149067062704
2019-06-03,14.05,14.76,10.93,14.61,47.87990421931599,30.04319443384665,41.27657666549299,46.14213621424958
2019-06-04,20.76,32.56,19.95,32.51,47.726969848974534,30.278128297289825,40.93278934527758,45.872192922878305
2019-06-05,34.52,34.52,26.91,31.04,47.56093034798971,30.350687507071747,40.54483682193336,45.57848613232626
2019-06-06,31.19,32.61,23.99,29.38,47.380025568407724,30.258241077826817,40.10700008381833,45.25772403069604
2019-06-07,33.06,39.01,33.06,36.49,47.271667105040486,30.851741927557597,39.96515694327643,45.08410573305849
2019-06-10,42.03,50.05,42.03,45.23,47.251352009467944,32.22109983921878,40.17162137687344,45.08699472844347
2019-06-11,51.23,53.3,41.09,44.32,47.2221843277817,33.37337604500747,40.33430289150586,45.07180671401885
2019-06-12,44.42,47.3,41.7,45.18,47.20186408571422,34.49781642167342,40.52433022909386,45.07394915532541
2019-06-13,50.32,57.38,50.32,57.08,47.3001539953091,36.64850057199024,41.173572180894105,45.31169273640808
2019-06-14,56.17,56.17,51.43,51.46,47.34154549784334,38.059119565134026,41.576961507133554,45.43344139509306
2019-06-17,53.17,58.52,52.82,55,47.417749025227984,39.67253674940697,42.10335517352047,45.62287819915063
2019-06-18,60.85,71.36,60.85,65.89,47.60155251751427,42.169438011368214,43.036164774558884,46.024207343721905
2019-06-19,67.2,69.58,66.24,68.5,47.80949726858378,44.677110581714096,44.034746548105595,46.46927254483632
2019-06-20,74.72,74.72,69.31,70.82,48.03845749476703,47.166909573931804,45.08514864425832,46.95146516771085
2019-06-21,65.77,67.99,62.23,63.61,48.19339821621213,48.732918185938296,45.811613403307014,47.281337144587866
2019-06-24,64.01,64.52,51.87,51.92,48.23047883097619,49.036449787277505,46.05115797572635,47.37319185459603
2019-06-25,52.17,54.9,48.78,49.03,48.23843426549384,49.035835521822506,46.16797531001159,47.40599993668324
2019-06-26,53.69,54.5,46.2,46.2,48.21815133747897,48.7657559483156,46.16923118020721,47.382118749818225
2019-06-27,48.83,63,48.83,63,48.36523440874784,50.12139823895221,46.82926133000301,47.69138372506935
2019-06-28,64.57,72.46,64.57,71.76,48.59801814597423,52.1822174542901,47.8069373562774,48.167989987939265
2019-07-01,78.54,78.54,70.39,72.82,48.839032890790406,54.14772055388151,48.78784177367829,48.65614860203948
2019-07-02,71.45,71.6,63.86,67.94,49.0290922650114,55.46127097732137,49.53890680216149,49.03800704556345
2019-07-03,69.01,72.25,69.01,72,49.25765851113069,57.03638802710029,50.419733986390455,49.49269997535427
2019-07-05,67.64,74.64,64.85,74.59,49.509721610522426,58.70816059594788,51.367587555551616,49.98967621346607
2019-07-08,70.99,72.61,64.09,65.36,49.667435823353046,59.34166911061951,51.91630961219665,50.29403906072417
2019-07-09,60.44,64.55,58.21,64.55,49.81552103904107,59.837700623893845,52.411748450934034,50.57633531694745
2019-07-10,68.45,68.45,59.38,61.61,49.93287903865261,60.00649104066586,52.77246419795623,50.794823726512845
2019-07-11,61.96,61.96,52.18,55.17,49.98498969498442,59.545872846316726,52.866485209801084,50.881460880443285
2019-07-12,56.84,67.03,56.84,63.59,50.120362931850245,59.93102781333418,53.28701520157359,51.13311512043451
2019-07-15,65.06,65.06,52.73,55.47,50.17359315143383,59.50616802158807,53.3726224485707,51.218994028940756
2019-07-16,52.73,61.3,52.73,55.98,50.23136834395687,59.17034249572254,53.474872548626756,51.31327137490233
2019-07-17,54.46,54.46,45.63,46.11,50.1903597037185,57.92650035327277,53.18605401730806,51.21023629817159
2019-07-18,44.39,50.07,42.51,48.75,50.176027766368065,57.05254793867537,53.01209111466853,51.16151874771274
2019-07-19,47.69,51.64,42.36,42.36,50.09825634580719,55.65325765880152,52.59436205134819,50.98723124775803
2019-07-22,43.17,45.35,38.2,39.08,49.988621954306616,54.074852167487094,52.06438706894238,50.751444490376684
2019-07-23,40.81,45.58,39.34,45.25,49.941471487099584,53.23439005629785,51.79715620349366,50.64250499551774
2019-07-24,41.84,60.48,41.84,59.26,50.03419316384486,53.80825766998377,52.089816744533124,50.81314846095303
2019-07-25,56.93,56.93,47.38,47.45,50.00847979903048,53.2027093204615,51.907863146708294,50.746551461726234
2019-07-26,49.33,58.13,49.33,56.99,50.0779476617267,53.56340367089374,52.107162631151105,50.870184106048484
2019-07-29,57.54,57.54,51.47,51.47,50.09179892877419,53.364031892713385,52.08217586130204,50.88206164850297
2019-07-30,45.27,61.26,45.27,59.97,50.190089486696834,53.993171712454966,52.39150229811373,51.06202082378014
2019-07-31,61.71,66.86,51.82,51.82,50.20630750175458,53.786202977935446,52.36909044328574,51.07703031241815
2019-08-01,52.97,58.42,37.76,37.76,50.082463646015725,52.259897932417786,51.79618493570591,50.813326741875215
2019-08-02,34.76,34.76,27.21,31.11,49.89368291321955,50.245621938854185,50.984961997050775,50.42316185589749
2019-08-05,21.36,21.41,14,16.66,49.562999501147715,47.04699127801093,49.63888505598996,49.75458439340447
2019-08-06,20.92,21.22,16.76,21.17,49.2804820931761,44.582515918200365,48.522458191049175,49.18855301927765
2019-08-07,19.51,25.17,17.56,23.93,49.02823849025892,42.61560964027652,47.55804806590999,48.68838365255928
2019-08-08,28.59,39.2,28.59,37.97,48.91820626647525,42.17317062691685,47.18204618097235,48.47613843171652
2019-08-09,35.92,37.17,32.36,32.81,48.75792560710734,41.28144009102001,46.61843652681657,48.165917868712235
2019-08-12,30.56,32.01,28.1,30.24,48.57366764086746,40.22987436806572,45.97614489831396,47.81094919804467
2019-08-13,28.53,38.71,28.53,36.2,48.45054656981406,39.84607680920232,45.59276666700753,47.581029411944776
2019-08-14,26.98,26.98,21.41,21.81,48.18546650444277,38.128355208325914,44.66010915065429,47.07071199784686
2019-08-15,22.61,23.82,20.96,21.66,47.921531514348814,36.55994042658059,43.75814408592275,46.56752958204791
2019-08-16,24.47,32.19,24.47,32.04,47.76350632515131,36.12946990976339,43.2986090237297,46.27985572893805
2019-08-19,39.91,41.97,38.76,39.51,47.68138188410503,36.451425156452586,43.150036120838344,46.14579917985017
2019-08-20,37.46,38.71,33.7,33.75,47.5427611688403,36.19414657012377,42.78140725335449,45.90033780995215
2019-08-21,39.46,42.42,39.11,41.52,47.48283319701105,36.70137070630246,42.73194030224255,45.81359844737884
2019-08-22,45.03,45.23,37.36,38.61,47.39454629952835,36.88314492474985,42.57029558450755,45.67095293356935
2019-08-23,35.8,38.36,19.85,20.01,47.12206325177185,35.27617874144034,41.68557811060529,45.162815251716495
2019-08-26,25.17,28.83,23.01,28.78,46.939555159714416,34.65749505177936,41.179477008228616,44.83840306851419
2019-08-27,34.25,34.25,22.16,22.26,46.693987446682435,33.47678123732418,40.43753673339612,44.391305978048564
2019-08-28,21.31,33.4,21.31,31.99,46.547679113879624,33.33518302424569,40.106260783066865,44.14573556264166
2019-08-29,43.68,50.45,43.68,47.74,46.559543003293754,34.707070355269906,40.40562310529954,44.21690911585668
2019-08-30,54.51,54.51,45.18,48.62,46.580045062962476,36.03211127381563,40.727755532542695,44.304099034354564
2019-09-03,41.17,44.53,32.54,33.9,46.453875460345934,35.82905305726176,40.460000413619454,44.09807727129804
2019-09-04,41.87,44.28,40.37,43.55,46.424981177158415,36.56438133752255,40.58117686798732,44.08722425602481
2019-09-05,56.34,68.84,56.34,63.2,46.59189678733594,39.10110692442516,41.46818953983095,44.465695062836204
2019-09-06,67.36,67.92,60.64,60.64,46.73167890885499,41.15243007447991,42.22002524415131,44.78597832891865
2019-09-09,64.35,72.74,64,72.74,46.990468173443496,44.160770067386586,43.41688699928263,45.33952331250442
2019-09-10,72.28,79.21,71.03,78.01,47.29912023141918,47.384506251445,44.77347966597743,45.986463444930074
2019-09-11,79.21,85.69,79.21,85.59,47.68012401021103,51.02312470368834,46.37412752221361,46.77069189156512
2019-09-12,85.69,86.04,84.08,85.13,48.05275959219898,54.271398541432305,47.893965658597395,47.53028215113809
2019-09-13,85.63,86.84,84.12,84.27,48.413130143520384,57.12840820415304,49.32047680924063,48.257801316462086
2019-09-16,82.87,85.53,82.87,84.12,48.76842238089829,59.699035994233704,50.68516399319198,48.967943864650955
2019-09-17,83.77,84.88,82.47,83.72,49.11619927263065,61.98674685192573,51.98064775816484,49.65610339208361
2019-09-18,83.07,83.07,77.59,81.61,49.43952067290299,63.85562810412328,53.142583140197594,50.288853819963144
2019-09-19,81.61,84.02,79.05,79.08,49.734450815461166,65.30556828468296,54.15973674254278,50.858975526498526
2019-09-20,79.03,80.64,75.81,77.11,50.006844339685436,66.42979987661792,55.059747066364636,51.378797793300535
2019-09-23,73.13,75.55,71.37,74.08,50.24637822685275,67.15839036455907,55.8056393382719,51.82832654986884
2019-09-24,74.08,74.08,57.57,58.71,50.33059336887411,66.35378175841059,55.91953583481026,51.96459731125758
2019-09-25,56.24,64.9,54.22,64.35,50.4700899522684,66.16294540046673,56.25014227266084,52.20985281004456
2019-09-26,61.32,61.32,50.98,50.98,50.475163684086624,64.71695060042228,56.043470026674136,52.18549928905358
2019-09-27,51.08,53.7,41.51,44.19,50.41262474195641,62.762002924191584,55.57862806484378,52.02717257045846
2019-09-30,43.03,47.57,40.26,41.42,50.323145888802614,60.72943121712572,55.023387748575395,51.81712954926127
2019-10-01,45.1,48.94,21.31,21.31,50.03445787000856,56.97519967263756,53.70129411137636,51.21302797402837
2019-10-02,16.86,16.86,12.57,15.7,49.69282147329206,53.044228275243505,52.21104728347925,50.50979969731494
2019-10-03,13.98,16.78,10.83,16.33,49.360853100423476,49.54763510617269,50.803947390009476,49.83297198053643
2019-10-04,17.08,21.77,15.43,21.68,49.08542172628991,46.89357461987053,49.661831806087534,49.27548738686244
2019-10-07,19.29,24.93,17.79,20.85,48.80447225637658,44.413234179882856,48.53195604898606,48.71260644850872
2019-10-08,16.1,18.35,13.5,14.35,48.46164168666139,41.55006901989401,47.19148718431994,48.03215879606301
2019-10-09,18.45,19.89,16.64,18.04,48.15893878430655,39.31101482752315,46.048291608464254,47.438254661487505
2019-10-10,19,23.54,19,20.61,47.88481999043285,37.52996579633047,45.05071154538722,46.9070020939333
2019-10-11,33.16,47.42,33.16,36.33,47.76984665719471,37.4156833395371,44.70872285733282,46.69755650791482
2019-10-14,34.93,35.18,30.08,33.95,47.63233574518282,37.08561825958118,44.28681215704526,46.44512964637195
2019-10-15,37.85,53.32,37,49.07,47.64664086214618,38.22698794914488,44.474388150886625,46.49710727713686
2019-10-16,50.32,55.08,49.17,51.8,47.68796781874174,39.519655763512034,44.761667046930285,46.60211505382722
2019-10-17,58.16,64.37,58.16,63.77,47.847988039450776,41.82921235746327,45.50709186861929,46.94207317157321
2019-10-18,60.87,64.22,55.46,61.42,47.98303293458062,43.69500165675248,46.13112748161461,47.2287647919381
2019-10-21,69.53,73.79,69.28,71.77,48.21971917403753,46.36881102277606,47.13657346272777,47.714729845563085
2019-10-22,73.48,73.83,69.97,70.57,48.44211002802721,48.673686163464055,48.055531366150205,48.167309452581634
2019-10-23,70.62,74.08,70.32,72.98,48.68626813720107,50.988573195515094,49.03296150865412,48.65864985946121
2019-10-24,74.63,74.63,66.56,67.7,48.87545949901996,52.58013765308509,49.765002233804935,49.03570629788772
2019-10-25,68.2,73.62,67.8,71.66,49.10217134480086,54.39726740041032,50.623629597185136,49.48371211377113
2019-10-28,74.57,79.13,74.57,76.86,49.37836864485259,56.53657526703791,51.65250686788376,50.02581682438953
2019-10-29,75.86,78.27,75.06,76.44,49.6476386085854,58.43213952732001,52.624565422084395,50.548869956579836
2019-10-30,74.58,74.58,68.6,73.41,49.88408001546515,59.85860242948001,53.43968050357128,51.001565601003996
2019-10-31,69.09,69.09,61.3,65.91,50.04354190585853,60.43492600762477,53.928712640686136,51.296782123756394
2019-11-01,68.37,75.7,68.37,75.35,50.29534745903407,61.85540924499384,54.76876312536511,51.77308346784042
2019-11-04,78.55,78.55,75.89,76.21,50.55320469824766,63.222513126422996,55.60959594397824,52.25698280511091
2019-11-05,75.91,76.72,74.35,74.76,50.79406833309097,64.32132140009699,56.36059218146929,52.702587105999804
2019-11-06,70.58,70.88,67.67,67.82,50.9634805884831,64.65452888580204,56.809980723372455,53.00194181677208
2019-11-07,70.28,70.83,66.61,67.77,51.13070963735392,64.95124042048755,57.23978540088726,53.29437861247956
2019-11-08,65.25,67.62,64.75,65.51,51.27378715340015,65.00445561853635,57.564107542028935,53.53627210530175
2019-11-11,62.29,63.8,61.58,63.43,51.39474449515736,64.85450746439004,57.79414254038074,53.73218750915716
2019-11-12,61.87,65.54,61.11,61.14,51.49171221162346,64.50074484873385,57.9253526368364,53.87887686541147
2019-11-13,55.46,57.52,53.54,55.84,51.534978756781435,63.67591200599729,57.843574102058504,53.91771098688847
2019-11-14,54.83,57.5,53.82,53.9,51.5585113064652,62.74487276733088,57.6889241372719,53.91736027427682
2019-11-15,57.63,57.78,52.24,55.61,51.59882462679888,62.06536107520413,57.60739770051614,53.95087789260797
2019-11-18,50.17,50.78,48.11,50.12,51.58410995389541,60.927707639470405,57.31377426128021,53.87501892443751
2019-11-19,51.83,56.22,49.37,53.27,51.60088497922978,60.19840214999704,57.155194878484906,53.86303835167637
2019-11-20,50.2,55.99,45.36,47.85,51.56356274063048,59.02236384999732,56.790285275407065,53.74396828530654
2019-11-21,47.45,47.45,40.19,42.05,51.46890042480331,57.40594824523567,56.212234872449926,53.51240455688463
2019-11-22,44.93,46.24,40.94,44.55,51.400055644457005,56.18157222187989,55.754892328432284,53.33493119932256
2019-11-25,48.2,65.11,48.2,62.69,51.512393399238526,56.801422486462755,56.02685733516043,53.52018008646469
2019-11-26,61.13,66.27,60.27,60.3,51.599832270887894,57.13462034489487,56.194431557311,53.65443394613866
2019-11-27,63.13,65.95,61.91,64.94,51.73257025824224,57.877989835857264,56.53739502565175,53.877910501660665
2019-11-29,58.78,64.14,58.78,58.78,51.802693937264706,57.96389556577562,56.62534031876344,53.9749815808357
2019-12-02,59.64,59.64,45.4,46.18,51.746746733908836,56.84161979760652,56.215719129792326,53.820625509928064
2019-12-03,38.56,41.49,37.05,40.62,51.636032836058995,55.2967036264059,55.60412230117302,53.55922698497899
2019-12-04,48.71,52.75,47.8,47.82,51.59806236007831,54.58463661436724,55.298862603087805,53.4455789258705
2019-12-05,53.18,53.18,48.83,50.58,51.58793238634619,54.20324265109417,55.1138091676726,53.38883478872455
2019-12-06,65.95,68.08,65.25,65.43,51.725664402402444,55.27245763670425,55.518365670901126,53.62727370379931
2019-12-09,64.32,66.7,61.51,61.51,51.82302097551287,55.866509290351466,55.75333172302265,53.78336729382309
2019-12-10,59.89,63.94,59.89,63.94,51.9435879309804,56.63541316746085,56.07437753780607,53.98448873354936
2019-12-11,63.89,64.35,60.86,64.15,52.065044767488054,57.35108810389315,56.39106861475485,54.18578598635037
2019-12-12,68.25,73.67,66.68,68.65,52.2300691976623,58.42717495114142,56.871811022019365,54.47220606582858
2019-12-13,68.3,69.41,60.86,64.4,52.351163036491535,58.99601543198509,57.16703411919508,54.66879604472307
2019-12-16,70.27,72.75,67.39,67.39,52.500803205282665,59.7954425337008,57.56793474197174,54.92070107354043
2019-12-17,68.05,68.6,66.48,68.6,52.66099421816543,60.63397181620549,58.0005647520905,55.191578280004975
2019-12-18,69.51,70.78,67.29,69.51,52.82864601698965,61.479307833709726,58.4519151539693,55.475111383371214
2019-12-19,68.3,70.27,67.74,69.9,52.99851023572607,62.28127851621356,58.90085965773521,55.76075274211634
2019-12-20,70.56,71.07,68.49,70.26,53.17026635278353,63.04115675276465,59.346316141745596,56.04786654920314
2019-12-23,65.9,69.5,65.65,68.52,53.32300002091504,63.56295134773944,59.706068449912436,56.29483948882288
2019-12-24,69.18,71.51,69.18,71.5,53.50386569234872,64.31886074319283,60.16857556952371,56.595931776172925
2019-12-26,72.16,72.26,68.35,69.92,53.667210312325345,64.85230257717447,60.55098437071886,56.859774711298215
2019-12-27,69.06,69.06,63.64,64.02,53.77022314503853,64.77303566506262,60.68702419931812,57.00156135067845
2019-12-30,59.25,65.14,58.04,60.93,53.84146470578441,64.40703226839,60.69655266208996,57.07935221502145
2019-12-31,61.54,66.36,61.54,63.01,53.93269391269203,64.27398157616238,60.78727608710604,57.19679078502103
2020-01-02,64.38,64.38,50.83,59.67,53.989781535451314,63.8355071403374,60.74346133859208,57.245765224921605
2020-01-03,46.82,53.63,46.52,51.21,53.96212201768563,62.63307788887669,60.36960010962768,57.12624512145781
2020-01-06,51.47,53.63,39.79,51.3,53.93563324139025,61.5537371375551,60.01392951709327,57.0108739309339
2020-01-07,45.88,48.54,44.53,45.43,53.85100007480925,60.01814312445462,59.44201071250137,56.78154969467778
2020-01-08,47.09,49.44,45.18,46.06,53.77347768600518,58.688796160220846,58.91722597867779,56.56924177993169
2020-01-09,46.16,49.42,44.15,44.65,53.68269681350762,57.351767954485524,58.357726920690425,56.33321719023007
2020-01-10,41.14,44.9,38.23,39.9,53.54555555168167,55.689694815963094,57.633894492428055,56.00780694883938
2020-01-13,38.8,46.45,38.8,46.45,53.47495300887887,54.80972388110946,57.19531039468578,55.81854344490197
2020-01-14,42.69,51.53,42.69,46.55,53.4060480038154,54.02308351147999,56.777847241953,55.63500793114154
2020-01-15,51.28,52.13,45.65,49.57,53.36787837193664,53.59898031991047,56.49518656579798,55.51490876418824
2020-01-16,58.61,63.63,58.61,61.3,53.44680495530046,54.33241076563328,56.68361062204119,55.629465026283526
2020-01-17,63.71,63.71,56.3,56.3,53.47519495574523,54.51980021652535,56.66856706823565,55.64274294655514
2020-01-21,52.61,53.11,48.44,48.94,53.430068637777616,53.98839067209436,56.36548600673621,55.51001536345504
2020-01-22,51.96,51.96,47.83,48.34,53.3794211886455,53.45044870332347,56.050761065295575,55.36803486120841
2020-01-23,42.3,50.1,42.3,48.61,53.3319642613953,52.98945358872123,55.75896651371536,55.23421238870923
2020-01-24,48.76,48.76,37.44,39.85,53.197815363271964,51.73807705646207,55.135085473961816,54.92957451962588
2020-01-27,30.9,36.48,30.9,32.98,52.9966430711001,49.95159352727521,54.26625859262998,54.49492947963329
2020-01-28,32.98,38.82,32.98,37.96,52.84702473208418,48.80953700086805,53.62679747135037,54.16750513350194
2020-01-29,40.43,40.43,34.74,34.74,52.666855331764935,47.469581096023475,52.88613874698369,53.78280206155141
2020-01-30,32.12,33.63,27.74,33.6,52.47713537821504,46.148668610687906,52.12981958043531,53.383142614788014
2020-01-31,29.62,29.62,21.76,21.81,52.17198975256116,43.830700171574776,50.94080704786922,52.75793186994073
2020-02-03,27.2,30.42,26.7,28.62,51.93764159581926,42.38206205999623,50.06548128128611,52.27995302103101
2020-02-04,37.85,39.02,35.48,36.12,51.78025212720414,41.78567519713945,49.51859966241214,51.959953951307625
2020-02-05,43.6,51.13,42.14,50.58,51.76830931996828,42.62322994026902,49.56022320506265,51.932628130489654
2020-02-06,50.78,52.7,46.13,46.13,51.71220673967009,42.95720804119578,49.42570464800137,51.81772460315322
2020-02-07,40.92,41.33,35.77,36.75,51.563329060668394,42.366045370605704,48.928618191217005,51.519353818932366
2020-02-10,37,40.79,36.34,40.76,51.45583324911946,42.21308866864326,48.608280222933985,51.30629730766638
2020-02-11,46.83,50.37,45.37,46.48,51.40632247052125,42.61946117639152,48.52481825340716,51.21072706395021
2020-02-12,53.01,53.01,48.96,51.16,51.40387150066532,43.43284582625899,48.62815871405786,51.209722567634365
2020-02-13,50.65,53.54,47.77,53.44,51.42413148573333,44.385908128520036,48.8168583723301,51.25388647718616
2020-02-14,53.69,54.05,48.68,50.1,51.410956048064335,44.930107354375274,48.86717765184657,51.23103724001415
2020-02-18,51.11,52.43,44.02,47.33,51.3703495202229,45.158668558720485,48.806896175303564,51.15378897783565
2020-02-19,53.06,54.02,50.22,51.34,51.370047534947055,45.7473667912233,48.90623358019362,51.1574763248092
2020-02-20,52.05,56.1,47.79,55.39,51.41004706196251,46.66571281110679,49.16049892998995,51.24128867481298
2020-02-21,50.53,52.66,47.28,49.61,51.39213614592308,46.94612111481091,49.17812642293152,51.208985928777075
2020-02-24,29.7,31.88,26.45,28.6,51.16534872158554,45.19887148482891,48.37114107301264,50.76128323711812
2020-02-25,27.02,27.02,13.43,14.6,50.80151440594787,42.28469324817854,47.04678259956116,50.045218222521726
2020-02-26,17.59,18.71,11.96,12.37,50.419111277530476,39.43567484359011,45.68690877212739,49.299174297323276
2020-02-27,7.7,12.52,6.54,6.54,49.98250320511724,36.30275342991486,44.15173587910279,48.452457974604
2020-02-28,5.37,7.45,4.71,7.44,49.55919471551408,33.55391976992297,42.71205996227523,47.64033009391878
2020-03-02,6.58,11.39,6.12,11.39,49.17940173327016,31.443070268025544,41.48374388532326,46.92250177522732
2020-03-03,10.22,13.51,7.89,8.81,48.77771614388439,29.287539766308825,40.20242059570274,46.16779876977727
2020-03-04,11.03,16.4,10.12,16.35,48.455052301656686,28.05539312189846,39.267031552734004,45.5773473089896
2020-03-05,12.1,13.82,9.36,11.44,48.08674332353075,26.472974729336702,38.1757754134111,44.90136023356406
2020-03-06,8.6,9.92,6.37,8.86,47.696427469565265,24.79554856463797,37.026137161904785,44.187669931909326
2020-03-09,4.1,5.21,3.39,3.64,47.258055056932776,22.780734415624828,35.71687688104577,43.38474577484182
2020-03-10,4.4,5.52,2.78,5.01,46.837676399649865,21.088283518898653,34.51268563080868,42.62484981890436
2020-03-11,3.79,3.79,2.12,2.68,46.39829653497673,19.335113659955923,33.264345017835794,41.83386269377754
2020-03-12,1.11,2.07,1.11,1.46,45.95114930577298,17.632721882817265,32.017115801450075,41.034380264197786
2020-03-13,1.77,3.59,1.26,3.49,45.52865030770559,16.28579598921562,30.898405377863796,40.290927189659214
2020-03-16,2.43,2.78,1.57,1.62,45.09174831459409,14.889053514052229,29.750232617947567,39.525166255210515
2020-03-17,1.62,6.43,1.62,6.38,44.70655678907574,14.078667465094874,28.83375290743982,38.868826329364765
2020-03-18,4.15,4.81,2.83,3.39,44.295446771273994,13.060699135085839,27.83595867577551,38.1662753129417
2020-03-19,3.24,5.98,3.24,5.98,43.91419854469415,12.386346836506235,26.978862257117648,37.52892332654682
2020-03-20,5.88,6.79,3.7,4.71,43.52410701688625,11.655266185410403,26.10557354115225,36.87904365671421
2020-03-23,4.41,4.92,3.04,4.76,43.13839450925554,10.998574167752269,25.268492225812945,36.24302299024462
2020-03-24,8.37,11.66,6.39,11.66,42.82517665344205,11.061567104156815,24.734825864016358,35.756230455784326
2020-03-25,15.16,18.01,10.45,12.63,42.52472713450233,11.21094166566569,24.26012681052552,35.29828529824404
2020-03-26,18.73,29.39,17.51,29.39,42.39403333216897,12.94228055464991,24.46129830815197,35.18128954976396
2020-03-27,19.54,24.61,17.86,18.22,42.15349568707276,13.44492050182611,24.216541511753853,34.84542242996665
2020-03-30,20.05,31.06,20.05,31.03,42.04281413794766,15.11968997784267,24.48373596227331,34.76986951056137
2020-03-31,33.87,36.51,27.67,35.87,41.98139310174918,17.095909979952893,24.930256120615535,34.79165427272847
2020-04-01,26.01,27.54,16.05,17.45,41.73729963805018,17.129632839004998,24.636912743336495,34.448255178219
2020-04-02,21.71,28.03,17.86,26,41.58070959190043,17.974429711480713,24.690367145558593,34.28096299647209
2020-04-03,29.8,29.8,18.8,21.43,41.380205018846695,18.303531643720646,24.56250961043865,34.026488481690464
2020-04-06,40.39,51.9,40.39,51.87,41.484581088310904,21.50033815384249,25.63339158649988,34.379825343439165
2020-04-07,51.87,73.22,51.87,55.62,41.62523202275557,24.74982975823844,26.809337014480278,34.800422861390864
2020-04-08,65.92,76.72,64.3,76.36,41.970851604618694,29.665084066977638,28.752500268814384,35.62338478492768
2020-04-09,85.59,89.14,85.09,89.14,42.440196364771744,35.32936177488453,31.120637513174604,36.68311973968159
2020-04-13,87.46,88.48,83.61,84.98,42.86347799298297,40.05799398680029,33.23276937540305,37.639493606222544
2020-04-14,89.54,90.3,84.98,86.55,43.29816975424682,44.4858040832955,35.32364116460293,38.60801848530725
2020-04-15,73.51,73.51,66,68.39,43.547839706940884,46.762394170600686,36.62036111893223,39.19776069351899
2020-04-16,65.09,65.09,50.07,57.12,43.6828860780161,47.74883282101967,37.424268526032925,39.552656521370096
2020-04-17,71.02,77.52,70.37,76.96,44.01400163942887,50.53084874282732,38.97468936814928,40.29339599619445
2020-04-20,66.46,74.47,61.59,64.78,44.22062848878779,51.88791076731995,39.98666233410421,40.77827924379456
2020-04-21,48.04,54.03,46.72,51.95,44.297537658053585,51.89382402757519,40.455812830806,40.99950143698675
2020-04-22,60.32,60.32,53.22,55.8,44.41199001966499,52.265840786853744,41.057545660970476,41.292580616452355
2020-04-23,60.32,68.74,59.66,61.18,44.57883589011608,53.11480833096291,41.84666151740301,41.68639090127508
2020-04-24,65.44,70.26,60.37,68.68,44.81864846832388,54.59720753753787,42.898949301034264,42.22091781412112
2020-04-27,74.01,87.61,74.01,86.59,45.23428380694752,57.644140153010454,44.61232383824861,43.09951350097021
2020-04-28,90.96,92.23,88.07,90.85,45.68817153026148,60.80660299558089,46.425566040670226,44.04506768906981
2020-04-29,94.05,96.69,94.05,96.23,46.191075296129526,64.18025985314462,48.37868109789885,45.07843268532585
2020-04-30,91.51,92.58,87.7,87.7,46.604099422536194,66.42023510522608,49.9206936038636,45.9224241172996
2020-05-01,76.67,76.67,64.07,72.51,46.861869577535835,67.00021271425217,50.806548756653264,46.44891076844218
2020-05-04,61.26,69.44,58.88,69.13,47.08344301457528,67.20304959860911,51.525115472078625,46.898041248275014
2020-05-05,76.29,79.74,62.06,62.06,47.232463482091944,66.71323535112253,51.93824819866378,47.19827805523987
2020-05-06,62.06,62.06,50.93,50.93,47.269254890230336,65.21007007958706,51.89870905361814,47.27217353929452
2020-05-07,59.16,61.24,54.08,57.74,47.37344140873551,64.49863483391209,52.127779286809584,47.47945723158572
2020-05-08,57.74,76.99,57.74,76.88,47.66703900665854,65.6778124687776,53.09845460889548,48.061646197296895
2020-05-11,69.86,70.93,62.6,66.26,47.852043593656965,65.7332589003226,53.614593643840756,48.42200963893458
2020-05-12,66.31,66.31,46.64,46.64,47.839983458396695,63.914853290768065,53.34108016761171,48.38672231935172
2020-05-13,39.78,40.39,26.82,30.64,47.668839344382796,60.74581964402825,52.45084172966615,48.03530207540416
2020-05-14,19.96,29.52,17.47,29.52,47.48825387826953,57.771932058882705,51.55159303438513,47.66866243034665
2020-05-15,28.35,36.83,28.35,35.77,47.371654337192226,55.67650995803673,50.93270703303669,47.433045352518
2020-05-18,58.48,68.39,57.82,68.29,47.579797080105735,56.877794723937996,51.61338518860388,47.84605435543843
2020-05-19,60.87,65.29,50.6,50.66,47.61044586537832,56.285623797848665,51.575997534148826,47.90177605137035
2020-05-20,62.1,70.39,61.19,69.17,47.82496879209097,57.5127072456726,52.2659584151626,48.32292900084816
2020-05-21,69.53,70.85,62.97,66.42,48.00999397823932,58.361020841322826,52.82101886946995,48.681286842415524
2020-05-22,65,67.19,58.39,67.14,48.20034229686381,59.19711409453018,53.38254754125544,49.04680591484294
2020-05-26,84.33,85.5,82.65,82.75,48.54411998545223,61.440246085527306,54.53421234355915,49.71419589672724
2020-05-27,85.35,88.91,79.19,88.75,48.94417849305967,64.0411750297628,55.87600793792938,50.48718211659403
2020-05-28,90.02,90.63,83.81,83.85,49.2915001000939,65.927729788833,56.973027234481165,51.14783197567137
2020-05-29,80.39,81.16,76.17,81.05,49.60750507422232,67.36794599942034,57.917222244893665,51.73995411476699
2020-06-01,81.72,85.28,81.51,81.54,49.9252413421405,68.71766542804697,58.84360568627039,52.33005403328645
2020-06-02,83.47,84.34,80.97,82.95,50.2538459059003,70.07312586347106,59.788954482887235,52.93638959698375
2020-06-03,86.25,87.93,85.95,86.03,50.60982753867741,71.5928281621881,60.81801509140146,53.59170861486526
2020-06-04,85.27,86.95,82.87,84.35,50.94555064774529,72.80779690864638,61.740838028993565,54.20078369179862
2020-06-05,89.29,89.7,88.02,88.48,51.31902775572793,74.30038767925149,62.78943261609186,54.87958005433726
2020-06-08,89.5,92.45,89.5,91.64,51.72023145965103,75.95177932884658,63.920827415460806,55.607509162172164
2020-06-09,90.97,91.99,89.85,90.2,52.10311472870923,77.30875272609929,64.95138320308979,56.292508980743015
2020-06-10,89.64,90.1,85.77,85.77,52.43810861200566,78.11458579980412,65.76779954806666,56.87622167419365
2020-06-11,58.08,61.44,31.15,31.25,52.22728166064242,73.65129191410848,64.41416035010326,56.3687717400512
2020-06-12,56.55,56.55,28.35,43.95,52.14492064909374,70.82259744609816,63.611644257942345,56.12285546797098
2020-06-15,24.6,53.8,24.6,52.98,52.15322989636644,69.12330245123167,63.19471703214069,56.06062070622898
2020-06-16,76.31,78.56,58.29,69.23,52.32314800685035,69.13346412254293,63.43139479558615,56.32140049422445
2020-06-17,63.41,63.41,45.78,45.83,52.258539568971244,66.91408658706266,62.741144019288654,56.11364998938832
2020-06-18,40.57,48.33,40.36,42.41,52.16054415037451,64.58036405496145,61.943844253826356,55.84229058365786
2020-06-19,46.19,48.49,34.79,38.27,52.02232978071905,62.074615097346076,61.015458204656696,55.49432443348641
2020-06-22,29.27,38.32,29.27,38.31,51.88588868837358,59.81131842140835,60.12504807898389,55.15404078133817
2020-06-23,45.26,45.26,39.18,39.32,51.76085497008131,57.859764286036125,59.30916384059236,54.84049541933147
2020-06-24,32.56,32.56,19.5,22.68,51.471493229085475,54.50931054450888,57.872726042922075,54.20365392587936
2020-06-25,19.76,29.25,19.76,29.25,51.25038384372144,52.10366192122232,56.7502661981016,53.709522164970856
2020-06-26,24.53,24.53,18.59,21.87,50.958041715923216,49.224265547772575,55.382412621705456,53.07903657754569
2020-06-29,20.9,34.78,20.9,33.5,50.78432985805333,47.726716447984714,54.52427879340328,52.69133288294083
2020-06-30,33.04,44.97,31.3,43.9,50.71582906344584,47.36226726246236,54.10764040934825,52.51724708327863
2020-07-01,48.05,48.05,33.7,34.26,50.55208947077474,46.114432285084995,53.32930156976597,52.155717438065196
2020-07-02,46.19,49.49,34.46,35.62,50.403511466090414,45.114962543648325,52.63481915526534,51.82827748879658
2020-07-06,50.8,50.8,40.42,42.52,50.32506856593031,44.867823253777054,52.23815958054905,51.643955162285756
2020-07-07,37.09,41.16,30.15,30.15,50.12432161502553,43.466125801036384,51.37195724405693,51.218332287785046
2020-07-08,32.41,36.78,26.43,33.86,49.96248756910488,42.55125667712816,50.685213822721366,50.87460293555168
2020-07-09,31.45,32.46,22.81,26.08,49.72485087687498,40.982565565020714,49.72030347673229,50.38362069920412
2020-07-10,26.08,33.31,25.22,33.31,49.56151902735384,40.25184503501874,49.07676216391926,50.045529200209984
2020-07-13,36.33,44.07,26.43,26.44,49.33145416141002,38.93643122215981,48.18904600062831,49.57809297842365
2020-07-14,28.55,38.36,24.78,38.36,49.22228546328654,38.881533010525544,47.80359321628995,49.35595252340536
2020-07-15,57.16,69.18,56.3,66.16,49.390819936288665,41.47948224761835,48.5234523058472,49.68870593878347
2020-07-16,57.96,64.25,56.76,60.13,49.49767744936042,43.25572203355946,48.97861103895123,49.89546423702538
2020-07-17,61.53,65.86,57.91,60.08,49.60297419115783,44.85803422083951,49.413959625659025,50.09713821252983
2020-07-20,59.22,59.22,53.29,55.15,49.65816847781297,45.83822143790241,49.638902385437106,50.19719488158864
2020-07-21,65.1,72.34,65.1,69.23,49.85291307007354,48.066009872387895,50.4071807232631,50.574082111656196
2020-07-22,67.11,69.58,64.45,66.64,50.01994876091858,49.834961313112856,51.043761871370435,50.89221909954419
2020-07-23,65.04,70.57,62.87,65.57,50.17467563891939,51.33353642614973,51.61341826857159,51.18286822628589
2020-07-24,63.26,63.26,53.9,54.25,50.21522613007442,51.611294861754516,51.71681363058839,51.243603508933695
2020-07-27,53.39,56.61,50.93,56.61,50.27885572081995,52.08736201777789,51.90870329213394,51.34986878598451
2020-07-28,56.21,58.68,52.28,52.28,50.29876760419487,52.105708492275234,51.923263947344374,51.368287225866005
2020-07-29,57.37,65.22,56.31,64.51,50.44017290166557,53.28706958824902,52.41686143960538,51.62851916198747
2020-07-30,55.61,59.63,52.28,58.32,50.51857914144999,53.76639629413006,52.648357069424776,51.76102373303722
2020-07-31,56.11,56.11,39.9,48.49,50.49839427437089,53.26388236135577,52.48528424317282,51.696250985848366
2020-08-03,51.45,58.42,48.99,58.42,50.577216221889586,53.75494118408379,52.71801819442094,51.829394530683054
2020-08-04,57.02,62.8,55.06,62.8,50.69883596097526,54.61637535702819,53.113390029933846,52.04663424294676
2020-08-05,67.92,71.18,63.8,71.18,50.90262863798048,56.193863418263604,53.82188453856389,52.425512772789396
2020-08-06,67.72,68.82,64.55,66.51,51.05792586546326,57.17635261652421,54.31945769391433,52.70441350996188
2020-08-07,62.95,75.7,62.95,75.7,51.30312063297109,58.940509510188576,55.15791033336867,53.15977165827947
2020-08-10,77,80.07,77,78.71,51.57582590030471,60.82331812826585,56.081521692844404,53.6657167739571
2020-08-11,79.56,80.72,74.24,74.94,51.80830524458028,62.167764020811966,56.82106986175247,54.086989709126264
2020-08-12,78.01,79.06,75.55,76.45,52.05349623717152,63.527976971210826,57.590831827958255,54.52982159607426
2020-08-13,75,77.66,74.04,74.79,52.27973010545837,64.60055059300028,58.26530901117558,54.93101324763714
2020-08-14,72.13,75.3,71.43,73.89,52.49475766659809,65.48526006033359,58.87804199112948,55.30643872788195
2020-08-17,73.49,75.4,71.98,74.64,52.71510833658219,66.35714005458753,59.49615799147734,55.68928152534963
2020-08-18,74.04,74.24,63.8,63.93,52.82669929840724,66.12598385891253,59.670034148674304,55.85246406940211
2020-08-19,63.93,70.51,63.93,67.6,52.97369731533851,66.2663663485399,59.981013201667466,56.08508854327533
2020-08-20,56.66,57.21,54.19,55.1,52.99485455598191,65.2029028867742,59.78960091924913,56.0655818394481
2020-08-21,51.03,51.03,42.23,44.39,52.909234112638806,63.22072165946237,59.185695000847204,55.834382199062986
2020-08-24,48.61,56.05,43.33,56.05,52.940485514503095,62.53779578713262,59.06272656944143,55.83865185848748
2020-08-25,59.17,59.17,48.66,55.78,52.968739389980676,61.89419618835809,58.93399219416922,55.83749043554713
2020-08-26,53.47,53.47,43.18,43.23,52.87183651047838,60.116653694228745,58.31814936302533,55.5878371595957
2020-08-27,45.69,52.03,42.97,46.65,52.8099276894786,58.83411524715934,57.86057487820081,55.410850285148264
2020-08-28,48.11,51.53,43.83,51.53,52.797192090578314,58.13848522362036,57.61231703983999,55.33400176465028
2020-08-31,43.63,44.03,37.19,37.19,52.64189664689097,56.14339139279937,56.811441861807054,54.97471460099384
2020-09-01,32.86,42.8,32.86,42.8,52.543967327021406,54.872592212532766,56.261973553500894,54.73363114354842
2020-09-02,42.2,50.45,39.38,49.89,52.517559691926664,54.39805962086298,56.01209223767733,54.63771765555737
2020-09-03,47.93,50.85,28.42,31.08,52.3042506402657,52.17729203792365,55.03436313031743,54.17122819703148
2020-09-04,40.19,40.19,24.09,32.04,52.102616305536685,50.25945470097854,54.13262339971675,53.732986054516005
2020-09-08,23.13,29.67,21.47,23.1,51.814033058715424,47.67283996755201,52.915657776198444,53.12639227125826
2020-09-09,28.33,32.1,26.22,28.8,51.58503770489736,45.87542663730896,51.969945706543605,52.64468153321354
2020-09-10,32.93,34.49,24.26,24.26,51.31314678246057,43.81681457661287,50.88328116903209,52.08260863156575
2020-09-11,26.73,27.03,20.34,22.2,51.02346372989877,41.75807033122117,49.75844661338377,51.49087380717831
2020-09-14,26.78,38.56,26.78,38.56,50.89944916542217,41.4534922044382,49.319291844231465,51.23481690010547
2020-09-15,43.85,44.86,38.31,38.31,50.77418101452245,41.15411199449171,48.88755490916356,50.97887993178655
2020-09-16,41.74,52.66,41.74,45.66,50.723293641243615,41.5832441854925,48.76098412841205,50.87355557670167
2020-09-17,37.91,46.17,37.05,44.56,50.661967336355616,41.86674473925512,48.59623965278804,50.748534674192726
2020-09-18,49.14,51.1,38.82,44.71,50.60274378076999,42.137530954564156,48.44383809777675,50.628959730149305
2020-09-21,31.52,31.52,20.04,22.1,50.319134389916556,40.22919467317709,47.41074640766786,50.06402983450278
2020-09-22,24.92,25.32,18.78,23.41,50.051381808922365,38.627366609064985,46.46954066619069,49.53622726352253
2020-09-23,25.22,25.22,13.64,13.65,49.689179004853486,36.24856978915403,45.182499855751836,48.82560890186861
2020-09-24,12.29,16.88,10.38,13.3,49.32709762172062,34.0629917139965,43.93220574376157,48.122131497871216
2020-09-25,12.75,19.65,12.75,19.1,49.02633048120599,32.63794488409207,42.958393753810135,47.547435824646044
2020-09-28,27.16,36.34,27.16,33.41,48.87094410825866,32.71147394274997,42.58394693993523,47.26748660039563
2020-09-29,33.61,34.57,27.21,33.41,48.71710386837549,32.778000233916636,42.22418431483973,46.99308092514027
2020-09-30,38.3,43.59,31.3,33.73,48.56797845674986,32.868666878305525,41.89107904759111,46.73044565929591
2020-10-01,40.04,45.59,35.55,45.59,48.53834683031454,34.080222413705,42.03613477121499,46.707862576933614
2020-10-02,33.86,56.53,33.86,53.68,48.58950755837111,35.94686789811405,42.4927569370497,46.84592470412305
2020-10-05,65.77,73.6,65.32,72.79,48.830308478188314,39.455737622103186,43.680884115988924,47.35966876938794
2020-10-06,77.25,82.45,68.86,68.86,49.02960889134067,42.256143562855264,44.66830042516583,47.78541790266738
2020-10-07,75.75,80.66,75.5,79.87,49.33647845461091,45.8384156044881,46.04875923202207,48.4207561620205
2020-10-08,83.39,86.16,82.54,85.02,49.69153837048543,49.56999507072732,47.57704318370748,49.14549366376267
2020-10-09,88.2,88.2,83.24,83.92,50.032120078241796,52.841424111610436,49.002257176503264,49.83409774962876
2020-10-12,84.22,85.31,82.93,84.67,50.37677559985133,55.872717053361825,50.40099218918941,50.52391759617077
2020-10-13,83.33,83.33,79.96,81.24,50.683872360051815,58.28864876256546,51.61036504451531,51.13215685169214
2020-10-14,83.62,83.62,75.12,75.12,50.92701790870802,59.89163459470208,52.53231151335785,51.60716364670814
2020-10-15,69.76,80.38,68.96,80.36,51.219883402153705,61.841002728539976,53.6235934147948,52.176526742812925
2020-10-16,79.82,82.15,77.43,77.52,51.48157610461984,63.33424056391712,54.560707398528336,52.67837769840079
2020-10-19,78.61,80.2,67.82,67.87,51.64464499910123,63.76621765306787,55.082640441723306,52.97920190239285
2020-10-20,72.05,72.25,67.47,68.77,51.81504654139873,64.24276835277568,55.619399640087096,53.2918909736326
2020-10-21,66.78,66.78,61.06,61.06,51.90703612805148,63.93964755727324,55.832756516946425,53.445714914748784
2020-10-22,62.25,67.92,57.23,66.48,52.05204074369276,64.18158588515197,56.250295477066174,53.70381956990227
2020-10-23,67.77,67.97,63.2,67.47,52.20545327360626,64.49476818180416,56.690283889730246,53.97641720218144
2020-10-26,59.47,59.47,44.65,51.44,52.197836823122614,63.25145692639424,56.48439040385847,53.926191118969925
2020-10-27,49,49.05,40.34,40.34,52.07984839702189,61.06941340959479,55.85127705468755,53.65715763146557
2020-10-28,25.57,29.4,20.99,21.79,51.778456870683364,57.328516894395285,54.515540699601765,53.026124807080116
2020-10-29,19.55,29.15,17.11,29.15,51.55329809585069,54.64484861873859,53.520813613342874,52.553330256444866
2020-10-30,28,28,20.44,23.18,51.27097672176263,51.64819636933492,52.330977785368646,51.971680152356846
2020-11-02,28,33.91,27.15,33.83,51.09743466482967,49.95122528654112,51.60544924476596,51.612438961221066
2020-11-03,43.76,54.19,43.41,52.26,51.109002479109975,50.17110859258482,51.63111790183396,51.625261952087975
2020-11-04,46.49,52.5,41.97,43.71,51.035380563894954,49.555764917100554,51.320485827252234,51.468524091650586
2020-11-05,51.71,63.58,51.71,61.64,51.14089916524923,50.706644448805264,51.725172657556065,51.66993945617236
2020-11-06,62.84,62.84,49.62,49.62,51.125765840221874,50.6031545013,51.64261686706367,51.62934659565409
2020-11-09,80.52,81.61,73.31,73.31,51.34650448857788,52.765711215461906,52.49231816639451,52.05866646504708
2020-11-10,77.33,81.21,75.84,80.91,51.64066862301989,55.4461196711322,53.60673706183002,52.629980000392685
2020-11-11,81.8,81.9,79.12,81.9,51.94175649741771,57.96553684531009,54.716276784895506,53.20958435682055
2020-11-12,81.66,81.7,73.6,76.09,52.18203752729415,59.6916761933758,55.55446200901725,53.66266189430925
2020-11-13,80.51,83.74,80.16,82.49,52.48360929319172,61.862945127340005,56.61075761650677,54.23350027263976
2020-11-16,85.03,87.41,85.03,87.41,52.83113556888135,64.29599797235524,57.81857104331042,54.89046066328056
2020-11-17,85.97,87.66,83.33,86.36,53.16475611048452,66.3973314987976,58.93784276710217,55.51361985806708
2020-11-18,87.51,87.61,83.17,83.17,53.46331575117622,67.99472849891211,59.888123442902085,56.06127094998654
2020-11-19,82.57,85.46,82.22,85.45,53.78159121633864,69.65713530853952,60.89054997455298,56.64322598067988
2020-11-20,82.85,85.3,82.31,85.3,54.09520722413627,71.14693194582148,61.84778330888424,57.21068685234958
2020-11-23,86.99,87.79,85.5,85.94,54.41207083384636,72.55579557002896,62.792576120300545,57.779584142402065
2020-11-24,87.79,89.58,86.34,88.49,54.751154706146394,74.07333884907382,63.80031823322994,58.38771118908717
2020-11-25,87.59,88.44,86.19,87.79,55.07989943543847,75.37968753011441,64.74109006722092,58.969934729897325
2020-11-27,87.94,89.33,86.54,89.33,55.42069645598137,76.70828871772257,65.70536104497697,59.57112414118649
2020-11-30,87.73,87.73,76.96,77.01,55.63551539671788,76.73702312555851,66.14868021968375,59.91644841561844
2020-12-01,82.2,84.44,77.96,78.96,55.867599820631135,76.94873520883866,66.65108491695106,60.29354844699233
2020-12-02,73.72,79.21,73.72,77.5,56.08284758360993,77.00123661752069,67.07653256726671,60.63427025992318
2020-12-03,76.1,78.95,74.81,75.19,56.272968503176,76.82873789204253,67.39470776070723,60.922502532003904
2020-12-04,76.89,83.93,76.89,83.92,56.54806334394042,77.50409618803847,68.04275843675794,61.37789852146917
2020-12-07,82.27,82.27,79.18,79.63,56.7777343554435,77.70656321774909,68.49716006668899,61.73932627351928
2020-12-08,76.13,83.42,76.13,83.37,57.04233401359829,78.24593814939203,69.08040869152472,62.16765644632088
2020-12-09,84.92,85.32,74.78,76.28,57.23375357565204,78.05870594468803,69.36274560558257,62.44710879391849
2020-12-10,71.74,78.28,71.74,77.58,57.43620378882963,78.01311490233678,69.68499087595188,62.746770005920105
2020-12-11,72.94,76.23,67.54,71.24,57.57355499491093,77.36805634020946,69.74597162591455,62.9149527780801
2020-12-14,77.33,77.78,68.14,68.14,57.67869375118047,76.48919383161808,69.68299234646692,63.018419059702275
2020-12-15,71.19,80.17,70.74,79.68,57.89761222131798,76.79308013336875,70.07503186229175,63.34835135554975
2020-12-16,80.37,80.37,74.68,74.68,58.064601154439195,76.59183440638125,70.25561884808424,63.57274043761807
2020-12-17,75.83,78.83,73.38,78.83,58.271222038474626,76.80499303434495,70.59186908933584,63.87486438934841
2020-12-18,78.53,79.03,67.84,67.94,58.36742878436045,75.96070798345495,70.48787422308737,63.9553621242128
2020-12-21,55.06,59.76,51.62,59.39,58.37760362232701,74.38254531836401,70.05266346924081,63.864958913832346
2020-12-22,59.24,59.69,55.94,56.59,58.359816521607335,72.68801719280553,69.52471588221177,63.72090032147923
2020-12-23,59.64,66.73,59.64,65.88,58.43464421790975,72.03963460301453,69.38178584761522,63.763654770558844
2020-12-24,66.68,66.68,61.88,62.98,58.47987163862707,71.17681225987029,69.13073542221855,63.748136854310154
2020-12-28,68.48,70.42,64.28,64.28,58.53758435864073,70.5199729970255,68.94051050370018,63.75866879778916
2020-12-29,64.78,64.78,46,50.99,58.4624840167637,68.65997556873737,68.23656891531978,63.50582387110027
2020-12-30,51.59,59.24,51.59,56.99,58.44783243450735,67.54854932409572,67.79552699707195,63.376797655830956
2020-12-31,51.59,57.54,50.09,53.89,58.40248086799484,66.24773510275327,67.25021221287305,63.18894027650757
2021-01-04,56.54,56.54,34.14,41.71,58.236386530999866,63.9108079501101,66.24863526334862,62.76361472647772
2021-01-05,45.14,61.12,45.14,55.98,58.213934923726235,63.15549290724247,65.84594368439377,62.629285721993014
2021-01-06,65.93,81.17,65.93,75.41,58.38504004886329,64.32258882083842,66.22100471637833,62.882369173042655
2021-01-07,77.57,79.29,76.84,78.79,58.588074476237786,65.7004375045681,66.71390649220663,63.19737176367547
2021-01-08,79.72,80.51,70.39,77.07,58.77197423269313,66.78325298032352,67.12002780623774,63.47207727330566
2021-01-11,72.5,74.86,71.42,73.04,58.91394463833797,67.37913364886414,67.35218357854215,63.66154108967584
2021-01-12,74.61,78.49,74.61,78.49,59.108731258852025,68.43731139659137,67.78896069310913,63.95517393938523
2021-01-13,78.84,78.84,74.37,74.75,59.26436577368932,69.03851983501124,68.06194262671269,64.1689328712786
2021-01-14,78.43,82.17,78.43,80.55,59.476163129175,70.13485127929589,68.5516703668416,64.49331043818397
2021-01-15,76.32,76.86,69.94,74.36,59.62426100848669,70.53724639555342,68.77944799951449,64.68869042950706
2021-01-19,78.53,78.88,75.29,77.3,59.80013900840225,71.18131816740548,69.11358729365118,64.93841933189306
2021-01-20,79.37,80.64,75.63,76.71,59.968396331701726,71.70785929431925,69.41148583115505,65.1715199391823
2021-01-21,75.73,75.73,68.76,69.2,60.060253084620115,71.46901555200313,69.40319226914897,65.25129182157474
2021-01-22,62.47,76.27,60.55,76.27,60.2215440987035,71.92625216609807,69.6724788468294,65.46948406273168
2021-01-25,70.87,73.52,64.14,70.92,60.32799639622883,71.83041862646968,69.72140124499296,65.57741507139046
2021-01-26,74.65,74.65,61.54,61.55,60.34015563606735,70.85133113823447,69.40095413734618,65.49766427789758
2021-01-27,41.74,48.82,40.65,41.49,60.15259189839504,68.05501388697405,68.30640691627377,65.02226498526595
2021-01-28,45.82,45.82,41,41.71,59.96908352129658,65.54596494535748,67.26341056661597,64.56063597565672
2021-01-29,36.64,42.4,31.43,32.31,59.69386875989065,62.38063495056153,65.89268858361143,63.92200952069322
2021-02-01,34.98,44.42,31.44,42.59,59.52368101103602,60.495812574317576,64.97885765876393,63.49959349058049
2021-02-02,46.97,53.66,44.31,52.58,59.454589657692374,59.741925662477804,64.49262794665555,63.283363916509586
2021-02-03,52.43,54.74,46.77,54.74,59.407678317814835,59.26555178986087,64.11017194874748,63.11418839341039
2021-02-04,56.22,70.29,56.22,70.29,59.51596012559777,60.315499238445554,64.3525181468358,63.25628367274879
2021-02-05,76.04,76.68,69.1,76.68,59.68674659200973,61.87402312049836,64.8359488077442,63.52209983764486
2021-02-08,80.42,88.29,80.42,88.28,59.97125657616884,64.38887806140328,65.75532336430325,64.01235528640437
2021-02-09,87.1,88.43,84,87.2,60.24218934655522,66.56136586507915,66.59629107550704,64.47151656786171
2021-02-10,87.89,88.97,84.14,84.14,60.47997850728601,68.23552149697638,67.28427966078128,64.86099148731
2021-02-11,85.67,86.31,77.25,81.92,60.6933120544772,69.538805163931,67.85822947800554,65.19879363607615
2021-02-12,79.8,81.37,78.37,80.82,60.89357760617394,70.61320467212805,68.36653420435826,65.50812445516375
2021-02-16,82.84,82.84,78.2,78.2,61.06578081407271,71.33575660811586,68.75216031399127,65.75944872337833
2021-02-17,72.78,74.8,69.23,72.73,61.181842696519745,71.4685416930572,68.90815402716808,65.89747944172727
2021-02-18,68.49,69.13,61.83,62.86,61.19854077914144,70.6486805794327,68.67097151629875,65.8373313339703
2021-02-19,65.63,73.66,65.63,71.23,61.29835629377685,70.70404433377244,68.77132557448311,65.9441168521095
2021-02-22,67.73,72.71,67.73,67.83,61.36334777344076,70.43032582579411,68.73441084607201,65.98146107285982
2021-02-23,59.15,64.67,57.07,61.99,61.36958311897866,69.62648527095658,68.46992414622605,65.90242223973388
2021-02-24,63.91,71.27,63.42,70.28,61.45824398346643,69.68872476896071,68.54090751304071,65.98910694785796
2021-02-25,67.52,67.52,54.93,54.93,61.39328633188965,68.2831319338216,68.00714643409793,65.7701147310687
2021-02-26,54.93,57.55,47.53,49.53,61.275243681821095,66.49711936869572,67.28255245629018,65.44852830075051
2021-03-01,58.05,63.77,58.05,63.41,61.29648503822089,66.2031080002485,67.13068765408272,65.40816140370595
2021-03-02,61.78,61.78,55.12,55.12,61.23502747565153,65.14757390498674,66.65968029509908,65.20443543531573
2021-03-03,57.54,60,54.43,55,61.17298740126694,64.181138294988,66.20243793058539,65.00236740689364
2021-03-04,55.25,55.25,40.79,44.54,61.00748503906527,62.31055369546534,65.35293056075851,64.59717201269773
2021-03-05,48.05,52.44,39.17,52.44,60.92223643171139,61.370500962563874,64.84654112700328,64.35643593323836
2021-03-08,57.67,59.05,55.5,55.69,60.87017437766451,60.829500870891124,64.48746108280707,64.18482334050097
2021-03-09,58.9,64.08,58.9,61.64,60.877834334105664,60.90669126413959,64.37579594230483,64.1344307991049
2021-03-10,64.46,69.39,64.46,66.86,60.937358370582224,61.473673048507244,64.47321570927328,64.18840246644936
2021-03-11,69.92,76.04,69.92,76.04,61.08763341167096,62.860942281982744,64.92681509322334,64.42308756612363
2021-03-12,73.97,76.74,73.67,76.74,61.24337835284836,64.1827573027463,65.39007724643027,64.66698682223999
2021-03-15,77.58,78.22,75.35,77.62,61.406329812024,65.46249470248475,65.86968206029574,64.92348213269068
2021-03-16,78.12,78.12,68.69,71.2,61.50377926663072,66.00892377843859,66.07871413636258,65.04776961521165
2021-03-17,68.04,75.35,66.41,74.2,61.63010982119161,66.78902627573015,66.39719593493659,65.22900190005895
2021-03-18,72.03,73.66,59.83,59.88,61.612695793120054,66.13102377327967,66.14161962376261,65.12308107035481
2021-03-19,59.73,65.71,54.15,62.2,61.61853961607408,65.75664055677684,65.98704630518368,65.06519827688244
2021-03-22,63.43,63.43,49.01,50.39,61.50681285372509,64.29315097994096,65.3753974304706,64.7746002912016
2021-03-23,44.91,44.91,22.18,24.02,61.133809740752696,60.457612791375155,63.753617139079594,63.96757850325701
2021-03-24,28.71,39.39,16.11,16.11,60.68581163387953,56.234030620767996,61.88523999637059,63.019903681410334
2021-03-25,13.64,28.91,12.06,26.94,60.35003241364193,53.44412294259961,60.51483842788547,62.305450143164585
2021-03-26,31.98,39.84,30,39.84,60.14595248912808,52.148492186161555,59.704060450321336,61.86058974429004
2021-03-29,39.14,39.54,22.49,22.49,59.771266394708896,49.3238738827176,58.24468553070089,61.080974105789245
2021-03-30,22.54,33.81,22.34,30.64,59.481403047497864,47.54445732245878,57.162148843222425,60.47818253933797
2021-03-31,31.48,38.95,29.6,32.93,59.21720998234863,46.15260424412938,56.21186849642939,59.932673974202565
2021-04-01,35.8,43.6,35.8,43.6,59.06181485814616,45.90949907802182,55.71728541813804,59.609254687584695
2021-04-05,49.63,49.63,43.01,47.66,58.94836396403525,46.076213451543545,55.40131344095616,59.372635782880046
2021-04-06,49.8,52.53,44.93,45.02,58.80977327782595,45.97562169425368,54.99420310993827,59.088425173318065
2021-04-07,44.98,44.98,30.06,31.96,58.5426113546635,44.64080058051524,54.09090102719559,58.55122863523256
2021-04-08,34.16,40.3,28.65,40.25,58.36059532128376,44.22262909665665,53.54812059475655,58.188828068198255
2021-04-09,40.39,43.07,38.35,42.29,58.20068890017646,44.03856918268934,53.106625669471974,57.87399978962007
2021-04-12,44.21,45.38,40.5,44.26,58.06197557778664,44.059657831957026,52.75969917262994,57.60441563537017
2021-04-13,44.41,44.41,36.16,40.16,57.883846467559906,43.688261847961115,52.26559332272288,57.25898166239254
2021-04-14,43.67,56.71,43.67,48.65,57.79196739823095,44.16080833863148,52.12380534928277,57.088506777988734
2021-04-15,52.31,54.85,48.26,54.75,57.76169906591024,45.16930278257134,52.22679337480109,57.04219971307806
2021-04-16,59,59.24,51.68,56.27,57.74685628913502,46.22651204137407,52.38535049735791,57.02690862965078
2021-04-19,53.44,55.58,41.87,47.19,57.64181294297447,46.318272799338445,52.18161126216741,56.8321183597567
2021-04-20,45.33,45.33,27.79,32.5,57.39164565000955,45.002246818449066,51.40978336953339,56.350294233820925
2021-04-21,31.08,47.31,31.08,46.67,57.28496260871592,45.16108045478725,51.22390951190463,56.1586052390918
2021-04-22,47.65,54.88,42.37,42.96,57.142425667335665,44.951453744807516,50.89983462908484,55.89724671950582
2021-04-23,44.42,60.8,44.42,56.13,57.132351780098496,46.01607719768299,51.10493915343446,55.90185569535719
2021-04-26,61.56,67.72,61.56,63.74,57.198099523580105,47.7040698455227,51.60043173565271,56.05706647366695
2021-04-27,64.48,64.48,57.14,59.78,57.22379007558428,48.8541584316634,51.92119911856829,56.13078792963394
2021-04-28,58.26,62.96,58.12,61.44,57.26574241314066,50.05281000960022,52.29448542764404,56.235920841918414
2021-04-29,66.58,66.58,55.44,60.72,57.300113135397964,51.06873286582877,52.624897763814865,56.3247144886131
2021-04-30,56.13,59.45,50.61,52.02,57.247574696239774,51.15932973574984,52.60117628288095,56.23947261755145
2021-05-03,55.88,63.7,55.88,62.31,57.297947087321965,52.22129833234509,52.98191446786601,56.35968108057023
2021-05-04,58.45,58.45,47.75,50.56,57.230902837696874,52.06307944355032,52.88693742991048,56.244835910657955
2021-05-05,50.46,51.44,45.57,48.75,57.146515744784466,51.7475480679741,52.724704589521835,56.0964233183677
2021-05-06,47.97,49.33,41.02,49.33,57.068739468716956,51.51730539483371,52.59157891934451,55.962434737805964
2021-05-07,49.19,55.15,49.19,55.03,57.0484535038541,51.85184773818288,52.687203275448645,55.943970683591985
2021-05-10,54.89,54.89,43.8,43.8,56.91662809585555,51.08500509645118,52.33868549994086,55.703496016590165
2021-05-11,37.24,40.87,34.11,38.86,56.73696015460326,49.92071889678916,51.8101095979824,55.36996144200422
2021-05-12,37.93,37.93,24.03,24.03,56.411517765005215,47.454936144714004,50.72069353531642,54.74936814612295
2021-05-13,25.74,40.08,25.74,38.13,56.22961211560218,46.56684698807457,50.226940847656955,54.42027174718982
2021-05-14,41.26,54.52,41.26,54.38,56.21120801494942,47.31095679873414,50.38980591245472,54.41947428684943
2021-05-17,52.17,54.28,48.26,54.28,56.19199201480067,47.9746751988547,50.54236254333885,54.4167124197831
2021-05-18,53.45,57.95,48.18,48.18,56.11227070122056,47.99422994182092,50.44972087497262,54.293213163945815
2021-05-19,36.63,41.54,30.26,41.54,55.96727298280045,47.379541375933215,50.10032005634624,54.04067428941224
2021-05-20,40.81,46.88,36.2,46.88,55.87685235610592,47.33196600679672,49.97403299531305,53.898878758928824
2021-05-21,50.46,56.98,50.22,52.57,55.84394835256258,47.830826387101794,50.075835622947835,53.87256432805895
2021-05-24,52.86,57.66,51.49,53.87,55.82430707542265,48.40598577880638,50.224626382832234,53.87251354928551
2021-05-25,56.81,61.37,37.89,37.89,55.64585625875178,47.404463323681966,49.74091554428979,53.55602813246797
2021-05-26,42.25,55.74,42.25,55.74,55.64679301239604,48.19832395952178,49.97617375823921,53.599275100141874
2021-05-27,64.08,66.97,63.93,64.09,55.730805022222945,49.7118169157578,50.529657140269045,53.80701222687174
2021-05-28,66.94,66.94,60.8,64.27,55.81577213642968,51.098310542828486,51.068494115160455,54.01420010356735
2021-06-01,69.43,76.65,69.43,75.03,56.00695848333088,53.37751906255911,52.00816101260514,54.43035455696205
2021-06-02,75.42,75.42,66.38,68.92,56.13544645862112,54.857755342315386,52.671370384659845,54.71727822910142
2021-06-03,64.89,67.55,59.63,66.48,56.238377339629864,55.9646357859044,53.21288527153593,54.95020341268357
2021-06-04,70.42,70.42,64.66,66.37,56.33918950540469,56.9556228539135,53.72885055500511,55.17633799857102
2021-06-07,70.4,73.95,69.91,72.57,56.50069010734096,58.44270639163602,54.46771916069118,55.520766949094366
2021-06-08,74.24,78.23,71.98,76.71,56.70177776796443,60.18244864005164,55.339965468115054,55.94035572237963
2021-06-09,76.9,76.9,69.12,69.17,56.825839680721,61.03840591242767,55.88231976348309,56.20232887639191
2021-06-10,71.49,71.54,62.75,62.75,56.88478654956955,61.20141487314884,56.151640557071985,56.331985730324746
2021-06-11,65.36,66.3,62.95,65.96,56.975087180917114,61.654613456658474,56.53628210385347,56.52263947823911
2021-06-14,67.73,67.73,58.62,59.11,56.99633009453983,61.412269317929095,56.637212217427845,56.57387434005616
2021-06-15,60.59,60.59,53,58.79,57.0141775562857,61.16252938288823,56.72163526772479,56.61775801649069
2021-06-16,56.23,59.73,52.14,57.41,57.018116088063955,60.80514563213697,56.74862996310814,56.63344597656018
2021-06-17,56.13,56.13,41.44,44.75,56.896045281217546,59.27608414336202,56.278095454750954,56.3981302146481
2021-06-18,35.78,36.07,28.53,31.39,56.64225378588205,56.62026660589897,55.30209171142739,55.90291971534813
2021-06-21,32.18,40.31,32.18,40.06,56.477256235773766,55.043098357718115,54.70436262470474,55.58919853286599
2021-06-22,36.27,39.23,31.78,38.03,56.2937014473581,53.42280327603068,54.05046605118691,55.24149163122508
2021-06-23,39.26,42.52,38.82,40.22,56.1337641195237,52.16539344021823,53.5080948334933,54.94403635139884
2021-06-24,42.79,50.39,41.31,50.39,56.07661223773739,51.99630835067364,53.38581660472886,54.85385741374738
2021-06-25,50.64,55.97,49.6,49.62,56.01236733984946,51.7699932696571,53.23813752219047,54.750216672881095
2021-06-28,51.06,51.06,38.66,40.55,55.85851293845793,50.70142248207071,52.740563501712415,54.46902426351711
2021-06-29,41.8,41.8,34.57,34.57,55.646686939070285,49.16509653139731,52.0279923839982,54.07498417909103
2021-06-30,32.41,37.68,32.41,35.17,55.44293881032332,47.832230195073755,51.36689464344926,53.700628056732796
2021-07-01,39.79,43.81,37.08,42.56,55.31475036444945,47.33011303363816,51.02152622605909,53.48002156055987
2021-07-02,42.56,42.56,33.75,33.75,55.10017573395742,46.036768935196434,50.344211472095985,53.08932806431116
2021-07-06,32.71,32.71,21.13,25.86,54.80922871172899,44.11517189374916,49.38404631632751,52.550133449176286
2021-07-07,27.32,27.32,19.17,22.74,54.49013190862721,42.07944123720162,48.3391817549029,51.95983377691537
2021-07-08,13.83,22.09,12.17,18.06,54.1276430339145,39.79187540508718,47.15176286255377,51.28854993974873
2021-07-09,22.29,31.1,22.29,31.05,53.89801474501983,38.959315842697926,46.5203211816693,50.88778657460519
2021-07-12,28.13,37.61,27.02,37.61,53.73594494656192,38.83080957196479,46.17089682160384,50.62486010778132
2021-07-13,33.48,33.48,24.11,24.11,53.44115942470558,37.428827707968146,45.305763612913495,50.09981337297377
2021-07-14,27.84,30.91,18.83,19.13,53.099754853315474,35.68608221197118,44.27926307907375,49.486549741825776
2021-07-15,14.95,21.5,14.95,20.14,52.77179709358099,34.20550295368821,43.33262531126694,48.90542994495794
2021-07-16,25.27,25.27,16.92,16.92,52.41506279414238,32.55926457714648,42.29683608337412,48.27205509456273
2021-07-19,12.04,13.09,9.21,10.48,51.997798487733,30.4564774745611,41.04911702128101,47.523697567937724
2021-07-20,11.64,29.34,11.64,24.16,51.72080546795456,29.85681295317433,40.386798706720974,47.061050091344896
2021-07-21,30.82,38.09,30.82,37.18,51.57612083643263,30.5542593385863,40.2610418946927,46.865385733100446
2021-07-22,34.1,34.1,23.91,25.42,51.315860927612405,30.065282258720938,39.679040251763574,46.440724629474694
2021-07-23,30.27,32.96,25.73,32.96,51.133215545248106,30.340969662652277,39.41554847718461,46.173779587306875
2021-07-26,38.51,42.09,34.27,37.3,50.995571609474496,31.003734456685393,39.33258579180482,45.99806117963743
2021-07-27,32.05,33.06,26.7,31.9,50.80556592181803,31.089093079858213,39.04111183918502,45.71889165132778
2021-07-28,38.86,48.76,29.83,43.71,50.73496327582979,32.29108421510981,39.22420549255031,45.67911161862822
2021-07-29,52.34,57.69,51.89,51.99,50.74745120343348,34.167171432718405,39.72482488499932,45.804079705388055
2021-07-30,51.03,57.49,45.28,46.33,50.70349646509086,35.325536058173796,39.98385136009739,45.814493968647696
2021-08-02,54.07,58.11,44,44.05,50.63729252016458,36.15643738596677,40.14330816950533,45.77955349402101
2021-08-03,44.91,48.05,36.67,48.05,50.61154831598384,37.28915763492231,40.45337451579924,45.82451283077307
2021-08-04,40.2,45.62,37.16,37.16,50.4777020640835,37.27685690778685,40.324222574003194,45.65293831927261
2021-08-05,41.21,53.39,41.21,53.39,50.50668015299809,38.811441964188106,40.83660600247366,45.80614746146523
2021-08-06,60.89,60.89,55.26,58.25,50.58372811167473,40.662733205694,41.51948419845508,46.05256038302037
2021-08-09,54.66,58.66,54.66,55.82,50.63583031951876,42.106282424199335,42.080288739692136,46.24597502890116
2021-08-10,55.92,60.08,55.92,59.4,50.72303598798126,43.75330314570416,42.75949310284147,46.506450770903115
2021-08-11,58.79,62.74,55.29,62.74,50.84260776919538,45.56155998897043,43.54304239292612,46.82790719128127
2021-08-12,60.92,61.17,56,59.09,50.92467137348199,46.84998284716372,44.152727004968234,47.0707209102658
2021-08-13,57.07,57.07,52.71,53.11,50.94641593692993,47.446174956957655,44.503992612616535,47.19031059521103
2021-08-16,43.03,48.45,42.47,44.72,50.88446154949779,47.18653924677121,44.512463490553145,47.141393553721706
2021-08-17,35.9,38.48,29.25,36.61,50.74242710621921,46.17924979469776,44.202562961511845,46.93285110711336
2021-08-18,33.82,41.58,29.51,29.56,50.531656687251854,44.59646409996464,43.62834480615844,46.58883425350715
2021-08-19,23.88,25.91,21.04,24.23,50.26994866051303,42.656800852348965,42.86762540199536,46.1460850603684
2021-08-20,21.55,35.39,21.55,33.92,50.107262604189515,41.82472458069668,42.51673813132888,45.90398436610368
2021-08-23,40.72,48.32,40.72,47.21,50.07843412056574,42.33760795396366,42.700787616374804,45.9298460618244
2021-08-24,50,54.56,48.42,54.1,50.11844970145563,43.457835767871885,43.14781555298756,46.09163128832293
2021-08-25,52.38,63.43,52.38,56.99,50.18682333626702,44.74661331378885,43.690646315615496,46.307440569742276
2021-08-26,56.49,60.44,45.71,45.71,50.142277830433514,44.83836442676134,43.76983665617959,46.29561006341075
2021-08-27,52.35,75.59,52.35,74.58,50.38543924505607,47.67090114802216,44.97807835593726,46.85569699284816
2021-08-30,76.61,76.61,64.92,64.92,50.53006174013014,49.313672467258144,45.76011449884168,47.21340596328681
2021-08-31,67.2,71.52,63.65,69.12,50.71503625017859,51.19998937513832,46.67618844006358,47.64719990460787
2021-09-01,69.47,73.89,63.28,70.58,50.912697581022584,53.04570467274419,47.61359281496304,48.10131475798197
2021-09-02,73.01,76.15,71.03,72.94,51.13187471951987,54.94039946581618,48.606785253591944,48.59316991128925
2021-09-03,72.18,72.18,62.86,66.37,51.28349785663907,56.02893285002416,49.30338191031383,48.94518634868947
2021-09-07,66.53,69.26,58.06,58.06,51.35092573866257,56.222367816688525,49.646778698144665,49.12567770812136
2021-09-08,55.42,55.62,46.85,48.55,51.32305583081518,55.491666119861044,49.60376776880566,49.114278149544695
2021-09-09,46.72,56.26,46.22,46.22,51.27227915588169,54.608650298921894,49.47107099355838,49.05696571093985
2021-09-10,48.35,48.35,38.4,38.4,51.14419677622118,53.06496931807219,49.03691134675217,48.84593668696084
2021-09-13,40.84,46.57,37.03,43.63,51.0694286490946,52.16640081158912,48.82487560766385,48.742650811971515
2021-09-14,45.56,45.56,30.99,31.5,50.87470796601903,50.19817216286635,48.1454687210888,48.401212182031486
2021-09-15,30.99,38.6,30.79,38.6,50.7525715683472,49.09358433783146,47.77113661437943,48.20712877248631
2021-09-16,37.84,40.69,32.36,37.76,50.623292249259165,48.01419535327608,47.378543021658665,48.00025493540737
2021-09-17,37.1,39.49,33.19,39.49,50.512513221903355,47.202367224392646,47.069188393358324,47.83173503569633
2021-09-20,21.67,23.7,15.88,19.4,50.202935975914265,44.55452272683144,45.984122181854076,47.26873038152413
2021-09-21,24.02,24.88,19.4,21.95,49.92181223486039,42.401711038561785,45.04160758648725,46.76736938387019
2021-09-22,26.82,37.24,26.82,31.67,49.74020216287173,41.37964332060352,44.51723081838971,46.4684115742886
2021-09-23,37.06,53.63,37.06,50.68,49.74955338513171,42.265391575784136,44.75890804119796,46.55180936489675
2021-09-24,46.26,51.49,46.21,47.78,49.729955839011,42.79059237809041,44.87738223566079,46.57612997153245
2021-09-27,60.24,60.24,60.24,60.24,49.83453339285168,44.45244072303418,45.47983783426233,46.84670165526448
2021-09-28,57.75,58.26,46.46,46.46,49.80095594615664,44.64363684464997,45.518275566252036,46.839044196744396
2021-09-29,49.66,50.33,46.05,46.87,49.77179220539886,44.855671430873784,45.57128436757549,46.83965718294748
2021-09-30,49.97,51.9,39.65,39.7,49.671575367534196,44.3646551041239,45.341037921788214,46.6982778327901
2021-10-01,43.97,56.17,40.62,53.27,49.70738058775773,45.21278318944543,45.65197761112985,46.828410945012074
2021-10-04,48.81,49.7,47.18,47.95,49.68989421375019,45.47347050473634,45.742096136183584,46.85062062926926
2021-10-05,48.83,54.37,48.49,52.37,49.71656193301636,46.130282837618594,46.00201393476462,46.959915270273825
2021-10-06,45.45,47.72,39.03,47.5,49.69450659039928,46.26073209117873,46.06075848634248,46.970610017397114
2021-10-07,53.53,63.32,53.53,58.35,49.78063090293262,47.4120909396379,46.54268952609375,47.19594447249816
2021-10-08,58.06,58.9,52.99,52.99,49.812564923798966,47.9433203739581,46.79552523095282,47.310678245319984
2021-10-11,53.43,57.19,47.52,47.52,49.789753332517385,47.90300414786685,46.82393600620957,47.314823230561174
2021-10-12,49.2,54.8,49.05,52.57,49.81741747846249,48.3474799433081,47.04927184910331,47.4188861368867
2021-10-13,54.75,55.04,46.73,54.75,49.86649790156236,48.95724375823114,47.351261188354165,47.5640567084335
2021-10-14,61.98,65.34,61.98,63.76,50.004741703536865,50.367030066971026,47.994741141752044,47.88476845678135
2021-10-15,72.37,72.37,60.64,60.69,50.11106268161112,51.35017006059283,48.49259443031079,48.13833739823123
2021-10-18,56.53,58.66,55.54,56.29,50.172544644978174,51.82063005482208,48.79837504088684,48.29975645965239
2021-10-19,56.49,60.25,53.56,58.4,50.25440987239133,52.4472367162676,49.17490935300892,48.499761282233536
2021-10-20,56.96,66.28,56.07,62.99,50.38113216221828,53.451309409956394,49.71667761367524,48.786696702387324
2021-10-21,64.53,67.6,60.46,64.13,50.51793681732058,54.46832756138912,50.281905942550715,49.09052449045886
2021-10-22,60.56,62.4,58.63,60.11,50.61338023207361,55.00562969839968,50.66732139578402,49.30873192629136
2021-10-25,61.55,66.46,59.32,65.9,50.76548590140621,56.04318877474257,51.26468134104739,49.63727188814698
2021-10-26,64.36,66.55,58.8,58.8,50.845431315322564,56.30574222476709,51.56018403355534,49.818712048777726
2021-10-27,55.33,55.33,41.83,41.83,50.7557255310905,54.9271001081226,51.178608189102185,49.66051973098015
2021-10-28,49.18,55.68,49.18,55.68,50.804723287000044,54.99880485972997,51.355133358157005,49.77971736006965
2021-10-29,54.54,57.36,52.1,55.07,50.8471638513085,55.0055853492795,51.50081440293516,49.884475432147475
2021-11-01,58.48,74.31,58.48,73.96,51.07714232044971,56.81076769696717,52.381566779290644,50.36121849289703
2021-11-02,72.02,72.02,67.32,70.26,51.26801652621638,58.09164696392268,53.082681807553755,50.755253770265405
2021-11-03,67.44,81.66,67.44,80.1,51.554901933915716,60.18768058640623,54.14218448176733,51.336337854022524
2021-11-04,81,81.84,72.66,74.75,51.78569892959815,61.57456814960564,54.950334109933316,51.7999747282003
2021-11-05,78.32,82.04,77.97,80.1,52.06743326860712,63.33889499250034,55.93659551738691,52.36037126823594
2021-11-08,81.29,83.23,78.07,78.17,52.32716030076028,64.75138118369078,56.80849373239135,52.871453025300575
2021-11-09,76.98,76.98,72.47,74.04,52.54320845697163,65.6360115471488,57.48423907621914,53.29063217331443
2021-11-10,70.52,72.25,64.11,65.7,52.67412180565847,65.64210568551557,57.80642577911251,53.5363622292884
2021-11-11,67.29,69.33,66.89,67.47,52.821344474258886,65.81619085832361,58.18538947404927,53.81227584851041
2021-11-12,67.62,67.62,63.95,64.79,52.940435574017506,65.71845839562613,58.444393808400285,54.02965652477753
2021-11-15,65.73,65.73,60.17,62.46,53.035157608106886,65.40812902461411,58.60186856101204,54.19659401933639
2021-11-16,57.69,59.83,56.05,57.83,53.082867482653086,64.68640245084134,58.57159920567823,54.26854265261686
2021-11-17,54.3,54.3,47.14,50.07,53.05288870173116,63.29436412218978,58.238203158396736,54.185403194149195
2021-11-18,49.82,49.82,41.52,45.1,52.97375548081842,61.56156753912409,57.722979505126276,54.00549422000763
2021-11-19,38.18,41.32,37.74,38.3,52.827747963596345,59.346180154445605,56.96129403433701,53.694494334462924
2021-11-22,41.09,46.51,39.5,39.5,52.69513355599837,57.456067758784116,56.27653740553948,53.413415238730984
2021-11-23,39,40.69,35.37,39.52,52.564037699719776,55.747870829376104,55.61941829159675,53.138298105290765
2021-11-24,33.34,37.33,33.34,36.25,52.40170896638923,53.8909307503879,54.85983326055374,52.80387636063154
2021-11-26,17.18,17.18,9.56,12.2,52.00169196174854,49.92036591701763,53.18689862288497,51.99983920497547
2021-11-29,16.94,16.94,10.26,11.56,51.59928706660676,46.26699773444452,51.55447122590909,51.19905030982744
2021-11-30,9.42,9.77,6.53,7.92,51.16466729479973,42.614902712116475,49.843315491559714,50.342039412603135
2021-12-01,11.9,14.94,5.82,5.82,50.71347657544849,39.11062626334348,48.11691096247894,49.460414869779314
2021-12-02,6.07,12,6.07,11.01,50.31841710703607,36.43437614302505,46.6617379835582,48.6990205159223
2021-12-03,11.31,11.31,7.17,8.37,49.90101992189143,33.7615784151179,45.16010119988925,47.90042605026047
2021-12-06,14.11,20.29,14.11,16.81,49.57175604207162,32.14714237558287,44.048332525383785,47.284774049265216
2021-12-07,25.24,32.23,25.14,26.19,49.33910175309578,31.579795482670214,43.34800575968246,46.86705575125996
2021-12-08,28.94,36.82,28.94,35.27,49.199110690875926,31.931243531939717,43.03122122008707,46.63741108291818
2021-12-09,31.43,33.18,24.51,24.51,48.95344789793189,31.224458433659745,42.30489881929934,46.199244526820785
2021-12-10,31.55,31.55,22.66,24.77,48.7128165755644,30.60974810664453,41.61725572834642,45.77490305104215
2021-12-13,22.97,24.87,18.83,21.22,48.43925621162844,29.715486382202194,40.81736334684264,45.28866734706112
2021-12-14,23.37,25.12,18.28,18.33,48.13966162245801,28.631154345801985,39.93550596069195,44.754832350089615
2021-12-15,20.47,30.46,15.53,29.27,47.95190379536887,28.691996789058937,39.51725082497854,44.44820200652348
2021-12-16,34.61,39.66,22.47,24.52,47.71875052377316,28.294663761529513,38.92912334164605,44.053584145008166
2021-12-17,24.02,32.91,20.62,31.36,47.55597688672069,28.58660054614575,38.63229497530698,43.802226043126815
2021-12-20,20.12,25.07,17.53,24.38,47.32537015152944,28.1859719227033,38.07338144686357,43.41762750761935
2021-12-21,32.48,43.82,32.48,43.67,47.28899830922567,29.660641263398222,38.29285668424147,43.422624982715995
2021-12-22,45.97,54.87,44.22,54.87,47.364431161870186,32.06153257164601,38.94294073583985,43.64930567612756
2021-12-23,61.46,68.26,60.06,66.56,47.5554318468267,35.347100898155915,40.0259626677677,44.102982791451765
2021-12-27,67.46,72.26,62.21,72.26,47.80124844536574,38.862615098331545,41.290042563149356,44.66054748865074
2021-12-28,71.21,75.81,67.69,67.69,47.999146470784986,41.60808032706188,42.3253350116533,45.116576251251715
2021-12-29,65.8,67.69,63.9,66.48,48.18303556062792,43.976834581627415,43.272576775902195,45.53961434528633
2021-12-30,66.73,74.28,65.76,65.76,48.35793072917889,46.05142176432957,44.15443651018054,45.9400180216173
2021-12-31,67.51,69.46,63.61,65.41,48.52760306023183,47.89509588201246,44.987988019585224,46.32556221920903
2022-01-03,70.62,78.88,70.02,77.65,48.817378154159876,50.72889627420175,46.26885123450345,46.94584811585836
2022-01-04,80.65,80.65,68.45,69.9,49.02715548595928,52.55471567665873,47.19556295079743,47.40038577693047
2022-01-05,69.55,71.97,51.2,51.2,49.04877582938257,52.425695136024565,47.352599697824985,47.475625662535805
2022-01-06,52.43,56.33,47.26,52.56,49.083713383319065,52.4384860754508,47.556811474380865,47.576306342485594
2022-01-07,51.33,53.74,44.92,44.92,49.04228339940544,51.72243978255072,47.453407102836515,47.52370621689182
2022-01-10,40.18,42.3,35.35,42.3,48.97519600239643,50.825064565164936,47.25131270664685,47.420266489824655
2022-01-11,42.55,45.9,37.42,45.51,48.94071644018353,50.31886793991113,47.18302593383717,47.38243943062021
2022-01-12,49.21,49.21,38.26,39.05,48.84230135122648,49.24564242182436,46.86408374035336,47.21744063001387
2022-01-13,41.76,46.3,39.94,39.94,48.753721238278956,48.35939076260299,46.59255104465323,47.07333289476607
2022-01-14,32.98,38.46,32.05,38.41,48.65079863889309,47.41182973759318,46.271666689960945,46.901781748335054
2022-01-18,33.03,33.03,26.08,26.08,48.42621357780958,45.38022690544145,45.479836623687966,46.48946923846703
2022-01-19,26.38,26.38,17.89,17.89,48.122370656637344,42.76211005730416,44.39788224628844,45.92314311493303
2022-01-20,18.63,23.37,10.3,10.3,47.74602866005389,39.6704805280371,43.06071039349281,45.217734340379906
2022-01-21,8.33,14.05,6.36,6.36,47.33422737985435,36.49805381108119,41.62146684864996,44.44827425443179
2022-01-24,4.93,14.69,3.94,13.96,47.00214551537818,34.35157249574013,40.536703442820546,43.84454605137373
2022-01-25,11,16.48,5.18,13.91,46.672870435623175,32.404756067574404,39.49251899408249,43.251782763227716
2022-01-26,17.02,20.63,7.69,9.68,46.30478217258215,30.24049358494827,38.32340060215768,42.58699498573806
2022-01-27,13.68,13.98,5.58,6.52,45.90891369325298,27.981398957810338,37.07620842168091,41.8727970652284
2022-01-28,6.82,10.23,5.98,10.18,45.553402114215636,26.286027628495066,36.021455150242446,41.245216925322886
2022-01-31,9.34,20.16,9.34,20.16,45.3007314464125,25.702596425781252,35.39943730121333,40.82768787729669
2022-02-01,22.24,28.92,17.54,28.72,45.13574904396064,25.989968194754464,35.13749858351869,40.58793168170666
2022-02-02,31.63,31.63,19.49,22.67,44.91220925247844,25.673780747634993,34.64857707043953,40.23312115335603
2022-02-03,18.82,23.56,16.45,16.94,44.633878812155274,24.84199210500309,33.954123067677195,39.7718712295272
2022-02-04,16.94,25,15.81,22.87,44.417322804074125,24.654183333098032,33.51945157482711,39.43718071013062
2022-02-07,26.43,34.23,25.29,30.18,44.275657900550996,25.180451587088697,33.388492689539774,39.25387020101912
2022-02-08,31.96,45.45,31.96,45.15,44.28435782193855,27.082313340699297,33.84972827034213,39.37062524654349
2022-02-09,56.52,58,53.95,56.27,44.40361794311329,29.862093022537458,34.728954612681655,39.70526633077035
2022-02-10,49.3,63.24,44.16,45.55,44.41502472974898,31.356179401343415,35.153309333752965,39.821003631151136
2022-02-11,53.06,57.36,38.73,42.83,44.39925333940322,32.44892422026309,35.45435602654697,39.880587717663
2022-02-14,47.23,51.08,38.63,40.81,44.36353937582707,33.2452171516666,35.66438128040787,39.898991921273634
2022-02-15,56.07,65.66,56.07,65.39,44.57275788950043,36.30662504198407,36.83009181843109,40.40376435847614
2022-02-16,61.69,67.47,60,66.93,44.79521801000291,39.223136942747495,38.01048037457105,40.929036351377604
2022-02-17,54.07,54.32,46.36,47.42,44.821335243734225,40.003790567247734,38.379481144195715,41.05757028501369
2022-02-18,42.97,49.05,40.94,41.28,44.78609807712991,40.125334322747946,38.493226981678234,41.061974833825296
2022-02-22,37.42,42.12,29.1,31.3,44.6519080465117,39.284826292010045,38.2111396490634,40.86866840147232
2022-02-23,37.39,37.39,22.28,22.29,44.42940149878522,37.666271407056705,37.58678123145307,40.50077397768079
2022-02-24,15.6,35.48,15.6,35.23,44.337865165463974,37.43424555876559,37.49435843806275,40.39640221574651
2022-02-25,38.55,50.74,33,50.74,44.40156799963846,38.70146026745458,38.013795362060286,40.60122593424658
2022-02-28,48.61,48.61,47.89,47.89,44.43627876581121,39.57655928960176,38.40109750472459,40.74555809396447
2022-03-01,43.87,43.87,34.15,36.75,44.35979838008174,39.307363166782544,38.336348582970686,40.66643813170775
2022-03-02,42.63,54.68,42.63,52.13,44.4371138190859,40.52856667470802,38.877276089520855,40.89343935682245
2022-03-03,55.5,55.5,42.01,45.75,44.450177363174596,41.02584603902154,39.14679467424553,40.98960887450913
2022-03-04,38.66,38.66,32.9,36.79,44.373956692894254,40.622432130543295,39.05437135368688,40.90644830273667
2022-03-07,36.59,36.59,28.91,28.91,44.22008647704456,39.506962403824886,38.65655286922857,40.66889487099931
2022-03-08,28.76,36.66,28.56,29.06,44.06923984543218,38.51201360346061,38.280217462592155,40.43901576464289
2022-03-09,34.47,45.3,34.47,44.33,44.071834473835835,39.06610754598817,38.51746383660815,40.51606495742224
2022-03-10,38.32,42.79,34.34,42.31,44.05430378255389,39.37504968446549,38.66619074497646,40.551588423611896
2022-03-11,45.79,47.19,35.1,35.1,43.96520623247872,38.96790209546877,38.5263401275264,40.44363617759978
2022-03-14,37.59,38.63,27.25,28.94,43.815701692852066,38.012863800662224,38.150405220564586,40.215841401805726
2022-03-15,31.87,34.26,29.18,33.53,43.71335640237593,37.585924391075345,37.96921285897382,40.08344850276007
2022-03-16,42.83,54.87,38.4,54.85,43.82416877648164,39.23012206811579,38.631204511563084,40.37585546310145
2022-03-17,57.29,68.14,57.29,68.14,44.066117345869884,41.98344377591429,39.788412177776294,40.92564050343608
2022-03-18,66.89,72.17,65.1,71.92,44.34327040710501,44.834544368684355,41.048474445314476,41.539390196437346
2022-03-21,74.26,74.26,61.57,63.56,44.53448164683531,46.61792109547632,41.931279369027635,41.975441875715816
2022-03-22,69.28,75.31,68.39,72.5,44.812745511045904,49.08288099114524,43.13005272710498,42.579888571246194
2022-03-23,66.53,66.53,52.78,52.78,44.892021675115096,49.43498756341712,43.508482031924395,42.78187097577597
2022-03-24,56.62,59.31,52.88,59.29,45.03528514103435,50.37356017642501,44.12736508949599,43.108764619820015
2022-03-25,60.73,62.53,57.1,60.98,45.193939020228036,51.38369730247977,44.78825273304516,43.46265046893249
2022-03-28,57,58.69,50.02,58.69,45.32822818420587,52.07953565462455,45.333419292533584,43.76418214281501
2022-03-29,69.95,77.82,69.95,77.42,45.64754929680083,54.49291321132697,46.591716575179326,44.43063398157115
2022-03-30,76.78,76.78,60.43,60.98,45.80011099534013,55.1107310007244,47.15596298399582,44.75834419975786
2022-03-31,62.92,65.17,55.95,56.33,45.90488601031187,55.226851857798266,47.51572914148618,44.987485898772555
2022-04-01,59.92,60.26,54.73,59.93,46.044439383343594,55.67477072848415,48.00256329280045,45.28337726711369
2022-04-04,59.99,60.43,55.66,60.38,46.18708177753918,56.12288780196185,48.48795296759259,45.58232029152728
2022-04-05,60.23,60.23,42.74,42.74,46.152782456369636,54.84832705891787,48.26254304729484,45.52603672139803
2022-04-06,32.95,37.12,29.52,34.32,46.03504332745054,52.89324829140188,47.71577665328328,45.30413500414262
2022-04-07,34.87,34.87,27.06,31.55,45.890913543097795,50.86055797793504,47.081824627664325,45.0317758951497
2022-04-08,30.31,31.95,27.1,27.1,45.70393927898737,48.59764769432218,46.298223661873564,44.67669122395861
2022-04-11,23.31,26.5,19.83,20.88,45.45693490805217,45.95787172343435,45.30143057709421,44.205469615563395
2022-04-12,24.97,31.05,21.98,22.64,45.22990072986259,43.73712203548822,44.412747025051296,43.77843061327501
2022-04-13,24.98,32.66,24.98,31.37,45.09199126986396,42.55930088925125,43.901266749559085,43.53271911598244
2022-04-14,32.11,33.91,28.87,28.97,44.931573446283224,41.265081756941605,43.31572687702736,43.24434844041843
2022-04-18,27.63,27.78,23.14,24.43,44.727577690598814,39.66174063723288,42.575110136751775,42.871787085162616
2022-04-19,25.98,40.34,25.98,38.85,44.66909433049335,39.58443200511547,42.42902738629092,42.79214773694157
2022-04-20,45.93,48.72,44.78,45.08,44.673182944120285,40.10781943319971,42.53298709663245,42.83745174215065
2022-04-21,49.02,49.02,32.46,33.01,44.557131372537,39.43183663003783,42.15953662225471,42.642848737355585
2022-04-22,28.97,29.12,17.7,17.7,44.2898962345018,37.36213790336756,41.20033910765649,42.148930940576264
2022-04-25,13.81,20.14,10.27,20.1,44.04920074958139,35.718124769713505,40.372874828924864,41.71231844670346
2022-04-26,17.56,17.56,10.12,10.12,43.71159676202336,33.280208124978884,39.18648758073173,41.086727982412306
2022-04-27,12.47,14.02,8.48,10.32,43.37934206787388,31.093521636885658,38.05446845991872,40.47748584414671
2022-04-28,13.62,21.6,10.27,20.2,43.148701848293044,30.05604338575369,37.35429322619642,40.07595147099529
2022-04-29,20.2,22.45,11.17,11.38,42.832595362240376,28.27737258711048,36.33569349183578,39.5077148082033
2022-05-02,11.67,16.66,9.83,16.56,42.571176502914604,27.161432340719006,35.560176099999076,39.05330461398145
2022-05-03,17.01,24,17.01,22.15,42.36798071681595,26.68415307017434,35.034286841175586,38.718585710734295
2022-05-04,23.95,38.87,20.8,38.84,42.332876431076485,27.841852777776783,35.183530494462815,38.72098995408609
2022-05-05,32.75,32.75,17.42,21.81,42.128668705394134,27.26739060846471,34.659078318209374,38.38611886588637
2022-05-06,15.57,21.41,15.57,18.93,41.89783618096235,26.473353407658546,34.04225171749528,38.00084918537377
2022-05-09,13.48,16.18,12.38,13.24,41.61268358214681,25.21303403550059,33.2264771403386,37.51053534011884
2022-05-10,15.74,15.74,8.19,12.14,41.31942304899112,23.967983174976727,32.39955646816846,37.008148501700646
2022-05-11,12.49,15.99,8.84,8.84,40.996244710195185,22.527222872597992,31.47565229294617,36.45036338285509
2022-05-12,9.34,11.94,7.84,11.89,40.70663033496936,21.51415402758866,30.70758749714436,35.96401955349162
2022-05-13,15.84,22.58,15.84,19.49,40.495519585367674,21.321377453532598,30.26768210509948,35.63780134451159
2022-05-16,19.04,23.68,19.04,20.93,40.30083779844859,21.284103410339018,29.901498493134795,35.34655775353116
2022-05-17,32.28,39.58,29.38,39.51,40.29296876562821,23.019903085544826,30.278302473796177,35.42900215445133
2022-05-18,35.21,37.31,23.01,24.61,40.1369193251742,23.17134088692151,30.056016102274757,35.21476448802655
2022-05-19,23.26,31.31,23.26,25.66,39.992870376665,23.408356040548032,29.883623313950256,35.02556123083791
2022-05-20,33.86,33.86,17.35,26.91,39.86269256197182,23.74184594144822,29.767010634971815,34.86485704804904
2022-05-23,33.86,38.01,30.21,35.48,39.81908368075817,24.859765375596005,29.99104943360037,34.877038096602526
2022-05-24,31.28,32.34,21.87,32.34,39.744664937666045,25.57216867315829,30.08316514208663,34.82679971845198
2022-05-25,31.64,45.11,31.64,40.46,39.751782699480316,26.99005737095274,30.49009984239696,34.938348238878675
2022-05-26,48.82,60.64,48.82,56.86,39.922013717395934,29.834813811814385,31.524213574067666,35.37244035296028
2022-05-27,63.02,73.34,63.02,73.33,40.25443149135219,33.97721249640349,33.16365617900619,36.124075197456115
2022-05-31,71.97,72.97,66.36,69.66,40.547024212831275,37.37557321103173,34.59488534845693,36.78815291631837
2022-06-01,76.07,76.07,58.05,64.91,40.78944188235534,39.997899571885846,35.78371337400763,37.34502117540117
2022-06-02,68.21,78.72,68.21,78.72,41.16686037108812,43.68571866027767,37.46748932012498,38.164327686779366
2022-06-03,76.37,78.02,74.02,77.61,41.52947867585341,46.91660259739408,39.04170542521812,38.94543010882334
2022-06-06,81.67,81.67,75.21,76.64,41.8788370969892,49.747402350023215,40.516148349719366,39.69185723538129
2022-06-07,74.33,83.65,74.33,83.65,42.2944705587107,52.97622117383053,42.20767194384802,40.562315507948
2022-06-08,79.19,82.25,73.13,75.33,42.62318229444492,55.105152490608575,43.50658676957947,41.25078450779061
2022-06-09,69.27,69.27,57.02,57.02,42.766434211913136,55.287518920074426,44.036524543321455,41.56304620070565
2022-06-10,45.13,45.13,30.44,32.79,42.66716620980455,53.144898070543526,43.59548436515199,41.389322513562966
2022-06-13,23.21,23.21,13.49,15.09,42.3927665460254,49.520622063825094,42.477622233185244,40.86854384992806
2022-06-14,15.64,15.64,12.33,14.29,42.1131370281545,46.16532472441318,41.37222528286426,40.34223605091958
2022-06-15,17.5,25.17,17.5,20.12,41.89429984379475,43.6848176078024,40.53880468353625,39.94179573307959
2022-06-16,13.84,13.84,6.87,8.83,41.56530183539878,40.36531116896408,39.295322146926985,39.32572057004831
2022-06-17,11.19,16.86,11.19,14.8,41.29898042410128,37.930519629062736,38.33472127842004,38.84006273697805
2022-06-21,25.1,25.1,21.58,21.58,41.10277166366246,36.37332728343772,37.677673385148665,38.49827931644383
2022-06-22,22.23,28.56,22.23,25.75,40.95000776651159,35.36158182787222,37.20992148769186,38.24583814186078
2022-06-23,27.81,34.88,26.9,34.88,40.88960967928262,35.31571689188439,37.118552017586296,38.179187881625914
2022-06-24,44.62,46.43,43.32,45.83,40.93876779192657,36.3170771878954,37.460177428661346,38.33068911169273
2022-06-27,48.39,50.3,43.42,46.65,40.99559597310143,37.3011650747625,37.82056262753737,38.49542794116416
2022-06-28,56.25,56.25,35.05,35.05,40.9364358141651,37.08676840097559,37.711913112731985,38.427201645299526
2022-06-29,34.25,34.25,28.82,32.49,40.852391676710724,36.64898093421601,37.50713220635034,38.30963329588766
2022-06-30,26.41,35.86,24.1,32.61,40.770377829181264,36.2643160833383,37.31508780610131,38.19676927022652
2022-07-01,33.26,43.01,32.96,39.63,40.75903078610483,36.584857408734656,37.405868676450275,38.225150076756684
2022-07-05,34.51,47.19,28.1,47.19,40.82302052952667,37.59487098885516,37.7895601009032,38.402671857414965
2022-07-06,49.31,49.31,40.68,43.6,40.850652166048796,38.166788037535625,38.017420489103074,38.50558924637704
2022-07-07,51.44,56.59,51.44,55.86,40.99999891066523,39.851855843484614,38.71712948953041,38.84924094446858
2022-07-08,53.64,62.28,53.13,56.98,41.159003896628754,41.48310766791465,39.43332048994098,39.20826587626129
2022-07-11,49.69,52.42,46.5,47.44,41.22150137029414,42.050430747160874,39.747307921708,39.37127051237493
2022-07-12,49.26,56.1,47.29,49.41,41.302978968599675,42.75134210457412,40.12623702281749,39.57005723490216
2022-07-13,42.02,47.13,41.67,45.26,41.3423523121957,42.99026190413849,40.327561061138375,39.68272936886449
2022-07-14,36.1,37.46,30.27,37.46,41.303721940930075,42.46357029422054,40.21510768619177,39.63871492591668
2022-07-15,43.79,56.7,40.25,56.4,41.45393366291087,43.79084931381858,40.8498093455568,39.97062156104705
2022-07-18,65.82,68.15,52.15,52.25,41.561357208553545,44.59648271250253,41.29687564573104,40.213777569739186
2022-07-19,64.35,78.63,64.35,78.43,41.92820937563261,47.818722454168956,42.75307660080041,40.97053444954633
2022-07-20,79.54,84.7,79.54,84.3,42.34981923259149,51.2931298394862,44.382367714494514,41.828543668367196
2022-07-21,81.16,81.62,75.54,81.61,42.740467797441326,54.18045080715418,45.84227486294571,42.616295278894576
2022-07-22,78.01,78.31,68.79,71.68,43.028423341745395,55.847074539806165,46.85551898596744,43.191814184263
2022-07-25,71.37,75.58,71.37,75.05,43.347045995061364,57.67592458363415,47.961184908086366,43.822669348931065
2022-07-26,69.26,71.6,66.98,69.03,43.60259777620503,58.757265099478516,48.78741295090651,44.32182441132847
2022-07-27,72.03,79.64,70.76,78.98,43.954611728680604,60.683239851909136,49.971435972439586,45.00812491803484
2022-07-28,74.51,79.28,71.72,78.98,44.30312305476338,62.4257884374416,51.10902671861842,45.680835315697514
2022-07-29,75.78,77.2,75.02,76.54,44.623887999492105,63.76999906244716,52.106319788476526,46.2919078837035
2022-08-01,72.29,77.87,72.29,75.83,44.93439657661159,64.91857058030934,53.03666018892843,46.87682059887769
2022-08-02,75.22,80.25,75.22,76.59,45.24937770520252,66.03013528694655,53.960320573676334,47.46520038899892
2022-08-03,80.4,81.52,79.39,80.6,45.60112519072289,67.4177414500945,55.00501388451256,48.12133503476132
2022-08-04,80.35,80.96,78.07,78.25,45.92598961668585,68.44938512151407,55.91658196747285,48.717942261795756
2022-08-05,74.23,78.55,74.23,78.15,46.2466265359228,69.3732532051794,56.78848071384647,49.300755286314654
2022-08-08,80.28,83.13,78.96,80.58,46.588252142530536,70.44056242373374,57.72148147016622,49.92014627074407
2022-08-09,75.25,75.25,70.37,72,46.84110535504267,70.58908028814005,58.28142337329695,50.35737109706597
2022-08-10,77.38,80.38,77.38,80.18,47.17283565001737,71.5025012130791,59.14019108414805,50.947918204054766
2022-08-11,81.8,83.68,78.91,79.01,47.48962335499232,72.21750109754775,59.919399276926555,51.503602992093285
2022-08-12,79.26,84.34,79.26,84.34,47.8562937693705,73.37202480254321,60.87706989351767,52.15382867541817
2022-08-15,80.28,83.38,80.13,83.37,48.20966398062055,74.32421291658672,61.75914558396796,52.77197068184553
2022-08-16,81.64,82.76,79.05,81.34,48.539319065390494,74.99238311500703,62.52702222773392,53.337674232700074
2022-08-17,76.71,76.71,72.29,73.43,48.78698753240153,74.8435847231016,62.95458998350907,53.73554206967631
2022-08-18,72.87,76.18,72.31,76.18,49.05955482063634,74.9708623685205,63.473233513567536,54.17998678116787
2022-08-19,68.8,68.8,60.66,61.4,49.182345319933496,73.67839928580426,63.391930238525674,54.32295733995662
2022-08-22,48.01,48.01,39.91,41.08,49.101724968491375,70.57378983001338,62.5169525821129,54.06072056094758
2022-08-23,41.39,44.29,37.21,37.21,48.98339934691435,67.39628603667877,61.524523069088865,53.72704292607733
2022-08-24,34.52,42.1,34.52,38.56,48.879683930527136,64.6499730808046,60.62395353696773,53.42670544239263
2022-08-25,40.49,51.19,40.49,51.19,48.902672150123884,63.368070882632736,60.2539945747337,53.382414245513566
2022-08-26,49.36,49.36,24.75,24.77,48.662546059077876,59.69206413190581,58.86246537572454,52.81583178520636
2022-08-29,19.16,22.17,19.16,19.46,48.37197346147511,55.86043897648621,57.31727065510789,52.15532026470723
2022-08-30,19.36,19.36,12.23,12.94,48.019416511609684,51.77277812158276,55.57698553137817,51.37877926936649
2022-08-31,12.13,13.86,12.13,12.64,47.66738251646929,48.04584687190821,53.89318217720648,50.61167472937903
2022-09-01,8.25,9.53,7.44,9.53,47.287906073519345,44.377670979345524,52.15344954280622,49.79817621988638
2022-09-02,9.83,13.55,9.53,9.63,46.9132005404495,41.06836898131262,50.48586328622559,49.00276678978962
2022-09-06,10.5,10.75,8.36,8.36,46.52958660472363,37.953286221187604,48.83386864755008,48.19795952662547
2022-09-07,6.83,14.33,6.83,14.33,46.20919270815922,35.703449438217355,47.48077575941086,47.52730686273189
2022-09-08,13.41,19.38,13.41,19.33,45.94173805434669,34.144073301244276,46.37682376884573,46.96894435059858
2022-09-09,24.23,30.2,24.23,29.79,45.78102424286066,33.729399653506725,45.726360091636096,46.62876723474515
2022-09-12,36.53,41.42,36.17,41.42,45.7376309668123,34.46183778174418,45.557483225297425,46.52562332910663
2022-09-13,28.41,28.41,19.18,19.65,45.478052549232075,33.05118656443521,44.54150349097203,45.99343276813422
2022-09-14,20.52,26.28,20.52,25.93,45.283544563667576,32.37297832020329,43.81164060897313,45.59613706975532
2022-09-15,25.11,31.85,23.94,24.7,45.07873317497437,31.642218480183928,43.06216450666046,45.18235217728492
2022-09-16,18.17,19.95,13.37,19.92,44.828397521492036,30.52581672016641,42.15462864365416,44.68210757971492
2022-09-19,17.32,26,17.32,26,44.641050282472214,30.094786556341038,41.52111379488341,44.31216485536413
2022-09-20,21.71,23.09,18.49,21.25,44.40830351349239,29.252425931927608,40.72616815586838,43.85548832357474
2022-09-21,23.19,27.79,16.86,16.86,44.134191040721326,28.072194890791646,39.79023999289315,43.320924198355435
2022-09-22,12.31,12.31,9.04,10.27,43.79723391593803,26.3767477583353,38.632583522583616,42.66645045185335
2022-09-23,6.08,6.13,4.39,6.08,43.42193805607795,24.443724162303365,37.3560116197372,41.941966284489915
2022-09-26,6.59,9.81,5.46,5.62,43.04579936895279,22.650988527798283,36.11146214445339,41.2227194273713
2022-09-27,8.17,9.76,5.72,6.39,42.68106504687366,21.102322953722258,34.945914609376786,40.532962607027315
2022-09-28,7.71,19.58,7.71,16.87,42.42423852899432,20.699244577177282,34.237055212930635,40.06438909005648
2022-09-29,12.7,12.7,8.33,9.96,42.1012112799496,19.676459379350874,33.285013832031396,39.4682625734217
2022-09-30,10.01,19.62,9.86,9.86,41.78040320751229,18.741558486079363,32.3663858386184,38.88196034424503
2022-10-03,12.55,21.65,12.55,19.32,41.556916608432566,18.796648154071804,31.85476286455493,38.49459479287384
2022-10-04,41.2,48.93,41.2,48.93,41.63028062227901,21.666491187017346,32.52438000712141,38.70123648014366
2022-10-05,41.24,45.41,35.38,44.6,41.659830068823496,23.850634883491885,32.997933732332335,38.81804367855666
2022-10-06,47.65,47.65,40.78,41.9,41.662219819382464,25.56962203744504,33.347034370280085,38.87907251660504
2022-10-07,36.71,36.71,24.28,26.05,41.50687434854284,25.61537231959313,33.060876159680866,38.62503147667227
2022-10-10,28.55,31.76,25.29,27.99,41.37237808636828,25.84152733677474,32.86201827106593,38.41443679396589
2022-10-11,26.31,36.51,21.77,30.45,41.26369770739944,26.280429495177145,32.76742931925942,38.256725174283396
2022-10-12,26.73,34.54,26.27,31.07,41.16226787946511,26.736579067065037,32.70086346360219,38.114413784693625
2022-10-13,21.68,53.26,21.68,51.88,41.268911980166955,29.131190584487413,33.452986465029554,38.386999650343256
2022-10-14,56.73,56.73,38.36,38.41,41.24046509479216,30.014886719298136,33.647379152675455,38.38745510281171
2022-10-17,53.82,62.65,53.82,62.02,41.44722663613751,33.06299274603165,34.76003095060975,38.85542628889464
2022-10-18,75.19,75.19,65.33,68.75,41.71889602284261,36.46175534164768,36.09297091333094,39.447398045550194
2022-10-19,64.52,64.52,52.37,56.94,41.870349793759594,38.412064356728855,36.910501465749334,39.79378620306405
2022-10-20,58.52,63.78,47.95,50.63,41.95751049232915,39.57567727513563,37.4485210161121,40.008364694092485
2022-10-21,52.06,62.28,50.89,62.28,42.159724318276126,41.73799372512271,38.42230450567634,40.44938717539758
2022-10-24,61.06,63.82,58.76,63.27,42.36977681262164,43.78866098939674,39.396723936826284,40.90128049865704
2022-10-25,66.24,78.77,66.24,77.95,42.72380888413784,47.04212184754943,40.90861711577427,41.63491850858462
2022-10-26,79.18,86.08,79.18,79.23,43.087054566882735,50.107634052544725,42.411416444567436,42.37937556782057
2022-10-27,81.89,81.94,76.16,76.16,43.41613860104311,52.58881176182618,43.73489030948636,43.04829882390333
2022-10-28,76.77,82.81,74.93,82.81,43.80811732143074,55.46702016546178,45.267247552251604,43.83565924323198
2022-10-31,81.79,83.52,80.76,81.89,44.18704152718765,57.9834944354178,46.70343392275154,44.5892105453462
2022-11-01,86.59,86.59,82.19,82.19,44.56518041746439,60.288875917758965,48.095063964996584,45.33378063355716
2022-11-02,78.65,78.65,65.89,65.89,44.77736767699211,60.822316306543826,48.792904593820246,45.74083448239762
2022-11-03,57.45,64.56,57.45,60.31,44.93192123244492,60.773524277349175,49.24455539406259,46.02933280947885
2022-11-04,64.82,65.59,58.21,64.51,45.12672798635094,61.12937910807783,49.84320028056994,46.39528661523175
2022-11-07,66.71,66.71,62.67,64.25,45.31700929991959,61.4265810977847,50.408172818586806,46.74884529611825
2022-11-08,63.74,67.53,58.35,62.25,45.48549676957213,61.50500194561473,50.87255819825007,47.055798854610956
2022-11-09,56.46,57.48,48,48,45.5105167022132,60.21881128412761,50.75990885714222,47.0744959069949
2022-11-10,65.07,74.3,65.07,74.3,45.796979222589194,61.55987687611546,51.6830496862739,47.61361479992569
2022-11-11,75.12,79.07,75.12,75.74,46.09491972783706,62.91036479267589,52.62645950249845,48.17057292269944
2022-11-14,73.02,76.05,69.28,69.28,46.325617043977985,63.51699671718295,53.279539522008314,48.58858137967569
2022-11-15,74.46,76.92,72.66,73.62,46.5972029440379,64.47918750602267,54.0772046387923,49.084253035523695
2022-11-16,68.95,68.95,62.8,63.44,46.764792964495236,64.38021726735384,54.44437308432986,49.36852525264204
2022-11-17,52.66,58.26,51.79,58.26,46.87917313400275,63.797339432367764,54.594005512395356,49.54459405952041
2022-11-18,62.57,62.57,56.98,59.11,47.000872903813665,63.35092615309464,54.771103335438674,49.73400803853981
2022-11-21,55.93,55.93,51.77,55.11,47.08156073561651,62.566076043276105,54.78439340071559,49.84046332490536
2022-11-22,56.03,60.81,55.72,60.81,47.21816212133177,62.39883070582124,55.02069169872674,50.057681872927034
2022-11-23,58.29,61.22,56.29,59.81,47.3434540405225,62.152275400504934,55.20850771054138,50.25079708336412
2022-11-25,58.01,62.23,58.01,60.63,47.47565847793024,62.00729679093303,55.421115251304464,50.45632585399057
2022-11-28,57.34,57.34,41.05,43.11,47.432219090090136,60.2075542394156,54.938326417919974,50.31085405490165
2022-11-29,42.7,48.35,42.7,44.19,47.39995820362158,58.68207288328078,54.516823421138795,50.18964902411152
2022-11-30,46.5,64.49,37.66,64.49,47.570008370749726,59.235208799158805,54.90792838501571,50.472824290960794
2022-12-01,67.98,67.98,60.02,63.3,47.726525700394006,59.62233177066749,55.23702923266215,50.72682777034771
2022-12-02,53.9,66.13,53.9,65.22,47.90059012128561,60.15544303060392,55.628518282361675,51.01382127984578
2022-12-05,57.09,57.09,40.69,42.24,47.844265841471824,58.449210361022594,55.10347834972004,50.840082244601305
2022-12-06,38.54,38.54,29.03,31.86,47.68521842016364,55.916904612353775,54.19196939482906,50.464239031836925
2022-12-07,29.34,33.86,28.67,28.67,47.49601226672918,53.32196131593913,53.1911078499338,50.03266994209758
2022-12-08,28.16,36.74,28.16,32.78,47.34958428397566,51.365584047754446,52.390672247975616,49.69103291354119
2022-12-09,28.98,32.52,24.46,24.46,47.12182722642366,48.803147471777834,51.295351767662844,49.191408499411665
2022-12-12,24.92,33.14,24.92,33.14,46.98270456745427,47.311419141132326,50.58337718853881,48.873558826155985
2022-12-13,60.94,60.94,36.48,39.82,46.911433875240796,46.597950651500675,50.16128396545886,48.69428043355884
2022-12-14,41.57,46.55,34.73,36.33,46.80614597598467,45.620050589452994,49.61888067269577,48.449443197250744
2022-12-15,27.08,27.08,21.32,21.37,46.55304999612412,43.31052196188604,48.51108143062927,47.913216599285384
2022-12-16,16.75,20.65,15.62,20.19,46.29073109069005,41.108567489325466,47.40045078629087,47.36424201316092
2022-12-19,18.96,18.96,12.07,12.48,45.95430590570806,38.38203725224685,46.03102134369123,46.67346494359337
2022-12-20,14.85,17.31,14.85,16.34,45.659636195203504,36.28279560917572,44.86666756550726,46.07280227144301
2022-12-21,20,27.81,20,26.47,45.46869454151989,35.34824364639708,44.14522962176187,45.684627969038196
2022-12-22,22,22,14.19,19.89,45.21418016797243,33.876029965787836,43.19404414639866,45.17384325678002
2022-12-23,20.71,24.83,18.5,24.83,45.01135250460952,33.014503302379474,42.47388555242224,44.77099487545764
2022-12-27,24.52,26.01,22.21,23.13,44.79362760406614,32.07312203548619,41.715301805268425,44.34246032346838
2022-12-28,23.95,24.11,15.88,15.88,44.505929816961,30.53091993686846,40.70215271486574,43.77884724775613
2022-12-29,18.92,34.19,18.92,34.15,44.40288573918029,30.875594228595276,40.44520554957689,43.58817700522631
2022-12-30,30.38,35.37,29.35,34.29,44.30226001043223,31.200775730633822,40.20382493978956,43.40405468829113
2023-01-03,46.03,46.03,29.29,36.19,44.2215410053533,31.675939946763933,40.04642004018997,43.26120212020616
2023-01-04,43.97,54.73,43.4,49.35,44.27257044808611,33.35918376135784,40.4112663131237,43.38177237525158
2023-01-05,37.45,44.56,37.45,40.8,44.238017508304154,34.067832926942806,40.426510771432575,43.33064816980105
2023-01-06,49.61,61.72,49.61,61.7,44.41176857787327,36.69946788628159,41.26076525098424,43.69439771099311
2023-01-09,67.88,70.87,62.26,62.28,44.58956192535712,39.13570903996906,42.085048966631916,44.06242943948829
2023-01-10,64.44,72.23,62.89,72.22,44.86449165744312,42.28659389330534,43.26681175225419,44.62000509415189
2023-01-11,74.96,79.76,74.96,79.76,45.211710645926274,45.85548971299055,44.69791717373442,45.31584657743601
2023-01-12,80.79,86.93,79.19,86.93,45.62681800268323,49.76734783556287,46.35407728456836,46.13988921946698
2023-01-13,85.38,89.31,85.28,89.3,46.06137702753215,53.53236232741403,48.03823111654607,46.99454487848744
2023-01-17,89.4,89.5,86.51,86.87,46.46743297750696,56.707375439088885,49.56104558256387,47.784157851190656
2023-01-18,86.3,86.92,74.1,74.1,46.74238389315366,58.36381587346137,50.52335752050254,48.305263636315594
2023-01-19,70.69,71.26,66.56,69.49,46.96872833202775,59.42345245694124,51.2671474216593,48.724763366289544
2023-01-20,71.61,77.24,71.19,77.24,47.26993501529115,61.120266508661125,52.2856906600256,49.289421517452126
2023-01-23,77.61,82.26,77.61,80.29,47.59849287583552,62.94595541259816,53.383898869436365,49.9032943586907
2023-01-24,78.02,79.78,77.45,78.43,47.90527404125009,64.42062632568405,54.36609891377219,50.46817961891465
2023-01-25,71.92,78.74,71.09,78.74,48.21208723486949,65.78437619942844,55.32193817205563,51.028017646262875
2023-01-26,78.28,79.11,75.38,79.08,48.51923064546781,67.05062608519715,56.253626871190704,51.58350244534678
2023-01-27,77.38,79.71,75.15,78.15,48.81406417138355,68.10770931517838,57.1123081703597,52.10957170385477
2023-01-30,73.39,78.26,69.66,69.66,49.021486418434456,68.25554652325663,57.6043745166201,52.457104937441805
2023-01-31,72.3,82.47,72.3,82.47,49.3543074490968,69.60930399723219,58.57949708459578,53.05141969115583
2023-02-01,80.92,86.91,77.09,84.9,49.707995932190364,71.06556075940055,59.61167366951359,53.6820846477666
2023-02-02,86.91,88.62,84.64,88.6,50.09498104729295,72.73550735374336,60.74847078051306,54.37352851612766
2023-02-03,86.94,88.45,85.08,85.23,50.44458322592685,73.92545903433923,61.7085307499047,54.98454775343206
2023-02-06,82.43,82.43,76.52,77.35,50.71229881571862,74.25160579297359,62.32192170088883,55.42742799593836
2023-02-07,71.7,78.44,66.68,78.23,50.986106787701516,74.63050047935705,62.945767908697114,55.87896407522671
2023-02-08,72.69,73.83,62.12,62.12,51.096891794789066,73.4390242432278,62.91338485345409,56.0025489450242
2023-02-09,67.97,67.97,45.8,46.16,51.04776849334838,70.84102193434897,62.25638936900491,55.807646985716794
2023-02-10,41.08,46.58,40.41,45.75,50.9950543789867,68.45140079774431,61.609079981985104,55.608485659266954
2023-02-13,43.83,56.16,43.83,56.16,51.046446872728126,67.28079119795915,61.395390570926864,55.61940673532107
2023-02-14,58.75,58.75,43.21,52.12,51.0571289933975,65.83690632196304,61.03164976422385,55.550111552443425
2023-02-15,44.61,61.81,43.98,61.79,51.1639237297816,65.45148667225227,61.06138898915625,55.673673699919796
2023-02-16,48.88,57.38,48.15,48.98,51.14219314540566,63.882773655847295,60.58760902879718,55.54112570586198
2023-02-17,47.48,50.44,43.07,50.44,51.13520614893397,62.602509498147555,60.18966357668749,55.44011331564689
2023-02-21,41.05,41.05,26.95,26.95,50.89455733153164,59.20703240308588,58.886147357993856,54.87595265593111
2023-02-22,28.97,31.67,25.81,28.21,50.66884034315819,56.254934078982465,57.68316118709214,54.34791398947703
2023-02-23,34.95,34.95,25.67,32.58,50.488851882032236,54.000178452412705,56.698723493480685,53.9168661877052
2023-02-24,23.55,25.42,21.17,25.31,50.23831604241003,51.26778050456387,55.46779316040301,53.35039358992886
2023-02-27,29.41,34.56,26.14,26.78,50.00489996238605,48.93561093270065,54.34278166391662,52.8242471822075
2023-02-28,27.92,32.96,27.66,27.67,49.782662151815046,46.91031465339582,53.29679022611597,52.32614327760933
2023-03-01,28.04,30.74,25.75,28.5,49.570894369209924,45.15695135307241,52.32436707999377,51.85433846023093
2023-03-02,24.38,31.89,24.38,31.78,49.39387054464067,43.88295598611313,51.518705625876365,51.456826807553085
2023-03-03,34.6,42.78,32.98,41.29,49.3132350168333,43.6360077969595,51.11757991505768,51.25550350443322
2023-03-06,43.06,43.06,29.04,31.43,49.135292379849886,42.473530863915734,50.34551795760444,50.86291927662266
2023-03-07,31.75,32.89,27.05,27.52,48.920214843731976,41.04938506735233,49.45039960632584,50.400683251343004
2023-03-08,28.46,30.65,25.23,28.98,48.7218047457844,39.899919822842584,48.647638837450316,49.97651130577186
2023-03-09,30.08,30.5,17.46,17.46,48.410742011995495,37.76278460161948,47.42459417715815,49.33261999278628
2023-03-10,11.99,13.86,7.55,8.49,48.0135206984433,34.974900353846195,45.897747346681356,48.52385524045388
2023-03-13,7.66,10.11,7.66,8.29,47.61826178602098,32.43348127252751,44.42293372524287,47.72714523569241
2023-03-14,14.03,16.95,12.78,15.38,47.29748306178197,30.80934019895346,43.28399514778236,47.08660770627276
2023-03-15,10.48,12.67,9.02,12.67,46.95293099151548,29.08178398952932,42.08344631845756,46.40509072199013
2023-03-16,10.9,19.19,10.64,18.1,46.66583715080388,28.035899800050338,41.14291901185138,45.84459387601012
2023-03-17,16.74,16.74,12.1,13.56,46.33642583587051,26.65724267623602,40.06123591334741,45.205294987376256
2023-03-20,15.54,17.78,15.23,16.9,46.043526076309604,25.727981468975447,39.15295215203967,44.64479409653712
2023-03-21,22.53,23.89,20.81,21.87,45.80299347853538,25.360554662406358,38.47518932254791,44.193808074823515
2023-03-22,20.36,22.71,12.42,12.43,45.47092389168428,24.129073265986705,37.453809349114664,43.56482177631216
2023-03-23,16.35,20.84,12.22,14.52,45.16295449972722,23.213923431130826,36.554444276600364,42.98967679064261
2023-03-24,12.01,18.02,12.01,18.02,44.8928753504762,22.719264056737416,35.82760332457682,42.49522774528335
2023-03-27,22.41,25.6,20.89,23.71,44.68210047136699,22.813619860857663,35.35240319420126,42.12324303745596
2023-03-28,22.77,26.48,22.57,24.46,44.480885541303635,22.97041796934741,34.92525012776199,41.773475848595446
2023-03-29,31.05,34.76,29.16,34.72,44.38376230208669,24.089425781790514,34.917201103143874,41.63380305951435
2023-03-30,42.67,43.98,35.46,37.65,44.316759692115674,25.380909040667607,35.024369687334314,41.55491587021704
2023-03-31,46.65,55.75,46.65,55.75,44.430523277268755,28.27320341774688,35.837139503517285,41.836006645064224
2023-04-03,60.61,60.61,50.2,57.76,44.56315488645016,31.081469758913844,36.6968595229872,42.15133324615206
2023-04-04,58.7,58.7,42.02,46.39,44.58133244976906,32.53942501996967,37.07698267894848,42.23526724127777
2023-04-05,39.9,40.74,36.61,39.9,44.5347520273833,33.24043216092494,37.18768924055835,42.1890243256089
2023-04-06,40.21,44.92,39.38,43.77,44.52714255447401,34.243248145598756,37.44581907426194,42.220330774606744
2023-04-10,41.31,51.56,41.31,51.35,44.595031683285214,35.872462607922685,37.99108107134971,42.401116303822455
2023-04-11,55.12,59.25,54.49,57,44.71846420384954,37.88460902621576,38.73652887247325,42.69020310968736
2023-04-12,59.83,59.83,49.16,49.16,44.76265858988089,38.958455785623784,39.14529244610175,42.81831789959454
2023-04-13,59.83,59.83,49.16,58.73,44.90163711137461,40.841459996516754,39.913320193313446,43.133400713463956
2023-04-14,61.19,64.53,48.74,51.35,44.965799926186804,41.842273330181825,40.36181744063449,43.296105649831006
2023-04-17,52.71,59.41,52.71,59.41,45.10952331000584,43.51539015587879,41.108804991982154,43.61519266666603
2023-04-18,60.72,60.72,50.36,53.45,45.19251312781673,44.46154347436652,41.59277342366913,43.80994132673205
2023-04-19,49.47,59.15,49.47,57.56,45.31557269868423,45.70901552442685,42.21893917176054,44.082219716301715
2023-04-20,49.55,53.58,45.1,48.56,45.34785555740379,45.980537855433816,42.46760822384836,44.170888632810595
2023-04-21,47.35,47.4,41.86,46.49,45.359220178723156,46.02905805967821,42.62534907781509,44.21681163018068
2023-04-24,44.39,48.74,41.3,43.5,45.34072047545228,45.78819538732791,42.6596491139792,44.202617340474134
2023-04-25,35.39,35.65,28.39,28.39,45.1720565901244,44.131224398058585,42.10005503107806,43.8894962050192
2023-04-26,26.82,27.81,22.73,23.36,44.95502120116794,42.15301255062443,41.36515091221225,43.48297152769209
2023-04-27,26.61,32.21,24.77,32.05,44.82661303001204,41.19082087913639,40.99985087643922,43.256576051896204
2023-04-28,31.84,41.22,31.84,39.81,44.77669648244973,41.05931412874245,40.95319005775533,43.188327021165584
2023-05-01,44.68,46.88,38.5,40.9,44.738122388097,41.0441413545765,40.95110417313747,43.14301361480587
2023-05-02,33.77,33.77,22.86,28.63,44.577842563339814,39.861842177950166,40.46792361732816,42.85562720659189
2023-05-03,32.87,39.59,31.77,31.77,44.450401343804096,39.09119054195491,40.12682857351137,42.63610983616433
2023-05-04,29.88,29.88,24.8,28.43,44.29099436525878,38.075839061768725,39.668129413765826,42.35480073049771
2023-05-05,37.4,40.97,36.77,40.08,44.24909392381342,38.266711532076464,39.68428120146128,42.30975517147795
2023-05-08,42.7,42.7,38.35,40.73,44.21407806387498,38.501310433783466,39.725289781796135,42.27847289085463
2023-05-09,36.69,41.41,35.32,40.57,44.17781858065234,38.69832848770885,39.75841567270609,42.244641744501074
2023-05-10,47.24,47.24,40.36,44.67,44.18271590820804,39.267059107927054,39.95102682279605,42.292668640649566
2023-05-11,40.2,40.2,37.74,39.89,44.14000231708159,39.326386811934,39.948633614058956,42.24509104380502
2023-05-12,42.51,42.51,35.48,38.74,44.08627095074247,39.27054044889267,39.901236217429194,42.17568330036333
2023-05-15,40.36,47.61,40.36,45.4,44.09934288158085,39.85429850137908,40.11687401282413,42.23953115580168
2023-05-16,41.78,41.78,37.02,37.02,44.02890165887855,39.584365310771545,39.995427973105535,42.136174103211545
2023-05-17,41.28,55.14,40.7,54.88,44.136872786650905,41.0410924240314,40.57913668004257,42.38852709126676
2023-05-18,52.83,59.88,52.31,58.93,44.28406808230612,42.74479790745698,41.298778378864434,42.71608101025158
2023-05-19,66.5,66.5,54.62,55.62,44.396863424770736,43.971007630556315,41.86039491302661,42.97160415856343
2023-05-22,59.93,67.82,59.72,66.01,44.6119195100964,46.06995928478905,42.80743824977066,43.4278100168097
2023-05-23,69.48,73.38,66.54,66.54,44.830109365717334,48.019486971952,43.738126945858085,43.88547714518971
2023-05-24,62.59,62.59,54.28,55.49,44.93617792924253,48.73096440319467,44.19898471268718,44.11526967696813
2023-05-25,53.39,53.39,44.71,48,44.96666372099136,48.66134874574756,44.34804413571905,44.19219502989946
2023-05-26,48.52,54.21,48.52,53.89,45.055453136702894,49.15931553186684,44.72223848333791,44.38423077188165
2023-05-30,55.42,55.42,49.63,52,45.12455310549192,49.429856909784284,45.00764089575603,44.53503808332953
2023-05-31,46.94,46.94,38.26,43.73,45.11067695518852,48.887013394566736,44.95753733121658,44.519096735144785
2023-06-01,43.05,53,43.05,49.76,45.15693887603241,48.97015497603657,45.145869200580634,44.62287699781518
2023-06-02,60.92,73.88,60.29,73.8,45.441944459355476,51.33490212117594,46.26956060447943,45.200641809739636
2023-06-05,70.91,70.91,64.86,66.5,45.65147735030716,52.77919715725442,47.06291116900965,45.622411278853704
2023-06-06,65.24,79.41,65.24,78.93,45.98260692891107,55.269749808944475,48.31260092708771,46.28196749115363
2023-06-07,84.57,85.09,82.78,83.99,46.3607899445438,58.005011731902144,49.71171461622152,47.02866120420009
2023-06-08,79.93,82.04,78.77,80.72,46.702672631662765,60.16834394791147,50.92772580774225,47.6958164278793
2023-06-09,80.3,80.3,74.51,74.81,46.9823475308502,61.562787381443705,51.86428557998765,48.23273095405991
2023-06-12,74.6,78.45,74.49,75.76,47.268692331538254,62.91490286892526,52.801372419988134,48.77782539061318
2023-06-13,80.76,82.34,79.18,79.82,47.59258594017967,64.52491211950381,53.8609264427337,49.39252191753173
2023-06-14,80.66,80.66,71.65,73.02,47.84559503530226,65.33396810812249,54.612262660665714,49.860392770649916
2023-06-15,72.28,75.68,69.91,75.68,48.12255428868234,66.3193044787775,55.438448438678826,50.37167212172616
2023-06-16,74.31,74.31,69.04,70.38,48.344021410187985,66.70603738556059,56.02439163716201,50.76787663416722
2023-06-20,66.77,66.77,61.7,65.32,48.51293662003686,66.57403382503101,56.38892529844978,51.056037492896586
2023-06-21,61.46,65.48,58.56,59.86,48.625842723320076,65.93460203217091,56.52504587498116,51.23037338412636
2023-06-22,54.89,54.89,48.33,50.37,48.64319752209301,64.45225898148797,56.28367152694268,51.21333628741099
2023-06-23,39.84,44.81,37.88,41,48.56714580545527,62.21871050706055,55.68431185921944,51.01109200449196
2023-06-26,39.36,47.19,38.88,38.88,48.470756294953226,59.995976173054785,55.02531923728927,50.77087236083865
2023-06-27,39.41,49.1,38.83,46.19,48.448062202466126,58.68112129943052,54.67883612994459,50.68016201705967
2023-06-28,41.64,46.24,41.64,46.21,48.425792926819696,57.49339546138952,54.346724909162454,50.59164395731592
2023-06-29,50.55,54.47,50.55,53.99,48.48115817132895,57.159738750780996,54.33273569703844,50.65893813637897
2023-06-30,57.67,57.67,51.97,52.32,48.51935560246,56.69881125070661,54.25380488538987,50.69183045051008
2023-07-03,52.57,57.02,52.57,57.02,48.60393912880368,56.72940065540122,54.3622831251785,50.8171407386188
2023-07-05,47.67,48.07,43.36,43.36,48.55176063000962,55.456124402505864,53.930821041838165,50.66947458537882
2023-07-06,32.99,32.99,22.63,30.79,48.375026693392606,53.106969697505306,53.023337863726866,50.27582162329211
2023-07-07,35.95,45.71,35.95,41.48,48.30641946261258,51.99963925012385,52.57065794750228,50.10164693768237
2023-07-10,42.48,53.9,42.48,52.95,48.352624244079124,52.0901497977311,52.585534106423765,50.15804996861935
2023-07-11,56.11,59.46,53.2,59.36,48.46215037100371,52.782516483661475,52.85119943558362,50.34026680092392
2023-07-12,71.34,71.34,67.28,67.28,48.64939265586934,54.16322919950324,53.41703475183524,50.675707062291764
2023-07-13,67.28,73.39,67.28,72.73,48.889000689144275,55.93149308526484,54.17440593803778,51.11242573432559
2023-07-14,72.73,72.73,62.35,65.26,49.05189620467518,56.819922315239616,54.60913511693826,51.39257571978449
2023-07-17,65.26,74.13,65.26,71.57,49.27595693895702,58.224691618550125,55.27426707313676,51.79212867582836
2023-07-18,71.57,78.44,71.57,76.74,49.54923099926591,59.98805432154535,56.11606052124905,52.28614592977235
2023-07-19,80.15,81.5,76.79,77.89,49.83122870076575,61.693001529017224,56.96994050080791,52.79315294106399
2023-07-20,77.89,77.89,73.38,74.38,50.07549508185266,62.90128709768225,57.65268793214877,53.22061525906272
2023-07-21,74.38,77.99,70.87,71.37,50.28738070292875,63.70783118361727,58.190621738731174,53.580009016309
2023-07-24,74.38,74.38,68.12,69.25,50.476063482004086,64.23565678517754,58.624322847016224,53.8903058674712
2023-07-25,69.25,69.25,66.29,66.44,50.63490862148663,64.44559423420824,58.93081999027049,54.13881466217474
2023-07-26,66.44,69.3,65.99,68.08,50.808491620277806,64.7917281166646,59.28961136320106,54.41487773817128
2023-07-27,68.08,70.59,55.89,56.84,50.86850662903126,64.03442067698226,59.1935481724873,54.46289996117779
2023-07-28,56.84,66.63,56.84,65.27,51.011805070533434,64.15209489822205,59.431840401017205,54.67690194214457
2023-07-31,69.99,72.32,69.29,72.32,51.22382691062763,64.9299906222009,59.93725842450672,55.026270220517944
2023-08-01,72.32,72.32,63.38,67.95,51.39025649360646,65.21761056294368,60.25148358432999,55.282185661695806
2023-08-02,67.95,67.95,53.89,56.05,51.43662210063525,64.34450479504427,60.0867195221994,55.29738990601866
2023-08-03,56.05,56.05,49.22,52.26,51.444814915554296,63.19359957646863,59.77978934485825,55.23724357124601
2023-08-04,52.01,56.73,50.25,50.25,51.43292620992689,61.96087580728114,59.40607211564812,55.138486272805494
2023-08-07,50.25,51.95,47.63,51.9,51.43757371032563,61.00269715896865,59.11171634640702,55.07435783175984
2023-08-08,51.9,51.9,40.4,46.78,51.391229693307466,59.64815457240021,58.62811962694008,54.91011312222004
2023-08-09,46.78,46.78,41.5,43.16,51.30932691028948,58.077854136933524,58.02152670039341,54.677437614849346
2023-08-10,43.16,48.14,38.34,38.94,51.1862490305851,56.255201361987474,57.273231535672096,54.365805186832524
2023-08-11,37.48,41.1,37.48,40.67,51.08160973674843,54.77089647036962,56.62212441662613,54.09460112372693
2023-08-14,32.32,35.14,31.07,34.03,50.91194197817382,52.79557299700109,55.73615875322903,53.69728228959372
2023-08-15,34.03,34.03,27.19,27.98,50.683763451027815,50.4321850925248,54.64768193937691,53.188029174948305
2023-08-16,27.98,29.69,22.59,22.64,50.40472102862953,47.78531032180815,53.39247872606801,52.58311770613745
2023-08-17,22.64,24.71,18.97,18.98,50.092037237299884,45.0419474340169,52.04296975641829,51.917709434728785
2023-08-18,18.98,22.2,18.32,21.5,49.80753935434168,42.799857202205764,50.845206236558745,51.31537855483317
2023-08-21,21.55,21.9,19.33,21.07,49.521593689124344,40.73034699247188,49.67755109002703,50.716460167608744
2023-08-22,21.07,22.64,19.31,19.41,49.22197584147136,38.699837755093604,48.490588302182836,50.09653026329966
2023-08-23,19.41,25.92,19.41,24.93,48.980264639068665,37.38842463556088,47.566643662881546,49.598183129372934
2023-08-24,24.93,25.89,18.62,18.62,48.67817245360529,35.60095562265032,46.43148116629796,48.98475376047446
2023-08-25,18.62,23.87,16.35,20.89,48.40167322521121,34.199912230016956,45.429854453894116,48.4284220028413
2023-08-28,20.89,31.04,20.89,28.16,48.20026354137826,33.624682493824864,44.752605259623756,48.02706711169593
2023-08-29,28.16,39.62,28.16,39.57,48.11439027230982,34.190903208698685,44.549365837677726,47.8596004362168
2023-08-30,39.57,46.69,39.47,44.57,48.079122707411216,35.179388617394046,44.55017502051389,47.79445983351944
2023-08-31,44.57,49.46,41.14,41.14,48.010076710322544,35.747065891927946,44.41644266676825,47.66268835166757
2023-09-01,41.14,55.22,41.14,52.92,48.058931668428784,37.382583426030045,44.74991550336557,47.76679353282267
2023-09-05,41.15,41.86,35.43,35.43,47.93327065680263,37.19662309974147,44.38442862088065,47.522500591578655
2023-09-06,35.43,41.15,29.72,32.87,47.78338736668519,36.78456375690895,43.932882400453956,47.23235206501274
2023-09-07,29.18,29.84,27.06,28.83,47.594796447613696,36.02698625625096,43.34061250239694,46.86794905382437
2023-09-08,28.83,30.5,27.01,28.67,47.406490015299134,35.32632089851277,42.765294365048035,46.507593627015964
2023-09-11,28.67,35.05,28.67,31.56,47.24881349773397,34.96762367008298,42.32587105661478,46.21160167400575
2023-09-12,31.56,36.72,31.56,33.28,47.10982032860229,34.80689760626555,41.971131015178905,45.955530353728406
2023-09-13,33.28,33.28,27.81,28.42,46.92385196712366,34.19862164376407,41.439714112622866,45.6082921289021
2023-09-14,36.51,42.61,35.71,42.61,46.880928066953274,34.999705296738924,41.48560767683374,45.5489200075377
2023-09-15,42.61,42.61,31.78,36.2,46.77465017573981,35.11401907800188,41.278328944408884,45.36379287867557
2023-09-18,36.2,36.2,28.4,28.4,46.5918178356827,34.47458868962075,40.773296436785,45.027876188008726
2023-09-19,28.4,30.63,26.37,26.78,46.39468531990476,33.74177071918068,40.22453971377383,44.66653210507786
2023-09-20,26.78,34.53,23.24,23.24,46.16429044109974,32.74160207925871,39.55847933284152,44.24224434062088
2023-09-21,23.24,23.24,16.7,18.32,45.887232824770386,31.368116166948358,38.72559779037715,43.728932571499676
2023-09-22,18.32,20.55,17.01,17.01,45.59989717477267,30.000676532000895,37.87400572016628,43.19984479780661
2023-09-25,16.97,20.92,16.05,20.42,45.34935093422767,29.08823114800081,37.18953490761074,42.748758762206485
2023-09-26,20.67,20.72,15.25,15.25,45.049854905031374,27.77030437200073,36.329160989665226,42.20422888572715
2023-09-27,15.25,22.7,15.25,21.49,44.81542848806589,27.172180146095897,35.74723310771757,41.794046135514726
2023-09-28,21.49,30.3,21.49,26.62,44.63437944838364,27.11959156075343,35.389302397611,41.49356997441542
2023-09-29,26.62,31.79,23.37,24.64,44.43543039914599,26.883439983538818,34.96776112711645,41.159835915516105
2023-10-02,24.64,24.64,17.47,19.09,44.183237061841055,26.141207604154168,34.34510382801384,40.72280946174351
2023-10-03,19.14,19.14,13.08,13.63,43.87922475276801,24.949664022806154,33.53274681515055,40.18631818527334
2023-10-04,13.68,18.73,11.86,18.08,43.62251604876037,24.295410306348426,32.92675674396818,39.748569310317436
2023-10-05,18.13,23.58,17.37,23.08,43.41811290399658,24.179656943839053,32.54060942067531,39.41849863090521
2023-10-06,23.08,32.42,19.34,29.34,43.27803217858368,24.671118187282953,32.41509532574687,39.21892440059026
2023-10-09,29.34,35.2,26.36,32.72,43.17297713203061,25.43767835992267,32.42705237179601,39.090232828301346
2023-10-10,32.72,48.88,32.72,43.58,43.177027110816375,27.16551851612051,32.8644228670197,39.17913910892904
2023-10-11,43.58,48.38,38.43,43.53,43.180539278867954,28.724040562204273,33.28268079380324,39.26529477013837
2023-10-12,43.53,43.53,26.91,31.31,43.06242446017275,28.970322413422913,33.2053207626737,39.107764180630674
2023-10-13,31.31,32.52,24.29,24.79,42.880609291414814,28.572196469287398,32.87530818374532,38.824244097845906
2023-10-16,24.84,39.44,24.84,39.14,42.84338929846541,29.578653948402884,33.12098237261805,38.83049668996777
2023-10-17,39.14,58.68,39.14,52.92,42.943654081565256,31.80163928665023,33.897414436436954,39.10949675551296
2023-10-18,52.92,52.92,33.9,33.9,42.85366747378849,32.00148316411211,33.89751583108649,39.00633840391864
2023-10-19,33.9,36.02,24.73,24.73,42.6733324740493,31.308960958006192,33.538005406337994,38.72363863354401
2023-10-20,24.73,24.73,18,18,42.427826678287616,30.04144086676751,32.92867186099141,38.313269551691654
2023-10-23,18,20.68,14.76,14.76,42.1525249202947,28.586065546122985,32.21617492526625,37.84686817443043
2023-10-24,14.76,22.25,14.76,19.62,41.92832069223207,27.73215454173032,31.722207281138164,37.48594009176844
2023-10-25,19.62,19.62,16.43,17.34,41.68366078484668,26.742425537756006,31.15819915246608,37.08701058500075
2023-10-26,19.06,24.68,18.61,22.76,41.49536565265915,26.363146915112576,30.828858009232114,36.803307405099744
2023-10-27,22.76,22.76,16.54,17.4,41.25561077054314,25.509513875578044,30.30223612651713,36.419083496087865
2023-10-30,17.4,25.69,17.4,24.88,41.09266936984122,25.44956017314204,30.08959941567332,36.19058679319504
2023-10-31,24.88,31.46,24.88,31.46,40.99682191342489,26.02198301379518,30.14334061505868,36.09691180719118
2023-11-01,31.46,34.74,28.22,34.36,40.930783884435584,26.81607986962421,30.308699806625008,36.06251751397947
2023-11-02,34.36,55.26,34.36,54.98,41.07057707961533,29.49835797727905,31.276201774992654,36.43712112756403
2023-11-03,72.96,76,71.29,73.75,41.39574546688284,33.71280007468104,32.941840921071375,37.17599001612712
2023-11-06,73.75,73.75,63.37,64.79,41.62852411895366,36.6725334009019,34.19078833593132,37.722802095015695
2023-11-07,62.91,66.51,62.91,64.48,41.85590198841681,39.32086355319696,35.378600558051666,38.25264759808469
2023-11-08,64.48,64.74,55.92,57.47,42.011266147736045,41.04935273860677,36.24492994793199,38.63318922980579
2023-11-09,57.47,59.5,47.44,47.74,42.06826847462424,41.686557239691844,36.6957170087974,38.81352211634429
2023-11-10,47.74,53.83,45.45,52.74,42.174454857961315,42.739266074006906,37.324904577079856,39.0892939556246
2023-11-13,52.74,55.12,47.86,53.7,42.28913689917563,43.78314549553006,37.96706518190025,39.37861486739441
2023-11-14,53.7,77.32,53.7,77.32,42.637702701173886,46.97713163881291,39.51031752770808,40.12992942447571
2023-11-15,80.22,83.47,77.93,77.93,42.98886983847564,49.92502386368787,41.01697174230777,40.878445673495996
2023-11-16,75.54,75.54,71.42,71.56,43.27315969082911,51.98549778143188,42.21473755633491,41.486001204713894
2023-11-17,71.56,76.29,71.56,75.97,43.598501385447726,54.26973608796218,43.538473338439424,42.168852666006686
2023-11-20,75.97,79.38,75.97,77.6,43.93682475474675,56.49166598434673,44.874219482030036,42.87045954390754
2023-11-21,77.6,77.6,71.29,71.29,44.20899565270947,57.90103112869466,45.91013244351905,43.43322272125591
2023-11-22,75.41,75.41,72.06,73.89,44.50432902929943,59.42379006881898,47.00738215161635,44.0363272218251
2023-11-24,73.89,77.96,73.89,77.65,44.83413670064968,61.159619586074314,48.209053439788256,44.70194450456123
2023-11-27,77.65,77.65,70.89,71.29,45.09737912153874,62.1244177207339,49.114188599012245,45.22844065298576
2023-11-28,71.29,71.29,64.63,65.9,45.30437037406074,62.48399698542591,49.77245571277647,45.63777846183753
2023-11-29,74.35,75.52,68.49,69.02,45.54034678824919,63.1064734630044,50.52726137109896,46.10079274972193
2023-11-30,69.02,70.24,63.88,65.05,45.73447269085367,63.29157122843255,51.09678053301665,46.47602457646011
2023-12-01,65.05,82.72,63.32,82.72,46.102487887959605,65.14189777810564,52.336906786623835,47.19372706009457
2023-12-04,85.06,85.98,83.63,85.88,46.49828402837792,67.11695513257177,53.65232220675623,47.959791870785764
2023-12-05,85.88,85.88,77.53,77.53,46.80705732162789,68.10867369137446,54.58870172805991,48.54534054661179
2023-12-06,77.53,83.18,75.24,75.64,47.09395227365149,68.82594286362452,55.41424283676344,49.081868456579876
2023-12-07,72.13,76.77,72.13,76.77,47.389236330630084,69.58251973375552,56.25172350983154,49.63014828912285
2023-12-08,72.13,79.97,72.13,78.34,47.69720412833526,70.41656547339785,57.11793043101462,50.19866020418972
2023-12-11,78.34,78.34,72.59,74.93,47.968177221585655,70.8464163806933,57.81644296313169,50.68838970509685
2023-12-12,74.93,74.93,67.95,70.55,48.19287197559973,70.8181862491987,58.3157981410481,51.08168891885731
2023-12-13,70.55,84.66,65.3,84.66,48.55572897086739,72.1364542254655,59.34890409630111,51.746605969969046
2023-12-14,84.66,91.08,84.66,88.38,48.95199037414234,73.68345858494497,60.48737844546577,52.472019713137975
2023-12-15,88.38,88.38,82.67,83.44,49.29515464902649,74.61265300542641,61.38748125152594,53.085247045551085
2023-12-18,83.44,85.83,82.32,82.32,49.62376007540434,75.34668605252865,62.2083643397014,53.66415304464908
2023-12-19,82.32,89.09,82.32,88.89,50.01446893037544,76.63652547609735,63.25470299304644,54.36169456851742
2023-12-20,88.89,90.11,81.96,82.17,50.334424463406535,77.16352304980236,63.99647934626031,54.91235408201213
2023-12-21,85.63,87.36,83.95,87.06,50.69985307571095,78.1060446641069,64.90093113660303,55.54894112989308
2023-12-22,87.06,90.11,87.06,87.97,51.07070030878845,79.04546898181101,65.80560050379508,56.190942295637775
2023-12-26,87.97,91.44,87.97,90.88,51.46681274352687,80.17256717401949,66.78891028795998,56.877854329387525
2023-12-27,90.88,91.03,89.14,89.7,51.84724246747188,81.07994172887477,67.68738439431449,57.52779780801352
2023-12-28,89.7,90.01,88.17,88.42,52.211150502621415,81.77899489755336,68.50042814355706,58.139524584092456
2023-12-29,88.42,88.42,79.8,79.84,52.486064427968465,81.594328716834,68.94511723596659,58.569236968565875
2024-01-02,79.86,80.22,70.23,72.93,52.689486672466295,80.769154553326,69.10138714828163,58.853608513742785
2024-01-03,72.93,72.93,43.42,43.54,52.598447004083546,77.22352078634258,68.09897980913333,58.550368741193424
2024-01-04,43.54,45.99,37.53,37.58,52.44900972046082,73.44794737811948,66.90215707152025,58.13511391463514
2024-01-05,29.62,41.86,29.62,33.19,52.2573777829438,69.6138571516319,65.58011169616651,57.64115126286019
2024-01-08,28.96,44.46,28.96,44.43,52.17949342689461,67.2153945657622,64.75069555121881,57.37954430715999
2024-01-09,44.43,44.43,29.84,31.29,51.97163777090561,63.79392841664199,63.43851141195533,56.862919667414246
2024-01-10,31.29,31.34,26.39,30.72,51.76017868860804,60.644030472199894,62.15543253305512,56.345238089841686
2024-01-11,25.77,25.77,19.39,24.55,51.489430641955224,57.20650376056181,60.68070968862158,55.715629414795316
2024-01-12,31.59,31.59,23.68,25.12,51.22704824750791,54.15064625955592,59.286172053773676,55.10977536697759
2024-01-16,25.12,25.12,17.05,18.79,50.90429154852773,50.78296566340774,57.69808687519431,54.39057189436417
2024-01-17,14.65,16.85,14.14,16.6,50.56295531421402,47.52744512403557,56.08639719381414,53.64224373804013
2024-01-18,16.6,19.51,14.4,19.42,50.253075161833785,44.85054558841314,54.64849926464496,52.96457554520765
2024-01-19,19.42,25.4,17.02,25.35,50.00528336917872,42.993350770469036,53.49953850916869,52.41775226708473
2024-01-22,25.35,43.91,25.35,43.91,49.944633783415746,43.08065069709103,53.123478175475796,52.24928192516226
2024-01-23,43.91,51.48,39.62,40.49,49.85055782537181,42.83392205927284,52.62804765879047,52.01642485733726
2024-01-24,40.49,51.78,37.88,39,49.74259207586562,42.468786625056374,52.09361441726928,51.758673870063255
2024-01-25,39,51.22,39,50.56,49.750725488046065,43.239378375051004,52.03347267541558,51.734937753824376
2024-01-26,50.56,59.56,50.56,52.04,49.77350433891128,44.07753281552234,52.033728648928694,51.74097859038231
2024-01-29,52.04,67.07,51.58,67.05,49.94540976837485,46.26538683309164,52.622602035245215,52.044127529186625
2024-01-30,67.05,67.05,57.28,58.34,50.02893802938605,47.41534999184482,52.84681372013756,52.16879827118293
2024-01-31,58.34,58.34,34.23,34.23,49.87173466590957,46.15960237357388,52.11674259385766,51.813574543040694
2024-02-01,34.23,46.72,32.29,46.72,49.84037412197017,46.212973576090654,51.90510562939265,51.712711680802265
2024-02-02,46.72,46.72,35.05,38.94,49.73191268792072,45.52030942598678,51.39667011451451,51.459786697024
2024-02-05,38.94,38.94,24.76,28.86,49.52423196465783,43.93361329017851,50.512879129631585,51.01226616837006
2024-02-06,28.86,37.41,28.86,37.17,49.40130428341745,43.289459643494844,49.98962896768525,50.738161887808275
2024-02-07,37.24,38.52,33.45,35.45,49.262485335323746,42.54284443935248,49.41944743954073,50.43542600884177
2024-02-08,35.45,46.67,35.45,46.31,49.233107371788186,42.90162115941415,49.297508324264626,50.353734404706294
2024-02-09,46.31,56.96,46.05,55.94,49.29984262182015,44.14337152518423,49.557998193901305,50.46435352540518
2024-02-12,55.94,72.74,55.94,69.72,49.50302826737418,46.57924090373811,50.34866493139537,50.845653455595176
2024-02-13,69.72,69.72,32.63,34.75,49.35623196620627,45.452646531953526,49.73695258114457,50.52692764459329
2024-02-14,34.75,51.35,34.75,51.35,49.37607045410472,46.01429924319605,49.80020934266831,50.54322610707659
2024-02-15,59.15,70.29,56.18,69.88,49.58008965356637,48.28722312479643,50.58765211354406,50.92613252079785
2024-02-16,69.88,69.88,57.95,57.95,49.66337234358063,49.20748758910153,50.876371638503116,51.06521900553452
2024-02-20,57.95,57.95,47.74,48.04,49.64721938493804,49.09629829490139,50.76514137816966,51.005313678692254
2024-02-21,48.04,48.04,41.11,43.99,49.5909286447894,48.609984171577445,50.499449559417904,50.86639657614389
2024-02-22,43.99,45.58,41.37,44.58,49.541068658274085,48.226176155236736,50.267314282577985,50.74191347562619
2024-02-23,42.83,50.33,42.83,46.89,49.51468986565444,48.09892128330943,50.13487058522198,50.66563796125735
2024-02-26,46.89,51.92,46.32,49.12,49.51076260330962,48.1961668753752,50.09507173874269,50.635031268955224
2024-02-27,49.07,56.73,49.07,55.26,49.56796894556525,48.86891288724423,50.297617945066506,50.72661480818383
2024-02-28,55.26,55.26,50.56,50.56,49.57783990133077,49.029968802744776,50.30790743741684,50.72331550505148
2024-02-29,50.56,62.8,50.56,55.99,49.641642489377226,49.69282891676908,50.53073459673382,50.82760628712967
2024-03-01,55.99,58.41,51.26,56.95,49.714362464607305,50.38398806755298,50.782470494901126,50.948841806196405
2024-03-04,57.98,60.09,52.31,53.45,49.75153298734753,50.675989203976506,50.887079495101084,50.998369691222216
2024-03-05,53.45,53.5,46.64,47.52,49.729328679015715,50.37541880359779,50.75503716195986,50.92949108347524
2024-03-06,47.52,52.37,47.52,51.28,49.744758244398646,50.46156939373133,50.77562393992222,50.936431854099496
2024-03-07,51.28,57.68,51.28,55.97,49.80670094843448,50.98618183242358,50.97932496188606,51.03610647085
2024-03-08,55.97,65.41,54.22,55.41,49.86245516785304,51.407497848383244,51.153076924165035,51.122718223902474
2024-03-11,55.41,55.41,49.63,50.97,49.873475514441566,51.36583138663246,51.145897436942874,51.11969410065688
2024-03-12,50.97,50.97,44.74,47.57,49.850555360069016,51.00432363552461,51.0056661649059,51.04940312836664
2024-03-13,47.57,51.85,44.43,46.98,49.82199262016783,50.62105471785559,50.84779690353704,50.968820888200966
2024-03-14,42.03,42.03,28.51,31.15,49.63620164882288,48.7666685542503,50.07533427986892,50.57636898942471
2024-03-15,31.15,38.67,31.15,38.64,49.52678670704355,47.802223930035986,49.626889798305434,50.340005247059864
2024-03-18,38.64,39.26,33.64,33.64,49.368709227371475,46.453440698603984,48.99995294346993,50.00931207385076
2024-03-19,33.64,41.02,33.64,38.9,49.26454296640261,45.73406539397503,48.6038763574515,49.78932569615074
2024-03-20,38.9,59.23,38.08,58.1,49.352457961761786,46.911773451691694,48.976273363041635,49.95389350414776
2024-03-21,65.11,66.61,61.14,64.03,49.49850315617212,48.54208074200677,49.56661558409883,50.232628286243845
2024-03-22,64.03,64.03,48.6,48.63,49.489861333722644,48.55045400467279,49.52988556119299,50.20089307265486
2024-03-25,48.63,55.91,47.46,47.46,49.469663708511476,48.446601242323,49.44871357840111,50.14661796230526
2024-03-26,47.46,52.01,43.07,43.1,49.406283970118324,47.93740112400652,49.199744418463816,50.00708097295268
2024-03-27,43.1,65.84,43.1,65.84,49.56980353260471,49.642410540767806,49.852303460876996,50.32060412200312
2024-03-28,65.84,74.63,65.84,71.81,49.79109901984247,51.75360953688516,50.71338959966614,50.74613671364662
2024-04-01,71.81,71.81,62.08,62.37,49.916262213674884,52.76469434289609,51.17051157614982,50.97631222426748
2024-04-02,62.37,62.37,40.19,43.65,49.85391134587712,51.89662821500123,50.87558955355571,50.83123673467803
2024-04-03,43.65,47.83,39.38,45.95,49.81506645686342,51.3302826707154,50.68242917890647,50.73457858151609
2024-04-04,45.95,58.32,39.6,40.43,49.72168271102398,50.29216051159965,50.28037313267484,50.530527520495966
2024-04-05,40.43,46,37.9,42.13,49.646143579571,49.5148118914473,49.96075065688367,50.36418044088219
2024-04-08,42.13,53.22,42.13,49.79,49.64757498673945,49.54102028273803,49.95405455269215,50.35281053116175
2024-04-09,49.79,55.98,49.79,55.41,49.70491254906045,50.099970732001076,50.168013197684616,50.45295289688132
2024-04-10,55.41,55.41,24.5,27.98,49.4887442649902,47.99330685276288,49.29789503306953,50.00794392862625
2024-04-11,27.98,32.57,25.14,31.44,49.30915476981617,46.41680143821403,48.59758542392955,49.64026187063365
2024-04-12,24.47,24.47,17.55,18.94,49.006974125340385,43.79996320600317,47.434542858285255,49.03233589299734
2024-04-15,18.94,18.94,11.87,12.75,48.64620821364546,40.84282385305049,46.07436470697995,48.3138737961063
2024-04-16,12.75,12.85,9.29,11.92,48.280773306046996,38.08826920037902,44.73497785572583,47.59320302786657
2024-04-17,11.92,14.71,9.39,9.39,47.89380043733011,35.355100705104824,43.34890029275619,46.83670395800783
2024-04-18,10.63,14.35,10.37,10.37,47.52042928869996,32.97556730461865,42.055610085197124,46.11459100834431
2024-04-19,10.37,19.72,10.37,19.66,47.24321108682235,31.707418037512113,41.17735086616979,45.59073772105037
2024-04-22,19.72,29.16,19.25,25.37,47.025567195411185,31.103854414891913,40.557454753770976,45.190327073108776
2024-04-23,28.37,40.82,28.37,37.57,46.9314819496857,31.719677803949825,40.4402996653878,45.03942950730464
2024-04-24,37.57,37.57,31.36,35.5,46.817735860634095,32.07970848928794,40.246562423607884,44.85052991310059
2024-04-25,28.06,31.11,25.63,29.81,46.64850465804072,31.86354577602242,39.83728546581934,44.552697637593646
2024-04-26,39.84,40.93,37.51,39.89,46.58125585547315,32.62796998782981,39.83935270245388,44.46036699130466
2024-04-29,39.89,49.3,39.89,46.2,46.57746226487143,33.92054427470316,40.08878985137726,44.49481516969467
2024-04-30,46.2,46.2,32.14,32.14,46.43380592392744,33.750968629493336,39.77707260230364,44.25016536435418
2024-05-01,32.14,57.36,32.14,44.54,46.414962083888355,34.778495426684444,39.96385406887997,44.25590466406994
2024-05-02,51.11,58.86,48.78,58.75,46.53769877957106,37.0614958622383,40.70056567402193,44.542916452900236
2024-05-03,70.18,71.05,63.25,64.49,46.7163286424609,39.67373435154894,41.63348466719754,44.93790820630815
2024-05-06,64.52,73.27,64.52,71.46,46.96253432761054,42.700997746639516,42.80315193515058,45.463098142816904
2024-05-07,71.46,75.86,71.46,72.13,47.212956871614416,45.50375986600718,43.95322440828193,45.99115560533538
2024-05-08,72.13,72.13,67.21,68.54,47.425166255976464,47.69768749781602,44.917411686388526,46.43766737552676
2024-05-09,68.54,74.04,68.54,74.04,47.689990472334905,50.206479164690684,46.059473973196816,46.98424821957573
2024-05-10,74.04,74.04,66.37,67.61,47.888199522361425,51.86395733948205,46.904592640914586,47.39267894790097
2024-05-13,67.61,73.16,67.61,67.75,48.085829377860314,53.3769137833409,47.72205959617284,47.79579421625937
2024-05-14,67.75,74.33,67.75,72.78,48.331542518379116,55.22482675635605,48.70472392573469,48.29053096445225
2024-05-15,75.89,75.89,73.14,73.66,48.58356697093256,56.980557541465,49.68336220315686,48.79289668792845
2024-05-16,73.66,73.66,70.76,71.93,48.815869787142184,58.40431396608738,50.55577937166051,49.251057149553624
2024-05-17,71.93,71.93,69.86,70.57,49.0323287942353,59.56295073122191,51.340650768850296,49.67321443372088
2024-05-20,70.57,71.4,68.69,68.69,49.22792751270062,60.43219351872459,52.02101740536597,50.049784444934325
2024-05-21,68.69,68.69,63.85,64.77,49.382575000136434,60.845317945512726,52.52097750711632,50.34127386186632
2024-05-22,64.77,64.77,57.02,59.46,49.482847885707216,60.713382903082945,52.79309603624901,50.52184269628481
2024-05-23,51.04,51.04,37.82,39.64,49.384909100774806,58.706394055170286,52.27728834855297,50.306360662695006
2024-05-24,39.64,45.36,39.64,45.36,49.34486025400093,57.43530890705883,52.0060221388058,50.20841292680006
2024-05-28,45.36,46.98,40.47,42.71,49.27884174401087,56.032898534957994,51.64147225100949,50.05992950250699
2024-05-29,42.71,42.71,28.72,28.72,49.07427615451822,53.43167010305723,50.74259098626402,49.63735664107121
2024-05-30,28.72,37.46,28.72,35.63,48.94050226243346,51.736272950385114,50.1499403593517,49.359983242238116
2024-05-31,41.83,41.83,35.48,41.83,48.86975099614059,50.79281838368177,49.82366818839673,49.210874663183894
2024-06-03,41.83,43.08,34.82,37.68,48.75841019020884,49.54397853761684,49.34744590649882,48.982540511437676
2024-06-04,37.73,37.73,28.84,29.52,48.56698322314209,47.63693296260571,48.56989900820475,48.59714366962703
2024-06-05,29.52,37.94,29.2,37.94,48.46124209654366,46.713415537595644,48.15304022356927,48.386111121713625
2024-06-06,35.18,35.39,31.39,33,48.30739889160292,45.407375962586535,47.55880335205675,48.08143565395692
2024-06-07,33,33,24.74,25.62,48.08165362899991,43.52286396614972,46.698458122564325,47.63665474991817
2024-06-10,25.62,28.06,21.3,27.87,47.88054264761683,42.032115016992606,45.960087215797095,47.245235843979195
2024-06-11,27.87,28.23,21.63,28.23,47.685014860078354,40.71762787251712,45.2647896779227,46.868696520336044
2024-06-12,50.75,53.71,37.18,38.94,47.597999786843744,40.548329979896444,45.01675871016103,46.71169262884424
2024-06-13,38.94,38.94,27.24,31.06,47.433442575034356,39.644679505620594,44.46943483917432,46.401758121342375
2024-06-14,31.06,31.06,20.75,22.26,47.18296055936237,37.98899574318054,43.59847661018709,45.92370350507817
2024-06-17,22.26,27.67,19.4,27.67,46.98880174782643,37.00623424383001,42.973830468611126,45.56224402973009
2024-06-18,30.59,33.03,27.93,28.57,46.805530088644076,36.202783363465244,42.40897437180285,45.22576394993345
2024-06-20,28.57,32.27,28.31,29.2,46.63035068477697,35.53585161456379,41.89097537683019,44.90842208953873
2024-06-21,29.2,32.69,29.2,30.76,46.47243674761501,35.081008603652954,41.45446653852313,44.62825531548846
2024-06-24,30.76,45.08,30.76,40.26,46.410621456593965,35.57424587949553,41.407624713483,44.541755210231265
2024-06-25,40.26,40.26,32.6,34.01,46.28723218836915,35.42527008144833,41.11752178354249,44.333205602107874
2024-06-26,34.01,37.5,30,36.92,46.19402589793762,35.567625311786585,40.95291308614867,44.18640945157109
2024-06-27,36.92,45.2,36.92,45.17,46.18383658552033,36.48213718685453,41.118289043554604,44.205886492134034
2024-06-28,45.17,51.79,45.17,51.77,46.23942030108729,37.93812412143981,41.536003198709324,44.355670918032374
2024-07-01,51.77,55.16,41.97,42.42,46.20141611898692,38.36496944320745,41.570669739936406,44.31734080084362
2024-07-02,42.42,46.53,42.42,45.71,46.196526406360185,39.06449616290198,41.73299641680165,44.344918210727904
2024-07-03,45.66,51.95,45.66,47.84,46.212879377441176,39.90025843310179,41.97248675339766,44.41412775110953
2024-07-05,47.81,47.81,39.28,41.46,46.165587045327335,40.04880524899686,41.952389233656575,44.35563017187964
2024-07-08,41.46,53.52,41.46,50.39,46.207621005075325,41.03368093956858,42.28327593037592,44.47512264372361
2024-07-09,50.39,50.39,42.8,46.23,46.20784368164174,41.52856846913348,42.43804942330235,44.509872690382544
2024-07-10,46.23,54.61,46.23,54.61,46.29144722709804,42.77441909112077,42.915380818466964,44.709875211365066
2024-07-11,54.61,80.05,54.61,79.94,46.62625869747517,46.31399822529974,44.36732666872316,45.40750144480338
2024-07-12,79.94,86.19,79.94,84.21,47.00022627262467,49.92314125146167,45.92978444642029,46.175867752827074
2024-07-15,86.54,89.02,86.54,87.63,47.404502628120945,53.51427065608437,47.56508701714891,46.996741658711684
2024-07-16,87.63,94.28,87.63,94.28,47.87092548754263,57.39672106979062,49.397044389025424,47.93304380408373
2024-07-17,94.28,94.83,91.3,91.8,48.308030706572055,60.67322382504866,51.05990539337737,48.801696402022664
2024-07-18,91.8,92.39,84.35,84.99,48.67302542590964,62.98910727028212,52.39049733873512,49.51829647326974
2024-07-19,84.99,84.99,79.68,79.93,48.98404009828865,64.60252562549334,53.470477835255316,50.1205084242941
2024-07-22,79.93,85.99,78.48,85.99,49.35225860477334,66.63942794687493,54.74575321426491,50.830795386189266
2024-07-23,85.99,87.87,84.4,87.12,49.72805702661639,68.58995861860113,56.01533151958785,51.54939349735383
2024-07-24,87.12,87.12,77.03,77.03,49.99971815072966,69.39377208349626,56.839436165878524,52.053959962752764
2024-07-25,77.78,84.39,77.13,80.21,50.30031797012539,70.42388902792518,57.75592886525584,52.61150531002499
2024-07-26,80.21,84.64,80.21,83.99,50.63553868684056,71.71589959669421,58.78471596857914,53.232861640519545
2024-07-29,83.99,84.94,76.59,77.42,50.90205073970782,72.25914725415191,59.515511420791725,53.711814875360744
2024-07-30,77.42,77.67,72.5,74.54,51.13725421493461,72.47637132518507,60.10470705134891,54.12425418475954
2024-07-31,74.54,83.02,73.89,76.53,51.389918352099436,72.86243119897696,60.74883618659013,54.5679323197148
2024-08-01,76.58,76.58,49.51,54.13,51.417182846108396,71.07839013240773,60.489273983194444,54.55926039259173
2024-08-02,54.13,54.13,23.36,28.25,51.18666361380881,66.99949583408319,59.22498872895152,54.03828493927308
2024-08-05,28.25,28.25,9.58,11.52,50.79197044352215,61.71573432607527,57.354204857227934,53.19633870285183
2024-08-06,11.52,17.11,10.86,14.84,50.43423939433288,57.251378675972866,55.686981137336645,52.43680724338942
2024-08-07,18.2,18.2,11.23,11.23,50.044147460060906,52.86839023064212,53.94357011234305,51.6208308623322
2024-08-08,16.62,19.26,16.52,19.06,49.735847485333935,49.648543542009534,52.575586970682544,50.97606193436523
2024-08-09,18.7,19.06,16.16,18.75,49.427530594932605,46.7058251094372,51.24909336398911,50.33792209408077
2024-08-12,18.75,18.75,15.04,15.81,49.093027802943226,43.763365575205086,49.85932499677385,49.65420086449501
2024-08-13,15.81,23.43,15.81,23.43,48.837674292466176,41.8268545680427,48.822880879253304,49.13490975826738
2024-08-14,23.43,23.84,21.35,22.52,48.57580688657099,39.98810651394339,47.79139535457671,48.60788184226209
2024-08-15,30.45,39.7,30.45,36.9,48.45962970362003,39.69400113166307,47.36428181125997,48.37604259786086
2024-08-16,36.9,41.43,35.79,38.3,48.35853886079794,39.561239119123734,47.00881977944586,48.176517001863616
2024-08-19,38.3,50,38.3,50,48.37487180745667,40.55540682206433,47.12612096456563,48.212625576084136
2024-08-20,50,50,40.13,40.96,48.301091988477005,40.59393950567725,46.884312299288545,48.069009228042866
2024-08-21,40.96,54.35,40.96,54.35,48.36128012789514,41.90404050513656,47.17708436598311,48.19338528293311
2024-08-22,54.65,54.91,49.26,49.26,48.37022261418474,42.604608076075934,47.25876733202299,48.21450636643938
2024-08-23,49.26,76.74,49.26,76.27,48.64783233941673,45.81083587835442,48.39646273076719,48.77006069581682
2024-08-26,76.27,82.38,76.27,78.92,48.9490479380295,48.96408960422543,49.59346419230573,49.36708919688975
2024-08-27,78.92,78.97,75,76.12,49.219405669989406,51.550366784775385,50.63372049848982,49.89684980685233
2024-08-28,76.12,78.46,71.43,74.54,49.47135188222832,53.73985566241583,51.57122165541179,50.38483297899387
2024-08-29,74.54,84.72,74.54,80.39,49.77900012220615,56.27796464694765,52.7013698257878,50.97899470218211
2024-08-30,80.34,82.79,76.32,82.23,50.10189564337823,58.74958706152407,53.85935532281573,51.59782649025772
2024-09-03,67.56,67.56,56,56.77,50.16824494045904,58.56105496042654,53.973498251332764,51.700245767678354
2024-09-04,54.14,61.17,49.87,51.95,50.18597384652412,57.931430678481156,53.89414537873148,51.70519139604116
2024-09-05,52.21,52.21,43.76,46.15,50.14581490277761,56.80938966148295,53.59045340309495,51.59518760602054
2024-09-06,47.32,47.32,27.27,27.3,49.91849336145644,53.99897159848458,52.55945523042456,51.11409478213894
2024-09-09,27.86,37.13,27.86,30.42,49.72447850213847,51.753355255771766,51.69124129981967,50.70431072704708
2024-09-10,27.77,33.18,23.24,32.56,49.55368767127142,49.92541665998398,50.940996542964,50.34501744532338
2024-09-11,24.26,29.71,19.72,29.51,49.35424799295031,47.98109126379503,50.10056530598502,49.93244284244569
2024-09-12,28.13,40.11,27.82,38.04,49.241668410930906,47.03432066724312,49.62760196065228,49.696948924773494
2024-09-13,49.2,61.55,49.2,61.55,49.36413937201617,48.416766317981875,50.09514698180317,49.93166280745125
2024-09-16,62.67,62.92,58.28,62.82,49.49802853249362,49.78850285912646,50.59416082565402,50.1868774053235
2024-09-17,68.79,75.77,68.74,68.99,49.69197849734443,51.61721687254299,51.31556628347151,50.55921646660422
2024-09-18,69.14,81.18,63.79,66.51,49.85932199488329,53.03557717039604,51.91142642921773,50.875073566275425
2024-09-19,79.32,80.39,75.85,78.94,50.1486819750337,55.50266505892975,52.97137049081703,51.43081468377492
2024-09-20,74.09,74.29,66.12,66.12,50.3076005623468,56.513839815222155,53.48700302058891,51.72168964053185
2024-09-23,70,70,60.04,61.26,50.41657966122892,56.96585507091528,53.791826431546205,51.910567073392606
2024-09-24,65.35,65.35,59.63,60.39,50.51581767455003,57.291964111780494,54.05057833619145,52.078476636295726
2024-09-25,58.76,58.76,49.71,50.07,50.511381677788336,56.604158005896636,53.894477224968256,52.03870482171561
2024-09-26,59.93,60.04,55.69,55.69,50.562910218307856,56.51709533866838,53.964889882812635,52.11100769653312
2024-09-27,64.48,69.44,60.19,62.39,50.680592703697826,57.07641959212854,54.29528635799645,52.31455209858197
2024-09-30,60.39,67.91,57.43,65.76,50.830636557392374,57.90342725002106,54.74488297140836,52.580798591679354
2024-10-01,53.04,53.04,46.75,47.98,50.80227201453275,56.958338940495246,54.479593443117835,52.48969366907184
2024-10-02,47.25,48.88,45.17,45.88,50.75329418354237,55.90325904140046,54.142354484564194,52.358808645921904
2024-10-03,38.05,42.73,37.09,38.68,50.63316190310911,54.26294865650518,53.53598764203227,52.08794114798285
2024-10-04,47.78,49.56,42.95,48.95,50.61641402347619,53.75695354636183,53.35614498940355,52.02580369950795
2024-10-07,41.68,42.39,35.68,39.33,50.50411139637692,52.38295797051784,52.80610008785832,51.77440164605235
2024-10-08,36.28,38.21,34.3,35.89,50.35869735263188,50.81220006856376,52.14272361382466,51.45985903919983
2024-10-09,31.92,42.31,31.92,36.4,50.21980484166042,49.43960958584341,51.52536190347859,51.16164400872062
2024-10-10,26.62,32.23,26.62,32.23,50.040801808410066,47.80059914909641,50.768681044518644,50.786759968943976
2024-10-11,37.47,53.56,37.47,53.56,50.07581870583882,48.34911351584913,50.878144532968896,50.8416756131233
2024-10-14,49.79,56.82,49.79,56.24,50.137153843094154,49.100626514339694,51.08841337481326,50.94857312573472
2024-10-15,55.01,67.34,55.01,59.27,50.228027934207645,50.069138274878775,51.409259909134306,51.11335385591819
2024-10-16,66.05,74.82,66.05,74.66,50.47113213386727,52.4111251058427,52.32105363818786,51.57962407659308
2024-10-17,73.08,73.13,68.96,72.62,50.69151887880392,54.335779857667205,53.11709075041579,51.996265183987276
2024-10-18,72.47,72.47,71.44,71.44,50.89797142727353,55.96475320455604,53.8356362111838,52.38128963578951
2024-10-21,69.91,70.16,53.39,53.39,50.922767731479766,55.71953861364594,53.818160281333455,52.40126409844714
2024-10-22,50.68,52.06,47.98,51.65,50.93000387345509,55.33196350758442,53.73313438794783,52.38638758164621
2024-10-23,48.75,48.85,38.5,45.58,50.87677000406748,54.40320507829067,53.41340362763615,52.251607629534405
2024-10-24,47.57,47.62,41.3,44.67,50.81501109855437,53.47623316607251,53.07052505400336,52.10147678538521
2024-10-25,49.56,52.93,39.06,39.06,50.69804581399164,52.10325857882751,52.52109269894441,51.843229720328075
2024-10-28,50.33,58.89,50.33,56.53,50.7560752088773,52.52485299989156,52.678304749966195,51.936037052598806
2024-10-29,51.98,54.84,51.73,54.61,50.79442271923673,52.723438428473315,52.75405750486948,51.98898681393349
2024-10-30,54.51,61.91,52.73,52.73,50.81368219466721,52.72406334004729,52.75311407330597,52.003660342370445
2024-10-31,49.97,49.97,37.23,37.23,50.678521177804846,51.24843826004278,52.14436450180378,51.71111261281855
2024-11-01,45.4,46.93,38.97,41.36,50.585799574045595,50.3066822352768,51.72144824683108,51.506140085832044
2024-11-04,38.19,47.06,38.19,42.68,50.50713490166703,49.58033154620282,51.366881648916134,51.331365034627446
2024-11-05,47.37,58.89,47.37,58.89,50.59054649468527,50.46696663704065,51.661905897978244,51.481040974535816
2024-11-06,76.03,80.57,76.03,80.57,50.88884951463865,53.33392219541773,52.795556647077134,52.05705996513907
2024-11-07,79.39,81.84,77.71,78.02,51.1588112110104,55.684977224425566,53.7847505040545,52.57117758959176
2024-11-08,74.8,76.64,74.7,76.03,51.40628572632373,57.62259844114694,54.65711322938569,53.03570872643153
2024-11-11,78.99,79.04,76.84,77.97,51.67060129123593,59.56044620865676,55.57134408313527,53.529457068482394
2024-11-12,76.89,76.89,70.06,70.4,51.85696346744254,60.59278466497516,56.15286000144369,53.86352722554215
2024-11-13,72.44,72.55,65.05,65.05,51.98823746279137,61.01728136354895,56.50176745236747,54.08504153790765
2024-11-14,65.81,65.81,59.54,60.03,52.068255000475034,60.92325456702048,56.64012951305894,54.20276348765205
2024-11-15,59,59,53.64,54.29,52.09036191589319,60.29151603682805,56.54796757137035,54.20449094334211
2024-11-18,54.8,56.07,51.73,52.5,52.09443791673007,59.54946689046347,56.3892237450421,54.17073864743434
2024-11-19,48.21,53.52,47.34,53.52,52.10862261407604,58.97523194851457,56.27670516680516,54.15785273362376
2024-11-20,50.4,52.19,48.1,52.19,52.109432339309116,58.32901938198937,56.11644221908731,54.118885352759925
2024-11-21,53.52,61.34,52.86,60.32,52.19112952996276,58.51863658370467,56.28128762226036,54.24167970221022
2024-11-22,62.52,69.17,62.52,69.01,52.35848147493825,59.517814051923274,56.780452813544265,54.53412168830507
2024-11-25,74.83,78.41,74.27,74.57,52.57949160951598,60.951355570787726,57.4780821149739,54.93087175388319
2024-11-26,68.28,68.28,68.28,68.28,52.7357155736004,61.64932170690318,57.9016867379161,55.19521092707362
2024-11-27,74.06,74.16,71.81,71.91,52.92650447336557,62.62652916338859,58.45103235603704,55.526196849309784
2024-11-29,74.47,74.47,72.17,72.37,53.119972090546014,63.55447876687539,58.99687422442774,55.85973750575909
2024-12-02,68.08,76.1,67.1,74.25,53.33022112447093,64.57309983669678,59.595036019548225,56.223901119506436
2024-12-03,69.49,69.49,57.57,58.39,53.38056718293391,63.9842331855828,59.547779705056136,56.26679416664492
2024-12-04,59.21,60.03,52.81,59.68,53.443248106486806,63.574306215527294,59.55296481466178,56.334382400968785
2024-12-05,58.24,58.81,48.56,48.61,53.395156085526736,62.14913419500088,59.123828939577,56.18142433362287
2024-12-06,54.5,54.5,46.97,50.56,53.36694557721304,61.045407128810325,58.787992510573986,56.07010900028381
2024-12-09,57.88,59.68,48.56,48.56,53.319115272962165,59.856320735590295,58.38689476506128,55.92139397057522
2024-12-10,44.36,56.71,43.64,49.28,53.27892507124115,58.8490520941055,58.02976163701966,55.78988121868264
2024-12-11,55.68,58.65,50.46,52.51,53.27127407550741,58.245332847047834,57.813300396352226,55.72493307573843
2024-12-12,51.17,51.17,40.88,40.88,53.14797781604962,56.59149162351947,57.14924940041684,55.43097400493173
2024-12-13,37.44,37.44,29.86,33.86,52.95605763877549,54.42658765937475,56.23594550236128,55.00382600483407
2024-12-16,32.47,40.88,32.47,37.85,52.80574860754389,52.847865025148586,55.51492803168045,54.66414628196607
2024-12-17,29.61,31.71,27.71,29.04,52.569273497021065,50.58044930846777,54.476695559849844,54.15673744469942
2024-12-18,31.71,31.71,11.63,11.63,52.161917541826824,46.870882707661316,52.79643298887534,53.31462383193309
2024-12-19,14.81,14.81,10.3,11.07,51.75304274041561,43.46127483074119,51.16010228342925,52.478096627340356
2024-12-20,12.05,16.35,12.05,14.35,51.38087316090898,40.6887724659087,49.71656886054967,51.72308481293758
2024-12-23,13.53,14.05,11.89,13.74,51.006337109556654,38.12222270725073,48.305723022881054,50.97094451961208
2024-12-24,13.64,18.71,13.64,18.71,50.68498052140186,36.27343959227447,47.14510643374847,50.33211393506531
2024-12-26,21.29,23.8,20.98,23.75,50.41697076497,35.0807310596769,46.22765127948382,49.805735441301636
2024-12-27,23.08,23.08,13.8,17.39,50.088344190194185,33.39589953018386,45.09676299401387,49.163839689988734
2024-12-30,13.08,18.77,12.26,16.88,49.75791290471962,31.8229567177854,43.99022326875843,48.52455573573153
2024-12-31,19.75,23.9,17.7,19.35,49.455346607160216,30.635056077996314,43.02394000331692,47.94684176076655
2025-01-02,29.56,29.56,20.32,24.37,49.205741168283,30.038384070568092,42.29241294436332,47.479973607088006
2025-01-03,27.5,35.06,26.83,34.17,49.056131803424464,30.43187130194256,41.97388694654515,47.21640977328428
2025-01-06,38.39,40.76,33.38,33.38,48.90015039244511,30.712645463662316,41.63687177217083,46.94242146094202
2025-01-07,40.22,40.22,28.17,30.04,48.71248720446059,30.648583990932572,41.182092486987656,46.60772004587386
2025-01-08,24.01,29.02,23.24,28.3,48.50937787904307,30.42490932512947,40.67691238945873,46.24519093605458
2025-01-10,21.61,21.61,18.34,20.59,48.23157312402772,29.48825129416476,39.88919033497015,45.737167353162405
2025-01-13,16.14,22.43,16.14,22.39,47.97444304319162,28.812227361387162,39.20294757673603,45.274847207555226
2025-01-14,29.49,29.55,22.49,29.19,47.787533162164834,28.848205707921718,38.81028296588364,44.956335381663045
2025-01-15,48.1,48.21,41.76,47.21,47.78178656353633,30.59694802145298,39.1396836338882,45.00096240380833
2025-01-16,49.56,51.4,47.21,49.64,47.80027624947129,32.41057201940984,39.55146074628474,45.092824534425986
2025-01-17,59.57,60.08,53.22,56.6,47.88783568977506,34.714327065180335,40.220030913097105,45.32068939513042
2025-01-21,62.02,68.16,62.02,66.27,48.070742797339484,37.71962924944887,41.24159832826977,45.73552722889021
2025-01-22,63.61,63.86,57.31,57.31,48.162675704828644,39.58537884473945,41.87173172716115,45.96472470950625
2025-01-23,55.93,60.23,54.7,60.23,48.282748583387566,41.55153324047855,42.59166381629208,46.24720540832791
2025-01-24,59.72,64.79,57.77,61,48.40928839847824,43.403768169956784,43.31355935290808,46.53933995469765
2025-01-27,60.59,65.91,58.64,60.52,48.529792991528204,45.03388548710376,43.98832173122541,46.816184708069976
2025-01-28,59.34,61.49,57.09,59.01,48.63407365827917,46.3649440121415,44.577407153530295,47.057646397019084
2025-01-29,58.7,61.42,51.69,56.43,48.71164506466445,47.32352077288993,45.042214716136954,47.24323755747415
2025-01-30,64.83,65.96,61.55,62.07,48.844564019244906,48.72794736594803,45.70997100177864,47.536836813761795
2025-01-31,62.48,66.17,51.51,54.99,48.90571263596884,49.324333331095836,46.073893707591246,47.68442420358829
2025-02-03,33.41,46.54,33.41,42.69,48.843864749043775,48.69249206146766,45.94119199356806,47.58552471440833
2025-02-04,44.02,55.19,44.02,55.19,48.9070103734314,49.31130234132788,46.30389034676147,47.736108383429944
2025-02-05,56.62,62.19,56.62,62.19,49.03917942444203,50.53784497548713,46.926875039045335,48.02232405900559
2025-02-06,62.5,62.71,56.67,59.02,49.138491071960026,51.345669263535974,47.40111523359258,48.2400998202134
2025-02-07,57.08,57.69,47.26,48.82,49.135322006567385,51.10512933367541,47.45675777345169,48.25158299209036
2025-02-10,47.69,50.81,46.77,47.61,49.1201446731687,50.77225987332537,47.46276727253202,48.2388783783856
2025-02-11,43.11,47.56,43.11,47.1,49.100043731147125,50.42252083777057,47.44854110498174,48.216326331288855
2025-02-12,37.42,41.16,35.17,37.9,48.98860050994168,49.229899805601946,47.074088512629515,48.01204264156036
2025-02-13,41.03,47.18,38.93,47.18,48.97060448496714,49.034671252687474,47.078241904291104,47.995566549648274
2025-02-14,51.02,53.99,45.44,45.94,48.94044921646,48.73994065719343,47.03360496686793,47.95486226153643
2025-02-18,47.61,52.18,46.28,50.12,48.95218604017682,48.871374880317866,47.15464006620644,47.997736276159465
2025-02-19,44.07,46.99,43.5,45.76,48.92042299500093,48.575053463144734,47.09994829890422,47.95342466673056
2025-02-20,39.04,39.3,36.22,37.91,48.81086654728948,47.559334085702375,46.73955816953543,47.75454497035966
2025-02-21,42.27,42.27,25.08,25.08,48.57473852194332,45.418445125159295,45.890163731514434,47.30554407985749
2025-02-24,23.55,28.57,22.98,23,48.320263511774726,43.28335511323936,44.9925102518472,46.82424617728606
2025-02-25,25.78,28.29,22.9,24.6,48.0842409892695,41.50398795959752,44.19280396746104,46.38416209456752
2025-02-26,26.6,29.89,23.36,25.42,47.85872615355538,39.97217958249299,43.45661557658021,45.969030171902816
2025-02-27,25.68,26.6,21.1,21.1,47.592470171927964,38.174829146065086,42.57988555396923,45.47657412889484
2025-02-28,21.52,27.42,20.85,27.42,47.39174907568987,37.150559703582694,41.9853802381273,45.11901820555039
2025-03-03,30.14,30.14,19.61,20.25,47.121681920707886,35.54098258895577,41.13301238565172,44.62656239949989
2025-03-04,14.96,19.64,13.98,16.62,46.81818259811378,33.73898424715046,40.17171778229282,44.071977005450385
2025-03-05,17.99,20.1,17.12,19.65,46.547852423008166,32.39717622361232,39.3669445359284,43.58837350039196
2025-03-06,17.9,19.75,15.79,18.72,46.27095836904788,31.09458801183972,38.55726043648023,43.09593046078024
2025-03-07,21.7,24.17,17.23,22.74,46.036819479803626,30.298912963093077,37.936975713481004,42.6928427288836
2025-03-10,20.84,21.56,15.74,17.08,45.748691922790655,29.039968871369926,37.11905509726606,42.18565772435125
2025-03-11,16.41,19.09,13.43,17.34,45.466018371320104,27.925686121715646,36.343405877765434,41.69366450208687
2025-03-12,17.03,18.16,14.05,16.41,45.1769037606602,26.82895411012368,35.56170368648051,41.192997878283165
2025-03-13,18.52,18.52,13.07,13.12,44.85792959388746,25.523339432969042,34.681636875245985,40.637096930198354
2025-03-14,17.03,21.2,17.03,21.1,44.621532284495544,25.102069010781513,34.149023664452024,40.25022372365977
2025-03-17,25.01,28.56,24.24,27.38,44.44997474932644,25.31901481927851,33.88357175604214,39.99536780833978
2025-03-18,24.03,27.07,24.03,26.45,44.27087052296498,25.426727693632937,33.592059138158135,39.72714270322414
2025-03-19,30.93,41.32,29.54,37.89,44.20737927398025,26.61370600852504,33.760605838622524,39.69076363979396
2025-03-20,37.95,43.15,35.68,35.68,44.122529728965524,27.4771625791417,33.835876197892226,39.61134257761982
2025-03-21,29.24,33.21,27.96,30.94,43.99136027892607,27.806956619223445,33.72231242542586,39.439632823607546
2025-03-24,48.71,52.26,46.34,52.26,44.07363530102631,30.135817893583116,34.44928056560524,39.693501480565814
2025-03-25,53.86,53.86,44.18,44.18,44.07469365623997,31.4733590465752,34.83087740616974,39.78234303540609
2025-03-26,48.5,48.5,39.39,42.32,44.057234017869426,32.50637247071089,35.12456848828073,39.83259366836835
2025-03-27,39.9,47.94,39.9,44.64,44.06303268435829,33.6619560449289,35.497722665210894,39.92778983335115
2025-03-28,39.49,39.49,26,28.83,43.91146021983731,33.20176975493567,35.23624334500654,39.708031618829345
2025-03-31,20.7,30.69,20.7,27.15,43.74467952113246,32.62541073065608,34.91913576284942,39.45935772538718
2025-04-01,22.51,33.07,22.51,29.62,43.604135446295324,32.33918113726026,34.711326517247485,39.26451895854783
2025-04-02,27.43,40.91,27.43,40.91,43.57732812842174,33.15544960037833,34.95441175186523,39.29710274154689
2025-04-03,18.42,18.42,11.21,12.56,43.26869799779068,31.19397820986611,34.076199526301885,38.76765516250635
2025-04-04,6.33,8.18,4.68,5.82,42.896074137116145,28.777408856545527,32.96811327036848,38.115226347407216
2025-04-07,5.71,5.71,3.5,4.99,42.51889927008016,26.511941346398334,31.870932357805007,37.45928127122093
2025-04-08,7.98,9.06,3.03,3.04,42.126074401721155,24.276518361027065,30.740307559459712,36.77771134505814
2025-04-09,3.86,20.15,2.68,16.76,41.87367565145527,23.560659469500678,30.19206020418678,36.38132102139362
2025-04-10,10.36,10.36,5.98,8.72,41.54378833154029,22.14726332954823,29.350018627552004,35.83357209027691
2025-04-11,9.54,15.17,7.84,15.17,41.2813625769976,21.482762060067447,28.79393946568722,35.42439244492489
2025-04-14,17.18,20.12,13.57,18.88,41.05846344687822,21.234879959108643,28.40515752585635,35.09678071334222
2025-04-15,20.43,23.01,16.92,18.74,40.8363891837252,20.997272343955437,28.02613174052865,34.772884065553264
2025-04-16,19.15,19.97,13.93,17.08,40.60000720179759,20.624198787388252,27.596871672272627,34.42252992564132
2025-04-17,20.28,24.36,18.74,22.99,40.424783249540894,20.84951318858937,27.416210038065856,34.1961431944405
2025-04-21,20,21.29,16.22,18.5,40.20662620228178,20.625750027771335,27.06655474245543,33.88532847771891
2025-04-22,27.08,37.62,24.44,37.59,40.18059012066704,22.241392882269302,27.479238870202277,33.95868830984328
2025-04-23,63.38,66.28,46.97,48.7,40.265360368222595,24.761260226815082,28.31142558117474,34.25059547202461
2025-04-24,52.12,65.02,52.12,64.55,40.50699857351391,28.550664014737457,29.732546146618866,34.85058368049937
2025-04-25,62.53,67.15,59.43,67.15,40.77210306531974,32.22679125142913,31.19989727812401,35.490176082865716
2025-04-28,73.83,73.83,63.36,72.12,41.08402243780412,36.02614446557873,32.804607188785816,36.21551913072976
2025-04-29,73.05,79.48,71.39,78.01,41.451445100114526,40.02460689742838,34.577367691186375,37.043132613289565
2025-04-30,67.54,75.63,61.94,75.11,41.78635609414324,43.3660729071971,36.16688268368887,37.796931967481854
2025-05-01,75.73,81.7,75.58,77.9,42.14569583450002,46.6550183446069,37.80347551962264,38.59105212654162
2025-05-02,83.76,87.34,82.26,86.25,42.58454463216668,50.42596897845387,39.70333922473547,39.5347936685903
2025-05-05,82.24,83.54,80.06,80.06,42.9574347353292,53.248257647172544,41.28595337278506,40.337273001885535
2025-05-06,75.07,75.23,69,69.66,43.223131902141844,54.81128072839421,42.398661083656236,40.91792106125414
2025-05-07,69.76,71.11,65.4,67.79,43.46757835087675,56.04734923045191,43.394399864689326,41.45004143627881
2025-05-08,69.03,76.36,67.84,74.49,43.77625916330584,57.80379216088506,44.613835164113276,42.10429804150101
2025-05-09,74.38,75.01,69.92,70.44,44.0415700174023,59.007240526515055,45.626625941991186,42.6654010505802
2025-05-12,81.19,81.19,76.72,79.01,44.389514594343574,60.91226523827552,46.935777865834666,43.38509607928158
2025-05-13,78.28,78.28,76.57,76.65,44.71051444912622,62.41109712034452,48.10104147893919,44.04380704800868
2025-05-14,75.81,75.81,71.24,71.81,44.98016107152298,63.30623072793076,49.03080455819647,44.59363265101841
2025-05-15,69.94,74.1,69.83,74.08,45.26971170762723,64.33230399193735,50.01312594807112,45.17752111337448
2025-05-16,74.55,77.67,74.55,76.83,45.583744426954325,65.52256075460998,51.064768067754606,45.804302873505684
2025-05-19,73.5,75.11,71.57,74.96,45.87604547743239,66.42136449226618,52.00183598666619,46.38164341066398
2025-05-20,73.08,76.31,73.08,74.02,46.15608482591565,67.1450440644313,52.86529339895379,46.928937600551826
2025-05-21,66.11,66.89,50.65,51.27,46.20696955401599,65.63313510591404,52.802732873504624,47.01489923222407
2025-05-22,44.76,53.4,44.76,48.38,46.22859174750837,63.98997938154127,52.629292368661304,47.04193093059587
2025-05-23,37.7,42.08,37.7,40.72,46.1737798893242,61.77379086901353,52.16226129538047,46.91674417949496
2025-05-27,47.65,61.87,45.83,61.87,46.32996118395779,61.78295364339319,52.542956930855745,47.21284825514853
2025-05-28,60.1,60.1,49.32,49.34,46.35991181894329,60.59791043926051,52.41735077670454,47.25497007187826
2025-05-29,52.52,54.76,46.69,54.71,46.44299727348117,60.037157064092845,52.50725858938279,47.40259442689057
2025-05-30,45.9,51.64,43.14,48,46.45848983792414,58.89076115322686,52.33050335058347,47.414424240219475
2025-06-02,46.85,46.85,43.63,45.5,46.44895262560649,57.61545056720526,52.06264047409,47.37651484932404
2025-06-03,45.92,61.03,44.57,59.51,46.57891329599846,57.79588384651904,52.35469378883157,47.61678188201069
2025-06-04,59.09,59.09,53.84,54.6,46.65872510399848,57.49151395637437,52.44274501279896,47.75506342890157
2025-06-05,47.89,56.52,47.89,50.96,46.70152385918257,56.86946500814824,52.38459814955194,47.818527519418375
2025-06-06,63.18,64.95,60.32,64.95,46.883100736205634,57.63903976927698,52.87735900643226,48.157764598241776
2025-06-09,67.29,74.93,67.29,70.81,47.121179335845376,58.89341693410774,53.58059982970942,48.606323715108275
2025-06-10,73.56,79.34,73.56,77.81,47.42654073548871,60.69499627371653,54.53077238540709,49.184614334611084
2025-06-11,79.79,79.79,71.77,71.87,47.6697592356331,61.75928234288638,55.21074209578328,49.63382989234156
2025-06-12,63.64,68.43,61.56,66.77,47.859811382542226,62.23649354832577,55.664046327321195,49.97315999348331
2025-06-13,55.36,55.36,43.59,43.59,47.817325697143794,60.46063701991379,55.19055431448507,49.84676078569156
2025-06-16,50.57,57.65,50.57,53.9,47.877849819560275,59.835814446588664,55.13994434136801,49.92702294835113
2025-06-17,49.68,52.55,42.23,42.23,47.82165230891788,58.15907021358022,54.63367201425554,49.774606652344175
2025-06-18,49.79,53.38,46.61,46.77,47.8111881068391,57.07439685990592,54.32529271957885,49.715109490911615
2025-06-20,51.35,51.35,41.92,43.17,47.76500713065165,55.75016858753393,53.88783025998752,49.58550336237871
2025-06-23,40.57,57.39,39.01,57.39,47.8607782039785,55.90634300776879,54.02517024979193,49.740047850252395
2025-06-24,61.45,67.91,59.84,65.57,48.03698936612797,56.82669129274319,54.477908671368716,50.053512249257295
2025-06-25,58.69,59.47,54.63,54.63,48.102591461987394,56.61748259819622,54.48387303719739,50.14413576907398
2025-06-26,57.5,65.52,57.44,65.52,48.27589900962931,57.465341398368004,54.916662329856315,50.448608328102225
2025-06-27,64.37,69.53,60.2,63.03,48.422705984657874,57.995308884237716,55.234832434567835,50.697744796852675
2025-06-30,64.23,64.54,60.84,61.47,48.55252980570605,58.32623184764365,55.47934880968282,50.91105678107341
2025-07-01,58.18,76.27,58.18,67.63,48.74235537977863,59.21230500501092,55.9558449347933,51.242124963626416
2025-07-02,66.82,73.99,66.82,73.67,48.990391644656455,60.58922833786702,56.65051768244846,51.68624130098035
2025-07-03,75.72,77.86,75.58,77.79,49.2769549118738,62.22739706759397,57.47951698901911,52.20314741383223
2025-07-07,73.54,76.5,65.63,67.2,49.45529366896958,62.70097829925169,57.86071240121444,52.50011479177614
2025-07-08,69.78,74.78,69.78,72.97,49.689270846392766,63.678980365989624,58.45323348351976,52.90545905332513
2025-07-09,75.69,76.97,73.59,76.97,49.96072088772219,64.9447917597049,59.179381190048396,53.38198461662562
2025-07-10,76.54,80.21,75.83,77.68,50.23653461023242,66.1576687349711,59.90489565318375,53.86313343609838
2025-07-11,74.01,74.01,69.33,69.38,50.42701685291667,66.46455742687861,60.27646837266674,54.17039812053208
2025-07-14,68.9,70.62,68,69.65,50.61829031706676,66.76793291003302,60.64405784824844,54.47692489042253
2025-07-15,70.08,70.08,51.38,51.38,50.625869517891964,65.30241549002989,60.28076146204262,54.41559964506763
2025-07-16,56.77,59.11,47.13,57.58,50.69506484607214,64.56694734812228,60.17484924784487,54.478261038234606
2025-07-17,60.49,65.12,60.49,62.02,50.807750768001775,64.3243809340154,60.24720810087056,54.627602403814116
2025-07-18,63.45,63.45,54.15,54.15,50.84100697926544,63.35539227363297,60.00810190083642,54.61814493047126
2025-07-21,58.64,60.74,53.94,53.94,50.871842730715535,62.45868824757269,59.77013712041146,54.60471631798668
2025-07-22,55.08,65.21,55.08,61.96,50.98217265379299,62.41119412875624,59.8560140960816,54.75036549980872
2025-07-23,65.5,72.47,64.16,72.46,51.19588237863088,63.368223259350884,60.35028805309801,55.101051331495675
2025-07-24,65.96,66.44,57.55,57.55,51.259107429589776,62.814106758460326,60.24047283532946,55.14954536453536
2025-07-25,54.78,57.69,54.78,56.81,51.314340191484405,62.24228706717839,60.10594448884596,55.182425654346545
2025-07-28,56.81,57.29,53.27,53.7,51.33807810002685,61.428735917923305,59.85473097947945,55.15307069089414
2025-07-29,52.7,52.7,42.98,42.98,51.25491314380768,59.67171344954966,59.19297682342143,54.912019786123956
2025-07-30,45.61,47.48,31.67,33.44,51.07765032645636,57.17345502578302,58.18305616367942,54.48683127550764
2025-07-31,32.77,33.2,26.92,27.45,50.84254932818316,54.342649785232254,56.977838274907675,53.95144847797283
2025-08-01,17.92,21.03,17.92,17.97,50.51545928511666,50.87858790092442,55.44811912687208,53.238944547715946
2025-08-04,20.77,28.6,20.77,28.6,50.29739501362297,48.756817624645905,54.395251710132,52.751044655681966
2025-08-05,33.28,34.29,28.09,34.16,50.136823918960054,47.36664451753677,53.60171242738173,52.38290515754965
2025-08-06,34.72,36.4,33.8,35.04,49.986606765537566,46.19267837300946,52.873802136111856,52.039481293043714
2025-08-07,41.25,41.25,32.9,34.89,49.83639177284565,45.116232813675225,52.16855499351924,51.69988760407255
2025-08-08,37.84,39.11,36.46,36.57,49.70438787460838,44.30230587903949,51.5568469545577,51.40028586933844
2025-08-11,40.69,40.69,36.87,38.91,49.59698103008491,43.78875293817858,51.06089217202602,51.15295347588619
2025-08-12,45.01,59.76,44.25,59.51,49.695618034760685,45.28601456311395,51.39222973390736,51.31843954567062
2025-08-13,65.15,71.21,65.15,70.85,49.90610939759889,47.72067984281738,52.155279548263934,51.70520311902368
2025-08-14,65,65,58.69,63.22,50.03858592100587,49.19680557207287,52.58919015421437,51.93321889884499
2025-08-15,64.75,64.75,57.17,57.27,50.11054028995108,49.96568123187545,52.77275132463734,52.03889773253123
2025-08-18,57.27,61.08,57.27,60.12,50.21013690398142,50.932759209792074,53.06087872367117,52.19891955960982
2025-08-19,62.15,65.76,58.44,58.95,50.2971007158821,51.69630595171664,53.29182465607622,52.332604320805665
2025-08-20,58.44,60.17,57.07,59.64,50.390064887863375,52.45284824202934,53.540772708779116,52.47730522534417
2025-08-21,56.64,61.98,56.64,61.13,50.496929913854785,53.27924364755035,53.83838946529758,52.64864571593141
2025-08-22,77.89,82.17,77.89,82.17,50.812084840085085,56.03074425254556,54.94943301567807,53.23322698888326
2025-08-25,81.25,82.22,77.02,77.02,51.07286011530812,58.02972099039836,55.81494544643579,53.70425219702418
2025-08-26,79.92,80.79,79.06,80.03,51.36099086042943,60.124985657979465,56.76455542892851,54.22555413371677
2025-08-27,81.2,83.08,81.2,82.11,51.66695115037541,62.2187965476957,57.758494431715626,54.77772137859367
2025-08-28,81.45,81.5,79.57,80.33,51.95215561654083,63.94367306696278,58.64365151282482,55.28370709386904
2025-08-29,80.18,80.84,77.07,78.48,52.216114267122514,65.32808515582347,59.421547531929725,55.743039626663716
2025-09-02,72.51,73.53,66.03,70.18,52.39485939879294,65.79017228384029,59.843447628716795,56.02892003009612
2025-09-03,69.52,69.62,64.32,65.95,52.52973641970047,65.8053939710936,60.082920270727904,56.225377059203126
2025-09-04,65.03,72.12,63.6,72.08,52.7242664055741,66.40297549765612,60.55339398560132,56.53932998872386
2025-09-05,77.45,77.45,68.5,72.63,52.92233340651366,66.99602545026029,61.02698637832283,56.85795711766002
2025-09-08,66.95,70.63,66.29,69.85,53.09076789998118,67.2678325502355,61.37298691250625,57.115225293547944
2025-09-09,66.22,66.22,59.26,60.06,53.16011349301619,66.58137230735592,61.32149722966287,57.17353766397274
2025-09-10,59.39,61.03,51.04,54.63,53.17473922940409,65.44314637332202,61.059085573597656,57.12317058151783
2025-09-11,62.77,72.09,62.51,72.09,53.36295077936027,66.07618005205326,61.491670453064415,57.419543441289754
2025-09-12,67.74,67.74,57.19,57.19,53.40103087110793,65.22987718995294,61.322977494120714,57.414998026610746
2025-09-15,57.29,59.03,54.53,55.89,53.425796733086955,64.3403650766241,61.109919553174805,57.38480004588578
2025-09-16,53.48,53.48,49.12,51.69,53.408525123802505,63.1355684026599,60.740510943246385,57.27203172814547
2025-09-17,54.55,70.03,48.87,49.18,53.36645024694875,61.80646665002563,60.287157572923,57.11179347610299
2025-09-18,54.55,69.97,54.55,69.4,53.52598805543683,62.52966030240414,60.644523942612295,57.355124298358376
2025-09-19,63.86,64.06,51.3,52.74,53.518167278765816,61.597311702175176,60.33454261152946,57.26373569839088
2025-09-22,48.53,55.76,48.53,54.33,53.52624521629053,60.905186778158495,60.09907035225379,57.20564192218512
2025-09-23,63.19,63.19,49.41,49.41,53.48528755244685,59.81040708500054,59.67989112275364,57.05127277521116
2025-09-24,53.97,53.97,46.13,47.02,53.42095633301952,58.59227307690525,59.18342480421428,56.85263371035549
2025-09-25,40.25,42.3,38.2,39.81,53.28552393169594,56.80348516481904,58.42368265502941,56.515155815100925
2025-09-26,46.28,47.3,42.12,47.3,53.22596647963927,55.89839133959818,57.98745980581257,56.33267748212863
2025-09-29,45.92,45.92,41.86,42.19,53.11615586790156,54.59283025963644,57.36795157813364,56.05262446268054
2025-09-30,42.04,42.04,35.31,41.47,53.000273719962244,53.34303690157583,56.744502496638205,55.76385962183538
2025-10-01,40.19,42.6,38.5,41.17,52.88255955359446,52.1837000538067,56.13373769284847,55.474872302591116
2025-10-02,41.28,41.28,36.9,40.23,52.756663438633325,51.04525242963464,55.51006170489363,55.172993643133864
2025-10-03,45.67,53,45.67,46.74,52.696796140736474,50.63522838871705,55.16613771646643,55.0060036700025
2025-10-06,50.2,52.03,45.16,45.21,52.62230065674905,50.118539970744,54.775700943271666,54.81202339930938
2025-10-07,46.08,46.08,38.5,38.6,52.4827752770799,49.02153616400648,54.141359729810034,54.490993232986426
2025-10-08,39.92,44.86,39.92,43.91,52.397474030541794,48.53472319600586,53.74012993648415,54.281468614511446
2025-10-09,43.96,43.96,37.45,37.55,52.2497379705364,47.48855908210054,53.10522288015144,53.9501524043231
2025-10-10,37.81,39.74,22.9,22.9,51.95770077679972,45.14679155047192,51.92070433583177,53.3352979012672
2025-10-13,28.14,31.09,27.27,31.09,51.75006196310022,43.80804949804602,51.10381396972072,52.894796952727255
2025-10-14,31.14,43.25,31.09,40.58,51.638917067944995,43.500616212517826,50.69111538267285,52.65093958732672
2025-10-15,46.79,51.37,40.17,44.09,51.56380346527887,43.55674800180184,50.43224811276411,52.48141603114203
2025-10-16,46.13,46.13,34.06,35.06,51.3995865153756,42.74753390639214,49.82941485344003,52.136437495871895
2025-10-17,35.37,35.37,29.96,32.51,51.2116304306455,41.77253067721194,49.15022211408944,51.747795169220964
2025-10-20,41.69,48.16,41.48,48.13,51.180967441285844,42.3780039460489,49.11021340373299,51.67615566091956
2025-10-21,46.71,52.16,45.58,50.96,51.178768760278025,43.195336903568055,49.18275405456699,51.66197436070333
2025-10-22,51.78,52.5,43.21,49.51,51.16216409599665,43.79673338894253,49.1955872288977,51.619361007026036
2025-10-23,54.41,57.06,49.46,53.37,51.1841326124544,44.708473066186095,49.359289690509556,51.65402712569879
2025-10-24,64.91,65.42,61.79,62.87,51.300409899892664,46.4381422979779,49.88912146735232,51.87612559845723
2025-10-27,68.28,68.28,59.3,59.3,51.38000781133652,47.66308112674191,50.258175527456146,52.02313301234916
2025-10-28,55.77,58.79,53.16,53.93,51.40538086794014,48.25993054324268,50.402168644026496,52.06089275467888
2025-10-29,49.94,54.95,34.91,39.23,51.28423279960243,47.39993715817195,49.964044383476434,51.80681567042782
2025-10-30,41.89,41.94,35.39,36.01,51.132250383685985,46.31518123834605,49.41682695667344,51.49400743933024
2025-10-31,36.21,40,33.96,38.5,51.00655635001747,45.57087826326547,48.988716095627424,51.2367003613237
2025-11-03,35.89,39.52,32.51,39.47,50.89176474454466,44.989842238192566,48.615433111485174,51.003696393772735
2025-11-04,34.76,36.66,31.84,33.02,50.71393623962382,43.84985726312661,48.00384749927007,50.647583593896044
2025-11-05,36.81,45.46,36.81,43.98,50.646931898931044,43.862251809495504,47.846049558122225,50.51555223560107
2025-11-06,44.18,44.18,36.04,36.06,50.50178829794665,43.11918020859117,47.38385153623508,50.22930367648026
2025-11-07,35.96,40.16,33.76,40.08,50.39808891189743,42.829734474439626,47.09742598579449,50.0283273660549
2025-11-10,43.66,45.66,40.03,44.28,50.33721240531139,42.96785500068347,46.98693869223392,49.91449910138055
2025-11-11,46.33,49.87,45.77,49.1,50.324901834114264,43.55186881014219,47.06980384155808,49.898370406303705
2025-11-12,53.76,53.76,49.66,49.66,50.31828589546636,44.13359559012865,47.17138016149698,49.893650200238284
2025-11-13,47.92,49.25,39.97,41.84,50.23392484178013,43.9151579148783,46.96230642967357,49.734171978451386
2025-11-14,36.41,41.79,36.15,41.58,50.147816136886796,43.69276192298513,46.75123558929421,49.572703226402844
2025-11-17,40.51,40.51,27.29,27.29,49.92037518030086,42.13059412079607,45.98804987991012,49.131461578355264
2025-11-18,27.86,31.65,27.44,30.23,49.724451049153586,40.99720420452978,45.37008713952149,48.75717521046704
2025-11-19,29.41,31.72,27.72,28.4,49.51226745662469,39.79747047076504,44.70459352620692,48.35406283006175
2025-11-20,38.52,40.93,24.71,24.71,49.265478725713,38.360568521168375,43.92049181929684,47.885863566100134
2025-11-21,35.76,49.53,35.76,47.3,49.2459217234671,39.21194294772377,44.053021551873435,47.87426230736548
2025-11-24,46.47,51.36,46.47,50.07,49.254121507313194,40.246043619369125,44.288981491015655,47.91774226167507
2025-11-25,57.63,66.01,57.63,65.12,49.41199094505137,42.614991846095876,45.105884177642494,48.258381028770614
2025-11-26,66.35,71.81,66.35,69.05,49.60739402022499,45.13261167027722,46.04486911185259,48.670096255923674
2025-11-28,70.32,72.53,69.55,71.97,49.82990751256106,47.6885534159651,47.06154091138778,49.13148048847964
2025-12-01,66.97,70.11,65.37,65.43,49.985132313431095,49.378214995397,47.781872640352965,49.45422344910381
2025-12-02,65.27,66.61,63.16,63.45,50.11911109638203,50.718384995835386,48.396309007397946,49.731367539220564
2025-12-03,68.5,75.65,68.5,75.65,50.37314979194041,53.09282452004154,49.46508120318626,50.24460778596867
2025-12-04,76.27,78.33,75.81,76.01,50.62824282883653,55.275412660989964,50.506058410904444,50.75481357238513
2025-12-05,75.45,78.17,72.25,72.46,50.84547424347497,56.912040026609965,51.36699729675133,51.18461924421909
2025-12-08,73.08,73.08,69.32,69.32,51.029300370405565,58.09375050026616,52.07103661844735,51.54373569482861
2025-12-09,72.82,76.32,72.67,72.97,51.24761578960551,59.51053616690748,52.89060380988079,51.96801815631716
2025-12-10,72.56,81.52,72.56,79.64,51.53012707528108,61.42762796053534,53.93959973890507,52.51597819282573
2025-12-11,81.71,83.46,81.5,82.81,51.84136959194495,63.46404434524626,55.0717722981637,53.11585981276977
2025-12-12,83.33,83.33,78.32,78.32,52.10483855122908,64.87889726474661,55.98346750215728,53.61495169766542
2025-12-15,76.98,77.39,73.78,73.78,52.320511799475554,65.72662133477074,56.6813707373668,54.01425958484036
2025-12-16,73.94,73.94,69.86,70.76,52.503989294008136,66.20599073145924,57.233473845705355,54.34585840494253
2025-12-17,71.84,71.84,64.66,64.77,52.626039151779196,66.0692297094155,57.529023890971814,54.552277050389215
2025-12-18,69.36,69.36,64.92,64.96,52.748765130368454,65.96358878470926,57.82043471877684,54.75837057414388
2025-12-19,64.7,65.32,61.13,62.01,52.84091672111106,65.58705651949886,57.984731396471865,54.901967196438065
2025-12-22,68.08,68.08,61.51,61.71,52.92916630597562,65.21781304145135,58.130820361316104,55.03677972720167
2025-12-23,58.04,58.04,52.97,52.97,52.9295726113888,64.05135465655123,57.92843524910763,54.99585339596995
2025-12-24,51.47,55.71,51.47,55.56,52.95574601824065,63.24265421307015,57.835555435417135,55.00702461585173
2025-12-26,52.77,52.77,48.99,50.77,52.93399730164124,62.05478238325395,57.55847483010666,54.92312313831012
2025-12-29,49.63,49.63,43.83,45.28,52.85783812451048,60.457184061039285,57.07696601323973,54.73217020487824
2025-12-30,42.69,42.69,38.56,38.56,52.71557107849545,58.371737959987925,56.35081048330876,54.411929210722235
2025-12-31,35.76,35.76,28.46,28.82,52.477804202092514,55.557286725703364,55.27117085651234,53.90515833526239
2026-01-02,28.94,29.56,26.03,29.52,52.24936833938513,53.077545132779235,54.261321019002054,53.42228391278195
2026-01-05,43.33,50.02,42.34,44.6,52.1732552215803,52.27015988203836,53.88244568492354,53.247585221439735
2026-01-06,43.31,52.92,43.31,52.72,52.178695468131735,52.313001798034705,53.83685957963242,53.23713798933202
2026-01-07,45.94,51.43,45.94,49.53,52.15234028934435,52.04795400774569,53.667963125529184,53.16372931627594
2026-01-08,53.28,63.1,53.28,60.92,52.23958068447526,52.89291076891276,53.95235672844961,53.31731883476552
2026-01-09,58.45,64.83,58.45,60.1,52.317793811992914,53.5793002194925,54.19344077831433,53.45162935288898
2026-01-12,55.32,61.69,55.32,61.5,52.40915904769448,54.33365257954083,54.47997251249809,53.611003029069394
2026-01-13,59.08,61.39,58.36,59.49,52.47961517657314,54.82473328625123,54.67644417867463,53.72741881067198
2026-01-14,59.13,64.53,58.51,64.52,52.59942000068684,55.74809202089397,55.06246597558935,53.94113328966857
2026-01-15,65.65,73.06,65.65,70.83,52.78081880665015,57.18446420938026,55.680800643213296,54.27556629383355
2026-01-16,69.19,70.58,67.37,67.37,52.92598478867353,58.15451523705833,56.139200617989246,54.53486201078734
2026-01-20,60.95,62.97,57.45,57.71,52.97358693007976,58.11218045257658,56.20080059375437,54.597736030375714
2026-01-21,63.28,70.8,63.28,70.79,53.15086467206902,59.319591838045476,56.77292606066597,54.91837492086332
2026-01-22,76.47,77.29,73.83,74.3,53.36130382956087,60.74629737727924,57.460262293581025,55.30216947688583
2026-01-23,71.46,71.46,63.26,63.79,53.46507195065976,61.03617381753836,57.70848730167589,55.47024532882868
2026-01-26,64.08,64.08,59.06,62.11,53.551091135230315,61.138442977772804,57.88109564278664,55.60172561934692
2026-01-27,58.34,59.48,55.65,59.37,53.60899072592454,60.97001983703254,57.93948404895187,55.67634491401332
2026-01-28,60.1,60.1,46.4,47.08,53.544025644074544,59.6471608049342,57.51362192938513,55.50612026225068
2026-01-29,48.42,55.03,45.11,55.01,53.55861245358624,59.20552644255952,57.415440677252384,55.49629609864176
2026-01-30,48.24,50.1,42.39,49.68,53.52001929484409,58.298333448030036,57.11209006245817,55.38112191847063
2026-02-02,51.98,60.04,51.98,56.84,53.553053928726236,58.15944454821765,57.1014198639304,55.4100105933524
2026-02-03,57.4,57.4,50.69,55.18,53.569242446848364,57.875687924577875,57.026070065344896,55.405455928137506
2026-02-04,55.24,56.06,50.18,53.56,53.569150482203106,57.46467002699903,56.89014574905686,55.368912246392206
2026-02-05,51.75,53.56,46.27,46.92,53.50298978088765,56.46041573871341,56.49915964125071,55.20160705339434
2026-02-06,53.07,57.47,53.07,56.75,53.535298340281805,56.48799519216927,56.508996518064414,55.23226829986178
2026-02-09,55.97,57.16,53.38,55.45,53.55435009808995,56.38913850720077,56.467467242846205,55.2365798186764
2026-02-10,57.21,60.78,56.9,56.9,53.58764014686517,56.437791982705455,56.4844293117542,55.269518832167954
2026-02-11,57.21,57.21,49.81,52.38,53.575623826995866,56.051335603400176,56.32347129952854,55.21230063747156
2026-02-12,52.64,52.64,41.34,45.8,53.498254435682476,55.07501792688587,55.91078615052742,55.025918446630534
2026-02-13,46.11,53.67,45.44,49.17,53.455187227367226,54.51263526718245,55.64644159560478,54.909959665509135
2026-02-17,49.63,53.21,48.02,50.62,53.42697640918447,54.14190809887936,55.449326238914395,54.825009969162416
2026-02-18,55.08,55.55,47.45,48.39,53.37685724093388,53.594107327557516,55.17248991581971,54.697584029179005
2026-02-19,46.05,49.74,44.23,49.71,53.340371099233046,53.22419234398061,54.95827462500325,54.59881998899724
2026-02-20,52.41,54.75,47.63,53.5,53.34195944650436,53.250459739791985,54.90108738480704,54.57706117733393
2026-02-23,52.25,52.25,35.27,38.04,53.18970114355407,51.80184452647846,54.23986827167735,54.249594619366924
2026-02-24,39.24,43.34,39.24,42.35,53.08184342073263,50.90166885729003,53.77359892769,54.01395908234976
2026-02-25,42.55,48.49,40.99,48.46,53.03585492898405,50.66912896611955,53.56522249915314,53.90397969458046
2026-02-26,49.34,52.88,45.44,51.82,53.023756869989185,50.778735731251025,53.49678240114713,53.8627127699353
2026-02-27,42.73,44.66,42.06,43.25,52.92650555784999,50.06171328065569,53.09494779718057,53.65256004181777
2026-03-02,38.16,47.78,38.16,46.25,52.860072666727106,49.69869296821229,52.826518471800945,53.50597469445504
2026-03-03,31.11,42.09,31.11,39.46,52.72673861034176,48.723579352192075,52.30234127682836,53.22783658169355
2026-03-04,45.04,48.38,45.04,45.98,52.65960688287567,48.46228608055473,52.05440632479587,53.084315065224374
2026-03-05,43.16,43.16,34.04,37.06,52.504386913891835,47.376354072882854,51.46639039049015,52.76700189561597
2026-03-06,29.04,30.08,27.63,29.77,52.27817410877849,45.69955844689401,50.6155515516474,52.31161571946516
2026-03-09,23.67,32.79,23.67,31.49,52.071326605208554,44.34626716623744,49.86552992217103,51.89930649729753
2026-03-10,33.26,36.96,30.08,30.5,51.85668653948509,43.027575055167205,49.106097376203536,51.47555785378669
2026-03-11,27.47,29.5,25.86,28.69,51.626172245559864,41.66209171657985,48.305466106548494,51.02435868836517
2026-03-12,24.46,25.35,22.69,22.79,51.33924515853937,39.864749648334154,47.3048595925662,50.46526247671437
2026-03-13,24.3,24.3,19.97,21.28,51.040148191787736,38.09477349134995,46.28427686344596,49.88733648707646
2026-03-16,25.92,27.28,23.89,23.9,50.7700969659988,36.74289030169757,45.406462084487295,49.3727357645601
2026-03-17,30.53,30.58,26.35,26.35,50.52711092653613,35.75309122534542,44.65914984587995,48.91684000684604
2026-03-18,23.74,23.74,19.57,19.57,50.21907997204323,34.21184444197919,43.67526161662976,48.33571446215602
2026-03-19,17.48,24.94,17.37,22.07,49.9389896240627,33.055478304647835,42.8279964551933,47.81560130448956
2026-03-20,20.35,20.35,14.77,15.39,49.59521858302725,31.373051799443278,41.75199659420533,47.17351018954918
2026-03-23,28.86,37.73,28.81,29.69,49.39715670657922,31.212761151877253,41.27897711992277,46.82730206698385
2026-03-24,32.2,36.11,31.99,32.21,49.22614022193664,31.307736280269896,40.92333095835717,46.53785054090496
2026-03-25,43.7,43.7,36.81,39.68,49.13115375206662,32.105094729768,40.87457288155885,46.402051520292986
2026-03-26,43.6,44.54,37.85,38.85,49.02885371473263,32.747466660266284,40.79517786659576,46.25250594563372
2026-03-27,32.42,34.51,27.04,27.04,48.81005915040693,32.20389840690759,40.25575912672926,45.87206028334395
2026-03-30,30.44,35.61,29.55,31.12,48.63403866134815,32.1006699872021,39.897494062935955,45.57994027773318
2026-03-31,36.81,48.19,36.81,47.36,48.621361659742696,33.55393951223047,40.19014135458553,45.6151889851048
2026-04-01,36.81,54.93,36.81,54.93,48.68413418054128,35.58975479677995,40.76817502695472,45.799640688370054
2026-04-02,46.84,59.32,46.78,59.13,48.78807314391898,37.83168291137233,41.48824659452512,46.06360819949144
2026-04-06,61.27,65.59,59.87,64.39,48.94331619721332,40.361046443622584,42.38635457121041,46.42650704702626
2026-04-07,61.17,64.91,58.05,64.91,49.10218867286294,42.699042020420436,43.26963478410412,46.79251680847129
2026-04-08,80.4,80.76,75.62,77.37,49.38346042736181,46.00103801847563,44.6069040082569,47.398011525135225
2026-04-09,75.61,77.11,72.43,76.13,49.64959514947761,48.870462969097,45.84310385107035,47.96696179196423
2026-04-10,75.61,75.71,70.77,72.28,49.87477330719425,51.09994268632585,46.879844876518575,48.44840809311346
2026-04-13,72.8,78.99,72.8,78.88,50.16338252801819,53.7456624304853,48.13475292057667,49.05101387344784
2026-04-14,82.83,84.5,81.79,83.35,50.49359762724189,56.56512315139146,49.51574300212268,49.73020171753799
2026-04-15,85.64,86.11,84.55,86.06,50.84749217821461,59.37415904173513,50.9488511196865,50.449603663725355
2026-04-16,86.73,86.73,83.82,85.07,51.18801464410302,61.82138199014131,52.286935389502716,51.13515606642386
2026-04-17,87.62,89.96,87.62,88.97,51.56395479689802,64.4069646577469,53.725486942855554,51.884360896791705
2026-04-20,87.98,88.61,87.36,87.36,51.920134351157735,66.59296802367577,55.044487454900434,52.58684879982553
2026-04-21,87.15,88.09,80.39,80.48,52.204312118807906,67.91554249761141,56.04195853510042,53.13918842755176
2026-04-22,82.04,82.67,80.22,81.06,52.49143339125758,69.16739559307699,57.0230582003906,53.69207578542202
2026-04-23,77.73,77.93,72.11,74.85,52.713906690847054,69.70859601278394,57.72215395723803,54.1110445817503
2026-04-24,71.99,75.48,70.27,75.35,52.93914145014211,70.24587258299499,58.41344203734634,54.531617956369104
2026-04-27,77.12,79.05,74.04,74.04,53.14910024168299,70.60721805128118,59.02624823196021,54.917922551292484
2026-04-28,75.97,75.97,70.5,71.39,53.33060173181549,70.68176871306393,59.511101242471575,55.24410230275204
2026-04-29,65.6,65.6,51.01,53.57,53.332983804135736,69.0520764546769,59.27811688002171,55.210951762103484
2026-04-30,56.02,64.21,56.02,62.68,53.42598894041299,68.44521203042196,59.41152406119733,55.358853707408365
2026-05-01,58.97,66.12,58.97,65.18,53.542944274339234,68.13423945609605,59.63773880389548,55.55333185181612
2026-05-04,61.96,62.9,52.03,53.99,53.54739259001745,66.78716903170596,59.41625885080154,55.522374785443525
2026-05-05,56.71,62.57,56.71,61.05,53.62204540006703,66.2407719810673,59.48032713116226,55.63183271048425
2026-05-06,64.71,66.96,64.45,65.91,53.74431360504149,66.20926988763232,59.73247116523433,55.83536077562317
2026-05-07,61.99,64.14,59.38,60.43,53.8108378477774,65.65886323166734,59.75982523718592,55.92634373056133
2026-05-08,57.98,60.02,57.77,58.16,53.854113093073146,64.94468578103235,59.69708699259039,55.970574547777936
2026-05-11,57.69,57.69,48.32,48.63,53.80213186826645,63.39090618283879,59.26308358111626,55.82521663594075
2026-05-12,44.81,44.81,40.14,42.94,53.69405095415435,61.44320083209224,58.6229626563666,55.570063831268655
2026-05-13,39.17,41.79,38.96,41.13,53.5690355217747,59.508610276654885,57.936964120822815,55.28412197322373
2026-05-14,43.44,44.96,41.76,41.76,53.451532680762014,57.81826644078299,57.30257337098663,55.016317577714354
2026-05-15,36.25,36.3,32.84,32.84,53.246442803341495,55.43938392261318,56.34325676820284,54.57718257617545
2026-05-18,33.1,38.25,33.1,36.75,53.08229909385551,53.659442596650024,55.57489375768508,54.224169059815544
2026-05-19,32.86,35.48,32.17,32.26,52.875112038195255,51.62140044458812,54.66058419856018,53.78923501902712
2026-05-20,32.94,44.84,32.94,44.78,52.79456365970575,50.96983849748449,54.27311030842056,53.61083432558104
2026-05-21,36.72,49.84,36.72,49.52,52.7619809367236,50.83175864058121,54.086713825737405,53.5298277052725
2026-05-22,54.16,54.16,51.36,52.47,52.75907565377113,50.98778162719252,54.02331328355162,53.508841018039384
2026-05-26,58.53,61.8,57.06,61.8,52.84903510000226,52.01751671031704,54.32828139007901,53.6730223840188
2026-05-27,64.75,68.8,61.01,61.99,52.93998997462911,52.96727702362018,54.62874094340925,53.83771501007784
2026-05-28,62.3,65.26,61.83,64.82,53.05819902960792,54.0961077832754,55.02839816131477,54.05518599997728
2026-05-29,63.39,64.55,60.49,60.49,53.13214729797003,54.705049899153934,55.24257862557693,54.182608059383675
2026-06-01,56.22,56.22,49.15,53.74,53.138195583562364,54.6131403849488,55.18365397359352,54.17384354335628
2026-06-02,54.22,59.02,54.22,57.45,53.18109911009408,54.883317491144155,55.27253028835456,54.23871792863635
2026-06-03,49.04,49.04,40.4,40.5,53.05491901944638,53.513477730082805,54.69321537508576,53.96666410826731
2026-06-04,54.85,59.59,54.85,58.33,53.10740738741209,53.972194136741585,54.835834379984355,54.053066799192706
2026-06-05,54.48,56.32,50.89,50.94,53.08584114475127,53.6834137427662,54.683056561161436,53.99142191207998
2026-06-08,56.17,59.07,53.05,53.05,53.08548451644529,53.623088624407515,54.6190151273904,53.97277989401899
2026-06-09,63.44,63.44,52.84,58.38,53.138166262550314,54.07612780303537,54.766504730237834,54.06005157928594
2026-06-10,63.66,63.66,57.12,57.12,53.17778649874384,54.36602039322248,54.85879866238537,54.12064461731988
2026-06-11,58.33,64.71,57.12,63.55,53.280992603233955,55.24068511767748,55.19963008738986,54.307364525887806
2026-06-12,65.29,72.41,65.29,68.44,53.43182849772914,56.49776272551772,55.71886028004124,54.58721869369201
2026-06-15,71.24,71.6,65.91,65.94,53.55628791566219,57.39702341832555,56.119689288667075,54.812026244311966
2026-06-16,64.78,64.78,61.72,62.54,53.6456780856556,57.886830711818355,56.37146617930758,54.965055427592915
2026-06-17,62.86,66.29,49.6,53.43,53.64353203505206,57.46237064402613,56.25611456443278,54.934658290412855
2026-06-18,60.25,62.63,57.71,62.63,53.732949626743086,57.95452582078555,56.50607085602365,55.08704129456309
2026-06-22,62.89,63.95,58.43,58.43,53.77968644637748,57.99980907594883,56.58151905774821,55.15323849665095
2026-06-23,58.59,63.82,58.59,62.38,53.865261705617506,58.41697011633466,56.80891046724828,55.29634268483608
2026-06-24,67.08,70.37,65.18,66.43,53.990283977203404,59.18011581954088,57.186208095983645,55.51681114652249
2026-06-25,68.55,68.71,64.53,65.32,54.10301746996755,59.76486669387032,57.5051803275137,55.7109336980765
2026-06-26,65.53,71.3,65.53,71.29,54.27403222151016,60.86249843731124,58.04576149114061,56.019430060490826
2026-06-29,70.44,70.44,68.11,70.36,54.43409160239066,61.76702239566255,58.528672805213525,56.303401742461304
2026-06-30,69.72,71.15,68.87,70.67,54.595642929730055,62.61492502464707,59.004803283440445,56.58788883666999
2026-07-01,71.42,74.54,71.42,71.88,54.76762658217055,63.49731311753783,59.50971295859964,56.890702919112165
2026-07-02,73.49,73.49,66.51,68.85,54.907749700755915,64.00709282062947,59.87599872492907,57.12752068309014
2026-07-06,69.46,69.46,66.59,66.59,55.023990997265805,64.25308398056951,60.13929289257891,57.31489651114776
2026-07-07,63.88,65.09,62.48,62.48,55.09818014157162,64.0842188395629,60.23108532816405,57.417175788154736
2026-07-08,57.81,57.81,51.83,52.26,55.06993954314802,62.95810275960452,59.91849374666742,57.31505349531999
2026-07-09,55.37,58.09,55.22,57.28,55.09193019445998,62.41733106821361,59.81502340366086,57.31435936669979
2026-07-10,55.72,58.54,53.86,57.31,55.114000540783756,61.930918585526605,59.71678719175259,57.31427304260672
2026-07-13,59.52,60.03,56.3,56.3,55.1258015304277,61.394640625000264,59.58279553717406,57.29418842790164
2026-07-14,57.01,57.21,53.74,53.74,55.112012460473196,60.665627232143095,59.353666300422134,57.2238084590323
2026-07-15,55.2,60.13,54.14,56.74,55.12821134146351,60.29175797193899,59.25116958275852,57.214228093506904
2026-07-16,57.2,62.53,57.2,60.26,55.179273915180296,60.288733403182896,59.29073155990525,57.27454040848696
2026-07-17,54.96,60.16,53.05,54.56,55.173111985676016,59.743139745736904,59.10521267520308,57.22078713307138
2026-07-20,52.69,52.69,46.84,46.84,55.09019544850511,58.51426929376196,58.62422394284217,57.015226991822445
2026-07-21,46.54,50.63,44.93,50.63,55.04581539429113,57.76338650387987,58.310724964691495,56.88878685337052
2026-07-22,46.14,46.39,38.98,41.16,54.907648076935004,56.182111598748456,57.63814751509575,56.5773257275612
2026-07-23,32.77,35.6,30.6,35.5,54.714537150796346,54.212386684581936,56.76998486744494,56.15995294087682
2026-07-24,39.19,42.62,38.08,39.79,54.56603429357449,52.83882604795509,56.1041031079373,55.83579545689906
2026-07-27,49.34,49.34,44.49,47.14,54.49214340508121,52.2960807100546,55.75256965272407,55.663601487455516
2026-07-28,50.22,53.61,50.22,52.57,54.47301760005553,52.32216826147798,55.627762999676065,55.60234205206036
2026-07-29,53.23,53.23,45.04,45.14,54.38015175328881,51.638152236575316,55.216478176159356,55.39516696192055
2026-07-30,46.41,46.41,40.39,45.14,54.28820994479837,51.019280594996715,54.82132216925115,55.192094348813214
2026-07-31,35.13,44.74,35.13,43.93,54.18514317917848,50.344111014520834,54.39421149594718,54.96908257952978
2026-08-03,50,57.36,50,56.6,54.20917160525631,50.93990996551885,54.48071300591004,55.001377973994536
2026-08-04,62.18,68.47,61.36,67.46,54.34102064400998,52.51325187356468,54.989704652737096,55.24808336064811