time,open,high,low,close,EMA,EMA,EMA,EMA
1990-10-15,18.22,18.22,18.22,18.22,,,,
1990-12-11,38.38,38.38,38.38,38.38,,,,
1991-02-07,75.7,75.7,75.7,75.7,,,,
1991-04-08,84.91,84.91,84.91,84.91,,,,
1991-06-04,91.87,91.87,91.87,91.87,,,,
1991-07-31,82.52,82.52,82.52,82.52,,,,
1991-09-26,64.1,64.1,64.1,64.1,,,,
1991-11-21,45.23,45.23,45.23,45.23,,,,
1992-01-21,77.33,77.33,77.33,77.33,,,,
1992-03-17,72.14,72.14,72.14,72.14,,,,
1992-05-13,67.27,67.27,67.27,67.27,,,,
1992-07-13,62.9,62.9,62.9,62.9,,,,
1992-09-08,57.78,57.78,57.78,57.78,,,,
1992-11-03,63.56,63.56,63.56,63.56,,,,
1992-12-31,76.77,76.77,76.77,76.77,,,,
1993-03-02,78.43,78.43,78.43,78.43,,,,
1993-04-28,68.01,68.01,68.01,68.01,,,,
1993-06-25,66.53,66.53,66.53,66.53,,,,
1993-08-23,64.52,64.52,64.52,64.52,,,,
1993-10-19,64.65,64.65,64.65,64.65,,66.041,,
1993-12-15,59.68,59.68,59.68,59.68,,65.43519047619047,,
1994-02-10,62.83,62.83,62.83,62.83,,65.18707709750566,,
1994-04-11,40.16,40.16,40.16,40.16,,62.803545945362266,,
1994-06-08,47.45,47.45,47.45,47.45,,61.34130347437539,,
1994-08-04,55.28,55.28,55.28,55.28,,60.764036476815825,,
1994-09-30,52.03,52.03,52.03,52.03,,59.93222347902384,,
1994-11-25,39.07,39.07,39.07,39.07,,57.94534505245014,,
1995-01-25,56.88,56.88,56.88,56.88,,57.84388361888346,,
1995-03-23,73.91,73.91,73.91,73.91,,59.37398994089456,,
1995-05-19,84.47,84.47,84.47,84.47,,61.76408613699984,,
1995-07-19,91.3,91.3,91.3,91.3,,64.57703031442843,,
1995-09-14,89.48,89.48,89.48,89.48,,66.94874171305429,,
1995-11-09,73.79,73.79,73.79,73.79,,67.60029012133484,,
1996-01-08,76.63,76.63,76.63,76.63,,68.46026249073152,,
1996-03-06,82.39,82.39,82.39,82.39,,69.7869041582809,,
1996-05-02,82.22,82.22,82.22,82.22,,70.97100852415892,,
1996-06-28,70.85,70.85,70.85,70.85,,70.95948390281045,,
1996-08-26,65.66,65.66,65.66,65.66,,70.45477115016183,,
1996-10-22,70.62,70.62,70.62,70.62,,70.47050723109881,,
1996-12-18,69.17,69.17,69.17,69.17,,70.34664939956559,,
1997-02-14,81.5,81.5,81.5,81.5,,71.40887326627363,,
1997-04-15,52.85,52.85,52.85,52.85,,69.64136152662853,,
1997-06-12,85.16,85.16,85.16,85.16,,71.11932709552104,,
1997-08-08,90.02,90.02,90.02,90.02,,72.9193911816619,,
1997-10-06,87.47,87.47,87.47,87.47,,74.30516345007504,,
1997-12-02,72.87,72.87,72.87,72.87,,74.16848121673456,,
1998-02-02,61.18,61.18,61.18,61.18,,72.93148300561698,,
1998-03-31,82.35,82.35,82.35,82.35,,73.82848462412964,,
1998-05-27,75.46,75.46,75.46,75.46,,73.9838670408792,,
1998-07-27,66.19,66.19,66.19,66.19,,73.2415939893669,68.3948,
1998-09-22,31.36,31.36,31.36,31.36,,69.25287075228434,66.94245490196079,
1998-11-17,49.09,49.09,49.09,49.09,,67.33259734730488,66.24235863129566,
1999-01-14,65.93,65.93,65.93,65.93,,67.19901664756156,66.23010927320563,
1999-03-16,53.02,53.02,53.02,53.02,,65.84863410969855,65.7120657722956,
1999-05-12,79.07,79.07,79.07,79.07,,67.10781181353678,66.23590633024479,
1999-07-08,77.73,77.73,77.73,77.73,,68.11944878367613,66.68665510160774,
1999-09-02,54.27,54.27,54.27,54.27,,66.80045366142126,66.1997274505643,
1999-10-29,36.31,36.31,36.31,36.31,,63.896600931762094,65.02758127603236,
1999-12-28,36.11,36.11,36.11,36.11,,61.25025798587999,63.89355848089384,
2000-02-25,26.87,26.87,26.87,26.87,,57.97594770151047,62.441654226741136,
2000-04-21,34.27,34.27,34.27,34.27,,55.71823839660471,61.33688347275129,
2000-06-20,57.37,57.37,57.37,57.37,,55.8755490254995,61.18131941499634,
2000-08-16,56.73,56.73,56.73,56.73,,55.956925308785266,61.006757869310206,
2000-10-12,56.01,56.01,56.01,56.01,,55.961980041281905,60.810806580317646,
2000-12-08,57.64,57.64,57.64,57.64,,56.121791465921724,60.68646122422676,
2001-02-07,73.52,73.52,73.52,73.52,,57.77876370726251,61.18973725464924,
2001-04-04,50.71,50.71,50.71,50.71,,57.10554811609465,60.77876716623162,
2001-06-01,72.01,72.01,72.01,72.01,,58.52501972408564,61.21920766951665,
2001-07-31,48.18,48.18,48.18,48.18,,57.539779750363195,60.707866192280704,
2001-10-01,19.6,19.6,19.6,19.6,,53.926467393185746,59.095793008269695,
2001-11-26,44.56,44.56,44.56,44.56,,53.034422879549005,58.52576190990618,
2002-01-24,50.7,50.7,50.7,50.7,,52.81209689102053,58.21886928598829,
2002-03-25,76.61,76.61,76.61,76.61,,55.07856385378048,58.94009009830248,
2002-05-21,68.21,68.21,68.21,68.21,,56.3291768200871,59.303615976800415,
2002-07-18,22.13,22.13,22.13,22.13,,53.07211236103119,57.845827114965104,
2002-09-13,25.25,25.25,25.25,25.25,,50.422387374266314,56.56755938496647,
2002-11-08,27.42,27.42,27.42,27.42,,48.23168381481238,55.42451784045798,
2003-01-08,35.89,35.89,35.89,35.89,,47.05628535625882,54.65845831730277,
2003-03-10,23.34,23.34,23.34,23.34,,44.797591512805596,53.43028348133011,
2003-05-06,68.41,68.41,68.41,68.41,,47.04639232110983,54.01772334480736,
2003-07-02,85.94,85.94,85.94,85.94,,50.750545433385085,55.269577331285504,
2003-08-28,88.53,88.53,88.53,88.53,,54.34858872544365,56.573907632019406,
2003-10-24,88.55,88.55,88.55,88.55,,57.60586598968711,57.82787203860688,
2003-12-23,90.56,90.56,90.56,90.56,,60.74435494305024,59.11148489983798,
2004-02-20,93.98,93.98,93.98,93.98,,63.90965447228355,60.47887764886394,
2004-04-19,85.54,85.54,85.54,85.54,,65.96968737968511,61.461666760673204,
2004-06-15,73.69,73.69,73.69,73.69,,66.70495524828652,61.941209240646806,
2004-08-11,49,49,49,49,,65.018769034164,61.433710839052814,
2004-10-07,64.06,64.06,64.06,64.06,,64.92745769757695,61.536702570854665,
2004-12-03,76.86,76.86,76.86,76.86,,66.06389029780772,62.13761619552703,
2005-01-31,72.18,72.18,72.18,72.18,,66.64637693611175,62.53143516825146,
2005-03-30,65.19,65.19,65.19,65.19,,66.50767437076777,62.63569261263376,
2005-05-26,67.4,67.4,67.4,67.4,,66.59265776402799,62.82252819645205,
2005-07-26,73.64,73.64,73.64,73.64,,67.26383321507295,63.24674277698334,
2005-09-21,64.53,64.53,64.53,64.53,,67.00346814697076,63.29706658965066,
2005-11-16,60.36,60.36,60.36,60.36,,66.37075689487831,63.18188750770358,
2006-01-13,81.21,81.21,81.21,81.21,,67.78401814298513,63.88887231132305,
2006-03-14,68.83,68.83,68.83,68.83,,67.88363546270084,64.0826420246045,
2006-05-10,71.72,71.72,71.72,71.72,,68.24900351387218,64.38214625893373,
2006-07-07,58.18,58.18,58.18,58.18,,67.29005079826531,64.13892483701476,63.780100000000004
2006-09-04,55.67,55.67,55.67,55.67,,66.18337929366862,63.80681013752398,63.619503960396045
2006-10-31,73.94,73.94,73.94,73.94,,66.922105075224,64.20419013213089,63.823870218606025
2006-12-29,77.85,77.85,77.85,77.85,,67.96285697282171,64.73931993087085,64.10161536279205
2007-01-02,77.85,77.85,77.85,77.85,,68.90448964207678,65.25346424730729,64.3738606031328
2007-01-03,77.27,77.27,77.27,77.27,,69.70120491425995,65.72470094349131,64.62922970010047
2007-01-04,76.86,76.86,76.86,76.86,,70.38299492242567,66.1613793378642,64.8714231713856
2007-01-05,75,75,75,75,,70.82270969171846,66.50799191284992,65.07198904917995
2007-01-08,76.03,76.03,76.03,76.03,,71.31864210203099,66.88140399469894,65.28897936503778
2007-01-09,77.48,77.48,77.48,77.48,,71.90543809231376,67.29703521059311,65.53038571424494
2007-01-10,78.14,78.14,78.14,78.14,,72.49920589304578,67.72224951606005,65.78008104663613
2007-01-11,80.21,80.21,80.21,80.21,,73.23356723656524,68.2119652213126,66.06582201600966
2007-01-12,82.06,82.06,82.06,82.06,,74.07417988070188,68.7550254087121,66.38253841173224
2007-01-15,82.06,82.06,82.06,82.06,,74.83473417777789,69.27678911817438,66.69298319565834
2007-01-16,81.44,81.44,81.44,81.44,,75.46380711322762,69.75377778020676,66.98500333039779
2007-01-17,81.44,81.44,81.44,81.44,,76.03296834053927,70.21206100451238,67.2712408882117
2007-01-18,80.82,80.82,80.82,80.82,,76.48887611763077,70.62805861217856,67.53953314785106
2007-01-19,81.65,81.65,81.65,81.65,,76.98041172547546,71.0602916077794,67.81894833304213
2007-01-22,80.82,80.82,80.82,80.82,,77.3460867992397,71.44302527021942,68.07639490070466
2007-01-23,82.27,82.27,82.27,82.27,,77.81503091359782,71.86761251452454,68.35745638781941
2007-01-24,83.92,83.92,83.92,83.92,,78.39645654087423,72.34025516101377,68.66562556825863
2007-01-25,80.82,80.82,80.82,80.82,,78.62727020364811,72.67279417430736,68.90630625007529
2007-01-26,80.62,80.62,80.62,80.62,,78.81705399377687,72.98444930472668,69.13826058175697
2007-01-29,80.62,80.62,80.62,80.62,,78.98876313722668,73.28388266532563,69.36562175835584
2007-01-30,82.27,82.27,82.27,82.27,,79.30126188606224,73.63627942354816,69.62115400076463
2007-01-31,84.54,84.54,84.54,84.54,,79.80018932548488,74.06387630889921,69.9165766938188
2007-02-01,85.98,85.98,85.98,85.98,,80.38874272305775,74.53117527717767,70.2346642840402
2007-02-02,86.39,86.39,86.39,86.39,,80.96029103514748,74.99622722709226,70.55457192198
2007-02-05,85.77,85.77,85.77,85.77,,81.41835855560963,75.41872812014746,70.85586752748534
2007-02-06,86.6,86.6,86.6,86.6,,81.91184821698015,75.85720937033776,71.16763252694108
2007-02-07,87.22,87.22,87.22,87.22,,82.41738648202966,76.30280900287353,71.48550118977393
2007-02-08,86.6,86.6,86.6,86.6,,82.81573062659825,76.70662041452555,71.78479819591702
2007-02-09,85.36,85.36,85.36,85.36,,83.05804199549365,77.04596863356376,72.05361407322559
2007-02-12,84.74,84.74,84.74,84.74,,83.21822847211331,77.34769535381616,72.30482963613201
2007-02-13,86.6,86.6,86.6,86.6,,83.54030195095966,77.7105308301371,72.58790231660464
2007-02-14,88.04,88.04,88.04,88.04,,83.96884462229683,78.11560805248467,72.89388444894911
2007-02-15,88.25,88.25,88.25,88.25,,84.37657370588761,78.51303518768135,73.19796594500953
2007-02-16,88.45,88.45,88.45,88.45,,84.76451906723165,78.90272008228209,73.49998642134598
2007-02-19,88.45,88.45,88.45,88.45,,85.11551725130482,79.27712321631024,73.79602629419061
2007-02-20,89.07,89.07,89.07,89.07,,85.49213465594246,79.66115759998435,74.09848121905813
2007-02-21,89.48,89.48,89.48,89.48,,85.87193135537652,80.04621024312222,74.40306574937381
2007-02-22,89.69,89.69,89.69,89.69,,86.23555694057876,80.42439807672527,74.70577731869314
2007-02-23,89.69,89.69,89.69,89.69,,86.5645515176665,80.78775501489291,75.0024945995111
2007-02-26,89.9,89.9,89.9,89.9,,86.88221327788874,81.14509795548534,75.29749470645147
2007-02-27,78.97,78.97,78.97,78.97,,86.12866915618505,81.0597999964467,75.37021758355145
2007-02-28,81.44,81.44,81.44,81.44,,85.68212923654838,81.07470980050762,75.49041129476825
2007-03-01,80.41,80.41,80.41,80.41,,85.18002169021044,81.04864274950732,75.58782889289165
2007-03-02,75.88,75.88,75.88,75.88,,84.29430533876183,80.84595087697762,75.59361445936905
2007-03-05,70.72,70.72,70.72,70.72,,83.00151435411784,80.44885476415497,75.49710724235185
2007-03-06,75.88,75.88,75.88,75.88,,82.3232748918209,80.26968398909007,75.50468927715676
2007-03-07,75.05,75.05,75.05,75.05,,81.63058204498081,80.06499049932184,75.49568552909425
2007-03-08,78.76,78.76,78.76,78.76,,81.35719327879217,80.01381440130922,75.56032541960722
2007-03-09,78.56,78.56,78.56,78.56,,81.0907939189072,79.95680207184611,75.61972491624867
2007-03-12,78.97,78.97,78.97,78.97,,80.88881354567793,79.91810395138155,75.68606699711503
2007-03-13,70.31,70.31,70.31,70.31,,79.8813074937086,79.5413155611313,75.57961022489494
2007-03-14,72.78,72.78,72.78,72.78,,79.20499249430779,79.27616593128302,75.52417239865939
2007-03-15,75.05,75.05,75.05,75.05,,78.80927892342133,79.1104339339778,75.5147828462107
2007-03-16,73.61,73.61,73.61,73.61,,78.31410950214311,78.89473064244926,75.4770643740085
2007-03-19,77.11,77.11,77.11,77.11,,78.19943240670091,78.82474120549047,75.50939973293903
2007-03-20,78.35,78.35,78.35,78.35,,78.2137721774913,78.80612390331437,75.56564924317786
2007-03-21,81.65,81.65,81.65,81.65,,78.54103197011118,78.91764845612558,75.68613143638225
2007-03-22,81.86,81.86,81.86,81.86,,78.85712416343392,79.03303479117947,75.8083862594242
2007-03-23,82.68,82.68,82.68,82.68,,79.22120757644022,79.17605303466263,75.94445781864351
2007-03-26,82.47,82.47,82.47,82.47,,79.53061637868402,79.30522742546017,76.07367647570008
2007-03-27,81.86,81.86,81.86,81.86,,79.75246243785696,79.40541458524605,76.1882571395476
2007-03-28,79.59,79.59,79.59,79.59,,79.73698982472773,79.41265322896189,76.25561838430903
2007-03-29,80,80,80,80,,79.7620384128489,79.43568643566927,76.32976455491678
2007-03-30,79.59,79.59,79.59,79.59,,79.74565380210139,79.44173794799596,76.39432367264119
2007-04-02,80,80,80,80,,79.7698772495203,79.46363057748631,76.46572320387602
2007-04-03,81.86,81.86,81.86,81.86,,79.9689365590898,79.55760584895744,76.5725405661755
2007-04-04,81.86,81.86,81.86,81.86,,80.14903783917649,79.64789581566498,76.67724273318193
2007-04-05,82.27,82.27,82.27,82.27,,80.3510342354454,79.75072343073694,76.78799040183179
2007-04-06,82.27,82.27,82.27,82.27,,80.53379287968869,79.84951859031588,76.89654504734007
2007-04-09,82.47,82.47,82.47,82.47,,80.71819355781358,79.95228256716624,77.0069104919472
2007-04-10,81.86,81.86,81.86,81.86,,80.826937028498,80.02709501551266,77.10301127428488
2007-04-11,80.41,80.41,80.41,80.41,,80.78722874006961,80.04211089725726,77.16849619954657
2007-04-12,82.27,82.27,82.27,82.27,,80.92844505053917,80.12947909736482,77.26951607678326
2007-04-13,83.09,83.09,83.09,83.09,,81.13430742667829,80.2455779562917,77.3847731841737
2007-04-16,86.6,86.6,86.6,86.6,,81.65484957651846,80.4947709776136,77.56725292310095
2007-04-17,86.6,86.6,86.6,86.6,,82.1258162835167,80.73419172358953,77.74611920185143
2007-04-18,87.22,87.22,87.22,87.22,,82.61097663746749,80.98853714619386,77.93372080181477
2007-04-19,86.21,86.21,86.21,86.21,,82.95374076723249,81.19330039536273,78.09760751861052
2007-04-20,86.83,86.83,86.83,86.83,,83.32290831321035,81.41434743868183,78.27052618160833
2007-04-23,87.24,87.24,87.24,87.24,,83.69596466433318,81.64280440187078,78.44813952454678
2007-04-24,86.63,86.63,86.63,86.63,,83.97539660106335,81.83838069983663,78.61015656366466
2007-04-25,87.04,87.04,87.04,87.04,,84.26726359143827,82.04236577043127,78.77708415646337
2007-04-26,86.83,86.83,86.83,86.83,,84.51133372558701,82.23011613237514,78.9365478365334
2007-04-27,85.19,85.19,85.19,85.19,,84.57596860886443,82.3461900095369,79.06037857244364
2007-04-30,83.33,83.33,83.33,83.33,,84.45730493182973,82.38477079347663,79.14492553140515
2007-05-01,83.54,83.54,83.54,83.54,,84.36994255736975,82.43007389961481,79.23195670900108
2007-05-02,84.98,84.98,84.98,84.98,,84.42804326619168,82.5300710015907,79.3457793484268
2007-05-03,84.77,84.77,84.77,84.77,,84.46061057417343,82.6179113544695,79.45318965835895
2007-05-04,85.19,85.19,85.19,85.19,,84.53007623377596,82.71877757586284,79.56678986314392
2007-05-07,85.8,85.8,85.8,85.8,,84.65102135436872,82.83960982778979,79.69021976684404
2007-05-08,84.77,84.77,84.77,84.77,,84.66235265395265,82.91531140317058,79.79080947443128
2007-05-09,86.21,86.21,86.21,86.21,,84.80974763929049,83.04451487755604,79.91792215810591
2007-05-10,82.51,82.51,82.51,82.51,,84.59072405459617,83.02355350980875,79.96925043220283
2007-05-11,84.57,84.57,84.57,84.57,,84.58875033511082,83.0841984702084,80.0603543840404
2007-05-14,82.92,82.92,82.92,82.92,,84.42982173176694,83.07775931451395,80.11698102990098
2007-05-15,81.48,81.48,81.48,81.48,,84.14888632874151,83.0151020864938,80.1439715045564
2007-05-16,83.13,83.13,83.13,83.13,72.8772,84.05184953552804,83.01960788702345,80.2031007816939
2007-05-17,81.69,81.69,81.69,81.69,72.9648895522388,83.82691148452537,82.96746640125782,80.23254433057126
2007-05-18,82.51,82.51,82.51,82.51,73.0598657755996,83.701491343142,82.94952654238497,80.27764246263915
2007-05-21,82.92,82.92,82.92,82.92,73.1579765639021,83.62706359617609,82.94836863876203,80.32996637427006
2007-05-22,83.33,83.33,83.33,83.33,73.25919072744536,83.5987718251117,82.96333457449686,80.38937298072015
2007-05-23,82.72,82.72,82.72,82.72,73.35332813314241,83.51507927033916,82.95379204216364,80.4355240108049
2007-05-24,78.81,78.81,78.81,78.81,73.4076233755987,83.0669764826878,82.79129039345135,80.40333541653153
2007-05-25,79.63,79.63,79.63,79.63,73.46953757086638,82.73964538909848,82.66731822115914,80.38802184392695
2007-05-28,79.63,79.63,79.63,79.63,73.5308357044896,82.44348868537482,82.5482077026823,80.37301151038385
2007-05-29,81.07,81.07,81.07,81.07,73.60585226464394,82.31268023914865,82.49023877316534,80.38681326265348
2007-05-30,83.54,83.54,83.54,83.54,73.70469950579177,82.4295678354202,82.53140588010004,80.44925260398708
2007-05-31,84.16,84.16,84.16,84.16,73.80873234653015,82.59437089871352,82.59527231617454,80.52273275044278
2007-06-01,84.36,84.36,84.36,84.36,73.91372008437563,82.762526051217,82.66447732338338,80.59871824053303
2007-06-04,84.77,84.77,84.77,84.77,74.02174277010323,82.95371404633919,82.74704684011344,80.68131787933436
2007-06-05,82.51,82.51,82.51,82.51,74.10620304104748,82.91145556573545,82.73775088559918,80.71752940647625
2007-06-06,80.25,80.25,80.25,80.25,74.16733534909676,82.65798360709398,82.64019202734039,80.70827139842721
2007-06-07,73.05,73.05,73.05,73.05,74.15621758442913,81.74293754927551,82.2641060654839,80.55662245984449
2007-06-08,75.93,75.93,75.93,75.93,74.17386716070347,81.18932444934451,82.01570974919042,80.46500617351094
2007-06-11,75.72,75.72,75.72,75.72,74.18925156706463,80.6684364065498,81.76881917079079,80.3710456552236
2007-06-12,71.6,71.6,71.6,71.6,74.1634878698799,79.8047757964022,81.37004194840684,80.19736158284293
2007-06-13,75.72,75.72,75.72,75.72,74.17897555276667,79.41574953007817,81.14847167592029,80.1087009574401
2007-06-14,77.3,77.3,77.3,77.3,74.21003052239088,79.21424957483264,80.99755121804107,80.05308311669872
2007-06-15,77.91,77.91,77.91,77.91,74.2468461390835,79.09003532961047,80.87647077811789,80.01064582725914
2007-06-18,78.32,78.32,78.32,78.32,74.28737503322198,79.01669863155233,80.77621702211327,79.97716769206589
2007-06-19,77.1,77.1,77.1,77.1,74.31536135129937,78.83415590473783,80.63205164869707,79.92019407440122
2007-06-20,74.44,74.44,74.44,74.44,74.31660153685858,78.41566486619136,80.3892260938462,79.81167537985863
2007-06-21,74.44,74.44,74.44,74.44,74.31782938226297,78.03703011703028,80.15592310977381,79.70530557035647
2007-06-22,70.76,70.76,70.76,70.76,74.28242809487728,77.34397962969406,79.7874555368415,79.52817080658704
2007-06-25,70.14,70.14,70.14,70.14,74.2412099048785,76.65788633162796,79.40912394716145,79.34226643417938
2007-06-26,69.73,69.73,69.73,69.73,74.19632224413344,75.99808763337768,79.02955045903747,79.15192452459166
2007-06-27,72.8,72.8,72.8,72.8,74.18242849046047,75.69350785877027,78.78525436260462,79.02614384093638
2007-06-28,73.42,73.42,73.42,73.42,74.17484213732156,75.47698330079216,78.57485223073778,78.91513109161092
2007-06-29,71.57,71.57,71.57,71.57,74.14892331008453,75.10488965309766,78.30015214325786,78.76968295118297
2007-07-02,74.23,74.23,74.23,74.23,74.14973004331752,75.02156682899312,78.14053833371834,78.67978823927835
2007-07-03,74.23,74.23,74.23,74.23,74.15052874935417,74.94617951194616,77.9871838892588,78.59167362067878
2007-07-04,74.23,74.23,74.23,74.23,74.15131950806706,74.87797193937986,77.83984334458198,78.50530384601187
2007-07-05,74.85,74.85,74.85,74.85,74.15827155276291,74.87530794515321,77.72259458597092,78.43292159163539
2007-07-06,75.66,75.66,75.66,75.66,74.17321412437721,74.95004052180529,77.64170852377599,78.37801225318717
2007-07-09,74.23,74.23,74.23,74.23,74.1737791579655,74.88146523401431,77.50791603264751,78.2958733966884
2007-07-10,68.71,68.71,68.71,68.71,74.1194131961947,74.29370664029867,77.16289971764174,78.10605412150646
2007-07-11,71.98,71.98,71.98,71.98,74.09812550270023,74.07335362693689,76.95964874832245,77.9847461191004
2007-07-12,75.66,75.66,75.66,75.66,74.11366654247435,74.22446280532385,76.90868213074118,77.93871154248454
2007-07-13,76.07,76.07,76.07,76.07,74.13313254702685,74.40022825243587,76.875792635418,77.90170735352444
2007-07-16,74.85,74.85,74.85,74.85,74.14026555650916,74.44306365696578,76.79634978697023,77.8412775049398
2007-07-17,74.03,74.03,74.03,74.03,74.13916838679265,74.40372426106427,76.68786548159885,77.76580666325782
2007-07-18,73.21,73.21,73.21,73.21,74.12992293020764,74.290036236201,76.55147859996752,77.67559266992598
2007-07-19,73.21,73.21,73.21,73.21,74.12076946821553,74.1871756422771,76.4204402234982,77.58716509230368
2007-07-20,70.35,70.35,70.35,70.35,74.08324937400442,73.82173034301262,76.18238374414533,77.44385489245607
2007-07-23,71.57,71.57,71.57,71.57,74.05824191754667,73.60727983415427,76.00150595025727,77.32754093418961
2007-07-24,65.44,65.44,65.44,65.44,73.9724882666258,72.82944365947291,75.58732924632561,77.09214408400764
2007-07-25,64.01,64.01,64.01,64.01,73.87335903014197,71.98949664428501,75.133316334705,76.83309172590849
2007-07-26,57.06,57.06,57.06,57.06,73.70606192536444,70.56763982101977,74.42455883138324,76.44154535509841
2007-07-27,51.53,51.53,51.53,51.53,73.48540459277375,68.75453126663693,73.5267329948584,75.94824742727468
2007-07-30,56.24,56.24,56.24,56.24,73.313808527174,67.56267114600485,72.84882189702083,75.55798510198211
2007-07-31,51.74,51.74,51.74,51.74,73.09914376570958,66.05575008448058,72.02102495988275,75.08634183263594
2007-08-01,53.37,53.37,53.37,53.37,72.90283387749356,64.84758340976815,71.28961221635794,74.65631526169265
2007-08-02,55.62,55.62,55.62,55.62,72.73086538120009,63.96876594217118,70.67511761963802,74.27935852383736
2007-08-03,46.42,46.42,46.42,46.42,72.46906572566576,62.29745490005964,69.72393653651496,73.7276880580188
2007-08-06,53.58,53.58,53.58,53.58,72.28111482292282,61.46722110005396,69.09084098606338,73.32872393805803
2007-08-07,55.21,55.21,55.21,55.21,72.11125298388876,60.8712952810012,68.54649428072757,72.96993732542322
2007-08-08,56.65,56.65,56.65,56.65,71.95740967061623,60.469267159001085,68.07996509324806,72.64677024967226
2007-08-09,49.08,49.08,49.08,49.08,71.72977375349566,59.38457504862003,67.33486842292461,72.18010153185696
2007-08-10,49.69,49.69,49.69,49.69,71.5104725221176,58.461282186846695,66.6429127984962,71.73475298667168
2007-08-13,50.92,50.92,50.92,50.92,71.30559219851443,57.743064835718435,66.02632798286889,71.32257966020293
2007-08-14,42.94,42.94,42.94,42.94,71.02334750002176,56.33324913707858,65.12098178746227,70.76054837980287
2007-08-15,38.04,38.04,38.04,38.04,70.69515498758373,54.59103493354729,64.05898250167944,70.11261672871767
2007-08-16,37.01,37.01,37.01,37.01,70.35997931606549,52.916650654161835,62.99823808984887,69.45711936775297
2007-08-17,45.6,45.6,45.6,45.6,70.1136113626718,52.219826782336895,62.31595424318813,68.98470116245093
2007-08-20,46.01,46.01,46.01,46.01,69.87377443369,51.62841470782862,61.676505057180755,68.52975658497665
2007-08-21,45.6,45.6,45.6,45.6,69.63224433982244,51.0542799737497,61.04605387846778,68.07570199913553
2007-08-22,52.15,52.15,52.15,52.15,69.4582916598242,51.15863426196402,60.69718902048865,67.76034156350909
2007-08-23,49.9,49.9,49.9,49.9,69.26368179256227,51.03876433225316,60.27376984321459,67.4066714335386
2007-08-24,53.78,53.78,53.78,53.78,69.10961530706413,51.299834395848094,60.019112202304214,67.13683635564675
2007-08-27,49.08,49.08,49.08,49.08,68.91031565226747,51.08842159624351,59.590127410056986,66.77927523969335
2007-08-28,41.51,41.51,41.51,41.51,68.63767569552849,50.17619096802984,58.88110280574102,66.27889355177862
2007-08-29,49.28,49.28,49.28,49.28,68.44506200701576,50.0908394472651,58.50458897022177,65.94228179827806
2007-08-30,47.44,47.44,47.44,47.44,68.23605641490616,49.838378547525565,58.07068352040915,65.57589998049038
2007-08-31,50.1,50.1,50.1,50.1,68.05559814212103,49.86329487633265,57.75810769607938,65.26944651553018
2007-09-03,50.1,50.1,50.1,50.1,67.87693547404022,49.88583822144383,57.45778974721352,64.96906143601473
2007-09-04,53.99,53.99,53.99,53.99,67.73875701161197,50.27671077178251,57.321797992420834,64.75165427886591
2007-09-05,48.88,48.88,48.88,48.88,67.55110768811333,50.143690698279414,56.990747090757274,64.437364095126
2007-09-06,50.1,50.1,50.1,50.1,67.37746482554505,50.13952967939566,56.720521714649145,64.15345589522252
2007-09-07,44.58,44.58,44.58,44.58,67.15062437951973,49.61005066231036,56.24442282387859,63.76586270917851
2007-09-10,43.56,43.56,43.56,43.56,66.91589179862898,49.033855361137945,55.74699447784413,63.365746615927456
2007-09-11,48.06,48.06,48.06,48.06,66.72827098471227,48.94110723150576,55.44554371400711,63.06266252452295
2007-09-12,48.67,48.67,48.67,48.67,66.54858669630717,48.91528749517188,55.17983611737938,62.77765930621556
2007-09-13,49.69,49.69,49.69,49.69,66.38083956500063,48.98906963848884,54.96454842650176,62.51849773579545
2007-09-14,49.9,49.9,49.9,49.9,66.21685111161754,49.07582491101371,54.765938684286,62.26862649350247
2007-09-17,47.85,47.85,47.85,47.85,66.03409637418851,48.959079681393355,54.49472540254929,61.983109137195484
2007-09-18,58.08,58.08,58.08,58.08,65.95495113663439,49.827738759355896,54.63532440637089,61.90581984735003
2007-09-19,61.55,61.55,61.55,61.55,65.91112077706589,50.94414459179819,54.90648815514066,61.89877390977875
2007-09-20,57.87,57.87,57.87,57.87,65.83110962505528,51.603749868769796,55.022704305919454,61.81899620859501
2007-09-21,60.12,60.12,60.12,60.12,65.77428266361194,52.41482130983934,55.222598254706924,61.7853527193159
2007-09-24,57.06,57.06,57.06,57.06,65.687573383377,52.85721928033083,55.29465322511057,61.69178137833935
2007-09-25,56.65,56.65,56.65,56.65,65.59764728005982,53.21843649172789,55.3478040790278,61.591944123322726
2007-09-26,59.51,59.51,59.51,59.51,65.5370736752831,53.81763301632524,55.51102744847769,61.55071750701931
2007-09-27,60.33,60.33,60.33,60.33,65.48526199692208,54.43785844334188,55.700006764223666,61.526544883117936
2007-09-28,58.49,58.49,58.49,58.49,65.41565739993777,54.82377668683313,55.809418263665876,61.46641528147204
2007-10-01,63.47,63.47,63.47,63.47,65.39629762481401,55.64722652618235,56.10983323371819,61.50609022639338
2007-10-02,63.27,63.27,63.27,63.27,65.37514043451735,56.373204952260224,56.39062408729787,61.54101913280144
2007-10-03,62.04,62.04,62.04,62.04,65.34195495755698,56.91289971871163,56.61216824073717,61.550899942052894
2007-10-04,62.45,62.45,62.45,62.45,65.3131792863375,57.440242602643856,56.84110281953179,61.5687039035964
2007-10-05,65.71,65.71,65.71,65.71,65.31712775115007,58.227838545249206,57.18890270896192,61.650709766891524
2007-10-08,64.9,64.9,64.9,64.9,65.312977226263,58.86328249332071,57.49129868115949,61.715052147745155
2007-10-09,67.14,67.14,67.14,67.14,65.33115655734497,59.65154130348064,57.86967912503559,61.822476857690795
2007-10-10,65.71,65.71,65.71,65.71,65.33492614383904,60.22853736981582,58.17714268875968,61.89945751397415
2007-10-11,64.08,64.08,64.08,64.08,65.32243931653716,60.59534333459526,58.408627289200474,61.94263657310337
2007-10-12,65.1,65.1,65.1,65.1,65.32022599000445,61.02435825511,58.67103406217301,62.00515862116073
2007-10-15,62.45,62.45,62.45,62.45,65.29166652741733,61.16013365938524,58.81922880483289,62.013967361335766
2007-10-16,59.59,59.59,59.59,59.59,65.23493352714452,61.01059712039617,58.84945512621199,61.96596800764595
2007-10-17,60.2,60.2,60.2,60.2,65.1848346860784,60.93339739464415,58.90241767028211,61.930998344128206
2007-10-18,58.57,58.57,58.57,58.57,65.11901543547066,60.70831192848757,58.88938168321223,61.8644439214722
2007-10-19,51.02,51.02,51.02,51.02,64.97872672466995,59.785615554345895,58.580778479949004,61.649702457680675
2007-10-22,53.27,53.27,53.27,53.27,64.8622219811409,59.165080739646285,58.3725126572059,61.483767755548385
2007-10-23,54.29,54.29,54.29,54.29,64.75702574252259,58.70078733587045,58.2124141216292,61.34131690890386
2007-10-24,53.47,53.47,53.47,53.47,64.64471702866663,58.202617113406596,58.02643709725159,61.18544924734141
2007-10-25,53.67,53.67,53.67,53.67,64.5355158642023,57.77093929308216,57.855596426771136,61.036628470166335
2007-10-26,57.14,57.14,57.14,57.14,64.46192864167293,57.71084983659814,57.82753382179972,60.95946751036106
2007-10-29,59.39,59.39,59.39,59.39,64.41146169001449,57.87076889977927,57.888807005258556,60.928388945799455
2007-10-30,56.94,56.94,56.94,56.94,64.33711878762628,57.78212424265744,57.85159888740528,60.84941094687273
2007-10-31,61.84,61.84,61.84,61.84,64.31227183451557,58.16858860049959,58.0080067741737,60.86902657168713
2007-11-01,51.63,51.63,51.63,51.63,64.18608007496815,57.54586587664249,57.757888861461005,60.6860755504656
2007-11-02,53.27,53.27,53.27,53.27,64.07746236277941,57.13864055505749,57.58189321983508,60.53922256926826
2007-11-05,52.45,52.45,52.45,52.45,63.961766219866185,56.69210335933773,57.38064250533174,60.379039944134234
2007-11-06,55.31,55.31,55.31,55.31,63.87567899379786,56.560474467972234,57.299440838455986,60.27866291553752
2007-11-07,46.33,46.33,46.33,46.33,63.70109512321281,55.586143566260596,56.8692666879283,60.00245176869519
2007-11-08,48.16,48.16,48.16,48.16,63.54645736079278,54.8788917980453,56.527726817813466,59.76794777327548
2007-11-09,45.1,45.1,45.1,45.1,63.362910521381906,53.94756876966004,56.07958066809529,59.47749336192349
2007-11-12,44.69,44.69,44.69,44.69,63.17711041669154,53.06589555350194,55.632930445817045,59.18467171119234
2007-11-13,49.39,49.39,49.39,49.39,63.039925238416004,52.71581026269223,55.3881096440203,58.9907178159212
2007-11-14,47.14,47.14,47.14,47.14,62.881717027088484,52.1847807138644,55.06465436386264,58.75605013639801
2007-11-15,45.31,45.31,45.31,45.31,62.70687407159507,51.53003969349636,54.68211889861312,58.489791717855475
2007-11-16,47.14,47.14,47.14,47.14,62.551979802225965,51.11194067506814,54.38634953004006,58.265043367006854
2007-11-19,43.67,43.67,43.67,43.67,62.36409940618392,50.403184420299745,53.966100528862015,57.976032607264145
2007-11-20,46.94,46.94,46.94,46.94,62.21062578025174,50.07335733265215,53.690567174788995,57.7574973081104
2007-11-21,41.22,41.22,41.22,41.22,62.00176383218953,49.23018044382814,53.20152532479727,57.430022113890395
2007-11-22,41.22,41.22,41.22,41.22,61.794980112466256,48.46730611584451,52.73166158656992,57.10903157698167
2007-11-23,44.9,44.9,44.9,44.9,61.62687085761584,48.12756267624027,52.42453760278286,56.86726857545728
2007-11-26,38.37,38.37,38.37,38.37,61.3954592072913,47.198270992788814,51.873379265418826,56.50098602940862
2007-11-27,43.27,43.27,43.27,43.27,61.215106379358055,46.82414994585655,51.53599184324554,56.238986306053995
2007-11-28,51.43,51.43,51.43,51.43,61.11774213677738,47.262802331965446,51.53183530037317,56.14375885444897
2007-11-29,50.2,50.2,50.2,50.2,61.00910788666019,47.54253544320683,51.479606465064414,56.02606065931136
2007-11-30,51.84,51.84,51.84,51.84,60.91787298231531,47.95181778194904,51.49373954486581,55.943168369027966
2007-12-03,50,50,50,50,60.80923743025247,48.14688275509675,51.43516152349852,55.82548186667098
2007-12-04,48.98,48.98,48.98,48.98,60.69153357522509,48.226227254611345,51.338880679439754,55.68992777030125
2007-12-05,52.04,52.04,52.04,52.04,60.60544866402882,48.58944370655312,51.36637555475584,55.617651972869545
2007-12-06,56.12,56.12,56.12,56.12,60.56081733403848,49.30663954402425,51.55279219966738,55.627599458555295
2007-12-07,56.12,56.12,56.12,56.12,60.51663009688387,49.95553101602194,51.73189838791572,55.637349964326475
2007-12-10,57.96,57.96,57.96,57.96,60.491190991442245,50.71786139544842,51.97613766682099,55.68334303433981
2007-12-11,51.02,51.02,51.02,51.02,60.39695028505974,50.74663650064381,51.9386420720437,55.59099960791724
2007-12-12,53.06,53.06,53.06,53.06,60.323945804611384,50.96695683391583,51.98261689274787,55.540880803800064
2007-12-13,53.47,53.47,53.47,53.47,60.255747338893855,51.20534189735242,52.040945642051874,55.49987326313076
2007-12-14,48.37,48.37,48.37,48.37,60.137481196218296,50.935309335699806,51.89698698942239,55.358687653959855
2007-12-17,44.9,44.9,44.9,44.9,59.98586446789771,50.360517970395065,51.622595342778375,55.15158492813887
2007-12-18,46.33,46.33,46.33,46.33,59.84998521946092,49.97665911607172,51.415042584238044,54.97690007807671
2007-12-19,45.71,45.71,45.71,45.71,59.709288849118025,49.570310628826796,51.191315424071846,54.793397106233606
2007-12-20,47.96,47.96,47.96,47.96,59.59238050236063,49.41694771179567,51.06459717214746,54.65808231205076
2007-12-21,50.41,50.41,50.41,50.41,59.50101353218789,49.511524120196086,51.03892669480834,54.57396187022797
2007-12-24,52.86,52.86,52.86,52.86,59.434933795549206,49.83042658493932,51.11034133422762,54.54002203121355
2007-12-26,52.86,52.86,52.86,52.86,59.36951156872782,50.118957386373665,51.178955399552024,54.506754268219225
2007-12-27,48.98,48.98,48.98,48.98,59.266133344163364,50.01048525433808,51.09272185447155,54.397313589640625
2007-12-28,48.98,48.98,48.98,48.98,59.1637837586493,49.912343801543976,51.009870017041294,54.290040053212095
2007-12-31,47.96,47.96,47.96,47.96,59.052303323239855,49.72640629663503,50.89026727127497,54.164692725425716
2008-01-02,43.67,43.67,43.67,43.67,58.89924557873,49.1496056969555,50.607119535146545,53.95687702789253
2008-01-03,43.27,43.27,43.27,43.27,58.743730697349605,48.589643249626405,50.31938935729766,53.74525570060753
2008-01-04,40.82,40.82,40.82,40.82,58.5653851182715,47.84967722585246,49.94686428446246,53.48931004316976
2008-01-07,42.04,42.04,42.04,42.04,58.40095342555238,47.29637463291413,49.63679117526785,53.26259103241392
2008-01-08,36.73,36.73,36.73,36.73,58.1853220481837,46.29005323930326,49.130642501727934,52.935212992168104
2008-01-09,39.39,39.39,39.39,39.39,57.99830391835103,45.63290531175057,48.74865652126802,52.66699095271923
2008-01-10,40,40,40,40,57.81921631717341,45.096438139202895,48.40557195180653,52.41615944870499
2008-01-11,36.94,36.94,36.94,36.94,57.611462920982625,44.319634506897856,47.955941679186665,52.10970084576034
2008-01-14,38.78,38.78,38.78,38.78,57.42408518047534,43.79205026814568,47.59610082902248,51.84574637356706
2008-01-15,33.88,33.88,33.88,33.88,57.189815676192,42.848045480703234,47.05821452200199,51.48998901963504
2008-01-16,31.43,31.43,31.43,31.43,56.93349910229954,41.76061257777911,46.44534336427642,51.09276151429573
2008-01-17,25.92,25.92,25.92,25.92,56.62490707143089,40.25198280846682,45.64042793822636,50.59429098926017
2008-01-18,23.67,23.67,23.67,23.67,56.29699754833207,38.6727463505176,44.77884252888415,50.06113671224512
2008-01-21,23.67,23.67,23.67,23.67,55.97235080655762,37.24391336475402,43.9510447826534,49.53853994566601
2008-01-22,21.02,21.02,21.02,21.02,55.624566221417744,35.698778758586975,43.051788124510125,48.97381638238549
2008-01-23,23.27,23.27,23.27,23.27,55.30263023911508,34.51508554348345,42.27603172747051,48.46482991936796
2008-01-24,23.88,23.88,23.88,23.88,54.9899672516612,33.50222025362788,41.554618718550095,47.97800160413295
2008-01-25,21.84,21.84,21.84,21.84,54.66011683124666,32.39153261042523,40.78149641586186,47.4604174139521
2008-01-28,25.1,25.1,25.1,25.1,54.36598631551286,31.697100933241874,40.16653577210257,47.017636871101566
2008-01-29,26.33,26.33,26.33,26.33,54.087021277547564,31.185948463409314,39.623926526137765,46.60798069543619
2008-01-30,25.1,25.1,25.1,25.1,53.79859320513415,30.606334324037,39.05436078001472,46.18208008760577
2008-01-31,27.96,27.96,27.96,27.96,53.54149277523232,30.354302483652525,38.61928780824944,45.82124681854427
2008-02-01,33.27,33.27,33.27,33.27,53.339786379458864,30.631987961399904,38.40951181576907,45.57270727758299
2008-02-04,31.02,31.02,31.02,31.02,53.11769895279758,30.66894148888563,38.11972703868009,45.28453485624472
2008-02-05,24.29,24.29,24.29,24.29,52.83085617714786,30.061423251848904,37.57738480186911,44.86880149275473
2008-02-06,22.65,22.65,22.65,22.65,52.53054915050957,29.355573418339485,36.99199716258013,44.428825225571465
2008-02-07,24.49,24.49,24.49,24.49,52.25153871120102,28.892185473735726,36.50172276404757,44.03399700328292
2008-02-08,24.29,24.29,24.29,24.29,51.97331444541793,28.453882095284705,36.02283167526139,43.64302676559415
2008-02-11,27.55,27.55,27.55,27.55,51.73029639123467,28.36779808620997,35.690563766427616,43.32435296825565
2008-02-12,27.55,27.55,27.55,27.55,51.48969642714278,28.28991255418997,35.37132597166575,43.01198954314168
2008-02-13,30,30,30,30,51.27586860199708,28.452778025219498,35.16068573748278,42.75432638387155
2008-02-14,26.73,26.73,26.73,26.73,51.03163110346975,28.288703927579547,34.83007061052267,42.43701299013152
2008-02-15,26.73,26.73,26.73,26.73,50.78982382880836,28.140255934476734,34.512420782659035,42.1259830299309
2008-02-18,26.73,26.73,26.73,26.73,50.55042259668091,28.00594584547895,34.20722781079005,41.82111207884316
2008-02-19,27.96,27.96,27.96,27.96,50.32564227233583,28.001570050671432,33.962238484876714,41.546634611935374
2008-02-20,29.39,29.39,29.39,29.39,50.117327423854874,28.13380147441701,33.78293501488155,41.30590917407527
2008-02-21,25.71,25.71,25.71,25.71,49.874468444513035,27.902963238758247,33.466349328023455,40.997079289440116
2008-02-22,27.96,27.96,27.96,27.96,49.65641403212982,27.90839531125746,33.25041406025783,40.738919303510606
2008-02-25,33.27,33.27,33.27,33.27,49.49336513628773,28.41902432923294,33.25118213632615,40.59101991136188
2008-02-26,34.9,34.9,34.9,34.9,49.348157522991336,29.03626010740123,33.31584166039179,40.478326447770556
2008-02-27,33.47,33.47,33.47,33.47,49.190165905847145,29.458521049553493,33.321887085474465,40.33954770623055
2008-02-28,31.02,31.02,31.02,31.02,49.0093682351422,29.6072333305484,33.231617003691156,40.15500220709727
2008-02-29,23.88,23.88,23.88,23.88,48.75932477011591,29.061782537162838,32.86488692511503,39.8327249356696
2008-03-03,25.51,25.51,25.51,25.51,48.52798820523913,28.72351753362352,32.57645998687523,39.549106620111786
2008-03-04,25.51,25.51,25.51,25.51,48.29895349672929,28.417468244706996,32.299343908958555,39.27110450882245
2008-03-05,27.35,27.35,27.35,27.35,48.090506198254374,28.31580460235395,32.10525199096018,39.03504303340022
2008-03-06,24.29,24.29,24.29,24.29,47.85368524105781,27.932394640225002,31.798771520726444,38.74306198323388
2008-03-07,21.43,21.43,21.43,21.43,47.590762999853254,27.313118960203575,31.392153029717562,38.40022907267479
2008-03-10,18.57,18.57,18.57,18.57,47.30199918890944,26.48044096399371,30.889323499140403,38.00755126925549
2008-03-11,24.69,24.69,24.69,24.69,47.077004172104374,26.309922776946692,30.646212773683917,37.74383738273558
2008-03-12,24.49,24.49,24.49,24.49,46.852257861934184,26.136596798189863,30.404792664911998,37.48138515733487
2008-03-13,24.69,24.69,24.69,24.69,46.63173788320847,25.998825674552734,30.180683148640938,37.22809040174408
2008-03-14,21.63,21.63,21.63,21.63,46.382964371932765,25.582747038881045,29.8453622408511,36.91921732448182
2008-03-17,18.37,18.37,18.37,18.37,46.10422840803294,24.895818749463803,29.395348035327526,36.55190609033367
2008-03-18,26.53,26.53,26.53,26.53,45.90945996616196,25.05145505903868,29.282981445706838,36.35345250438647
2008-03-19,21.18,21.18,21.18,21.18,45.66339568789169,24.68274505341595,28.965217467443825,36.052988098359016
2008-03-20,26.27,26.27,26.27,26.27,45.47042657656939,24.83391219118586,28.85952266479897,35.859265561757844
2008-03-21,26.27,26.27,26.27,26.27,45.279377555907004,24.970682458691968,28.75797275637548,35.66937911499036
2008-03-24,30.35,30.35,30.35,30.35,45.13082653545022,25.482998415007017,28.82040519730193,35.564044875089564
2008-03-25,32.38,32.38,32.38,32.38,45.00395263957509,26.139855708815873,28.959997150348915,35.500994481523435
2008-03-26,29.94,29.94,29.94,29.94,44.85406256355942,26.50177421273817,28.998428634648956,35.39087577891901
2008-03-27,28.11,28.11,28.11,28.11,44.68745497586231,26.65493857342977,28.963588296035272,35.24670002092061
2008-03-28,25.46,25.46,25.46,25.46,44.49613701590348,26.541134899769794,28.82619267658291,35.052903980902386
2008-03-31,27.24,27.24,27.24,27.24,44.32443416002384,26.6076934807441,28.763989042207108,34.898193010983526
2008-04-01,35.77,35.77,35.77,35.77,44.23931541216291,27.480294101625613,29.03873456996369,34.91545651571653
2008-04-02,35.37,35.37,35.37,35.37,44.15106351751452,28.231694663375556,29.287019488788644,34.92445737679145
2008-04-03,37.6,37.6,37.6,37.6,44.085878805897465,29.12391421924455,29.613018724522423,34.977438418835185
2008-04-04,38.41,38.41,38.41,38.41,44.02940239986864,30.00830334122126,29.95799838238429,35.0454099352939
2008-04-07,36.59,36.59,36.59,36.59,43.95537849539233,30.635131594438285,30.21807687719275,35.07599587716926
2008-04-08,34.96,34.96,34.96,34.96,43.86587224170683,31.0470238235394,30.404034646714603,35.073698929106506
2008-04-09,33.54,33.54,33.54,33.54,43.763127244276916,31.284450126059458,30.527013680176776,35.043328653282614
2008-04-10,33.74,33.74,33.74,33.74,43.66339463488113,31.5183120188157,30.653013143699255,35.0175201650988
2008-04-11,29.67,29.67,29.67,29.67,43.524156877320124,31.342282302738013,30.614463608652226,34.911628676681005
2008-04-14,28.86,28.86,28.86,28.86,43.37824486859057,31.105874464382012,30.545661114195276,34.7917944454596
2008-04-15,29.88,29.88,29.88,29.88,43.243933974375736,30.98912451539325,30.519556756775852,34.69453118911387
2008-04-16,37.8,37.8,37.8,37.8,43.189765477118264,31.637779323451035,30.805064334941505,34.756025621012604
2008-04-17,38.01,38.01,38.01,38.01,43.13822552212206,32.24465748312237,31.087610831610466,34.82046075723018
2008-04-18,42.68,42.68,42.68,42.68,43.1336660641905,33.238499627586904,31.542214328410054,34.97609519768107
2008-04-21,41.26,41.26,41.26,41.26,43.11502262076572,34.0024520440072,31.92330396259005,35.10052895614283
2008-04-22,37.8,37.8,37.8,37.8,43.06213682354417,34.364123277911276,32.153762630723776,35.15398382829842
2008-04-23,40.65,40.65,40.65,40.65,43.038135462115875,34.962778203824485,32.48694840991108,35.262815831698454
2008-04-24,42.28,42.28,42.28,42.28,43.03059182567691,35.65965647012691,32.870989648738096,35.40176997364502
2008-04-25,43.9,43.9,43.9,43.9,43.03924265328211,36.444451092019584,33.3034998585915,35.570051756345116
2008-04-28,44.11,44.11,44.11,44.11,43.049896955239504,37.1745033689701,33.72728417786242,35.73915964235808
2008-04-29,44.31,44.31,44.31,44.31,43.06243529399334,37.85407447668723,34.14229264147566,35.9088792534005
2008-04-30,41.87,41.87,41.87,41.87,43.05057026619241,38.23654357414559,34.445339988868774,36.02692124838267
2008-05-01,49.8,49.8,49.8,49.8,43.11772877100641,39.33782513851268,35.04748351871706,36.29965548108797
2008-05-02,50.2,50.2,50.2,50.2,43.18819913149391,40.37231798246385,35.64169985131639,36.57490982799712
2008-05-05,48.58,48.58,48.58,48.58,43.24184889137954,41.154001984133956,36.14908417087261,36.81263438585856
2008-05-06,49.8,49.8,49.8,49.8,43.307104126291186,41.97743036659739,36.68441420338741,37.06980994257423
2008-05-07,45.03,45.03,45.03,45.03,43.324247368815655,42.2681512840643,37.01169207776438,37.22743746846385
2008-05-08,45.03,45.03,45.03,45.03,43.34122003181251,42.5311844951058,37.326135525695186,37.38194365720714
2008-05-09,44.83,44.83,44.83,44.83,43.35603376283925,42.75011930509572,37.62040472076596,37.529429921420856
2008-05-12,49.49,49.49,49.49,49.49,43.417068252761254,43.392012704610416,38.08587904544181,37.76627289327391
2008-05-13,49.9,49.9,49.9,49.9,43.48157503631587,44.01182101845704,38.54917790640487,38.006544717169476
2008-05-14,53.75,53.75,53.75,53.75,43.58374841903909,44.93926663574685,39.14528857674193,38.318296306928495
2008-05-15,55.98,55.98,55.98,55.98,43.70709420591432,45.99076505139001,39.805473338438325,38.66803301372199
2008-05-16,55.58,55.58,55.58,55.58,43.82523257202463,46.9040255226862,40.424082227127016,39.00292344909383
2008-05-19,55.58,55.58,55.58,55.58,43.94219543200449,47.73030880623989,41.01843194371027,39.33118239069593
2008-05-20,51.12,51.12,51.12,51.12,44.01361637297957,48.05313653897895,41.41457186748634,39.56462432355344
2008-05-21,46.65,46.65,46.65,46.65,44.03984904588525,47.91950448764762,41.619882774643735,39.704928792393964
2008-05-22,47.87,47.87,47.87,47.87,44.07796000065256,47.91478977453833,41.86498541093221,39.8666133707624
2008-05-23,43.2,43.2,43.2,43.2,44.069224080248055,47.465762176963246,41.91733892422899,39.93262102678691
2008-05-26,43.2,43.2,43.2,43.2,44.06057508442469,47.059499112490556,41.96763935857295,39.99732160051391
2008-05-27,46.86,46.86,46.86,46.86,44.08843005870902,47.040499197015265,42.159496638628916,40.13321622228591
2008-05-28,48.07,48.07,48.07,48.07,44.12804767006515,47.13854689253762,42.39128108417288,40.29038025748817
2008-05-29,50.91,50.91,50.91,50.91,44.19552978280082,47.49773290277213,42.72534849263669,40.500669757339885
2008-05-30,51.93,51.93,51.93,51.93,44.27248968545952,47.91985357869859,43.08631521841564,40.726993128481666
2008-06-02,47.46,47.46,47.46,47.46,44.30420620600221,47.876057999774915,43.25783226867385,40.8603199972246
2008-06-03,46.45,46.45,46.45,46.45,44.325557388032045,47.740242952177304,43.38301531696115,40.971006729952826
2008-06-04,49.09,49.09,49.09,49.09,44.37296477720586,47.868791242446136,43.606818637864635,41.13177887391416
2008-06-05,53.55,53.55,53.55,53.55,44.46427856051724,48.40985874316555,43.99674731873269,41.37768424274754
2008-06-06,44.02,44.02,44.02,44.02,44.45985787832304,47.991776958102164,43.997659188586304,41.43000732704957
2008-06-09,43.41,43.41,43.41,43.41,44.449411531275054,47.55541724780672,43.97461373021037,41.46921510275156
2008-06-10,42.31,42.31,42.31,42.31,44.42812385434694,47.05585370039656,43.9093347603982,41.48586430863767
2008-06-11,37.65,37.65,37.65,37.65,44.36067983589573,46.160058109882605,43.663870652147295,41.40990659955574
2008-06-12,40.61,40.61,40.61,40.61,44.323359638523634,45.631481147036645,43.54411101872975,41.394066864911075
2008-06-13,43.23,43.23,43.23,43.23,44.31248043814031,45.40276865684268,43.53179293956388,41.430421976496994
2008-06-16,44.65,44.65,44.65,44.65,44.315838841740906,45.331076403810044,43.57564419683588,41.49417599676438
2008-06-17,42.42,42.42,42.42,42.42,44.296974773663884,45.053831032018614,43.530324816567806,41.51250914534331
2008-06-18,37.98,37.98,37.98,37.98,44.234119303279165,44.38013283849303,43.312665019839656,41.4425584691979
2008-06-19,42.22,42.22,42.22,42.22,44.21407831518683,44.1744059014937,43.269815411218495,41.45795335099596
2008-06-20,36.36,36.36,36.36,36.36,44.1359282821999,43.43017676801811,42.998842257837374,41.35700377968911
2008-06-23,35.56,35.56,35.56,35.56,44.05059566247652,42.680636123444955,42.707122953608454,41.24221162563586
2008-06-24,34.34,34.34,34.34,34.34,43.95397282006382,41.88628982597401,42.379000484839494,41.10553416770248
2008-06-25,36.36,36.36,36.36,36.36,43.87841090145622,41.35997650921458,42.142961250139905,41.01156319408461
2008-06-26,30.1,30.1,30.1,30.1,43.74131228552133,40.28759779405129,41.67068825993834,40.795492635785905
2008-06-27,29.7,29.7,29.7,29.7,43.60159773541664,39.279255146998786,41.20124950464664,40.5757799103248
2008-06-30,29.49,29.49,29.49,29.49,43.46118382760155,38.346945132998904,40.741984818189906,40.35625951606094
2008-07-01,30.3,30.3,30.3,30.3,43.33022677459059,37.58056940604663,40.33249521747658,40.15712566425775
2008-07-02,26.67,26.67,26.67,26.67,43.164453373848396,36.54146755785171,39.79671109130103,39.89005386892591
2008-07-03,26.26,26.26,26.26,26.26,42.9962498576907,35.562280171389645,39.26585967595589,39.620151812115495
2008-07-04,26.26,26.26,26.26,26.26,42.82972000836045,34.67634872649539,38.7558259631733,39.35559435048945
2008-07-07,26.46,26.46,26.46,26.46,42.666837222207604,33.89383932397202,38.273636709715525,39.100236046519356
2008-07-08,30.1,30.1,30.1,30.1,42.541794065767725,33.53252129311754,37.95310193678551,38.92201355054868
2008-07-09,28.48,28.48,28.48,28.48,42.40187571685461,33.05132878901111,37.581607743186076,38.71524100499326
2008-07-10,29.49,29.49,29.49,29.49,42.27339934156252,32.7121546186291,37.264289792472894,38.532562965290424
2008-07-11,27.07,27.07,27.07,27.07,42.12212173617384,32.174806559712046,36.86451372217984,38.305581520433186
2008-07-14,26.26,26.26,26.26,26.26,41.96428967909748,31.61149164926328,36.448650438957095,38.06705515369193
2008-07-15,25.25,25.25,25.25,25.25,41.79797833900696,31.005635301714396,36.00948767664505,37.813252081341595
2008-07-16,29.7,29.7,29.7,29.7,41.67760044508649,30.8812890825035,35.762056787364855,37.65259362428532
2008-07-17,29.09,29.09,29.09,29.09,41.55235068941399,30.71069012226507,35.50040750158584,37.48303731489354
2008-07-18,30.51,30.51,30.51,30.51,41.44247655320092,30.691576777287445,35.30470524662169,37.34495736806396
2008-07-21,31.72,31.72,31.72,31.72,41.345735492970064,30.78952184611721,35.16412857028358,37.23357207364685
2008-07-22,33.33,33.33,33.33,33.33,41.26597693085096,31.031472146487,35.092201959684225,37.15627361674295
2008-07-23,33.13,33.13,33.13,33.13,41.18502193651413,31.23133194205967,35.01525286322602,37.0765454263124
2008-07-24,27.27,27.27,27.27,27.27,41.046564006797574,30.85406223329208,34.711517456825,36.88235640796958
2008-07-25,28.69,28.69,28.69,28.69,40.9236131211578,30.647961068216645,34.475379517341665,36.720131528603844
2008-07-28,25.45,25.45,25.45,25.45,40.76964682144479,30.152917156957916,34.121443065681206,36.49696060724535
2008-07-29,29.9,29.9,29.9,29.9,40.66149113167917,30.12882980867621,33.95589627879175,36.36632772393356
2008-07-30,33.94,33.94,33.94,33.94,40.594610622906245,30.491798398326093,33.95527289530972,36.31828163039032
2008-07-31,32.73,32.73,32.73,32.73,40.51635579083753,30.70496045562837,33.907222977846594,36.24722654860041
2008-08-01,31.31,31.31,31.31,31.31,40.42475026058044,30.762583269378048,33.805371096362414,36.14945968625189
2008-08-04,28.08,28.08,28.08,28.08,40.301916924654265,30.5070991484849,33.58084673964232,35.98966840533601
2008-08-05,34.55,34.55,34.55,34.55,40.24468392042885,30.89213732481967,33.61885274985242,35.961160120081836
2008-08-06,36.16,36.16,36.16,36.16,40.20404029933005,31.393838531979704,33.71850558319154,35.965097543446554
2008-08-07,33.54,33.54,33.54,33.54,40.137731440630255,31.59823486226735,33.71150536424285,35.91707580991296
2008-08-08,39.19,39.19,39.19,39.19,40.12830127704189,32.32126011347999,33.92634829113529,35.98188618991468
2008-08-11,42.42,42.42,42.42,42.42,40.151104249409634,33.28304486457713,34.25943267187508,36.10937359209459
2008-08-12,41.21,41.21,41.21,41.21,40.161640525534914,34.03799297271264,34.53200393964469,36.210376095221434
2008-08-13,40.4,40.4,40.4,40.4,40.16401226159924,34.643898403882865,34.76212143220764,36.29333894482101
2008-08-14,41.41,41.41,41.41,41.41,40.17641014954353,35.2882890320845,35.022822552513226,36.39465896571564
2008-08-15,43.03,43.03,43.03,43.03,40.20480407840379,36.02559483855264,35.3368295112382,36.52605185748365
2008-08-18,40,40,40,40,40.20276622687739,36.40410961583334,35.51969894217004,36.59484290981071
2008-08-19,37.58,37.58,37.58,37.58,40.176669050490545,36.51609917623016,35.60049506208494,36.61435097100257
2008-08-20,38.18,38.18,38.18,38.18,40.15680169675432,36.6745659213511,35.70165211847377,36.64535392207183
2008-08-21,38.59,38.59,38.59,38.59,40.14121163011995,36.85698821455576,35.81492066284734,36.68386176519912
2008-08-22,42.63,42.63,42.63,42.63,40.16597569350184,37.40679886078855,36.08217867606901,36.801607076779334
2008-08-25,37.17,37.17,37.17,37.17,40.13616499008391,37.384246588332495,36.124838335831015,36.80890198615004
2008-08-26,39.39,39.39,39.39,39.39,40.128740462819394,37.57527072277702,36.252883891288626,36.860012837909444
2008-08-27,40.81,40.81,40.81,40.81,40.13551916468189,37.88334017775064,36.43159432692437,36.93823040547559
2008-08-28,45.45,45.45,45.45,45.45,40.18839957100346,38.60397444653629,36.78525729449596,37.106780298436476
2008-08-29,40.61,40.61,40.61,40.61,40.1925946001477,38.79502449924712,36.93524720451573,37.17615098559615
2008-09-01,40.61,40.61,40.61,40.61,40.19674788770842,38.96787930884263,37.07935515727982,37.24414799578237
2008-09-02,41.01,41.01,41.01,41.01,40.204839948527244,39.16236699371476,37.23349809228846,37.31871932259856
2008-09-03,38.79,38.79,38.79,38.79,40.190761939089164,39.126903470503834,37.29453738278695,37.347853593438195
2008-09-04,30.71,30.71,30.71,30.71,40.096425999396736,38.325293616170136,37.03632023052079,37.21641094802358
2008-09-05,30.3,30.3,30.3,30.3,39.99894912378085,37.560979938439644,36.77215080971606,37.079452315389446
2008-09-08,39.19,39.19,39.19,39.19,39.990899878768104,37.716124706207296,36.86696842502131,37.12124533884708
2008-09-09,32.53,32.53,32.53,32.53,39.916662069029115,37.22220806752089,36.69689123188322,37.03032958956298
2008-09-10,33.94,33.94,33.94,33.94,39.857192794710414,36.90961682299509,36.58877785024074,36.969134944225104
2008-09-11,36.16,36.16,36.16,36.16,39.820404806703344,36.83822474461461,36.571963032584236,36.95311247008203
2008-09-12,37.17,37.17,37.17,37.17,39.794032619571965,36.86982238798464,36.59541546267897,36.95740727265466
2008-09-15,27.88,27.88,27.88,27.88,39.675485031317514,36.0136488272242,36.25363446414254,36.777656633592194
2008-09-16,32.73,32.73,32.73,32.73,39.60637572752331,35.700920367488564,36.115452720450676,36.69750501708542
2008-09-17,21.62,21.62,21.62,21.62,39.42740681481163,34.35988033248965,35.54700359415849,36.39894056130155
2008-09-18,33.33,33.33,33.33,33.33,39.366736100236395,34.26179649130016,35.46006227674051,36.338169461077754
2008-09-19,41.01,41.01,41.01,41.01,39.38308698481116,34.90448253974776,35.67770689333892,36.430680956897994
2008-09-22,28.28,28.28,28.28,28.28,39.27260850735035,34.27357944072416,35.38760074065896,36.26928133398912
2008-09-23,24.04,24.04,24.04,24.04,39.12104026349611,33.29895282732186,34.94259679004488,36.02711734717745
2008-09-24,23.64,23.64,23.64,23.64,38.967000061869285,32.37905255805311,34.4993577002392,35.781827894758095
2008-09-25,28.89,28.89,28.89,28.89,38.866731404537255,32.04676183823853,34.279382888465115,35.645356055257935
2008-09-26,28.69,28.69,28.69,28.69,38.76547039553689,31.727070234596766,34.06019140264296,35.50762623238154
2008-09-29,16.16,16.16,16.16,16.16,38.540540341849955,30.244492117016122,33.35822311234323,35.12450492084923
2008-09-30,23.43,23.43,23.43,23.43,38.390186706607665,29.595492867776493,32.96888102950624,34.89293056598093
2008-10-01,21.01,21.01,21.01,21.01,38.21724952544739,28.777826880369208,32.49990530285894,34.61802104982289
2008-10-02,16.36,16.36,16.36,16.36,37.99976445554245,27.595176701286427,31.866967840001728,34.25647607853927
2008-10-03,13.54,13.54,13.54,13.54,37.75638371469128,26.25658844402105,31.14826321882519,33.846248829459284
2008-10-06,8.89,8.89,8.89,8.89,37.46915601603764,24.602627639828572,30.27539015142028,33.352065684321474
2008-10-07,5.05,5.05,5.05,5.05,37.14657734921139,22.740472626511565,29.286159165090073,32.791628740077485
2008-10-08,4.44,4.44,4.44,4.44,36.82113876862222,20.9975704716057,28.311799982145363,32.23021034918486
2008-10-09,1.62,1.62,1.62,1.62,36.47087868137225,19.152087569548016,27.265062727943583,31.62406756999308
2008-10-10,2.63,2.63,2.63,2.63,36.13415352036357,17.578555420067254,26.298981836651677,31.04992761811203
2008-10-13,5.25,5.25,5.25,5.25,35.826848510210695,16.404407284822753,25.47353156854769,30.53903796230783
2008-10-14,3.64,3.64,3.64,3.64,35.506581360855364,15.188749448172967,24.617314644290918,30.006383745232426
2008-10-15,2.22,2.22,2.22,2.22,35.17537159607073,13.953630453108875,23.73898857980892,29.456158324534755
2008-10-16,4.04,4.04,4.04,4.04,34.865566903572514,13.00947517186041,22.966479223737984,28.952868060682583
2008-10-17,3.03,3.03,3.03,3.03,34.54879509358672,12.059048965016562,22.18465650908159,28.439543940669065
2008-10-20,4.44,4.44,4.44,4.44,34.24920509265551,11.333425254062604,21.48878762637251,27.96430544679443
2008-10-21,4.24,4.24,4.24,4.24,33.9506060370072,10.65786094415188,20.812364582201038,27.494517220125232
2008-10-22,2.83,2.83,2.83,2.83,33.640948265494686,9.912350378042177,20.107173814271587,27.006110938538594
2008-10-23,2.83,2.83,2.83,2.83,33.33437166583802,9.237840818228637,19.429637586260935,26.527376068468524
2008-10-24,2.83,2.83,2.83,2.83,33.03084557961078,8.627570264111624,18.778671406407565,26.058121096815682
2008-10-27,2.63,2.63,2.63,2.63,32.72834960369425,8.056373096100993,18.14539017478374,25.59419790677973
2008-10-28,4.24,4.24,4.24,4.24,32.44488343848336,7.692908991710422,17.60008075616477,25.171342502685082
2008-10-29,4.04,4.04,4.04,4.04,32.16224778237905,7.34501289726181,17.06831288337399,24.75290007688934
2008-10-30,5.45,5.45,5.45,5.45,31.89645427210662,7.1645354784749715,16.6126927703005,24.37066443180242
2008-10-31,6.87,6.87,6.87,6.87,31.647434826613022,7.136484480524974,16.230626387151464,24.02411662127168
2008-11-03,6.67,6.67,6.67,6.67,31.398903136795976,7.092057387141643,15.855699862165132,23.680470747583133
2008-11-04,8.69,8.69,8.69,8.69,31.172943901603976,7.244242397890058,15.574692024433165,23.383629742680498
2008-11-05,5.05,5.05,5.05,5.05,30.913014111538264,7.035266931424338,15.161959003867159,23.02058756955811
2008-11-06,3.64,3.64,3.64,3.64,30.64164083679659,6.711908176050591,14.71011747430374,22.63681355827973
2008-11-07,4.24,4.24,4.24,4.24,30.378937942898116,6.476488349760059,14.299524632174181,22.272520220492012
2008-11-10,4.44,4.44,4.44,4.44,30.120839057894155,6.2825370783543395,13.912876607383037,21.919401008205043
2008-11-11,3.64,3.64,3.64,3.64,29.85734812199471,6.030866880415831,13.510018701211154,21.557432671408904
2008-11-12,2.83,2.83,2.83,2.83,29.588419284959937,5.726022415614324,13.09119443841856,21.186592420489916
2008-11-13,5.05,5.05,5.05,5.05,29.344255908990185,5.66163932841296,12.775853480049205,20.867055936915857
2008-11-14,3.23,3.23,3.23,3.23,29.084412566612173,5.430054630468868,12.401506284753157,20.517807304501684
2008-11-17,3.23,3.23,3.23,3.23,28.82715473012847,5.220525618043262,12.041839371625583,20.17547448659076
2008-11-18,3.43,3.43,3.43,3.43,28.57444672286351,5.049999368705809,11.704120180581443,19.843880932400843
2008-11-19,2.63,2.63,2.63,2.63,28.316293024128548,4.8195232383528746,11.348272330362562,19.503012003046372
2008-11-20,2.02,2.02,2.02,2.02,28.054638367172046,4.5529019775573625,10.982457729171873,19.156813745560306
2008-11-21,2.83,2.83,2.83,2.83,27.803646940633023,4.388816074932852,10.662753504498466,18.833510503073963
2008-11-24,3.43,3.43,3.43,3.43,27.56112309047747,4.2975002582725805,10.379116112165192,18.528490493112102
2008-11-25,3.43,3.43,3.43,3.43,27.32101241296028,4.214881186056144,10.10660175482538,18.229510483347507
2008-11-26,3.64,3.64,3.64,3.64,27.085380448652217,4.16013059690794,9.853009529145954,17.94060928565746
2008-11-27,3.64,3.64,3.64,3.64,26.852093081003936,4.110594349583374,9.609362096630425,17.65742890376325
2008-11-28,4.24,4.24,4.24,4.24,26.62709712994917,4.1229186972421,9.398798877154723,17.391737242302593
2008-12-01,2.22,2.22,2.22,2.22,26.38424044208898,3.9416883451238047,9.11727735256042,17.09130680186096
2008-12-02,2.83,2.83,2.83,2.83,26.149869890426405,3.8358132646358234,8.87071745638158,16.808904686972625
2008-12-03,3.84,3.84,3.84,3.84,25.927881135297785,3.8362120013371737,8.67343441887642,16.552094693171185
2008-12-04,2.83,2.83,2.83,2.83,25.698051472259994,3.7403822869241097,8.44428012794009,16.280370045781655
2008-12-05,4.85,4.85,4.85,4.85,25.49060817402855,3.846060164359909,8.303327966060086,16.054026084479048
2008-12-08,5.05,5.05,5.05,5.05,25.287219037968566,3.9607211010875365,8.175746477194986,15.836124577855701
2008-12-09,3.64,3.64,3.64,3.64,25.07182382366042,3.930176234317295,7.997874066324594,15.59461716047242
2008-12-10,4.04,4.04,4.04,4.04,24.862551944818026,3.9406356405727907,7.842663318625591,15.365812860265047
2008-12-11,3.03,3.03,3.03,3.03,24.645312621984015,3.8539084367087155,7.653931423777529,15.1215393382796
2008-12-12,3.64,3.64,3.64,3.64,24.43630453619313,3.8335362046412187,7.496522348335272,14.894182123660203
2008-12-15,3.23,3.23,3.23,3.23,24.225296530857875,3.77605656610396,7.329207746439772,14.663208220221387
2008-12-16,5.45,5.45,5.45,5.45,24.038477659904064,3.935479750284535,7.255513325010761,14.48076845348433
2008-12-17,4.65,4.65,4.65,4.65,23.845557484183626,4.003529297876484,7.153336331873084,14.286099771237115
2008-12-18,4.44,4.44,4.44,4.44,23.652467359962895,4.045097936173962,7.04693098552512,14.09112749853935
2008-12-19,4.65,4.65,4.65,4.65,23.463388082749333,4.102707656538346,6.952933691975115,13.904174478766294
2008-12-22,4.65,4.65,4.65,4.65,23.276190191378692,4.1548307368680275,6.862622566799621,13.720923498988743
2008-12-23,3.64,3.64,3.64,3.64,23.080805214350047,4.105799238118691,6.736245211238852,13.521301251484015
2008-12-24,4.65,4.65,4.65,4.65,22.89741411768985,4.157627882107387,6.65443167354321,13.34563191977146
2008-12-26,4.65,4.65,4.65,4.65,22.715847808061095,4.204520464763826,6.575826509874849,13.173441188686876
2008-12-29,4.24,4.24,4.24,4.24,22.532008526388847,4.207899468119653,6.484225470271914,12.996541363168324
2008-12-30,5.25,5.25,5.25,5.25,22.36004824254418,4.307147137822543,6.435824471437721,12.843144504491724
2008-12-31,6.06,6.06,6.06,6.06,22.1978587077925,4.474085505648968,6.421086256871536,12.708824811333471
2009-01-02,7.47,7.47,7.47,7.47,22.05131285000352,4.759410695587161,6.462220129151084,12.605085706158551
2009-01-05,6.06,6.06,6.06,6.06,21.892195309207466,4.883276343626479,6.4464467907530025,12.475480048610857
2009-01-06,4.85,4.85,4.85,4.85,21.722621226528783,4.880107168043004,6.383841034252884,12.32448044368787
2009-01-07,4.24,4.24,4.24,4.24,21.54866479641407,4.819144580610337,6.299768836831203,12.164391722030684
2009-01-08,4.44,4.44,4.44,4.44,21.378429325802983,4.783035572933162,6.2268367255829205,12.011433470109285
2009-01-09,4.04,4.04,4.04,4.04,21.205907640969123,4.712270280272861,6.141078422618884,11.853583302384349
2009-01-12,3.43,3.43,3.43,3.43,21.029032938073907,4.590149301199255,6.034761621731869,11.686779672634163
2009-01-13,2.83,2.83,2.83,2.83,20.84794803321745,4.422516034418374,5.909084695389443,11.511397896938437
2009-01-14,2.63,2.63,2.63,2.63,20.666674918459066,4.251800221616624,5.780493138707504,11.335528631652528
2009-01-15,2.83,2.83,2.83,2.83,20.48919556603659,4.116390676700755,5.664787525424857,11.167102322114854
2009-01-16,3.43,3.43,3.43,3.43,20.31945232657354,4.051020136062588,5.577148798937608,11.013892375142282
2009-01-19,3.43,3.43,3.43,3.43,20.151398074567833,3.9918753611994844,5.49294688525378,10.8637162885058
2009-01-20,2.42,2.42,2.42,2.42,19.974966252930344,3.8421729458471527,5.372439164263436,10.696513985763112
2009-01-21,3.23,3.23,3.23,3.23,19.808349673299197,3.783870760528376,5.288421942135458,10.548662223668792
2009-01-22,3.23,3.23,3.23,3.23,19.64339097008229,3.7311211642875786,5.207699513032106,10.403738219239708
2009-01-23,3.43,3.43,3.43,3.43,19.48206369674814,3.702442958164952,5.1379858066386905,10.26564439311615
2009-01-26,4.65,4.65,4.65,4.65,19.33448097339741,3.792686485958766,5.118849108339134,10.154443514044543
2009-01-27,4.85,4.85,4.85,4.85,19.19035678460739,3.89338301110555,5.108306006051325,10.049405028617919
2009-01-28,6.46,6.46,6.46,6.46,19.063686567845124,4.137822724333593,5.161313613657155,9.978327701318554
2009-01-29,5.66,5.66,5.66,5.66,18.930316552244676,4.282791988682774,5.180869942533345,9.892816261688484
2009-01-30,5.25,5.25,5.25,5.25,18.794193999486023,4.374907037379653,5.183580925179096,9.800879306011485
2009-02-02,5.66,5.66,5.66,5.66,18.663505501978698,4.497296843343495,5.202264026152465,9.718881695991456
2009-02-03,6.06,6.06,6.06,6.06,18.538097487033635,4.646125715406019,5.235900731009231,9.646428593100536
2009-02-04,6.26,6.26,6.26,6.26,18.415927362784544,4.799828028224494,5.2760614866559274,9.579370601157951
2009-02-05,7.07,7.07,7.07,7.07,18.303032563154847,5.016034882679303,5.346412016590989,9.529680094204329
2009-02-06,8.48,8.48,8.48,8.48,18.20529094561102,5.345936322424132,5.46929781986193,9.508894349764638
2009-02-09,8.08,8.08,8.08,8.08,18.104541781973097,5.606323339336119,5.571678297514404,9.480599412145537
2009-02-10,5.25,5.25,5.25,5.25,17.976635893595255,5.572387783208869,5.55906346231776,9.396825166360477
2009-02-11,6.45,6.45,6.45,6.45,17.86194299913162,5.655969899093739,5.594002150070005,9.338472192769181
2009-02-12,7.06,7.06,7.06,7.06,17.754460979239763,5.7896870515610015,5.651492261831965,9.293353931526227
2009-02-13,6.45,6.45,6.45,6.45,17.641978780441356,5.8525739990313825,5.682806290779731,9.237049893278183
2009-02-16,6.45,6.45,6.45,6.45,17.53061580750164,5.909471713409346,5.71289231859229,9.181860786480595
2009-02-17,4.64,4.64,4.64,4.64,17.40235097359615,5.788569645465598,5.670818110020043,9.091922949124543
2009-02-18,4.44,4.44,4.44,4.44,17.27337235694345,5.660134441135542,5.622550733156513,8.999805663003265
2009-02-19,4.03,4.03,4.03,4.03,17.14159750762063,5.504883541979776,5.560097763228806,8.901393669676468
2009-02-20,4.03,4.03,4.03,4.03,17.011133850828386,5.364418442743607,5.500093929376696,8.804930428692776
2009-02-23,3.23,3.23,3.23,3.23,16.874008140869893,5.161140495815644,5.4110706380285905,8.694535766738463
2009-02-24,4.23,4.23,4.23,4.23,16.748197114592582,5.072460448595106,5.364754142419626,8.606129117892158
2009-02-25,3.43,3.43,3.43,3.43,16.615677740318027,4.916035643967001,5.288881430952189,8.503631511597263
2009-02-26,3.02,3.02,3.02,3.02,16.480397364792474,4.735460820732049,5.199905688561907,8.395044748991376
2009-02-27,3.02,3.02,3.02,3.02,16.346463062655236,4.572083599709949,5.114419190971244,8.288608219308378
2009-03-02,2.22,2.22,2.22,2.22,16.205901241136278,4.348075637832811,5.000912556031195,8.168437759520092
2009-03-03,2.22,2.22,2.22,2.22,16.066738044707062,4.14540176756302,4.891857161677031,8.050646912796921
2009-03-04,2.42,2.42,2.42,2.42,15.93094960645127,3.9810777896998752,4.794921586709304,7.939148954127675
2009-03-05,2.22,2.22,2.22,2.22,15.794522247183098,3.813356095442744,4.693944269583449,7.825898479788513
2009-03-06,1.81,1.81,1.81,1.81,15.655372772086748,3.6225602768291494,4.580848415874295,7.706771777218444
2009-03-09,2.42,2.42,2.42,2.42,15.523677520623199,3.508030726654945,4.496109262310597,7.602083227174514
2009-03-10,3.23,3.23,3.23,3.23,15.401352371164261,3.4815516098306643,4.446457918690574,7.51550732168591
2009-03-11,3.63,3.63,3.63,3.63,15.28422448687407,3.4956895517515534,4.414439961094865,7.438566582642625
2009-03-12,4.23,4.23,4.23,4.23,15.174232203422587,3.5656238801561675,4.407207021444086,7.375030610709107
2009-03-13,4.23,4.23,4.23,4.23,15.06533437055271,3.6288977963317706,4.400257726485495,7.312752776833679
2009-03-16,3.83,3.83,3.83,3.83,14.953539998706415,3.6480503871573164,4.377894678388024,7.24378737531222
2009-03-17,5.04,5.04,5.04,5.04,14.85489780966456,3.7806170169518576,4.403859592961043,7.200148021345641
2009-03-18,6.45,6.45,6.45,6.45,14.771266985687799,4.034843967718348,4.48410039323708,7.185293605081371
2009-03-19,6.25,6.25,6.25,6.25,14.68647825946205,4.245811208888028,4.553351358208175,7.166772939634216
2009-03-20,5.24,5.24,5.24,5.24,14.592483450910189,4.340495855660597,4.580278755925502,7.128619020037498
2009-03-23,9.27,9.27,9.27,9.27,14.539523416572774,4.809972440835779,4.764189392948031,7.171022603799132
2009-03-24,7.46,7.46,7.46,7.46,14.469080397502397,5.062356017899038,4.869907455969677,7.176744928476377
2009-03-25,8.27,8.27,8.27,8.27,14.407398005487448,5.367845920956272,5.00324441848067,7.198393543754072
2009-03-26,12.1,12.1,12.1,12.1,14.384438821353244,6.00900345229377,5.281548558932409,7.29545505773914
2009-03-27,9.27,9.27,9.27,9.27,14.333548882832316,6.319574552075316,5.437958419366431,7.3345549575858895
2009-03-30,7.66,7.66,7.66,7.66,14.267145411361348,6.447234118544334,5.5250973048814735,7.340999413871318
2009-03-31,8.27,8.27,8.27,8.27,14.207472322691086,6.6208308691591595,5.632740547827298,7.3593954650817865
2009-04-01,9.48,9.48,9.48,9.48,14.160432797092168,6.893132691144001,5.783613467520345,7.401387634090068
2009-04-02,12.7,12.7,12.7,12.7,14.145901127469362,7.4461676729398105,6.054844311931312,7.5063106512368
2009-04-03,14.72,14.72,14.72,14.72,14.151613554061706,8.138913608850304,6.394654338914398,7.649155984875675
2009-04-06,13.51,13.51,13.51,13.51,14.145229339593431,8.650445646102655,6.673687502094225,7.76521230200685
2009-04-07,11.29,11.29,11.29,11.29,14.116819097408422,8.90183177504526,6.854719364757196,7.835010078204734
2009-04-08,14.31,14.31,14.31,14.31,14.11874129544416,9.41689541551714,7.1470833112373064,7.963227700418502
2009-04-09,19.15,19.15,19.15,19.15,14.168803571111383,10.343857756896458,7.617785926482902,8.184747943974571
2009-04-10,19.15,19.15,19.15,19.15,14.218367714682413,11.182537970525367,8.070029615640436,8.401881648054282
2009-04-13,19.56,19.56,19.56,19.56,14.271518284685573,11.980391497141998,8.52061668953689,8.622834486706672
2009-04-14,16.33,16.33,16.33,16.33,14.29200068981308,12.394639925985617,8.826867015437404,8.775451625583768
2009-04-15,18.55,18.55,18.55,18.55,14.334368842153248,12.980864694939367,9.20816634816535,8.969007038938544
2009-04-16,22.98,22.98,22.98,22.98,14.42039502282834,13.933163295421332,9.748238256080434,9.246452444108078
2009-04-17,24.4,24.4,24.4,24.4,14.519694574839997,14.930004886333586,10.322817147998848,9.5465226927396
2009-04-20,17.54,17.54,17.54,17.54,14.549747365140096,15.17857584953991,10.605843926508697,9.704809372091292
2009-04-21,20.56,20.56,20.56,20.56,14.609550873944672,15.691092435298014,10.99620298821424,9.91976364195087
2009-04-22,20.77,20.77,20.77,20.77,14.670848875198953,16.174797917650583,11.379489145539171,10.134619807456794
2009-04-23,21.17,21.17,21.17,21.17,14.735517045594984,16.650531449302907,11.76343074767489,10.353142187507155
2009-04-24,26.61,26.61,26.61,26.61,14.853671104842794,17.59905226365501,12.345649149726855,10.675060163992162
2009-04-27,23.99,23.99,23.99,23.99,14.944579850068239,18.207713952830723,12.802290359541487,10.938722338962615
2009-04-28,24.8,24.8,24.8,24.8,15.042643732157112,18.835550719227797,13.27278877681437,11.21320308472573
2009-04-29,30.24,30.24,30.24,30.24,15.193861207459031,19.921688745968005,13.938169609096159,11.589971340473737
2009-04-30,30.24,30.24,30.24,30.24,15.343574031265408,20.904385055875814,14.577457075406112,11.959278838682177
2009-05-01,30.24,30.24,30.24,30.24,15.491797175232916,21.793491241030498,15.191674444998029,12.321273317124115
2009-05-04,40.73,40.73,40.73,40.73,15.742923571499256,23.596968265694258,16.19317740793928,12.88382236034938
2009-05-05,37.9,37.9,37.9,37.9,15.963391993673392,24.959161764199568,17.044425352725977,13.379192214599888
2009-05-06,43.15,43.15,43.15,43.15,16.233905506174153,26.69162254856151,18.06817337810927,13.968713160845434
2009-05-07,36.9,36.9,36.9,36.9,16.439538287207245,27.663848972508035,18.8066763828893,14.422798048749485
2009-05-08,45.77,45.77,45.77,45.77,16.731383677384287,29.38824430845965,19.864061622775996,15.043534721051476
2009-05-11,37.9,37.9,37.9,37.9,16.942016675619268,30.19888770765397,20.571353323843603,15.496137993901941
2009-05-12,38.1,38.1,38.1,38.1,17.152543872876787,30.951374592639308,21.25875123271248,15.943739221745467
2009-05-13,26.81,26.81,26.81,26.81,17.248637963693934,30.5569579647689,21.476447262802186,16.15891270250298
2009-05-14,31.85,31.85,31.85,31.85,17.39392514813479,30.680104825267097,21.883253252496218,16.469627302453418
2009-05-15,31.45,31.45,31.45,31.45,17.533786589446883,30.75342817524166,22.258419791614013,16.76626834596919
2009-05-18,40.52,40.52,40.52,40.52,17.762505130845422,31.68357787283769,22.974560191942874,17.236639269811384
2009-05-19,41.53,41.53,41.53,41.53,17.998997617105665,32.62133236113886,23.70222449814119,17.71769591793393
2009-05-20,41.73,41.73,41.73,41.73,18.23512699404989,33.48882451722088,24.40919608644938,18.193187087875835
2009-05-21,35.69,35.69,35.69,35.69,18.408807322467304,33.69846027748555,24.851580553647445,18.539658630690173
2009-05-22,35.89,35.89,35.89,35.89,18.582749538164148,33.907178346296455,25.284459747622055,18.88322974691413
2009-05-25,35.89,35.89,35.89,35.89,18.754960985545598,34.09601850379203,25.700363286930994,19.21999747469801
2009-05-26,46.37,46.37,46.37,46.37,19.02973749315211,35.264969122478504,26.5109372756788,19.757621287080227
2009-05-27,40.73,40.73,40.73,40.73,19.245660503170495,35.78544825367103,27.068547578593357,20.172915915058837
2009-05-28,44.76,44.76,44.76,44.76,19.499534528014568,36.64016746760712,27.762330026491657,20.65978886723589
2009-05-29,50.2,50.2,50.2,50.2,19.80501179639253,37.931580089739775,28.64223865290375,21.24474354313221
2009-06-01,60.48,60.48,60.48,60.48,20.209738047174696,40.0790486526217,29.89077831357419,22.021679314555335
2009-06-02,60.28,60.28,60.28,60.28,20.608447121332162,42.00294878094344,31.082512497355594,22.779269823178
2009-06-03,56.85,56.85,56.85,56.85,20.969059587786568,43.41695365894883,32.09300220334165,23.453937747471507
2009-06-04,59.48,59.48,59.48,59.48,21.352253024724014,44.9467675961918,33.16700211693609,24.167325118808705
2009-06-05,59.48,59.48,59.48,59.48,21.731633591642183,46.33088496798305,34.198884386860165,24.866586007545166
2009-06-08,59.07,59.07,59.07,59.07,22.10315962555619,47.544134018651334,35.17422225404212,25.54388133412843
2009-06-09,62.1,62.1,62.1,62.1,22.501138136744686,48.93040696925597,36.23013510682478,26.26776487206648
2009-06-10,61.9,61.9,61.9,61.9,22.893166612995984,50.16560630551731,37.2367964751846,26.973353686481005
2009-06-11,63.71,63.71,63.71,63.71,23.299304258637815,51.45554856213471,38.274961319295,27.700812029322964
2009-06-12,64.31,64.31,64.31,64.31,23.707370882929975,52.679782032407594,39.29594322834226,28.425746444583897
2009-06-15,58.67,58.67,58.67,58.67,24.055257739816245,53.25027898170211,40.05571016056413,29.024642554592138
2009-06-16,56.45,56.45,56.45,56.45,24.37759348369867,53.5550143167781,40.698623487600834,29.56771893964972
2009-06-17,56.25,56.25,56.25,56.25,24.6947318569952,53.81167961994209,41.30848139004786,30.096080940844775
2009-06-18,58.47,58.47,58.47,58.47,25.030804176826095,54.25532917994761,41.98148211984991,30.657940724194383
2009-06-19,59.48,59.48,59.48,59.48,25.37358224471837,54.75291687709546,42.667698507306774,31.228674571240038
2009-06-22,51.61,51.61,51.61,51.61,25.634641127855502,54.45359146022923,43.018376997216315,31.63226517378974
2009-06-23,52.62,52.62,52.62,52.62,25.903152161409178,54.27896370211216,43.3949112326196,32.04786388321965
2009-06-24,55.04,55.04,55.04,55.04,26.193071045375255,54.35144334953005,43.85158138036001,32.50315370731431
2009-06-25,63.1,63.1,63.1,63.1,26.56030416930187,55.18463922100338,44.606421326228244,33.10903185172393
2009-06-26,64.11,64.11,64.11,64.11,26.93393298353767,56.03467358090782,45.371267548729094,33.72291240911553
2009-06-29,66.94,66.94,66.94,66.94,27.332003302109435,57.073276097011835,46.21710019387697,34.38067651982611
2009-06-30,65.52,65.52,65.52,65.52,27.711983368755114,57.877725992534515,46.97407665686219,34.997296786760245
2009-07-01,69.76,69.76,69.76,69.76,28.13037159394163,59.00937113610266,47.86764227816171,35.68566714741846
2009-07-02,57.66,57.66,57.66,57.66,28.424198742260618,58.880859599330975,48.251656306469094,36.120802451429974
2009-07-03,57.66,57.66,57.66,57.66,28.7151022373625,58.764587256537546,48.620610961117364,36.547321214768
2009-07-06,59.07,59.07,59.07,59.07,29.017141021070337,58.79367418448635,49.03039092342649,36.99331485407952
2009-07-07,52.22,52.22,52.22,52.22,29.248015239766154,58.16760997644003,49.155473632311725,37.29483337182052
2009-07-08,52.62,52.62,52.62,52.62,29.480572302057038,57.63926616916003,49.29133741143676,37.59830201792309
2009-07-09,55.85,55.85,55.85,55.85,29.7429546672107,57.46885986733527,49.54853986589022,37.95972177994442
2009-07-10,55.44,55.44,55.44,55.44,29.998646660571787,57.275635118065246,49.77957751820825,38.30586590311383
2009-07-13,62.7,62.7,62.7,62.7,30.324033260964107,57.792241297297124,50.286260752788316,38.788918063448214
2009-07-14,65.93,65.93,65.93,65.93,30.678321487223172,58.56726593564978,50.89974072326721,39.32636523050864
2009-07-15,73.99,73.99,73.99,73.99,31.109283462474682,60.03609775130218,51.80524108706065,40.012773839805504
2009-07-16,77.02,77.02,77.02,77.02,31.566106512599312,61.65361225117816,52.79405516207788,40.745590199413314
2009-07-17,75.81,75.81,75.81,75.81,32.0063442587426,63.00183965582786,53.69664123415326,41.43993494793978
2009-07-20,79.44,79.44,79.44,79.44,32.47832093278496,64.56737873622521,54.706184715166856,42.19241148362414
2009-07-21,80.85,80.85,80.85,80.85,32.95963117225973,66.11810457087043,55.731432373395606,42.95790828592861
2009-07-22,80.24,80.24,80.24,80.24,33.43008260338153,67.4630469926923,56.69255267247813,43.69616752779141
2009-07-23,86.09,86.09,86.09,86.09,33.95406188095982,69.23704251719779,57.84539374414565,44.53564935892425
2009-07-24,87.1,87.1,87.1,87.1,34.48287718562688,70.93827656317896,58.99263320515955,45.37850778746041
2009-07-27,88.71,88.71,88.71,88.71,35.02245054696393,72.63082165240002,60.158020138290546,46.236557138203764
2009-07-28,88.1,88.1,88.1,88.1,35.55058536739215,74.10407673312382,61.25378405443601,47.065536204773984
2009-07-29,87.9,87.9,87.9,87.9,36.071475065229045,75.41797418711202,62.29873369936009,47.87413944824381
2009-07-30,88.31,88.31,88.31,88.31,36.59126138298796,76.64578616929182,63.31878335820872,48.674849558179574
2009-07-31,87.9,87.9,87.9,87.9,37.10179609559504,77.7176160579307,64.28275263827896,49.45158521049285
2009-08-03,90.32,90.32,90.32,90.32,37.63133046280305,78.91784310003254,65.30382116226802,50.26086075087913
2009-08-04,91.13,91.13,91.13,91.13,38.16365553282491,80.08090566193421,66.3166124892379,51.07015063700034
2009-08-05,91.13,91.13,91.13,91.13,38.690683835980884,81.13320036079762,67.28968650926778,51.863414980822114
2009-08-06,90.12,90.12,90.12,90.12,39.2024183251751,81.98908604072166,68.18499292066905,52.620971119815735
2009-08-07,90.93,90.93,90.93,90.93,39.71712063039724,82.84060165589102,69.0769539826036,53.37956575110651
2009-08-10,90.73,90.73,90.73,90.73,40.22471146989577,83.59197292675854,69.92609304210934,54.11917831049054
2009-08-11,89.31,89.31,89.31,89.31,40.71312230104109,84.13654693373392,70.68624625614427,54.816026264738255
2009-08-12,90.32,90.32,90.32,90.32,41.20672307416506,84.72544722575927,71.45619738335431,55.51907524959492
2009-08-13,90.73,90.73,90.73,90.73,41.699491998800234,85.29730939473458,72.21203278008551,56.21632128425641
2009-08-14,90.32,90.32,90.32,90.32,42.1832781480659,85.77566088095034,72.92214914165078,56.8916416548652
2009-08-17,86.49,86.49,86.49,86.49,42.62414105206525,85.8436931780027,73.45422172433113,57.47774776070945
2009-08-18,87.9,87.9,87.9,87.9,43.07464711124868,86.03953192295482,74.0207228331809,58.08016859713104
2009-08-19,89.52,89.52,89.52,89.52,43.53678992606213,86.3710050731496,74.62853762403655,58.70273951599973
2009-08-20,90.52,90.52,90.52,90.52,44.004284553663496,86.76614744713535,75.25173222701551,59.332784278059144
2009-08-21,92.56,92.56,92.56,92.56,44.48742600089072,87.31794292836055,75.93048782595608,59.99074894582035
2009-08-24,92.15,92.15,92.15,92.15,44.96168046854355,87.77813883994526,76.56654712689898,60.62756579837836
2009-08-25,92.35,92.35,92.35,92.35,45.43320603602073,88.2135541885219,77.18550606309903,61.25573281227186
2009-08-26,92.76,92.76,92.76,92.76,45.90411940879664,88.6465490277103,77.79627053121278,61.879579687276376
2009-08-27,93.16,93.16,93.16,93.16,46.37432717587329,89.0764015012617,78.39876972606719,62.498993950894665
2009-08-28,93.36,93.36,93.36,93.36,46.841846308451665,89.4843632630463,78.98548463877043,63.110102981570016
2009-08-31,92.76,92.76,92.76,92.76,47.298743360108865,89.7963286665657,79.52566171175982,63.69722965520229
2009-09-01,90.34,90.34,90.34,90.34,47.72701457045604,89.84810688879753,79.94975340933787,64.22480926599036
2009-09-02,89.74,89.74,89.74,89.74,48.1450542264714,89.83781099462634,80.33368464818737,64.73006056765392
2009-09-03,90.54,90.54,90.54,90.54,48.566894482924425,89.90468613799526,80.73393230904277,65.24114847720533
2009-09-04,91.75,91.75,91.75,91.75,48.99657712488538,90.08043031532904,81.16593496359012,65.76607623013196
2009-09-07,91.75,91.75,91.75,91.75,49.42198431767259,90.23943695196436,81.58099633756697,66.28060937408974
2009-09-08,92.35,92.35,92.35,92.35,49.84912875232261,90.44044295653919,82.00331020668199,66.79683493103845
2009-09-09,92.96,92.96,92.96,92.96,50.278092645334326,90.68040077020213,82.43298431622387,67.31491740765155
2009-09-10,93.16,93.16,93.16,93.16,50.70477829065438,90.91655307780192,82.85365159794058,67.82670122136142
2009-09-11,92.76,92.76,92.76,92.76,51.12323820816031,91.0921194513446,83.24213584900174,68.32042991004732
2009-09-14,93.16,93.16,93.16,93.16,51.541514444895036,91.28906045597844,83.6310716980605,68.81230258509589
2009-09-15,93.96,93.96,93.96,93.96,51.96358892803041,91.54343565064717,84.03612770990127,69.31027679133162
2009-09-16,94.57,94.57,94.57,94.57,52.38753331680623,91.83167987439505,84.44922074088552,69.81046933011713
2009-09-17,94.37,94.37,94.37,94.37,52.805269303703675,92.07342464826219,84.83827090790962,70.29679667011482
2009-09-18,94.77,94.77,94.77,94.77,53.222828813119555,92.33024134842769,85.22775048014846,70.78141455783532
2009-09-21,95.17,95.17,95.17,95.17,53.640213601048714,92.60069455333934,85.61764261818185,71.26435684381877
2009-09-22,95.17,95.17,95.17,95.17,54.053445306510916,92.84539031016416,85.99224486844922,71.7377359162184
2009-09-23,94.97,94.97,94.97,94.97,54.46057520395857,93.04773409014852,86.34431369713748,72.19778074956061
2009-09-24,94.16,94.16,94.16,94.16,54.85559435615799,93.15366417680104,86.65081119921052,72.63267618026238
2009-09-25,93.76,93.76,93.76,93.76,55.24270287002706,93.21141044567713,86.92960291688854,73.05103902817798
2009-09-28,95.17,95.17,95.17,95.17,55.63998940863375,93.39794278418407,87.25275574367723,73.48903825534278
2009-09-29,94.57,94.57,94.57,94.57,56.02735269810008,93.50956728092844,87.53970649882714,73.90648304236569
2009-09-30,93.76,93.76,93.76,93.76,56.40280192498466,93.53341801607812,87.78363957730451,74.29962199202181
2009-10-01,92.15,92.15,92.15,92.15,56.75849543816889,93.40166391930877,87.95486939780237,74.65309482386296
2009-10-02,90.74,90.74,90.74,90.74,57.0966198616697,93.14817211746984,88.06409020573169,74.97164740160825
2009-10-05,91.15,91.15,91.15,91.15,57.435459465036175,92.95787001104414,88.18510627609515,75.29201081939819
2009-10-06,91.95,91.95,91.95,91.95,57.778887729065666,92.8618823909447,88.33274916722868,75.62187199129129
2009-10-07,91.75,91.75,91.75,91.75,58.1169087466869,92.75598882990235,88.46675900380795,75.94124086275086
2009-10-08,93.36,93.36,93.36,93.36,58.46758627159549,92.81351370324498,88.65865080758019,76.28616678626075
2009-10-09,93.36,93.36,93.36,93.36,58.814774467898026,92.86556001722165,88.84301744257704,76.6242624934635
2009-10-12,94.16,94.16,94.16,94.16,59.1664682542871,92.9888400155815,89.05152656247597,76.97150482032562
2009-10-13,93.76,93.76,93.76,93.76,59.510682500513106,93.06228382362136,89.23617257963377,77.30395026942809
2009-10-14,94.77,94.77,94.77,94.77,59.8615214806075,93.22492345946694,89.45318541964814,77.6498126403305
2009-10-15,96.38,96.38,96.38,96.38,60.22488942607409,93.52540693951771,89.72482520711291,78.02070743953188
2009-10-16,95.37,95.37,95.37,95.37,60.57459201884947,93.70108246908745,89.94620461075554,78.36425778726392
2009-10-19,96.38,96.38,96.38,96.38,60.93086473507982,93.95621747203151,90.19851031229454,78.72100515781315
2009-10-20,95.57,95.57,95.57,95.57,61.27553274766609,94.10991104612374,90.40915696671436,79.05464862003467
2009-10-21,94.16,94.16,94.16,94.16,61.60274137704255,94.11468142268339,90.55624885037263,79.35376448894488
2009-10-22,95.37,95.37,95.37,95.37,61.93873400015655,94.23423557290403,90.74502340525997,79.67091766738162
2009-10-23,94.37,94.37,94.37,94.37,62.2614331643341,94.24716551834175,90.88717935015174,79.96198860466119
2009-10-26,92.96,92.96,92.96,92.96,62.566891540808385,94.12457832611872,90.96846643445951,80.21937496892532
2009-10-27,92.56,92.56,92.56,92.56,62.8653304309496,93.97557086648837,91.03087951546111,80.46374378142185
2009-10-28,90.14,90.14,90.14,90.14,63.136720177905325,93.61027840301328,90.99594306387439,80.6553528154531
2009-10-29,93.16,93.16,93.16,93.16,63.43545928061273,93.56739474558344,91.08080804176167,80.90296959138472
2009-10-30,88.93,88.93,88.93,88.93,63.68913630269619,93.12573810314693,90.99646262835925,81.06192068858502
2009-11-02,89.74,89.74,89.74,89.74,63.94834887679872,92.80328685522818,90.94718958410986,81.2337638432665
2009-11-03,89.94,89.94,89.94,89.94,64.20697227105943,92.53059286901598,90.90769195336046,81.40616455924142
2009-11-04,89.34,89.34,89.34,89.34,64.45705214895933,92.22672688149065,90.8462138375424,81.56327021153366
2009-11-05,91.35,91.35,91.35,91.35,64.72464366986522,92.14322908325344,90.86597015763877,81.75706684100824
2009-11-06,91.55,91.55,91.55,91.55,64.99156263832427,92.08673107532455,90.89279485733921,81.95098630950312
2009-11-09,93.56,93.56,93.56,93.56,65.2758256966494,92.22704240148411,90.99739113744356,82.18086776872089
2009-11-10,92.35,92.35,92.35,92.35,65.54522046583698,92.23875264896182,91.0504346222497,82.38223672379571
2009-11-11,92.76,92.76,92.76,92.76,65.81601429204756,92.2883952538226,91.11747640176931,82.58773698669084
2009-11-12,92.15,92.15,92.15,92.15,66.0780440005844,92.27521475345854,91.15796752326855,82.77708872952864
2009-11-13,92.35,92.35,92.35,92.35,66.33945649809102,92.28233715789106,91.20471389490508,82.96665132894391
2009-11-16,93.16,93.16,93.16,93.16,66.60632757771201,92.36592409523477,91.2813917813794,83.16849981747967
2009-11-17,92.96,92.96,92.96,92.96,66.86855317395369,92.42250275283146,91.34721955465864,83.36239091020285
2009-11-18,92.96,92.96,92.96,92.96,67.1281695602825,92.47369296684751,91.4104658466328,83.55244257534734
2009-11-19,91.75,91.75,91.75,91.75,67.37316289799114,92.40476982714775,91.42378091147073,83.71477044514245
2009-11-20,92.15,92.15,92.15,92.15,67.61969859054844,92.38050603408605,91.45226009141305,83.8818046937535
2009-11-23,92.76,92.76,92.76,92.76,67.8698508433788,92.41664831655405,91.50354400939685,84.05761054140194
2009-11-24,92.35,92.35,92.35,92.35,68.11343441707652,92.41030085783461,91.53673836196953,84.22181627325537
2009-11-25,92.96,92.96,92.96,92.96,68.36066392536432,92.46265315708845,91.59255254385307,84.39484961437903
2009-11-26,92.96,92.96,92.96,92.96,68.60543343854478,92.51001952308003,91.64617793429021,84.56445655270815
2009-11-27,91.55,91.55,91.55,91.55,68.83373758343488,92.41858909231051,91.64240625059256,84.70278414572383
2009-11-30,91.15,91.15,91.15,91.15,69.05578994578876,92.29777108351904,91.62309620154971,84.83045178640256
2009-12-01,92.35,92.35,92.35,92.35,69.28757313040778,92.30274526604103,91.65160223286149,84.97935373122627
2009-12-02,92.76,92.76,92.76,92.76,69.52112961667238,92.34629333594188,91.69506881196496,85.13342593456832
2009-12-03,91.55,91.55,91.55,91.55,69.740322356805,92.27045587537599,91.68937983894672,85.26048680715112
2009-12-04,91.95,91.95,91.95,91.95,69.96131417415022,92.23993626819733,91.6996002374194,85.3929524149303
2009-12-07,92.76,92.76,92.76,92.76,70.1881667694323,92.28946614741663,91.74118454183433,85.53883454532773
2009-12-08,91.15,91.15,91.15,91.15,70.39674222446283,92.18094556194838,91.71800083431141,85.64994673254897
2009-12-09,91.75,91.75,91.75,91.75,70.60921245108509,92.1399031274771,91.7192557035541,85.7707398665579
2009-12-10,91.15,91.15,91.15,91.15,70.81359839684544,92.04562663914595,91.69693195047354,85.87725986920032
2009-12-11,92.35,92.35,92.35,92.35,71.02789095011066,92.0746145782749,91.72254246221968,86.00543294109734
2009-12-14,92.76,92.76,92.76,92.76,71.24413084115433,92.13988938034396,91.76322707154439,86.13918674424393
2009-12-15,91.35,91.35,91.35,91.35,71.44418924074483,92.0646618203112,91.74702208834657,86.24237116514999
2009-12-16,91.55,91.55,91.55,91.55,71.64424705924489,92.01564640885299,91.73929573194081,86.34747272623613
2009-12-17,90.34,90.34,90.34,90.34,71.83027445169022,91.85606103658128,91.68442138951177,86.42653267225126
2009-12-18,91.35,91.35,91.35,91.35,72.02450057654902,91.80786474738306,91.67130682521719,86.52402707478093
2009-12-21,91.75,91.75,91.75,91.75,72.220774202653,91.80235381906087,91.67439283207142,86.6275116871615
2009-12-22,91.55,91.55,91.55,91.55,72.41310480760173,91.77832012200746,91.66951468179411,86.72498670325731
2009-12-23,91.75,91.75,91.75,91.75,72.60551172493902,91.77562296753055,91.67267096878258,86.8244919170542
2009-12-24,91.95,91.95,91.95,91.95,72.79799419533764,91.79223030395622,91.68354661706562,86.92598712661749
2009-12-28,91.75,91.75,91.75,91.75,72.98657136752333,91.7882083702461,91.68615263208265,87.0215121340112
2009-12-29,91.75,91.75,91.75,91.75,73.17327214993603,91.7845694778417,91.68865645043235,87.11514555710009
2009-12-30,91.15,91.15,91.15,91.15,73.35214506386701,91.72413428947583,91.66753266806245,87.19504366488029
2009-12-31,90.74,90.74,90.74,90.74,73.52515854581858,91.63040721428766,91.63115883794235,87.26524082003117
2010-01-04,92.2,92.2,92.2,92.2,73.71097786377064,91.68465414626026,91.65346633449363,87.36295882359491
2010-01-05,92.8,92.8,92.8,92.8,73.90091838253909,91.79087756090213,91.69842843902329,87.4706230053059
2010-01-06,94,94,94,94,74.10090924440438,92.00127017414955,91.78868614729689,87.59991759926024
2010-01-07,94.4,94.4,94.4,94.4,74.30289024694761,92.22972063375435,91.89109061210877,87.7345726963046
2010-01-08,94.2,94.2,94.2,94.2,74.50087143852028,92.41736628768251,91.98163607830058,87.86260095974411
2010-01-11,94.8,94.8,94.8,94.8,74.70285281724146,92.6442837840937,92.09216015366134,87.99997519816502
2010-01-12,94,94,94,94,74.89486423199529,92.77339961418002,92.16697740253737,88.11878757047859
2010-01-13,94.2,94.2,94.2,94.2,75.08695513515951,92.90926631759145,92.24670377890845,88.23920761858793
2010-01-14,94.2,94.2,94.2,94.2,75.27713468605344,93.0321933349637,92.32330363071597,88.35724311128915
2010-01-15,93.6,93.6,93.6,93.6,75.45945175385391,93.08627016020525,92.37337015500162,88.46106007938243
2010-01-19,95,95,95,95,75.65388506973596,93.2685301449476,92.47637524696235,88.59054403820654
2010-01-20,94.2,94.2,94.2,94.2,75.83842352675352,93.3572415597145,92.54396837453245,88.70162237408364
2010-01-21,91.6,91.6,91.6,91.6,75.99525513345249,93.18988522069407,92.50695000690374,88.75901599043841
2010-01-22,88.4,88.4,88.4,88.4,76.11868543063207,92.73370567586606,92.3458931438879,88.75190676290498
2010-01-25,89.4,89.4,89.4,89.4,76.25083781440688,92.41620989721216,92.23036792255897,88.7647402923524
2010-01-26,87.6,87.6,87.6,87.6,76.3637648013282,91.95752324033481,92.04878486677234,88.7416761281474
2010-01-27,88.8,88.8,88.8,88.8,76.48750843514583,91.65680674125531,91.92138153866362,88.7428310563029
2010-01-28,85,85,85,85,76.57220984375134,91.02282514685004,91.64995481165721,88.66871558984145
2010-01-29,83,83,83,83,76.63616795475879,90.25874656143574,91.31074089747457,88.5564637959832
2010-02-01,86.2,86.2,86.2,86.2,76.73133046267164,89.87219926987044,91.1103196858089,88.50980114655779
2010-02-02,87.2,87.2,87.2,87.2,76.8354963287147,89.61770410131135,90.95697381577718,88.48386449019031
2010-02-03,85.4,85.4,85.4,85.4,76.92071527071754,89.21601799642455,90.739053273982,88.42279786662219
2010-02-04,77.4,77.4,77.4,77.4,76.92548427299896,88.09068294914603,90.21595314559055,88.20452464154056
2010-02-05,79.6,79.6,79.6,79.6,76.95209636978504,87.28204647779879,89.79964125752817,88.0341380149754
2010-02-08,74.4,74.4,74.4,74.4,76.92670237605583,86.05518490848462,89.19573375723294,87.76415508398578
2010-02-09,79.2,79.2,79.2,79.2,76.94932225291099,85.40231015529561,88.80374419812577,87.59456785459993
2010-02-10,78.6,78.6,78.6,78.6,76.96574690711088,84.7544710928865,88.40359736682672,87.41645760005339
2010-02-11,80.6,80.6,80.6,80.6,77.00190862942819,84.35880717927826,88.09757394067665,87.28147824163649
2010-02-12,78.6,78.6,78.6,78.6,77.01781003610054,83.81034935268033,87.72512006065011,87.10956778140607
2010-02-16,83.6,83.6,83.6,83.6,77.08330446360203,83.79031608099649,87.56335064650698,87.04007138969506
2010-02-17,84,84,84,84,77.15212730476023,83.81028597804445,87.42361140546748,86.97987195623575
2010-02-18,85,85,85,85,77.230215590285,83.92359207537355,87.32856782093934,86.94066657096376
2010-02-19,85.4,85.4,85.4,85.4,77.31150697744634,84.06420235390941,87.25293771031427,86.91015832203378
2010-02-22,84.8,84.8,84.8,84.8,77.38601934582996,84.13427832020375,87.15674407461567,86.86837300872618
2010-02-23,82,82,82,82,77.43192960109533,83.93101371827959,86.95451881678761,86.77196958281081
2010-02-24,83.4,83.4,83.4,83.4,77.49131338615906,83.88044098320535,86.81512592201163,86.70519790790367
2010-02-25,82.8,82.8,82.8,82.8,77.54413613853559,83.7775418419477,86.65767000350137,86.62786725626201
2010-02-26,83,83,83,83,77.59842334113723,83.70349023795268,86.51423196414837,86.55602830069246
2010-03-01,84.6,84.6,84.6,84.6,77.66809077057866,83.78887212005242,86.43916404398568,86.51729506701538
2010-03-02,85,85,85,85,77.74104509126941,83.90421763242838,86.38272623833919,86.48724962014379
2010-03-03,85.6,85.6,85.6,85.6,77.81924364757519,84.06572071505425,86.35203109173766,86.469680320735
2010-03-04,86.6,86.6,86.6,86.6,77.90661435754957,84.30708064695385,86.3617553626499,86.47226090844322
2010-03-05,88.6,88.6,88.6,88.6,78.01301620473814,84.71593010914872,86.44952966215382,86.51439435580077
2010-03-08,89.2,89.2,89.2,89.2,78.12432947633278,85.14298438446788,86.55739124403014,86.5675746655869
2010-03-09,89.8,89.8,89.8,89.8,78.24050530243892,85.58650968118522,86.68455237171524,86.63158308805053
2010-03-10,90.4,90.4,90.4,90.4,78.36149529942958,86.04493733059616,86.83025620027543,86.70620520511883
2010-03-11,90.8,90.8,90.8,90.8,78.48526151535565,86.49780044196795,86.98593242771561,86.78727044858182
2010-03-12,90.6,90.6,90.6,90.6,78.60580617689439,86.88848611416148,87.1276605678052,86.86277004365941
2010-03-15,90.4,90.4,90.4,90.4,78.72316133931335,87.22291600805086,87.25598760436185,86.9328142012107
2010-03-16,92,92,92,92,78.85526918668337,87.6778763882365,87.44202730615159,87.03315451405801
2010-03-17,92,92,92,92,78.98606252810941,88.08950720840446,87.62077133336133,87.13150789001726
2010-03-18,92,92,92,92,79.1155544432526,88.46193509331832,87.79250579087658,87.22791367437335
2010-03-19,90.6,90.6,90.6,90.6,79.2298275333695,88.66556032252609,87.90260360299906,87.29468766101942
2010-03-22,91,91,91,91,79.34694367731608,88.88788791085693,88.02407012837165,87.36806018258339
2010-03-23,91.4,91.4,91.4,91.4,79.4668745859995,89.12713668125151,88.15645953510217,87.44790057500748
2010-03-24,91,91,91,91,79.58163205280547,89.30550461637041,88.26797092588248,87.51823917748258
2010-03-25,89.4,89.4,89.4,89.4,79.67932725626015,89.31450417671608,88.3123642229067,87.55550176802748
2010-03-26,89.2,89.2,89.2,89.2,79.77406031838692,89.30359901702884,88.34717346906722,87.58806608945268
2010-03-29,90,90,90,90,79.87581096198505,89.36992292016896,88.41199019577046,87.63582715698827
2010-03-30,90,90,90,90,79.97654916136828,89.42993026110526,88.47426509005396,87.68264246081029
2010-03-31,89.8,89.8,89.8,89.8,80.07429494085716,89.46517499814286,88.52625469436558,87.72457033287345
2010-04-01,91.4,91.4,91.4,91.4,80.18698852353519,89.64944404593878,88.63895058870418,87.7973511183611
2010-04-05,92.8,92.8,92.8,92.8,80.31249112529106,89.9494969939446,88.80212899699029,87.89641347245296
2010-04-06,93.4,93.4,93.4,93.4,80.44271509419363,90.27811632785465,88.98243766377499,88.00539538388954
2010-04-07,92.2,92.2,92.2,92.2,80.55970300370414,90.46115286805896,89.10861657892107,88.08845686143627
2010-04-08,91.8,91.8,91.8,91.8,80.67154675491106,90.58866211872001,89.21416102680652,88.16195276517021
2010-04-09,93,93,93,93,80.79421793147911,90.81831334550859,89.3626253002651,88.2577556807114
2010-04-12,93,93,93,93,80.9156684993251,91.02609302688872,89.50526744535274,88.35166150881612
2010-04-13,92.6,92.6,92.6,92.6,81.03193050430693,91.1759889290898,89.6266295063193,88.43578702349303
2010-04-14,94.2,94.2,94.2,94.2,81.16295607142825,91.4639899834622,89.80597736881658,88.549929854711
2010-04-15,93.2,93.2,93.2,93.2,81.28272765280708,91.62932427075151,89.93907629552966,88.64201045164741
2010-04-16,91.8,91.8,91.8,91.8,81.38737712889855,91.64557910210851,90.01205369570496,88.70454489814944
2010-04-19,91.6,91.6,91.6,91.6,81.48899526691946,91.64123823524103,90.07432609979496,88.76188064274054
2010-04-20,92.8,92.8,92.8,92.8,81.60154257769638,91.75159649855141,90.18121527235202,88.84184340229022
2010-04-21,92.2,92.2,92.2,92.2,81.7069998654805,91.79430159392746,90.26038330088724,88.90834155273993
2010-04-22,92,92,92,92,81.80941777726676,91.81389191831532,90.32860356359754,88.96956251209161
2010-04-23,93,93,93,93,81.92076685410987,91.92685459276149,90.43336420816235,89.04937315541653
2010-04-26,92.4,92.4,92.4,92.4,82.02503783068589,91.97191606011754,90.51048718039128,89.11572220184392
2010-04-27,88.4,88.4,88.4,88.4,82.08847029008204,91.63173357820158,90.42772297723869,89.10154948497572
2010-04-28,90.2,90.2,90.2,90.2,82.16918202848919,91.49537799932524,90.4187926644058,89.12330098032274
2010-04-29,91.2,91.2,91.2,91.2,82.25904091377785,91.46724676129426,90.4494282461938,89.16442373318763
2010-04-30,87.8,87.8,87.8,87.8,82.3141748350338,91.11798516498052,90.34552909928425,89.13740544144135
2010-05-03,89.4,89.4,89.4,89.4,82.38468055806828,90.95436753022048,90.3084495267633,89.14260533369003
2010-05-04,83,83,83,83,82.39080313958004,90.19680871781853,90.02184366296866,89.02096958450805
2010-05-05,83.6,83.6,83.6,83.6,82.40283494913646,89.56854122088343,89.77000665657773,88.91362365214155
2010-05-06,73,73,73,73,82.30927440237889,87.99058491413263,89.11235933671195,88.59850239170311
2010-05-07,67.13,67.13,67.13,67.13,82.15823684613632,86.00386254135809,88.2503060293899,88.17338353246146
2010-05-10,79.6,79.6,79.6,79.6,82.13278175313994,85.39397087075255,87.91107834196285,88.00361356152163
2010-05-11,78,78,78,78,82.09165954664103,84.68978316877612,87.52240860306235,87.80552220386774
2010-05-12,82.6,82.6,82.6,82.6,82.0967176606048,84.49075620032124,87.32937297156971,87.70244255626639
2010-05-13,79.2,79.2,79.2,79.2,82.06789459930525,83.9868746574335,87.01057403150816,87.5340773571324
2010-05-14,72,72,72,72,81.96771654359077,82.84526754720174,86.42192406948823,87.22647186491196
2010-05-17,74,74,74,74,81.888435781963,82.00286111413492,85.9347897922534,86.9645615309533
2010-05-18,70.4,70.4,70.4,70.4,81.77412298811262,80.89782672231254,85.32558234941993,86.63655041152849
2010-05-19,67.6,67.6,67.6,67.6,81.63308693847966,79.63136703447326,84.63046147297209,86.2595890172408
2010-05-20,50.6,50.6,50.6,50.6,81.32430000376843,76.866474935952,83.29593357207122,85.55345854165188
2010-05-21,56.6,56.6,56.6,56.6,81.07828706840755,74.93633446586134,82.24903421630373,84.9801227289459
2010-05-24,52.2,52.2,52.2,52.2,80.7909409284234,72.77096927863644,81.07064071762515,84.33101138777866
2010-05-25,50.6,50.6,50.6,50.6,80.49053355600127,70.65944839495678,79.87571363065946,83.66307056821869
2010-05-26,49.6,49.6,49.6,49.6,80.18316506290672,68.65378664305614,78.68843074318262,82.98855431934307
2010-05-27,62.6,62.6,62.6,62.6,80.00820819660915,68.07723553419365,78.05751189050879,82.58482057044519
2010-05-28,59,59,59,59,79.79917129913045,67.2127369118895,77.31015848303785,82.11779442053539
2010-06-01,48.6,48.6,48.6,48.6,79.48873178371622,65.44009530123336,76.18426991507559,81.45407571913864
2010-06-02,59.6,59.6,59.6,59.6,79.29083395502252,64.88389574873494,75.5339063889942,81.02132174450223
2010-06-03,60.6,60.6,60.6,60.6,79.10485550770886,64.47590567742685,74.9482630011905,80.6169391357002
2010-06-04,45.4,45.4,45.4,45.4,78.76948381111474,62.65915275576715,73.7895075893791,79.9195740043002
2010-06-07,38.6,38.6,38.6,38.6,78.36978745478524,60.367804874265516,72.40952689959953,79.10136461807643
2010-06-08,44,44,44,44,78.02779951991175,58.808966314811656,71.29542780549758,78.40628809098581
2010-06-09,42.8,42.8,42.8,42.8,77.67727415155443,57.284302856258165,70.17796004841925,77.70121307928312
2010-06-10,53.6,53.6,53.6,53.6,77.43769928437479,56.93341686994786,69.52784396808909,77.2239613351389
2010-06-11,55.4,55.4,55.4,55.4,77.2184186944805,56.78737716804807,68.97381087130128,76.79180368493813
2010-06-14,55.8,55.8,55.8,55.8,77.00530010050558,56.69334124728159,68.4571908371326,76.37612440404827
2010-06-15,64.2,64.2,64.2,64.2,76.87788417910751,57.40826112849287,68.29024217685289,76.13501302971068
2010-06-16,62.8,62.8,62.8,62.8,76.73780572956416,57.9217600686364,68.07493856207434,75.87095336575601
2010-06-17,62.6,62.6,62.6,62.6,76.5971310456879,58.367306728766266,67.86023508905181,75.60816220999847
2010-06-18,62.4,62.4,62.4,62.4,76.45586606015867,58.75137275459805,67.64610822281449,75.34661444346385
2010-06-21,59.8,59.8,59.8,59.8,76.29013604960983,58.8512420160649,67.33841770427274,75.03876069210813
2010-06-22,55,55,55,55,76.07829389986247,58.48445706215396,66.85455818645812,74.64195354969014
2010-06-23,55,55,55,55,75.86855963220215,58.152604008615484,66.38967355169505,74.25300397444876
2010-06-24,48.4,48.4,48.4,48.4,75.5952406308867,57.22378457922353,65.68419615751094,73.7410633016874
2010-06-25,48.8,48.8,48.8,48.8,75.32862132112665,56.421519381202245,65.0220708180007,73.24718086006983
2010-06-28,48.2,48.2,48.2,48.2,75.05868479056818,55.63851753537346,64.3623817663144,72.75119708066251
2010-06-29,35,35,35,35,74.66009091205507,53.672944436766464,63.210915814694225,72.00364862361968
2010-06-30,31.4,31.4,31.4,31.4,74.22964224626348,51.551711633264894,61.96342892000033,71.19961597760741
2010-07-01,30.6,30.6,30.6,30.6,73.79551645276833,49.55631052533491,60.73349053098071,70.39566318597161
2010-07-02,27.2,27.2,27.2,27.2,73.33187947313878,47.42713809435063,59.41845168662852,69.54030351892267
2010-07-06,28.4,28.4,28.4,28.4,72.88479609529661,45.61502970441248,58.20204181656466,68.72564404330043
2010-07-07,39.8,39.8,39.8,39.8,72.55559414409963,45.06121735161129,57.48039311787585,68.15285901274002
2010-07-08,44.2,44.2,44.2,44.2,72.27344892873545,44.97919665145783,56.95959338776307,67.67854497288378
2010-07-09,49,49,49,49,72.04187232247938,45.36213030369994,56.647452470595894,67.30867279520292
2010-07-12,46.6,46.6,46.6,46.6,71.78871936404674,45.48002265572852,56.25343472665096,66.89860006658505
2010-07-13,52.2,52.2,52.2,52.2,71.59380673355871,46.12002049804009,56.09447650207641,66.60753867912791
2010-07-14,52.6,52.6,52.6,52.6,71.40481363173225,46.737161402988654,55.95743820787734,66.33016167558083
2010-07-15,52.8,52.8,52.8,52.8,71.21969110803343,47.31457460270402,55.83361710168607,66.06223768200496
2010-07-16,42.2,42.2,42.2,42.2,70.93093796267986,46.82747225958935,55.298965450639564,65.58971812394546
2010-07-19,44.8,44.8,44.8,44.8,70.67092862971788,46.63437966343798,54.88724131532037,65.17804053733268
2010-07-20,48.6,48.6,48.6,48.6,70.45131739957144,46.82158160025341,54.64068283236663,64.84976250689044
2010-07-21,43.8,43.8,43.8,43.8,70.18613016176475,46.5338119240388,54.21555801541108,64.43293552655598
2010-07-22,54,54,54,54,70.02507414025466,47.24487745508272,54.20710475990476,64.2263427438519
2010-07-23,56,56,56,56,69.88552116373471,48.078698649836745,54.277414377163396,64.06344486773602
2010-07-26,60,60,60,60,69.78715776907067,49.21406068318563,54.501829499627576,63.98298061292937
2010-07-27,58.2,58.2,58.2,58.2,69.67186266689086,50.06986442764414,54.646855793759826,63.86846614534661
2010-07-28,54.6,54.6,54.6,54.6,69.52189388413572,50.501305910725655,54.6450183116516,63.684932162270435
2010-07-29,53.8,53.8,53.8,53.8,69.3654571290697,50.815467252561305,54.611880338645655,63.489190931334385
2010-07-30,53.2,53.2,53.2,53.2,69.20460680937747,51.042565609460226,54.55651248222818,63.285444576258456
2010-08-02,60.2,60.2,60.2,60.2,69.11500873167222,51.914702218083065,54.77782571821923,63.2243466638573
2010-08-03,56.6,56.6,56.6,56.6,68.99048128160582,52.36092105445611,54.84928353319103,63.09317148239477
2010-08-04,59.6,59.6,59.6,59.6,68.89704365691323,53.050357144507906,55.03558613973256,63.023999769872106
2010-08-05,59.4,59.4,59.4,59.4,68.80254571007826,53.655085035507156,55.20673962444893,62.95223739819147
2010-08-06,59.6,59.6,59.6,59.6,68.7109780910725,54.2212674130779,55.379024345058774,62.88585645961342
2010-08-09,60.6,60.6,60.6,60.6,68.63027184141009,54.828765754689535,55.5837684883898,62.840591975264644
2010-08-10,58.4,58.4,58.4,58.4,68.52847809174432,55.16888330186196,55.694208939825494,62.75265946090297
2010-08-11,48.2,48.2,48.2,48.2,68.32620467789611,54.50518013025606,55.40031839316567,62.464487986429646
2010-08-12,45,45,45,45,68.09410313881257,53.599924879755484,54.99246276990427,62.11865654115381
2010-08-13,43.6,43.6,43.6,43.6,67.8503807195209,52.64755108168353,54.54569952402567,61.751950471031954
2010-08-16,42.8,42.8,42.8,42.8,67.60112319992368,51.709689073904144,54.08508385641682,61.37666432309073
2010-08-17,49.2,49.2,49.2,49.2,67.4180274466906,51.470671066865656,53.89351194047891,61.13554225728695
2010-08-18,50.2,50.2,50.2,50.2,67.24670379050463,51.34965477478321,53.748668334969935,60.91899686605355
2010-08-19,42.2,42.2,42.2,42.2,66.99748285726578,50.47825908194672,53.295779380657386,60.54832366078516
2010-08-20,41.4,41.4,41.4,41.4,66.74278153530294,49.61366297890417,52.82927822847474,60.16914893482902
2010-08-23,39,39,39,39,66.46673395783723,48.60283793329425,52.286953592063966,59.7499578668126
2010-08-24,32.6,32.6,32.6,32.6,66.12975153039606,47.078758130123376,51.51491619629675,59.212334938756904
2010-08-25,33.8,33.8,33.8,33.8,65.80806246044187,45.814114498683054,50.820213600363545,58.70912038551419
2010-08-26,32.6,32.6,32.6,32.6,65.47763397824842,44.555627403570384,50.10569541995713,58.192108100652526
2010-08-27,39.6,39.6,39.6,39.6,65.22014508294247,44.08366288894463,49.693707364272534,57.82394754420396
2010-08-30,32.8,32.8,32.8,32.8,64.89755657465449,43.00902832809276,49.03120903626185,57.328423830457346
2010-08-31,34,34,34,34,64.59011820077733,42.15102563017916,48.44174985836923,56.866474843715615
2010-09-01,41,45,41,45,64.39519165151586,42.422356522543055,48.30677927568808,56.631495143840056
2010-09-02,45,48,45,48,64.23205541617739,42.95356066325324,48.294748715857175,56.46057444792243
2010-09-03,53,54,50,52,64.11034342198657,43.81512631437198,48.440052687784345,56.37224624103288
2010-09-07,50,50,47,48,63.95004149738969,44.21368571300322,48.422795719635936,56.206459186755005
2010-09-08,49,52,49,51,63.82118536308731,44.860001359383865,48.52386255416002,56.103360985037085
2010-09-09,54.2,55.2,52.2,53,63.71351187688744,45.63523932515683,48.699397355957665,56.041908292264075
2010-09-10,53.2,55.79,53.2,55.4,63.63079036567463,46.56521653228475,48.96216608709658,56.02919723697172
2010-09-13,59.59,61.59,58.59,59.59,63.59058349636443,47.80567210063858,49.378943887602595,56.09970818277426
2010-09-14,58.2,61.59,57.79,60.2,63.55684634714687,48.98608428153015,49.80329902926524,56.18090208014507
2010-09-15,58.59,61.4,58.2,60.79,63.529315537722525,50.11026673090823,50.23415004772543,56.27217134588477
2010-09-16,59.59,60.4,57.59,60,63.494197970182995,51.05214608986935,50.61712455565777,56.34598973507517
2010-09-17,60.79,60.79,58.4,60,63.4594298311762,51.90432265273894,50.98508045543589,56.418346373984576
2010-09-20,60.2,65.19,60.2,64.8,63.47276883783117,53.13248240009714,51.52684200620311,56.584319713113594
2010-09-21,64.4,66,63.2,64.4,63.48199501854926,54.2055793143736,52.03167173145005,56.73908565938857
2010-09-22,64.59,64.59,60.2,61.79,63.46515924722041,54.927905093957065,52.41435127139318,56.83910376514325
2010-09-23,60,63,58.2,58.2,63.41276960296946,55.239533180246866,52.64123945682874,56.86605220543744
2010-09-24,65,67.4,65,67.4,63.45244353726827,56.39767287736621,53.22001438009036,57.074645231072346
2010-09-27,66.59,68,65.8,65.8,63.47580230804172,57.29313260333134,53.71334714949858,57.24742453342735
2010-09-28,64.59,68.59,63,68.19,63.5227097477627,58.33092949825216,54.28105902598883,57.46410919613176
2010-09-29,67.59,68.8,66.4,68.19,63.56915044678993,59.26988859365672,54.82650769163633,57.67650307343608
2010-09-30,69.19,69.19,65.19,67,63.603288253289534,60.006089679975126,55.303899546866276,57.8611267749522
2010-10-01,68,68,68,68,63.647036628878695,60.767414472358446,55.80178583914603,58.061896541784826
2010-10-04,66.19,67.59,64,65.59,63.66636959774557,61.22670833213383,56.18563737486579,58.21096789739305
2010-10-05,68.19,71.4,67.8,70.8,63.73735099478293,62.138450395740136,56.75874963467498,58.460255661801106
2010-10-06,69.8,70.59,68.59,69.59,63.79558630826767,62.84812178662203,57.26193592351125,58.680646638795146
2010-10-07,70.19,70.19,68.4,69.4,63.85135161863317,63.47211018789612,57.737938436314735,58.8929110617893
2010-10-08,69.8,72.59,69.19,72.19,63.934323244318406,64.30238540809648,58.30468594861612,59.15621975363506
2010-10-11,72.19,72.59,71.59,71.8,64.01258868467345,65.01644394065872,58.83391395063117,59.40659163970169
2010-10-12,70.19,74.59,70.19,74.4,64.11594601119411,65.91011594631027,59.44434869766524,59.70349081515314
2010-10-13,74.4,76.59,74.4,75.8,64.23220525486383,66.85200966570929,60.08574678795288,60.02223357128872
2010-10-14,76,76,72.59,73.4,64.3234270931239,67.47562779278459,60.607874364895906,60.287139837203796
2010-10-15,74.19,74.19,72.19,73.59,64.41563179866495,68.05794895537653,61.11697733097842,60.550562810724514
2010-10-18,73.19,75.19,73.19,75.19,64.52283944245933,68.73719191200733,61.66886057290084,60.840452656056705
2010-10-19,73.59,74.4,71.59,72.19,64.59912959726073,69.06603077753044,62.08145427592434,61.06519616781796
2010-10-20,72.8,74.59,71.59,74,64.69267059629296,69.53593260824184,62.54884822588809,61.321330897168096
2010-10-21,74.8,77.19,72.19,73.8,64.78329078936467,69.94203426459976,62.990069864088554,61.56843325564002
2010-10-22,74.59,74.59,73,73.4,64.8690291894705,70.27136433463788,63.39830241843802,61.802721706023384
2010-10-25,76.59,76.59,74.19,74.4,64.96386471992352,70.66456773133903,63.82974153928359,62.05217276134965
2010-10-26,72.8,73.8,72.59,73.8,65.05178646400388,70.96318032835437,64.22073206715483,62.28480300369917
2010-10-27,73.59,75,72.19,75,65.15077366336703,71.34763934470158,64.64344845667817,62.536589082833835
2010-10-28,75.4,75.4,73.4,74.59,65.24469631348279,71.65643559758715,65.03350930151433,62.77527048713416
2010-10-29,73.8,74.8,73.59,74.19,65.33370431036356,71.89772744543599,65.39258736812161,63.00130473491368
2010-11-01,75.19,76.19,71.59,73.59,65.41585650628033,72.05889626015637,65.71405453015606,63.210981868875784
2010-11-02,75.8,75.8,75,75.59,65.51709176492432,72.3951918544272,66.10134650936563,63.45611094077923
2010-11-03,75.59,75.8,74.19,75.4,65.6154291602982,72.68136405876746,66.46599958742972,63.69262359541727
2010-11-04,79.4,81.4,77.8,81.19,65.7704000144246,73.49171033888484,67.04341136831484,64.03910629649812
2010-11-05,82.4,83.59,82.19,82.8,65.93984877049998,74.3782141161339,67.66131680485151,64.41060914211202
2010-11-08,82.19,82.8,81.4,82.4,66.10363136979849,75.14219372412116,68.23930438113184,64.76683470365435
2010-11-09,83,83.59,80,80.4,66.2458837939796,75.64293717896676,68.71619440540118,65.07640233328496
2010-11-10,79.59,80.59,78,80,66.38274067165145,76.05789554287469,69.15869658558152,65.37191911876447
2010-11-11,78,80.59,78,80.19,66.52012633661013,76.45142930069615,69.59129671948028,65.66534646294735
2010-11-12,77.8,78.4,75,77.19,66.62629423375829,76.52176936729651,69.88928508342224,65.89355742407712
2010-11-15,77.59,78.59,76.59,76.59,66.72543558466616,76.52826752279208,70.15205821740568,66.1053681681548
2010-11-16,73.19,74.4,70,71.4,66.7719486634257,76.03986109204997,70.20099711084076,66.2102123628448
2010-11-17,70.59,71.8,70.4,70.4,66.80804867672495,75.5027314642357,70.20880114570976,66.29317845466966
2010-11-18,73,74.4,72.59,73.14,66.8710531675038,75.27770942002277,70.3237501203878,66.42875907932967
2010-11-19,72.34,75.35,71.94,75.15,66.95343074792665,75.26554661811585,70.51301482154906,66.60145691934294
2010-11-22,75.35,75.35,72.74,74.94,67.03289909869355,75.23454217829529,70.6866220834491,66.76657658430645
2010-11-23,72.14,72.34,70.74,71.34,67.07575582407968,74.86363339941002,70.71224474684325,66.85713942422117
2010-11-24,72.34,74.74,72.34,74.14,67.14604681090475,74.79471593279955,70.84666652147685,67.00135448512769
2010-11-26,73.14,73.94,72.74,72.94,67.20369808641813,74.61807632015197,70.92875803043854,67.11895142601625
2010-11-29,71.34,72,69.13,71.8,67.24943243381695,74.34968809918512,70.96292438218605,67.21164545718425
2010-11-30,69.19,72.59,69.19,70.8,67.28476146432624,74.01162256592939,70.95653519072776,67.28270198278456
2010-12-01,74.59,75.8,74.59,74.8,67.35953995721852,74.08670613107897,71.10725930089531,67.43155936926408
2010-12-02,76,80.19,76,79.8,67.483325629286,74.6308293566905,71.44815109301706,67.6764789857143
2010-12-03,79.4,81.4,78.4,81.19,67.61971044889509,75.25551227510093,71.83018438348698,67.94407346124471
2010-12-06,78.8,80.59,78.8,80.4,67.74687750910509,75.74546348699607,72.16625558413455,68.19072547191314
2010-12-07,83.19,83.19,80,80.59,67.87466977269608,76.20684791680597,72.49659850240378,68.43625566058813
2010-12-08,82.19,82.4,80.8,82.19,68.01711086948518,76.77667192472921,72.87673189446639,68.70860703364579
2010-12-09,83.59,84.59,83.19,83.8,68.17415454242563,77.44556031285025,73.30509534958536,69.00744649832608
2010-12-10,85,85.59,84.19,84.8,68.33958584051095,78.14598314019784,73.75587592411142,69.32017033004239
2010-12-13,85.8,86.19,84.8,84.8,68.50337105602826,78.77969903160758,74.18897882904822,69.6267016106356
2010-12-14,86,87.59,86,86.4,68.68144696591852,79.50544198097829,74.66784240437967,69.95884613319728
2010-12-15,86.19,86.8,84,84.19,68.83576092645664,79.95159036374226,75.04126034930596,70.24065116026269
2010-12-16,84.4,86.19,83,85.8,69.00455932519837,80.50858175767156,75.46317170815671,70.54875707788125
2010-12-17,85.8,86.8,85.59,86.8,69.18162838663919,81.10776444741713,75.90775320979762,70.87056386841826
2010-12-20,87.4,88.59,87.19,88,69.3688758653791,81.7641678333774,76.38195896627614,71.20976062349908
2010-12-21,88.8,89.19,88.4,89,69.56421043388279,82.45329470638907,76.87678410485356,71.56204259135058
2010-12-22,89,89.4,88.4,89.19,69.75949192210287,83.09488568673297,77.35965531642793,71.91111105488818
2010-12-23,89.19,89.8,88.8,89.19,69.95283031093767,83.67537276418697,77.82359040205822,72.25326727162307
2010-12-27,88.8,89.19,88.59,89,70.14235438744575,84.18248011997869,78.26188097452652,72.58488574149192
2010-12-28,88.4,88.8,88.19,88.59,70.32591305025723,84.60224391807596,78.66690525003528,72.90181869710594
2010-12-29,89,89.19,88.59,88.8,70.50973481095119,85.00203021159253,79.06428151473979,73.21663416845037
2010-12-30,88.19,89.4,88,88.59,70.68963794716063,85.34374162001228,79.43783910239705,73.52105725422363
2010-12-31,88.19,89.4,87.8,88.59,70.86775100241276,85.65290908477301,79.79674737289129,73.81945216008059
2011-01-03,89.8,90.59,88.8,89.19,71.05006193771213,85.9897748862232,80.1651102210132,74.12381944403938
2011-01-04,88.4,89.4,88.4,89.4,71.2326483860931,86.31455823039242,80.52726276136562,74.4263180689099
2011-01-05,89.19,90.4,89.19,90.19,71.42127875041058,86.683647922736,80.90619363346893,74.73847018635722
2011-01-06,90.19,91.19,89.59,91,71.61609189717267,87.09472907295162,81.30202917725447,75.06048067771648
2011-01-07,91,91,89.19,90.19,71.80090690317095,87.38951678028957,81.65057705265626,75.3600751197419
2011-01-10,89.4,90.4,89.19,89.8,71.98000235687074,87.61908661073818,81.97016226627758,75.64601422628165
2011-01-11,90.4,91,89.59,90.59,72.16517646277252,87.90203074304883,82.30819511858043,75.94193473665231
2011-01-12,91.8,92.4,91.4,91.59,72.3584582890136,88.25326591037751,82.67218746687139,76.25179741513445
2011-01-13,91.59,91.59,90.19,90.8,72.5419562164861,88.49581201415108,82.9909252132686,76.53988063463673
2011-01-14,90.59,92.59,90.59,92.59,72.74143923920764,88.88573467947003,83.36735951863061,76.8577047804855
2011-01-18,92.59,93.59,92,92.59,72.93893735623044,89.23852185285384,83.72903169437059,77.16923537889173
2011-01-19,92,92,90.19,90.8,73.11665937258635,89.38723405734395,84.00632456910115,77.43915151000279
2011-01-20,90.59,92.19,90.59,91.59,73.30047370718749,89.59702128997786,84.30372360560699,77.7193663315869
2011-01-21,91.8,91.8,90.4,91.19,73.47847894393189,89.74873354807521,84.57377366028906,77.9861115527436
2011-01-24,91,91.8,90.19,91.4,73.65680253652958,89.90599701968709,84.84146881086596,78.25173310615462
2011-01-25,90.59,91.8,89.4,91.19,73.83126221278302,90.02828301781213,85.09043081828298,78.50793641098323
2011-01-26,91.19,92.59,90.8,91.4,74.0060755240986,90.15892273040146,85.33786490384051,78.76322479888455
2011-01-27,91.8,92.4,91.59,91.8,74.18312949898319,90.31521580369656,85.591281966435,79.02137876326307
2011-01-28,92,92.4,87.8,88.4,74.32459089700326,90.1328142985826,85.70142777167285,79.20709403527766
2011-01-31,89,89,87.8,88.4,74.46464471892362,89.96778436538426,85.80725413356804,79.38913177715335
2011-02-01,89.19,91.19,89.19,90.59,74.62509601525274,90.02704299725242,85.99481279499675,79.61093114790279
2011-02-02,90.8,91.4,90.4,90.59,74.78395078127012,90.08065794989506,86.17501621480079,79.82833845190471
2011-02-03,91.19,92,90.19,92,74.9552547535958,90.26345243085743,86.40344695147527,80.0693614528571
2011-02-04,91.19,92.8,91.19,92.59,75.13072485555007,90.48502838982338,86.64605687494684,80.31729488943418
2011-02-07,92.8,93.59,92.19,92.4,75.30255843907693,90.66740663841163,86.8717017033803,80.55655637677212
2011-02-08,92.59,94,92.59,93.8,75.48661258396174,90.9657488633248,87.14339967579676,80.81880278515287
2011-02-09,93.4,94.19,93.4,94,75.67082539407157,91.25472516205578,87.41228596302041,81.07981659138747
2011-02-10,93,93.59,92.59,93.4,75.847235091643,91.4590370513838,87.64709827819608,81.32378061928078
2011-02-11,92.8,93.59,92.8,93.19,76.01979991660177,91.62389066553773,87.86446697316879,81.55875526048314
2011-02-14,93.19,93.8,93.19,93.4,76.19273723086444,91.79304393548652,88.08154669971118,81.79323535433495
2011-02-15,93.19,93.59,92.59,93.4,76.36395377583096,91.9460873702021,88.29011349580094,82.02307227801148
2011-02-16,93.59,94,93.59,93.59,76.53535722084757,92.10265047780189,88.49795218224011,82.25212035171423
2011-02-17,93,94,93,93.8,76.7071447111874,92.26430281324933,88.70587562607383,82.4807912358387
2011-02-18,93.8,94.19,93.4,93.8,76.87722287326514,92.41055968817797,88.90564520936506,82.70493398364387
2011-02-22,92.59,93.59,91.19,91.4,77.02172811830728,92.3143159083515,89.00346304429192,82.87711350872023
2011-02-23,91.8,91.8,90,90.59,77.15673579872214,92.15009534565137,89.06568017980989,83.02984393429013
2011-02-24,90.19,90.8,88.8,90.59,77.29040011913287,92.00151483654172,89.12545742766048,83.17954999499726
2011-02-25,90.4,91.59,90.4,91.59,77.4326846950619,91.96232294734726,89.22210615598752,83.34609355945275
2011-02-28,91.8,92.4,91.4,92,77.5776331060563,91.96591123807609,89.3310431694782,83.51745804342399
2011-03-01,92.19,92.19,91,91,77.71118899554827,91.87391969159265,89.39649245694964,83.66562719107895
2011-03-02,91.19,91.4,90.4,91,77.84341597071695,91.7906892447743,89.45937510569672,83.81086229620611
2011-03-03,92,92.19,91.4,91.8,77.98228745359539,91.79157598336722,89.55116431723803,83.96906304281589
2011-03-04,91.19,91.8,90.59,91,78.11181693166907,91.7161877944751,89.60798140283654,84.10828951721558
2011-03-07,92.4,92.4,90,90.19,78.2319978577221,91.57083657595366,89.63080566154883,84.22871942776577
2011-03-08,90.19,92.4,90.19,92.4,78.37297300341642,91.64980452110093,89.73940151795868,84.39052696384961
2011-03-09,91.8,93,91.8,92.59,78.5144359586063,91.73934694766275,89.851189693725,84.55289276654565
2011-03-10,90.4,91.19,89.59,89.8,78.62673012817241,91.55464723836154,89.84918225475539,84.6567958800794
2011-03-11,89.8,91.8,89.59,91.19,78.75173778858861,91.51991892994616,89.9017633428042,84.7861662586917
2011-03-14,90,90,88.19,88.8,78.85172049715987,91.26087903185605,89.85855693720404,84.86564811495522
2011-03-15,85.4,87.4,83.8,85.8,78.92085760664087,90.74079531453643,89.69939784162742,84.88415013248085
2011-03-16,85.19,85.8,81.8,82.8,78.95945603841558,89.98452909410439,89.42883322038712,84.84287983282776
2011-03-17,85.19,85.19,83.19,84.4,79.0135908042025,89.45266918038016,89.23162407448959,84.834109935148
2011-03-18,86.4,86.59,84.59,85.4,79.07713716435968,89.06670068701062,89.08136430686254,84.84531567900646
2011-03-21,87.4,88.8,87.4,87.8,79.16393181944068,88.94606252634294,89.03111472620127,84.90382427942218
2011-03-22,87.4,88.4,87,87.59,79.2477732938741,88.81691371431027,88.97460042321298,84.95701587784947
2011-03-23,84.8,88.59,84.59,88,79.33486012677088,88.73911240818549,88.93638079877326,85.01727298917919
2011-03-24,88.19,90,88.19,89.59,79.43690131953933,88.82014932169163,88.96201292431157,85.10782203889842
2011-03-25,89.59,90.59,89.4,89.4,79.53603662979268,88.87537319581624,88.97918888806406,85.19281566189053
2011-03-28,90.19,90.4,88.59,88.59,79.62612581755593,88.84819479621468,88.96392657872822,85.2600866388828
2011-03-29,88,89.59,87.8,89.59,79.72526884424691,88.9188429108609,88.98847847760162,85.34582749751878
2011-03-30,90.8,91.8,90.8,91.59,79.84332587067232,89.17323882411225,89.09049892946038,85.46947447776594
2011-03-31,91.59,91.8,91,91.4,79.95831765305368,89.38531131705393,89.1810675988933,85.58691062672108
2011-04-01,92,92.4,91.59,91.59,80.07405578585912,89.5952816678107,89.27553553619161,85.7057836836177
2011-04-04,91.8,92.4,91.59,92.19,80.1946124447063,89.84239769944777,89.38982826026253,85.83418400671438
2011-04-05,91.8,92.8,91.8,92,80.31207898754504,90.0478836328337,89.49218793633067,85.95627937291806
2011-04-06,92.8,93,92.19,92.59,80.43424735582816,90.28998995351621,89.61367076235692,86.08764017741473
2011-04-07,92.4,93.19,92,93,80.55927972044678,90.54808614841943,89.74646798736254,86.22451858974314
2011-04-08,93.59,93.59,91.19,91.59,80.6690381311886,90.64731603904615,89.81876336040715,86.33076574638189
2011-04-11,92.19,92.59,91.19,91.19,80.77372431893797,90.69900022580366,89.87253734627353,86.42698820684957
2011-04-12,90.4,91,90,90.59,80.87139870382416,90.6886192519176,89.90067313661575,86.50942408394165
2011-04-13,90.8,91,89.8,90,80.96223055751744,90.6230364660207,89.90456830772887,86.57854439911112
2011-04-14,88.19,90,88.19,90,81.0521586116715,90.563699659733,89.90831072703362,86.64629599516833
2011-04-15,90,90.8,89.8,90.4,81.14517195881905,90.54810921594891,89.92759265930681,86.72062676754123
2011-04-18,88.19,89,87.19,88.8,81.22133940201488,90.38162262395377,89.883373339334,86.76180247511468
2011-04-19,89,89.4,88.19,89,81.29873900995503,90.25003951691056,89.84873124759541,86.80612321818171
2011-04-20,90.8,91.59,90,90.8,81.39327892030373,90.30241670577622,89.88603590455246,86.88520988712861
2011-04-21,91.4,91.8,90.4,90.8,81.48687813502707,90.34980559094039,89.9218776337857,86.96273048342309
2011-04-25,91.19,91.8,90.4,91.4,81.58551616353427,90.44982410608893,89.9798432167745,87.05059720652362
2011-04-26,92,92.8,92,92.4,81.6931229678772,90.63555514360426,90.0747513259206,87.15652597471127
2011-04-27,92.4,93.59,92,93.59,81.81149985376896,90.91693084421338,90.21260421510019,87.28392149996452
2011-04-28,93.4,93.59,93.19,93.59,81.92869886019912,91.1715088590502,90.34505110862567,87.40879434154938
2011-04-29,93.59,93.59,92.59,93.58,82.04463220487375,91.40088896771209,90.47191184946388,87.53099643379593
2011-05-02,92.98,92.98,92.18,92.38,82.14747168542227,91.4941376374538,90.54673883575941,87.62701630639404
2011-05-03,91.98,92.59,91.58,92.59,82.25137743979619,91.59850548150582,90.62686672455317,87.72529321121792
2011-05-04,91.8,92.19,91.19,91.4,82.34240851004697,91.57960019755289,90.65718567653147,87.79805968228291
2011-05-05,90.59,92.19,90.4,91,82.42855369900172,91.52440017873833,90.67062937549102,87.86146444104959
2011-05-06,92.4,92.59,91.19,91.38,82.51762281642459,91.51064778076325,90.69844783135412,87.93113841251396
2011-05-09,91.18,91.58,90.78,91.18,82.60381562422135,91.47915751592866,90.71733223012454,87.99547230533547
2011-05-10,91.38,92.18,91.38,91.78,82.69512094139328,91.50780918107831,90.75900547600202,88.07041344780407
2011-05-11,91.78,91.78,89.97,90.58,82.77357744943912,91.419446401928,90.7519856534137,88.12010823101588
2011-05-12,89.57,91.18,89.37,90.78,82.85324334546459,91.35854674460153,90.75308425524061,88.17277935515418
2011-05-13,90.98,90.98,89.37,90.18,82.9261463967535,91.24630419749661,90.73061036287824,88.21252629861647
2011-05-16,90.18,90.98,88.77,89.17,82.9882742933032,91.04856094059217,90.66940995649085,88.23148617389138
2011-05-17,88.37,88.97,87.17,88.57,83.04381385257382,90.81250751767863,90.58708015427553,88.23818941797275
2011-05-18,88.37,89.37,88.17,89.37,83.10676097841886,90.67512584932828,90.53935152077453,88.26060150870596
2011-05-19,88.97,89.17,88.37,88.77,83.16311161544952,90.4936852922494,90.46996518662651,88.27068860754346
2011-05-20,88.17,88.37,86.77,87.17,83.20298115161421,90.17714383584469,90.34055478715096,88.2488927935327
2011-05-23,84.76,85.17,83.76,83.76,83.20852362771755,89.56598728004995,90.08249381510583,88.16000382732413
2011-05-24,84.76,85.17,83.16,83.56,83.21202090505369,88.99398849147377,89.8267097439252,88.06891464262465
2011-05-25,83.36,85.37,83.16,84.56,83.22543363236659,88.57170387323818,89.62017210690853,87.99943118435485
2011-05-26,84.76,85.57,83.36,84.96,83.24269299920871,88.22773207578692,89.43742025957879,87.939244428229
2011-05-27,86.57,87.37,85.77,86.37,83.27381048180365,88.05080521142627,89.31712926900707,87.90817028113536
2011-05-31,87.77,87.77,86.97,87.77,83.31854868596481,88.0240618579571,89.25645753296757,87.90543423596436
2011-06-01,86.97,86.97,81,81.19,83.29736909704974,87.37319882386595,88.94012586500806,87.7724553402027
2011-06-02,81.19,82.59,80,80.8,83.272519653298,86.74717988825967,88.62090524285088,87.63438691762443
2011-06-03,77.4,80.59,76.8,77.35,83.21358910948409,85.85221037509208,88.17890895881752,87.43073569153285
2011-06-06,76.75,76.75,71.54,72.14,83.10340414322057,84.54628557746426,87.54993213690311,87.12794884615596
2011-06-07,73.34,74.54,72.34,72.34,82.9963055945318,83.38378218913434,86.95346420996573,86.83511817593505
2011-06-08,70.34,71.14,69.73,69.73,82.8643025537902,82.08342198064535,86.27803424094746,86.49640296453039
2011-06-09,70.14,71.74,70.14,71.34,82.74963287663806,81.0602389348696,85.69222897659658,86.19627617315355
2011-06-10,69.73,69.73,65.53,66.53,82.58824349478097,79.6764066553582,84.94076901673004,85.80684496180398
2011-06-13,66.93,66.93,62.12,64.32,82.40646992766872,78.21389173580029,84.13211140823083,85.38136288335241
2011-06-14,68.73,70.34,68.53,69.73,82.28033589853769,77.40590204667645,83.56732272555512,85.07143490546424
2011-06-15,66.73,67.53,62.32,62.72,82.08570569059204,76.00724470889773,82.74978065788629,84.62883223406891
2011-06-16,63.92,65.53,60.12,62.12,81.88704195237719,74.68464997471699,81.94076965169467,84.18311278388933
2011-06-17,64.72,66.13,61.92,63.32,81.70229526628388,73.60230235807728,81.2105433908439,83.7699818376737
2011-06-20,64.12,66.13,63.12,65.53,81.54137690542534,72.83351165730802,80.59562012061473,83.40879407851185
2011-06-21,66.13,70.14,66.13,69.93,81.42584081681414,72.5569867375644,80.1773605080416,83.14188726507597
2011-06-22,69.93,71.14,68.73,68.73,81.29951404251749,72.19251181017732,79.72844440968703,82.85650335883683
2011-06-23,62.52,67.93,62.52,67.93,81.16648405204468,71.78655830444615,79.2657603151895,82.56092903489947
2011-06-24,67.73,67.73,63.32,64.12,80.99686729530792,71.0564098944989,78.67180893028011,82.19576212331731
2011-06-27,63.52,67.93,63.52,66.33,80.85092831724516,70.60627561883234,78.1878164232103,81.88158861592488
2011-06-28,68.73,70.34,68.13,69.93,80.74226236383974,70.54186841703878,77.86398048504519,81.64492349481746
2011-06-29,70.94,73.34,70.94,72.74,80.66263786270702,70.75121428208271,77.66304007386695,81.4685883761082
2011-06-30,74.34,77.35,74.34,75.75,80.61375589392387,71.22728911236055,77.58801889449963,81.35534900232388
2011-07-01,75.35,80.76,75.35,80.36,80.61123095965597,72.09707110165955,77.6967240358918,81.33563912108974
2011-07-05,78.35,79.35,76.95,78.75,80.59271124861462,72.73068337769197,77.73802897566075,81.2844383464147
2011-07-06,76.95,78.95,75.35,78.15,80.56840566405128,73.24680877029274,77.75418470210543,81.22237026034709
2011-07-07,80.96,82.76,80.96,82.12,80.58384441366272,74.09187460169343,77.92539314516013,81.24014510667685
2011-07-08,77.1,77.91,76.1,77.71,80.5552489468601,74.43645797296072,77.91694635515385,81.1702412431783
2011-07-11,73.29,73.89,70.08,70.48,80.45499771355801,74.05965245172636,77.62530140004978,80.95855329776883
2011-07-12,69.27,71.48,68.67,69.07,80.34171415421913,73.58444745632386,77.28979938436156,80.7231364007833
2011-07-13,70.08,73.49,69.47,70.08,80.23960754571944,73.25069055572159,77.00706215360228,80.51238122453017
2011-07-14,69.87,71.28,65.66,66.46,80.10249702287646,72.60395812184335,76.59345187306886,80.23411624978701
2011-07-15,66.86,67.26,64.85,67.06,79.9727209330966,72.07596211023922,76.21959101530145,79.97324266068232
2011-07-18,65.06,65.06,60.44,62.24,79.79627594868768,71.13920381402596,75.67137175979943,79.62208934066881
2011-07-19,66.26,68.47,65.26,68.07,79.67959658601417,70.84689868888063,75.37327874961122,79.39333509629913
2011-07-20,68.87,69.87,67.87,68.07,79.56407821202399,70.58243214708247,75.08687566139118,79.16911063894666
2011-07-21,70.88,73.69,70.88,73.49,79.50363962284962,70.85934337116986,75.02425308643465,79.05665300253187
2011-07-22,71.68,73.29,70.48,73.09,79.43982231316953,71.07178685962987,74.94840002422153,78.93850145792729
2011-07-25,68.47,71.28,68.47,69.87,79.34460020060068,70.95733096823655,74.7492470820952,78.7589271716317
2011-07-26,68.27,68.47,65.86,66.86,79.22037532298276,70.56710897126163,74.43986484358166,78.52330485140136
2011-07-27,62.85,62.85,56.42,56.42,78.99350591678393,69.2197652597129,73.7332034771667,78.08561564642312
2011-07-28,57.02,59.63,54.81,54.81,78.75287401711444,67.84740666354976,72.99111706629742,77.62471236629594
2011-07-29,49.59,54.41,49.59,52.2,78.48866631545161,66.3571774574974,72.17577914212889,77.12125271547819
2011-08-01,53.41,53.41,45.78,48.99,78.19514724763617,64.70316055678336,71.26653290126109,76.5641982062608
2011-08-02,46.58,47.38,39.35,39.35,77.80862836955023,62.28857383708971,70.01490416003516,75.82728339029524
2011-08-03,38.15,38.95,33.73,38.55,77.41799525144526,60.0277572811764,68.7809863498377,75.08911936276463
2011-08-04,33.73,34.53,22.28,22.28,76.86935848277416,56.43273277820722,66.95741825768721,74.0433942268683
2011-08-05,25.5,26.1,18.07,24.09,76.34419073667691,53.35247251361606,65.27634303189555,73.05421810356398
2011-08-08,18.27,18.27,9.39,9.6,75.68006943581445,49.18557036946215,63.09295703064475,71.79769893319639
2011-08-09,8.8,17.6,8.8,17.6,75.10215829714963,46.177420810465755,61.30891950003123,70.724477172143
2011-08-10,14.6,16.2,11.8,12.19,74.47616667230237,42.9405235904214,59.3826873627751,69.56537861427879
2011-08-11,12.8,22.79,12.39,20.39,73.93799585964264,40.792854677047934,57.85356236815647,68.59160874072872
2011-08-12,21.6,24.79,19.2,22,73.42119988093972,39.00305899351956,56.44754031450327,67.66900262705092
2011-08-15,25.39,28,23.6,28,72.96924764331844,37.95514861318436,55.33195049824824,66.88347782255485
2011-08-16,24.6,27.39,24,25.79,72.49980239313616,36.79656303097633,54.17344263557184,66.06974558844486
2011-08-17,28.39,29.6,24.39,26.39,72.04099838922436,35.805461789930966,53.083895865549415,65.28400805204001
2011-08-18,19,19,15,16.6,71.48934666395844,33.976370190889924,51.65315485121415,64.31996828863328
2011-08-19,15.8,18.79,14.8,15,70.92726361257577,32.1690968393766,50.21577622959791,63.343335253214796
2011-08-22,16.79,17.39,14,14.19,70.36271372588348,30.456801902293115,48.803000691182305,62.370001881864006
2011-08-23,13.8,22.6,13.8,22.6,69.88746284303888,29.708535054455677,47.775432036626135,61.58247709212412
2011-08-24,22.2,26,22.2,25.79,69.44868211823251,29.335341239745613,46.913258231268244,60.873715169507804
2011-08-25,25.6,25.6,21,21.2,68.96859572899636,28.560546835960317,45.90489516337537,60.08809704733933
2011-08-26,19.6,25.79,16.79,25.2,68.53308731378247,28.240494756345047,45.092938490301826,59.397243640461326
2011-08-29,29,32.2,27.79,32,68.16957400717767,28.598542874788375,44.5794899220547,58.854723964412585
2011-08-30,31.79,35.4,29.79,34.4,67.83355834541472,29.151062600999005,44.180294238836865,58.37047200472125
2011-08-31,36.2,37.2,34.2,35.2,67.50884632207726,29.72715187709434,43.82812583731385,57.911650776904985
2011-09-01,35.2,36.2,32.4,32.79,67.16338516464366,30.01885169832345,43.395258157419185,57.41419234567914
2011-09-02,26.6,28.79,25.2,25.2,66.74583904360243,29.559913441340264,42.68171862183412,56.7762875467548
2011-09-06,21.6,24.2,20.79,24,66.3205073118253,29.030397875498334,41.94910220529161,56.127252149789356
2011-09-07,27.2,31.2,26.6,31.2,65.97104952762803,29.237026649260397,41.527568785476255,55.63364319632818
2011-09-08,31.39,32.2,27.79,28,65.59322813929342,29.11921458742607,40.99707589192817,55.086442340955344
2011-09-09,24.6,25.6,20.79,22.2,65.16145472497209,28.46024176957597,40.25993566087216,54.435225660936425
2011-09-12,20,23.6,18.79,23.6,64.74790791178829,27.997361601044926,39.60660485064188,53.82462713299709
2011-09-13,22.6,25,22.6,24.79,64.35031678828791,27.691898591421598,39.02556152316573,53.24968402145259
2011-09-14,25,30.79,23.79,28,63.98862209387709,27.72124158271478,38.593186561472955,52.74969027845353
2011-09-15,30.2,32.59,28.2,32.59,63.6761979934405,28.184932860551466,38.357767480630876,52.35048849076138
2011-09-16,34.2,35,33,34.4,63.38489254076946,28.77684401668942,38.202560912763,51.99503327312254
2011-09-19,31.39,33.2,30.6,32.59,63.07847569956777,29.140001729385666,37.982460484811504,51.61077518850625
2011-09-20,32.59,35.4,31.39,31.39,62.76316748365167,29.354287278967984,37.72393262266203,51.210363798634845
2011-09-21,31,31.79,24.79,24.79,62.38532502112778,28.919593252399604,37.216719578636074,50.6871882778698
2011-09-22,19.6,20,17,19.2,61.95562029454939,27.99391770455202,36.51018155594446,50.063679599100105
2011-09-23,19.6,21,19,20.79,61.54601213241457,27.307830304118497,35.89370384786821,49.48400277535555
2011-09-26,21.6,24.6,20,24.6,61.17839012114676,27.049941703726258,35.450813500892984,48.99125024515049
2011-09-27,28.79,30,26,26.85,60.836814100040826,27.03089963670471,35.1135266969364,48.55280964623662
2011-09-28,27.25,28.45,22,22.2,60.45236818859763,26.570813957018547,34.60711388529183,48.03097183145965
2011-09-29,25.2,25.2,19.6,23,60.07970780861159,26.230736437302497,34.15193294861372,47.5353090229159
2011-09-30,22,22.39,19.39,19.39,59.674835094098036,25.579237728987973,33.573033617295536,46.977976170976966
2011-10-03,18.39,20.6,14.39,14.39,59.224239720027406,24.51359604051293,32.8207577891663,46.33266971214574
2011-10-04,12,17.23,10.8,17.23,58.80638658848484,23.819920227130744,32.20935552292448,45.75637922279632
2011-10-05,15.83,19.03,15.03,18.83,58.408611597554646,23.34468972930877,31.684674914182345,45.223183594622135
2011-10-06,20.44,23.84,17.83,23.84,58.06464531300186,23.39186213604127,31.377040603822252,44.799754216510806
2011-10-07,23.84,26.65,22.24,23.44,57.720121479041644,23.39644669451353,31.065784109554713,44.37678878648089
2011-10-10,27.65,29.85,27.65,29.85,57.44280683745914,24.011070818845575,31.018106301336882,44.08912960259018
2011-10-11,28.85,30.86,28.45,29.25,57.16228139629039,24.510016455145998,30.94876879932367,43.795285452043835
2011-10-12,30.86,33.46,30.26,30.26,56.8945970042875,25.057633935608283,30.92175825817372,43.527259997547915
2011-10-13,29.45,30.66,28.25,30.66,56.633556238075684,25.591192608407493,30.91149322844142,43.2724627698737
2011-10-14,33.66,33.66,31.86,33.26,56.40098353918936,26.321555217130587,31.00359153320842,43.074196180371246
2011-10-17,32.86,32.86,29.05,29.45,56.132814548749664,26.619502339308628,30.942666375043384,42.804410117393594
2011-10-18,28.65,35.79,27.05,34.2,55.91457758806559,27.341454497469712,31.070404948571095,42.63402575863333
2011-10-19,34,35.59,31.79,32.59,55.68249223893061,27.841315973901168,31.129996911372228,42.43513415945247
2011-10-20,32.2,33.79,29.79,32.4,55.450825649488515,28.27547635733915,31.179800954063513,42.23641863154252
2011-10-21,37.59,40.79,37.59,40.79,55.30494678730455,29.46733575187828,31.55667150488455,42.20777667844267
2011-10-24,42.2,44.4,41.79,44.2,55.1944498043463,30.870446632651777,32.05248830861457,42.24722664520618
2011-10-25,42,43.2,39,39.2,55.035301050074196,31.663737429542085,32.33278288474733,42.18688552351893
2011-10-26,43.2,44.79,37,44,54.925497059526194,32.838619579109505,32.790320810835674,42.22278878047895
2011-10-27,51.2,56,49.2,53,54.90633788480454,34.75875104776574,33.58285724962643,42.43619890363778
2011-10-28,53.59,54,51.4,52.4,54.8813991993836,36.43886999559758,34.320784416307745,42.633501895644955
2011-10-31,47.79,50.2,43.59,43.59,54.76904696854396,37.11992999601686,34.68428306664862,42.65244245216684
2011-11-01,36.2,39.59,35,36.4,54.58627038179228,37.05136523449144,34.75156608364279,42.52863171053977
2011-11-02,40.4,41.79,36.79,40.59,54.44700400983415,37.38837806930178,34.980524276441116,42.490242963796405
2011-11-03,41.4,47.79,39.4,47.79,54.38076516396516,38.37900872936828,35.482856657757154,42.595188647681624
2011-11-04,45.4,46.59,40.79,46.2,54.2993645155675,39.12386504085701,35.9031367888255,42.66657105069783
2011-11-07,47.59,47.59,42,46.79,54.22464447063648,39.85397313220396,36.33007260102842,42.748223109099854
2011-11-08,48.4,50.79,44.59,50.79,54.19046890376447,40.89549950056549,36.89712857745868,42.90746621585035
2011-11-09,41.79,43.59,39.2,39.4,54.04330005895089,40.75307097670211,36.995280397950495,42.83801143929885
2011-11-10,41.2,43,38.59,41.79,53.92137667527974,40.8518261217781,37.18330861763871,42.81725873753056
2011-11-11,46,48.79,46,47.79,53.860367952142624,41.512604586370664,37.599257299299936,42.915728861539854
2011-11-14,47,48,45,46,53.78215533570339,41.93997557814489,37.928698189523466,42.97680353754897
2011-11-15,46.4,48.79,43.2,47.4,53.71865130251231,42.45997790403585,38.30012178993431,43.06439158631037
2011-11-16,45.2,47.4,41.79,41.79,53.59995825472612,42.396170484603864,38.43697975895649,43.03915610935373
2011-11-17,38.79,41.2,33.59,34.79,53.4127944909975,41.67177329559397,38.293960944879764,42.87580648342594
2011-11-18,35.4,36.59,30.79,32,53.19973185924628,40.75065202934693,38.04713894704134,42.66044397880364
2011-11-21,26.39,28.39,23.79,27.2,52.941028059651785,39.4601137408377,37.62176094911815,42.354296573282774
2011-11-22,25,26.79,23.79,24.79,52.66091832771495,38.06296005123411,37.11855463738802,42.00648872034648
2011-11-23,21.39,21.79,18.79,18.79,52.32389426475262,36.227440046354666,36.399787788863,41.54675627043863
2011-11-25,20,21.2,18.39,18.39,51.9862435755511,34.528636232416126,35.693521601064454,41.08820664132103
2011-11-28,26.6,27.39,24.39,26,51.72767398773467,33.716385162662206,35.31338349906193,40.78943027218596
2011-11-29,26.39,28.6,26.39,27.2,51.48361753014527,33.09577705193247,34.99521159713793,40.52033264303376
2011-11-30,36.4,41.2,36.4,41.2,51.381292977606506,33.867607808891286,35.23853663254429,40.53379140257765
2011-12-01,41.2,42.79,40,40.68,51.27481245046614,34.51640706518735,35.45192735283667,40.53668662232859
2011-12-02,43.48,45.09,40.79,40.79,51.17048595842171,35.11389210659808,35.66126353507837,40.54170272881713
2011-12-05,45.4,47.4,43.79,45.2,51.1110781379399,36.0744738107316,36.03533163174196,40.63394623913758
2011-12-06,44.79,46.4,43.59,44.68,51.04708731069672,36.894047733519066,36.374338234418744,40.7140661155903
2011-12-07,40.88,45.69,40.08,45.09,50.98781281009277,37.67461461604106,36.71612889189252,40.80071827171722
2011-12-08,42.68,42.68,36.07,36.07,50.83937686173364,37.521794176418105,36.690790503975165,40.70704068217827
2011-12-09,39.87,46.69,39.87,45.29,50.78415918151739,38.261623302473524,37.02801440578006,40.797792351838105
2011-12-12,38.47,39.27,35.27,38.07,50.657650134935125,38.243373464142714,37.06887658594555,40.7437766617027
2011-12-13,43.48,43.68,34.46,34.93,50.50115610374174,37.92781408660531,36.98499907277122,40.62865237137195
2011-12-14,34.33,34.33,30.52,31.12,50.3083087793264,37.279450840261944,36.75499910913313,40.440362225404186
2011-12-15,34.73,35.34,32.32,34.33,50.14932063226843,36.998550760236995,36.6599011048534,40.319364953614006
2011-12-16,36.47,37.67,34.46,35.87,50.007237839907546,36.89106973545252,36.62892459093758,40.231258716908776
2011-12-19,37.07,37.07,30.66,31.06,49.818708110157225,36.33572976064752,36.41053539129297,40.04964963340563
2011-12-20,38.67,40.08,37.87,39.15,49.71255181055367,36.603755497728706,36.517965375948144,40.031834789179776
2011-12-21,38.75,41.76,37.95,41.76,49.633421941791944,37.09482640270692,36.72353536120508,40.066055882463345
2011-12-22,44.77,45.58,43.57,44.57,49.583039633913415,37.806747697687214,37.031239856844095,40.155242894691796
2011-12-23,45.38,47.18,45.38,47.18,49.55912879178492,38.69943839314558,37.429230450693346,40.29434699578701
2011-12-27,47.18,49.19,46.78,47.79,49.54152552022487,39.565206165226954,37.83553513890145,40.44277576814766
2011-12-28,46.58,46.58,43.57,43.77,49.48409740559577,39.965662720919624,38.068259251101395,40.508661396501175
2011-12-29,44.97,47.38,44.97,47.38,49.463161113002776,40.67179008083204,38.43342555497977,40.644727507461546
2011-12-30,46.78,47.79,46.58,46.58,49.43447294272414,41.234476739800414,38.75289906262762,40.76225765582864
2012-01-03,53.81,54.41,50,50.6,49.44607022687614,42.1264313360099,39.217491256250064,40.95706443492114
2012-01-04,48.59,50.4,47.79,50,49.4515819659122,42.87629501829467,39.64033473639712,41.1361324659128
2012-01-05,45.98,51.2,45.78,51,49.46698911052999,43.64998120702851,40.085811805558016,41.331456575498684
2012-01-06,50.2,53.01,48.79,49.59,49.46821309947994,44.215697282549606,40.45852506808515,41.49499208885515
2012-01-09,50.2,52,49.19,51.6,49.489424909435364,44.91896420802107,40.89544565365044,41.69509125541247
2012-01-10,56.22,58.83,56.22,58.03,49.57440575610765,46.16763428344764,41.567388961350424,42.01855479490926
2012-01-11,56.82,58.23,55.82,58.03,49.658541022216035,47.29738339930977,42.212981551101386,42.33561311580214
2012-01-12,56.62,58.03,55.62,57.83,49.73984907174622,48.30048974223265,42.82541364713663,42.642432658063484
2012-01-13,54.61,55.62,53.81,54.81,49.79029833471392,48.92044310011526,43.29539742568029,42.883374585626584
2012-01-17,59.83,60.64,56.62,57.79,49.86989735625905,49.765162804866186,43.86381321290852,43.17855528690131
2012-01-18,58.2,62.2,58.2,62.2,49.992584944753986,50.94943301392655,44.58287936142191,43.555217558447815
2012-01-19,63.4,66.59,63.2,65.8,50.14987265674648,52.36377272688593,45.41492330803281,43.99570829986469
2012-01-20,66.4,67,64.59,67,50.31753561538582,53.75769913384917,46.26139690379623,44.45123882858024
2012-01-23,67.8,69,65.19,66.8,50.481540236128254,54.999823025863535,47.066832319333635,44.89378855474696
2012-01-24,64.8,67.8,64.59,67.19,50.64779356711205,56.16079226149558,47.855976149948,45.335297692276725
2012-01-25,66.8,71.19,66,71.19,50.85219363112089,57.59214537944838,48.77103590877357,45.84727199539996
2012-01-26,72.59,72.59,68.59,69,51.032768818870935,58.678607724262825,49.56432861823343,46.305741856877184
2012-01-27,68.19,69.59,67.59,68.59,51.20746763659361,59.622549845761604,50.31043337830271,46.747014295354866
2012-01-30,65.59,66.19,64.19,65.8,51.35266696359268,60.21087843187954,50.91786736346731,47.124301140991406
2012-01-31,67.8,67.8,65.59,67.19,51.510252366940016,60.875556676462445,51.555990211958786,47.521641712456926
2012-02-01,70.4,73.59,70.19,71.8,51.71214040308987,61.915979850132686,52.34987294874472,48.002401282507286
2012-02-02,72.4,73.19,71.59,72.8,51.92196985181534,62.9525531977391,53.15183871546061,48.49344284126952
2012-02-03,76.8,78.19,76.8,77.59,52.17737313687191,64.34659575033538,54.11019798152098,49.06961228995725
2012-02-06,76.4,77.4,76.4,77.19,52.42625499620652,65.5697771074463,55.015288256755454,49.626451650552156
2012-02-07,76.59,77.59,75.4,77.4,52.67474997136864,66.69646500197523,55.89312008982387,50.17642290499667
2012-02-08,78,78.8,76.8,78.8,52.93470270797194,67.84918262083472,56.7914291059092,50.74322641182842
2012-02-09,78.19,78.4,76.59,77.4,53.17813850192246,68.75878427599332,57.59960835665786,51.271083314564486
2012-02-10,75.59,76.59,74.4,76.19,53.40711224817199,69.4665191068511,58.32864332306343,51.764527209325585
2012-02-13,78.4,78.4,77,77.19,53.64375789744391,70.20208871572243,59.068304369217806,52.26800191805181
2012-02-14,77.19,77.19,74.59,76.59,53.87207871438477,70.81046121898696,59.75542968807201,52.74962564244682
2012-02-15,76.8,78.4,75.19,75.4,54.08628688638094,71.24756015051202,60.36894224932409,53.198147906952826
2012-02-16,77.4,81.4,76.19,81.4,54.35806512631745,72.21445918379659,61.193689612095696,53.75660042364683
2012-02-17,82.19,82.19,81,81.19,54.625049552921254,73.06927259486358,61.97785864691547,54.29983605882214
2012-02-21,81.4,82.59,80,80.8,54.88549682105139,73.80553234773372,62.71598183723251,54.82459178042962
2012-02-22,80.19,80.59,79,79.8,55.13340232531954,74.37643402890194,63.38594333381163,55.319154319431014
2012-02-23,79.8,81.4,79.8,81.19,55.392671953923326,75.02534507376842,64.08414163444647,55.831448293303666
2012-02-24,80.59,81.8,80.19,80.59,55.64339163597384,75.5553122096,64.73143019780152,56.32171664393132
2012-02-27,78.19,82,78.19,81.19,55.89758674407361,76.09194914201905,65.37686430769165,56.814157898506934
2012-02-28,80,81,79.8,81,56.14736200035148,76.55938255706485,65.98953629562531,57.29308546487314
2012-02-29,81.19,81.4,79.19,79.59,56.38062207994997,76.84801278972535,66.52288781344393,57.73460852497466
2012-03-01,80.8,81.19,80,81.19,56.62748156174152,77.26153538118007,67.09806868350495,58.199071722499916
2012-03-02,80.4,81.4,79.19,80,56.860043934261505,77.52234153535339,67.60402677434789,58.63077327254942
2012-03-05,80,80,78.4,79.8,57.08830220357233,77.73926138912925,68.08230023417738,59.04996588101379
2012-03-06,76.4,76.4,73.59,74.4,57.26055790303928,77.42123649492648,68.33005316617043,59.353926952676886
2012-03-07,75,76.8,75,76.19,57.44891056072048,77.30397587636205,68.63828637534021,59.687314537772394
2012-03-08,78.4,79.8,77,79.19,57.66523980887251,77.48359722147042,69.05207906650334,60.07350632910364
2012-03-09,79.4,81.19,79.4,80.8,57.8954364276897,77.7994451051399,69.51278184820909,60.48393194634911
2012-03-12,81.19,81.19,79.8,80.59,58.121252980648016,78.06521223798372,69.94718256004403,60.88207190780754
2012-03-13,81.8,84,81.59,84,58.37875295098983,78.6304301200805,70.4982734400423,61.339852662108385
2012-03-14,83.8,84,81.59,82.16,58.61538227486058,78.96657963245379,70.95559605023672,61.75213280741317
2012-03-15,81.56,83.56,81.16,83.56,58.863587426354506,79.40404823888676,71.44988640120783,62.18397176172182
2012-03-16,83.76,85.17,83.76,85.17,59.125342775346006,79.95318650184993,71.9879300717487,62.63914063772733
2012-03-19,84.16,85.77,84.16,84.16,59.37444384225799,80.35383540643565,72.4652661473664,63.065296268663424
2012-03-20,84.16,84.76,83.76,84.36,59.623056341339996,80.73537489153702,72.93172629845007,63.48697357027405
2012-03-21,84.16,84.36,82.76,83.16,59.857254785704775,80.96629156853349,73.33283507105988,63.876538450070605
2012-03-22,82.16,82.36,81.56,81.96,60.077182598782336,81.0609304667684,73.67115526435164,64.23462679759396
2012-03-23,81.96,83.16,81.76,82.36,60.298902174913856,81.18465137469522,74.01189427359276,64.59354507882972
2012-03-26,84.96,85.77,83.96,85.77,60.55234593436745,81.62135124377187,74.47299645894206,65.01288081984299
2012-03-27,86.37,87.17,85.17,85.57,60.801277815617524,81.99741303007931,74.90817306839531,65.4199524867768
2012-03-28,84.96,84.96,83.36,83.96,61.0317128622283,82.18432607483366,75.26314667355628,65.78708214050398
2012-03-29,82.96,83.96,82.76,83.56,61.25587492330065,82.31534263913522,75.58851347067171,66.13902110801875
2012-03-30,83.96,84.76,83.76,84.16,61.48377666535736,82.49102429255092,75.92465019731203,66.4958721751867
2012-04-02,84.56,86.17,84.36,85.57,61.7234405791349,82.78426007421274,76.30289920918214,66.87357767666816
2012-04-03,85.17,85.77,83.8,84.56,61.95067002610868,82.95337816238296,76.62670708333187,67.2238038612886
2012-04-04,83.96,83.96,83.16,83.16,62.16170813530163,82.9730564326322,76.8829146486914,67.53937210165913
2012-04-05,82.76,83.36,81.76,82.56,62.36467621355734,82.93371772476247,77.10554544678193,67.83681027786389
2012-04-09,79.95,79.95,78.95,79.35,62.53368441043737,82.59241127478509,77.19356327239832,68.06479423275768
2012-04-10,79.55,79.55,73.14,73.34,62.64120993869172,81.71122924861508,77.04244314406898,68.16925375290108
2012-04-11,77.55,78.75,75.95,76.35,62.77761580994852,81.20063598684222,77.01528851096823,68.33124872809117
2012-04-12,77.75,80.76,77.75,80.76,62.95654500586943,81.158670654762,77.16213994191065,68.57736261466363
2012-04-13,80.16,80.16,77.55,77.55,63.101753513273714,80.81498773526086,77.1773501402671,68.75503860249206
2012-04-16,78.75,78.75,76.75,77.35,63.24352711015656,80.48498890333126,77.18412072300171,68.92523585788827
2012-04-17,79.35,81.16,78.95,80.96,63.41981042249331,80.53022805539494,77.3321944201389,69.16354801911821
2012-04-18,80.56,80.76,79.15,79.95,63.58428992077696,80.47496824059543,77.4348534624864,69.37714112765052
2012-04-19,79.75,80.36,78.55,78.95,63.73718255838117,80.32973317006254,77.49427097376145,69.56670268947921
2012-04-20,79.35,79.95,78.55,78.75,63.88656382645698,80.17928239196135,77.54351524930021,69.74855016097467
2012-04-23,76.15,76.35,74.74,75.75,64.00460796748726,79.75744597367932,77.47318131795511,69.86739075184646
2012-04-24,75.35,76.95,74.94,75.75,64.12147753995008,79.37578445237654,77.40560557999609,69.98387806369108
2012-04-25,78.75,79.55,77.75,79.15,64.271015076866,79.35428117119781,77.47401320430997,70.1653854287665
2012-04-26,78.55,80.96,78.55,80.76,64.43508457858871,79.48815915489325,77.60287543159193,70.37517977671172
2012-04-27,80.76,81.36,80.36,80.76,64.59752154795599,79.60928685442722,77.72668423819617,70.58081978113327
2012-04-30,79.75,80.56,79.35,80.16,64.75237207981712,79.66173572543416,77.82210838571788,70.77050651814054
2012-05-01,80.16,82.8,79.75,81.8,64.9220002183264,79.86537994205948,77.97810413529757,70.98891232966251
2012-05-02,79.4,80.8,79,79.8,65.07004001714903,79.85915328091096,78.04955103195256,71.16338931323355
2012-05-03,79.59,79.59,76.19,77,65.18874608663013,79.58685296844325,78.00839216795443,71.27896576247645
2012-05-04,76,76.4,71.4,72.19,65.25841030467362,78.88239078097247,77.78021992607385,71.29700604440761
2012-05-07,71.59,72.8,70.4,71.59,65.32141119716442,78.1878773732608,77.53746620348272,71.30280790491439
2012-05-08,69.8,71.8,67,71.59,65.38378521510309,77.55950809961692,77.3042322347187,71.3084948770943
2012-05-09,66.8,69.4,65.4,67.59,65.40573760102247,76.61003113774865,76.92328195100424,71.23486131517164
2012-05-10,70.8,71.4,69.19,69.59,65.44737205275358,75.94145674367735,76.63570226665114,71.20228980398012
2012-05-11,68.8,70.59,68.19,68.4,65.47675143531325,75.22322276808903,76.31273355031188,71.1467989167726
2012-05-14,63.59,66.8,63.59,65.59,65.47787828670316,74.30577298065198,75.89223419539769,71.03676329465829
2012-05-15,64.59,65.8,61.79,62.4,65.4472526321091,73.1718898396375,75.36312697204876,70.86573827892248
2012-05-16,63.59,64.8,59.4,59.4,65.38708096412792,71.86028128348156,74.73712199275273,70.63869395656758
2012-05-17,59,59,53.79,53.79,65.27168712368884,70.13930211362617,73.91566622833106,70.30505645247713
2012-05-18,54.79,55.79,49.59,50.2,65.12172008763223,68.2403209599475,72.98564010172984,69.9069365227251
2012-05-21,52,56.4,50.2,56.4,65.03493680317817,67.1126713447144,72.33522284283848,69.63947243316619
2012-05-22,57.79,60.2,55.79,56.59,64.950907581256,66.11051216902732,71.71776312351147,69.38106703845003
2012-05-23,53,57.79,51.59,57.11,64.87288860034798,65.25332053388186,71.1449096676875,69.13807561194606
2012-05-24,57.71,58.31,54.3,56.91,64.79365587795645,64.45871857827406,70.58667791601349,68.89593550081842
2012-05-25,56.71,59.11,54.9,55.71,64.7032712423549,63.6255072851051,70.00327878205218,68.63482786713885
2012-05-29,60.64,62.24,57.02,60.44,64.66085063297824,63.322125638904616,69.62824824157954,68.47255404798759
2012-05-30,54.61,54.81,53.01,53.21,64.5469118207098,62.35906605424703,68.98439536936074,68.17032525495813
2012-05-31,50.8,53.41,49.39,52,64.42206692697138,61.37248833479493,68.31834064899365,67.8501207944639
2012-06-01,46.98,46.98,42.36,42.59,64.2048324301856,59.58367992195732,67.309386113739,67.34992038269235
2012-06-04,42.59,42.79,38.59,41.79,63.981799271676294,57.88904373891376,66.30862587398452,66.84378334541131
2012-06-05,41.2,44.79,41.2,44.4,63.78695549782877,56.604372906636264,65.44946407500474,66.39935199203683
2012-06-06,48.4,52.59,48.4,52.5,63.674647482925,56.21348024886138,64.94164195441633,66.1241172991252
2012-06-07,55.71,55.71,51.7,51.9,63.55748681145311,55.80267260611268,64.43020501502745,65.84245161003362
2012-06-08,50.5,54.5,50.5,51.9,63.44149191780681,55.43098950076862,63.93882442620285,65.56636345933988
2012-06-11,54.7,55.11,50.1,50.1,63.308740754445544,54.92327621498113,63.396125429096855,65.26009883638265
2012-06-12,50.5,53.3,49.29,53.1,63.207161244451065,54.7496308611734,62.99235580442639,65.01930480001865
2012-06-13,51.5,52.7,49.69,50.5,63.080721829083394,54.34490411249022,62.50245949837045,64.73179381387966
2012-06-14,50.5,52.5,50.5,52.3,62.97345096511241,54.1501513398721,62.10236304745396,64.48561967895135
2012-06-15,53.1,56.31,53.1,56.11,62.905157920683436,54.33680359321762,61.86736841814204,64.31976582392261
2012-06-18,55.11,57.31,53.9,56.11,62.83754440903485,54.505679441482606,61.64158926448941,64.15719620364692
2012-06-19,57.91,62.52,57.91,61.72,62.82642456416883,55.19275758991284,61.64466419529375,64.1089348926836
2012-06-20,60.52,62.12,59.31,61.72,62.815415364525364,55.81439972420685,61.647618540576346,64.06162925124433
2012-06-21,60.32,60.32,52.5,52.5,62.712774415624615,55.498742607615725,61.28888840173021,63.83268609775434
2012-06-22,53.7,54.9,52.1,54.5,62.63105526721044,55.403624264033276,61.022657484015305,63.647880432452276
2012-06-25,50.1,50.1,48.09,49.09,62.49631839887999,54.802326715077726,60.55471013170098,63.359605572403716
2012-06-26,50.1,51.7,47.29,50.3,62.374961996901085,54.37353369459413,60.15256463634016,63.10099952146503
2012-06-27,51.3,54.9,50.9,54.5,62.29660416608615,54.385578104632785,59.93089543491506,62.9306826992578
2012-06-28,50.7,52.5,47.89,52.5,62.19912551766738,54.2059992375249,59.63948777080074,62.72413452699527
2012-06-29,58.51,61.24,58.51,61.24,62.189581980178154,54.87590407204634,59.702252956259535,62.69474572448051
2012-07-02,62.24,62.24,58.83,60.44,62.172173204255984,55.40581796994669,59.731184212876805,62.65009729429278
2012-07-03,61.04,64.25,61.04,64.25,62.19284809774597,56.24812102042796,59.90839267511693,62.68177853598995
2012-07-05,62.17,63.98,60.56,62.77,62.198590902743526,56.869252351815774,60.02061257021038,62.683525495673315
2012-07-06,58.95,59.55,57.34,59.15,62.16825666490528,57.086466413547605,59.986470900790366,62.613554693778795
2012-07-09,57.74,57.74,55.33,56.94,62.11623421052811,57.07251723130498,59.867001453700546,62.501207076080206
2012-07-10,59.15,59.15,52.51,53.92,62.03467964126913,56.77227749499022,59.633785710418174,62.33128218348456
2012-07-11,53.31,55.33,52.31,54.72,61.96189675926645,56.57682249546734,59.44108823157825,62.18056372440566
2012-07-12,48.49,52.51,48.08,50.5,61.84784803529365,55.998077495899025,59.09045732053596,61.94926543283327
2012-07-13,54.52,57.54,54.52,57.54,61.80498387573849,56.14492725819436,59.02965507267181,61.86195324604449
2012-07-16,55.13,56.53,53.92,55.93,61.746526324736124,56.12445799550918,58.90809997178272,61.74448882533074
2012-07-17,56.13,57.74,53.11,57.34,61.702680291654175,56.24022390069879,58.84660585524222,61.657271224829145
2012-07-18,57.74,60.76,57.74,60.56,61.691310338503385,56.65163114825128,58.91379778248762,61.635543081763224
2012-07-19,61.77,62.97,60.16,62.37,61.69806346946355,57.196237705560684,59.049335124350854,61.650086783114446
2012-07-20,58.35,59.75,55.93,56.53,61.646639952354455,57.13278649550728,58.95053766849396,61.54869892602307
2012-07-23,51.5,52.71,50.5,52.31,61.553738062281276,56.67347349593516,58.690124426592234,61.365754392834496
2012-07-24,51.91,51.91,47.28,49.89,61.4376809671342,56.027428401084194,58.345021507902345,61.13851173159025
2012-07-25,51.91,52.51,48.69,50.5,61.32884832069505,55.50100664859998,58.037373605631664,60.927848132944895
2012-07-26,54.92,56.33,53.11,56.13,61.27711848665829,55.56091077730475,57.96257464070493,60.832841239223214
2012-07-27,57.54,64.38,57.54,63.38,61.29804268082089,56.305585941370964,58.17502269401062,60.88328002656533
2012-07-30,62.37,62.97,60.16,61.89,61.30393280339979,56.83743489933563,58.32070807855923,60.90321507554423
2012-07-31,62.09,62.09,59.47,59.47,61.28568471580377,57.08815538511319,58.365778349988275,60.8748345789988
2012-08-01,59.67,60.08,58.06,58.46,61.257568449974876,57.218807253197646,58.3694733166554,60.82701607248397
2012-08-02,54.43,56.04,51,53.42,61.17958269425373,56.857016086226444,58.175376323845384,60.68034248689023
2012-08-03,60.48,63.3,60.48,62.09,61.188641572917874,57.35539550658583,58.32889097781223,60.70825649705082
2012-08-06,63.1,64.71,63.1,63.1,61.20766006472964,57.9025006964348,58.51599329240783,60.75561775453496
2012-08-07,66.73,69.95,66.73,68.54,61.28061867105074,58.915595868202914,58.90909159466634,60.90976393761348
2012-08-08,67.94,69.15,66.33,68.95,61.356930923080085,59.87125340456454,59.302852708600994,61.06897653290826
2012-08-09,69.55,70.16,67.94,69.55,61.438453998472326,60.79303879460601,59.70470162198919,61.236917591662554
2012-08-10,67.94,68.75,66.93,68.75,61.51120569998007,61.550844623691155,60.05941920544059,61.385691500738545
2012-08-13,68.75,69.15,66.33,68.14,61.57716385221907,62.178383230958666,60.37630472679586,61.519440183892236
2012-08-14,69.75,69.75,66.59,67,61.63112242085371,62.63758482801022,60.63605748260778,61.62796612084487
2012-08-15,67.4,68.59,67.19,68.19,61.6963848843278,63.166386272961624,60.93229052250552,61.75790738577863
2012-08-16,67.8,71.59,67.8,71,61.788958169060855,63.91244472315576,61.32710265887785,61.94091912071371
2012-08-17,71.4,71.8,70.4,71.19,61.88250087384632,64.60554522571235,61.71388294676499,62.12406923713522
2012-08-20,71.4,71.4,68,71.19,61.97511280544984,65.23263615659688,62.08549538022518,62.30359261857809
2012-08-21,71.8,74.8,71.19,71.19,62.06680322529611,65.80000414168289,62.442534777079096,62.47956108157654
2012-08-22,70,70.8,68,70.19,62.147631053900135,66.21809898533213,62.74635694268384,62.6322430403572
2012-08-23,68.59,68.59,65.19,65.59,62.18188348122451,66.15828003434812,62.85787235669624,62.690812485102605
2012-08-24,64.59,68.19,64.19,67.59,62.23569558588894,66.29463431679116,63.04344598976698,62.787826099258986
2012-08-27,67,68,66.59,66.8,62.28111155020845,66.34276438185867,63.19076183330553,62.86727508739247
2012-08-28,67,67.4,65.8,66.59,62.32398606214667,66.36631063120547,63.32406529082296,62.9409924123946
2012-08-29,66.4,68.19,66.19,68,62.38046381277208,66.52190009490019,63.50743527941814,63.041170780466
2012-08-30,64.59,64.59,62.79,63.79,62.394489048465886,66.26171913348112,63.51851624885272,63.055999081842906
2012-08-31,66.19,67.4,63.79,66,62.43036477932692,66.23679350172101,63.61582933713301,63.11429612972721
2012-09-04,64.59,66,63,65,62.455933288985364,66.11900364441425,63.67011053959838,63.15163680042568
2012-09-05,64.19,65,62.59,63.2,62.46333693785118,65.84100329732718,63.65167483216315,63.15259448754596
2012-09-06,66.59,71.19,66.59,70.8,62.54628880911634,66.31328869758173,63.932001309333224,63.304028260069806
2012-09-07,73.8,74,72.8,73.8,62.65826603489628,67.02630882162156,64.31898165014368,63.51186928462288
2012-09-10,73.19,75,72,72,62.75121861166348,67.49999369575283,64.6201980560204,63.67995108096699
2012-09-11,72.59,75.19,72.59,74,62.86314678468175,68.11904191520495,64.98803342637254,63.884308485304274
2012-09-12,75,75,73.4,74.19,62.97585179179935,68.69722839947114,65.34889486063244,64.08838158460517
2012-09-13,73.4,78.8,72.4,78.59,63.13121645058742,69.63939712333104,65.86815388570568,64.37554234530606
2012-09-14,79.59,82.19,78.4,78.59,63.28503519237262,70.4918354925376,66.36704981175644,64.6570167543099
2012-09-17,78,78.4,75.4,76.59,63.41742290190125,71.07261306467689,66.76794981913855,64.89331345224436
2012-09-18,75.4,76.4,74.59,76.4,63.54660277352412,71.57998324899337,67.14567727721155,65.12116863140784
2012-09-19,75,77,74.59,76.19,63.67240772105124,72.01903246337496,67.50035659967384,65.34035341098392
2012-09-20,74,75.4,72.59,75.4,63.789100181538295,72.34102937162496,67.81014653694153,65.5395543335387
2012-09-21,75.19,75.59,74.4,75,63.90065142351304,72.59426466956543,68.09210157470854,65.72688989129041
2012-09-24,74,74.8,73.59,74,64.00114245412485,72.72814422484491,68.32378386589643,65.89071385383912
2012-09-25,73.8,74.19,70.4,70.4,64.0648126784619,72.50641620343112,68.40520410644952,65.9800066488126
2012-09-26,68,68.59,66.4,67.59,64.09988916922347,72.03818608881863,68.3732353179613,66.01188770527176
2012-09-27,69.59,71,67.59,70.4,64.16257683918145,71.882168366074,68.45271628588439,66.09878101803865
2012-09-28,67.4,70,66.4,68.8,64.20872035321945,71.588628521686,68.4663352550654,66.15227050282996
2012-10-01,69.4,71,67,67.59,64.24236492681925,71.20780675771591,68.43196916663146,66.18074039386303
2012-10-02,68.8,68.8,66.4,67.73,64.27706776336831,70.87658706650488,68.40444096401846,66.21141880190535
2012-10-03,66.73,68.53,66.53,67.53,64.30943524830991,70.55786448874251,68.37014916150794,66.2375293206795
2012-10-04,68.33,71.14,68.13,70.34,64.36944086772971,70.53711548981465,68.44739821399783,66.31876636383436
2012-10-05,72.94,73.54,69.33,70.14,64.42685936655826,70.49929496697516,68.51377475462536,66.39443435662972
2012-10-08,69.33,70.4,69.13,70.19,64.48420404947808,70.46983830345371,68.57950907797338,66.46959407234002
2012-10-09,69.19,69.4,65.59,65.8,64.4972965464982,70.02509179836288,68.47050872197443,66.45633478377883
2012-10-10,65.19,65.8,63.4,64,64.49234832215494,69.45127353185212,68.29519465444602,66.40769449103074
2012-10-11,65.4,67.19,65.4,65.4,64.5013796821335,69.06543795739002,68.18165760917363,66.3877401446737
2012-10-12,65,66.19,62.59,63.2,64.48843063056998,68.50682481859097,67.98629848724525,66.32461657745243
2012-10-15,64,67.19,62.79,66.19,64.50536166907177,68.28617483586802,67.91585540931406,66.3219509026514
2012-10-16,68.59,70.4,68.59,70.4,64.56401478679246,68.48749151816631,68.01327284424292,66.40270435012364
2012-10-17,69.8,72.8,69.8,72.19,64.63989523667512,68.84011137357903,68.17706606603731,66.51730426398258
2012-10-18,70.19,72,70,71,64.70317986118582,69.04581505228579,68.28776935756527,66.60607051618095
2012-10-19,67.59,69.19,65.8,66.59,64.72195419092526,68.81192790444905,68.2211901670725,66.60575228813777
2012-10-22,66.19,67.59,64,66.19,64.73656161191107,68.56222048497771,68.14153565071672,66.59751956956077
2012-10-23,60.79,62.4,59,61,64.69938189437961,67.84200901021794,67.86147542911999,66.4866775978863
2012-10-24,60.59,61,58.59,59.2,64.64466167652509,67.01896053305433,67.52180972601725,66.3423869523836
2012-10-25,60.59,61.59,58.2,61.2,64.61038643596265,66.46477381562057,67.27389561911461,66.24055750778194
2012-10-26,60.79,61.4,58.59,60.2,64.56650199381377,65.86812869032337,66.99648794777679,66.12094250762784
2012-10-31,61.2,62.4,58.4,60.4,64.52504426253205,65.3473545293402,66.73780214590319,66.00765651737778
2012-11-01,62.4,65.59,62.4,65.4,64.53375028977054,65.35236838368874,66.68533931665209,65.99562371505347
2012-11-02,65.8,65.8,60.79,60.79,64.49649904310616,64.91785710905172,66.45414953952847,65.89254205732963
2012-11-05,59.4,62,59.4,61.59,64.46757865461754,64.60091833676108,66.26339857719402,65.80734320470924
2012-11-06,63.2,65.8,62.59,65,64.47287637944721,64.63892611421241,66.21385353495113,65.79135621055659
2012-11-07,60.2,60.2,54.79,56.79,64.39642984830843,63.891409341430276,65.84429065122755,65.61311153311982
2012-11-08,58.2,58.2,50,50,64.2531817901163,62.56841797557977,65.22294591980686,65.3039410077115
2012-11-09,51.2,54.4,50.4,51.2,64.1232993842445,61.48571150171503,64.6730264719713,65.02465504716275
2012-11-12,51.2,52.2,50.59,51.59,63.9985899376351,60.54326278726598,64.15996661032537,64.75862227395162
2012-11-13,50.4,54.59,50.2,50.2,63.86129053527058,59.5581901408597,63.61251693933222,64.47033272397238
2012-11-14,51.2,52.2,43,43.2,63.65570555482012,58.000267270301634,62.81202607896625,64.04913801656699
2012-11-15,45.2,45.4,42.59,44.59,63.465997041836836,56.72309895884434,62.09743682096757,63.66380855089239
2012-11-16,43,47.4,41.79,47,63.30215627525139,55.797089534192494,61.505380475047275,63.33383214394403
2012-11-19,52,52.2,51,52,63.18969700883098,55.43546195950749,61.13262045641797,63.10939982426197
2012-11-20,50.79,53.4,50.59,52.59,63.08422738685257,55.16446558241154,60.79761573263687,62.901094877246884
2012-11-21,53.4,53.79,52.79,53.59,62.989757462605276,55.014516479324726,60.51496413527856,62.71671676086576
2012-11-23,56.2,60.79,56.2,60.79,62.967869328649,55.564562528912845,60.525749855463715,62.6785639537199
2012-11-26,58.79,59,57.59,58.79,62.926298489557965,55.87174704996876,60.45768123368082,62.60156268730961
2012-11-27,59.59,60,57.59,57.59,62.87320099214943,56.03539018806698,60.345223146085495,62.50232382221437
2012-11-28,54,60.59,52.79,60.59,62.8504825743171,56.46916255110822,60.35482223839587,62.46445602375468
2012-11-29,62.79,62.79,61.4,62.2,62.844010110891055,57.014956593859814,60.427182150615636,62.459219270809044
2012-11-30,62.2,63,60.4,62.59,62.841482647101095,57.54591310873031,60.511998536866,62.46180898821876
2012-12-03,63.59,63.59,60,60.2,62.815199237677206,57.79868328885124,60.49976330012616,62.41702069142235
2012-12-04,60.2,60.59,58,58.91,62.77634153381972,57.90452297562731,60.43741964129769,62.34757473713676
2012-12-05,60.12,62.72,58.31,62.32,62.77180082204042,58.325044596996136,60.51124632203111,62.347028702738015
2012-12-06,62.72,63.32,61.12,62.72,62.771285390975336,58.7436117782346,60.59786411332401,62.354414272980826
2012-12-07,63.92,64.52,61.92,64.12,62.784705436836276,59.25564875173607,60.735987089272086,62.38937636658517
2012-12-10,64.72,65.93,64.32,64.92,62.80595214890756,59.79511077538025,60.90006602694769,62.43948772566269
2012-12-11,66.93,68.33,65.73,66.93,62.84698745090848,60.474624034867844,61.13653402589092,62.52840876079808
2012-12-12,67.33,70.14,66.53,66.53,62.883634341944216,61.05132650773757,61.34804249546382,62.60764819127733
2012-12-13,66.53,67.73,63.52,64.12,62.89593648779552,61.34358112604828,61.45674671132799,62.63759575184609
2012-12-14,65.13,65.93,63.52,63.92,62.90612617448412,61.58895435213892,61.5533448795112,62.66298989537389
2012-12-17,65.53,68.13,65.53,68.13,62.958105018519106,62.21191108050664,61.81125292345194,62.77124752120807
2012-12-18,70.14,73.34,70.14,73.14,63.05941740639454,63.25268145379172,62.25551751468912,62.97656935247127
2012-12-19,74.34,74.54,71.34,71.34,63.14181126304733,64.02290226771632,62.61177172979935,63.14218184054115
2012-12-20,70.74,73.34,70.54,73.34,63.24328577784288,64.9102449088862,63.03248656392487,63.34411883379776
2012-12-21,70.14,71.14,68.13,70.14,63.311909799953895,65.4083168223256,63.311212581025856,63.47869073807899
2012-12-24,68.73,69.13,68.13,68.93,63.36781119497923,65.74371522019935,63.53155718569151,63.58663745613683
2012-12-26,68.93,68.93,65.73,65.73,63.39131556119835,65.74240900875179,63.61777062938988,63.62908027878758
2012-12-27,66.13,66.53,60.52,66.13,63.41856615262921,65.77932243648972,63.71628942823734,63.67860344158387
2012-12-28,62.32,65.13,61.12,61.12,63.39569484762792,65.33557744253832,63.61447415654175,63.62793802689904
2012-12-31,60.92,69.13,60.52,69.13,63.452752610338095,65.69695101943944,63.830769287657766,63.73688974913866
2013-01-02,74.14,76.95,72.94,76.95,63.587053579389455,66.76866996996901,64.34524892343589,63.99853549668047
2013-01-03,77.35,78.15,76.15,77.19,63.722406280092045,67.76117759187673,64.8489646519286,64.25975261555809
2013-01-04,77.4,80,77.4,79.19,63.87631268526526,68.84963686884085,65.41135819499021,64.55540107861634
2013-01-07,77.59,78.19,76.4,77,64.00689663864571,69.62586192895124,65.86581473636315,64.80182878002988
2013-01-08,76.8,76.8,75.4,76.19,64.12812154771392,70.25101793571778,66.27068474670185,65.02733712101939
2013-01-09,76.19,77.59,75.8,76.4,64.25022979102025,70.83663527517324,66.6679127958508,65.25253836614772
2013-01-10,77.19,78.8,77.19,78.8,64.39500362394541,71.59505096325198,67.1436809215037,65.5208049331547
2013-01-11,78.19,78.8,77.8,78.19,64.5322672694783,72.22314134770417,67.57686990497415,65.77168008299321
2013-01-14,79.4,80.59,78.59,80.4,64.69015515734418,73.00188979077997,68.07973775183791,66.06134978432009
2013-01-15,78.59,80.59,78.59,80.4,64.84647202145021,73.70647171546759,68.56288529098153,66.34528345195731
2013-01-16,79.4,80,79.19,79.8,64.99526334461986,74.28680774256591,69.00355645604107,66.61171348261162
2013-01-17,80.8,82.19,80.8,81.59,65.16038510238484,74.98234986232154,69.49714247737279,66.9083132156292
2013-01-18,82.19,83,81.59,83,65.33789370833125,75.7459355897195,70.02666630178955,67.22696047868605
2013-01-22,82.59,84,82.59,84,65.52358630824835,76.53203696212717,70.57464017230761,67.55909987514771
2013-01-23,84,84.19,83.8,83.8,65.70544117085285,77.22422391811506,71.0932817341779,67.88070185781805
2013-01-24,85.8,86,84.59,85.37,65.90110842288416,78.00001211638981,71.65315303871995,68.22702459330681
2013-01-25,86.17,86.17,85.37,85.57,66.09681878683557,78.7209633434003,72.19891174308387,68.57044984888489
2013-01-28,85.77,85.77,84.16,84.4,66.27893999293671,79.26182397736217,72.6773857923747,68.88390628752083
2013-01-29,84.19,86.4,84.19,86.19,66.47705999300699,79.92165026523244,73.20729223188941,69.22660121252042
2013-01-30,85.8,86.19,84.8,85.19,66.66325840103677,80.42339785901983,73.67720234044276,69.54270811920318
2013-01-31,86.4,86.4,84.59,85.4,66.84969364082745,80.89735996768461,74.13691989571952,69.85671389902095
2013-02-01,86.8,87,86.19,86.19,67.0421345001227,81.40142092314322,74.60958970373052,70.18014530696112
2013-02-04,86.19,86.19,83.59,83.8,67.20887943046974,81.62985702570101,74.96999795064305,70.44984539989258
2013-02-05,85.59,86.19,85.19,86,67.39585575454467,82.0460611184914,75.40254705061783,70.75776925336005
2013-02-06,85.8,87,85.8,86.59,67.5868422644497,82.47881720244459,75.84127069569163,71.0712787730955
2013-02-07,86.19,86.8,85,86.19,67.7719483115696,82.83226318316414,76.24710321742921,71.37065939145005
2013-02-08,86.8,87.59,86.4,87.59,67.96914285573308,83.28538097524375,76.69192269909865,71.6918344530055
2013-02-11,87,87.19,86.59,87,68.1585046183626,83.63915421569673,77.0961610246242,71.99496644403509
2013-02-12,87.19,87.8,86.4,87.19,68.34787273161272,83.977330004678,77.49199784718795,72.29585819761854
2013-02-13,87.4,87.8,86.4,86.59,68.52938643577578,84.22615571851819,77.84878224533743,72.57891051053699
2013-02-14,85.19,85.59,85,85.19,68.69516368517104,84.31795041199264,78.13667313767714,72.82863505488278
2013-02-15,85,86,84.19,85.4,68.86138096193551,84.42100275370763,78.4215094852192,73.07757297458808
2013-02-19,86,86.19,85.4,86.19,69.033805031966,84.58947868192595,78.72615617207336,73.33722499489326
2013-02-20,86,86.4,83.8,84.19,69.18461294209568,84.5514330931711,78.94042455748225,73.55213143063796
2013-02-21,82.19,83.19,81,81.8,69.31013918147781,84.28939184620242,79.05256477091432,73.71545556072434
2013-02-22,82.19,83.19,82,83.19,69.4482472493238,84.1846878608498,79.21481713283924,73.90307030209613
2013-02-25,83.19,83.4,79.4,79.4,69.54726966475341,83.72900330267363,79.22207920606124,74.01192039512392
2013-02-26,79.8,80.19,78.59,79.59,69.64719732978074,83.33481251194281,79.2365074724902,74.12237741700265
2013-02-27,80,82.59,80,81.8,69.76812073943466,83.18863989175779,79.33703659121608,74.27440954735904
2013-02-28,82.8,83.59,81.59,81.59,69.88575137884328,83.03638847349514,79.42538809744289,74.41927272463906
2013-03-01,80.8,81.8,80.4,81.59,70.00221156412842,82.89863719030512,79.51027483871964,74.56126732415116
2013-03-04,82.59,83.4,82,82.8,70.1295527425948,82.88924317218083,79.63928366857377,74.7244105454551
2013-03-05,84.19,85,84.19,84.4,70.27154724266848,83.03312477483027,79.82597842666891,74.91600637623817
2013-03-06,85.19,85.19,83.8,84,70.40814876264193,83.12520812960834,79.9896655471917,75.09588743809485
2013-03-07,84.59,84.59,83.19,84,70.54339106351117,83.20852164107421,80.1469335649489,75.27220649872663
2013-03-08,84.19,85.4,83.59,85,70.6872379186006,83.37913862763857,80.33724989573521,75.46483607300927
2013-03-11,84.59,85.4,84.59,85.19,70.83154400896278,83.55160161548251,80.52755382139266,75.65741357651403
2013-03-12,84.8,85.4,84.59,85,70.97252367056514,83.68954431876989,80.70294386761256,75.8424152878702
2013-03-13,84.8,85.8,84.8,85.19,71.11399109672867,83.83244485983943,80.87890685319638,76.0275159752391
2013-03-14,86,86.19,85.4,86,71.26211058830351,84.03887868271187,81.07973403542398,76.22499090642248
2013-03-15,85.8,86.19,85.59,86,71.40875625409154,84.22565214150121,81.27268564187794,76.41855544292896
2013-03-18,85,86.4,85,85.59,71.5498631570359,84.35559003278681,81.4419920872945,76.60016820643531
2013-03-19,85.4,85.8,83.4,85.19,71.68558591169226,84.43505764871188,81.58897278975353,76.7702638855158
2013-03-20,85.59,86.4,85.59,85.8,71.8260278429192,84.56505215835837,81.75411111172397,76.94907054124816
2013-03-21,85.8,86.19,85,85.19,71.95900269025334,84.62457100041948,81.88885185244068,77.11225726320365
2013-03-22,85.8,86,84.59,85.4,72.09274395701699,84.69842138133191,82.0265439366587,77.27637098076397
2013-03-25,86.4,86.4,85,85.4,72.22515446490738,84.76523839263363,82.15883633129954,77.43723492173895
2013-03-26,86,86.59,85.8,86.59,72.36808825132621,84.93902521238282,82.3326074555623,77.6184777945758
2013-03-27,85.59,87,85.59,86.59,72.50959981101451,85.0962609064416,82.4995640259324,77.7961316996337
2013-03-28,86.8,87.4,86.59,87.4,72.65776299697457,85.31566462963764,82.69173798569976,77.98630730954194
2013-04-01,87,87,85.59,86.4,72.79450167362158,85.41893466491024,82.83716002547624,78.15291508559062
2013-04-02,87.59,87.59,85.19,86.4,72.92987976642137,85.51236945872832,82.97687924016344,78.31622369775714
2013-04-03,86,86,83.4,83.8,73.03804016675548,85.34928665313514,83.00915848564723,78.42481332750452
2013-04-04,84.19,84.59,83.4,84.19,73.14900494121562,85.2388784004556,83.05546599601401,78.53897543983116
2013-04-05,82.8,84.4,82.59,84.4,73.26095514080552,85.15898521945984,83.10819281969974,78.65503533211174
2013-04-08,84,85.4,83.8,85.19,73.3796521045786,85.16193900808271,83.18983231696642,78.78444057306002
2013-04-09,85.19,87.59,85.19,87,73.51517795428428,85.33699243588435,83.33925065747754,78.94712491814795
2013-04-10,87.4,88.59,87.4,88.4,73.66328563633121,85.62870744199061,83.53771141600782,79.13431056333314
2013-04-11,88.8,89.59,88.59,89,73.81588975935279,85.9497829237058,83.7519188114585,79.32967075019783
2013-04-12,88.4,88.8,87.19,88.8,73.96498538363784,86.22123216906715,83.9498827796366,79.51720202247114
2013-04-15,86.59,86.59,82.59,82.59,74.05080642459667,85.8754005339179,83.89655404318026,79.57804950717468
2013-04-16,84.59,85.19,83.4,85.19,74.1616441716156,85.81012429259238,83.94727741403594,79.68917723970587
2013-04-17,82.8,83,80.8,81.4,74.23366761269406,85.39011245520263,83.84738418211296,79.72305491812753
2013-04-18,80.8,81.8,79.8,81,74.30099430311502,84.9720065070881,83.73572205732422,79.74834095935273
2013-04-19,79.4,81.8,79.4,81.8,74.37561127522332,84.66991064927018,83.65981138840955,79.78896787104871
2013-04-22,80.4,82.59,80,81.8,74.44948578989772,84.39658582553017,83.58687760847192,79.82879028944379
2013-04-23,82.59,83.8,82,83.59,74.54043618004799,84.31976812786063,83.58700005519852,79.90326968965282
2013-04-24,85.4,86.4,85,86,74.65446169069428,84.47979021092152,83.68162750401426,80.02399702253098
2013-04-25,85.4,86.8,85.19,86.59,74.77322326591126,84.68076257178613,83.79568132738625,80.15401688347096
2013-04-26,85.19,85.59,83.59,85.19,74.87687278565343,84.72926137447317,83.85036049101817,80.25373932142203
2013-04-29,85,86.59,85,85.8,74.98556061863201,84.8312364816662,83.92681694235078,80.3635662655523
2013-04-30,85,87,84.59,87,75.10510727914313,85.03778538817417,84.0473339250037,80.4949807949473
2013-05-01,85.8,86.4,84.8,85.37,75.20724551517155,85.06942487501473,84.0992031828467,80.59151582871071
2013-05-02,85.57,87.37,85.57,86.97,75.32428784835392,85.25043202977524,84.21178345018603,80.71782244596396
2013-05-03,89.17,89.77,88.97,89.37,75.46404617822104,85.64277183646331,84.41406645213952,80.88915269455873
2013-05-06,89.37,90.38,89.17,89.57,75.60440392769148,86.01679356632394,84.61625992460463,81.06105066100311
2013-05-07,90.38,90.98,90.18,90.98,75.7573949333861,86.48947989334071,84.86581835893386,81.25746549939909
2013-05-08,91.18,92,91.18,92,75.91901289424793,87.01429133207017,85.14559018799528,81.47018895485654
2013-05-09,91.8,92,91.19,91.59,76.07494311420567,87.45007310996826,85.39831214140723,81.67058125278017
2013-05-10,91.59,92.59,91.59,92.59,76.23927203844242,87.93958995663795,85.680339116254,81.8868073665865
2013-05-13,92.4,92.4,91.4,92,76.39609520223901,88.32629567505337,85.92816895483227,82.08706860685211
2013-05-14,92.19,93.4,92.19,92.98,76.56110918032618,88.76950561076258,86.20471134876043,82.30277021859762
2013-05-15,92.78,93.38,92.78,93.38,76.72846132778562,89.20860031449948,86.48609521743649,82.52212130337786
2013-05-16,93.38,93.58,92.98,92.98,76.89016818024547,89.5677812369281,86.74075815008604,82.72920801024166
2013-05-17,92.98,93.38,92.98,93.38,77.05424610880024,89.930849690554,87.00112057557286,82.94011478231609
2013-05-20,92.98,93.78,92.98,93.18,77.21470137139924,90.2402925771679,87.24342957260922,83.14288478662667
2013-05-21,93.78,93.98,93.18,93.38,77.37555011397238,90.53931233172334,87.48407939329121,83.34559993936674
2013-05-22,93.38,93.78,92.78,92.78,77.52882822229107,90.7527111572735,87.69176255433861,83.53241974254759
2013-05-23,92.18,92.58,91.58,92.58,77.67859112555185,90.9267386661046,87.88345814044298,83.71157974764566
2013-05-24,91.58,91.78,90.78,91.58,77.81691360191452,90.9889540312375,88.02842056630796,83.86739004967248
2013-05-28,92.38,92.38,91.38,91.98,77.95783983473129,91.08333936159583,88.18338446566842,84.02803579126312
2013-05-29,90.58,90.98,89.57,90.38,78.08144341846531,91.01635466049147,88.26952625132849,84.15381726074305
2013-05-30,90.98,91.18,90.18,90.18,78.20182706604277,90.93670183568277,88.34444679049207,84.27314761201546
2013-05-31,90.38,90.38,87.97,87.97,78.2990228166294,90.65415880371297,88.32976260262964,84.34635260979734
2013-06-03,87.37,88.37,86.97,88.37,78.39923154482214,90.43661987002602,88.33134053978142,84.42602879574194
2013-06-04,88.57,89.37,86.57,86.77,78.48252277323188,90.08741797764259,88.27011149900568,84.47244406711339
2013-06-05,86.77,87.17,84.76,84.76,78.54498523319972,89.58004483691472,88.13246006767213,84.47813824400222
2013-06-06,85.37,87.57,83.56,87.57,78.63478637515793,89.38861199530379,88.11040281011635,84.53936322926951
2013-06-07,86.57,89.77,86.57,89.37,78.74160442117626,89.38683942432247,88.15979877834708,84.63501940294735
2013-06-10,88.37,89.17,88.17,88.57,78.83939940206008,89.30904519343461,88.17588510076484,84.71293981080977
2013-06-11,85.77,87.77,84.53,84.53,78.89602229358186,88.85389803215513,88.03290921446035,84.70931724029869
2013-06-12,86.34,86.34,80.92,81.32,78.92014147474025,88.13638393385465,87.7696578727168,84.64220204742149
2013-06-13,81.32,87.14,81.32,87.14,79.00193111180751,88.04149022586849,87.74496540712006,84.69166339301711
2013-06-14,87.34,88.15,86.34,86.94,79.08091687188903,87.9365863948334,87.71339813625261,84.73618490998707
2013-06-17,88.55,89.35,87.55,87.95,79.16916645525332,87.93786388103975,87.72267664071329,84.79982481275961
2013-06-18,88.55,89.55,88.55,89.35,79.27046828156921,88.07235303522644,87.78649324303825,84.88992729171487
2013-06-19,88.95,89.35,83.93,83.93,79.31683178125509,87.67784322234773,87.63525821389949,84.8709188304928
2013-06-20,79.51,79.51,74.29,75.1,79.27487325606847,86.47995339164795,87.14367946041324,84.67743528929492
2013-06-21,77.1,77.3,73.49,76.1,79.24328247740112,85.49138640196719,86.71059399137742,84.50758508554651
2013-06-24,70.28,76.1,68.47,71.88,79.17001598508867,84.19506388749413,86.12900207014694,84.2575338957337
2013-06-25,75.9,76.3,74.49,76.1,79.13946856235147,83.4241054220185,85.73570787131764,84.0959985710657
2013-06-26,79.91,79.91,77.51,79.11,79.13917534282558,83.01323823896912,85.4758761900895,83.9972659260941
2013-06-27,81.32,83.13,81.32,82.32,79.17082533941438,82.94721554954349,85.35211633949775,83.96405273943877
2013-06-28,80.32,83.33,79.91,81.52,79.19420021165901,82.81129025911078,85.20183726736059,83.91565565548949
2013-07-01,82.53,83.93,81.59,82,79.22211861751315,82.73402452014784,85.07627502158174,83.87772188013327
2013-07-02,82.59,83,81.4,82.19,79.25164977554785,82.68221266108614,84.96308776583344,83.8443016448831
2013-07-03,80.59,81.4,79,80.59,79.26496669320409,82.48295431241127,84.79159412795761,83.77986002815274
2013-07-05,81.8,82.8,79.4,82.8,79.30014115396823,82.51314913980067,84.71349239744947,83.76045685927843
2013-07-08,82.8,83.8,82.8,83.4,79.34093576935163,82.59761112648633,84.66198289166714,83.75331909968877
2013-07-09,83.8,86,83.8,85.19,79.39913541343769,82.8445053049162,84.6826894449351,83.7817682264276
2013-07-10,84.4,85.8,84,85.19,79.45675595658757,83.06788575206704,84.70258397650626,83.80965400412211
2013-07-11,88.4,90,88.4,90,79.56166385751705,83.72808710901303,84.91032578134916,83.93223511295137
2013-07-12,89.19,90.4,89,90.4,79.66950799823827,84.36350738434513,85.12560712325704,84.06030966517017
2013-07-15,90,90.59,89.19,90.19,79.77418951069362,84.91841144297892,85.32421076548225,84.18168967180046
2013-07-16,90,90.4,89.59,90.19,79.87782941605985,85.42046749602855,85.51502602958098,84.30066611394302
2013-07-17,90,90.4,89.4,89.59,79.97446792933289,85.81756582974012,85.67482893038172,84.40540539881543
2013-07-18,89.8,90,89.19,89.4,80.06825431809574,86.15875003643154,85.82091407036675,84.50430826220523
2013-07-19,89.19,89.59,88.8,89.59,80.16299805622414,86.48553574724758,85.96872136172492,84.60501502929027
2013-07-22,89,89.59,89,89.19,80.25281897108758,86.74310377131924,86.09504601420629,84.69580681088848
2013-07-23,89.59,90.19,89.4,89.59,80.3457262450071,87.01423674547931,86.23210303325702,84.79272152750455
2013-07-24,88.59,89,87.59,87.8,80.41989812316623,87.08907134114794,86.29358918881557,84.85227159626685
2013-07-25,88.4,89.19,87.8,89,80.50527227119443,87.2710645467529,86.39972294611692,84.93440483198434
2013-07-26,87.59,88.19,85.8,88.19,80.58173722371986,87.35858220896691,86.46992988940646,84.99887206303416
2013-07-29,87.59,87.8,86.4,87.59,80.6514711816928,87.3806219985891,86.51385420746895,85.0501815271325
2013-07-30,86.8,87.8,86.8,87.4,80.71862072217347,87.382467522533,86.54860502286233,85.09671258600116
2013-07-31,86.4,87.59,86,86.19,80.77306230702746,87.26889918705368,86.5345420807893,85.11836184172391
2013-08-01,88,88.59,87.59,88.59,80.8508427815844,87.39471831209619,86.61514827369952,85.18710715178878
2013-08-02,88.59,88.8,88,88.19,80.92386922156864,87.47045942522989,86.67690716492699,85.24657037650583
2013-08-05,88.19,88.4,87.19,87.4,80.98830833379184,87.46374900377943,86.70526374669456,85.2892125472681
2013-08-06,87.8,87.8,86,86.59,81.04404655932625,87.3805348129433,86.70074359976536,85.31497071464892
2013-08-07,86.59,86.59,86,86.59,81.09923017565136,87.30524578313917,86.69640071350005,85.34021881930934
2013-08-08,87,87.19,85.4,86.19,81.14988460176428,87.19903189903067,86.67654186199024,85.35704616942203
2013-08-09,86.4,88.19,86.4,87.19,81.209985252493,87.19817171817061,86.69667747524552,85.39334228487903
2013-08-12,86.19,86.4,85.59,86,81.25764709077664,87.08406012596389,86.66935678994177,85.40535530894083
2013-08-13,86,86.19,85,85.8,81.30284463216195,86.9617686853959,86.63526436680681,85.41317005529844
2013-08-14,85.4,85.8,84.59,85.19,81.34152279502601,86.79302881059628,86.57858733281438,85.40875084628263
2013-08-15,81.8,81.8,80.4,81,81.33812455825958,86.24131178101568,86.35981920211577,85.32144884932654
2013-08-16,80.19,81,78.4,79.19,81.31675018454555,85.56975827806181,86.07864982164064,85.200034020627
2013-08-19,78.4,79,76.4,76.4,81.26782729713715,84.69644796586545,85.69909492667433,85.02577592120865
2013-08-20,77,79.8,77,78.8,81.24327180164325,84.13488149292589,85.42854218445181,84.90249322969957
2013-08-21,77.4,78.59,75.8,76,81.19109994292043,83.36013087455198,85.05879543212038,84.72620623505206
2013-08-22,77.4,79.19,77.4,79,81.16929795343863,82.94488031507085,84.82119561125292,84.61281601257578
2013-08-23,79,79.19,78.4,79,81.14771289917556,82.56917742792125,84.59291343041947,84.50167114103962
2013-08-26,79.19,79.59,78.19,78.19,81.11828292007928,82.15211291097637,84.34181878608929,84.37668755408835
2013-08-27,75.4,76.4,73.59,74,81.04745423430735,81.3757212051691,83.93625726506619,84.17120859262126
2013-08-28,73.59,74.8,72.4,73.8,80.97534026182669,80.65422394753395,83.53875698016164,83.96583812544064
2013-08-29,73.4,75.19,73.4,74.19,80.90782443832592,80.03858357157833,83.17213905937098,83.77225717246162
2013-08-30,74.19,74.59,71.8,73.4,80.83311971754655,79.4063375171423,82.7889179197878,83.56686594132377
2013-09-03,75.4,75.4,71.19,73,80.75517822781973,78.79621013455733,82.40503878567849,83.35762107119855
2013-09-04,72.19,75.19,72.19,74.19,80.68985307132401,78.35752345507568,82.08288040192639,83.17608402028372
2013-09-05,75,76,74.8,75.4,80.63721771738048,78.07585455459228,81.82080666067438,83.02210215849593
2013-09-06,73.59,76.19,73,73.8,80.56918570029212,77.66863031129778,81.50626522300087,82.83948627416927
2013-09-09,75.4,77.8,75.4,77.59,80.53954206148325,77.6611417102218,81.35268619464789,82.7355360509184
2013-09-10,78.4,79.19,77.8,79.19,80.5261137822645,77.80674726162924,81.26787497132837,82.66532741624674
2013-09-11,79.8,80.8,79.4,80.59,80.52674946602306,78.07181895099788,81.24129163911941,82.62423182384582
2013-09-12,80.59,80.59,78.19,78.55,80.50708031710741,78.11736000328379,81.13575079052649,82.54355396594788
2013-09-13,78.75,79.75,78.35,79.55,80.4975571298725,78.25380190773295,81.07356448501564,82.48427566959248
2013-09-16,81.36,81.96,80.76,80.96,80.50215855146581,78.51153505937744,81.06911097579933,82.45409199296688
2013-09-17,81.36,82.16,80.76,81.76,80.51467438677462,78.82091267277006,81.09620466302289,82.44034759706655
2013-09-18,81.76,86.77,80.76,86.37,80.57293633317487,79.53987337060148,81.30302016643375,82.51816249613454
2013-09-19,86.17,86.77,85.17,85.17,80.61867826020796,80.07607590673467,81.45466643441675,82.57067412987445
2013-09-20,84.16,84.76,82.36,82.36,80.6360048446835,80.29359248704566,81.49016971149845,82.56650236492644
2013-09-23,81.76,81.96,80.36,81.36,80.6432087765772,80.39515510732703,81.48506501692988,82.5426112289873
2013-09-24,79.95,82.36,79.35,80.56,80.64238082855155,80.41085462091493,81.44878795744243,82.50335160069052
2013-09-25,80.16,81.16,78.95,79.35,80.6295213178197,80.30982084749446,81.36648254734665,82.44090899473625
2013-09-26,79.75,80.36,78.75,79.95,80.62275991167223,80.27555219535213,81.31093421215658,82.39158406414741
2013-09-27,78.35,78.55,76.75,77.15,80.58820508668047,79.97788055769955,81.14776032148377,82.2877903203029
2013-09-30,75.55,76.15,74.94,75.7,80.53956623009658,79.57046336172816,80.93412266181774,82.15733902683156
2013-10-01,76.7,78.51,76.7,77.71,80.51141134223492,79.3932763748969,80.80768647900136,82.06927290748837
2013-10-02,75.5,77.55,74.29,77.55,80.4819445627102,79.21772624395433,80.67993406806013,81.97978235486484
2013-10-03,76.75,76.75,73.74,74.94,80.42680083571805,78.81032374453011,80.45483861441072,81.84038072407543
2013-10-04,74.74,77.15,74.74,76.95,80.39220580252683,78.63315005457486,80.3173939628652,81.74354150181651
2013-10-07,74.94,76.55,74.94,75.55,80.34402465026288,78.33951671604392,80.13043733687049,81.62089711564192
2013-10-08,75.35,75.55,70.94,70.94,80.25045226568315,77.63480083832545,79.77002802954223,81.4093942024609
2013-10-09,70.34,72.8,68.59,71.4,80.16238806403456,77.04101028229445,79.44179163622685,81.2111883766696
2013-10-10,75.4,76.4,75,76.19,80.12286181464118,76.9599616839807,79.31427039559051,81.11175890386426
2013-10-11,76.4,78.8,76.4,78.8,80.1096990105154,77.13520342836348,79.29410292909677,81.06598149982734
2013-10-14,76.8,78.59,76.4,78.4,80.0926870800625,77.25566024470982,79.25904006913218,81.01318978695947
2013-10-15,77.59,78.4,76.4,76.4,80.05594392503701,77.17416879283269,79.14692085073484,80.9218394941484
2013-10-16,78.4,80.19,78.4,79.59,80.05130766707644,77.40424795542005,79.16429650364721,80.89546643485833
2013-10-17,79.4,82,78.59,81.59,80.06661803854831,77.8028910072848,79.25942213095516,80.90921957476213
2013-10-18,83,83.59,82.59,83.4,80.09978601826425,78.33594900659101,79.4217977336628,80.95854195942032
2013-10-21,82.4,83,82,83,80.12864386882879,78.78014433929663,79.56211939116622,80.99896687111496
2013-10-22,83.19,84.8,83.19,84.59,80.17303547212403,79.33346392603028,79.75929117974793,81.07007643802358
2013-10-23,83.4,84.19,83.19,83.59,80.20703511916757,79.7388483140274,79.90951505505194,81.11997591449835
2013-10-24,82.19,83.4,82.19,83.19,80.23671636176292,80.06752942697716,80.03816152348128,81.16096649044889
2013-10-25,82.4,84,82.4,84,80.27416197010358,80.44205043393171,80.19352773824671,81.21718497578654
2013-10-28,83.19,85,83.19,84,80.31123498532642,80.78090277355726,80.34280116027625,81.27229022379076
2013-10-29,84.59,85,84,84.8,80.35589931383063,81.16367393798038,80.51759327163796,81.34214586292362
2013-10-30,83.8,84.8,83,83.19,80.3840993206582,81.35665737245844,80.62239353549529,81.37873703395483
2013-10-31,82.59,83.59,81,82.36,80.40376002393522,81.45221381317668,80.69053496547586,81.39816798377751
2013-11-01,82.96,82.96,81.16,82.36,80.42322509832393,81.5386696404932,80.75600418251602,81.41721416231657
2013-11-04,83.56,83.96,81.96,83.96,80.45841688839036,81.76927253187479,80.88165107731932,81.46756635712218
2013-11-05,82.56,83.36,81.96,82.16,80.47534806363026,81.80648467169624,80.93178240762052,81.48127791440689
2013-11-06,83.16,84.36,82.96,83.96,80.51002121722598,82.01158136962994,81.05053603869422,81.5303615200622
2013-11-07,83.76,83.76,79.95,80.36,80.50852846879587,81.85428790585566,81.02345619403954,81.50718604441741
2013-11-08,79.35,80.36,78.15,80.36,80.50705057358397,81.71197477196465,80.9974383040772,81.48446948908241
2013-11-11,80.36,81.36,80.16,81.16,80.51354758280203,81.65940574606326,81.00381327254476,81.47804435068474
2013-11-12,80.36,81.16,79.35,80.56,80.51400979590848,81.55470043691437,80.98640883048418,81.45986525463158
2013-11-13,79.55,81.56,79.35,81.56,80.52441765863576,81.55520515720825,81.00890260183775,81.4618481208765
2013-11-14,81.36,83.36,81.16,82.36,80.54268215954485,81.63185228509317,81.06188681353038,81.47963330660171
2013-11-15,82.36,82.96,81.96,82.76,80.56474502362899,81.73929492460812,81.12847948750958,81.50498710251058
2013-11-18,82.96,83.36,82.16,82.36,80.58260825722472,81.79840969369306,81.17677440956803,81.52191805097571
2013-11-19,81.76,82.76,81.16,81.76,80.59432359794886,81.79475162762705,81.19964600134968,81.5266325450158
2013-11-20,81.76,82.96,79.95,79.95,80.58791241786976,81.61906099642448,81.15064027580655,81.49541209857985
2013-11-21,80.56,81.76,79.95,80.96,80.59161478187106,81.55629328247929,81.14316418655923,81.48480987880599
2013-11-22,80.96,82.76,80.96,82.56,80.61120070443951,81.65188439843364,81.19872637532161,81.50610077229499
2013-11-25,82.16,82.56,81.76,81.76,80.62263154320131,81.66218112239234,81.22073710570116,81.5111284797743
2013-11-26,80.96,81.76,80.96,81.16,80.6279784930202,81.61435434883117,81.21835525841877,81.50417544057085
2013-11-27,80.56,80.96,80.36,80.56,80.62730209010456,81.51393964894248,81.19253740514745,81.4854788971932
2013-11-29,80.96,81.36,80.16,80.16,80.62265231806373,81.38499301570987,81.15204574220049,81.45923179031809
2013-12-02,78.75,80.56,78.75,79.07,80.60720304126707,81.16451749040417,81.07039688956517,81.41192026971773
2013-12-03,79.07,79.87,78.26,79.67,80.59787763787138,81.02218249131805,81.0154793644842,81.37742679903025
2013-12-04,78.26,80.08,76.45,78.87,80.58068482555424,80.81721273024014,80.93134291881815,81.32777478320787
2013-12-05,77.46,78.67,77.26,78.06,80.55560338450395,80.55462104164585,80.81874123572724,81.2630663716592
2013-12-06,79.27,79.87,78.06,79.07,80.54082126127506,80.41322856148909,80.75016314805167,81.21963931479466
2013-12-09,80.08,80.48,79.47,80.08,80.53623597509322,80.38149250801393,80.72388224028494,81.19707219965021
2013-12-10,79.27,79.47,78.26,78.47,80.515676413152,80.1994456024888,80.63549470145023,81.14307076995416
2013-12-11,78.26,78.26,76.65,76.81,80.47880401103107,79.87664125939462,80.48547530139335,81.05726738837092
2013-12-12,75.8,75.8,73.99,74.79,80.42219899599594,79.39219923469037,80.26212332878968,80.9331630836507
2013-12-13,75.6,75.8,75,75,80.36824676718007,78.97389454567224,80.05576555119009,80.81567470575662
2013-12-16,76.2,77.01,75.8,76.2,80.32677167496932,78.70971411275107,79.90455905898656,80.72427520663273
2013-12-17,75,76.2,74.79,75.4,80.27774907123829,78.39450324487002,79.72790968412434,80.61884401442218
2013-12-18,75.6,78.62,73.99,78.62,80.26125405560408,78.41597912631097,79.68446224553124,80.57926294482967
2013-12-19,78.02,78.42,76.81,78.22,80.24094306997618,78.39731444761469,79.62703235354962,80.53254486671423
2013-12-20,79.23,80.04,78.42,79.63,80.23486403445403,78.51471307165139,79.6271487318418,80.51467269113573
2013-12-23,80.44,81.04,79.83,81.04,80.2428753375938,78.75521658863697,79.68255466392644,80.52507521210333
2013-12-24,80.84,81.85,80.64,81.85,80.25886662776699,79.04995786590963,79.76755252024304,80.55131134651712
2013-12-26,82.05,82.25,81.65,82.05,80.27668885037627,79.33567616439443,79.85706026454724,80.58098834955639
2013-12-27,81.85,82.05,81.04,81.25,80.28637353843223,79.51799272016639,79.91168535221206,80.59423610501072
2013-12-30,81.65,82.05,81.45,81.85,80.30193201068664,79.74008865157911,79.987697691341,80.61910271679268
2013-12-31,81.85,82.66,81.65,82.25,80.32131577177434,79.9791278276192,80.07641542893546,80.65139771249976
2014-01-02,81.04,81.25,79.43,80.04,80.31851660986614,79.98492517736975,80.07498737289878,80.63929082710372
2014-01-03,80.44,80.64,79.23,79.43,80.30967564857394,79.9320751604774,80.04969375043216,80.61534447409177
2014-01-06,79.23,79.63,77.91,78.71,80.29375847794137,79.81568704995574,79.99715674061129,80.5776148805454
2014-01-07,79.11,79.91,78.91,79.31,80.2839698363698,79.76752637853139,79.97020941745006,80.55251359578212
2014-01-08,78.91,79.71,78.11,78.11,80.26233829570941,79.60966672343316,79.89726002853045,80.50414698992505
2014-01-09,78.11,78.11,77.1,77.71,80.23694189475708,79.42874608310619,79.81148512545083,80.44881734656019
2014-01-10,78.51,79.11,78.11,79.11,80.22572854257044,79.39838931328656,79.78397590484491,80.42230611197483
2014-01-13,78.31,78.91,76.5,76.7,80.19064666652496,79.14139985487832,79.66303567328237,80.34859708005455
2014-01-14,77.71,79.11,77.51,78.71,80.17591386387296,79.10031415441371,79.62566172531051,80.31614961312278
2014-01-15,78.71,79.51,78.31,78.91,80.16331770602348,79.0821889968505,79.59759655961206,80.28830506632826
2014-01-16,78.51,78.71,77.91,78.71,80.14885683332673,79.04674242572189,79.56278885139197,80.25705150065839
2014-01-17,78.11,78.51,76.3,76.9,80.11652989966178,78.84229076612932,79.45836575918052,80.19057523331863
2014-01-21,78.11,78.11,74.89,77.51,80.09059427876963,78.71540593125987,79.3819592588205,80.13749453562914
2014-01-22,77.1,77.91,76.5,77.1,80.06083712176695,78.56155774733035,79.29247066043538,80.07734612898302
2014-01-23,75.3,75.3,72.69,73.69,79.99744570762002,78.09759986663222,79.07276592865361,79.950864027419
2014-01-24,70.88,71.68,67.06,67.06,79.86871490455913,77.04639987933392,78.60167706870641,79.69559939321269
2014-01-27,69.07,69.07,64.65,66.66,79.73728490550879,76.05721893844498,78.13337600718852,79.43746871215897
2014-01-28,68.07,69.07,67.67,68.47,79.62517261789178,75.33462665859307,77.75442008533798,79.2202911138984
2014-01-29,66.86,68.07,65.46,66.66,79.49616592517644,74.50847173872705,77.31934478787375,78.97157247797962
2014-01-30,68.47,71.08,67.67,70.08,79.40247273189111,74.08671252551495,77.03544891383949,78.79550173584141
2014-01-31,67.26,70.28,67.06,69.07,79.29966205794194,73.60893038022782,76.72307836819873,78.60291754305247
2014-02-03,67.46,67.46,57.83,59.03,79.09797387826093,72.22046082020613,76.02923215768114,78.21533501744747
2014-02-04,59.23,63.25,59.23,62.24,78.9302328446464,71.26994074209126,75.48847795541913,77.89899174977525
2014-02-05,59.83,62.24,57.42,61.36,78.75540465713748,70.3261368618921,74.93441999638308,77.57148696265098
2014-02-06,63.17,67.2,63.17,66.8,78.6364454068177,69.99031430361666,74.61542313377983,77.35819019111334
2014-02-07,69.01,70.62,67.4,70.62,78.55667978087922,70.05028436993888,74.4587398736316,77.22476068237842
2014-02-10,70.22,72.23,70.02,71.22,78.48367799201475,70.16168585851612,74.33173046682252,77.10585453025212
2014-02-11,72.63,76.05,71.83,75.25,78.4515020915967,70.64628720532411,74.36774103675106,77.06910493559366
2014-02-12,76.05,76.45,74.44,75.45,78.421636399143,71.10378366195991,74.41018256472161,77.03704345172052
2014-02-13,73.44,76.86,73.44,76.65,78.40400817626595,71.63199474177325,74.49801854257566,77.02937922495377
2014-02-14,75.85,77.86,75.85,77.46,78.39461506008419,72.18704286160437,74.61417467816094,77.0379063690141
2014-02-18,77.46,77.66,76.05,77.26,78.3833253579938,72.67018163668966,74.71793253391932,77.04230426269699
2014-02-19,76.65,78.47,74.64,75.05,78.35015794149635,72.89683100462398,74.73095478749111,77.00285269313864
2014-02-20,75.05,77.26,74.64,76.05,78.32727079779987,73.19713281370741,74.78268205072676,76.98398432297748
2014-02-21,76.86,78.47,76.45,76.45,78.30859148637897,73.50692968859242,74.84806706834532,76.97341037598783
2014-02-24,78.67,79.47,77.86,78.06,78.30611793925083,73.940555432536,74.97402522252786,76.99492700220588
2014-02-25,76.65,77.86,76.45,76.86,78.29172870602444,74.21859777229447,75.04798501772284,76.99225518038003
2014-02-26,77.26,78.87,76.25,77.46,78.28345279850181,74.52730274636167,75.14257384055723,77.00151745403586
2014-02-27,77.46,78.47,76.45,78.26,78.28321943732269,74.88279772289866,75.26482584680988,77.02643790049059
2014-02-28,78.87,80.68,78.26,80.08,78.30109785088166,75.37776936833689,75.45365620575852,77.0869044767185
2014-03-03,78.47,78.47,76.45,77.4,78.29213170311169,75.5703627618286,75.52998341337583,77.09310438807061
2014-03-04,80.4,80.8,79.4,80.4,78.31310551701108,76.03032821308302,75.72096445598855,77.15858746949496
2014-03-05,79.4,80.4,79.19,79.4,78.32392038748858,76.35124933564654,75.86524035967527,77.20297187603961
2014-03-06,79.59,81,79.59,80,78.3405977965683,76.6987493989183,76.02738779655076,77.25835857156358
2014-03-07,80.59,81,79.59,80.59,78.36297990804523,77.06934469425941,76.20631376531347,77.32433166915638
2014-03-10,79.8,80,78.59,79.4,78.37329851592538,77.29131186623471,76.33155636275215,77.3654340123414
2014-03-11,80.19,80.4,79.19,79.8,78.38749455059279,77.53023454564092,76.46757376029129,77.41364323981979
2014-03-12,78.59,79.59,78.59,79.59,78.3994597789451,77.72640268415131,76.590021848123,77.4567394132887
2014-03-13,80.4,80.59,77.19,77.59,78.39140545278644,77.71341195232738,76.62923667760838,77.45937823678794
2014-03-14,78,79,77,77.59,78.38343126917663,77.7016584330581,76.66691367064334,77.46196480635649
2014-03-17,79.59,80,78.8,79.4,78.39354638092611,77.86340524895733,76.77409352669655,77.50034174088408
2014-03-18,79.4,80.8,79.4,80.59,78.4154016408174,78.12308093953283,76.92373691780648,77.56152309254975
2014-03-19,80,81.19,77.59,78.19,78.4131588384212,78.12945418338684,76.97339429357878,77.573968179826
2014-03-20,77.59,79.59,77.19,78.59,78.41491845196924,78.17331568973096,77.03679059579137,77.59408762180963
2014-03-21,81.19,81.59,78.8,79,78.42074015891482,78.2520475288042,77.11377919987798,77.62192747088271
2014-03-24,79.4,80,77.4,78.19,78.41844423693557,78.24613824034665,77.15598393713766,77.63317643185533
2014-03-25,79.4,79.4,78,78.8,78.42224081169243,78.29888697936126,77.22045515528913,77.65628184904632
2014-03-26,80.19,80.19,77.59,77.8,78.41604936082982,78.2513739337078,77.24318240410132,77.6591277530256
2014-03-27,75.8,78.19,75.8,76.8,78.39996926768723,78.11314784478324,77.2258027019797,77.64211532227262
2014-03-28,78.4,80,77.4,78,78.3959894739789,78.10237185956579,77.25616338033343,77.64920214757414
2014-03-31,80.59,81.19,80.19,81,78.42190002647662,78.37833644436905,77.4029805026733,77.71555458029545
2014-04-01,81.8,83.4,81.59,82.8,78.46546321029277,78.79944725919106,77.61462832609787,77.81623666781435
2014-04-02,83.19,84.4,82.8,84.19,78.52242377536449,79.31283323450619,77.87248603879992,77.94244980310516
2014-04-03,84.59,84.8,83.19,84.19,78.57881756864444,79.77732530741036,78.12023168433718,78.0661636683902
2014-04-04,84.59,85.8,81.8,82.19,78.61474973214051,80.00710384956176,78.27983044181416,78.14782379376861
2014-04-07,79.59,81,75.59,77,78.59868257062668,79.72071300674635,78.2296410127234,78.12509460973358
2014-04-08,78.4,80.19,77,79,78.60267577887915,79.65207367277051,78.2598511690872,78.14241946894677
2014-04-09,79.19,82.19,78.59,82,78.63647999998483,79.87568570393523,78.40652367226025,78.21880720223496
2014-04-10,82.59,82.59,74.4,74.4,78.59432597013424,79.35419182736997,78.2494050968775,78.14318725763624
2014-04-11,72.59,74,68.4,68.4,78.49288989082942,78.31093546285855,77.86315391660779,77.95025285649493
2014-04-14,70.59,71.88,67.46,71.88,78.42708999141819,77.69846541877679,77.62852042968198,77.83004982963364
2014-04-15,73.89,74.89,67.87,74.89,78.39189506613045,77.43099252175043,77.52112747165523,77.77183102112605
2014-04-16,76.3,77.1,75.5,77.1,78.37904038885551,77.39946942444087,77.50461266884523,77.7585274365493
2014-04-17,77.1,80.32,76.1,78.91,78.38432356906591,77.54332947925602,77.55972589751796,77.78132887344931
2014-04-21,78.8,79.59,77.8,79.59,78.39632034947321,77.73825048123163,77.63934448977216,77.817144143282
2014-04-22,79.4,81.8,79.4,81.4,78.42620770917995,78.08698853063814,77.78682117644776,77.88809178400908
2014-04-23,81.19,81.19,80,80.8,78.44982753296921,78.34537057533927,77.90498505188118,77.94575333284058
2014-04-24,81.19,81.8,79.59,80.4,78.4692322341337,78.54104956816411,78.00282877533682,77.99435227674473
2014-04-25,78.59,78.59,75.8,76.4,78.44864285866969,78.33714008548182,77.93997274493145,77.96278094453197
2014-04-28,76,78.19,72.19,75.4,78.41830810385706,78.05741245829307,77.84036597062041,77.91203280701649
2014-04-29,76.19,77,75.19,76.59,78.40011598342068,77.91765889083659,77.79133201098824,77.88585393955081
2014-04-30,76.19,78.59,75.59,78.19,78.39802527711798,77.94359613932835,77.80696604977301,77.89187663381713
2014-05-01,77.8,79.4,76.8,77.8,78.39207477684815,77.92992031653517,77.80669287135053,77.89005729453362
2014-05-02,78.8,79.59,77,77.15,78.37971582384468,77.85564219115088,77.78094020972894,77.87540269464186
2014-05-05,74.74,78.15,74.74,77.75,78.3734499947517,77.8455810300889,77.77972686817094,77.87291947296579
2014-05-06,75.95,77.15,74.54,74.54,78.33530621370939,77.53076378912805,77.65267875569364,77.80692106756052
2014-05-07,75.75,76.55,72.94,76.55,78.31754197277695,77.43735771397299,77.60943645154879,77.78203154147022
2014-05-08,77.35,78.75,75.55,76.5,78.29945697802295,77.34808555073747,77.56592913972335,77.75664477827279
2014-05-09,74.89,78.31,74.49,78.31,78.29956188371426,77.43969645066723,77.59510838914596,77.7676023074159
2014-05-12,79.31,80.72,79.31,80.52,78.32165579531909,77.73305869346082,77.70981002094416,77.82210523202153
2014-05-13,80.92,80.92,79.91,80.32,78.3415398172562,77.97943405598836,77.81217041227968,77.87156849475377
2014-05-14,79.31,80.12,77.71,78.71,78.34520608773127,78.04901176494185,77.8473794157197,77.88817109881805
2014-05-15,74.89,74.89,71.48,73.89,78.30087567889812,77.65291540637597,77.69218806608363,77.80899939389096
2014-05-16,73.29,75.1,72.48,75.1,78.26902616965536,77.40978060576873,77.59053363211957,77.75535584153668
2014-05-19,75.3,77.3,75.1,77.1,78.25739406846476,77.38027769093361,77.57129701909528,77.74237849813991
2014-05-20,74.89,76.1,72.08,73.49,78.20995731156462,77.00977505370184,77.41124615560135,77.65817298332526
2014-05-21,76.1,76.5,74.89,75.9,78.1869726616983,76.90408219144453,77.35198160047973,77.62335767672475
2014-05-22,76.5,77.71,76.5,77.71,78.18222666506449,76.9808362684498,77.36602153771582,77.62507336629456
2014-05-23,77.3,78.51,77.3,78.51,78.18548809128275,77.12647090954982,77.41088343819756,77.6425966659719
2014-05-27,79.31,79.51,78.71,79.11,78.19468721475258,77.31537844197365,77.47751546022903,77.67165415773482
2014-05-28,79.31,80.52,78.31,79.11,78.20379480465553,77.4862947808333,77.54153446178867,77.70013625362127
2014-05-29,80.72,80.72,78.51,80.52,78.22684162251966,77.77521908742061,77.65833703191461,77.75597513968818
2014-05-30,79.91,80.72,79.11,80.32,78.24766906906176,78.01757917433294,77.76271597183953,77.8067479091993
2014-06-02,80.52,81.8,80.12,81.4,78.27903554598652,78.33971449106313,77.90535456117915,77.87790141594783
2014-06-03,80.19,81.4,79.8,80.59,78.30203021717072,78.55402739667618,78.01063477446624,77.93160633840431
2014-06-04,80.19,82.4,80.19,82.19,78.34071648366654,78.90031050175463,78.17453144997737,78.01593096536659
2014-06-05,82.19,84.8,81.19,83.8,78.39503771268478,79.36694759682563,78.39513805978217,78.13046698585438
2014-06-06,86,86.8,85.4,86.8,78.4786691782302,80.0748573495089,78.72474048881033,78.30214090692657
2014-06-09,87.59,87.59,86,86.8,78.5614684898896,80.71534712574615,79.04141733238639,78.47041534441317
2014-06-10,85.8,86.4,85.4,85.59,78.63140412680613,81.17959978043699,79.29822449582221,78.61139721878122
2014-06-11,84.4,84.8,83.8,84.59,78.69069363798219,81.50439980134774,79.50574510382918,78.72978539266674
2014-06-12,83,83,81.8,82.19,78.72551260675849,81.56969505836224,79.61101000171824,78.79830449380205
2014-06-13,81.8,83.59,81.59,83.59,78.77391546639272,81.76210505280393,79.76704882518027,78.89318955333073
2014-06-16,83.19,83.19,81.8,82.59,78.81188645677688,81.84095219063212,79.87775279282026,78.96639372059151
2014-06-17,82,85.4,82,84.59,78.86938012387363,82.10276626771478,80.06254680094496,79.07775226077781
2014-06-18,83.4,85.59,83,85.59,78.93625196343707,82.43488376602767,80.27930967149614,79.20670766155449
2014-06-19,85.59,85.59,84.19,85.4,79.00056786429839,82.71727578831074,80.48012105692766,79.32934711380094
2014-06-20,84.8,86,84.8,85.59,79.06613435321084,82.99086857037639,80.68050846645991,79.45332043828013
2014-06-23,85,86.19,85,86,79.13512804123859,83.27745251605484,80.88911597757914,79.58295765732409
2014-06-24,85.8,87,84.8,84.8,79.1914949264004,83.42245703833532,81.04248397845839,79.68626542648599
2014-06-25,84.4,85.19,84.4,85.19,79.25118154404815,83.59079446325578,81.20513166557767,79.79525026952587
2014-06-26,84.4,85,83.8,85,79.30838371773922,83.72500451437428,81.35395003163345,79.89831462062436
2014-06-27,84.8,85.4,84.59,85,79.36501671557266,83.84643265586244,81.4969323833341,79.99933809348329
2014-06-30,84.59,84.8,84,84.4,79.41511605173612,83.89915335530412,81.61077817222295,80.08647991341431
2014-07-01,85.19,87,85.19,86.59,79.48650793181835,84.15542446432278,81.80604177331224,80.2152624893863
2014-07-02,86.19,86.19,85.4,85.77,79.5490302409545,84.3091935629587,81.9614911155353,80.32525729157668
2014-07-03,87.17,88.17,86.97,87.97,79.6328209848256,84.65784179505786,82.19711891492607,80.47663833530783
2014-07-07,87.17,87.57,85.97,86.59,79.70204664666814,84.84185686219521,82.36938876139955,80.59769500193539
2014-07-08,86.19,86.19,84,85.19,79.75665314769631,84.87501335150995,82.48000096683487,80.68863173457034
2014-07-09,86.4,86.4,84.8,85.8,79.81678595219685,84.96310731803281,82.61019700735115,80.78984694774717
2014-07-10,82.8,84.8,82.59,84,79.858409972573,84.8713828115535,82.66469908549423,80.85341433492049
2014-07-11,82.8,84.4,82.8,84.4,79.90359992309466,84.82648921045318,82.73275010174936,80.92364375403098
2014-07-14,85.19,86.4,84.8,85.19,79.95620091888476,84.86110928564811,82.82911284285723,81.00812605593136
2014-07-15,85.19,85.4,83,84.8,80.004397924667,84.85528935368163,82.9064025352942,81.08321266868519
2014-07-16,85,85.4,84.4,85,80.05410540800365,84.86907131999766,82.98850439665522,81.16077281385974
2014-07-17,84.19,84.59,78.8,78.8,80.0416267472275,84.29106452761692,82.82424932227659,81.11402483734766
2014-07-18,81.8,83.59,81.19,83.59,80.0769339437725,84.22429647736769,82.85427876061868,81.16305404848929
2014-07-21,81.59,82,80.4,80.8,80.08412863089914,83.89817300333267,82.77371880922188,81.15586485941029
2014-07-22,82.19,83.19,82.19,82.8,80.1111522266116,83.79358509825337,82.77474944415435,81.18842199090712
2014-07-23,81.59,82.59,81.19,82.4,80.13392683132193,83.66086270794352,82.76005338752086,81.21241363465153
2014-07-24,83.19,84,82.19,83.8,80.17040517130877,83.67411387861557,82.80083560761808,81.26365296861883
2014-07-25,81.19,82.19,78.8,79.19,80.16064989597237,83.24705541398552,82.6592342112409,81.22259053359667
2014-07-28,78.19,79,75.8,78.4,80.14313099153483,82.78543108884405,82.49220541864322,81.16669765174328
2014-07-29,78.59,80,76.19,76.19,80.10379635480314,82.15729479466843,82.24506010810819,81.06814918339192
2014-07-30,77.59,77.59,74.59,76.4,80.06694265973047,81.60898100470001,82.01584206465297,80.975710585701
2014-07-31,71.4,71.8,65.4,65.4,79.92100293177296,80.06526852806192,81.36424041505873,80.66728067311286
2014-08-01,65.59,67,61.4,62.79,79.75054519115831,78.42000485872269,80.63583883015447,80.31327511522943
2014-08-04,62.79,66.8,61.4,66.59,79.61959449273883,77.29333772932053,80.0850216211288,80.04152709314567
2014-08-05,64.19,65.4,61,61.4,79.43830499529864,75.77968651700428,79.35227567520218,79.67238794278636
2014-08-06,60.4,63.4,60.2,62.59,79.27066016947477,74.5235258963372,78.6949315310766,79.33412283500842
2014-08-07,63.79,64.59,58,58.79,79.06687250609691,73.0250948585908,77.9143459808383,78.92730852144389
2014-08-08,60.59,67,59.4,67,78.94680412295168,72.45127630062977,77.4863324129623,78.69112419428659
2014-08-11,68.8,70.4,67.59,67.8,78.83589064909145,72.00829760533169,77.10647623990495,78.47545836865714
2014-08-12,68,68.19,65.8,66.8,78.71613054313035,71.51226926196676,76.70230070108515,78.24426117323819
2014-08-13,67.8,70.8,66.19,69.4,78.62343272678079,71.31110076082707,76.41593596770926,78.06912728861961
2014-08-14,70.8,72.59,70.8,72.4,78.56150802303173,71.41480545027211,76.25844828270105,77.95686734231032
2014-08-15,73.8,74.19,66.8,70.19,78.47820943573788,71.29815731215096,76.02046991867356,77.80306798899724
2014-08-18,74.19,75.8,74.19,75.4,78.44758048612854,71.68880899670802,75.99613776500009,77.75548248426462
2014-08-19,76,78.19,76,78,78.44312694895314,72.28987480654536,76.07472059774518,77.76032441526928
2014-08-20,76.8,78.59,76.19,78.59,78.44458837234664,72.88988672973151,76.17335900567674,77.7767536347689
2014-08-21,78.59,81,78.19,80.19,78.46195565222379,73.58513561261422,76.33087433878745,77.82454069150614
2014-08-22,78.8,79.8,78.19,78.4,78.46133917807231,74.04369412569858,76.4120165215801,77.83593592533771
2014-08-25,80.19,81.4,80.19,81,78.48659948475816,74.70619944706061,76.59193744230245,77.89859065948944
2014-08-26,81,82.19,80,80,78.50165819635261,75.21037092829293,76.72558695436902,77.94020272563817
2014-08-27,81,81,79.8,80.59,78.52243771678691,75.72271655416979,76.87713256400161,77.99267395879386
2014-08-28,78.4,81,78.4,80,78.5371398290577,76.1300768823441,76.9995979536486,78.03242298931279
2014-08-29,80.19,80.8,79.19,80.8,78.55965585065911,76.57483146497799,77.14863332801532,78.08722649447492
2014-09-02,80.19,81.4,79.4,80.59,78.5798582800058,76.95722846831342,77.28358888377943,78.13678636587146
2014-09-03,81.8,82.19,79.4,80.4,78.59796914289132,77.28511147133119,77.40580108441553,78.18160247743836
2014-09-04,82.8,82.8,78.4,79.59,78.6078400966934,77.50462466453774,77.49145594385021,78.20949153729107
2014-09-05,79,81.19,77.59,81,78.63164268279594,77.83751755362938,77.62904590683648,78.26474913061205
2014-09-08,80.19,80.59,77.59,78.8,78.63331787998206,77.92918254852182,77.67496567519584,78.27534815772864
2014-09-09,77.8,78.19,74.59,74.8,78.59517541351458,77.63116516294832,77.56222192322737,78.20652938232807
2014-09-10,73.19,77.59,73,77.59,78.58517366810648,77.62724467123896,77.56331125957139,78.19432087970772
2014-09-11,74.8,77.4,74.4,77.19,78.57129134305069,77.58560232159715,77.5486716023333,78.17443333753529
2014-09-12,75.19,75.19,70.8,71.8,78.5039153097865,77.03459257668314,77.32323350028102,78.04820693481182
2014-09-15,70.59,73.19,69.8,72.19,78.44109028182844,76.57320280747523,77.1219302257602,77.93220283709277
2014-09-16,72.8,76.19,72.4,74.19,78.3987908760391,76.3462311115252,77.00695256984802,77.85809981061568
2014-09-17,75.8,77.4,73,75,78.36497206135215,76.21801862471328,76.92824854750104,77.80150377476191
2014-09-18,76.4,76.8,74,75.4,78.33546985178646,76.1401120890263,76.86831723191277,77.7539492445686
2014-09-19,77,78.19,73.8,74.8,78.30029104729107,76.01248236626189,76.78720675222992,77.6954552001217
2014-09-22,70.8,72,69.4,70.19,78.21959163388519,75.45796023614172,76.5284927619464,77.54683232487176
2014-09-23,67.4,69,64.19,64.19,78.07999370717987,74.38482116603298,76.0446303006936,77.28234059566638
2014-09-24,65.59,70,64.8,68.8,77.98765546133728,73.8529334359346,75.76052715164678,77.11437345515814
2014-09-25,66.19,66.19,60.79,60.79,77.81653451147324,72.60884453727417,75.17344765550378,76.79111853525403
2014-09-26,59.4,65.8,59.4,64.8,77.68701675514016,71.86514505753377,74.76664578666049,76.55367064346682
2014-09-29,60.2,64,59.59,63.59,77.54674793170594,71.07703600443531,74.32834595188949,76.29696429409124
2014-09-30,63.2,65.59,61.2,62,77.39205392243524,70.21255638496528,73.84488140475656,76.01385609024784
2014-10-01,59,60.2,54.79,56.4,77.18317776400305,68.89707482449239,73.1607684084916,75.62546290034194
2014-10-02,57.2,57.2,49.4,55.79,76.9703103235652,67.64878198406454,72.47956180423704,75.23268145677082
2014-10-03,58.59,61.79,58.59,60.79,76.80931221089291,66.99556465224887,72.02114761583559,74.94668776455754
2014-10-06,62.4,62.4,56.79,58.2,76.62414492521239,66.15789182822517,71.47914182697929,74.61507018506136
2014-10-07,54.79,56.79,49.4,49.4,76.35325791103118,64.56190213029896,70.61329312788206,74.11576186456509
2014-10-08,50.79,58.4,48.79,58.4,76.17461852883186,63.97505430836573,70.1343404562004,73.80455865932618
2014-10-09,57.4,57.4,50.4,50.4,75.91815466287333,62.682191993283276,69.36044475203569,73.3411020522108
2014-10-10,51,51,43.2,43.2,75.59260088513331,60.826745136780104,68.33454495783822,72.74424854622643
2014-10-13,44,44.4,38,38,75.21854515493298,58.652769409467716,67.14495495949163,72.05624362451897
2014-10-14,40,42,37,37.79,74.84612182005803,56.66583898951841,65.99378025519783,71.37770414680573
2014-10-15,34,37.59,29.2,35.79,74.45750369249527,54.67766384765952,64.80931828440576,70.6729971339977
2014-10-16,33.4,39,33.4,36.2,74.07683201396297,52.91788633835861,63.68738423403691,69.99036352738388
2014-10-17,41,43.2,40.59,41,73.74770930735637,51.78284954422922,62.79768289152566,69.41629692288123
2014-10-20,41.4,46,41.4,46,73.47161269733293,51.232101968588346,62.138950229112886,68.95260787490338
2014-10-21,50.2,56.2,50.2,55.79,73.29567625258335,51.66618749538946,61.88997178875552,68.69196217441024
2014-10-22,54.79,57.4,51.2,51.2,73.07581877743327,51.62178868630475,61.47075720880432,68.34558668580806
2014-10-23,55.4,58.2,55.4,56.4,72.90989023238419,52.0768564304662,61.271903984929644,68.10904041480195
2014-10-24,57.2,60,56,59.79,72.77934406091768,52.81144153232656,61.213790103167696,67.94430694124152
2014-10-27,57.79,60.4,57.59,60.4,72.65616650807273,53.5341613863907,61.18187676578857,67.79491472458328
2014-10-28,60.79,64.4,60.79,64.4,72.57401559754464,54.5690031591154,61.30807767693412,67.72768869043311
2014-10-29,66,66,62.2,63.4,72.48273186025564,55.41005047729488,61.390113846466114,67.64199188468196
2014-10-30,64.19,67.19,63,66.4,72.42220716512873,56.456712336600134,61.58657997013411,67.61739798597539
2014-10-31,69.19,71,68.59,71,72.40805585005282,57.84178735216203,61.95573369679552,67.68438020407488
2014-11-03,70.19,71.8,69.8,70.8,72.3920552943309,59.07590284243231,62.30256766947021,67.74607564557836
2014-11-04,70.19,70.4,68.8,70.4,72.37223384861616,60.15438828601019,62.620114035373334,67.79862860309166
2014-11-05,71.19,72,70.8,72,72.36853002922695,61.282541782580644,62.98795270065281,67.88182407629776
2014-11-06,72.59,74.8,72.4,74.8,72.39272376027941,62.5699187556682,63.45117024180368,68.01881765894532
2014-11-07,73.19,74.4,73,73.8,72.40672650893335,63.63945030274742,63.857006702909416,68.13329651718404
2014-11-10,74.19,74.8,73.4,74.59,72.42845062327231,64.68235979772386,64.27790840083453,68.26115203169525
2014-11-11,74.19,75,73.4,74.19,72.44597847776711,65.58784934079777,64.66661787531162,68.37855496176068
2014-11-12,72.8,74.4,72.8,74.4,72.46542147798833,66.42710178453132,65.04831913510331,68.49779149717136
2014-11-13,74,74.8,71.8,72,72.46079041850585,66.95785399552834,65.32093407098161,68.56714216059372
2014-11-14,71.8,73.19,71.8,72.59,72.46207608598341,67.49424885309706,65.60599547996271,68.64680271186909
2014-11-17,71.59,73.4,71.59,72.8,72.46543851298856,67.99955848613544,65.88811330427791,68.72904424232712
2014-11-18,73.59,74.8,73.59,74.59,72.4865784282822,68.62721958269397,66.22936376293367,68.84510277218203
2014-11-19,73.8,74,73.4,73.59,72.49755774740377,69.09986533672311,66.51801616438725,68.93906113312892
2014-11-20,74,74.8,74,74.4,72.51648752106145,69.60464006655901,66.82711356970539,69.0471985364333
2014-11-21,77.8,77.8,75.4,75.8,72.54915928702104,70.19467434593435,67.17899146893262,69.18091737729601
2014-11-24,76,76.59,75.19,76.4,72.58747611003575,70.78565774155965,67.54059964662154,69.32386950843866
2014-11-25,76.4,77.19,75.19,77,72.63138182038365,71.37749986141111,67.91155652322462,69.47587209242998
2014-11-26,75.59,76.19,75.19,76.19,72.66679095649924,71.83583320794338,68.23620136545111,69.60882512030265
2014-11-28,75.8,76,75.19,75.4,72.69398706638482,72.17527766432973,68.51713464523733,69.72350185059369
2014-12-01,74.59,75.19,73.8,74.4,72.71096231945562,72.38715598201262,68.74783524738488,69.81610577434431
2014-12-02,74.59,75.59,74.4,74.8,72.73174876403814,72.61695065039237,68.98517504160509,69.91479674910977
2014-12-03,75.8,76.59,75,75.95,72.76377116439598,72.93438392178358,69.25830543213038,70.03430572437492
2014-12-04,75.55,75.75,74.14,75.15,72.7875147348995,73.1453949768518,69.4893522779292,70.13560660111997
2014-12-05,76.15,76.55,75.75,75.95,72.81898224997514,73.41250021715163,69.74271101212805,70.25074310406809
2014-12-08,76.15,76.75,74.34,74.74,72.838096854453,73.5389287678991,69.9386831292995,70.33963928022516
2014-12-09,73.34,75.55,72.74,75.55,72.86508096535397,73.73045936143251,70.15873477128775,70.44281474002268
2014-12-10,74.34,74.34,69.73,69.73,72.83388612987781,73.34946323177228,70.14192164300196,70.4286995966559
2014-12-11,72.34,72.54,70.94,71.34,72.81902159127206,73.1580857811273,70.18890510798228,70.44674514919737
2014-12-12,70.14,70.14,65.93,65.93,72.75047411275195,72.46969665911517,70.02188922139474,70.35730465119346
2014-12-15,67.33,67.33,63.72,65.33,72.67663854944098,71.78972554872325,69.83789356565377,70.25775406404111
2014-12-16,64.72,68.33,62.92,62.92,72.57955756884952,70.94498978217818,69.56660362190264,70.11245200336703
2014-12-17,64.52,68.13,62.72,67.93,72.53329331443311,70.65784789816121,69.50242308771038,70.06923513201322
2014-12-18,71.94,73.34,71.54,73.14,72.53933019687656,70.89424333643157,69.64507316270213,70.13004235712187
2014-12-19,74.54,75.55,74.14,74.94,72.56321745859918,71.27955349486666,69.85271735240009,70.22528904311945
2014-12-22,75.35,75.75,75.15,75.75,72.5949267376181,71.70531030487936,70.08398333858048,70.33468926008737
2014-12-23,75.95,76.35,75.95,75.95,72.62831055117414,72.10956646631942,70.31402320765575,70.44588353216486
2014-12-24,76.15,76.55,76.15,76.35,72.66534228698335,72.5134172790509,70.55072817990454,70.56279672954773
2014-12-26,76.55,77.15,76.55,76.95,72.70797569706312,72.93594896676034,70.80168001598672,70.68927600222995
2014-12-29,76.75,77.75,76.75,77.35,72.75416499360975,73.35633477944982,71.05847687810488,70.82117152693826
2014-12-30,76.75,77.15,76.35,76.55,72.79193449616089,73.66049337188318,71.27383072602234,70.93461367491967
2014-12-31,76.35,77.15,75.1,75.1,72.81490032206973,73.79758924122764,71.42387657990382,71.01709657244602
2015-01-02,76.1,76.1,73.69,75.5,72.84161773180038,73.95972359920596,71.5837245571625,71.10586693734808
2015-01-05,72.48,72.48,68.87,68.87,72.80209914740436,73.4749880183292,71.47730398629338,71.0615923445293
2015-01-06,68.27,69.27,64.65,66.13,72.73571010116153,72.7754653499169,71.26760579075246,70.96393705057822
2015-01-07,68.72,69.12,67.33,69.12,72.6997328862246,72.42732579278196,71.18338595582098,70.92742344561628
2015-01-08,71.31,72.7,71.11,72.5,72.69774549432186,72.43424714585034,71.23501787912213,70.95856357540606
2015-01-09,71.11,71.11,69.32,69.92,72.6701062356719,72.19479503672173,71.1834485505291,70.93799796005149
2015-01-12,67.52,68.32,67.13,67.72,72.62085144725725,71.76862408084347,71.04762703874366,70.87427522816928
2015-01-13,69.52,69.92,64.74,66.33,72.55825591046862,71.2506598826679,70.86262205683214,70.78428958008672
2015-01-14,62.74,63.34,60.15,62.54,72.45857177205599,70.42107322717573,70.5362447212701,70.62103632107511
2015-01-15,61.75,63.54,59.76,59.76,72.33221782407533,69.40573291982565,70.11364688906342,70.4059662949152
2015-01-16,60.35,62.74,58.76,62.74,72.23677287060194,68.77090121317559,69.8244842659629,70.2541649821446
2015-01-20,62.35,63.94,61.75,63.34,72.14824776741187,68.25367252620649,69.5701907653369,70.11725082408233
2015-01-21,63.34,65.73,63.34,65.33,72.08040450604459,67.97522752371063,69.40390877453937,70.0224537780609
2015-01-22,66.13,69.52,65.33,68.92,72.04895769503916,68.0652058547858,69.38493195985156,70.00062301017851
2015-01-23,67.52,68.72,66.53,67.33,72.00200289210345,67.9951862495681,69.30434639279855,69.94773938621458
2015-01-26,64.94,67.52,64.94,67.52,71.95740584840092,67.9499304162759,69.2343720244535,69.8996653389628
2015-01-27,64.54,65.93,63.14,64.34,71.88161076533225,67.60612751948773,69.0424358666318,69.78957295601305
2015-01-28,65.33,65.33,61.07,61.07,71.77403254876178,66.98363918429843,68.72979132284232,69.61690814500288
2015-01-29,60.87,63.87,59.88,63.47,71.69140535922186,66.64900688103191,68.52352499645635,69.49518719163649
2015-01-30,62.87,62.87,60.67,60.87,71.58372968400572,66.09862527331458,68.2233867613012,69.32439140566349
2015-02-02,59.88,63.27,57.88,63.2,71.50030948814496,65.8225657234751,68.02639120203449,69.20311632832362
2015-02-03,64,66.8,64,66.8,71.45354023950671,65.91565470219174,67.97829742940569,69.15552986637661
2015-02-04,66.59,67.59,66.19,66.19,71.40116670478525,65.94178282579253,67.9081681184486,69.09680650268598
2015-02-05,66.8,67.4,66.19,67.4,71.36135410075754,66.08066065190752,67.88823995694081,69.06320637391993
2015-02-06,68,70.19,68,68.59,71.33377843806343,66.31964535172585,67.91575995862941,69.05383595067399
2015-02-09,67.8,69,67.4,68.4,71.30458661280908,66.5177743658472,67.93474976417335,69.04088870412599
2015-02-10,68.4,69.8,67.8,69.8,71.28961560173634,66.83036728338557,68.00789683224498,69.05592061097498
2015-02-11,68.59,69.8,67.59,69.59,71.27270400370912,67.09318944687266,68.06994009372556,69.06649644046063
2015-02-12,70,72.4,70,72.4,71.2839208792941,67.59859997574193,68.23974636455985,69.13250641193665
2015-02-13,72.19,72.8,71,72.59,71.29691669144043,68.07397140662366,68.41034454634182,69.20097163150226
2015-02-17,71.8,73.4,71.59,73.19,71.31575334127685,68.56121222504045,68.59778201511273,69.27996229226459
2015-02-18,73,73,71.4,72.59,71.32843241250792,68.94490629884612,68.75433958314753,69.34550759340786
2015-02-19,71.8,74.19,71.59,72.94,71.34446791089093,69.32539141324173,68.91848312890644,69.41668566086513
2015-02-20,70.94,73.94,70.14,73.54,71.36631400132983,69.72678270721872,69.09971908463561,69.49833544975888
2015-02-23,72.34,72.94,72.14,72.74,71.37998251872953,70.0137557827217,69.24247519896362,69.56252682699139
2015-02-24,72.94,74.5,72.54,73.5,71.4010772200357,70.34577904151011,69.40943695586701,69.64049659279354
2015-02-25,73.7,74.3,72.7,73.3,71.41997197406519,70.62713341850915,69.56200805563692,69.71296200679762
2015-02-26,73.5,73.7,72.7,73.5,71.44066877034315,70.90073975960351,69.71643911227861,69.78795285814817
2015-02-27,72.7,73.7,72.5,72.9,71.45518947909595,71.09114549678412,69.84128463728729,69.84957755402642
2015-03-02,72.31,73.5,72.31,73.5,71.47553585243828,71.3205602113761,69.98476367111915,69.921863147016
2015-03-03,73.3,73.7,72.11,73.3,71.49368972455332,71.50907828648315,70.1147729389184,69.98875694608499
2015-03-04,70.71,71.91,70.11,70.71,71.48589181684632,71.43297559253237,70.13811517660788,70.00303898675658
2015-03-05,69.32,70.51,69.32,70.31,71.4741914007583,71.32602553610072,70.14485575791738,70.00911742266238
2015-03-06,69.12,69.12,64.94,65.33,71.41305516791493,70.7549754850435,69.95603788505788,69.91646163211462
2015-03-09,65.73,65.93,65.33,65.73,71.35650735529886,70.27640639122984,69.79031090917326,69.83356140177571
2015-03-10,64.14,64.54,62.54,62.54,71.2687809139526,69.53960578254129,69.50598499116646,69.6891344433247
2015-03-11,62.54,62.54,60.75,60.95,71.16610647699784,68.72154808896593,69.17045616798346,69.51608227613015
2015-03-12,65.33,66.13,64.34,66.13,71.11599596478891,68.47473398525489,69.05122259276843,69.44903114194935
2015-03-13,64.74,64.74,61.55,63.47,71.03991640295021,67.99809265332586,68.8323511185422,69.33063448567313
2015-03-16,64.47,66.26,64.47,66.26,70.99235504570693,67.83256001967577,68.73147460408957,69.26982984239247
2015-03-17,65.06,65.66,64.27,64.27,70.92546594077453,67.49326858923045,68.5565148156939,69.17082331085994
2015-03-18,63.27,69.66,62.47,68.53,70.90163045877678,67.59200491406565,68.55547501900003,69.15813374034786
2015-03-19,67.53,67.93,65.93,66.53,70.85813164824168,67.49086158891654,68.47604462609807,69.10609148806375
2015-03-20,67.93,69.93,67.73,69.53,70.84491640796067,67.68506524711496,68.51737620938835,69.11448571602288
2015-03-23,70.14,70.74,69.53,69.53,70.83183266260782,67.8607733188183,68.55708694627508,69.12271372164619
2015-03-24,68.93,69.33,67.53,67.53,70.79897860626346,67.82927109797846,68.5168090268133,69.09117483606904
2015-03-25,68.73,68.73,62.52,62.52,70.71660070968373,67.32362623150432,68.28164004536964,68.96105256208747
2015-03-26,61.72,63.12,60.32,61.92,70.62907234441325,66.80899516183725,68.03216396515907,68.8216257786798
2015-03-27,60.92,62.12,60.92,61.32,70.53644475889669,66.28623371785275,67.76894184887833,68.67307873355743
2015-03-30,63.72,66.33,63.72,65.73,70.48861943791265,66.23325907805726,67.68898334500075,68.61479994675432
2015-03-31,63.72,65.93,63.12,63.32,70.41728989126675,65.955805832528,67.51765066480465,68.5099524230562
2015-04-01,61.52,64.52,61.52,63.32,70.34667009135364,65.70477670562057,67.35303691324368,68.40718108794619
2015-04-02,63.92,64.92,63.92,64.72,70.2906833242755,65.61098844794242,67.24978056370472,68.33416760105617
2015-04-06,64.72,67.93,64.72,66.73,70.25525363945684,65.7175609767098,67.22939701218688,68.30240190598575
2015-04-07,66.93,66.93,65.33,65.33,70.20624614055677,65.68065040749934,67.15491085484622,68.24354246230286
2015-04-08,65.53,66.13,64.52,65.13,70.15573622871044,65.62820751154702,67.07550258602872,68.18188815611865
2015-04-09,65.13,66.53,64.12,66.33,70.1176692015591,65.69504489139969,67.04626719049818,68.14521710352224
2015-04-10,66.53,67.53,66.13,66.73,70.0839610502998,65.79361204459973,67.03386455557668,68.1171930024624
2015-04-13,66.53,67.73,65.13,65.13,70.0346679055207,65.73041089749499,66.95920320045603,68.05804066577997
2015-04-14,65.93,67.53,64.92,67.53,70.00974583680906,65.9018003358288,66.98158738867345,68.04758441497245
2015-04-15,69.33,71.14,69.13,70.54,70.01502199763684,66.34353363717844,67.12113298127449,68.0969391790324
2015-04-16,68.93,70.74,67.73,69.33,70.00820585835687,66.6279590050662,67.20775521730293,68.12135622499216
2015-04-17,66.13,66.53,64.12,65.73,69.96563664583591,66.5424390998218,67.14980403231066,68.07400263637845
2015-04-20,69.53,69.93,69.13,69.53,69.96130195284252,66.82696870936259,67.2431450506514,68.10283426734125
2015-04-21,69.33,69.33,66.13,66.73,69.92914969460529,66.8177335941852,67.22302171533174,68.0756494303642
2015-04-22,66.13,69.13,64.52,68.53,69.91522780709677,66.98080658521518,67.27427576571088,68.08464647134709
2015-04-23,67.73,71.54,67.13,69.33,69.9094046448371,67.20453929138516,67.35489240234968,68.10930693726101
2015-04-24,68.73,70.34,68.13,68.93,69.89965932498797,67.36886888268181,67.41666132774773,68.12555828503803
2015-04-27,68.93,70.74,67.93,67.93,69.88006072473932,67.42230994147401,67.43679225607136,68.12168584375014
2015-04-28,68.13,70.34,66.33,70.34,69.88463723494093,67.70018518514316,67.550643540147,68.16561285674518
2015-04-29,69.93,71.14,67.33,69.13,69.87712840673255,67.83635802465334,67.61257908759221,68.18470963185914
2015-04-30,65.53,66.33,61.32,63.12,69.80989329820785,67.38718106992445,67.43639951552977,68.08441835202034
2015-05-01,66.13,68.13,64.52,67.73,69.7891978425043,67.41983049183641,67.4479132600188,68.07740016683181
2015-05-04,69.13,70.74,69.13,69.33,69.78462870974306,67.60175139737579,67.52172058315531,68.10220412392425
2015-05-05,69.53,69.53,62.52,63.12,69.71831399621328,67.17491793095905,67.34910408969824,68.00354661651981
2015-05-06,61.92,63.72,58.71,61.12,69.63275863306689,66.59825908039153,67.10482549794537,67.86723876272734
2015-05-07,61.92,63.52,60.92,63.52,69.57193516408114,66.30509154892567,66.96424410586908,67.78115482683175
2015-05-08,66.93,67.73,66.13,66.93,69.54564725200073,66.36460663950419,66.96290119975657,67.76430027580538
2015-05-11,67.13,68.13,66.13,66.13,69.51166071217983,66.3422631500276,66.93023840760925,67.73193789410627
2015-05-12,62.92,66.13,62.32,64.72,69.46398249613824,66.18776189764402,66.84356239162457,67.6722955595695
2015-05-13,65.73,66.33,64.52,65.13,69.42085829219657,66.08702266929697,66.77636386646283,67.6219530732414
2015-05-14,66.53,66.93,65.53,66.73,69.39408358282148,66.1482586055544,66.77454567562116,67.60429063614751
2015-05-15,66.13,68.13,66.13,67.33,69.37354543771878,66.26080540502541,66.79632819814582,67.59885913840202
2015-05-18,66.93,69.13,66.73,69.13,69.37112210003004,66.53406203311823,66.88784473939499,67.62917875942377
2015-05-19,67.53,69.13,67.53,67.93,69.35678257664665,66.66700850615459,66.92871357314421,67.6351356156728
2015-05-20,67.53,69.33,67.13,67.33,69.33661558583425,66.73015055318749,66.944450295766,67.62909332625352
2015-05-21,67.53,69.33,67.53,68.53,69.32858956010456,66.90156478621725,67.00662871553989,67.64693306236731
2015-05-22,67.13,67.73,66.13,66.73,69.30273294756621,66.88522528276799,66.99578053061676,67.6287759720234
2015-05-26,63.12,63.12,61.92,62.52,69.23524306749093,66.469489541552,66.82025972549452,67.52761209138927
2015-05-27,63.12,64.92,63.12,64.12,69.18434512652087,66.24572863283275,66.71436718723983,67.46013462423305
2015-05-28,62.72,64.12,62.72,64.12,69.13395363272464,66.04327828684868,66.61262729754415,67.39399334454527
2015-05-29,62.92,62.92,58.51,58.71,69.03023270105574,65.34487083095833,66.30272034469928,67.22203308029684
2015-06-01,58.31,62.54,57.51,60.55,68.94585227616962,64.88821646610515,66.07712346843657,67.08991361336027
2015-06-02,58.16,62.15,57.96,60.15,68.85833135799878,64.43695775504752,65.84468725398807,66.95248958141254
2015-06-03,59.76,61.55,59.16,60.95,68.77964149374009,64.10486654028108,65.65273873422383,66.83362840158259
2015-06-04,59.36,59.76,56.57,56.77,68.66014257340437,63.40630782215907,65.30439603876407,66.63434863125421
2015-06-05,53.98,56.97,53.98,56.17,68.53586254779836,62.717135648620115,64.94618442940077,66.42713380687294
2015-06-08,55.77,55.77,54.18,54.18,68.39301814433767,61.904075110656294,64.52398111844388,66.18461630574674
2015-06-09,53.18,54.98,52.78,53.38,68.24363487921988,61.09225843345093,64.08696225105393,65.9310595472171
2015-06-10,55.57,58.56,55.57,57.96,68.14131015405351,60.7939481064556,63.84668922160084,65.77321678390588
2015-06-11,59.16,59.16,57.56,57.76,68.03801353560522,60.50500066774554,63.6079955266361,65.61453922382853
2015-06-12,56.77,57.17,55.77,56.17,67.91992384868377,60.09214346129359,63.31630942755233,65.42751864513886
2015-06-15,52.58,54.38,51.79,53.4,67.77544699446801,59.454796464979914,62.92743454804048,65.1893499590965
2015-06-16,53.79,56,53.2,55.59,67.65419876566733,59.086720611172304,62.639692016744775,64.99926382129262
2015-06-17,56.4,58,53.59,56.59,67.54410723566069,58.84893769582256,62.402449192558706,64.83274374562346
2015-06-18,58.4,61.59,58.4,60.4,67.47302159152476,58.99665791526803,62.32392177324268,64.74496664174973
2015-06-19,59,60.2,58.2,58.4,67.38274276971853,58.93983335190917,62.17004248801748,64.6193237379527
2015-06-22,59.4,60.59,59,59.2,67.30132244365169,58.96461112791782,62.05357023358542,64.5120103966071
2015-06-23,58.79,59,58,59,67.21872222033177,58.96798149668755,61.93382238128795,64.4028616758822
2015-06-24,59,59,56.79,56.79,67.11495384002995,58.760554687479214,61.732103856531566,64.25211193972612
2015-06-25,56,56.79,54.59,55,66.99440703565155,58.402406622005,61.46809978372641,64.0689018023058
2015-06-26,55,55.59,53.59,54.59,66.87098009997342,58.03932027705215,61.19837038044302,63.88120077651757
2015-06-29,52,53.2,47.4,47.49,66.67813452683936,57.03462310780909,60.66078722826879,63.5566225433192
2015-06-30,49.29,50.5,47.49,48.69,66.49914811363698,56.23989709754156,60.19134459186609,63.26223397810496
2015-07-01,50.3,50.5,49.29,50.4,66.33895758514308,55.68371642158522,59.807370294145855,63.00753627556823
2015-07-02,51.6,51.6,49.39,50.4,66.18036099225608,55.1805053338152,59.43845381202249,62.757882091893606
2015-07-06,48.69,50.7,47.48,49.39,66.01329272367641,54.629028635356605,59.04439679978631,62.49317155542047
2015-07-07,48.99,53.42,45.56,52.41,65.87793657717218,54.41769257484645,58.78422437626528,62.293504791946795
2015-07-08,49.59,49.59,44.15,44.64,65.66661382516051,53.4864837581944,58.22954891052939,61.94393043963102
2015-07-09,49.89,49.89,45.45,46.06,65.47152314033305,52.77919959074732,57.75231169835177,61.62939716359872
2015-07-10,49.69,50.1,48.28,49.49,65.31250300958347,52.46594248686662,57.42829947488699,61.38901306134924
2015-07-13,51.71,53.93,51.71,53.93,65.1992442731697,52.60537653573647,57.29111126018554,61.24130983241163
2015-07-14,53.93,54.94,53.53,54.34,65.09119209134711,52.77057877042823,57.17538140684493,61.10465023176982
2015-07-15,53.53,54.54,52.12,53.76,64.97844391133371,52.86480936372078,57.0414448810863,60.95921161331893
2015-07-16,55.75,56.34,54.96,56.15,64.89059869828561,53.17768466241404,57.0064862582986,60.8639797001839
2015-07-17,54.76,54.76,53.17,54.16,64.78382657193451,53.27123850408889,56.89485934620846,60.731227626912926
2015-07-20,53.37,54.36,53.17,53.96,64.67612680504959,53.336834837032804,56.77976682282774,60.59714391152851
2015-07-21,53.37,53.37,51,51,64.54004594131776,53.114279138267776,56.55310930036391,60.40710145783488
2015-07-22,51.8,53.01,51,51.6,64.41128926528475,52.97006207748037,56.35886971995748,60.23270340916488
2015-07-23,52,52.81,50,50.6,64.27386350145107,52.7443418796251,56.13303169172386,60.041956807003196
2015-07-24,49.79,50,47.38,48.39,64.1158151084018,52.32964265299414,55.82938339008763,59.811224989042735
2015-07-27,45.78,46.98,44.57,45.38,63.929389087422685,51.667771924137554,55.41960364929988,59.525458157576544
2015-07-28,46.58,49.59,46.18,48.89,63.779743424861266,51.40322221707684,55.163540761092044,59.31485502574335
2015-07-29,50.3,52.91,50.3,52.31,63.66561662461389,51.489582005926664,55.05163720183353,59.17614502523358
2015-07-30,50.5,51.91,50.5,51.3,63.542575663174944,51.471526576790794,54.90451417431065,59.02018175740717
2015-07-31,52.51,53.72,51.91,52.71,63.43478884065579,51.589476426620244,54.81845479492592,58.89522766320109
2015-08-03,50.5,52.51,49.89,51.71,63.318124275077125,51.600954862180224,54.696554606889606,58.75294592729612
2015-08-04,51.1,51.91,50.1,50.3,63.188590700200734,51.47705439911544,54.52414070073707,58.58556085942887
2015-08-05,53.11,53.11,51.1,51.3,63.07029626537287,51.46019207539016,54.39770381051209,58.44129232755899
2015-08-06,51.5,51.5,48.28,49.89,62.939149038851745,51.31064997297205,54.22093111206064,58.27195980622119
2015-08-07,48.89,51.59,48.49,51.59,62.82622218274377,51.337254737450905,54.117757342960225,58.139643770454434
2015-08-10,53.78,55.17,53.78,54.18,62.74019012122393,51.6079923815032,54.12019823147159,58.06123498292068
2015-08-11,52.58,54.38,52.19,52.39,62.6372031548436,51.68246929755052,54.05234732043349,57.948933300090566
2015-08-12,50,53.38,48.8,52.98,62.54111158116356,51.80604365016475,54.01029448433806,57.85053858127689
2015-08-13,52.78,53.58,52.39,52.78,62.44398609279378,51.89880139776811,53.962047641815,57.750131876697154
2015-08-14,53.18,54.38,52.98,54.38,62.36374742520379,52.1351060265521,53.97843793037127,57.683396592010084
2015-08-17,52.19,55.77,52.19,55.57,62.29614794833609,52.46223878592809,54.040852129180244,57.64154715454454
2015-08-18,55.17,55.77,54.18,54.98,62.22335045631285,52.702025568220655,54.07768145744769,57.58884325049415
2015-08-19,53.18,55.17,52.19,53.58,62.13734696918536,52.78564218077107,54.05816453754778,57.5094602158309
2015-08-20,51.19,51.19,46.21,46.21,61.97886590481536,52.15939054450716,53.750393379212575,57.2857085283887
2015-08-21,42.03,42.82,34.06,34.06,61.70106624407093,50.43563906407791,52.97822108983169,56.82579350802457
2015-08-24,17.52,29.08,17.52,19.92,61.28533424164236,47.52938772464192,51.68182026277947,56.09498571578646
2015-08-25,24.3,25.49,17.13,17.13,60.84597768202403,44.634207941342694,50.326846919141055,55.32340184022633
2015-08-26,21.31,26.09,17.92,25.89,60.498157008571056,42.84904528026244,49.3685391968218,54.74056219982581
2015-08-27,30.27,33.06,27.09,32.27,60.21727982440617,41.841517158332685,48.69800824792683,54.29560057210649
2015-08-28,32.07,32.47,30.27,32.07,59.93720738834243,40.910896476586714,48.04592949310617,53.85548966968854
2015-08-31,30.47,31.27,28.68,29.28,59.63216054865743,39.80319205024512,47.31001068945495,53.368846309892724
2015-09-01,23.9,23.9,21.51,21.75,59.255223627775266,38.08384042641225,46.307657329084165,52.74273054138
2015-09-02,23.15,26.14,21.95,26.14,58.92571891506108,36.94633181437299,45.516768806374984,52.215943797986334
2015-09-03,27.74,29.14,26.54,27.34,58.611433154712216,36.03144307014699,44.803954343379885,51.72335085149155
2015-09-04,25.54,25.54,23.35,24,58.267040785013585,34.885591349180615,43.988112996580675,51.174373606907565
2015-09-08,28,29.79,26.39,29.6,57.98179659809803,34.3822016968777,43.42387327122457,50.747158287958904
2015-09-09,30.6,31,26.39,26.6,57.66953991552989,33.641039630508395,42.76411353509812,50.26899673770229
2015-09-10,26.6,28.39,26,27.6,57.370340513385315,33.06570252284093,42.169442416074666,49.820105713193335
2015-09-11,27,29,26.39,28.79,57.08595901573969,32.65849275876084,41.64475839975801,49.403667976298415
2015-09-14,28.39,29,27.2,27.79,56.79445693598109,32.194826781736,41.10143454094397,48.97567455102518
2015-09-15,28,31.6,28,31.2,56.539785722687746,32.10008137395162,40.713142990318715,48.62368099555933
2015-09-16,30.79,33.59,30.6,32.79,56.303469446840104,32.16578790976575,40.402431500502296,48.3101427580235
2015-09-17,33,36.59,31.79,31.79,56.059554327966076,32.12999858502615,40.06468908871789,47.983011218260664
2015-09-18,28.79,30.79,28,28.39,55.7842353794291,31.773808243595088,39.606858144062286,47.595030798097085
2015-09-21,30,30.6,27.6,28.6,55.51374547515617,31.47154079182413,39.175216648216704,47.21889157437239
2015-09-22,26.39,26.39,24.6,25.79,55.21798681371183,30.93044166879326,38.650306191423894,46.79455708775116
2015-09-23,25.39,26.79,25.39,26.6,54.93323072601321,30.51801865271771,38.17774516430923,46.39466486819173
2015-09-24,24.79,26.39,23,26.39,54.649218479983226,30.12487401912555,37.715480648061806,45.99853289060378
2015-09-25,26.6,29,25.39,27,54.37410187819235,29.82726696968502,37.295265720686835,45.62232431851261
2015-09-28,25.2,25.2,19.2,19.39,54.02600136199143,28.83324154400073,36.59309843752265,45.10287235180939
2015-09-29,19.79,21,19.2,20.6,53.693404333513904,28.04912330171495,35.96591810663941,44.617666958704255
2015-09-30,23.6,25,23,24.6,53.40391772323019,27.72063536821829,35.52019582794767,44.22127751397744
2015-10-01,24.2,26,22.6,26,53.13124192498909,27.55676533314988,35.146854815086975,43.860460137463036
2015-10-02,23,29.39,22.39,29.39,52.89501066205388,27.731359110945128,34.921095802730626,43.57391637236476
2015-10-05,32.4,34.85,32,34.85,52.71545831715782,28.409324909902736,34.91830773203531,43.40116555311001
2015-10-06,34.05,34.25,31.48,31.88,52.50814032395227,28.739865394673902,34.79915840921039,43.17302366096922
2015-10-07,33.46,34.65,31.28,34.65,52.33044738540548,29.30273535708591,34.79330905982959,43.00425091520746
2015-10-08,33.46,39,33.46,38.01,52.18795537162035,30.131998656411064,34.91945380258137,42.905354857480575
2015-10-09,38.21,38.41,35.64,36.63,52.033149845534574,30.750855927229058,34.9865340456174,42.781090404857196
2015-10-12,36.83,38.21,36.83,38.21,51.89560606597701,31.46125060082629,35.112944475201026,42.69057376317686
2015-10-13,37.42,38.41,35.84,36.03,51.737739338952366,31.896369591223785,35.14890743695785,42.55868121341098
2015-10-14,36.63,37.22,34.65,35.04,51.57159267886329,32.195762963488185,35.14463655707715,42.40979643690779
2015-10-15,36.23,39,35.24,39,51.44650220444674,32.84378553839407,35.29582728032903,42.342275715384865
2015-10-16,40,40.59,39,40.59,51.338477306890056,33.58152024902321,35.50344189678671,42.30757718636734
2015-10-19,39.6,40.59,38.61,40.59,51.231527283935925,34.248994511020996,35.702914763579386,42.273565756934325
2015-10-20,40.59,41.78,40.39,40.39,51.12365139056343,34.83385217663805,35.88672202775275,42.236267425113844
2015-10-21,41.38,41.38,37.42,38.01,50.99316729712499,35.136342445529664,35.96998783058597,42.15257896125021
2015-10-22,42.17,44.15,41.98,43.76,50.92119548322325,35.95764316500303,36.27547850389632,42.18440908082941
2015-10-23,44.35,45.74,43.56,45.54,50.86765124955934,36.87024857785988,36.63879307237098,42.25085642576348
2015-10-26,44.55,44.95,43.56,44.75,50.80677909782243,37.62070109425418,36.95687961855251,42.30034441733252
2015-10-27,43.76,44.55,42.17,44.35,50.74253253963514,38.26158670432521,37.246805908021045,42.34093165659326
2015-10-28,44.95,48.51,44.75,48.51,50.72031828550942,39.23762606581805,37.688499793981,42.46309142576963
2015-10-29,48.31,48.71,46.73,48.31,50.696335018986936,40.10166167859728,38.105029213824885,42.57887179357618
2015-10-30,48.51,50.09,47.12,47.52,50.66472969541493,40.80817009015944,38.4742437544592,42.67671591647566
2015-11-02,49.5,53.46,49.5,53.26,50.69055328053518,41.9940586530014,39.05407733271571,42.88628589832763
2015-11-03,52.67,54.25,51.48,52.57,50.709254242917915,43.00129116223936,39.584113515746466,43.07804261321223
2015-11-04,52.18,52.97,50.19,50.79,50.71005768328689,43.743072956311806,40.02356004454072,43.230754640673375
2015-11-05,50.79,51.19,48.01,50.79,50.71085312922433,44.41420886523449,40.44577337612736,43.380442667590735
2015-11-06,51.19,51.19,47.42,49,50.6938297150032,44.850950878069305,40.78123324373021,43.49172103060874
2015-11-09,47.61,47.61,44.64,46.03,50.64742344918227,44.963241270634136,40.987067234172166,43.541983980497676
2015-11-10,46.03,47.22,45.03,47.22,50.61331973327001,45.178170673430884,41.23149597008698,43.61481598088386
2015-11-11,48.21,48.8,46.62,47.02,50.57756530806334,45.35358299024699,41.45849612812279,43.68224536740101
2015-11-12,43.45,45.43,39.48,39.68,50.46913182241097,44.81324175308061,41.3887511819219,43.602992983888115
2015-11-13,39.48,39.48,35.31,35.71,50.32227478935216,43.94626634802531,41.166055057140646,43.44669609311805
2015-11-16,37.5,42.46,37.3,42.46,50.24404319940835,43.8047171720229,41.21679799607631,43.427157556620664
2015-11-17,41.66,45.23,39.48,39.68,50.138928341702794,43.411886965163575,41.15653140799488,43.352956416885604
2015-11-18,42.65,47.42,42.46,47.42,50.11187432835252,43.793612016100376,41.4021576272892,43.43349193338292
2015-11-19,48.01,48.8,47.42,48.21,50.09295020568235,44.21422039551939,41.66913183798374,43.528076251533754
2015-11-20,50.19,50.99,48.8,50.29,50.094910900153174,44.79286607213659,42.00720509923928,43.6619757317014
2015-11-23,50.09,51.88,49.1,49.5,50.08899138870886,45.24116454145692,42.30104019338676,43.777580172657814
2015-11-24,48.31,49.9,46.52,49.3,50.081140728124694,45.627720299413404,42.57550920541081,43.886935020723996
2015-11-25,49.3,50.89,49.3,50.69,50.087199029337384,46.10984217565974,42.893724530688814,44.02164917872946
2015-11-27,49.9,51.49,49.3,51.49,50.101157247950944,46.622238158930244,43.230833372622584,44.16953731380413
2015-11-30,49.9,51.49,49.5,50.29,50.10303628030964,46.971548810460696,43.507663436441305,44.2907345947189
2015-12-01,52.88,52.88,51.29,52.68,50.12867771035631,47.51521082851206,43.867362909522036,44.45685866215021
2015-12-02,52.88,52.88,46.91,47.71,50.10461126547714,47.533762178177575,44.018054560129016,44.52127730250367
2015-12-03,46.71,46.71,40.35,42.09,50.024863889701244,47.01530863739876,43.94244457737886,44.4731331975036
2015-12-04,44.26,50.59,44.26,50.59,50.030487134579836,47.355755433836975,44.20313302532478,44.59425927280056
2015-12-07,49.01,49.01,47.43,48.61,50.016352934235755,47.475207297281074,44.37595133805714,44.67377889116094
2015-12-08,45.45,47.23,43.08,45.45,49.97091658663142,47.28233041182573,44.41807089342745,44.689149606187456
2015-12-09,46.24,47.23,39.32,41.5,49.886628859401256,46.73163227736614,44.30363674074402,44.62599812883721
2015-12-10,42.29,45.05,40.71,41.3,49.801189766272884,46.21433396523603,44.18584706463641,44.560136779751325
2015-12-11,38.14,38.33,34.78,35.17,49.655605788499024,45.16249263521355,43.832284434650674,44.37419347718199
2015-12-14,35.96,36.95,33,36.95,49.529181850305,44.38035047947893,43.562390927409474,44.227179744960566
2015-12-15,40.51,44.07,40.51,42.37,49.457946210003456,44.18888852905236,43.51563049888361,44.190403908426696
2015-12-16,46.53,47.72,43.36,47.12,49.43468306363526,44.46804200247595,43.6569783224568,44.24841571222023
2015-12-17,46.13,46.33,43.36,43.36,49.3742384560369,44.36251419271633,43.645332113733005,44.230823321879235
2015-12-18,39.8,40.19,37.22,37.22,49.25330075995693,43.68227474579097,43.39335830535132,44.09199513728757
2015-12-21,38.61,40,37.22,40,49.16122811557925,43.331581912858496,43.26028543063166,44.01096553060861
2015-12-22,40.59,41.98,39.8,41.98,49.08977310945408,43.20285982591959,43.21007815884219,43.97074839138864
2015-12-23,42.97,45.34,42.97,45.14,49.05047188448439,43.3873493663082,43.285761368299355,43.993901888588866
2015-12-24,45.14,46.73,44.55,44.75,49.00768111946464,43.51712561713599,43.34318249111114,44.00887412841879
2015-12-28,43.96,44.15,43.16,44.15,48.95934598394758,43.577399367884944,43.37482239342051,44.01166870013327
2015-12-29,47.52,48.51,46.73,48.31,48.95288482987845,44.02812323761019,43.56835877014912,44.09678417141776
2015-12-30,46.73,48.11,44.95,45.03,48.91385114997916,44.123540072123504,43.62567803406484,44.11526369277583
2015-12-31,44.24,45.83,43.05,43.05,48.85550437236743,44.02129816049269,43.603102424885826,44.09416936222581
2016-01-04,37.89,37.89,34.32,37.89,48.74639487612497,43.43736500235053,43.37905919253736,43.971314523369855
2016-01-05,39.08,39.48,37.5,38.88,48.64822179278044,43.00333024022191,43.202625498712365,43.87049641399619
2016-01-06,34.32,36.3,33.73,35.91,48.52147331723039,42.327774979248396,42.91664018503737,43.71286282163983
2016-01-07,30.15,32.14,26.58,27.97,48.31698104541715,40.960367838367596,42.33049743268297,43.401122963785575
2016-01-08,28.76,28.76,23.01,23.01,48.06517028874633,39.250808996618304,41.5728308666954,42.99733835064131
2016-01-11,24.6,24.8,23.01,24.2,47.82770590776378,37.81739861598799,40.89154338172695,42.62511382884643
2016-01-12,25.59,26.58,23.01,26.19,47.61240535146762,36.71002731922723,40.31501226871805,42.29966603025541
2016-01-13,26.58,26.58,21.42,21.62,47.35377445244804,35.27288186025321,39.58187453268989,41.890167693022626
2016-01-14,22.02,24.2,20.23,23.01,47.1115478409809,34.1049883497529,38.93199710003538,41.5163029862301
2016-01-15,19.64,21.03,17.26,20.47,46.84645781271243,32.806418030728814,38.207997213759484,41.099544511255246
2016-01-19,21.66,22.26,20.07,21.07,46.58997564542176,31.688663932564165,37.53591889165127,40.70291986746801
2016-01-20,19.08,20.07,13.71,18.48,46.310274395218556,30.430695938986624,36.78862795472377,40.26286204831023
2016-01-21,18.29,20.47,17.49,17.89,46.027485595266135,29.236343944797422,36.04750528983264,39.81983507705657
2016-01-22,21.27,23.45,21.07,23.45,45.80283399730329,28.68526356910243,35.553485474545084,39.49567992701584
2016-01-25,21.27,22.86,20.07,20.07,45.54678589782763,27.86476227680696,34.946289965739396,39.11101299776801
2016-01-26,22.66,23.85,20.87,22.86,45.32104673466517,27.388118250444393,34.472317810220204,38.789210760188446
2016-01-27,23.26,25.44,21.47,22.46,45.093573632827706,26.918773655163974,34.0012465235449,38.4658600520659
2016-01-28,23.65,24.05,22.26,23.06,44.874334094192605,26.551271402291214,33.57217803242549,38.160793516381425
2016-01-29,24.05,29.02,24.05,29.02,44.71657952609119,26.78638841159681,33.393661246840175,37.979787704175855
2016-02-01,26.64,30.21,26.44,29.64,44.566563809413665,27.058160943825687,33.2464588450033,37.814643393202076
2016-02-02,27.07,27.66,26.48,26.53,44.38709551280258,27.007859901556575,32.983068302061994,37.59118510818817
2016-02-03,27.72,27.72,25.34,27.57,44.2197612290931,27.061397053789282,32.77079111374584,37.39274579911514
2016-02-04,27.18,29.16,27.18,27.77,44.05608201288322,27.12888304866649,32.574681658304826,37.20219637735048
2016-02-05,27.57,27.57,23.01,24.4,43.86049910728239,26.86898942498397,32.25410590699875,36.948687538195024
2016-02-08,21.42,21.62,18.65,21.42,43.637210558951224,26.35003805117597,31.829239008685075,36.64118877506245
2016-02-09,21.23,23.01,20.23,21.62,43.41813383697161,25.89955823677826,31.428876694618992,36.34373949238795
2016-02-10,23.01,23.8,21.82,21.82,43.20322703262364,25.511028880894617,31.052058000712364,36.05614069055848
2016-02-11,19.44,19.84,18.45,19.04,42.96279691289604,24.89474041604751,30.58099690264521,35.71918740955732
2016-02-12,20.23,23.8,20.03,23.8,42.77212231674782,24.790479424042985,30.315075455482653,35.483163896496784
2016-02-16,25.79,26.78,24.4,26.58,42.61100667180506,24.96090995508651,30.168601908208824,35.30686362131863
2016-02-17,27.57,30.35,27.38,30.15,42.487016555667694,25.455109006983033,30.1678724216124,35.20474751000538
2016-02-18,29.96,30.55,28.96,29.36,42.35639947551179,25.827003387270363,30.13619115017662,35.08900993554983
2016-02-19,27.97,29.96,27.97,29.96,42.23305221704899,26.220622112292233,30.12928169330695,34.98744538237063
2016-02-22,33.73,33.73,32.14,33.53,42.146454682550996,26.916753339692974,30.262643195530206,34.95858507776923
2016-02-23,32.93,32.93,31.34,32.4,42.0494750339684,27.43896730734126,30.346461109430983,34.90792002672429
2016-02-24,30.21,33.39,29.22,33.39,41.963311103282145,28.005732325689713,30.465815575727806,34.87786220441292
2016-02-25,33,35.58,32.8,35.58,41.89979556991615,28.727091151814502,30.66637182766005,34.89176592313742
2016-02-26,35.98,37.37,35.78,35.98,41.840892131409525,29.417844375451217,30.874749403045932,34.913315112778264
2016-02-29,35.71,36.9,34.52,34.52,41.768047433584556,29.903763958741578,31.017700406848054,34.90552669470345
2016-03-01,35.71,40.47,35.71,40.47,41.75513153872302,30.91007215314714,31.38837882226578,35.01571428490734
2016-03-02,40.07,41.86,38.69,41.86,41.75617500599941,31.952922424275986,31.799030633157315,35.151244695107195
2016-03-03,40.47,44.04,40.07,44.04,41.778899632805384,33.10407266958303,32.279068647543305,35.32725965163973
2016-03-04,42.85,47.22,42.85,44.44,41.80537824342424,34.18368479628941,32.755967916267096,35.507709955567655
2016-03-07,43.84,47.02,43.65,46.12,41.84830980319116,35.320476720452326,33.280047605825246,35.71785431288315
2016-03-08,43.73,44.73,41.74,41.74,41.847232093706666,35.93185988993306,33.61181044481249,35.83710472252903
2016-03-09,43.93,45.32,42.94,44.93,41.877906401231975,36.78882561470134,34.05566101560416,36.01716205475618
2016-03-10,45.72,47.51,39.76,44.33,41.90230534251325,37.5070326990155,34.458576269894195,36.18177270713724
2016-03-11,49.1,52.08,48.7,51.88,42.001585886368844,38.87588672768069,35.141769357349325,36.49262869313453
2016-03-14,53.08,53.08,50.69,51.88,42.099878564116416,40.11437370599681,35.7981705590219,36.797329115052655
2016-03-15,49.1,50.89,48.9,50.89,42.18734245900083,41.14062382923521,36.39000700768771,37.076391904853594
2016-03-16,51.09,54.47,50.69,53.87,42.30358780766749,42.352945369308046,37.075496928954855,37.40893859980699
2016-03-17,53.87,57.05,53.08,56.66,42.446437680228016,43.715522000802515,37.843516657231135,37.790147736444474
2016-03-18,58.44,58.84,56.26,57.65,42.597716907290426,45.04261514358323,38.62024149420246,38.183412137703
2016-03-21,58.61,58.61,55.84,57.42,42.745202311197986,46.221413701337205,39.35748692580236,38.56433466962967
2016-03-22,56.03,58.01,55.44,56.63,42.88335950213134,47.212707634543186,40.03484037969247,38.92207061676572
2016-03-23,55.44,55.84,54.25,54.45,42.99845045235889,47.9019735741105,40.60014075695943,39.22955436692878
2016-03-24,53.06,54.65,52.67,54.25,43.11040616925084,48.50654751943331,41.13542935472573,39.52698893392029
2016-03-28,54.36,55.55,54.36,55.35,43.232193172541876,49.1583048985349,41.69286349767766,39.840315885723854
2016-03-29,54.56,56.94,54.56,56.94,43.36858926037728,49.89941871772205,42.29079041933736,40.178923491947145
2016-03-30,59.72,59.92,57.14,58.13,43.51546896922925,50.68328360174852,42.91193589308884,40.534390353492746
2016-03-31,58.53,59.72,57.93,59.12,43.67073793470955,51.486780401581996,43.54754625022261,40.90242222768101
2016-04-01,56.74,60.71,56.74,60.51,43.83829278113035,52.34613464905038,44.21274051491976,41.2906910944596
2016-04-04,61.11,61.9,59.72,60.11,44.00020031564647,53.085550396759864,44.83616245551114,41.663350676747534
2016-04-05,56.54,58.13,56.15,56.46,44.12417842195844,53.4069265494494,45.29199922196169,41.95635363364362
2016-04-06,56.66,60.23,56.46,60.11,44.28324132323249,54.045314497120884,45.87309729168868,42.31583177951207
2016-04-07,58.53,58.53,54.96,56.34,44.40320907126002,54.263855973585564,46.283564064563635,42.59353808090787
2016-04-08,59.12,59.92,57.34,58.33,44.54178410537684,54.65110778562504,46.75597331693369,42.90515118821662
2016-04-11,60.51,60.91,57.53,57.73,44.67301013417906,54.94433561556551,47.18632730450492,43.198712550826194
2016-04-12,59.32,61.7,58.73,61.5,44.84044286916235,55.568684604559266,47.747647802367474,43.561114282493
2016-04-13,63.69,65.27,63.09,65.07,45.04173199484233,56.47357178507743,48.4269557316864,43.987032811552545
2016-04-14,65.27,65.47,64.48,64.88,45.239127696386184,57.27418399602244,49.0721731539732,44.40075493409606
2016-04-15,64.88,64.88,64.08,64.48,45.430579162093785,57.96045218687744,49.67640165773896,44.79836374728227
2016-04-18,64.48,66.46,64.48,66.07,45.63594653361524,58.73279007384149,50.31928786723939,45.21958426713807
2016-04-19,67.65,68.25,66.46,68.25,45.8609619909922,59.63919101918992,51.022453048916276,45.67563210343236
2016-04-20,68.84,70.63,68.05,70.03,46.10144993138034,60.62879187450517,51.76784704699799,46.15789681425549
2016-04-21,70.83,71.82,69.04,69.04,46.329694210670084,61.42985931502849,52.445186378488266,46.61100776842864
2016-04-22,71.42,71.42,69.64,71.42,46.57934899464352,62.38130128502578,53.18929671658677,47.102274941331046
2016-04-25,70.23,70.63,69.04,69.84,46.810798258378405,63.09165354359475,53.84226547279905,47.55252692269083
2016-04-26,70.83,73.21,70.43,73.01,47.071486832921906,64.0362579680143,54.593941336610854,48.05663530045933
2016-04-27,74.2,75.59,71.03,75.19,47.35127303358935,65.0985191139177,55.40162991164572,48.59392965094528
2016-04-28,71.03,73.21,69.04,69.18,47.56847429693672,65.48723157925888,55.94195815040471,49.0015746083523
2016-04-29,67.79,68.19,65,66.99,47.7617233089075,65.63035238123422,56.37521469352609,49.35778105175127
2016-05-02,67.59,69.58,66.79,69.18,47.9748404899134,65.96841405921191,56.877363136917225,49.7503002388453
2016-05-03,65.4,65.4,63.22,63.94,48.133697798471474,65.7752317678584,57.154329288410665,50.03128439253153
2016-05-04,62.74,64.34,60.95,61.55,48.26719334276529,65.37282874234808,57.32670853200241,50.259377770897245
2016-05-05,61.55,63.74,61.55,61.55,48.39936057318553,65.0087498145054,57.49232780525721,50.48295444870126
2016-05-06,62.35,63.94,61.55,63.54,48.55001370181055,64.86886887979061,57.72949142073732,50.74150980615272
2016-05-09,64.74,64.94,63.14,63.74,48.70115784408109,64.7613575579058,57.96519763953194,50.99890565157544
2016-05-10,64.34,67.72,64.34,67.33,48.88651945757282,65.00599017143858,58.33244479092284,51.32229365847494
2016-05-11,65.93,66.13,64.14,64.14,49.038295383368116,64.92351491701586,58.56019205402391,51.576109625633855
2016-05-12,65.13,65.13,63.34,64.34,49.190551150697786,64.86794206777626,58.786851189160224,51.828859930076746
2016-05-13,64.74,64.74,61.55,61.95,49.317510840740596,64.59004282322614,58.910896240565705,52.029278545322754
2016-05-16,62.54,64.14,62.15,63.07,49.45435152889243,64.44527684006175,59.073998348778815,52.24790669294013
2016-05-17,62.27,64.67,60.87,61.67,49.575900269898476,64.18096476005587,59.17580233510122,52.43448279803042
2016-05-18,61.27,63.87,58.68,61.27,49.69225947119302,63.90373002100293,59.2579277337247,52.60944353470309
2016-05-19,60.27,61.07,57.48,60.59,49.80069470033538,63.58813668566932,59.31016586181393,52.76747435579808
2016-05-20,64.59,65.8,63.2,63.79,49.93989176799373,63.607361763224624,59.48584563193887,52.98574219033673
2016-05-23,64,64.4,63.2,63.4,50.07382319318782,63.5876130238699,59.63934188166676,53.19196511726076
2016-05-24,65.19,68.59,65.19,68.59,50.258063758429735,64.06403083112039,59.99034808238571,53.49687669909718
2016-05-25,70.59,72,70.4,71.19,50.46634173098267,64.74269456148988,60.429550118370585,53.847235576342776
2016-05-26,72,72.19,70.4,71,50.670656738634584,65.33862841277656,60.844077564708996,54.186894277801336
2016-05-27,71.59,72.4,71.4,72.19,50.88477955715563,65.99113999251212,61.289015699426294,54.54339142081517
2016-05-31,72.59,73,70.8,72.4,51.09886135260682,66.60150761227287,61.7247405739586,54.896987630303975
2016-06-01,70.19,72.4,69.59,71.8,51.304842831685356,67.09660212538974,62.119848786744534,55.23170074653558
2016-06-02,71.8,72.8,71.4,72.8,51.51872499256411,67.63978287535262,62.53867824608788,55.579587860465566
2016-06-03,69.8,71.73,68.8,70.94,51.711971510051036,67.95408926817618,62.868141844280515,55.88375443748605
2016-06-06,72.52,74.11,72.33,73.32,51.9269767686575,68.46512838549273,63.278018634700885,56.22902662684276
2016-06-07,73.51,74.3,73.32,73.51,52.1417332187206,68.94559234877914,63.679272805889084,56.571224119380524
2016-06-08,74.3,75.09,74.11,75.09,52.37007418171841,69.53077402984779,64.12675230369736,56.937932552660115
2016-06-09,72.13,73.12,71.73,72.72,52.57256100578091,69.83450983652895,64.46374240943472,57.25044873973615
2016-06-10,70.55,71.54,69.36,69.96,52.745570349006975,69.84646128066905,64.67928192279021,57.502123022117615
2016-06-13,69.16,70.15,68.37,68.37,52.901037310708396,69.70584592060533,64.82401596503374,57.71732850682816
2016-06-14,67.98,67.98,65.61,66.79,53.03923594443269,69.4281463091191,64.90111337816967,57.896985368079086
2016-06-15,66.6,68.37,66.4,66.4,53.172178870358735,69.13975142253634,64.95989324569243,58.06536189544386
2016-06-16,64.62,67.78,62.84,67.78,53.31753032438502,69.01025128705669,65.07048566742998,58.25773096682121
2016-06-17,66.99,67.58,66.2,67.39,53.45755489827173,68.85594164067034,65.16144701380527,58.4385679773792
2016-06-20,70.55,71.14,68.97,68.97,53.611907585851114,68.86680434155888,65.31080203287173,58.64711118574793
2016-06-21,68.97,69.76,68.77,68.97,53.76472442579289,68.87663249950565,65.45429999236696,58.85152482563411
2016-06-22,69.16,70.35,68.51,68.51,53.91144358573525,68.84171511860035,65.57413136521531,59.04278175977997
2016-06-23,71.28,72.87,70.89,72.87,54.100085938115996,69.22536129778126,65.86024386069707,59.316588061566506
2016-06-24,64.15,64.95,58.61,59,54.14884130191584,68.25151736465924,65.59121468968934,59.31031899104044
2016-06-27,53.66,53.66,49.3,51.08,54.11830556756841,66.61613475850122,65.02214744695642,59.14734237735647
2016-06-28,54.85,56.83,53.06,56.83,54.14528760172196,65.68412192435825,64.70088676276205,59.10145440948803
2016-06-29,58.81,62.57,58.81,62.57,54.22911558578443,65.38753888394318,64.61732257598707,59.170138480587276
2016-06-30,62.37,67.52,61.58,67.52,54.361363191896025,65.59063041880573,64.73115306320327,59.33548227305089
2016-07-01,67.52,68.51,65.54,66.33,54.4804541054095,65.66104656939567,64.79385294307765,59.473987574574636
2016-07-05,63.74,63.74,61.75,63.69,54.57209137799249,65.47332784850084,64.75056459236872,59.557472969137514
2016-07-06,61.11,63.88,60.71,63.88,54.664707384181625,65.32158233911981,64.71642480443269,59.64306756380806
2016-07-07,64.88,65.47,63.69,64.68,54.764362037075344,65.26047925920365,64.71499638072945,59.7428088001683
2016-07-08,68.05,69.64,67.65,69.04,54.90640818596017,65.62043361546996,64.88460436579888,59.92691159620457
2016-07-11,70.63,70.63,70.03,70.43,55.06087178609987,66.07848755685377,65.10207086125774,60.13489354479458
2016-07-12,72.61,73.01,71.82,72.42,55.23359943001927,66.6824411228677,65.38904847454175,60.37816297955112
2016-07-13,72.61,73.01,71.82,72.61,55.40649893817828,67.24697053973745,65.67222304416757,60.62037757401546
2016-07-14,74.8,75.59,74.6,75.19,55.60334969501233,68.00344953595292,66.04546919929825,60.90888494878743
2016-07-15,75.19,75.59,74.6,75.19,55.79824173784802,68.68788291348122,66.40407825030617,61.191679306237184
2016-07-18,75,75.79,75,75.79,55.99716470563063,69.3642750169592,66.77215361303926,61.48075496353942
2016-07-19,75,75.59,74.2,75,56.186247643883064,69.90101072962975,67.09481425566517,61.74846278604359
2016-07-20,74.8,76.38,74.8,75.99,56.38329990613298,70.48091446966501,67.4436450691685,62.03047342394372
2016-07-21,76.38,76.98,75.39,76.19,56.580381499106785,71.02463690112549,67.7866393801815,62.31086008881612
2016-07-22,76.38,77.18,76.19,77.18,56.78535282747388,71.61086195816115,68.15500646331164,62.60529850289897
2016-07-25,77.57,77.57,76.38,77.18,56.98828464013583,72.1412560573839,68.50892777847588,62.89390645333661
2016-07-26,76.98,78.37,75.99,77.38,57.19118728053249,72.64018405191877,68.85681296363369,63.1807597908943
2016-07-27,76.98,77.18,74.4,75.59,57.374260043910276,72.92111890411698,69.12085951407943,63.42648731978748
2016-07-28,73.61,76.38,73.61,75,57.5496405409858,73.11910757991537,69.35141404293906,63.655665788702585
2016-07-29,75,75.19,74,75.19,57.72516650575211,73.31633542944724,69.58037819811791,63.88406844635204
2016-08-01,74.8,75,73.41,73.61,57.88322455047099,73.3443034837856,69.73840258250544,64.07666115038467
2016-08-02,73.8,73.8,69.44,70.63,58.01005813703347,73.08579839009172,69.77336718711307,64.20643023651566
2016-08-03,71.03,73.21,71.03,73.21,58.16130133965005,73.0976271148449,69.90813710134393,64.38471874668366
2016-08-04,73.8,74.2,72.81,73.01,58.30904958502667,73.08928167533585,70.02977878364416,64.55551639526418
2016-08-05,75.19,76.98,75.19,76.58,58.490850086668196,73.42173103958959,70.28665020389342,64.79362498149656
2016-08-08,77.18,77.18,77.18,77.18,58.676811777348114,73.77966141677153,70.55697764687798,65.03889973433822
2016-08-09,75.99,77.38,75.39,75.79,58.8470922571755,73.97112223422187,70.76219420974552,65.25179280890578
2016-08-10,75.79,76.78,74.8,74.8,59.005827657601614,74.05006297381978,70.92053953485353,65.44086621863042
2016-08-11,76.38,78.17,75.79,78.17,59.19651593961553,74.44243792869409,71.20483210211418,65.69292827370704
2016-08-12,76.98,77.97,76.78,77.38,59.3774461292711,74.72220574500894,71.44699554909009,65.92435543660393
2016-08-15,78.57,79.36,78.57,78.76,59.570307361815665,75.10675757881761,71.73378003736107,66.17852661607712
2016-08-16,77.77,77.77,77.18,77.38,59.7475182338374,75.32325685702546,71.95520042805279,66.40033797021421
2016-08-17,76.98,77.57,75.39,77.18,59.920975763848965,75.50008953730875,72.16009452891346,66.61379662426937
2016-08-18,77.77,78.76,77.57,78.76,60.1084287413231,75.81055720042221,72.41891435130901,66.85431550299671
2016-08-19,77.97,80.15,77.97,79.96,60.30595681354874,76.20574222895343,72.71464320027728,67.11383400788786
2016-08-22,79.16,79.76,78.57,79.36,60.49554928306567,76.50614773095786,72.97524542771738,67.35633234436533
2016-08-23,80.15,80.75,79.36,79.56,60.685245310099845,76.79699080419998,73.23347109721867,67.59798912962542
2016-08-24,79.76,80.35,78.76,78.96,60.86708366522323,77.00299167999046,73.45804085811206,67.82297944389026
2016-08-25,78.57,79.16,77.57,77.97,61.037261937211056,77.09508771046755,73.63498043230373,68.02391054401124
2016-08-26,79.36,79.96,75.99,77.18,61.19788619654229,77.10317459518492,73.7740008075075,68.20521924611003
2016-08-29,78.37,78.96,78.37,78.76,61.37263359757172,77.2609674908816,73.96953018760524,68.41422480559301
2016-08-30,78.76,79.16,77.57,77.77,61.53579147222275,77.3094467774643,74.11856821946387,68.59948768072978
2016-08-31,77.18,77.57,75.39,76.58,61.68548508941456,77.23997565580103,74.21509495595548,68.75751762764602
2016-09-01,77.38,77.77,75.39,76.98,61.83766931738059,77.21521606953426,74.32352260474154,68.92033906076195
2016-09-02,77.57,78.17,76.78,77.38,61.99231937392406,77.23090977719767,74.44338446337913,69.0878570991627
2016-09-06,77.77,78.37,76.98,78.13,62.15289331050193,77.31653741746456,74.58795762167799,69.26690943383275
2016-09-07,78.72,78.72,77.53,78.52,62.31575009348201,77.43115290151556,74.74215536200434,69.45013894999448
2016-09-08,77.93,78.33,77.33,77.68,62.468628202004574,77.45485262518075,74.85736495565124,69.61310649553914
2016-09-09,76.29,76.29,67.33,67.33,62.517000060691096,76.4905809465921,74.56217417307667,69.5678964659245
2016-09-12,67.92,74.9,67.92,74.5,62.63623389093298,76.30100180882143,74.55973597021092,69.66556188244085
2016-09-13,71.31,71.31,65.53,67.92,62.688808678087874,75.50281116036224,74.29935416745755,69.63099630061035
2016-09-14,67.92,69.32,65.33,66.93,62.73100958676362,74.68635295461345,74.01035988638078,69.57751122535073
2016-09-15,66.13,70.91,66.13,69.72,62.80055177993015,74.21336695893598,73.84211047907174,69.58033278524478
2016-09-16,65.33,68.52,65.33,67.92,62.85149156321443,73.61399867713256,73.60987085244147,69.54745490830923
2016-09-19,70.11,71.51,67.52,68.52,62.90789463223717,73.12885594597708,73.41026807391435,69.52710926656053
2016-09-20,68.92,69.92,67.52,67.52,62.953786227936305,72.59467918921736,73.17927716905497,69.48736452860884
2016-09-21,68.92,71.71,67.72,71.71,63.040912733130966,72.51042402833951,73.12165845654302,69.53137711220074
2016-09-22,74.5,74.9,73.1,74.9,63.158913601458025,72.73800269230718,73.19139734060015,69.63768647631558
2016-09-23,73.7,74.1,72.7,72.7,63.25384978452809,72.73438338827792,73.17212685665504,69.6983263480717
2016-09-26,71.91,71.91,69.26,69.26,63.31361247323925,72.40348973225146,73.01871011717837,69.68964661840691
2016-09-27,68.66,72.05,68.66,71.45,63.39457155310752,72.31268118632275,72.95719207336745,69.72450510121074
2016-09-28,71.85,72.65,69.66,72.65,63.48666536849948,72.34480678762534,72.94514532539226,69.78243569326597
2016-09-29,72.85,74.25,70.25,71.05,63.56192242950944,72.22149185547055,72.87082590086708,69.80753597656764
2016-09-30,72.25,73.85,70.65,72.65,63.65235106205163,72.26230215494954,72.86216606161739,69.86382239287323
2016-10-03,71.05,71.05,68.66,70.25,63.71799931019042,72.07065433066863,72.75972817684807,69.87146947420247
2016-10-04,69.06,70.05,65.28,65.87,63.73941225237758,71.48011582298591,72.48954275814815,69.79223245491133
2016-10-05,67.85,68.04,65.68,65.68,63.758721583199694,70.92772383984439,72.22250186567175,69.71080210926952
2016-10-06,64.69,66.86,64.29,66.27,63.783709428142984,70.48413109319254,71.98907041995913,69.64266741403647
2016-10-07,66.86,66.86,63.11,64.29,63.78874714527589,69.89421384622183,71.68714608976465,69.53667399989713
2016-10-10,68.44,68.44,65.87,66.07,63.81144617865623,69.53000300372452,71.46686585095036,69.46802698999818
2016-10-11,64.29,64.29,58.97,60.55,63.77899397787358,68.67476462241741,71.03875346463857,69.29143239613683
2016-10-12,59.36,61.73,59.36,61.34,63.75472538107882,67.97621561075862,70.6584101915155,69.13397828928264
2016-10-13,58.38,62.52,57.98,61.53,63.73258881012281,67.3622903144959,70.30043332125999,68.9834044617721
2016-10-14,64.1,65.08,60.35,60.35,63.69893121002209,66.69445314168676,69.91022024983803,68.81244595757859
2016-10-17,60.15,61.14,58.97,59.36,63.65575776514625,65.99593379485945,69.4964861223934,68.62526880990377
2016-10-18,62.13,62.91,60.35,61.73,63.63659599633882,65.58965438582521,69.19191803916229,68.48872883347003
2016-10-19,60.74,63.31,60.35,62.32,63.6234955386638,65.27825873003233,68.92243105723436,68.3665757872627
2016-10-20,61.34,62.32,59.96,61.93,63.60664483678655,64.95937694621973,68.64821807459772,68.23911884098027
2016-10-21,59.17,62.13,59.17,61.34,63.58409115681852,64.6146743799131,68.3616212873586,68.1025026263074
2016-10-24,64.29,64.29,61.14,62.72,63.57549323486013,64.43422920087376,68.14038123687395,67.99591841588547
2016-10-25,60.94,60.94,58.97,59.56,63.53553807829436,63.97001689602864,67.80389569817301,67.828870526462
2016-10-26,57.19,60.35,57.19,59.36,63.493990435724264,63.530967667835434,67.47276253353877,67.66117011999741
2016-10-27,57.59,57.98,54.63,56.41,63.42350296870213,62.85278027089873,67.03892870869412,67.43837467207666
2016-10-28,57.19,59.76,56.21,57.39,63.36346811329216,62.332515483194086,66.66053934756886,67.23939695579791
2016-10-31,57,59.76,56.41,58.77,63.31776196291114,61.993228294318456,66.35110643197793,67.07168612499004
2016-11-01,57.19,57.98,52.85,53.64,63.2214658239767,61.197682742478605,65.85263166993957,66.80571214231696
2016-11-02,53.05,53.25,50.88,51.47,63.10453581577793,60.27123676700445,65.28860689856938,66.50203467415227
2016-11-03,52.26,52.46,50.29,50.88,62.98289864348163,59.37683326538498,64.72356349078235,66.19268745288193
2016-11-04,51.67,52.66,49.7,49.9,62.852720547526594,58.4742777163007,64.14224727545755,65.87005997856744
2016-11-07,54.83,57,54.43,56.8,62.792494472426824,58.314822695700634,63.85431600975333,65.690454830477
2016-11-08,57.59,59.76,56.8,58.38,62.748589054790735,58.32103005801486,63.63963695054732,65.54569334868538
2016-11-09,54.24,61.53,53.25,60.35,62.72472249703162,58.51426529058487,63.51063157993762,65.44280833187972
2016-11-10,62.13,62.72,58.18,60.55,62.70308346721041,58.70814478671965,63.39452838072438,65.34592103817913
2016-11-11,59.76,59.76,56.8,58.77,62.6639483083327,58.714035759413015,63.213174326578326,65.21570477999737
2016-11-14,59.56,61.14,57.79,60.55,62.642913996807,58.888889496611775,63.1087361176929,65.12331458633405
2016-11-15,60.94,63.7,60.55,63.51,62.65154171823181,59.32899525883922,63.12447195621475,65.09136776284228
2016-11-16,62.32,62.72,60.74,61.34,62.638491551881245,59.52051951990215,63.05449266381417,65.01708325268699
2016-11-17,62.13,63.9,61.73,63.7,62.649053824996855,59.91856527991147,63.07980667699793,64.99100239619814
2016-11-18,63.11,63.51,61.93,61.93,62.641899060569024,60.11013049134847,63.034716219076444,64.93038848736253
2016-11-21,63.11,64.49,62.52,63.11,62.64655678135938,60.395832349315285,63.0376685242107,64.89434119058308
2016-11-22,64.49,65.68,63.31,65.28,62.67276019647023,60.86099117319002,63.12560309188871,64.90197799869034
2016-11-23,63.9,64.29,63.31,63.7,62.68298148804764,61.131372966219544,63.14812846083426,64.87817645416182
2016-11-25,66.27,67.25,66.07,67.06,62.72653391105214,61.69600411229387,63.30153518786037,64.92138088081208
2016-11-28,66.46,66.46,64.89,65.08,62.74995148407649,62.01828943493255,63.37127890598349,64.92452185346927
2016-11-29,64.49,65.68,63.31,64.49,62.767265399657816,62.25369044112945,63.415150321435114,64.91591746033127
2016-11-30,65.08,65.28,61.34,61.53,62.75495430115376,62.18476754197427,63.341222857849424,64.84886958982966
2016-12-01,61.73,62.52,60.15,60.55,62.733014457361186,62.02907539511958,63.23176313793376,64.76374345933799
2016-12-02,60.55,60.94,58.57,59.17,62.69756157718844,61.75678250034628,63.07247830899518,64.65297626212337
2016-12-05,60.15,61.53,60.15,60.94,62.68007340229104,61.6789936907895,62.98885170864243,64.57945197970508
2016-12-06,61.34,62.13,59.96,62.13,62.67460003510407,61.72194667261907,62.95517124947998,64.53094798010696
2016-12-07,63.11,66.99,62.52,66.99,62.717539338237366,62.22366603713154,63.113399827931744,64.57964207951078
2016-12-08,66.99,68.37,66.6,67.58,62.76592203138923,62.733793081214245,63.288560618993245,64.63905510763928
2016-12-09,67.78,68.18,67.39,67.98,62.817803404211226,63.233431835384316,63.47253863393468,64.70521243224049
2016-12-12,67.65,68.04,67.06,67.45,62.86389491262703,63.63500975582391,63.628517511035284,64.75956466130503
2016-12-13,69.63,69.63,69.63,69.63,62.931219341357114,64.2059612076502,63.86386976550449,64.8560089254376
2016-12-14,69.23,69.62,65.87,65.87,62.96046093995057,64.3644410926359,63.94254153940627,64.87608795661706
2016-12-15,65.08,67.85,65.08,65.87,62.989411577364,64.50782765524201,64.01812814570407,64.89576938321869
2016-12-16,66.86,66.86,63.31,64.89,63.00832290495242,64.54422502140943,64.0523191988137,64.89565513800645
2016-12-19,65.87,66.27,64.49,65.08,63.028936607390705,64.59525120984662,64.09262040670336,64.89930553131325
2016-12-20,66.86,66.86,65.28,66.07,63.059195944630595,64.73570347557552,64.1701647044797,64.92248760000011
2016-12-21,66.27,67.06,65.08,65.08,63.0793034476691,64.7684936207588,64.20584451999031,64.92560665742585
2016-12-22,63.9,64.1,62.13,62.91,63.077618836249506,64.59149422830558,64.15502708783383,64.8856936543085
2016-12-23,63.7,63.7,62.72,63.7,63.08381168365001,64.506590016086,64.13718288831093,64.86221457204496
2016-12-27,65.08,65.08,63.7,64.1,63.09392301018086,64.46786715741113,64.13572473582815,64.84712121418269
2016-12-28,63.11,63.11,61.34,61.34,63.076471039930304,64.16997504718151,64.02608847167802,64.77767326934739
2016-12-29,61.53,62.32,61.14,61.93,63.0650633678912,63.95664409030708,63.94388892376908,64.72128369965735
2016-12-30,61.14,61.73,59.96,60.35,63.03804781199178,63.6131541769445,63.80295210322912,64.6347236263968
2017-01-03,61.14,63.31,60.15,61.93,63.02702246062868,63.45285377914026,63.7295030011417,64.58116474270578
2017-01-04,63.7,66.46,63.7,66.07,63.05730084410501,63.70210580017452,63.82128719717536,64.61064662898883
2017-01-05,64.29,65.08,63.51,64.89,63.07553665660148,63.81523858111028,63.86319750316848,64.61617837890985
2017-01-06,65.28,67.45,64.69,66.79,63.11249649086415,64.09854919243311,63.977974071671674,64.6592243516047
2017-01-09,65.41,66.2,64.62,64.62,63.12749652578093,64.14821117410615,64.0031515590571,64.65844763177095
2017-01-10,65.41,66.79,65.21,65.81,63.15418810263883,64.30647677657224,64.0740083606627,64.68125064896361
2017-01-11,65.41,65.61,64.03,65.61,63.17862404191605,64.43062184547013,64.13424332691122,64.69964172522175
2017-01-12,64.62,66.2,63.63,66.2,63.20868748428504,64.59913405066345,64.21525339252254,64.72935179006885
2017-01-13,66.79,67.39,66.26,66.26,63.239048802849375,64.75731176012408,64.29543953399225,64.75966165561204
2017-01-17,66.86,68.31,66.53,67.92,63.28562543167674,65.05852016392178,64.4375791601102,64.82224261292664
2017-01-18,66.93,67.92,66.93,67.52,63.327758511958564,65.29294681497686,64.55845840873333,64.87566355128453
2017-01-19,65.34,66.13,63.96,64.75,63.34191016855599,65.24123759450288,64.56596984368497,64.87317516413039
2017-01-20,65.74,66.53,64.35,66.33,63.37164240568479,65.34492925216927,64.6351474968738,64.90202318068226
2017-01-23,66.13,66.13,62.97,64.35,63.38137730712076,65.250174085296,64.62396524209443,64.89109202858954
2017-01-24,64.75,66.93,64.35,66.33,63.41071683640314,65.35301464860113,64.69086856593387,64.91958525574618
2017-01-25,67.52,68.51,67.12,67.72,63.45359527584191,65.57844182492484,64.80965803393646,64.97503901305814
2017-01-26,66.93,67.52,65.94,66.13,63.4802261686196,65.630971174932,64.86143615025267,64.99790952765105
2017-01-27,64.95,64.95,63.56,64.55,63.49087068435473,65.52802153922418,64.84922296788982,64.98904003205399
2017-01-30,63.76,64.35,62.37,64.15,63.49742918500792,65.39678139263141,64.82180245934512,64.97242537795391
2017-01-31,64.35,65.94,63.76,65.94,63.52173337222177,65.44851649809509,64.86565334329237,64.99158527145977
2017-02-01,65.94,65.94,62.97,64.55,63.531964880955876,65.36294349827651,64.85327478081031,64.98284100865858
2017-02-02,65.54,67.72,65.54,67.72,63.57363687219014,65.58742506986923,64.96569537764128,65.03704217680395
2017-02-03,67.92,68.91,67.52,68.51,63.62275491326288,65.86576553940549,65.104687715773,65.10581361884744
2017-02-06,68.7,68.7,66.33,66.92,63.65556332208614,65.96616882136686,65.1758764328015,65.14173810164253
2017-02-07,66.92,67.91,66.73,67.12,63.69003532883155,66.07605750504621,65.25211657269163,65.1809116045803
2017-02-08,66.92,69.29,66.92,68.89,63.74177627083323,66.34405202837515,65.3947786678802,65.25435889953911
2017-02-09,69.68,71.85,69.68,71.85,63.82245511390951,66.86842802567276,65.64792460247314,65.38496565400368
2017-02-10,71.85,73.03,71.85,72.83,63.91208242620892,67.4361967851325,65.92957461806243,65.53239207669668
2017-02-13,72.63,74.01,72.44,73.81,64.01056916823669,68.04322566273892,66.23861090755018,65.6963051048809
2017-02-14,73.81,74.01,72.63,73.81,64.10807594268209,68.59244226628759,66.53552812686193,65.85697233052683
2017-02-15,73.22,75.78,72.63,75.39,64.22033389350118,69.23982871711735,66.88276231796539,66.04574515566492
2017-02-16,75.98,75.98,74.01,75.59,64.333464899536,69.84460693453474,67.22422261922165,66.23474030109729
2017-02-17,74.21,76.18,73.81,76.18,64.45134087068489,70.4479777026743,67.5754295753306,66.43167613671912
2017-02-21,76.18,78.34,76.18,77.75,64.58366583714573,71.1434083976577,67.97443233708235,66.65580136173458
2017-02-22,77.16,77.36,76.18,76.96,64.70681344075622,71.69736950264267,68.3268075395497,66.85984489912597
2017-02-23,77.55,77.95,76.37,76.37,64.82286504831089,72.14238193096242,68.64222685172423,67.04816480211358
2017-02-24,76.37,78.54,76.18,78.54,64.95935395330282,72.75167888991838,69.03037481832328,67.27572589514104
2017-02-27,77.36,79.52,77.36,78.93,65.09836535675255,73.34009042421187,69.41859541368315,67.50650360018774
2017-02-28,77.75,78.34,76.96,77.12,65.21798361190925,73.70008181238217,69.72061127981323,67.69686986553056
2017-03-01,78.89,80.67,78.89,79.88,65.3638743222385,74.28864544929814,70.11901868060487,67.93811996720322
2017-03-02,79.09,80.07,78.5,78.69,65.49647258768887,74.70782207317451,70.45513559509095,68.15102848270415
2017-03-03,78.5,78.69,76.72,77.9,65.61989077089595,75.01183901858646,70.74709106195013,68.3440774236407
2017-03-06,76.72,77.12,75.54,76.52,65.72834956919549,75.1554733977687,70.97347964775601,68.50597688059831
2017-03-07,75.34,75.34,73.76,74.16,65.81224658840748,75.06066640750501,71.09844123019695,68.61793773444785
2017-03-08,74.75,75.54,73.17,73.17,65.88545806513974,74.88060294012358,71.17967882901276,68.70807758129047
2017-03-09,73.57,73.96,72.38,72.97,65.95595101971547,74.6986407553499,71.24988750238481,68.79247208463126
2017-03-10,74.35,74.75,72.27,73.46,66.03061817374815,74.5806749691261,71.33655858072265,68.88489837998509
2017-03-13,73.06,73.46,72.27,73.46,66.1045423710243,74.47394401968552,71.41983079324334,68.97549445166855
2017-03-14,72.47,73.26,71.68,72.76,66.17076583001908,74.31071125590594,71.47238644841026,69.0504351555959
2017-03-15,73.16,77.13,73.16,76.14,66.26996218991938,74.48492923153395,71.65543011710005,69.19082257825737
2017-03-16,75.74,76.14,74.35,74.55,66.35235062584059,74.49112644757834,71.7689426615275,69.29694490344039
2017-03-17,75.34,76.93,75.34,75.94,66.44775012210089,74.62911440495184,71.93251353754603,69.42849054891681
2017-03-20,75.94,75.94,74.15,74.95,66.53234962337352,74.65967493781356,72.0508463399952,69.53782736973034
2017-03-21,76.54,76.54,72.96,73.35,66.60018694055388,74.53494399135512,72.10179354234833,69.61331593666637
2017-03-22,72.96,73.75,71.37,73.55,66.66933930930459,74.44113980170225,72.15858595245231,69.69127007653437
2017-03-23,73.35,74.95,72.96,73.35,66.7358135450329,74.33722172534965,72.20530807196398,69.76372017402873
2017-03-24,73.95,74.75,71.76,72.76,66.79575569881366,74.1870101324592,72.22706069659284,69.82305244781034
2017-03-27,70.97,72.76,70.77,71.96,66.84714121424835,73.97491392936786,72.216587728099,69.865368240923
2017-03-28,72.36,74.95,71.17,74.75,66.92577662505185,74.04873165038045,72.31593722895786,69.96209362229087
2017-03-29,74.75,75.94,74.75,75.34,67.00950024072299,74.17170958843946,72.43452792586147,70.06858681788907
2017-03-30,75.94,76.54,75.74,76.14,67.10035098459639,74.35916581811189,72.57984055621985,70.18881282149523
2017-03-31,75.74,76.93,75.74,75.74,67.18631764146608,74.49067383543456,72.70376837754456,70.29873732007948
2017-04-03,75.74,75.74,73.55,74.35,67.25759806294403,74.47727632729794,72.76832648038595,70.37896034344425
2017-04-04,74.55,75.14,73.95,74.95,67.33413937575055,74.52229762946004,72.85388230468455,70.46947598020773
2017-04-05,75.94,76.93,73.55,73.75,67.39797878494707,74.44874547427337,72.88902417508908,70.53443685188678
2017-04-06,74.15,75.74,73.75,73.95,67.46317302589287,74.40124590529496,72.93063107018362,70.6020717657108
2017-04-07,74.35,75.24,73.95,75.24,67.54055438881932,74.48112724764782,73.0211945576274,70.69391192876604
2017-04-10,75.44,77.22,75.44,76.63,67.63099663370669,74.68578179549088,73.16271633968123,70.81145822720632
2017-04-11,74.85,77.02,74.05,77.02,67.72441955277428,74.90808829115842,73.31398236557608,70.93439964844976
2017-04-12,76.03,76.43,73.66,74.25,67.7893507015029,74.84541321581,73.35068893947506,71.0000551009557
2017-04-13,73.66,74.85,69.9,69.9,67.81035218706008,74.37442148097095,73.21536780459368,70.97827183162985
2017-04-17,71.48,74.05,70.29,74.05,67.87243823495002,74.34352419706896,73.24809847892334,71.03909813199363
2017-04-18,72.07,72.87,70.69,72.27,67.91619506843311,74.14604570211002,73.20974167582831,71.06347242640959
2017-04-19,73.46,73.46,71.48,71.88,67.95563591352332,73.93023182571858,73.15759494344289,71.07964128925296
2017-04-20,73.46,74.65,72.47,74.05,68.01627635219474,73.94163831850729,73.19259122017061,71.13846027362419
2017-04-21,73.66,74.05,72.27,73.06,68.06646265714802,73.85767276436374,73.18739156447765,71.17651056523559
2017-04-24,75.64,75.64,74.45,75.24,68.13784113817142,73.98932297728147,73.26788601292951,71.25697570255765
2017-04-25,75.64,76.83,75.24,76.23,68.21836013182146,74.20272078896896,73.3840473457558,71.35545143121988
2017-04-26,76.23,77.42,75.84,76.23,68.29807794145508,74.39579499954334,73.49565333219675,71.45197714545314
2017-04-27,75.64,76.23,74.85,75.24,68.36715179278389,74.4761954757773,73.5640590838753,71.52698749900853
2017-04-28,73.86,74.25,72.47,73.06,68.41384679982086,74.34131971617947,73.54429206097824,71.55734418219647
2017-05-01,72.87,73.86,71.48,71.88,68.44833588638981,74.10690831463857,73.47902570564575,71.5637334063114
2017-05-02,72.07,72.67,71.48,72.07,68.4843723452317,73.91291704657776,73.42376979562043,71.57375848737453
2017-05-03,71.28,71.88,69.9,71.08,68.51019948607517,73.64311542309416,73.33185725461571,71.56398109158494
2017-05-04,71.08,71.48,69.5,70.69,68.53188904342765,73.36186633518042,73.22825500933666,71.54667453531593
2017-05-05,70.69,71.28,70.49,71.28,68.55923343105523,73.16359335087752,73.15185285210778,71.54139385144829
2017-05-08,71.68,72.07,70.69,71.28,68.58630573522383,72.9842035079368,73.07844685790748,71.53621773557803
2017-05-09,71.68,72.07,71.08,71.48,68.6150987129828,72.84094603099044,73.0157626674013,71.53510451309134
2017-05-10,70.69,71.68,70.69,70.89,68.63773454668447,72.65514164708658,72.93239942554243,71.52233016629745
2017-05-11,70.09,70.09,68.51,69.9,68.65029440194134,72.3927472045069,72.81348180101135,71.49020481646978
2017-05-12,68.91,69.3,68.11,68.71,68.65088848749416,72.04200937550624,72.65256094606973,71.43515125574761
2017-05-15,69.9,70.49,69.5,69.5,68.65933735826536,71.79991324450565,72.52893110504739,71.39683142890112
2017-05-16,69.7,69.7,67.32,67.72,68.6499907178846,71.41135007836225,72.34034557151612,71.32402288575457
2017-05-17,67.32,67.52,63.96,63.96,68.6033241435773,70.7016976899468,72.01170456871156,71.1782006503931
2017-05-18,64.35,65.34,63.76,64.15,68.55901246055663,70.07772648138044,71.70340242876209,71.0390283602863
2017-05-19,64.55,68.11,64.35,66.93,68.54280338134711,69.77794300696326,71.51621017665377,70.9576614620628
2017-05-22,68.31,68.71,66.53,68.31,68.54048692979143,69.63813891106199,71.39047644423597,70.90523252221998
2017-05-23,68.51,69.1,67.72,68.91,68.54416367675867,69.5687923481037,71.2932028581875,70.86572296732453
2017-05-24,69.1,69.1,67.52,68.91,68.54780383917898,69.50605021971288,71.1997439225723,70.82699577985275
2017-05-25,68.51,69.9,68.51,68.91,68.5514077810777,69.44928353212117,71.10995004325574,70.78903546738042
2017-05-26,68.91,69.1,68.51,68.91,68.55497586285802,69.39792319572868,71.02367749253982,70.75182684426397
2017-05-30,67.52,68.91,67.52,67.52,68.5446775955659,69.21907336756405,70.88627837518531,70.68783027309043
2017-05-31,68.51,68.51,66.93,67.92,68.53846189809758,69.09535209446271,70.76995373302118,70.63302175283121
2017-06-01,67.52,70.69,67.52,70.69,68.55987023741999,69.2472233235615,70.76681829251055,70.63415003495336
2017-06-02,70.69,71.48,70.09,70.89,68.58305560819193,69.40367824512707,70.77164894770621,70.63921637089489
2017-06-05,70.69,70.69,69.7,69.9,68.59615953248853,69.45094698368639,70.73746663603146,70.62457842295638
2017-06-06,69.1,69.5,68.51,68.91,68.59928232321003,69.3994282233353,70.66580127775572,70.59062637497703
2017-06-07,68.51,69.7,68.51,69.7,68.61023473790446,69.42805410682718,70.62792671784374,70.57299020913591
2017-06-08,68.71,69.7,68.51,69.3,68.61709807384571,69.41585847760554,70.57585116028123,70.54778248222233
2017-06-09,69.5,70.29,69.3,69.9,68.62986326714078,69.46196719402406,70.54934719321137,70.53495510633674
2017-06-12,71.48,72.47,71.48,72.07,68.66409348338813,69.71035127078366,70.60898063661485,70.56535203492413
2017-06-13,71.88,73.66,71.48,73.06,68.7078338467375,70.02936543547094,70.7050990430221,70.6147510045296
2017-06-14,72.67,72.67,70.69,71.28,68.7334275398048,70.14847348923561,70.72764417858987,70.62792425196466
2017-06-15,70.69,72.07,70.69,71.88,68.7647367185132,70.31338077597508,70.7728346029589,70.65271783113367
2017-06-16,71.68,71.88,70.69,71.82,68.79513734817974,70.45686832112031,70.81389991264678,70.67583232952707
2017-06-19,71.82,72.42,71.42,72.02,68.82722553376999,70.60573800482314,70.86119795528808,70.70244951112059
2017-06-20,71.62,71.62,70.03,70.23,68.84118348865785,70.56995343293522,70.8364450942964,70.69309407525682
2017-06-21,70.03,70.63,69.64,70.23,68.85500255842244,70.53757691551282,70.81266293373575,70.68392389554877
2017-06-22,69.84,71.23,69.64,70.03,68.86669407525406,70.48923625689255,70.78197026966768,70.6709749075181
2017-06-23,70.43,71.03,70.03,70.03,68.87826925858487,70.44549947052184,70.75248123948464,70.658282335092
2017-06-26,70.83,72.42,70.83,72.22,68.91152031073825,70.61449952094833,70.81003099479896,70.6892074373674
2017-06-27,71.42,72.42,69.44,69.44,68.91677881510901,70.50264242371516,70.75630428912058,70.66447065642943
2017-06-28,71.03,73.41,71.03,72.42,68.95163673734673,70.68524790717086,70.82154725817468,70.69923361372786
2017-06-29,72.61,72.61,69.64,70.43,68.96634681956219,70.6609385826784,70.80619246373645,70.69390225504017
2017-06-30,71.08,71.28,70.29,70.49,68.98150754772576,70.6446587176614,70.7937927592762,70.68986458662353
2017-07-03,72.67,73.46,72.67,73.06,69.02208956217625,70.87469122074127,70.88266363146145,70.73679796114584
2017-07-05,73.06,73.06,70.89,70.89,69.04067573568693,70.87614919971828,70.88295133218845,70.73983166488553
2017-07-06,70.49,70.69,69.3,69.3,69.04325607662537,70.72603975212607,70.82087480935753,70.71132014676898
2017-07-07,69.5,70.29,69.3,70.09,69.05367143904701,70.66546453763787,70.79221305212782,70.69901677752604
2017-07-10,69.9,70.29,69.7,69.7,69.06010256900674,70.57351553405331,70.74938116773065,70.67923426707998
2017-07-11,69.9,69.9,68.71,69.5,69.06447965787235,70.47127595938157,70.70038582781964,70.65588309347443
2017-07-12,70.49,71.08,70.49,70.89,69.08264403938607,70.51115443944047,70.70782167770908,70.66051907182147
2017-07-13,70.29,71.08,70.09,70.49,69.09664758128272,70.50913973092233,70.69927965113224,70.65714245653787
2017-07-14,71.68,72.47,71.28,72.07,69.12623317748887,70.6577930898821,70.75303339030353,70.68511983363612
2017-07-17,71.68,73.46,71.68,72.67,69.1614945389069,70.84943184322667,70.8282085514681,70.7244243913859
2017-07-18,72.07,72.07,71.08,71.88,69.18854434448991,70.9475811914908,70.86945527493994,70.74730707670498
2017-07-19,72.47,73.66,72.47,73.66,69.23303644056465,71.20590679230119,70.97888840141289,70.80498416429498
2017-07-20,74.25,74.25,72.87,72.87,69.26922513269834,71.36439185970107,71.05304964057316,70.8458755669822
2017-07-21,73.51,73.71,72.52,73.71,69.31341194729835,71.58778311115812,71.1572437723154,70.90259090228949
2017-07-24,73.32,73.32,72.33,72.33,69.34342774881777,71.65847043390497,71.20323421261675,70.93085642897682
2017-07-25,73.12,74.5,73.12,74.11,69.39085632843152,71.89194944019974,71.31722502780825,70.99380976701688
2017-07-26,72.92,73.12,72.13,72.67,69.42348462367102,71.96604949351405,71.37027502671774,71.02700165281853
2017-07-27,71.88,73.06,71.28,73.06,69.4596688562713,72.07023525603653,71.43653875116017,71.06725904583202
2017-07-28,71.68,71.88,70.29,71.08,69.47579155421886,71.975927136414,71.42255683934997,71.06751134195416
2017-07-31,71.68,72.47,71.28,71.68,69.49772397656494,71.94774359961266,71.43265264957154,71.0796398302323
2017-08-01,72.27,72.27,71.08,71.42,69.51685110117623,71.89748230441145,71.4321564672354,71.08637963557423
2017-08-02,70.23,70.83,69.84,70.03,69.5219570603685,71.71962684684846,71.37716993910853,71.065461226949
2017-08-03,69.64,70.63,69.24,69.44,69.52114156723052,71.50251952810099,71.30120249051603,71.0332738759203
2017-08-04,69.44,70.43,69.44,70.03,69.52620483521827,71.36227957304375,71.25135141245659,71.01340706649614
2017-08-07,69.04,70.03,69.04,69.64,69.5273371254151,71.19825294703958,71.1881611609877,70.98621088696157
2017-08-08,70.03,70.83,69.24,69.44,69.52646809929156,71.03080028541676,71.11960582134112,70.955592849596
2017-08-09,68.25,68.84,67.65,68.45,69.51575697392548,70.78500978204373,71.0149153969748,70.905977149604
2017-08-10,68.05,68.05,63.88,63.88,69.45967979010533,70.12738980280147,70.73511479317186,70.7668488892158
2017-08-11,64.08,65.34,63.88,65.34,69.41868795139781,69.67144791682038,70.52354166402786,70.65938653497389
2017-08-14,67.32,68.91,67.32,67.72,69.40178558372222,69.48559573426606,70.41359885367383,70.60118086101402
2017-08-15,67.92,68.31,67.12,67.12,69.37908124955582,69.2603009024312,70.28443811431407,70.53224658653849
2017-08-16,67.92,68.71,66.93,67.32,69.35859287891348,69.0755103402949,70.16818563924294,70.4686377432407
2017-08-17,66.53,66.93,60.79,60.79,69.27333324827752,68.28641411740966,69.80041365339027,70.27698155030525
2017-08-18,60,61.78,60,60.39,69.18494187267277,67.53437467765636,69.43137782384555,70.08119973742792
2017-08-21,60,60.39,58.81,59.4,69.08757926697453,66.75967232740338,69.03799045820455,69.86969083173628
2017-08-22,60.59,63.16,60.59,62.77,69.024717781731,66.37970353431734,68.79218691082397,69.72910289447417
2017-08-23,61.98,62.97,61.78,61.78,68.95263103763418,65.94163653104903,68.51719918883087,69.57169491636577
2017-08-24,62.57,63.16,61.38,61.38,68.87728147507065,65.50719495666341,68.23730902456299,69.40948313584367
2017-08-25,62.77,63.36,62.17,62.97,68.81850255492068,65.26555734174309,68.03074788634483,69.28196861830222
2017-08-28,63.36,63.36,60.99,61.58,68.7464776538767,64.9145518806247,67.77777738099797,69.12945438823682
2017-08-29,59,61.38,59,60.99,68.66929877174857,64.54078503485091,67.51159003272355,68.96827707361827
2017-08-30,60.79,62.37,60.39,61.98,68.60273858496501,64.2969007458175,67.29466493340105,68.82989534938821
2017-08-31,62.77,63.56,62.17,63.16,68.54858198212953,64.18862448431106,67.13252121052258,68.71762019395479
2017-09-01,63.96,64.55,63.56,63.88,68.50212843006854,64.15923167628144,67.00497135912954,68.62182573466855
2017-09-05,62.77,62.97,59,60,68.41753013723203,63.76311437377844,66.730266599948,68.45109651219987
2017-09-06,60.99,62.77,60.99,62.37,68.35735570800584,63.630436814370974,66.55927575289121,68.33067875948304
2017-09-07,61.98,61.98,60.19,61.38,68.28792928305056,63.416109498716594,66.35616689983665,68.19304155632496
2017-09-08,60.19,62.17,60.19,62.17,68.22705436481125,63.29743240360073,66.19200349199993,68.07377340669476
2017-09-11,64.35,64.55,63.56,63.96,68.18459611242507,63.36053407944828,66.10447394329405,67.99231254715625
2017-09-12,65.54,66.93,65.14,66.33,68.16614241976413,63.64334035759606,66.11331810238056,67.95939546701453
2017-09-13,65.74,66.33,64.75,65.54,68.14001164941821,63.823974609253575,66.09083503954211,67.91148664588553
2017-09-14,64.95,65.54,64.68,64.68,68.10558367280709,63.90550083694371,66.03550817524635,67.84749681131355
2017-09-15,64.88,66.46,64.88,66.26,68.08721965616223,64.12973885247288,66.04431177621709,67.81606123089149
2017-09-18,66.07,67.26,66.07,66.26,68.06903836605116,64.33262086652309,66.05277013793406,67.78524813721047
2017-09-19,66.26,67.65,66.26,67.65,68.06486883007055,64.64856173637803,66.11540660311312,67.78256995627561
2017-09-20,67.26,67.85,66.46,67.85,68.06273083176139,64.95346061862774,66.18342987357927,67.78390520466618
2017-09-21,68.45,68.45,67.06,67.26,68.05474346030107,65.17313103590129,66.2256483099095,67.77353084417774
2017-09-22,66.86,67.46,66.66,67.06,68.04484551542245,65.35283284200594,66.2583679840307,67.75940152053066
2017-09-25,68.25,69.24,67.65,69.04,68.05474755009486,65.70399161895776,66.36745159250009,67.78475990626272
2017-09-26,68.65,69.44,68.65,68.65,68.06067046004416,65.98456384572368,66.45696329475498,67.80189337346543
2017-09-27,69.84,70.03,68.45,69.24,68.07240508233228,66.29460538422619,66.56610198907832,67.8303707324067
2017-09-28,68.65,70.03,68.05,69.44,68.08601299196081,66.59416677620464,66.67880387185956,67.86224457928974
2017-09-29,69.44,70.03,68.84,70.03,68.10535614626966,66.92138898799467,66.81022332786506,67.90517042920479
2017-10-02,70.03,71.23,70.03,71.23,68.13644712988886,67.33173289389994,66.98354790324291,67.97100863852746
2017-10-03,70.23,70.43,69.44,69.84,68.15339790471585,67.57061547543329,67.0955656325275,68.00801836845761
2017-10-04,70.03,71.42,70.03,71.23,68.18401086088782,67.91912828729679,67.25770031360484,68.07181998492379
2017-10-05,71.23,73.01,71.23,72.47,68.22665751898845,68.35254464088757,67.46210422287524,68.15891265848965
2017-10-06,70.89,71.48,70.29,71.48,68.25902908596369,68.65039753223161,67.61966876315465,68.22467676426214
2017-10-09,70.89,70.89,69.9,70.09,68.27724770202376,68.78750252916193,67.7165444979329,68.26161385803913
2017-10-10,70.69,71.68,70.69,70.89,68.303245237327,68.98774038352745,67.84099373330808,68.31366110837499
2017-10-11,71.48,72.07,71.08,72.07,68.34072538421927,69.2812889184296,68.00683711631561,68.388044056724
2017-10-12,71.68,72.67,71.28,72.07,68.37783259432653,69.54688045000773,68.16617683724441,68.46095407540273
2017-10-13,71.48,72.87,71.28,71.68,68.41068998144766,69.75003469286415,68.30397382401914,68.52469755905811
2017-10-16,71.68,72.27,71.48,71.48,68.4412303796422,69.91479329354375,68.42852387013603,68.5832183994728
2017-10-17,71.08,71.88,71.08,71.88,68.47544699278009,70.10195583701578,68.56387587522873,68.64850120344363
2017-10-18,71.88,72.07,71.68,72.07,68.51121368936934,70.28938861444284,68.70137093894525,68.7162536548606
2017-10-19,70.89,72.47,70.89,72.47,68.55060459793283,70.49706588925781,68.84916031388858,68.79058526565544
2017-10-20,72.67,73.66,72.67,73.46,68.59945430342604,70.77925009028088,69.02997755648119,68.88304892376127
2017-10-23,74.25,74.25,73.26,73.46,68.64781794219792,71.03455960549222,69.20370392681525,68.97368161834025
2017-10-24,73.26,73.26,72.27,72.27,68.68385955471337,71.15222059544534,69.32395083164603,69.03895524966025
2017-10-25,71.68,71.68,68.91,70.69,68.70382115118387,71.10819958635531,69.37752138726775,69.07164920511252
2017-10-26,70.49,70.49,69.3,69.3,68.7097532790328,70.93599010194052,69.37448133286509,69.07617100303109
2017-10-27,68.91,69.9,68.91,69.5,68.71761643048521,70.79922913985095,69.37940363353705,69.08456365643642
2017-10-30,69.1,69.7,67.92,68.51,68.715550595356,70.58120731700801,69.34530937339835,69.07318615828916
2017-10-31,68.91,69.1,67.12,67.46,68.70305755460619,70.28394947729296,69.27137567248077,69.04124187792699
2017-11-01,68.65,68.65,67.46,68.25,68.69854951923698,70.09024000326507,69.23132172454035,69.02557372192844
2017-11-02,68.25,68.25,66.26,67.59,68.68751917576198,69.85212190771601,69.16695616671524,68.99714651951402
2017-11-03,67.39,67.59,66.99,67.39,68.67460853719719,69.61763410698116,69.09727161115778,68.96532183595929
2017-11-06,67.79,68.98,67.79,67.99,68.66779651195145,69.46262133488771,69.05384919503395,68.94600853227692
2017-11-07,68.58,69.78,67.52,67.72,68.65836570088726,69.29665739823174,69.00154138346399,68.92173113559816
2017-11-08,67.32,68.51,67.32,67.72,68.64902872873913,69.1464995507811,68.95128485862226,68.89793447944771
2017-11-09,67.12,68.71,66.53,68.11,68.64366525880142,69.04778530784957,68.91829329553903,68.88233181648835
2017-11-10,68.31,68.71,67.32,67.72,68.63447455970886,68.92132956424484,68.87130140159633,68.85931534487472
2017-11-13,67.72,68.51,67.12,67.72,68.62537531035852,68.80691722479295,68.82615232702392,68.83675464497621
2017-11-14,67.52,68.31,67.32,67.52,68.61437655105146,68.68435367957457,68.77493066714062,68.81068029557073
2017-11-15,65.14,66.73,64.95,65.47,68.58308922218528,68.37822475771033,68.64532554293903,68.74452821050993
2017-11-16,65.87,68.84,65.87,67.85,68.57579480206404,68.3279176379284,68.61413630596103,68.72681478059884
2017-11-17,67.06,67.46,66.46,66.46,68.55474211746639,68.15002072003045,68.52966037239392,68.68192735920084
2017-11-20,66.86,67.46,65.87,67.26,68.54185911132245,68.06525684193231,68.47986976955494,68.65377038179092
2017-11-21,68.45,69.44,68.45,69.04,68.54681573708044,68.15808952365305,68.50183566094493,68.66141849304259
2017-11-22,69.04,69.44,68.05,68.45,68.54585239641297,68.18589052140038,68.49980288992748,68.65723198822987
2017-11-24,68.84,68.84,67.65,68.05,68.54091854172229,68.17294856698129,68.48216356091072,68.64520759242333
2017-11-27,68.25,68.65,67.06,67.06,68.52618303384446,68.06695346536402,68.426392440875,68.61381734306842
2017-11-28,67.46,70.63,67.26,70.63,68.54711653599526,68.31105313532936,68.5128084235858,68.65374175211657
2017-11-29,70.63,73.21,70.63,72.22,68.58366264011471,68.68333378910752,68.65818848540596,68.72436072732219
2017-11-30,73.41,74.8,71.82,71.82,68.61586500190461,68.98206390443062,68.7821810938214,68.78566051489997
2017-12-01,74,74.6,72.22,74.2,68.67142853422396,69.47901019924674,68.99464458033822,68.89287515816928
2017-12-04,76.83,78.21,76.43,76.43,68.74862825030134,70.14100922788991,69.28622714581515,69.04212515503721
2017-12-05,75.84,75.84,73.86,74.25,68.80336826771128,70.53234168237658,69.48088490480279,69.14525138959092
2017-12-06,74.25,75.04,72.67,73.66,68.8516929615649,70.83021390310262,69.64477177128111,69.23465235217328
2017-12-07,73.66,74.85,73.66,74.65,68.90938755896225,71.19400305518808,69.84105523123087,69.34188695906094
2017-12-08,74.45,75.24,74.05,74.45,68.96451803101237,71.50409800231303,70.02179816333947,69.44303771234686
2017-12-11,74.25,76.23,74.25,76.23,69.03681138393762,71.95418390685465,70.26525705889479,69.57743300517168
2017-12-12,76.43,77.22,75.84,77.02,69.11624609653525,72.43664258239231,70.53014893893813,69.72481056942571
2017-12-13,77.22,77.42,75.44,75.64,69.18115907069908,72.74172424121208,70.7305352550582,69.84194303339748
2017-12-14,74.65,76.23,74.45,74.45,69.23358534860257,72.90441717062046,70.87639661760494,69.9331916862015
2017-12-15,76.43,77.62,75.84,77.22,69.31305216105429,73.31542505913279,71.12516537769886,70.0774849201381
2017-12-18,77.82,78.61,77.02,77.02,69.389738209203,73.66824172016777,71.35633536288714,70.21496046627398
2017-12-19,78.41,78.41,75.04,75.04,69.4459597195592,73.79888536586608,71.50079279963666,70.31050580357548
2017-12-20,75.64,76.63,75.24,76.03,69.51147255817055,74.01137247387884,71.67840876827836,70.42376311439577
2017-12-21,76.43,76.43,75.44,76.03,69.576333527741,74.2036227144618,71.84905940481646,70.53477770618991
2017-12-22,76.43,77.02,75.64,76.43,69.64452921403213,74.41565864641782,72.02870413403934,70.65151478131487
2017-12-26,76.43,77.42,75.64,76.23,69.71005628652932,74.5884530610447,72.19346083466526,70.76197983515023
2017-12-27,76.23,77.22,76.03,76.43,69.77692139810614,74.76383848380235,72.3595996254627,70.87421785821655
2017-12-28,76.63,76.83,76.03,76.83,69.84710128469214,74.96061577105927,72.53490944407201,70.99215413825186
2017-12-29,77.42,77.42,76.63,76.63,69.91459281419769,75.1196047452441,72.695501230579,71.10379465036569
2018-01-02,76.78,77.38,75.99,76.58,69.98091527375792,75.25869000760181,72.84783451565433,71.21223436025943
2018-01-03,76.19,77.57,75.79,76.19,70.04269721133247,75.34738619735403,72.97889982876592,71.31080397688795
2018-01-04,76.58,77.77,76.38,76.78,70.10973505002568,75.48382560712983,73.12796258057902,71.4191048882367
2018-01-05,77.18,78.17,76.78,78.01,70.18834465151795,75.72441364454603,73.31941502839945,71.54961766272706
2018-01-08,77.82,78.81,77.82,78.81,70.27413226692573,76.01827901173212,73.53473208610927,71.69338760999979
2018-01-09,78.41,78.61,77.62,77.62,70.3472254782001,76.17082386775763,73.69493867096773,71.81074627118791
2018-01-10,77.42,77.42,76.03,76.83,70.41173069732248,76.2336025470188,73.8178822524984,71.91013743413468
2018-01-11,76.43,77.22,76.03,77.02,70.47748462073221,76.30849754254082,73.94345549749848,72.01132283147855
2018-01-12,77.22,77.62,77.02,77.62,70.54855442550105,76.43340253848932,74.08763371328286,72.1223857457067
2018-01-16,78.41,79.4,77.22,77.22,70.6149369685309,76.50831658244272,74.21047160687961,72.22332860222735
2018-01-17,77.82,78.81,77.62,78.41,70.69249978476442,76.68942928887674,74.37515899484511,72.3458369467377
2018-01-18,78.21,78.41,77.02,77.82,70.76342018491601,76.7971026899361,74.51025079896883,72.45423621511914
2018-01-19,78.21,78.61,78.01,78.41,70.83950555621038,76.95071195756123,74.66318214018574,72.57217213165143
2018-01-22,79.4,79.8,79,79.8,70.9286647049048,77.22207272350778,74.86462597782551,72.71529743597516
2018-01-23,80,80.99,79.6,80.99,71.02877749391072,77.58092294031655,75.10483672379314,72.87915293229248
2018-01-24,81.38,81.58,80,80.79,71.12590408601112,77.88654932695307,75.32778430325223,73.03580336927679
2018-01-25,80.99,81.18,80.39,80.99,71.22405429411052,78.18211605771944,75.5498319776345,73.19331221344953
2018-01-26,80.79,82.17,80.59,82.17,71.33296917675618,78.56191452841283,75.80944640988413,73.3710684072426
2018-01-29,81.38,81.58,80.79,80.79,71.42706898594268,78.77411314475447,76.0047622369475,73.51797794373284
2018-01-30,80.19,80.19,78.81,79.4,71.50640163284872,78.83372141668261,76.13790881589074,73.63445362801536
2018-01-31,79.6,79.8,78.61,79.4,71.58494490018356,78.88765271033188,76.26583396036561,73.74862286310417
2018-02-01,78.61,79.2,77.82,77.82,71.64698524943546,78.78597149982409,76.32678164819441,73.82924419254766
2018-02-02,76.83,77.42,74.65,74.65,71.67686599322217,78.39206945222179,76.26102550512796,73.84549678279424
2018-02-05,73.06,74.05,60.99,61.18,71.57241956542892,76.75282474248638,75.66961274022098,73.59469486630327
2018-02-06,56.43,67.12,56.43,66.53,71.52224623641968,75.7792223860591,75.31119655432997,73.45479991845568
2018-02-07,66.33,69.3,64.75,64.75,71.45486070172893,74.72882025405347,74.89703198357194,73.28242764284269
2018-02-08,64.95,64.95,51.88,51.88,71.26008596837839,72.5527421346198,73.99440327833382,72.85861719446957
2018-02-09,55.24,58.41,47.32,57.02,71.11839357068308,71.07343335989411,73.32874040467367,72.54498121042067
2018-02-12,59.6,63.56,57.42,60.99,71.0176135351539,70.11310637323753,72.84486823194136,72.31616970130344
2018-02-13,60.39,61.58,58.81,61.18,70.91972683331157,69.2623343376911,72.38742241892406,72.09565148939645
2018-02-14,60.39,66.93,59.8,65.94,70.8701773125821,68.94592154362527,72.1345823240643,71.9737574004975
2018-02-15,66.93,68.71,64.75,68.71,70.84868301096436,68.92345282518477,72.00028497802256,71.90912854108171
2018-02-16,68.31,70.89,68.11,69.3,70.83327322976074,68.95931446088146,71.89439144947266,71.85746262937712
2018-02-20,68.11,69.9,66.53,67.12,70.79632523742481,68.78414165508322,71.70716041223844,71.76365148820133
2018-02-21,68.51,68.91,65.74,65.74,70.74601354352009,68.49422340221815,71.47315412156242,71.64437126071219
2018-02-22,65.74,67.92,64.95,64.95,70.68834176696765,68.15667831629261,71.21734415601095,71.51180945356937
2018-02-23,67.32,68.51,65.94,68.51,70.66666672451026,68.19032800045522,71.1111737969517,71.45236768221156
2018-02-26,68.71,70.89,68.11,70.09,70.66092874715196,68.37124914326901,71.07112776569869,71.42539010434598
2018-02-27,70.69,71.08,66.66,66.66,70.62111851086189,68.20827303438625,70.89814236312228,71.33102594386388
2018-02-28,67.65,68.84,63.49,63.61,70.55135613761948,67.77034226920661,70.6123328586861,71.1781343410151
2018-03-01,63.02,64.61,57.85,60.03,70.44666602679739,67.03316681499645,70.19733941324743,70.95737920554944
2018-03-02,58.44,61.23,56.46,60.83,70.35097780762527,66.44238902309202,69.82999276959067,70.75683704306331
2018-03-05,59.2,64.35,59.2,63.36,70.28141583939019,66.14882816374993,69.57626756294006,70.6103650224086
2018-03-06,63.76,65.14,62.97,63.96,70.21851617929676,65.94036833863089,69.3560217761581,70.47867462592527
2018-03-07,63.16,64.95,62.17,63.96,70.15624238646794,65.75176183018985,69.14441307905386,70.34959196006535
2018-03-08,65.54,65.54,63.76,64.48,70.09976236272199,65.63064165588605,68.96149491909097,70.23336241630169
2018-03-09,66.07,69.04,65.67,69.04,70.08921746359043,65.95534245056358,68.96457354971486,70.20973147736503
2018-03-12,69.44,70.03,68.45,68.65,70.07489689181341,66.21197650289086,68.95223733207898,70.17884570553602
2018-03-13,68.84,69.44,66.46,66.86,70.04290786801427,66.27369302642506,68.87018880925235,70.11312598859472
2018-03-14,67.65,67.65,64.68,65.67,69.9993963469395,66.21619845247982,68.74469120888952,70.02514329575126
2018-03-15,66.07,66.46,64.08,64.28,69.94248693055205,66.0317985998627,68.56960527912915,69.91137808197401
2018-03-16,65.27,66.26,65.07,65.27,69.89599452328288,65.95924635225673,68.44020899367311,69.81946960510324
2018-03-19,64.68,65.07,61.11,62.69,69.82429308524027,65.6478895568037,68.21471060176437,69.6782919891606
2018-03-20,63.49,63.49,62.1,62.42,69.75061852717818,65.34047150377478,67.987467048754,69.53456343491979
2018-03-21,61.63,63.81,61.43,62.42,69.67767704929581,65.06233136055813,67.76913500762639,69.39368099066395
2018-03-22,60.03,60.83,54.67,54.67,69.52834692940232,64.07258551669545,67.25544343869987,69.10212295124487
2018-03-23,56.26,56.26,46.91,48.11,69.31522904950776,62.55233927701018,66.50464173522144,68.68643734824992
2018-03-26,53.87,56.26,50.69,56.06,69.18333622314451,61.934021250628255,66.09504794168335,68.43640888590834
2018-03-27,55.46,58.44,51.09,52.08,69.01315377316297,60.995543036282704,65.54543821848007,68.11251960103887
2018-03-28,53.08,54.67,51.09,52.28,68.84665473064393,60.16549131854149,65.02522495501026,67.79900436141433
2018-03-29,54.47,57.65,53.67,56.26,68.72141438506539,59.79353976439468,64.68149064304907,67.57050922554474
2018-04-02,55.26,55.26,42.94,46.71,68.50239533645777,58.54748835826185,63.97672630410597,67.15742983493989
2018-04-03,48.51,51.88,47.52,51.48,68.3330182684333,57.87439422890358,63.48665860590574,66.84698567979257
2018-04-04,47.32,57.42,47.32,57.02,68.22045092247875,57.793023349960386,63.23306415077218,66.65239190395509
2018-04-05,58.01,58.41,56.63,57.14,68.11019767946901,57.73083064996416,62.99412045858504,66.46402770783718
2018-04-06,55.95,57.14,47.22,49.2,67.92203650852902,56.918370588062814,62.45317455824837,66.12216577302851
2018-04-09,52.77,55.15,50.59,50.59,67.74957843381729,56.315668627294926,61.98795202655236,65.81459813395864
2018-04-10,53.96,55.95,53.17,54.76,67.6203288971624,56.167509710409696,61.70450292747187,65.59569520061292
2018-04-11,52.38,54.96,52.18,52.57,67.47057438077272,55.82488973798973,61.34628712639454,65.33776064218495
2018-04-12,55.15,56.34,55.15,55.75,67.35395175011826,55.81775738199071,61.12682488614378,65.14790399580505
2018-04-13,56.94,56.94,53.17,53.96,67.22067859837578,55.640828107515404,60.84577292982441,64.92636134242278
2018-04-16,55.15,58.33,55.15,57.34,67.1223633884417,55.80265400203775,60.70829163845875,64.7761363653451
2018-04-17,59.32,61.7,58.13,59.72,67.04870803134277,56.17573457327225,60.669535103617235,64.67601485316004
2018-04-18,60.71,61.3,59.92,60.11,66.97966616038414,56.5504265186749,60.647592550534206,64.5855987174539
2018-04-19,59.52,59.52,55.55,57.14,66.88175903441017,56.60657637403919,60.51003990149365,64.43816111908848
2018-04-20,56.94,56.94,53.96,54.96,66.76313456640608,56.44975957651165,60.292391277905665,64.25047476029465
2018-04-23,55.75,57.14,55.15,56.74,66.66340188415329,56.477401521605785,60.15308181602701,64.10175248781357
2018-04-24,57.93,58.13,50.59,51.98,66.51729838281842,56.04907756716714,59.8325688036338,63.861717785084586
2018-04-25,52.18,54.36,49.8,52.77,66.38050934418341,55.736784465532175,59.55560532113836,63.64207980914232
2018-04-26,52.77,56.54,52.77,55.75,66.27473313180347,55.738043087862444,59.40636589677999,63.485801001040485
2018-04-27,55.15,55.95,53.37,54.36,66.15617857327807,55.6068008890184,59.20846919494548,63.305092070326815
2018-04-30,56.15,56.54,50.39,50.39,65.99930117453899,55.10996270911189,58.862646873575066,63.0493476728946
2018-05-01,50.59,52.38,48.41,52.38,65.86378573996646,54.849966260625045,58.60842542755252,62.83807346155015
2018-05-02,50.79,52.77,47.61,48.21,65.6881261803648,54.2175885215179,58.20064403823673,62.54840864052936
2018-05-03,45.43,48.41,41.86,47.72,65.50933885518704,53.59877056708762,57.78963838967843,62.25477678626145
2018-05-04,44.55,54.85,44.55,53.26,65.38745488647871,53.56650670355547,57.61200551165182,62.076662394454296
2018-05-07,53.66,54.45,52.87,53.46,65.26877374332966,53.556363207978755,57.44918176609685,61.90603541634629
2018-05-08,53.06,53.46,50.49,52.27,65.13943271105772,53.43385242626649,57.246076598798936,61.715222833844386
2018-05-09,52.67,55.44,52.27,54.65,65.03506024627107,53.5496760047173,57.14426967335584,61.575317431194
2018-05-10,56.43,59.4,56.03,58.41,64.96913924879574,54.01256400426803,57.193906156753656,61.51263787810105
2018-05-11,58.41,60.59,58.41,60,64.91969507716594,54.58279600386155,57.30394905256724,61.48268465279212
2018-05-14,60.19,60.79,58.81,59.2,64.86278268833841,55.0225297177795,57.37830399168225,61.43748297649921
2018-05-15,58.01,58.01,55.44,56.83,64.7828545023848,55.19466974465764,57.35680187436138,61.34624568983586
2018-05-16,58.01,59,56.83,57.82,64.7135723680327,55.44470119754739,57.37496650673936,61.27641904251238
2018-05-17,57.22,58.21,56.63,57.02,64.6370194091468,55.594729654923825,57.361046251573114,61.19213351691808
2018-05-18,57.22,58.41,57.02,58.21,64.57306896726475,55.84380302112156,57.394338555432995,61.13308136806821
2018-05-21,59.8,60.59,58.81,60.39,64.53144639047605,56.276774161967126,57.51181547482778,61.118366885532204
2018-05-22,60.39,60.79,57.62,58.41,64.47053647614295,56.47993852749406,57.54703839738355,61.06473585809592
2018-05-23,57.02,59.2,57.02,59.2,64.41809332712661,56.73899200106606,57.61186042101557,61.02781039555937
2018-05-24,58.61,59.6,57.82,59.32,64.36736603033928,56.984802286678814,57.6788462868581,60.993992367924534
2018-05-25,57.73,58.53,55.95,57.53,64.29933253750009,57.03672587842369,57.67300917756955,60.925398459648804
2018-05-29,54.16,54.56,49,50.99,64.16690136797273,56.46084722333572,57.41093038629231,60.7286578960914
2018-05-30,54.56,58.13,53.76,56.94,64.09499190162474,56.50648082111327,57.392462528006334,60.65363496745592
2018-05-31,56.15,56.34,51.98,52.38,63.97842481802648,56.11348264767391,57.1958953700453,60.48980061166471
2018-06-01,55.15,56.74,54.76,56.26,63.901624571080944,56.12743668122878,57.15919359082784,60.40604218371096
2018-06-04,56.26,57.65,55.66,56.43,63.82728004798561,56.15625223539747,57.13059776373655,60.32730867512262
2018-06-05,56.83,58.61,56.83,58.01,63.76939666442357,56.33279964155009,57.16508412594296,60.28142137462515
2018-06-06,58.81,60.39,58.21,60.19,63.73378077721537,56.700152056640555,57.283708277866765,60.279611050375145
2018-06-07,60.79,61.78,60.39,61.58,63.71235012271572,57.16489947981764,57.45219030618571,60.30536132660534
2018-06-08,61.18,62.17,60.39,61.9,63.69431678816133,57.615861434120724,57.62661421574706,60.3369383300389
2018-06-11,62.1,63.49,62.1,63.09,63.68830368579157,58.137207964204464,57.84086463865894,60.391454402711396
2018-06-12,63.29,64.08,62.3,63.69,63.68832056453991,58.6660453009469,58.07024249596643,60.45677213731117
2018-06-13,63.29,63.49,60.71,60.71,63.658685534046974,58.86070765323767,58.173762398085394,60.46178655043372
2018-06-14,60.91,61.7,60.31,60.91,63.63133542923059,59.05587835292932,58.28106583345459,60.47066206428652
2018-06-15,59.32,60.31,57.53,60.31,63.5982873155069,59.17531850979319,58.36063187920147,60.467480637270945
2018-06-18,57.53,60.11,56.74,60.03,63.56278196908395,59.256716746955746,58.42609729570337,60.45881765435469
2018-06-19,55.06,56.46,53.67,55.75,63.48504284501346,58.92274372343615,58.321152303715,60.36557374040707
2018-06-20,55.95,57.34,55.15,56.15,63.41205734406805,58.65867289263271,58.236009076118336,60.28209703267624
2018-06-21,55.75,55.95,53.96,55.15,63.32984781825643,58.32451356952483,58.11498911234899,60.18047134886087
2018-06-22,56.94,58.33,56.94,57.73,63.27412793946781,58.267893229570085,58.09989150010001,60.131947163734914
2018-06-25,56.54,56.54,51.78,54.16,63.1834400992741,57.87666530294436,57.945385951076474,60.01369078425501
2018-06-26,53.17,55.15,52.77,53.17,63.083803879380824,57.428411464568704,57.758115913779356,59.878172154863826
2018-06-27,55.35,56.54,50.59,50.79,62.961477472620814,56.79618180127645,57.48485646618017,59.698208349817016
2018-06-28,50.59,53.17,49.2,52.38,62.85618913955991,56.37559305829774,57.284666016526046,59.55329333298896
2018-06-29,52.38,55.24,52.38,52.87,62.756824073494634,56.04172705274557,57.11154185901522,59.420950890751556
2018-07-02,52.07,52.27,49.9,52.27,62.65247756530066,55.68251495248409,56.921677472387174,59.27934790281588
2018-07-03,53.86,54.85,52.27,52.87,62.555139480073784,55.41465638558084,56.76278815974454,59.1524301225621
2018-07-05,53.26,55.84,52.47,55.64,62.4863321220631,55.43611768219219,56.718757251519264,59.0828770508282
2018-07-06,55.24,58.41,55.24,57.62,62.43791090691819,55.644106474364364,56.75410010440086,59.05390918843556
2018-07-09,58.41,60.79,58.41,60.39,62.41753368396378,56.09609633394871,56.8966844140322,59.080366432228914
2018-07-10,60.99,62.17,59.6,61.5,62.40840399556613,56.610753825953594,57.077206593874074,59.12827996822438
2018-07-11,59.92,60.71,58.53,58.92,62.37369350804806,56.83068203300563,57.149473001957446,59.12415561241796
2018-07-12,60.11,60.11,57.93,59.72,62.34728859752022,57.10585517271938,57.25027798227284,59.13595451118196
2018-07-13,59.72,60.11,59.32,60.11,62.32502701943544,57.39196420388896,57.36242394375234,59.1552425406635
2018-07-16,59.92,60.31,57.34,59.32,62.295126253072894,57.57558666066144,57.43919163223264,59.15850506461076
2018-07-17,59.72,61.9,59.12,60.91,62.28134390229605,57.893149835836546,57.57530176430195,59.19318813263827
2018-07-18,60.11,62.1,59.32,61.9,62.27754943560654,58.274754613375926,57.744897773545006,59.24678836763553
2018-07-19,60.71,61.5,59.12,61.11,62.26593202828707,58.5447779835306,57.87686256673932,59.28368364748433
2018-07-20,59.72,61.3,59.72,59.92,62.24258942104043,58.67575150890864,57.95698560333778,59.296283971296525
2018-07-23,59.92,59.92,56.94,58.33,62.203658183020124,58.642822793774485,57.97161361889316,59.27714963523125
2018-07-24,57.93,59.72,57.53,58.53,62.16710437025375,58.63207776579596,57.993511124034605,59.26235459294944
2018-07-25,58.73,61.3,58.73,61.3,62.15847646607212,58.88616559762492,58.12317735446462,59.30270400695044
2018-07-26,63.49,64.68,63.29,63.88,62.17560605347439,59.361768874041594,58.34893510526993,59.393343531565286
2018-07-27,64.08,64.28,61.9,62.1,62.17485375443484,59.62255279079954,58.496035689376995,59.44694068935607
2018-07-30,62.5,63.88,60.51,61.11,62.164258194689225,59.76421442977101,58.598544093715155,59.479872556893575
2018-07-31,62.77,64.75,62.77,64.55,62.18799691912018,60.22000353169758,58.8319345214126,59.580271120123406
2018-08-01,63.16,63.96,61.98,61.98,62.18592729803441,60.387622242964476,58.955388069592495,59.62779050388334
2018-08-02,60,63.16,59.4,62.97,62.19372901646192,60.63356298172976,59.11282383156926,59.69397287014308
2018-08-03,63.76,65.54,63.56,64.95,62.22115459838768,61.04465222156502,59.341732700919486,59.79805261528876
2018-08-06,64.75,66.53,64.55,65.74,62.256167985468394,61.491828200463594,59.592645144020686,59.915714939738486
2018-08-07,65.94,66.53,65.54,65.74,62.290832980637866,61.89641599089563,59.833717883470854,60.03104731716941
2018-08-08,65.94,66.93,64.95,65.74,62.325153050482264,62.26247161081034,60.06533679000141,60.14409588514625
2018-08-09,65.34,66.33,64.55,64.95,62.351270930576966,62.518426695495066,60.256892210001354,60.239262303262166
2018-08-10,63.16,63.16,60.79,61.38,62.341606543208044,62.410005105447915,60.300935652746396,60.261851168544105
2018-08-13,62.17,62.57,58.21,59.4,62.3123368263602,62.12333795254811,60.265604842834776,60.24478480877095
2018-08-14,61.78,64.55,61.58,63.56,62.324751385301894,62.26016290944829,60.394796809782434,60.31043263433985
2018-08-15,61.78,61.78,61.78,61.78,62.319330973507846,62.214433108548455,60.44911850351646,60.33953297821431
2018-08-16,63.56,64.75,63.56,64.35,62.33953663546299,62.41782043154384,60.6020942484766,60.41894816676452
2018-08-17,63.76,65.14,63.76,64.55,62.36153129580664,62.62088515234919,60.756914081869674,60.50075117336324
2018-08-20,65.34,65.74,65.14,65.54,62.39315785007722,62.898896090220695,60.9444860786591,60.6005382788412
2018-08-21,66.13,66.53,65.54,65.54,62.42446971226551,63.150429795913965,61.12470231086854,60.69834940203246
2018-08-22,65.94,65.94,64.35,64.95,62.44959936686983,63.32181743439835,61.27471398495213,60.782540502982314
2018-08-23,64.55,64.55,62.97,63.76,62.46263817913979,63.36354910731279,61.372176181620674,60.841500096982664
2018-08-24,63.36,65.34,62.97,64.95,62.48738804800407,63.5146396685211,61.51248299802771,60.92285653070578
2018-08-27,65.54,66.93,65.54,66.13,62.52363294304881,63.76372160485242,61.69356209614427,61.02596828257299
2018-08-28,67.32,67.72,65.94,66.33,62.56150724212295,64.00812907105696,61.875383190413125,61.13099861361115
2018-08-29,66.33,68.11,66.33,67.65,62.612139010858044,64.35497392143249,62.101838751573396,61.260087749975284
2018-08-30,66.66,67.65,65.47,65.87,62.64455553811319,64.4992621193913,62.24960978092346,61.35137314106488
2018-08-31,65.47,66.26,64.08,65.87,62.67664951285833,64.62980858421118,62.39158586794607,61.44085090064776
2018-09-04,65.34,65.54,63.76,65.34,62.70315051273039,64.69744586190535,62.50720995155603,61.51806177390226
2018-09-05,64.35,65.54,63.76,64.95,62.7255072240465,64.72149863696198,62.6030056397303,61.58602094669627
2018-09-06,65.34,65.74,62.17,63.96,62.73779073425499,64.64897495725131,62.65622110483891,61.633030432900306
2018-09-07,62.17,64.35,62.17,63.16,62.74199182147634,64.50716781846548,62.67597713994327,61.66326745403099
2018-09-10,64.55,64.55,63.36,63.56,62.75013120633727,64.416961359564,62.71064470308275,61.70082651434721
2018-09-11,62.17,64.15,62.17,63.56,62.75818960229412,64.33534599198647,62.74395275394225,61.737641830894795
2018-09-12,63.36,64.15,62.37,63.76,62.76815786495786,64.28055113560681,62.78379774398373,61.77768852731272
2018-09-13,64.15,64.15,62.77,63.09,62.77136027426176,64.16716531316807,62.79580567559221,61.80367489310851
2018-09-14,63.49,63.88,62.89,63.29,62.77652086854771,64.08362575953302,62.815185845176835,61.83310707344299
2018-09-17,63.88,64.28,62.89,63.09,62.779640063885545,63.98899473481559,62.82596287085617,61.8579960422857
2018-09-18,63.29,64.28,62.5,63.69,62.78869837170758,63.96051904578553,62.85984667984221,61.89427334837905
2018-09-19,65.47,68.25,65.47,66.07,62.82134813915328,64.16142199380596,62.98573504533859,61.97696100484679
2018-09-20,69.24,70.23,67.85,69.44,62.887205371599514,64.66414370868158,63.238843474933155,62.12474395524587
2018-09-21,70.23,71.03,70.03,70.03,62.95827795496668,65.1751776411881,63.50516333866127,62.281283678904366
2018-09-24,70.03,70.03,65.67,65.87,62.98725031362373,65.24135119917018,63.59790203126279,62.35234736843101
2018-09-25,65.47,66.07,64.48,64.48,63.00210354433394,65.16884156115397,63.63249410846817,62.39447910370961
2018-09-26,64.88,65.07,61.9,62.1,62.993127389663954,64.87657093628216,63.57239630029295,62.38864783432922
2018-09-27,62.1,63.29,61.9,62.3,62.98623059971705,64.63118322806481,63.52249840616381,62.38689243166924
2018-09-28,61.9,63.09,61.7,62.3,62.97940243454573,64.40916577777293,63.47455729219661,62.385171789457964
2018-10-01,63.69,64.28,61.46,62.05,62.970154649127366,64.18448332274693,63.41869230034576,62.37853472432018
2018-10-02,62.25,63.24,61.46,61.78,62.95831231431018,63.95548491105674,63.354429857194944,62.36668255156137
2018-10-03,63.36,63.96,61.78,62.17,62.950468410685204,63.785438729051336,63.30798162750102,62.362787847570054
2018-10-04,61.98,63.16,59.8,62.37,62.94469260560376,63.65063504057026,63.27119803426569,62.36293066246966
2018-10-05,62.77,63.16,59,60.99,62.92524292793606,63.39724122718261,63.181739287823895,62.33574391667818
2018-10-08,60.19,63.36,59.8,62.77,62.92369822218545,63.337503967450935,63.1655926490857,62.344343047040994
2018-10-09,61.98,62.17,60.19,60.79,62.902467394104,63.09488454197942,63.072432153043124,62.313563976802556
2018-10-10,57.22,57.62,49.9,49.9,62.77308960908804,61.83822887131471,62.55586618625712,62.06775082874706
2018-10-11,48.11,48.71,37.22,37.22,62.518830010987664,59.493635645475216,61.5623028064039,61.57571615887088
2018-10-12,43.56,44.35,38.01,41.86,62.313269513365896,57.81424177447758,60.78966348066257,61.185305937903145
2018-10-15,41.86,46.42,41.66,42.46,62.11572454308365,56.35193303405114,60.070853148087565,60.814507800518925
2018-10-16,44.04,50.59,44.04,50.59,62.00104071678431,55.80317750699865,59.69905498541746,60.61204229951855
2018-10-17,49.8,49.8,46.23,48.21,61.863816431045166,55.08001774442735,59.24850380951874,60.36645730348848
2018-10-18,46.62,48.61,42.46,43.65,61.68258442675616,53.99144462591046,58.636797777772905,60.03543834698376
2018-10-19,44.64,46.82,43.84,43.84,61.5050462732561,53.02464037582375,58.0565311982524,59.71473659753854
2018-10-22,44.24,44.24,40.87,41.46,61.30559307650728,51.92324605431673,57.40568683753662,59.353256664914014
2018-10-23,37.1,41.66,33.73,40.07,61.094293642910195,50.79436547771513,56.72585598116264,58.971409998282056
2018-10-24,40.07,41.07,32.34,32.34,60.80818126835388,49.03680686078988,55.769547903469984,58.444055344850725
2018-10-25,33.73,38.49,33.53,36.11,60.56242822090757,47.80568239785751,54.99858524058881,58.001796823170515
2018-10-26,32.73,35.51,29.56,32.14,60.27961798985376,46.3137126456806,54.10217013311474,57.48968203459288
2018-10-29,37.89,38.09,29.56,32.53,60.00350238796467,45.00097810799674,53.256202676914164,56.995430905195
2018-10-30,33.13,39.48,33.13,39.48,59.79928843385557,44.47517066913991,52.71595943468223,56.64859068925055
2018-10-31,41.26,42.65,39.48,39.48,59.597106459389344,43.99944012922182,52.1969022019496,56.3086185963941
2018-11-01,40.07,43.65,39.48,43.65,59.43842878317651,43.96616011691498,51.86172956657902,56.057952881614014
2018-11-02,46.03,46.03,39.68,42.46,59.269489193294156,43.82271629625641,51.49303428945828,55.78868648791869
2018-11-05,43.84,45.43,41.66,44.84,59.12591218639571,43.919600458517706,51.23213098398933,55.5718808148906
2018-11-06,45.03,45.83,44.44,45.83,58.99361455270023,44.10154327199221,51.020282710107395,55.37897228390266
2018-11-07,47.81,50.59,46.82,49.7,58.901140776056444,44.63472962704057,50.968506917554166,55.26651738719172
2018-11-08,49.1,50.49,48.5,49.9,58.81157718624494,45.136183948274805,50.92660468549322,55.16024971615822
2018-11-09,48.11,48.31,46.32,47.51,58.69912368190419,45.36226166748673,50.792620188022894,55.00875962276895
2018-11-12,47.91,47.91,42.74,42.94,58.54231648108922,45.13157008010704,50.484674298296504,54.769774283704216
2018-11-13,44.53,46.12,41.94,43.14,58.389059600680376,44.94189673914446,50.196647855226054,54.539481723630864
2018-11-14,45.12,45.92,40.15,40.35,58.20956647032535,44.504573240178324,49.81050480207993,54.25850188751936
2018-11-15,37.97,43.33,37.77,42.94,58.05763048554599,44.35556626492325,49.54107324121405,54.03437313727145
2018-11-16,40.95,44.33,40.95,43.53,57.91307694837638,44.27694090635913,49.3053448788135,53.82636574841459
2018-11-19,42.74,43.93,38.56,39.16,57.72647916779552,43.789613200991596,48.907488216899246,53.53594266428757
2018-11-20,36.77,37.57,33.39,34.19,57.492285345230385,42.87536432470668,48.33033181623653,53.15285469073732
2018-11-21,35.78,37.57,34.39,34.59,57.264401908959435,42.08628200806795,47.79149527442333,52.785273409732625
2018-11-23,33,36.38,33,34.99,57.042766069069295,41.41044562634719,47.28947585189693,52.43289175805475
2018-11-26,36.77,39.36,35.98,37.97,56.85298730221288,41.08278413812365,46.92400621064607,52.14649786185565
2018-11-27,37.77,38.17,36.58,37.77,56.6631068315441,40.76728088687378,46.56502557493446,51.86181473587831
2018-11-28,38.76,44.73,38.17,44.62,56.54327492277252,41.13420651669532,46.48875006219193,51.718412463880725
2018-11-29,44.22,45.81,41.43,43.62,56.414685122545926,41.37094875320053,46.37625005975303,51.55804786063556
2018-11-30,43.62,45.92,43.02,45.72,56.30827034520716,41.78514411003857,46.35051476329213,51.442442952504166
2018-12-03,50.69,50.69,47.91,49.9,56.24450646117525,42.557987528130134,46.48971026277087,51.411899527702104
2018-12-04,48.7,48.7,40.35,40.95,56.09232231728296,42.404845858784405,46.272466723054364,51.204733200420876
2018-12-05,40.95,40.95,40.95,40.95,55.94165244347914,42.26628911032875,46.063742537836546,51.00166917665017
2018-12-06,36.58,39.36,34.99,39.36,55.77666087687736,41.989499671249824,45.80085067360766,50.77114107414224
2018-12-07,39.56,40.35,33.79,34.79,55.56783838059002,41.3038330358927,45.36905260797599,50.45468283505032
2018-12-10,35.58,36.58,31.41,36.38,55.376914615609024,40.83489655628387,45.01654074099654,50.17597624425724
2018-12-11,38.56,39.96,34.59,35.38,55.177940340826844,40.31538259854255,44.63863718252609,49.88298661565809
2018-12-12,38.76,39.16,36.58,36.58,54.9928862080823,39.95963187487183,44.322612194976045,49.619561138120304
2018-12-13,37.57,37.57,34.59,35.58,54.799723161235704,39.54252407726499,43.97976465791816,49.34155002647436
2018-12-14,33.39,33.99,30.81,31.41,54.566989597442316,38.767997974668326,43.48683271054882,48.986469827930314
2018-12-17,29.02,29.62,23.85,24.25,54.265328009408066,37.38533150089039,42.732447114056704,48.496638742228726
2018-12-18,26.24,26.64,23.26,25.64,53.9804988749861,36.26672850080559,42.062155070368206,48.04403203446182
2018-12-19,25.44,27.23,19.68,20.87,53.65104117473748,34.800373405490774,41.231090165647885,47.50593239021505
2018-12-20,18.68,20.07,15.3,16.5,53.28137907349631,33.057480700205936,40.26124349248522,46.89195353100287
2018-12-21,17.29,19.28,14.51,14.51,52.89559420709336,31.29105396685299,39.251390806505405,46.25072672840875
2018-12-24,14.31,14.31,9.56,9.56,52.464394264734224,29.221429779533658,38.08702253958362,45.524177684281845
2018-12-26,10.95,15.13,9.16,15.13,52.092907754637366,27.8793888481495,37.18674714587446,44.9223127796426
2018-12-27,13.74,17.52,11.55,17.52,51.74889872225292,26.892780386420977,36.415502159761736,44.379692724600176
2018-12-28,18.52,20.71,16.13,17.33,51.406422118051395,25.982039397238026,35.66705109467304,43.84405524490512
2018-12-31,19.32,20.31,16.53,20.31,51.0970049825484,25.441845168929643,35.06481379684273,43.37803434896641
2019-01-02,16.33,17.33,15.53,17.02,50.75793030610513,24.63976467665063,34.3571740401038,42.85609307472945
2019-01-03,16.03,18.01,12.5,12.5,50.3772543826613,23.483596612207712,33.50002996009973,42.25498232077441
2019-01-04,14.88,20.03,14.88,19.44,50.0694210057194,23.098492172949836,32.94865623617425,41.803200492640265
2019-01-07,19.64,24.2,18.84,22.22,49.79231233899582,23.014826251716517,32.52792461906938,41.41541434427115
2019-01-08,24,25.99,22.22,25.99,49.5554734102496,23.29817613250542,32.27153541832156,41.10996059487964
2019-01-09,27.18,27.77,25.99,26.78,49.328851784276964,23.629778405600142,32.0561810881913,40.82619899894143
2019-01-10,25.39,28.17,24.2,27.97,49.116325895876194,24.043132843162034,31.895938692575957,40.57162080094259
2019-01-11,27.77,29.16,27.38,29.16,48.917755488952054,24.53045352476565,31.788646979141607,40.34564811181502
2019-01-14,25.99,28.17,25.99,26.98,48.69946936468387,24.763743665264162,31.60007258780272,40.08098181257115
2019-01-15,29.96,29.96,29.96,29.96,48.513006982945726,25.258625220953288,31.535756015732026,39.8805663311341
2019-01-16,30.55,30.75,29.56,29.56,48.32441984878706,25.66827996181488,31.458275387664102,39.67619868101263
2019-01-17,30.15,32.14,29.96,31.74,48.159400745814054,26.246539013070603,31.469323411677273,39.519046231883664
2019-01-18,34.72,38.29,33.33,37.69,48.05522760406466,27.336392440397212,31.713271513180125,39.48282749461864
2019-01-22,34.92,34.92,30.15,33.33,47.908707926412276,27.90721220797843,31.776672630310316,39.36098932640837
2019-01-23,34.72,35.31,30.55,32.73,47.757676006746486,28.3665253310281,31.81405801735697,39.229682607073556
2019-01-24,31.74,34.32,31.74,33.73,47.618097141007716,28.877332442358757,31.889192997068463,39.12077800099289
2019-01-25,37.1,37.89,35.91,36.9,47.51144940826137,29.64139601927697,32.08569523247754,39.076802198993036
2019-01-28,32.73,35.31,32.14,35.31,47.39004195146275,30.18126306506012,32.21213855669411,39.002212056438715
2019-01-29,36.5,37.1,34.92,35.71,47.27382262856262,30.707809439816298,32.34930959368649,38.93701973848943
2019-01-30,36.43,42.77,36.03,42.37,47.22502837355205,31.81849425507189,32.742277844914476,39.004999545648054
2019-01-31,41.18,44.15,40.39,42.77,47.180699733019196,32.8614948022079,33.13552185099626,39.07955401009067
2019-02-01,43.76,46.33,42.77,45.14,47.1603942630389,34.030876249616675,33.6062856999768,39.19956284157402
2019-02-04,44.95,47.92,44.15,47.92,47.16795252907831,35.35364994012937,34.167607829389475,39.37224476550325
2019-02-05,48.71,49.7,48.11,49.5,47.191156981525296,36.70092137440277,34.76887811058989,39.57279437410714
2019-02-06,50.49,50.49,47.92,49.5,47.21413054389818,37.91988124350726,35.34656916507656,39.76937270333274
2019-02-07,46.73,48.11,42.77,45.94,47.201452628038496,38.68370207745895,35.76199782526964,39.891563342870704
2019-02-08,44.55,46.93,43.16,46.93,47.198751606863986,39.46906378436763,36.19995869486691,40.0309383261802
2019-02-11,47.12,47.32,45.74,47.32,47.19995805853698,40.216771995380235,36.6360387460486,40.17527618110732
2019-02-12,49.1,53.46,49.1,52.27,47.250406237058996,41.36469847201069,37.2491352658114,40.414775662669555
2019-02-13,55.04,55.84,53.26,55.24,47.3299046824614,42.68615576039062,37.95465937303448,40.708344461428574
2019-02-14,51.88,54.65,51.28,53.86,47.39488075527272,43.750331402258176,38.57839822115078,40.96877328397454
2019-02-15,56.43,58.61,56.03,57.53,47.4957277129317,45.0626807925193,39.32159829090957,41.296718367460194
2019-02-19,57.34,59.92,56.94,58.73,47.60751151678313,46.3643302408508,40.08271208342292,41.64193186513425
2019-02-20,58.53,59.92,58.13,59.92,47.73002383999921,47.655346408388816,40.86064494289653,42.003873808398914
2019-02-21,58.53,59.72,56.54,58.33,47.83549623960121,48.671980083780355,41.54571769023392,42.32716343595537
2019-02-22,58.73,60.11,57.93,59.52,47.951759958610154,49.70512483770604,42.25059150630318,42.66761564514437
2019-02-25,61.9,62.89,59.12,59.12,48.06288672519115,50.601779615067365,42.91213693742855,42.993405434349434
2019-02-26,58.53,59.12,57.53,57.73,48.15907690703004,51.28065774696571,43.493229606549,43.28521918812469
2019-02-27,57.34,59.32,56.15,57.93,48.25630002238297,51.91392843773088,44.05937746511571,43.575214847765785
2019-02-28,56.74,58.33,56.34,56.94,48.342704997284635,52.39260191985175,44.56449991746411,43.83986405870112
2019-03-01,59.92,60.31,57.34,58.53,48.44407111671464,52.97711602272301,45.11216658736748,44.130757839716935
2019-03-04,59.8,60.79,55.64,58.61,48.54522463794136,53.513581163416056,45.64149338786287,44.41747550625719
2019-03-05,58.61,58.61,57.02,57.02,48.62955076094692,53.84752581451929,46.08770933343688,44.667030446727345
2019-03-06,58.21,58.21,54.05,54.45,48.687465678748445,53.90490430837459,46.41564230075308,44.860752616099084
2019-03-07,53.46,53.46,49.9,50.49,48.705401343636524,53.57967532662463,46.57542103405688,44.972222861324845
2019-03-08,47.72,49.3,47.72,49.3,48.71131774817746,53.17208720027943,46.68226726801544,45.057921418526334
2019-03-11,52.27,54.45,52.27,53.86,48.76254841734982,53.23760270501472,46.963746982995225,45.23222000429809
2019-03-12,55.24,56.23,53.06,54.85,48.82312007488863,53.39116435215618,47.273011807191494,45.422671093321895
2019-03-13,55.64,57.42,55.04,56.23,48.89682037265093,53.66152965195083,47.62426624612516,45.63667760632542
2019-03-14,55.44,55.64,54.45,55.04,48.95794653809719,53.79281254224123,47.915079334512406,45.82288201016056
2019-03-15,56.23,56.63,55.04,56.03,49.0283152292604,54.00587801440873,48.23331151747271,46.02500315847421
2019-03-18,56.83,59,56.83,59,49.12753597324786,54.48150867970313,48.655534595218874,46.281933788999474
2019-03-19,59.2,60,55.04,55.84,49.19432666008122,54.61088880544569,48.93727833658284,46.47120242684107
2019-03-20,54.65,55.44,51.88,53.26,49.23478112117493,54.48223272873658,49.10679683318744,46.605634061953126
2019-03-21,53.66,58.21,53.46,57.62,49.318216134894584,54.78106770695214,49.440647937768325,46.823740318152076
2019-03-22,56.23,56.23,51.88,51.88,49.34370652161205,54.504775544385275,49.53630880295388,46.923864272248075
2019-03-25,51.48,52.27,50.89,52.07,49.37083381990447,54.272892159205725,49.63566924205373,47.02576795002534
2019-03-26,53.86,55.44,52.27,53.66,49.41351209035318,54.21452147737661,49.79348613452221,47.15713888170801
2019-03-27,54.45,54.85,51.88,53.86,49.45775575114568,54.18075752715026,49.952957266501734,47.289868804842506
2019-03-28,54.65,56.03,54.25,55.04,49.51330047003976,54.262590143612144,50.152449138403625,47.44333674930107
2019-03-29,55.64,57.02,55.44,57.02,49.587993997701055,54.525200606125274,50.421764858466226,47.63297364535451
2019-04-01,58.41,61.78,58.21,61.78,49.709307490261246,55.21613388173239,50.86718584440872,47.913112781090064
2019-04-02,62.37,63.36,61.78,62.57,49.837274579910385,55.91650208347216,51.32611973286328,48.203348171563526
2019-04-03,64.55,65.14,62.97,62.97,49.967948464687396,56.588263789808146,51.78274248843727,48.49575711866128
2019-04-04,63.96,65.94,63.76,65.34,50.12090420135717,57.421762476493086,52.314399645753454,48.829306482648185
2019-04-05,66.93,67.72,66.33,67.32,50.29203948293571,58.36445176444612,52.90285456160626,49.19545882952644
2019-04-08,66.93,67.92,66.53,67.92,50.4674420751453,59.27450397735602,53.491762225856995,49.566241823001164
2019-04-09,65.54,65.94,63.96,64.95,50.611547129123956,59.81502740808402,53.941104883666526,49.87087069779322
2019-04-10,66.73,67.12,64.55,67.12,50.775810341769485,60.51073908350459,54.45792429999333,50.2124376146686
2019-04-11,67.52,68.51,66.53,67.32,50.94042914433894,61.15924012317082,54.962319425483784,50.55120122625932
2019-04-12,69.3,71.48,68.91,71.08,51.14082288419627,62.10407439715455,55.59438533036677,50.95771209306607
2019-04-15,70.89,70.89,68.91,69.7,51.32549131320924,62.82749588313983,56.14754668996023,51.32884650706476
2019-04-16,70.49,70.89,69.3,70.29,51.51419289218229,63.53821056093604,56.70215270211865,51.704314893063476
2019-04-17,69.9,70.29,69.3,69.7,51.69514619673769,64.1250476503707,57.21187220399635,52.06066509320083
2019-04-18,70.09,71.28,68.91,70.49,51.882159667416914,64.73123358843064,57.732583097957274,52.42560241808794
2019-04-22,68.71,69.7,68.71,69.5,52.05746156127346,65.18540181810391,58.19405042744915,52.76370930089808
2019-04-23,70.29,72.87,70.29,72.47,52.26057139648467,65.8791730735226,58.75389158715703,53.153932879098114
2019-04-24,72.47,72.67,71.68,71.88,52.45578959154452,66.45068039985378,59.268640936680285,53.524746089413
2019-04-25,70.09,71.68,68.51,70.89,52.63921457073314,66.87347274272484,59.72438050779086,53.86861250348403
2019-04-26,70.09,70.89,69.7,70.69,52.818824375999476,67.236951529132,60.154404801602986,54.20170928559326
2019-04-29,70.69,71.88,70.29,70.29,52.99266691952187,67.52771805016705,60.551879123108755,54.52028929973993
2019-04-30,71.08,71.08,70.09,70.89,53.17074983574553,67.84793537872257,60.95729562808488,54.84444198687379
2019-05-01,71.08,71.08,68.11,68.11,53.31939909111125,67.87289391408233,61.23779383874822,55.107126303965394
2019-05-02,68.11,68.51,66.93,67.92,53.46467870214497,67.87738020797924,61.49984113918946,55.360846575174
2019-05-03,69.1,69.9,68.71,69.3,53.622244088193284,68.01286780721931,61.805729721966344,55.636869415269565
2019-05-06,67.72,69.3,67.12,68.71,53.77237101268887,68.0792613493889,62.076485419144134,55.89574328823453
2019-05-07,67.12,67.12,64.35,66.13,53.89533249514968,67.89361741135187,62.23544677525613,56.09840183698236
2019-05-08,64.35,65.74,63.76,63.76,53.99348839072033,67.49993956265169,62.295233176226475,56.25011665209162
2019-05-09,62.17,63.96,60.39,63.96,54.092657660464404,67.16280246144677,62.36051814970779,56.40278760947594
2019-05-10,62.97,64.35,59.2,64.35,54.19472076832048,66.89491651273755,62.43853704579768,56.56015815186256
2019-05-13,58.81,59,54.65,55.84,54.21109170594913,65.84206732104826,62.17977088713895,56.54589759439993
2019-05-14,56.83,59.2,56.63,57.42,54.24302114171083,65.03996567142462,61.99311320529036,56.563206552926665
2019-05-15,55.44,58.61,55.44,58.21,54.28249356816146,64.38949275033657,61.84475582469074,56.59581632415584
2019-05-16,59,60.79,58.81,59,54.32943393066732,63.876207726495,61.73319677274209,56.64342392169731
2019-05-17,57.62,60.59,57.42,58.01,54.36605647862088,63.317521276352615,61.58718905616397,56.670484834138946
2019-05-20,57.22,58.41,55.44,57.02,54.39246387684356,62.717757345271416,61.40808360298107,56.67740592653224
2019-05-21,58.81,60.59,58.81,60.39,54.45214085319337,62.49606616953128,61.36815875580535,56.750922640858334
2019-05-22,59.4,59.8,58.21,58.81,54.49550263574866,62.145012248623544,61.2678388045973,56.79169644995025
2019-05-23,53.46,55.04,52.47,54.85,54.49902997270638,61.450249177326064,61.016158851475836,56.753247015297774
2019-05-24,56.63,56.63,54.05,54.85,54.502522211783926,60.82165401758073,60.77434870043757,56.715558955588904
2019-05-28,55.44,56.83,51.88,51.88,54.476427463407965,59.97006792066828,60.425550712185114,56.61980531290398
2019-05-29,50.09,51.88,49.3,50.89,54.44074161800092,59.1052995472713,60.05160754700138,56.50634382155935
2019-05-30,52.07,52.47,50.49,51.08,54.40730140289644,58.340985304674035,59.69977980006015,56.39889146865718
2019-05-31,48.11,49.7,47.12,48.31,54.34663173719598,57.385653370895554,59.25312176868524,56.2387153999709
2019-06-03,49.1,50.69,47.52,49,54.293431421402985,56.58701971652455,58.85103856207013,56.095374500961576
2019-06-04,52.77,55.75,51.58,55.75,54.307924641090516,56.50730355304602,58.72942920669483,56.08853540193263
2019-06-05,56.94,58.53,55.15,58.53,54.34993534117917,56.69994130989878,58.721608453491115,56.13688123555773
2019-06-06,59.12,59.92,58.53,59.32,54.39938872086893,56.94947070895604,58.745074788648324,56.199913290299165
2019-06-07,59.92,61.9,59.72,60.91,54.46417092265133,57.32666397476975,58.82997381654447,56.293182334055615
2019-06-10,63.29,63.29,61.3,61.7,54.536169221928425,57.74317216764882,58.94252386295449,56.40024803041095
2019-06-11,62.3,62.89,60.91,61.11,54.60158047345153,58.06382243739655,59.027522927152354,56.49351044565034
2019-06-12,62.3,62.3,60.31,60.71,54.66236076724803,58.31583934812069,59.093502420205205,56.57700528831072
2019-06-13,61.5,62.3,61.5,62.1,54.73636712777293,58.67623560068063,59.211404286079514,56.686371520225364
2019-06-14,61.3,61.5,60.71,61.11,54.799786360332405,58.90802268633009,59.28585901995875,56.77396812378526
2019-06-17,61.5,62.1,61.11,61.11,54.86257455575198,59.117734811441515,59.357393960352525,56.859830141136044
2019-06-18,62.5,66.07,62.5,65.27,54.96613102783405,59.703664829399465,59.58926086386811,57.02636815814325
2019-06-19,66.07,67.26,65.67,66.26,55.07850783352725,60.32807770278999,59.850858477049755,57.2092123530315
2019-06-20,68.65,69.44,66.26,69.04,55.217428153591655,61.15778458823856,60.21121696814584,57.44348537574375
2019-06-21,69.04,69.24,67.65,67.85,55.343125385894226,61.795138436977744,60.51077708704208,57.64955497226367
2019-06-24,67.85,69.04,67.85,68.65,55.47553209847239,62.44798239536082,60.82996229931494,57.867385566872315
2019-06-25,68.45,68.45,66.86,67.65,55.59667108256719,62.943412643421695,61.097414758165336,58.06110070416197
2019-06-26,67.85,67.85,65.87,66.26,55.70277385786503,63.259278105952966,61.29986908137454,58.22345514566371
2019-06-27,66.86,68.25,66.86,67.65,55.821651729926074,63.677442095862204,61.54889382328142,58.410119400205026
2019-06-28,70.03,71.82,69.04,71.42,55.97685917539945,64.41482856292295,61.93599602628999,58.66774079822077
2019-07-01,74,74,71.42,72.22,56.13848246718652,65.15817822359695,62.33929029976881,58.93610236657283
2019-07-02,71.82,72.42,71.23,71.91,56.29541298990108,65.80120886896867,62.714612248797486,59.193011230601094
2019-07-03,72.5,73.9,72.5,73.9,56.470583009902064,66.57252231001928,63.15325490570739,59.48423873098523
2019-07-05,73.5,73.7,71.71,73.7,56.64201999487816,67.25132970906506,63.566852752542395,59.765738954134044
2019-07-08,72.7,73.3,71.31,71.71,56.791950144182856,67.67596497486839,63.886191860285834,60.00225897484426
2019-07-09,71.31,71.71,70.71,71.51,56.93839840145467,68.04111116773807,64.18516472850992,60.230135034748336
2019-07-10,73.1,73.1,70.91,71.45,57.08279244721134,68.3657672470011,64.47006022935267,60.45231057861471
2019-07-11,71.25,71.85,70.25,71.45,57.225749736293814,68.65950369966767,64.74378335761335,60.670086606760954
2019-07-12,72.25,73.05,72.05,72.85,57.38121491304711,69.0585985854136,65.0616742063344,60.91127301058747
2019-07-15,72.85,73.45,72.25,72.45,57.53115307311629,69.3815891963266,65.35141247275266,61.13976265394218
2019-07-16,72.65,73.65,72.45,72.45,57.679599311194735,69.67381879667644,65.62978845421334,61.36372774990372
2019-07-17,71.65,72.45,70.85,70.85,57.81064807426743,69.78583605413583,65.83450263247948,61.551574725153145
2019-07-18,70.45,71.05,69.06,70.45,57.93641277004586,69.84908976326575,66.015502529245,61.72778116623922
2019-07-19,72.65,73.05,71.05,71.05,58.06689622507028,69.96346216676424,66.21293380260794,61.912379558986956
2019-07-22,71.45,71.65,70.65,71.05,58.19608133725863,70.06694196040574,66.4026226730939,62.09332253801692
2019-07-23,71.45,72.85,71.45,72.85,58.34189147320631,70.33199510703376,66.65546099963923,62.306326052115594
2019-07-24,72.05,75.24,72.05,75.24,58.51003185655749,70.79942414445912,66.99210958788868,62.562438407519245
2019-07-25,74.25,74.45,72.25,72.65,58.650728056989756,70.97566946403444,67.2139876432656,62.76219210241985
2019-07-26,72.85,74.65,72.85,74.45,58.80793474298986,71.30655808650735,67.49775283372577,62.99363384296599
2019-07-29,73.65,73.86,72.85,73.86,58.95770653659195,71.54974303064951,67.74725272259927,63.20880941043201
2019-07-30,72.07,73.86,71.28,73.86,59.105988063591035,71.76976750392099,67.98696830210518,63.41972407557197
2019-07-31,73.66,74.05,70.69,71.08,59.22513246096824,71.70407536069042,68.10826366280693,63.571412707738865
2019-08-01,71.08,72.67,66.53,66.73,59.29980775986408,71.23035389776753,68.05421410740274,63.63395899075394
2019-08-02,66.33,66.33,62.97,64.95,59.35602857817389,70.63222495512301,67.93248022083793,63.66001920875881
2019-08-05,58.01,58.81,51.08,53.46,59.29736162714728,68.996774959397,67.3649319768835,63.45803863036755
2019-08-06,57.02,57.62,53.46,57.62,59.28067146170303,67.91327258231158,66.98277778171159,63.342433905013735
2019-08-07,52.87,58.41,51.48,57.22,59.260167268054246,66.89486566971047,66.59992375105624,63.22119759006297
2019-08-08,59.4,62.37,58.81,62.17,59.28912082757609,66.44487846307138,66.42620125101482,63.20038179620034
2019-08-09,60.79,60.79,57.82,59.72,59.29340818252558,65.80441384754077,66.16321296666129,63.13146334479043
2019-08-12,57.93,58.13,55.35,56.85,59.26909566329647,64.95161252872737,65.797988928753,63.007077932022305
2019-08-13,55.86,60.63,55.86,59,59.26641809450745,64.38479228789619,65.53140112762543,62.927729854160475
2019-08-14,56.23,56.23,51.88,52.47,59.198792043815835,63.25005016523941,65.01918931869893,62.72064609467215
2019-08-15,52.67,53.06,51.28,52.07,59.12785878964851,62.18528348283566,64.5113779728676,62.509742211609336
2019-08-16,53.06,55.24,53.06,54.45,59.08131293104505,61.44858981780369,64.11681413079437,62.3501433559339
2019-08-19,57.22,57.82,56.63,57.22,59.06279240436798,61.04586697801287,63.84635083154753,62.24855635878669
2019-08-20,55.84,57.02,55.64,55.64,59.028734768503625,60.531022503916404,63.524533151879,62.1176938566325
2019-08-21,57.42,57.82,57.02,57.62,59.01471750712548,60.25378226544817,63.29298283219747,62.02863061194671
2019-08-22,57.82,58.41,56.43,57.42,58.998849671233685,59.98389824016739,63.062669779954426,61.93737059982895
2019-08-23,55.64,57.22,50.69,51.08,58.92005514714181,59.13590793158002,62.592761161132685,61.72237316220858
2019-08-26,53.46,53.66,52.07,53.66,58.86771628995632,58.61439289047716,62.24245680187258,61.56272220850148
2019-08-27,54.25,54.25,52.07,52.47,58.80405742139954,58.02921261519362,61.859223201799146,61.38266830338264
2019-08-28,50.89,54.45,50.89,54.45,58.76073346695775,57.68833522327042,61.568665429179575,61.24538774291961
2019-08-29,56.23,57.42,55.44,56.43,58.737542089177076,57.568493773435144,61.3671491378392,61.15003353018853
2019-08-30,58.21,58.21,56.63,57.02,58.720452118140486,57.516256271203225,61.19667270106119,61.06825068800658
2019-09-03,55.04,55.64,54.05,55.44,58.68781080353212,57.31851757870768,60.97092083043134,60.95680017933318
2019-09-04,57.02,57.02,55.64,56.63,58.66733507414374,57.252944475973614,60.80068864100266,60.87112096786124
2019-09-05,60.79,64.95,60.79,62.97,58.71014766047067,57.797425954452315,60.88575967468883,60.91268292889369
2019-09-06,63.76,65.34,63.16,64.55,58.76825564394857,58.44052824450448,61.02945537372064,60.98470900950966
2019-09-09,64.75,67.72,64.75,67.52,58.85533767734212,59.305239840265955,61.28398653553551,61.114120712291644
2019-09-10,67.72,71.08,66.33,71.08,58.976976108413346,60.42664556976443,61.668143926298825,61.3114648566027
2019-09-11,70.29,73.66,70.29,73.66,59.12307584862814,61.68696503931068,62.138412791934165,61.5559903049868
2019-09-12,73.66,74.25,72.67,73.26,59.263741760582086,62.78915884509061,62.57455346676028,61.78775287320488
2019-09-13,75.24,75.44,74.25,75.04,59.420719454506646,63.95590562174865,63.06339450727948,62.050173608388945
2019-09-16,73.46,74.65,73.06,74.45,59.5702645345613,64.95534318158211,63.50992805601362,62.29571472505451
2019-09-17,73.06,73.26,70.49,72.87,59.702600210834326,65.70912002143143,63.87698970087583,62.505106512677195
2019-09-18,71.28,71.88,69.5,71.88,59.82376836794045,66.2968228765332,64.19083324201796,62.69074796787171
2019-09-19,72.67,72.67,70.49,71.42,59.93915375731418,66.78474450733957,64.4743299776251,62.863604443755435
2019-09-20,72.61,72.61,70.43,70.43,60.04354028709215,67.13191169711675,64.70788566477707,63.013434058730574
2019-09-23,69.24,70.43,68.45,69.84,60.14101749816586,67.38982486881991,64.90914505047208,63.14861358232007
2019-09-24,69.84,70.43,67.06,68.25,60.22170389121894,67.47174630988468,65.04015897006141,63.249631135145414
2019-09-25,67.65,69.24,66.86,69.04,60.3094481311073,67.62110380418137,65.1970154810394,63.364291904746494
2019-09-26,68.05,68.25,66.26,67.46,60.38059790094703,67.60576058473553,65.28575997197903,63.44539503534558
2019-09-27,68.65,70.03,65.87,67.26,60.449049663126665,67.5728310052369,65.36318114954848,63.520931767318935
2019-09-30,68.05,68.84,66.86,67.26,60.51682031324481,67.54303757616672,65.43756620250737,63.59497272242153
2019-10-01,68.45,69.84,63.69,64.48,60.55625493699362,67.2513197117699,65.40001458672276,63.612498015046846
2019-10-02,59.72,59.72,54.36,56.54,60.516292201302136,66.23119402493467,65.05256303430227,63.47244854940235
2019-10-03,55.95,58.81,52.67,58.81,60.49931416944838,65.52441364160755,64.80775664080022,63.3801228355528
2019-10-04,60.19,62.37,58.81,62.37,60.51792795880711,65.22399329478779,64.712158341161,63.36012040316561
2019-10-07,60.39,62.57,59.6,59.8,60.51078439702793,64.707422504808,64.51952468072331,63.289622969439556
2019-10-08,56.63,56.63,53.06,53.06,60.43664723884855,63.598144171016756,64.07013155598906,63.08705617796551
2019-10-09,55.04,56.43,54.85,55.84,60.39090945537742,62.85927329758659,63.747381298891455,62.9435501150355
2019-10-10,55.84,59.6,55.84,58.01,60.36721881403038,62.39743774543549,63.52238595383689,62.845856053351625
2019-10-11,62.57,64.75,62.57,62.57,60.389137034786295,62.4138722458702,63.485037485058974,62.840393557245655
2019-10-14,62.57,62.77,61.78,62.17,60.40685706429091,62.39064631769209,63.43346738760568,62.82711843730019
2019-10-15,63.16,66.33,62.77,65.94,60.46191321290493,62.728680001721415,63.53176278417016,62.888759656363554
2019-10-16,65.54,66.33,64.55,64.55,60.50259069337354,62.90213904917652,63.57169365537918,62.921655504752394
2019-10-17,65.54,66.33,64.75,64.75,60.544853472543956,63.0781258063978,63.61790174732509,62.95786034624245
2019-10-18,65.14,67.32,64.95,66.66,60.60570070167287,63.419256681978965,63.737199718018225,63.03117004235646
2019-10-21,67.85,69.04,67.46,68.84,60.687634028024384,63.93551795036192,63.9373095329979,63.14619637815138
2019-10-22,67.85,70.03,67.85,69.24,60.77273219689976,64.44070671699411,64.14525817876269,63.26686575680185
2019-10-23,69.44,70.03,68.84,69.24,60.85698361782613,64.89778226775658,64.34505197567395,63.385145642805774
2019-10-24,69.64,69.84,68.65,69.24,60.94039671615622,65.31132681368453,64.53701072172595,63.50108335284922
2019-10-25,68.84,70.03,68.25,69.3,61.023576848333775,65.69120045047649,64.7237946149916,63.615913385466065
2019-10-28,70.49,71.08,69.9,70.29,61.115780063773244,66.12918135995491,64.94207717910957,63.74807351644694
2019-10-29,70.29,71.28,69.9,70.09,61.20507578453172,66.50640218281634,65.143956505419,63.87365621909155
2019-10-30,69.5,70.69,67.52,70.09,61.29348299065578,66.84769721302432,65.33791899540256,63.99675213554519
2019-10-31,69.1,69.1,65.34,67.72,61.35742843353483,66.93077366892676,65.43133393675932,64.07047981602943
2019-11-01,69.9,71.68,69.5,71.48,61.458150538673785,67.36403331950517,65.66853652747464,64.21720298798925
2019-11-04,72.67,74.05,72.67,73.86,61.58155202585116,67.98269681288564,65.98977038914231,64.40814946347462
2019-11-05,74.05,74.25,72.07,72.36,61.6888002643999,68.39958283070605,66.2395833150583,64.56561185033651
2019-11-06,72.96,73.55,72.36,73.35,61.80483210256508,68.87105113254357,66.51842318505601,64.73956013052786
2019-11-07,74.95,75.54,71.96,72.56,61.91184869855946,69.22237959611086,66.7553477660342,64.89442032596295
2019-11-08,72.76,72.76,71.57,72.16,62.01382035330016,69.50215296790982,66.96729491246424,65.03829319079537
2019-11-11,70.77,72.16,70.77,71.57,62.10890671794394,69.69909078048984,67.14779315119114,65.16763391969052
2019-11-12,71.57,72.36,69.38,70.17,62.18911660134748,69.74393927758605,67.2663110668307,65.26669067375605
2019-11-13,69.98,72.56,69.98,71.37,62.28046867496591,69.89880220353024,67.42724004460204,65.38754828417672
2019-11-14,71.57,72.16,71.17,71.96,62.376782419493615,70.09510675557497,67.60499533697059,65.5176958429059
2019-11-15,72.96,74.35,72.56,74.35,62.49591891283199,70.50033468361545,67.86950532375606,65.69259295492756
2019-11-18,73.16,73.75,72.16,72.96,62.60003912265456,70.73458852327111,68.06913256596171,65.83650200532503
2019-11-19,72.76,73.35,71.37,72.76,62.7011332607376,70.92748485438815,68.25308815161027,65.97360097551662
2019-11-20,72.16,73.16,69.18,70.77,62.78142049197404,70.91248629682738,68.35179057703732,66.06857917402124
2019-11-21,70.37,70.97,68.78,69.38,62.847077999516586,70.76653522093906,68.39211251519272,66.13415186364458
2019-11-22,71.57,72.76,71.37,72.31,62.941236427382094,70.91353186656391,68.54575516165575,66.25644588614666
2019-11-25,72.7,74.5,72.11,74.5,63.056249000243966,71.2551002602245,68.77925495923787,66.41968458147049
2019-11-26,72.5,74.3,72.5,73.3,63.158176870888305,71.44985261639358,68.95653907848344,66.55592845114434
2019-11-27,74.7,75.89,74.7,75.69,63.2828716283919,71.85367617673705,69.2205963695233,66.73680115508208
2019-11-29,74.7,75.29,73.3,73.5,63.384534597263624,72.01046892180972,69.38841611973808,66.87072588468442
2019-12-02,72.9,72.9,71.11,71.34,63.463693456992345,71.94661473878023,69.46494882092482,66.95922636221542
2019-12-03,66.79,67.58,65.41,67.19,63.5007711340372,71.49360381127735,69.37573514167286,66.96379613722105
2019-12-04,70.35,71.93,70.35,71.14,63.57678336155922,71.45992725782237,69.44492199886216,67.0464932434147
2019-12-05,71.14,72.13,70.55,72.13,63.66188999477754,71.52374370945833,69.55021917537736,67.1471567435451
2019-12-06,74.9,75.88,74.7,75.64,63.78107516895886,71.91576811808135,69.7890341096763,67.3153318575343
2019-12-09,75.24,75.44,73.61,73.61,63.87887541603389,72.07712353540693,69.93887590929683,67.43997875144451
2019-12-10,73.61,74.4,72.61,72.96,63.96923486463057,72.16120700822532,70.0573513638342,67.54928610290106
2019-12-11,73.16,73.35,72.56,73.3,64.06207829881335,72.26966348363243,70.18451405544855,67.6631616256159
2019-12-12,74.1,75.69,73.5,74.3,64.16394816648685,72.46302886614363,70.34590566111723,67.79458416768291
2019-12-13,74.9,75.09,73.3,74.5,64.26679445338748,72.6570261169871,70.50881132146557,67.92736467921395
2019-12-16,76.09,77.68,75.49,77.62,64.3996621702692,73.12969029632166,70.78768146572182,68.11929805190279
2019-12-17,77.22,77.62,76.43,76.63,64.52135707404761,73.4630531252434,71.01679199647782,68.28782680335026
2019-12-18,77.22,78.01,76.63,77.22,64.64771173002724,73.82085758950593,71.26005505543948,68.4647015201156
2019-12-19,76.83,78.81,76.43,77.82,64.7787792750021,74.20172829526727,71.51730779836342,68.64995495536083
2019-12-20,79,79.8,78.41,79,64.92028395883293,74.65870655286086,71.81074670823152,68.85490634238339
2019-12-23,78.61,80.79,78.61,80.79,65.0781915811331,75.2426392621122,72.16287428830087,69.09124483065303
2019-12-24,80.79,80.99,80,80.79,65.23452798331088,75.77095933238724,72.50119294366162,69.32290334885792
2019-12-26,80.79,80.99,79.2,80.99,65.39129884914858,76.26801082454084,72.83408733802783,69.55393496571222
2019-12-27,81.58,81.58,80.19,80.79,65.54451975612223,76.69867646029886,73.14608391300713,69.77643130302485
2019-12-30,79.8,80.39,78.21,78.81,65.67651458441952,76.89975489265134,73.3681982693598,69.9553138514798
2019-12-31,79,80.19,78.21,80.19,65.8209273746243,77.2131115695417,73.6357199058555,70.15798090392575
2020-01-02,81.98,81.98,79,80.99,65.97186342064795,77.57281522958534,73.92412304680234,70.37247633157078
2020-01-03,79.6,80.99,79.4,80.79,66.11930756571613,77.87921377914864,74.19337312339832,70.57876392896542
2020-01-06,80.79,80.79,79.2,80.19,66.2593144556095,78.09928865732496,74.42853496169643,70.76908543532254
2020-01-07,78.61,79.6,77.42,78.01,66.37623669983229,78.09078497567496,74.56898457104167,70.91246988214783
2020-01-08,79.2,80.19,77.62,79.2,66.50383633465982,78.19642450180116,74.7505930192361,71.07657938943203
2020-01-09,78.81,79.4,77.82,78.61,66.62429567461346,78.23581264448677,74.9019423125994,71.22575603518585
2020-01-10,78.21,79,78.01,78.21,66.73957631466706,78.2333542973928,75.03167006504648,71.36405789587525
2020-01-13,78.61,80.39,78.61,80.39,66.8754014259639,78.43874912621253,75.24180065073094,71.5427894226896
2020-01-14,80,81.18,78.41,80.19,67.00788499386476,78.60553492371609,75.43584768403561,71.71402131530961
2020-01-15,81.18,82.17,80,81.18,67.14890106357755,78.85072207383837,75.66110855917147,71.90146643777872
2020-01-16,83.56,84.35,83.36,84.35,67.32005627687529,79.3744628287109,76.00184939998827,72.14797205287222
2020-01-17,84.15,84.55,83.16,84.15,67.48751840347354,79.8292758926432,76.3213847176358,72.38563597261732
2020-01-21,82.77,83.16,81.58,81.98,67.63172220045391,80.03410676001052,76.54329119929713,72.57562337910015
2020-01-22,82.57,83.16,80.99,80.99,67.76464038751406,80.12514421143808,76.71767193657959,72.74224469832589
2020-01-23,77.62,81.58,77.62,80.99,67.89623600554874,80.20751142939636,76.88521421357648,72.90556658548775
2020-01-24,80.19,80.19,76.23,77.82,67.99497992589154,79.98012938850147,76.92187247971073,73.00288209864641
2020-01-27,73.06,73.86,72.02,72.02,68.0350298768777,79.2220218276918,76.72964218638874,72.98341908679203
2020-01-28,72.02,74.6,72.02,73.06,68.08502957959533,78.63516260600687,76.58573464966761,72.98493554051892
2020-01-29,73.86,74.05,71.68,72.47,68.12866112606702,78.04800426257765,76.42433329085712,72.97473879714231
2020-01-30,70.29,72.87,69.1,72.87,68.17583862730018,77.55486099947501,76.28494767160782,72.97266476155534
2020-01-31,71.68,71.68,67.32,68.11,68.17518351658077,76.65535042809644,75.96436148840752,72.87637437023741
2020-02-03,70.49,70.69,68.51,68.91,68.18249512338096,75.91769800637297,75.68771986141114,72.79783230350004
2020-02-04,72.47,73.46,71.28,71.28,68.21331606742692,75.4760124819565,75.51486810214011,72.76777621828222
2020-02-05,75.84,77.22,75.04,76.83,68.29905421600974,75.60496367415112,75.56644190205618,72.84821629316772
2020-02-06,76.83,77.22,75.24,75.24,68.36811835316387,75.57020522899387,75.5536402588383,72.89557834676836
2020-02-07,74.85,75.04,72.47,72.87,68.41291319542094,75.31304282623255,75.44839946437405,72.89507184485215
2020-02-10,72.07,74.05,71.88,74.05,68.4690036113869,75.19275303325801,75.39356026969271,72.91794170931053
2020-02-11,75.84,76.43,75.44,75.84,68.5423468590348,75.25439560151915,75.41106771009692,72.97580424972021
2020-02-12,79,79,76.63,78.01,68.63655236292499,75.51683411566019,75.51298662342644,73.07549129428021
2020-02-13,77.02,77.62,75.84,77.42,68.7239498518511,75.69808800940683,75.58777146172345,73.161521169641
2020-02-14,77.42,77.42,75.64,76.83,68.80460706725557,75.80588915136809,75.63648630636175,73.23416431479663
2020-02-18,75.24,75.24,72.27,73.46,68.85092938499433,75.58247113695208,75.5511339021907,73.23863630856303
2020-02-19,74.85,76.23,74.05,75.04,68.91251217718344,75.53080721914712,75.53108943543812,73.2743068767103
2020-02-20,74.45,77.02,74.25,76.03,68.98333295153982,75.57834938875216,75.55065455561702,73.3288750573695
2020-02-21,72.47,74.25,72.27,73.66,69.02986695202202,75.39564944696623,75.47651123971046,73.33543198692654
2020-02-24,64.75,64.95,60.79,61.18,68.95175882314618,74.04177807106468,74.91586374011398,73.09473036342304
2020-02-25,61.78,61.78,50.09,50.29,68.76606968062731,71.77970396905852,73.95014359344285,72.64315154434536
2020-02-26,53.66,55.04,46.53,46.73,68.5468053056957,69.39401787676724,72.88268698193528,72.13001983059594
2020-02-27,39.4,45.14,32.47,32.47,68.18783211857435,65.87744474564654,71.29787572774174,71.3446729032574
2020-02-28,20.39,24.15,16.83,23.96,67.74775418704624,61.88530715082306,69.44148844430089,70.40636254873746
2020-03-02,24.35,41.18,23.96,41.18,67.48339842399105,59.91337313645896,68.3331947798185,69.82762269628722
2020-03-03,37.82,46.33,31.28,33.66,67.14684719589164,57.41305188536763,66.97346165119816,69.11143214784589
2020-03-04,39.2,45.14,38.01,45.14,66.92787359195242,56.2441898010469,66.11724746879824,68.63675032313607
2020-03-05,39,40.59,35.04,36.63,66.62640221292801,54.376171724756716,64.96088482296301,68.00295328703436
2020-03-06,28.51,32.87,24.35,32.67,66.28852756404316,52.30891727477989,63.69457561421936,67.30329084570694
2020-03-09,17.22,20.19,13.86,15.24,65.78058201614223,48.77854420099133,61.79439617836762,66.2723345913365
2020-03-10,19.2,24.95,12.67,24.75,65.37231751846917,46.49011141994453,60.341674759608104,65.45011014398331
2020-03-11,15.64,16.63,11.08,12.07,64.84194619987744,43.21200557042601,58.44866790629014,64.39307825994403
2020-03-12,4.95,8.71,4.55,4.95,64.24600643669459,39.568005039909245,56.35068092957288,63.21598760133128
2020-03-13,5.74,11.48,5.14,11.48,63.72097154677723,36.89295694087027,54.591046383315124,62.19151259932472
2020-03-16,7.72,8.11,3.56,3.56,63.12235491447099,33.71838961316834,52.58982887808708,61.030492547852944
2020-03-17,3.56,10.69,3.56,10.29,62.59665984069516,31.487114411914213,50.93101205933857,60.025730319182586
2020-03-18,5.94,8.91,5.34,6.73,62.04077267810118,29.129293991731906,49.197639037403725,58.970369322763126
2020-03-19,5.34,6.93,4.95,4.95,61.472705288269324,26.82650408775744,47.46243750652515,57.90065903914405
2020-03-20,4.75,6.33,2.57,2.97,60.89058881773928,24.554456079399586,45.717636035681025,56.812923216586746
2020-03-23,3.16,3.56,1.98,2.97,60.3142645508961,22.498793595647243,44.04125815192883,55.74672671724839
2020-03-24,4.35,4.75,3.56,4.55,59.75939624690708,20.789384681776077,42.49258136165711,54.73293014859001
2020-03-25,4.95,5.54,3.76,3.76,59.20218832405229,19.16753852160693,40.97365660237644,53.72356519515258
2020-03-26,5.14,8.31,4.95,8.31,58.69579839047963,18.133487233834842,39.69272889247932,52.824286676436685
2020-03-27,5.94,7.52,5.54,5.94,58.17086507316142,16.97220273537438,38.36909246532327,51.895884960071605
2020-03-30,6.93,10.29,6.93,9.9,57.690557958005584,16.29865961771968,37.25265746668314,51.06428327769395
2020-03-31,8.91,10.29,8.31,8.71,57.20318922210503,15.575930130317804,36.1333375660289,50.22558459892774
2020-04-01,5.94,7.32,5.74,6.33,56.69698833432289,14.695365356001822,34.964579230106196,49.356365101919266
2020-04-02,5.94,7.92,5.94,7.92,56.211645166817185,14.05009246495403,33.904007495592225,48.53584302069314
2020-04-03,8.51,8.51,7.32,8.13,55.733220836799106,13.486274134958409,32.893262103608215,47.73572731731308
2020-04-06,9.72,13.04,9.72,13.04,55.30841266926877,13.44377183639094,32.1147028054275,47.048683212019746
2020-04-07,13.04,15.61,12.25,12.25,54.87997075216162,13.330079280544185,31.33569485227348,46.35960037613817
2020-04-08,11.85,16.23,11.66,15.64,54.489523281990856,13.550071730016167,30.720177407086286,45.7512914577988
2020-04-09,18.21,20.59,16.83,18.01,54.12654295082677,13.97482680334796,30.221739077396627,45.20195895368397
2020-04-13,16.63,16.63,14.25,15.64,53.74359227469914,14.133414726838632,29.64990617240068,44.61657362786845
2020-04-14,19.2,21.98,18.61,21.58,53.42355653067228,14.842613324282572,29.333439263679086,44.16040385305917
2020-04-15,18.01,19,16.83,18.01,53.07118283384967,15.144269198160423,28.88938282196618,43.642574073790676
2020-04-16,18.61,21.18,17.62,21.18,52.753857631522806,15.719100703097526,28.58705408384986,43.19777062678492
2020-04-17,23.96,24.95,21.98,24.55,52.47322223220417,16.560138731373954,28.428738237424376,42.828507842096116
2020-04-20,21.98,23.36,21.38,21.38,52.16383693636134,17.019173137909767,28.1523171300744,42.40378491452986
2020-04-21,18.41,18.81,16.63,17.02,51.81414701659655,17.019251886680266,27.71575567399305,41.901135708301545
2020-04-22,18.81,20,18.41,19.4,51.491618190560764,17.245989802234526,27.389647608346266,41.4555686645728
2020-04-23,20.39,21.78,19,19.2,51.17030855682384,17.432086011545522,27.06848495703857,41.01486433458126
2020-04-24,19.6,21.78,19,21.78,50.87786767566141,17.846173058064995,26.86109339009588,40.63397593191629
2020-04-27,23.36,24.95,22.57,23.96,50.6100281963016,18.428442290630233,26.747325021856827,40.30379819069022
2020-04-28,27.92,28.31,23.76,23.76,50.34286373663691,18.936209691522592,26.630175020999697,39.97619822651814
2020-04-29,26.53,30.89,26.53,28.31,50.12363126164549,19.828951625663297,26.69605051037226,39.74518440025046
2020-04-30,25.74,26.73,23.96,24.15,49.865187169489815,20.240480042266793,26.596205392318446,39.436368867572234
2020-05-01,20.79,20.99,19.4,20.19,49.569911675266034,20.235672419193765,26.344981651443213,39.055252652372786
2020-05-04,18.81,21.58,18.81,20.99,49.285534444666375,20.30751314117531,26.13498237099446,38.69752487707827
2020-05-05,23.96,26.13,23.76,23.76,49.03154902730651,20.63632141344433,26.04184580742605,38.40173230525494
2020-05-06,23.76,25.34,23.76,23.76,48.78009082802983,20.933814612163918,25.952361658115226,38.111797012081574
2020-05-07,25.14,25.94,24.55,24.75,48.54098544665639,21.29726083957688,25.90521022054208,37.847206972238375
2020-05-08,24.75,28.31,24.75,27.32,48.32983136261006,21.87085504533146,25.960692172677685,37.63874742823366
2020-05-11,27.52,29.7,26.53,28.91,48.13659920974827,22.54124980291894,26.076351303160912,37.46590094450626
2020-05-12,28.91,29.1,25,25,47.906384292238336,22.775416488355233,26.034141448134996,37.21905142085267
2020-05-13,24.4,25.59,21.82,23.8,47.66651977191756,22.87299587041664,25.946528058012056,36.95332763034074
2020-05-14,21.82,25,20.83,25,47.44098226174922,23.075567692281723,25.909409310639035,36.716628073304285
2020-05-15,24.2,25.79,23.8,25.19,47.2195794531746,23.276942197778702,25.88119718081005,36.48837801244677
2020-05-18,30.35,33.26,29.56,31.28,47.060976672546,24.039138178942636,26.092914938425345,36.3852418141805
2020-05-19,30.29,31.68,29.3,29.3,46.884250536500765,24.540172638090958,26.218682980055725,36.24493999607792
2020-05-20,31.88,34.65,31.88,33.26,46.748685854545535,25.3706323868442,26.494813059269227,36.185832273383305
2020-05-21,32.07,32.07,28.91,29.5,46.57705713957493,25.76390549285904,26.61266352753318,36.053439555098485
2020-05-22,29.7,31.28,29.7,31.28,46.424847615798065,26.28924782687246,26.795696330375016,35.958915999551984
2020-05-26,35.44,37.22,34.65,34.85,46.309675002705546,27.104557557646512,27.111551376242662,35.93695726688759
2020-05-27,38.81,41.58,36.63,41.58,46.26261355989256,28.48317112358494,27.678941518350793,36.04870068734526
2020-05-28,41.38,43.76,41.18,41.98,46.22000048964487,29.76858339752923,28.239767341160565,36.16615215888298
2020-05-29,40.39,42.37,39.6,41.98,46.17781143004641,30.9315754549074,28.778599994448385,36.28127785870708
2020-06-01,40.99,43.16,40.99,41.78,46.13405211233451,31.964758744916217,29.288458818195508,36.390163445663376
2020-06-02,42.37,44.55,42.17,43.96,46.1124197530078,33.107162673971814,29.863813374344705,36.5400611992146
2020-06-03,46.73,49.3,46.53,48.91,46.140256372380854,34.61219480026021,30.61072265378217,36.78501048239847
2020-06-04,47.12,48.91,46.73,48.11,46.15985581146164,35.89770005737829,31.296968824222084,37.0092677005688
2020-06-05,56.03,59.6,55.04,55.44,46.25219555463118,37.75887148048512,32.2437543605271,37.37423269659714
2020-06-08,59.4,61.98,59,61.98,46.40869112125176,40.06564562520082,33.40988164050643,37.861475613496204
2020-06-09,56.23,56.23,53.46,54.25,46.48671409516966,41.41653651803884,34.22714118401598,38.18600084887252
2020-06-10,51.68,51.68,48.31,48.91,46.51082639273016,42.13019970679704,34.802939568956525,38.39835726770672
2020-06-11,40.59,41.58,33.46,33.46,46.380967423648265,41.3044664013878,34.7502752721347,38.300568014880845
2020-06-12,40.59,40.59,31.68,36.43,46.281952822417935,40.84023150601753,34.816146830090204,38.26352706409113
2020-06-15,31.28,39.8,31.28,38.81,46.20760503314015,40.64687612449205,34.972768523027845,38.27434831034675
2020-06-16,43.96,44.35,40.59,42.17,46.16742985868104,40.791935541207096,35.25501289467381,38.35148992796365
2020-06-17,42.17,43.16,41.58,41.78,46.1237738401867,40.88603691823499,35.510894741941506,38.41938121651882
2020-06-18,41.38,41.58,40.19,41.38,46.0765721104336,40.93308102126023,35.7410557324536,38.4780073310432
2020-06-19,42.77,42.97,39.4,40,46.016108706349684,40.844216162092586,35.90807315471032,38.508145799735416
2020-06-22,38.61,40.59,38.61,40.39,45.96012752519198,40.80095747998853,36.083834991780506,38.54541023934462
2020-06-23,41.78,41.98,40.79,41.18,45.91256406722987,40.83705676760867,36.28368459994598,38.59758033361502
2020-06-24,39.2,39.2,33.66,34.65,45.80049875312808,40.247813265931654,36.219618537203,38.51941042601868
2020-06-25,32.47,36.43,32.47,36.03,45.70327986006213,39.846116764414354,36.21218251613621,38.470115170057916
2020-06-26,36.23,36.43,32.07,32.47,45.57160543359385,39.14362945351775,36.06543026060146,38.35130100827459
2020-06-29,32.87,36.43,32.87,36.43,45.48064418549839,38.88518855318272,36.07972711312689,38.3132554437543
2020-06-30,35.84,40.99,35.64,39.4,45.42014026325462,38.934218214784366,36.20993389300427,38.334775137937385
2020-07-01,40.99,40.99,38.41,39.8,45.3642184695904,39.01667362290014,36.35072079916097,38.3637894916416
2020-07-02,43.76,43.76,40.39,41.38,45.32457450471885,39.24175232548108,36.54794743448799,38.42351643240117
2020-07-06,43.76,44.35,42.17,43.36,45.30502649969677,39.633966389720975,36.81508675078258,38.52126858225461
2020-07-07,40.79,42.17,40.19,40.59,45.258110813132625,39.72501720974755,36.96312256447738,38.56223356082383
2020-07-08,40.99,41.58,38.01,40.39,45.209671899569116,39.78834890405731,37.09750991489003,38.598426955659
2020-07-09,38.81,39.2,36.03,38.01,45.138033373205246,39.618982341766134,37.13329383979631,38.58677493673506
2020-07-10,38.01,40.59,37.02,40.39,45.090789260039024,39.69241259493126,37.26100780686312,38.622482363730406
2020-07-13,40.79,43.36,40.59,41.18,45.051875934068484,39.83408758589019,37.41469377522143,38.6731262773199
2020-07-14,41.38,44.55,40.59,44.55,45.046882143679746,40.28322210151969,37.6945097056049,38.78950001440268
2020-07-15,48.31,49.9,47.52,49.3,45.089201724339645,41.14196285375591,38.14962697205177,38.997628726988765
2020-07-16,48.51,50.29,48.51,49.9,45.13707036389845,41.976061629588685,38.61042591432425,39.213517267048395
2020-07-17,50.69,51.68,49.9,51.48,45.200184091620855,42.8811986172469,39.115115094154675,39.45641791522566
2020-07-20,51.08,51.08,49.5,49.9,45.246948429017664,43.549655891794814,39.538051757129004,39.66322152086475
2020-07-21,50.89,52.47,50.89,51.68,45.310958892410525,44.32397437829054,40.014206590182766,39.90117753035258
2020-07-22,51.88,54.65,51.88,54.65,45.40388467457559,45.30740538988192,40.5881592729207,40.19323342084064
2020-07-23,54.25,55.04,53.46,53.66,45.486035075823594,46.10289059084555,41.1007804779042,40.45990206597251
2020-07-24,53.06,53.46,52.07,52.27,45.55353721437261,46.69023434409835,41.53878908661384,40.69376539139879
2020-07-27,51.88,52.87,51.88,52.87,45.62633783910522,47.27878345418422,41.983150298903496,40.93487894800476
2020-07-28,53.06,53.06,51.88,51.88,45.68856333324347,47.716994553785725,42.371262051887676,41.1516140183413
2020-07-29,53.46,54.65,53.26,54.65,45.7777318572908,48.37728078675851,42.852781187107766,41.41890879025533
2020-07-30,53.06,54.25,51.48,53.86,45.858152435825225,48.89944452135294,43.28443682682903,41.66526703203245
2020-07-31,52.47,52.47,49.3,52.17,45.9209568892001,49.210925995509804,43.63289028460044,41.87328154624963
2020-08-03,52.17,52.37,50.98,52.17,45.9831364226409,49.492742567366015,43.96767890089062,42.07717696117538
2020-08-04,51.97,52.76,51.58,52.76,46.05056790102258,49.80390994190258,44.31247580673804,42.288718011449134
2020-08-05,53.75,55.53,53.75,54.94,46.139019961708925,50.293061376007095,44.729241461375764,42.53923844686598
2020-08-06,54.74,54.94,53.55,54.54,46.22261180288595,50.697531721149275,45.11397709034142,42.776877289502295
2020-08-07,54.54,57.31,54.54,57.31,46.332934073504,51.327290604849345,45.592252498563326,43.06466189763096
2020-08-10,58.49,59.68,58.1,59.09,46.45987005287212,52.06659626153036,46.12157592999222,43.381995325400645
2020-08-11,63.24,63.24,58.89,59.28,46.58743353493309,52.75358709376556,46.6375925601886,43.69680729915509
2020-08-12,61.66,62.05,59.68,60.47,46.72556852463525,53.48848356102598,47.18003991076944,44.02894972887479
2020-08-13,58.69,59.88,58.49,59.48,46.852478290559276,54.0591041742616,47.662391286817694,44.33491112038222
2020-08-14,57.9,60.27,57.9,59.48,46.978125272742766,54.575379967189065,48.12582692262877,44.634813870473664
2020-08-17,59.88,60.07,58.69,58.69,47.09466133968065,54.967248541742485,48.54010821978058,44.913134387890025
2020-08-18,59.48,59.68,58.89,58.89,47.21202789351467,55.34084391871939,48.94598632880879,45.189904003971414
2020-08-19,58.69,59.28,58.69,58.89,47.32822662094239,55.67885878360326,49.335947649247665,45.46119303359574
2020-08-20,58.3,58.49,57.11,57.31,47.42754774909221,55.834205566117234,49.64865558457129,45.69582287451464
2020-08-21,57.7,57.7,56.52,57.11,47.52389055755896,55.955709797915596,49.941257326352805,45.92184618393019
2020-08-24,57.9,59.68,57.31,59.68,47.644846870419066,56.310404102876014,50.32316880375073,46.19428487335732
2020-08-25,60.27,60.27,58.89,59.88,47.76658968762883,56.650365616887825,50.69794649772129,46.46528913329084
2020-08-26,59.09,59.68,57.31,58.69,47.87528033750317,56.844616510517554,51.01136036055575,46.70736261579993
2020-08-27,59.68,61.46,59.48,61.06,48.00647157792602,57.246081604753975,51.4054246601418,46.99157325707122
2020-08-28,61.06,62.05,60.86,62.05,48.146208179140686,57.70359764239645,51.82285898719506,47.28975992524803
2020-08-31,61.46,61.66,61.06,61.26,48.27669366989551,58.04230262883488,52.19294294848153,47.56639834256985
2020-09-01,60.86,61.18,60.27,60.99,48.40319423039406,58.32303571180299,52.53792557795284,47.832212236776385
2020-09-02,61.38,64.55,61.38,64.15,48.5598788649175,58.877984691631276,52.9933010454841,48.15533674693923
2020-09-03,64.95,66.53,60,61.78,48.69142235879892,59.154367101952104,53.337877475072965,48.425132058881026
2020-09-04,63.16,63.16,59,61.78,48.821656962193956,59.404427377956665,53.668941103501474,48.68958488939823
2020-09-08,58.01,60.19,56.43,57.02,48.90323251480894,59.17733905624651,53.80035517787397,48.85454360445966
2020-09-09,58.81,60.79,58.81,59.8,49.01165806192527,59.236640098508744,54.03563536697695,49.071285315262436
2020-09-10,60.99,61.78,56.83,57.02,49.09134305633397,59.02553151769839,54.15266927415432,49.22868560604932
2020-09-11,57.22,59,56.03,57.42,49.17421526472866,58.87262375410807,54.28079989085415,49.390889851474086
2020-09-14,60,62.37,60,61.78,49.299645958611954,59.1495167299073,54.57488616964418,49.63621876530628
2020-09-15,62.97,63.36,61.98,61.98,49.42581863564069,59.419086565154224,54.86528279044245,49.88065007688437
2020-09-16,63.36,65.34,63.16,63.96,49.570437355684064,59.851554511330015,55.22193836728784,50.1594490852629
2020-09-17,60.79,62.97,60,62.77,49.7017762874683,60.129501700727154,55.51794078425694,50.40916296476264
2020-09-18,62.37,62.37,58.41,59.12,49.79548995624971,60.03335868161028,55.65919800840373,50.58165478724259
2020-09-21,54.36,54.36,51.19,54.05,49.83782338952086,59.463514997647394,55.5960922041526,50.65033489046551
2020-09-22,54.85,55.44,53.26,54.85,49.887695793605225,59.02413261691907,55.56683368634269,50.733496575802825
2020-09-23,56.83,56.83,50.69,50.89,49.897668969788256,58.249453320069634,55.38342844374102,50.7365956535097
2020-09-24,47.92,55.24,47.12,51.48,49.91341355715355,57.604743480063,55.23035281849627,50.75131653165803
2020-09-25,50.09,56.03,49.5,55.64,49.97039451678386,57.41762505339033,55.24641741384936,50.84812214489252
2020-09-28,58.41,59.2,57.62,58.61,50.05636074049745,57.53118457211506,55.378322613306246,51.00182269647881
2020-09-29,58.81,58.81,56.23,56.83,50.12376013611439,57.464405089056484,55.43525113827463,51.117232148033686
2020-09-30,58.41,60,57.62,58.61,50.20820033376499,57.5735093662892,55.55975109363641,51.26560378866668
2020-10-01,59.6,59.8,57.02,59.2,50.29767097721012,57.72841323616642,55.70250595270949,51.42272054532675
2020-10-02,57.02,61.58,57.02,60.19,50.39610211176524,57.96285007081723,55.87848611142676,51.596330039478694
2020-10-05,62.77,64.75,61.58,64.35,50.534946866872055,58.57115006407273,56.2107023423512,51.848877959489016
2020-10-06,64.95,68.91,61.18,62.1,50.65002202242557,58.907231010351516,56.44165519167076,52.0518704751427
2020-10-07,65.27,68.45,65.27,66.99,50.81260886797357,59.67701853317518,56.85531577238955,52.34767502018938
2020-10-08,69.58,71.17,69.38,70.97,51.013179924013635,60.75254057763468,57.40883280092329,52.71643393068068
2020-10-09,73.35,73.75,70.77,72.16,51.2235960441727,61.838965284526616,57.987309945985125,53.10145504096423
2020-10-12,71.96,73.55,71.96,73.16,51.44186872035009,62.91715906695265,58.58231739908375,53.49865395104415
2020-10-13,71.76,72.36,69.58,70.57,51.632198384824214,63.646001060576204,59.05242259911968,53.83670040745911
2020-10-14,71.37,72.16,70.17,70.37,51.818644172039896,64.2863819119499,59.496249163860085,54.16409247859853
2020-10-15,67.79,70.97,67.79,70.77,52.007214876795715,64.90386934890705,59.93835703978714,54.492922330507476
2020-10-16,71.96,72.56,70.97,70.97,52.19589930588232,65.48159607758257,60.37097048920725,54.81920109624
2020-10-19,72.16,72.56,66.53,66.93,52.34250727298797,65.61953930828899,60.62818733276775,55.059018896314456
2020-10-20,69.1,71.88,68.71,68.91,52.50735794688859,65.93291651702337,60.952964300110196,55.33329574985278
2020-10-21,69.3,70.29,68.51,68.51,52.66658821607378,66.17835303921163,61.24931864128234,55.59422058648936
2020-10-22,68.31,72.67,68.11,72.47,52.863637089545676,66.77755751166767,61.68934536123206,55.92839443626185
2020-10-23,73.66,74.05,71.48,72.47,53.0587252777094,67.31969489150885,62.11211613137982,56.255950982078446
2020-10-26,69.3,69.3,64.95,66.53,53.192767812259554,67.24448585422229,62.28536647916885,56.45939749728481
2020-10-27,66.53,66.93,63.36,63.36,53.29393430168981,66.87453482048683,62.32750897018184,56.59604309139798
2020-10-28,59.4,60.19,55.44,55.44,53.31528818923518,65.78553150424999,62.05741057919432,56.57315114899406
2020-10-29,55.64,59.2,53.86,58.01,53.36200173959105,65.04500469432142,61.8986885956965,56.601603601489224
2020-10-30,58.81,58.81,55.44,57.02,53.39839973223194,64.28071853295748,61.70736747429664,56.609888678687454
2020-11-02,61.18,64.35,58.81,64.35,53.5073708791749,64.28731676791391,61.81100012236344,56.763158209802555
2020-11-03,68.91,70.29,67.92,69.3,53.66451146744182,64.76471517096972,62.104686392074676,57.01141250267775
2020-11-04,68.31,73.26,68.31,69.3,53.82008846776578,65.1966470594488,62.38685555316979,57.25475086896136
2020-11-05,72.87,74.85,71.68,73.06,54.011530373559154,65.94553781569176,62.80541023735921,57.56772609927896
2020-11-06,73.66,73.86,70.29,70.49,54.175495245464035,66.37834373800683,63.10676669863924,57.82361271117442
2020-11-09,84.35,84.35,80.99,80.99,54.442306238046484,67.76993004867285,63.80806996535927,58.2823530535274
2020-11-10,81.38,83.56,80.39,83.56,54.732034534185324,69.27374623451352,64.58265545691381,58.782900517813985
2020-11-11,83.96,83.96,82.37,83.16,55.01489986220338,70.59624659313128,65.31117877232896,59.26561535904539
2020-11-12,81.58,81.98,79.4,80.19,55.26539837103718,71.50993739378545,65.89466195772782,59.679959609361326
2020-11-13,81.78,85.54,81.78,85.34,55.564648138489545,72.82708621342493,66.65722423389536,60.188079221057144
2020-11-16,87.12,88.51,86.33,88.11,55.88848248537025,74.28260181214637,67.49850955805633,60.74098854341245
2020-11-17,86.13,88.31,86.13,88.11,56.209094599943676,75.59949687765624,68.30680330087765,61.28294916631517
2020-11-18,88.51,89.3,86.13,86.13,56.50681505168553,76.60240193692707,69.0057521910393,61.77496997490299
2020-11-19,85.34,86.73,83.96,86.53,56.80555321037522,77.54788746674353,69.69297759531227,62.26516858926134
2020-11-20,87.12,87.12,85.34,86.13,57.09733875057049,78.36523151752986,70.33756670922159,62.73773950828587
2020-11-23,86.73,88.51,86.73,88.51,57.40990254409716,79.33139994443178,71.05021115199722,63.248081300201
2020-11-24,89.3,90.49,89.3,90.09,57.735077643160864,80.35602852115257,71.7968695381934,63.77960444277128
2020-11-25,90.09,90.29,89.3,90.09,58.05701716909956,81.28307342389994,72.51424720336229,64.30060237459759
2020-11-27,90.29,90.89,89.5,89.9,58.373862769407026,82.10373309781423,73.19604143068142,64.80752113945704
2020-11-30,89.9,90.29,88.31,89.5,58.68357557767163,82.80813946945096,73.83541235496843,65.29648111689353
2020-12-01,90.69,91.48,90.69,91.48,59.00990815898833,83.63403094855087,74.52735696849908,65.81496663933129
2020-12-02,90.49,91.88,90.49,91.88,59.33697374944616,84.41936133440316,75.20785277365597,66.33110591379997
2020-12-03,91.68,91.88,91.48,91.68,59.65879490616809,85.11085073112667,75.85381933155182,66.83306421253661
2020-12-04,91.88,92.07,90.89,91.08,59.97144371307189,85.67934113768604,76.45092445580468,67.31320155486262
2020-12-07,91.48,91.88,90.69,90.89,60.27909103930998,86.17559436266832,77.0171627124398,67.78006885080593
2020-12-08,90.49,91.88,90.49,91.68,60.59153789464023,86.69982347098562,77.59217593940295,68.2533348141563
2020-12-09,91.28,91.48,91.08,91.28,60.89689572653436,87.13603075946318,78.128953353544,68.70930838219282
2020-12-10,90.89,91.08,90.29,90.69,61.193344525275315,87.47450402046668,78.6215434181109,69.14456960234742
2020-12-11,90.89,90.89,90.49,90.89,61.488833634476556,87.7997893518508,79.10265936249871,69.57517218447916
2020-12-14,91.48,91.88,90.29,90.49,61.777402454034004,88.05599988976978,79.54922174043993,69.9893271907271
2020-12-15,90.09,91.48,90.09,91.48,62.07295068832222,88.38209513836314,80.01709539767758,70.41488506813845
2020-12-16,92.07,92.07,90.49,90.49,62.35570739789116,88.58284798232856,80.42779753894513,70.81241209649214
2020-12-17,91.48,92.07,91.28,91.28,62.64351130437981,88.83971960305917,80.85337410604532,71.21771086685862
2020-12-18,91.48,91.48,89.7,89.9,62.914720147122296,88.9406986884821,81.2081437489455,71.58765718632677
2020-12-21,87.92,88.73,87.12,88.73,63.171588603369834,88.9206321467219,81.50311850388881,71.92710951927079
2020-12-22,88.14,88.14,87.35,87.74,63.41605040831143,88.80819098989124,81.7477020919716,72.24023606344365
2020-12-23,88.53,89.3,88.11,88.11,63.66176134952226,88.7416966099016,81.99720397071782,72.55448881466259
2020-12-24,88.31,89.3,88.31,89.3,63.916868201765816,88.79486836133954,82.28358812872888,72.88608309556037
2020-12-28,89.9,90.29,89.3,89.7,64.17341677687263,88.8810713745453,82.5744278099552,73.21903194515323
2020-12-29,89.9,90.09,89.1,89.3,64.42343253033658,88.92096933887431,82.83817573897656,73.53746695614029
2020-12-30,89.5,90.09,89.5,89.5,64.67295061461184,88.97611511612438,83.09942374921278,73.85355671938504
2020-12-31,89.5,90.89,88.71,90.89,64.93381677765052,89.15838986696967,83.40493654336129,74.19091203187247
2021-01-04,90.29,90.29,87.52,88.71,65.17039571518633,89.11568607011542,83.6129782475432,74.47841872431064
2021-01-05,89.3,89.7,87.72,88.71,65.40462063344319,89.077049301533,83.81286145352189,74.76023221491835
2021-01-06,88.71,91.48,88.71,90.49,65.65422639828455,89.21161603472032,84.07471002397202,75.07171276511798
2021-01-07,90.09,90.49,89.5,89.5,65.8914977774061,89.23908117427077,84.28746649362017,75.35742142323446
2021-01-08,89.7,90.29,88.51,90.07,66.13207988907371,89.3182163005307,84.5142325134782,75.64875961287338
2021-01-11,88.88,89.9,88.88,89.9,66.36857660659537,89.37362427190872,84.7254390815771,75.93096239281648
2021-01-12,89.1,89.9,89.1,89.3,66.59674997369392,89.36661243648885,84.9048336273976,76.1956958107805
2021-01-13,89.5,89.9,89.1,89.7,66.82663305853278,89.39836363301372,85.09287936749965,76.46310777492347
2021-01-14,89.3,89.9,88.51,89.1,67.04825860023892,89.36994804891717,85.2500213530879,76.71334326452894
2021-01-15,88.91,90.29,88.91,89.5,67.27165901217684,89.38233394902029,85.41668718237857,76.96654438800361
2021-01-19,89.7,90.09,89.3,89.7,67.49482658419498,89.41258785863741,85.58466023404999,77.21869202388473
2021-01-20,89.7,89.9,88.91,89.68,67.7155745783821,89.43805568162432,85.74526179349901,77.46545059766919
2021-01-21,89.68,89.88,88.88,89.08,67.92815592586089,89.40395514051724,85.87603584081278,77.69544167494307
2021-01-22,89.08,89.28,88.29,88.88,68.13663198630009,89.35405465094416,85.99383835685933,77.91691807741944
2021-01-25,88.29,90.09,88.29,90.09,68.35507345907322,89.42414468418758,86.15447214678642,78.15796920459925
2021-01-26,89.5,90.49,88.91,90.49,68.57532148435608,89.52565471426496,86.32449284691243,78.40216783421116
2021-01-27,87.92,89.1,86.33,86.73,68.75596505167591,89.25940188433496,86.34039508820999,78.56707540185054
2021-01-28,87.92,89.1,86.93,86.93,68.93680122031596,89.03755408582687,86.36351684945666,78.73267786914063
2021-01-29,86.53,87.52,83.76,83.76,69.0842957355367,88.53492988717669,86.26141814947796,78.83222880242498
2021-02-01,85.34,86.93,84.95,86.33,69.2558947829443,88.32493656458843,86.26410763381216,78.98069951920864
2021-02-02,87.12,88.91,87.12,88.11,69.44349781992993,88.30446641558001,86.33649556974109,79.16147774655104
2021-02-03,87.52,88.31,86.53,87.52,69.62336351326397,88.22975532838191,86.38290750818261,79.32699303869855
2021-02-04,87.92,88.91,87.52,88.91,69.81527034397776,88.29454053520269,86.48200917452839,79.51675555278372
2021-02-05,88.91,88.91,88.11,88.11,69.99730745498296,88.27696524613576,86.54585195199786,79.68691880916424
2021-02-08,88.91,88.91,87.52,88.31,70.17952330120204,88.28011141317045,86.6150342283901,79.85767289215109
2021-02-09,88.11,89.3,88.11,88.91,70.36589620367764,88.34010080239231,86.7050328861003,80.03692689428671
2021-02-10,89.7,89.7,88.51,89.1,70.55230519667587,88.41247215454543,86.79895316507675,80.21639368845925
2021-02-11,89.5,89.5,87.52,87.92,70.72511808029104,88.36557004458872,86.84291578605414,80.36894034809372
2021-02-12,87.52,87.72,86.73,87.12,70.88825123372098,88.24694432605646,86.85378183365985,80.50262469763642
2021-02-16,87.52,87.72,86.13,86.33,71.04190047517649,88.06437819976537,86.83324136959476,80.61801826798025
2021-02-17,85.54,87.12,85.54,86.93,71.19999101771205,87.9563421807401,86.83703582568909,80.74300800524796
2021-02-18,87.12,87.72,86.33,87.32,71.3603891170383,87.89573816352676,86.8559755972307,80.87324547049057
2021-02-19,87.72,87.72,86.13,86.13,71.50735041935633,87.72757262414326,86.82750596596675,80.97733961958977
2021-02-22,85.54,85.74,84.55,84.95,71.64110812662642,87.46304189803438,86.75387828102687,81.05600616177611
2021-02-23,83.16,84.35,82.77,83.76,71.7616941154162,87.11037124107872,86.63647128961405,81.10955059421619
2021-02-24,84.15,85.14,83.96,84.35,71.88695089038718,86.84747874192837,86.54680574884487,81.1737179091822
2021-02-25,84.95,84.95,81.38,81.78,71.98538918998533,86.36486171888757,86.35987219006664,81.18572349513899
2021-02-26,81.98,82.37,79,79,72.05518631247304,85.66344631708876,86.0712497512405,81.1424418417699
2021-03-01,81.58,83.96,81.38,82.97,72.16379142379172,85.40692762022316,85.94963211393696,81.1786311122299
2021-03-02,82.97,83.16,80.99,81.78,72.25947509121669,85.06150594210666,85.78611712907669,81.19053940703722
2021-03-03,81.38,81.38,79.4,79.4,72.33052509030905,84.52231490000126,85.53568116323054,81.15508318115529
2021-03-04,79.2,80.99,75.64,77.02,72.37718653219652,83.80780871904877,85.20173288231953,81.07320034588489
2021-03-05,77.62,81.98,75.44,81.38,72.466766765707,83.57658884104411,85.05186100458151,81.07927558656043
2021-03-08,83.56,83.96,80.19,80.19,72.54361485759051,83.25405657046848,84.86119978871557,81.06166616900478
2021-03-09,83.16,84.95,83.16,83.56,72.6532306301518,83.28319403994767,84.81017234602083,81.11113812605419
2021-03-10,83.96,84.95,83.56,83.76,72.76374574825974,83.32860413138123,84.76898911676511,81.16359083642935
2021-03-11,84.55,85.74,84.35,84.75,72.88301195971984,83.46397516648777,84.76824444551943,81.23460883966837
2021-03-12,84.15,85.94,84.15,85.54,73.00895213922512,83.66169181729846,84.79850936922455,81.31986411016999
2021-03-15,85.94,86.73,85.74,86.73,73.1454799786358,83.95391164422242,84.8742540998432,81.426995513929
2021-03-16,87.52,88.51,86.93,88.11,73.2943806753658,84.3497295828679,85.00114609592778,81.55933223642546
2021-03-17,86.93,87.92,86.53,87.32,73.43393907660594,84.63261247973762,85.09208154314629,81.67340486540714
2021-03-18,86.53,86.73,86.13,86.13,73.56026804101782,84.7752208150007,85.13278422772879,81.76165427401294
2021-03-19,86.53,86.93,85.54,86.13,73.6853400008087,84.90424740404825,85.17189072860218,81.84815616957704
2021-03-22,85.34,88.11,85.34,87.92,73.82697840876085,85.19146193699603,85.2796597196374,81.96839070087255
2021-03-23,87.92,89.1,87.52,88.11,73.96909802658412,85.46941794299642,85.39065345612221,82.09000672659785
2021-03-24,87.72,89.1,87.12,87.12,74.09995277258825,85.62661623413962,85.45847096764683,82.18961055379393
2021-03-25,86.53,88.11,85.74,87.92,74.2374656803237,85.84503373565013,85.5550015179352,82.30308361213464
2021-03-26,88.51,91.88,87.32,91.88,74.4130132854946,86.41979242749298,85.8030406740946,82.49272552080524
2021-03-29,92.27,94.46,90.89,93.87,74.60661514335038,87.12933600582699,86.11939202020854,82.71801808474969
2021-03-30,92.49,92.49,90.9,91.3,74.77271847525735,87.52654210051013,86.32255311745526,82.88795832069523
2021-03-31,91.5,92.88,91.5,92.88,74.95289043072742,88.03639523379488,86.57970789716289,83.08582053216661
2021-04-01,92.29,93.67,91.69,93.47,75.13714027718784,88.55388140200489,86.84991543060748,83.29144784836133
2021-04-05,93.86,95.24,93.86,94.85,75.33328813512627,89.15351174467109,87.16364423725032,83.52033006918586
2021-04-06,94.85,95.44,94.65,95.24,75.53136487010013,89.73317729279765,87.48036407108364,83.75240274108317
2021-04-07,94.85,95.04,94.05,94.25,75.71761994601954,90.16335088395978,87.74583998986468,83.96027595413103
2021-04-08,94.65,94.65,93.66,93.86,75.8981411405865,90.51541270453504,87.98561097065429,84.15631009365319
2021-04-09,93.86,94.05,92.67,94.05,76.07875665162544,90.85204006600789,88.2234301482757,84.35222474526402
2021-04-12,94.05,94.85,94.05,94.45,76.2615550929028,91.19470291686427,88.46760935814724,84.55218069090236
2021-04-13,93.86,95.44,93.86,95.24,76.45039534073462,91.57996930573434,88.73319330488657,84.76382067722112
2021-04-14,95.04,95.84,94.85,95.04,76.63536653137407,91.90949603852154,88.98051905763612,84.96730937668208
2021-04-15,95.64,96.23,95.64,96.23,76.83033800867383,92.32097260628139,89.2648124279249,85.19033295338144
2021-04-16,96.03,96.63,95.84,96.62,77.02725006828902,92.73040378663553,89.55325115624157,85.41666299390855
2021-04-19,96.62,96.62,95.83,96.23,77.21832220691302,93.06369866409882,89.8150844442321,85.63078847917768
2021-04-20,96.42,97.02,96.42,96.82,77.41336377699348,93.42144164847036,90.08978701504653,85.85235702414445
2021-04-21,96.42,96.82,96.42,96.82,77.60646463493384,93.74511387242556,90.3537169360251,86.0695380731713
2021-04-22,96.42,96.42,95.63,96.23,77.79177344453649,93.98176969409931,90.58415940912215,86.2707353390491
2021-04-23,96.03,96.23,95.63,95.83,77.97125828588439,94.15779162799461,90.7898786479801,86.46002770857288
2021-04-26,95.23,95.83,95.23,95.43,78.14497710891041,94.27895433009036,90.97184419119657,86.63765092226451
2021-04-27,95.83,95.83,95.03,95.23,78.31497733668245,94.36953010817699,91.13883069350258,86.8077964485563
2021-04-28,94.64,95.03,94.04,94.64,78.47741537313337,94.39528914549346,91.27613145062013,86.96288958818886
2021-04-29,94.25,94.65,94.05,94.25,78.6343565136992,94.3814520840179,91.39275374667425,87.10718880426433
2021-04-30,93.66,94.65,93.66,94.05,78.78774600112509,94.34988521887334,91.49695948209879,87.24467021408087
2021-05-03,94.25,95.24,93.66,93.66,78.93572862797956,94.28418186469493,91.58178460044786,87.37170644746541
2021-05-04,94.25,94.25,92.67,93.26,79.07825869138274,94.18664073472398,91.64759696905774,87.48830631979283
2021-05-05,93.06,93.46,92.67,93.26,79.21937054519984,94.09838923617885,91.71082846046724,87.60259728375732
2021-05-06,92.47,92.47,91.48,92.47,79.35121760445158,93.94330454701895,91.7405998933901,87.69898149596014
2021-05-07,92.67,93.86,92.07,92.27,79.47976270291474,93.78394220920762,91.7613606818846,87.78949671386192
2021-05-10,92.47,93.46,91.48,91.48,79.5991680491544,93.56451914166404,91.75032692965382,87.86257598685475
2021-05-11,90.89,92.47,90.49,92.07,79.72325592926232,93.42218398531507,91.76286312849093,87.94589131384772
2021-05-12,90.09,90.49,88.71,88.91,79.81466631802589,92.99245217718983,91.65098614305992,87.96498257495965
2021-05-13,88.51,90.09,88.51,89.3,79.90904774769727,92.64079006507652,91.55879060803797,87.99141856357431
2021-05-14,90.09,91.68,90.09,91.68,80.02617165070527,92.54928624935495,91.56354391752667,88.0644597801372
2021-05-17,91.08,91.28,90.11,90.31,80.128498300947,92.33602089227352,91.51438533252562,88.10892592310478
2021-05-18,90.51,90.71,89.1,89.1,80.21776697456941,92.02782842634271,91.41970355477952,88.12855115235023
2021-05-19,87.92,89.1,87.32,89.1,80.30614740268315,91.74898762383388,91.32873478792541,88.14778776319477
2021-05-20,90.09,92.27,90.09,91.88,80.42131011509426,91.76146499299256,91.35035303153619,88.2216929560028
2021-05-21,92.27,92.87,91.08,91.08,80.52736673086446,91.69656356508851,91.3397509518681,88.2782930954879
2021-05-24,91.88,92.07,91.28,91.28,80.63435810667676,91.6568908446039,91.33740777728504,88.3377328361713
2021-05-25,91.28,91.48,90.69,91.48,80.7422749414362,91.64004409749876,91.34299962915621,88.39995594832632
2021-05-26,91.28,91.88,90.89,91.08,80.8451378773423,91.58670656440364,91.33268591820891,88.45302612756738
2021-05-27,91.08,91.88,91.08,91.08,80.94697730144834,91.5384487963652,91.32277666651444,88.50504541217
2021-05-28,92.07,92.67,91.48,91.88,81.05576359695633,91.57097748242566,91.34462856194524,88.57187619608743
2021-06-01,91.88,91.88,90.49,90.89,81.15361669549408,91.50612248409941,91.32679999088856,88.61777963774907
2021-06-02,90.89,91.08,89.7,90.49,81.24651603185733,91.40934891418517,91.29398430497136,88.6548533082887
2021-06-03,88.91,89.5,87.52,89.3,81.32665020069457,91.20845854140563,91.2157888420313,88.66762849030277
2021-06-04,90.09,90.89,90.09,90.69,81.41981786038916,91.15908153746224,91.19516967175556,88.70767545089083
2021-06-07,90.89,90.89,89.7,89.9,81.50419778217633,91.03916901008489,91.14437870423573,88.73128583800191
2021-06-08,90.69,90.69,88.31,90.09,81.58962865001537,90.94877196150537,91.1030305197559,88.75819106893256
2021-06-09,89.9,90.49,89.1,89.5,81.66833881270179,90.81079367945725,91.0401665778047,88.77288035469627
2021-06-10,89.5,90.89,89.5,90.49,81.75611653595848,90.78024190046132,91.01859141789079,88.8068827239102
2021-06-11,90.09,90.89,90.09,90.89,81.847000948536,90.79069505279834,91.01354861718919,88.8481325709615
2021-06-14,91.08,91.48,90.29,91.48,81.94285168536649,90.85634314300802,91.03184082827981,88.90024875767513
2021-06-15,91.28,91.68,90.29,90.89,82.03187803675588,90.85954855795964,91.02627844285708,88.93964977237464
2021-06-16,90.89,91.08,88.71,89.3,82.1041976582807,90.71102012386825,90.95858124901955,88.94678542044643
2021-06-17,89.3,90.09,88.71,89.7,82.17977778108387,90.61473249302365,90.90922512160701,88.9617005606356
2021-06-18,87.52,87.52,85.94,85.94,82.21719292754075,90.16951987464044,90.71435354821065,88.90186490596956
2021-06-21,87.32,88.51,87.12,88.11,82.27582782378413,89.97337512467469,90.61222203651612,88.88618441278204
2021-06-22,87.72,89.1,87.52,88.31,82.33586933797532,89.81495844613424,90.52193881939783,88.87477482044973
2021-06-23,88.11,88.51,87.32,87.32,82.38546267789597,89.57734335602622,90.39637259118615,88.84398720024281
2021-06-24,88.31,88.91,88.11,88.31,82.44441329801641,89.45664398878563,90.31455405819845,88.8334131962776
2021-06-25,89.1,90.29,88.71,90.09,82.52048878758839,89.51696360890128,90.30574801670048,88.85829610328202
2021-06-28,90.29,90.69,89.5,90.09,82.59580730711488,89.57153850329163,90.2972873101632,88.88268627945465
2021-06-29,90.49,90.89,88.91,89.1,82.66052564236747,89.52663007440671,90.25033486662738,88.88698952144564
2021-06-30,89.5,89.9,88.91,89.5,82.7285801135877,89.52409387684416,90.2209099698969,88.89912834280315
2021-07-01,90.09,90.89,90.09,90.49,82.80580817215896,89.61608493619234,90.23146252009701,88.93063075185655
2021-07-02,90.89,91.28,90.29,91.28,82.8901284888539,89.77455303750735,90.27258163695595,88.97715291518612
2021-07-06,90.49,90.49,88.31,89.3,82.9539083048852,89.7293575101257,90.23444118060473,88.9835459267666
2021-07-07,89.5,91.08,89.3,90.29,83.02690424215002,89.78275203297086,90.23661995783593,89.00941630445439
2021-07-08,87.92,88.91,86.53,87.52,83.07161166262614,89.56725183935458,90.13008584184236,88.97992291228698
2021-07-09,89.3,90.49,89.3,90.49,83.14542647195324,89.6551326165589,90.14420012255442,89.00982542887536
2021-07-12,89.3,90.49,89.3,90.09,83.21452670606317,89.69654855783901,90.14207462755229,89.03121502434317
2021-07-13,90.29,90.49,88.11,89.1,83.27308862938592,89.63973440947339,90.10120895588358,89.03257710306904
2021-07-14,88.91,89.3,87.32,88.51,83.32519720023781,89.53214065619021,90.03880860467245,89.02222904162214
2021-07-15,86.93,88.71,86.93,88.31,83.37479722809614,89.41574630798162,89.97101218880294,89.00812549624348
2021-07-16,89.3,89.3,85.94,86.13,83.40221218105042,89.10281808817385,89.82038425983028,88.95113291215945
2021-07-19,81.98,81.98,76.43,78.81,83.35651852750763,88.12254969882396,89.38860448493497,88.75031839904739
2021-07-20,79.2,85.34,79.2,84.35,83.36640391529363,87.76325925131691,89.19101215219243,88.66318338124447
2021-07-21,86.33,86.93,85.14,86.33,83.39589243354942,87.6267583702391,89.0788155972045,88.61698173013072
2021-07-22,83.36,84.35,82.97,84.15,83.40339599142455,87.29563852545442,88.88552871103961,88.52852664636575
2021-07-23,84.35,86.53,84.15,86.33,83.43251642932081,87.20367295160162,88.78531189884198,88.48499146524959
2021-07-26,86.93,87.92,86.33,87.12,83.46920780813355,87.19570409906814,88.72000554986779,88.45796193128426
2021-07-27,86.93,88.71,86.13,88.51,83.51936494437102,87.32087513725213,88.71177003810827,88.45899238809051
2021-07-28,89.5,89.5,87.12,88.51,83.56902300462603,87.4341251241805,88.70385748759422,88.46000243981149
2021-07-29,88.71,89.9,88.31,88.71,83.62017700458,87.55563701711569,88.70409837043366,88.46495288654789
2021-07-30,87.92,88.71,85.94,86.73,83.65112051697224,87.47700492024752,88.62668274806371,88.43059738384397
2021-08-02,87.72,88.91,85.34,85.34,83.66792528794764,87.27348064212872,88.4977932285318,88.36939743564905
2021-08-03,84.55,86.33,83.76,86.3,83.69411508607752,87.18076820002122,88.41160525878546,88.3284192686065
2021-08-04,83.73,83.92,81.34,81.54,83.67268110512153,86.64355218097158,88.14213054275466,88.19399512467369
2021-08-05,82.53,83.13,81.94,82.34,83.65942059661286,86.23369006849809,87.91459601166623,88.0780744291356
2021-08-06,83.53,84.32,83.33,83.33,83.65614277973114,85.95714815721256,87.73480793277736,87.98405315331112
2021-08-09,82.93,83.39,82.14,82.6,83.64563389635073,85.63741976128755,87.5334429158057,87.87743823938418
2021-08-10,83.2,84.38,83.2,83.99,83.64906042474524,85.48052264116492,87.39448437008782,87.80045926434687
2021-08-11,83.79,85.57,83.59,85.37,83.66618420161345,85.4699966753397,87.31509282616281,87.75233135812218
2021-08-12,84.58,84.58,83,84.38,83.67328684637351,85.3661874681645,87.19999114670544,87.68555251934748
2021-08-13,83.99,84.78,83.59,84.18,83.67832876830015,85.25321723310121,87.08156012134445,87.61613563777624
2021-08-16,82.21,84.15,82.21,83.76,83.67914141737178,85.11100606804395,86.95130286168389,87.53977651623612
2021-08-17,80.79,81.38,79.2,81.18,83.65427433859196,84.73662453775405,86.7249772592649,87.41384034759778
2021-08-18,79.8,81.18,78.01,78.01,83.59811240487463,84.09599362939653,86.38321344517608,87.22762568724931
2021-08-19,75.24,76.63,73.66,74.45,83.50708641079628,83.17732756945401,85.91524429046329,86.97460339641269
2021-08-20,73.86,76.23,73.86,75.64,83.42880694402218,82.45948684855362,85.51229353397454,86.75015580440451
2021-08-23,78.81,80,77.82,79.4,83.38871931273839,82.16810714869138,85.27259574832848,86.60460816471334
2021-08-24,80.39,81.98,79.8,80.99,83.3648514588803,82.05590646786362,85.10465081702148,86.49342780501604
2021-08-25,79.6,83.16,79.6,81.98,83.35107184237403,82.04867728044803,84.98211549086378,86.40405299699592
2021-08-26,80.99,81.18,78.01,78.81,83.30588704792254,81.74023182516727,84.74007174612402,86.25367570992668
2021-08-27,80,81.98,80,81.78,83.29070409222182,81.74401927038943,84.62399050117797,86.16508807210636
2021-08-30,81.18,81.18,79.36,79.36,83.25159260871712,81.51696981606662,84.41755950113178,86.03033385285673
2021-08-31,78.96,80.35,78.96,79.96,83.21884044345624,81.36868697644123,84.24275324618543,85.91012922210709
2021-09-01,78.76,79.36,78.17,78.81,83.17497138431737,81.12500250249444,84.0297040992762,85.76953260384754
2021-09-02,79.8,81.18,79.6,80.39,83.14726022626446,81.05500226416163,83.88697060518695,85.66300720575154
2021-09-03,80.19,80.19,78.21,78.61,83.10211335834144,80.82214490567004,83.68003058145412,85.52334369672676
2021-09-07,77.82,78.41,75.84,75.84,83.02985352393009,80.34765491465384,83.37257840178926,85.33159431659355
2021-09-08,74.65,76.63,73.26,73.66,82.93662115055764,79.71073539897253,82.9916929742681,85.10047363705705
2021-09-09,73.66,75.44,73.66,73.66,82.84431646249239,79.13447488478467,82.62574423017917,84.87392960464008
2021-09-10,74.05,74.05,71.88,71.88,82.73521878624868,78.44357251480517,82.20434249566233,84.61662406791454
2021-09-13,73.06,74.65,73.06,74.65,82.65476884807705,78.08227989434754,81.90809377034223,84.41926517548059
2021-09-14,74.65,74.65,71.28,71.68,82.54556716799668,77.47253895202873,81.50699205385823,84.1670024987384
2021-09-15,71.68,74.65,71.68,74.25,82.46302421110119,77.16563048040695,81.22240413017751,83.97062621163467
2021-09-16,74.65,74.65,71.68,72.07,82.35961103487132,76.68033233941581,80.86348632115094,83.73497024704784
2021-09-17,71.28,71.68,68.51,68.91,82.22578405939997,75.94030068804288,80.39472215169404,83.44140647977957
2021-09-20,63.96,64.75,60.19,64.75,82.05189566079898,74.87455776537213,79.78120363594134,83.07127961879384
2021-09-21,66.33,66.33,62.37,62.57,81.85804595273133,73.70269512105098,79.10625447374755,82.66531368574842
2021-09-22,65.14,67.72,65.14,66.13,81.70154798305241,72.98148606190327,78.59738174928687,82.33788173157518
2021-09-23,69.3,73.66,69.3,71.88,81.6038211374499,72.87658262743629,78.33395501402072,82.1307949646133
2021-09-24,70.89,73.46,70.89,72.47,81.51293734503746,72.83786047244236,78.10399599386304,81.9394920940269
2021-09-27,71.88,71.88,71.88,71.88,81.41708722220126,72.74663566554308,77.8599177195939,81.74029423077884
2021-09-28,70.29,70.69,66.13,66.93,81.27293710058731,72.19267036406279,77.43129349529609,81.44702107769412
2021-09-29,67.72,69.7,67.32,68.11,81.141962602074,71.80384461510442,77.06575257391192,81.18292165041305
2021-09-30,67.52,67.72,60.79,60.79,80.9394555115061,70.75490703271353,76.42748776709185,80.77910141971181
2021-10-01,63.16,67.32,60.39,65.14,80.7822469989538,70.22015398197891,75.98484118799021,80.46941624308386
2021-10-04,63.16,64.95,62.17,63.69,80.61217488951146,69.59823455512378,75.50269055316707,80.13715057490398
2021-10-05,64.68,67.65,64.08,65.27,80.4595164328994,69.18602174035009,75.10140857068993,79.84275155361875
2021-10-06,62.69,66.66,59.32,66.66,80.32220781167652,68.94544824126912,74.77037294046679,79.58170696839858
2021-10-07,70.23,72.02,66.26,66.86,80.18825549514243,68.746834123053,74.46016223691907,79.32979197892534
2021-10-08,66.26,67.46,64.48,64.48,80.03195444543952,68.34046896847653,74.06878332566734,79.03573669221394
2021-10-11,65.47,67.06,62.57,62.77,79.86019370468888,67.80994811433591,73.62569378348431,78.71364289632852
2021-10-12,62.97,64.95,62.37,62.57,79.68815197628402,67.3109054367801,73.19213716452414,78.39396679937153
2021-10-13,62.17,64.15,59.8,63.36,79.52568280239065,66.93462872851534,72.80656315807221,78.09626448651268
2021-10-14,66.73,70.69,66.13,70.69,79.43776556057581,67.2922831353234,72.72356068128506,77.94960578380946
2021-10-15,72.87,74.05,70.69,70.69,79.350723117187,67.61587521767355,72.64381320358761,77.80585121383304
2021-10-18,69.5,70.29,69.5,69.9,79.25668607124484,67.83341091122846,72.53621268579987,77.64929970464823
2021-10-19,71.28,72.27,70.29,72.27,79.18716680685435,68.25594320539717,72.52577297263124,77.54277891841757
2021-10-20,71.88,74.65,71.88,74.65,79.14202086847769,68.86490099535935,72.60907599331237,77.48549616755781
2021-10-21,72.87,74.25,72.87,74.25,79.09334404391572,69.37776756722988,72.67342595435895,77.42142693651707
2021-10-22,74.85,76.03,74.45,74.65,79.0491316653693,69.87988494177942,72.75093866203115,77.3665471951999
2021-10-25,73.26,75.24,73.26,73.86,78.99749851447011,70.25894351875282,72.79443126352012,77.29711061707712
2021-10-26,73.66,74.65,72.87,73.26,78.9404089770127,70.54475842172874,72.81268886102914,77.21716783258054
2021-10-27,72.07,72.07,69.5,69.5,78.84647455933097,70.44525761965934,72.68277949392996,77.06435262797498
2021-10-28,69.7,72.67,69.7,72.07,78.77904695177544,70.5999949892156,72.65874892554055,76.96545455613389
2021-10-29,71.48,72.07,68.71,70.29,78.69457882290206,70.57047165690936,72.56585681081347,76.83326733720055
2021-11-01,70.69,72.27,70.49,71.88,78.62677206844532,70.69518864196561,72.53896046529137,76.73518283547381
2021-11-02,71.88,71.88,69.3,70.69,78.54779921204288,70.69469448558793,72.46645221175054,76.61547624467235
2021-11-03,70.69,73.86,70.29,73.86,78.50115444376384,70.99615215362718,72.52110114462306,76.56091235863923
2021-11-04,74.45,74.45,70.49,71.28,78.42930216074132,71.02318528185316,72.47243051150059,76.45633983668597
2021-11-05,75.24,76.23,73.66,75.04,78.39557776113195,71.4057390645338,72.57311951104958,76.42829350328624
2021-11-08,75.84,75.84,72.52,73.51,78.34696504709083,71.60614486791154,72.60985992238098,76.37050551312215
2021-11-09,73.51,74.3,72.72,74.3,78.30669673816456,71.86270249953901,72.67613992542486,76.32950540395142
2021-11-10,75.69,75.88,74.11,74.5,78.26881915868033,72.11387369005911,72.74766384991801,76.2932775741702
2021-11-11,74.9,74.9,73.32,73.32,78.21957717700192,72.22874286243443,72.77010840482319,76.23440079052327
2021-11-12,74.3,74.7,72.92,73.71,78.1747057623054,72.369814970774,72.8069668987517,76.18441265605746
2021-11-15,74.11,74.7,73.06,74.25,78.1356539636755,72.54888021165267,72.86355643213398,76.14610745494741
2021-11-16,74.45,75.24,72.47,72.47,78.07927929737026,72.5413678105429,72.84812284656009,76.07331324791875
2021-11-17,71.48,71.68,69.9,71.48,78.01361482674966,72.44028516191976,72.7944709702244,75.98235654994016
2021-11-18,70.89,70.89,68.71,69.9,77.93288234091135,72.19835324173692,72.6809623047254,75.86191384598095
2021-11-19,68.71,70.09,67.92,68.51,77.8391223176187,71.84708150442864,72.51739515552048,75.71633139358529
2021-11-22,69.3,72.07,68.71,70.55,77.7665937373439,71.7235499325783,72.4402424043236,75.61402780163311
2021-11-23,70.35,72.33,70.15,71.93,77.70851817776834,71.74321184376132,72.42023289827169,75.54107675605621
2021-11-24,71.34,71.54,69.76,70.94,77.64116973818855,71.66671547768881,72.36218454931986,75.44996632524322
2021-11-26,65.01,65.21,61.85,63.83,77.50374516367921,70.92036162267082,72.02758907679751,75.2198679821691
2021-11-29,65.21,65.81,63.83,65.21,77.38141934115504,70.37651765860694,71.7602326424133,75.0216527746014
2021-11-30,61.26,61.26,54.74,55.73,77.16598233278533,68.9816112149301,71.13159606820102,74.63963984837167
2021-12-01,58.69,61.46,51.97,51.97,76.91527604091682,67.36145776588914,70.38016092827156,74.19073608899798
2021-12-02,52.76,59.88,52.76,59.28,76.7398006574251,66.59179512151874,69.9448604997119,73.89547398822575
2021-12-03,60.27,60.27,55.13,57.5,76.54835985486366,65.72590987185029,69.45682675462515,73.57081113697375
2021-12-06,62.84,66.73,62.84,64.55,76.42897318964114,65.6139184554836,69.26440217601241,73.39218121346931
2021-12-07,66.93,70.09,66.93,68.51,76.35017743651038,65.88973574543755,69.2348177769531,73.29550435775705
2021-12-08,68.71,69.5,67.92,68.71,76.27415577047545,66.15833234111017,69.21423668766082,73.20470229126681
2021-12-09,66.53,68.51,66.53,67.72,76.18903979265977,66.30706259433776,69.15563917049765,73.09609432510311
2021-12-10,68.31,69.3,66.13,67.12,76.09880059074275,66.38448520440083,69.0758101834193,72.97775582361592
2021-12-13,66.93,67.72,65.14,66.53,76.00358864456621,66.39834375636266,68.97597448995188,72.85007749047502
2021-12-14,67.12,67.12,64.35,65.34,75.89748328491878,66.29754911289956,68.8333872550518,72.70136308472304
2021-12-15,65.54,67.32,62.37,66.66,75.80556802835243,66.33206824500436,68.74815638230467,72.58173213255031
2021-12-16,67.26,69.84,66.66,67.46,75.72252755045837,66.43949031690872,68.6976404457437,72.480311694282
2021-12-17,64.28,65.27,62.3,62.5,75.59096011214535,66.06430076291741,68.4545957223812,72.28268175974176
2021-12-20,58.13,58.13,55.15,58.01,75.41602518565635,65.29722449978242,68.04500373326822,72.00005439816272
2021-12-21,60.99,64.35,60.99,64.35,75.3059154823165,65.20701264266027,67.90010162608122,71.84856817245652
2021-12-22,63.96,65.54,63.96,65.34,75.206752144184,65.21967810526405,67.79970548388197,71.71968563438807
2021-12-23,66.33,68.71,66.33,67.72,75.13225709797321,65.4578040000008,67.7965797786317,71.64048393865761
2021-12-27,68.11,70.89,67.52,70.89,75.09004558456054,65.97515600000072,67.9178903755481,71.62562287056538
2021-12-28,71.08,72.07,70.89,71.48,75.05412473297288,66.49942685714352,68.05758094905602,71.62273924936606
2021-12-29,72.27,72.47,71.28,71.68,75.02055135254528,66.99281477551081,68.19963659811265,71.62387312561624
2021-12-30,72.47,73.06,71.28,71.28,74.98333193610205,67.40111813022406,68.32043516289254,71.61706375679216
2021-12-31,71.28,72.47,71.28,71.88,74.95245301136471,67.82767830829796,68.46002594081833,71.6222704150735
2022-01-03,72.67,73.66,71.48,73.46,74.93760273264466,68.36408989798387,68.65610335490388,71.65866109992353
2022-01-04,75.24,75.44,73.66,74.65,74.93474101391188,68.96274800293779,68.89115812529981,71.71789553358842
2022-01-05,75.24,75.44,71.08,71.08,74.89638538193265,69.16439105027705,68.97699506156256,71.7052639388639
2022-01-06,70.69,71.88,69.9,70.09,74.84856065176416,69.252544283584,69.0206423140503,71.67327851433194
2022-01-07,70.69,71.68,69.5,69.9,74.79932124229387,69.31420673276648,69.05512692918559,71.63816408830557
2022-01-10,68.71,69.1,65.14,68.91,74.74072103092776,69.27571085345538,69.04943567706067,71.58414103705199
2022-01-11,68.91,70.89,66.73,70.89,74.70240539877922,69.42945267693582,69.12161467011711,71.57039566998165
2022-01-12,72.47,72.67,69.9,71.88,74.67432176297046,69.66283813627527,69.22978664383801,71.5765264487939
2022-01-13,71.48,72.67,69.9,69.9,74.62681607378669,69.68542498043954,69.25606952055024,71.54332790525342
2022-01-14,64.95,65.94,63.16,65.94,74.54038009295299,69.32871783944529,69.12602757856789,71.43237091703058
2022-01-18,62.37,62.37,58.81,60.19,74.39759024128182,68.45836375949811,68.7755951245064,71.20974971075275
2022-01-19,60.59,61.98,57.02,57.02,74.22467889559742,67.36899578240306,68.3145913941336,70.92876456796556
2022-01-20,59.2,61.98,53.26,53.26,74.01607512549198,66.02528189836467,67.72421526103032,70.57888804186723
2022-01-21,52.07,55.64,49.3,49.7,73.77412412921842,64.47049314613946,67.01738329000953,70.16544471430551
2022-01-24,43.16,51.28,36.03,51.28,73.55030199857943,63.21425570364999,66.40023100412681,69.79147551204203
2022-01-25,44.15,49.3,38.41,46.53,73.2814432722254,61.62527896996904,65.62100625886693,69.33085223457584
2022-01-26,47.52,51.48,38.81,42.17,72.97187667250176,59.77239525854342,64.70135895459764,68.79301357646543
2022-01-27,48.11,48.51,37.42,39.2,72.63583809864602,57.813119519634526,63.701305662260474,68.20701330762452
2022-01-28,37.02,45.94,36.03,45.94,72.37020786880875,56.682346232050286,63.00478387158359,67.7660823510379
2022-01-31,42.77,50.69,42.77,50.69,72.15448440742756,56.11164659090264,62.52185117073718,67.4279421064629
2022-02-01,50.69,52.87,48.71,52.87,71.96259899043824,55.80291834415001,62.14334720325729,67.1396660251468
2022-02-02,53.06,57.02,53.06,56.63,71.81003581640402,55.88168802565953,61.92713750901191,66.93155382662904
2022-02-03,53.06,54.05,50.49,50.49,71.5978961565393,55.36819392797767,61.478622312580065,66.60597850332945
2022-02-04,50.49,51.88,46.13,48.31,71.36617579677275,54.69598498245599,60.96220575130241,66.24368189930313
2022-02-07,49.3,51.88,47.52,48.51,71.13875116197899,54.10684355555542,60.473883957133694,65.89251988149515
2022-02-08,48.91,53.06,48.91,52.87,70.95697254345184,53.98904893121681,60.17569242940296,65.63464820067347
2022-02-09,57.42,58.81,57.02,58.01,70.82814694600455,54.371996652053305,60.09076331452441,65.48366506798686
2022-02-10,54.65,57.82,49.9,50.69,70.62776737440251,54.0213303042387,59.722105929641096,65.19072120525445
2022-02-11,52.27,53.06,43.76,45.34,70.3761477985378,53.19453694193025,59.158101775537524,64.79763761703158
2022-02-14,44.75,45.54,40.99,42.57,70.09946971099016,52.18267628079404,58.50758798041841,64.35748637709037
2022-02-15,47.72,49.1,47.32,48.11,69.88066901734847,51.794802349289846,58.0998394321667,64.03575397358362
2022-02-16,47.52,49.3,46.33,49.2,69.67489121618082,51.54767831602415,57.75082612110134,63.741976667176026
2022-02-17,45.43,47.22,43.05,43.73,69.41673309462679,50.80313752402185,57.20098980262678,63.34569990148937
2022-02-18,44.13,44.93,41.94,43.14,69.15527306383449,50.073314902686434,56.64957843781789,62.94558703215294
2022-02-22,40.95,43.73,38.76,40,68.86517084429384,49.11395157862106,55.99665379319758,62.49121897211031
2022-02-23,40.79,40.79,34.85,34.85,68.52671143290783,47.75547999970477,55.167373252287874,61.94386810137545
2022-02-24,30.09,35.84,29.5,35.64,68.19948047337641,46.601624761637645,54.4015939090609,61.42299942610069
2022-02-25,39.4,46.13,38.21,45.94,67.97799310548211,46.53861287957692,54.06976669694087,61.11640537805909
2022-02-28,44.15,44.35,44.15,44.35,67.74288869647233,46.33017355771245,53.6885993754922,60.784397350770796
2022-03-01,40.59,40.59,35.24,37.5,67.4419644308358,45.48920464745412,53.053752341159175,60.32332017550801
2022-03-02,40.27,45.03,40.27,44.44,67.21308916286728,45.38928039531564,52.71595813170195,60.00879898391379
2022-03-03,45.83,45.83,43.25,44.64,66.98848131050043,45.31792035766653,52.399253891243056,59.704466330766984
2022-03-04,40.87,43.65,40.07,43.65,66.75625761586859,45.159070799793525,52.05614589550803,59.38655610639536
2022-03-07,41.07,41.07,34.32,34.32,66.4335087838699,44.126778342670335,51.36061076235085,58.890188658743966
2022-03-08,36.11,38.29,32.27,32.27,66.09357337308512,42.997561357654114,50.61195935990572,58.363056210055966
2022-03-09,38.01,39.2,37.02,37.62,65.81025423504447,42.48541265692515,50.102470757556475,57.95230262173803
2022-03-10,36.23,37.82,34.65,37.42,65.52776414315348,42.00299240388466,49.605118963142495,57.54572237180262
2022-03-11,38.81,39,35.04,35.04,65.22440330590817,41.33985027018136,49.033937827332984,57.10006450305405
2022-03-14,37.22,38.61,35.24,36.43,64.93789183022749,40.87224548254504,48.539665755672864,56.69075629507278
2022-03-15,37.22,40.19,36.83,39.2,64.68179340405607,40.71298400801694,48.173404353489616,56.34440468526936
2022-03-16,40.79,42.97,38.21,42.97,64.46575565874207,40.927937912015324,47.96934928080375,56.07956498853135
2022-03-17,42.17,45.54,42.17,45.54,64.27743968203816,41.36718192039481,47.87408068155654,55.87086073133271
2022-03-18,44.75,49.3,44.55,49.1,64.12642038171937,42.10364078511912,47.92215594894648,55.73678428120731
2022-03-21,49.7,49.7,45.54,47.52,63.96118236797092,42.61948451986968,47.90638512741917,55.574075681579444
2022-03-22,48.31,51.28,48.31,49.5,63.81729000610056,43.27477170845352,47.96887982830469,55.45379695521154
2022-03-23,48.51,48.51,45.54,45.54,63.63542642395031,43.490507736219854,47.873629638959414,55.25748414421725
2022-03-24,45.74,49.3,45.74,49.3,63.492785365005524,44.04379271372272,47.92956573154924,55.13951416116345
2022-03-25,49.3,50.89,48.91,50.69,63.36539446585124,44.676764836225324,48.03781805580221,55.05140496985328
2022-03-28,49.7,52.07,48.11,52.07,63.253002481116404,45.38088247087053,48.19594283792762,54.99236724767797
2022-03-29,57.22,59.4,55.04,59.2,63.21267409821972,46.6969889022162,48.62747449134222,55.07568670811999
2022-03-30,58.61,58.61,55.44,56.03,63.14120470420759,47.58584710200513,48.9177696093288,55.0945840010285
2022-03-31,55.24,56.03,51.28,51.28,63.02318276685229,47.93767118752845,49.01040609523748,55.01904768417645
2022-04-01,52.07,52.27,49.1,51.28,62.90633517713236,48.255988217287644,49.09940977777718,54.94500713597493
2022-04-04,50.89,52.07,49.5,52.07,62.79851094651413,48.619227434688824,49.215903511982,54.88807630159919
2022-04-05,52.07,52.07,48.11,48.31,62.65434665848911,48.5897772028137,49.18037788406114,54.757817364933864
2022-04-06,45.34,48.11,45.34,47.61,62.50465166686235,48.49646508826002,49.118794437627365,54.616276427014384
2022-04-07,47.02,48.8,46.03,48.01,62.36042627714233,48.4501350798543,49.075312302818446,54.485459072024
2022-04-08,48.01,49.4,47.61,48.01,62.21763596592698,48.40821745320151,49.033535349766744,54.35723215970669
2022-04-11,47.22,47.82,46.64,46.83,62.064525160295865,48.257911029087076,48.9471221987955,54.20817805753428
2022-04-12,46.73,47.52,45.54,46.23,61.90696769601431,48.064776645364496,48.84056838707803,54.05019433362271
2022-04-13,47.22,47.81,46.62,47.61,61.76470931097934,48.02146458390121,48.79231080327105,53.922665732956915
2022-04-14,48.21,48.61,47.02,47.02,61.61799578549696,47.92608700448205,48.72280841882905,53.78597928279935
2022-04-18,47.22,47.42,45.63,46.62,61.468761996586544,47.80169776595995,48.64034534358085,53.64407870294194
2022-04-19,47.42,49.1,47.42,49.1,61.34568973791404,47.92534559777329,48.6583710163816,53.55409694644804
2022-04-20,50.89,51.48,50.49,51.08,61.24354357136763,48.225788874175834,48.75333685887644,53.5051049277065
2022-04-21,52.67,52.67,48.11,48.11,61.11286154578188,48.21476136234956,48.72810796244991,53.398271166761816
2022-04-22,46.53,46.53,43.56,43.76,60.94019625676913,47.79049837545913,48.533280199216584,53.20741431197445
2022-04-25,43.16,44.75,41.38,44.55,60.77710972685102,47.48187948255826,48.37707313258064,53.03598036520268
2022-04-26,44.75,44.75,41.78,41.78,60.58808375941967,46.93884334136224,48.11836438228336,52.81308966490164
2022-04-27,42.57,43.16,40.99,41.38,60.39695854788315,46.40942968980393,47.854114798664405,52.58669184975507
2022-04-28,42.57,44.35,40.59,43.96,60.233406721536056,46.17615067172736,47.70140441440306,52.415866268571804
2022-04-29,42.77,42.77,34.25,34.25,59.97486536112276,45.04032679822952,47.17389835893627,52.05614614444167
2022-05-02,34.45,36.63,29.7,33.46,59.711035855041935,43.93743853173147,46.63609842329171,51.68790562672995
2022-05-03,34.65,38.01,34.25,36.03,59.475403657479326,43.18434914775705,46.22017299492733,51.37784808956698
2022-05-04,36.43,41.38,35.84,41.18,59.29335983999197,42.993458752732565,46.022519151989,51.17591050363496
2022-05-05,39.8,39.8,34.85,36.03,59.06188362267862,42.33027220485327,45.63065565583257,50.875991483761
2022-05-06,33.66,35.04,33.26,34.85,58.82096935777635,41.61786532820058,45.20788484579992,50.55864511774593
2022-05-09,31.48,32.87,30.29,30.69,58.541059214912906,40.577116249324334,44.638556028317566,50.16520660056285
2022-05-10,32.47,32.47,26.93,28.96,58.246720317252084,39.47072422557916,44.02371069387374,49.74530151936358
2022-05-11,29.36,32.34,27.97,28.17,57.9474494683242,38.394464775524,43.40199654901595,49.31806782591084
2022-05-12,27.97,28.96,25.39,27.92,57.64866887659958,37.39689670166457,42.794859429446696,48.894343710546266
2022-05-13,30.29,31.68,29.1,31.28,57.386294061907044,36.814335111029855,42.34329631456643,48.54554482518891
2022-05-16,30.89,32.47,30.49,31.48,57.128519991639315,36.30630319569368,41.917284694387355,48.2076132444921
2022-05-17,33.46,35.04,33.06,35.04,56.90873372306579,36.1857028913419,41.64758725539177,47.94686842776949
2022-05-18,32.67,32.67,27.12,27.12,56.612328412388514,35.322302615976,41.077877951258756,47.53445519157603
2022-05-19,25.34,27.52,23.56,25.34,56.30116096549908,34.37160712874019,40.46070626689567,47.0949610293666
2022-05-20,26.93,26.93,22.77,24.35,55.983238965842375,33.41716835457446,39.82891386427231,46.64456576145835
2022-05-23,27.32,28.91,26.13,27.72,55.70201270747578,32.874580892234036,39.354054497045944,46.26982188499383
2022-05-24,27.32,29.3,25.94,29.3,55.43930611337154,32.53414461678317,38.95977785010297,45.93378580806326
2022-05-25,29.3,30.69,28.71,29.7,55.18319361473103,32.26422608185144,38.59664930696167,45.612324702953096
2022-05-26,31.48,33.26,31.28,32.67,54.95918173796754,32.30287121691321,38.364231687080824,45.35604104546888
2022-05-27,34.45,37.42,34.45,37.42,54.78466251669423,32.79021681530243,38.32720299346981,45.19889171783583
2022-05-31,35.44,36.83,34.65,36.03,54.59804895931419,33.09876759479744,38.237116601569035,45.01732950560145
2022-06-01,36.43,36.43,30.69,33.06,54.383740014445394,33.09507544291197,38.034092421115346,44.780550703510336
2022-06-02,32.27,35.84,31.68,35.84,54.199225188431015,33.35649682930131,37.94804958107161,44.60351009552003
2022-06-03,33.86,34.25,32.87,32.87,53.986994092028716,33.310163797939275,37.7489103818139,44.37116336095528
2022-06-06,35.04,36.03,34.25,34.45,53.792596140864255,33.41871962670697,37.61954134723296,44.17470468054032
2022-06-07,33.06,36.83,33.06,36.83,53.623814089711374,33.74360347178249,37.58857894145912,44.02926498389596
2022-06-08,34.25,35.44,32.27,32.27,53.41133832762469,33.603260283993684,37.380007218264645,43.796408251541585
2022-06-09,32.27,32.67,27.72,27.72,53.15570312038464,33.04294978075619,37.00118340578368,43.47806353368928
2022-06-10,23.96,25.14,23.96,24.4,52.869576721176834,32.21981170639846,36.50701935065491,43.1002800973786
2022-06-13,21.03,21.03,16.46,16.83,52.51097396773229,30.75411535340813,35.735371532982164,42.58007653109387
2022-06-14,18.01,18.01,13.86,15.44,52.14210855511804,29.29562817689307,34.939474610120115,42.04264927305241
2022-06-15,16.23,18.81,14.85,16.43,51.78676419138552,28.070330255284208,34.21361286070364,41.535468099328604
2022-06-16,12.87,12.87,11.48,12.27,51.393562557640394,26.565536897638093,33.35307902302899,40.95595387953992
2022-06-17,13.26,13.26,10.69,11.48,50.996412681444966,25.128819097863037,32.49531121820432,40.372271624499525
2022-06-21,15.64,16.63,15.64,16.03,50.64848817715198,24.262264898066558,31.849612739059054,39.890246443816366
2022-06-22,15.04,16.63,15.04,15.84,50.30213506096142,23.46014443158403,31.22178478850772,39.41400393997842
2022-06-23,17.02,17.22,14.45,16.83,49.969078990703096,22.828702104766503,30.657401071311337,38.966795941166964
2022-06-24,19.8,22.77,19.8,22.17,49.69247123955182,22.76596857097922,30.324561813612853,38.6341861205498
2022-06-27,21.78,24.15,21.78,23.61,49.432944162541354,22.846352516600245,30.061245664059406,38.336677484499305
2022-06-28,25,25,21.66,21.66,49.15659645943149,22.733366562638317,29.731785049782566,38.00644624718249
2022-06-29,22.26,22.66,21.47,21.86,48.884988534462025,22.650188794768,29.423087596849918,37.68671463832739
2022-06-30,19.68,22.06,19.68,20.47,48.60225233013902,22.442551766694855,29.071986122463645,37.34578959598427
2022-07-01,20.27,24.05,20.27,24.05,48.35795131192868,22.595642074628678,28.87504549021017,37.08250663368755
2022-07-05,21.07,21.07,15.7,18.68,48.06264831380004,22.2227237818069,28.475239784711732,36.718100561733344
2022-07-06,20.27,20.47,17.89,20.27,47.786104549483625,22.03675008830148,28.153465675507352,36.39239560011486
2022-07-07,21.07,22.06,21.07,21.66,47.52614331018528,22.000869127510864,27.89881996274236,36.10066499417199
2022-07-08,19.88,22.66,19.88,20.87,47.26090805336752,21.893167305843164,27.62317996420344,35.79906766755472
2022-07-11,20.67,22.06,19.08,20.67,46.99632190358277,21.77667518147715,27.35050624011703,35.4994821691873
2022-07-12,20.27,20.87,18.09,18.68,46.71456745678095,21.48175373562218,27.01048638756342,35.16642311633211
2022-07-13,19.28,19.88,17.49,17.89,46.42775584029557,21.13968195127721,26.652820254717795,34.82431572788989
2022-07-14,15.7,16.89,14.91,16.69,46.13185777223293,20.71590271782224,26.26212142119945,34.46522036694157
2022-07-15,18.29,18.68,17.49,18.09,45.8528343118127,20.465816744696312,25.94164607134849,34.14095857749719
2022-07-18,18.68,18.68,15.7,15.7,45.55280610970511,20.011929435677615,25.540012892079922,33.77579108091309
2022-07-19,17.29,19.68,17.29,19.68,45.295365252892125,19.980317108470224,25.31020846493953,33.496666505053426
2022-07-20,18.68,19.08,17.69,18.68,45.03053574788822,19.856477383854013,25.050200289843865,33.2032671683197
2022-07-21,18.09,20.47,17.49,20.47,44.78615230761073,19.91490810920125,24.870584592202928,32.951123263996536
2022-07-22,21.86,22.46,19.08,20.07,44.54022044385341,19.9296787654678,24.682326372900853,32.69605151619462
2022-07-25,20.27,23.65,20.27,23.06,44.32648690709865,20.227804597328007,24.61870573082631,32.50523861488384
2022-07-26,22.06,23.26,21.66,22.26,44.10691987319717,20.4213470166301,24.526207466872336,32.302362602707916
2022-07-27,22.86,26.83,22.86,25.84,43.92515947644894,20.93740920552247,24.577728742681263,32.17439502641667
2022-07-28,26.04,32.2,25.44,32,43.806501173200694,21.990989281186998,24.868798203752586,32.17094165955693
2022-07-29,32.2,35.58,32,34.39,43.71280464411412,23.171847444883475,25.242178666350526,32.21488340887264
2022-08-01,32.8,34.79,32.8,33.59,43.61208021979458,24.16405245013267,25.569544208846583,32.24211344038011
2022-08-02,33.2,34.99,31.61,32.2,43.49852718278169,24.929380788215273,25.829562083009463,32.241279510867635
2022-08-03,32.8,35.18,32.8,33.99,43.40391497200775,25.792296903623342,26.14957925622478,32.27590763936531
2022-08-04,34.19,34.59,33.2,33.2,43.30238347974896,26.497792436611594,26.426066344215965,32.29420649799174
2022-08-05,31.01,35.18,31.01,35.18,43.22156374363205,27.324669347410488,26.769357860129062,32.35135092377408
2022-08-08,36.18,36.77,34.19,34.39,43.13368748747651,27.997557980990443,27.06820657149655,32.39172021241222
2022-08-09,33.99,35.18,32.6,33.2,43.03484482590958,28.493028649467544,27.308669058888842,32.40772575276049
2022-08-10,37.77,39.76,37.77,39.76,43.002259305253766,29.566073539994445,27.796956546775554,32.55331534181474
2022-08-11,41.94,44.33,40.15,40.35,42.9758686654005,30.59311415523307,28.289232760627492,32.70770513702633
2022-08-12,41.55,44.73,41.55,44.73,42.99332270853084,31.939484235687065,28.933968730798963,32.94577038183769
2022-08-15,43.53,46.12,43.53,45.72,43.020453825858894,33.251914308478774,29.59224446684606,33.1987254237815
2022-08-16,45.32,50.09,45.32,47.51,43.06512592709413,34.60982723148079,30.294901546577588,33.4821169995482
2022-08-17,44.53,47.31,43.73,45.52,43.08955253478474,35.6488913046731,30.891964231025526,33.72049092034922
2022-08-18,45.92,47.31,45.52,46.91,43.127566937423694,36.721377847085186,31.520122496475505,33.981669317966066
2022-08-19,44.93,44.93,42.94,43.33,43.12958119675281,37.350770433077074,31.983254947594112,34.16678477701624
2022-08-22,39.36,39.36,36.77,36.77,43.06630178185975,37.29545896326021,32.17097043984533,34.21833359331295
2022-08-23,37.37,37.77,35.78,36.18,42.99778136611985,37.18922477628305,32.32818728534159,34.25717847265329
2022-08-24,35.98,37.37,35.98,36.77,42.93581339232762,37.14929860711323,32.502376019249766,34.30693731477896
2022-08-25,37.37,41.94,37.37,41.94,42.92590480135918,37.605555882626255,32.872478920455656,34.458087070921955
2022-08-26,42.14,42.14,33.99,33.99,42.83699032572377,37.26121722713804,32.91630327651622,34.44881802001261
2022-08-29,31.41,33.2,30.61,31.61,42.72527897919915,36.7230060626487,32.86507569704499,34.392603801794536
2022-08-30,31.21,31.21,27.63,27.83,42.577067248062846,35.87605310430121,32.667621748141265,34.262651251263954
2022-08-31,28.23,29.82,26.44,26.44,42.416499414748785,34.97738138008204,32.42340128742984,34.10774726609041
2022-09-01,24.85,27.23,24.25,27.23,42.26538996783586,34.239535534359945,32.21973849184435,33.971554250920306
2022-09-02,28.82,30.81,25.44,25.64,42.099963201986746,33.42053215013519,31.961709531379867,33.80657297862486
2022-09-06,26.44,26.44,24.85,25.04,41.93021232435504,32.62238623107469,31.69026994191399,33.63297747409763
2022-09-07,25.44,32,25.44,31.8,41.82941419177439,32.544063732877106,31.694573081446773,33.596680890452134
2022-09-08,31.21,33.99,31.01,33.99,41.7514100704632,32.681771948793575,31.78458982335082,33.6044693876709
2022-09-09,34.99,37.37,34.99,36.77,41.70184380110536,33.071127001289426,31.980096104788043,33.66715316217247
2022-09-12,39.36,39.56,38.76,39.56,41.6805319224874,33.68911490592853,32.27734723793361,33.783843198565094
2022-09-13,35.38,35.38,28.82,29.42,41.55853657997508,33.28253253393533,32.16529440507347,33.69743046195985
2022-09-14,28.82,30.81,27.43,29.62,41.439745171219116,32.93371991165578,32.06547893820784,33.61668926469331
2022-09-15,29.02,30.01,28.03,28.03,41.30631487100798,32.466698967688565,31.907224862199687,33.50606175450137
2022-09-16,24.85,25.44,22.46,25.24,41.14645104144571,31.778441923146797,31.645765063682052,33.34237736332312
2022-09-19,22.86,27.63,22.86,27.63,41.01195899128207,31.383352216180434,31.48828408079256,33.22926097989098
2022-09-20,25.84,25.84,23.06,24.25,40.84517332967727,30.703985338448962,31.204429803114422,33.051453831774324
2022-09-21,26.64,27.43,20.27,20.27,40.64044523684466,29.71027244907287,30.775628634364836,32.79835573609562
2022-09-22,17.69,19.88,17.29,17.89,40.414072647423325,28.584532215827835,30.270309864389745,32.50314077102442
2022-09-23,13.71,13.91,11.53,13.51,40.146370432026075,27.148862480987088,29.613042810884263,32.127038973578394
2022-09-26,13.32,13.91,11.13,11.13,39.85765032822482,25.62325653041689,28.88821760261429,31.711256023606545
2022-09-27,13.12,13.32,10.13,10.53,39.56583291202358,24.185803527520044,28.168287500550985,31.2918252112579
2022-09-28,10.93,15.3,10.93,14.71,39.318511191505934,23.283346048708612,27.64051152013722,30.963472236777548
2022-09-29,13.91,13.91,11.13,11.72,39.04389913984916,22.18207499645065,27.0161777350338,30.582413380603736
2022-09-30,12.32,13.71,11.13,11.13,38.766148899651654,21.12949642536011,26.393190372875612,30.197217076037326
2022-10-03,12.52,16.1,12.52,15.53,38.53494343796358,20.59621105151629,25.967182907272647,29.906777133937577
2022-10-04,19.32,20.75,19.32,20.75,38.357978826640554,20.610857618038548,25.76258749914431,29.725454814453666
2022-10-05,20.35,22.35,18.76,20.95,38.18476510697249,20.643156892511065,25.57385857760924,29.551683431989236
2022-10-06,21.15,21.15,18.96,19.56,37.99944406113197,20.539999093224296,25.338020986330445,29.3538283145241
2022-10-07,17.29,17.29,15.5,16.3,37.78352919485205,20.136189655774363,24.983588790788076,29.095336664731544
2022-10-10,16.89,16.89,14.91,16.1,37.567772685450535,19.751790640938708,24.635212759776778,28.83800326542993
2022-10-11,16.3,17.69,15.7,16.3,37.356153056739586,19.42304867513502,24.30834167115808,28.589725973045176
2022-10-12,16.3,16.89,15.9,16.1,37.144649046224764,19.106567848931686,23.986445919347958,28.342404666648243
2022-10-13,12.52,18.09,12.52,17.33,36.94748835919765,18.937370910938192,23.725408824471568,28.124337247506695
2022-10-14,19.12,19.12,14.54,14.54,36.72452827602155,18.51857368132503,23.365196713707977,27.855340470328343
2022-10-17,16.93,18.72,16.73,17.69,36.535129984717855,18.43966190215122,23.142639979837075,27.65404659962877
2022-10-18,21.07,21.47,18.88,20.87,36.37925804457141,18.671122673374914,23.053516843372876,27.51970904320048
2022-10-19,20.67,20.67,18.48,19.88,36.21508632273488,18.786253847339207,22.929065202456293,27.36842767600839
2022-10-20,19.28,20.07,16.89,17.09,36.024786956339504,18.62470586187833,22.70008225334036,27.164894454701294
2022-10-21,18.09,22.06,18.09,22.06,35.88583385229632,18.95187673217563,22.67498098850348,27.063807435796317
2022-10-24,23.26,24.25,22.66,23.65,35.76408426172621,19.399317043396998,22.71321702817001,26.996207288552824
2022-10-25,24.65,28.82,24.65,28.82,35.69498889593789,20.296524944025855,22.952698713339814,27.032321995710195
2022-10-26,29.62,31.41,29.62,29.62,35.63454124523204,21.184474949356726,23.214161508895113,27.08356314430999
2022-10-27,32,33.39,30.21,30.81,35.58653585970735,22.101191620846564,23.512037528154128,27.157353973135535
2022-10-28,31.61,36.77,31.01,36.77,35.598311622297324,23.49822099028975,24.03195762508926,27.34770339941008
2022-10-31,35.25,37.64,35.25,35.85,35.600815984264514,24.67458089597644,24.495410267242622,27.51606570833265
2022-11-01,38.84,38.84,35.45,36.65,35.611255626212134,25.81509700112154,24.972060844997813,27.696935694306262
2022-11-02,35.85,37.45,32.07,32.07,35.57601925182196,26.410802048633773,25.25041140009594,27.783531027092277
2022-11-03,30.47,33.26,30.47,31.47,35.53516333886851,26.892630424954366,25.494316835386293,27.85653041269441
2022-11-04,33.86,36.05,31.27,34.66,35.52645524594444,27.632379908292044,25.85375539086134,27.991252582740067
2022-11-07,36.58,38.76,34.99,38.36,35.55464972110917,28.65405801226423,26.344196355925604,28.196574313774917
2022-11-08,39.36,41.55,37.57,40.23,35.601170619406595,29.756528677762873,26.88873767530107,28.43485997092789
2022-11-09,37.45,40.23,35.65,35.85,35.60364653364135,30.336859279880695,27.240159727250045,28.58169442694912
2022-11-10,43.42,50.39,43.42,50.39,35.750774428829004,32.24668220560634,28.14799660069122,29.013542062059038
2022-11-11,51.29,53.28,49.5,52.68,35.919224434512294,34.19271247173907,29.11003594968372,29.482184793503414
2022-11-14,51.88,55.26,48.31,48.31,36.04251573367138,35.53721604585916,29.86297571636279,29.855012817394435
2022-11-15,54.27,54.67,51.29,52.08,36.202092691545296,37.11271927958686,30.734231570623074,30.295111573485634
2022-11-16,51.49,52.28,50.69,51.09,36.35023107272395,38.443888872007165,31.53249699922609,30.706891542327504
2022-11-17,47.31,49.1,45.32,49.1,36.47709444513466,39.45875659848267,32.22141868553095,31.071111511786366
2022-11-18,53.08,53.87,51.29,53.87,36.65015818199899,40.83125597005575,33.07038265864738,31.522574650166835
2022-11-21,54.27,54.27,52.08,53.67,36.819509841879594,42.053993496717105,33.87821078968082,31.961137528381354
2022-11-22,55.66,57.45,55.06,56.66,37.0169276543982,43.445041735125,34.77161428812471,32.45022391395796
2022-11-23,56.66,59.84,56.66,59.64,37.242032851866874,44.98741871273214,35.74684510035511,32.98863532160236
2022-11-25,59.84,61.23,59.84,61.23,37.480719092146806,46.534331216281466,36.74618450818432,33.547870265729046
2022-11-28,60.23,60.23,54.67,56.26,37.66757760864286,47.46058538615942,37.511432174530036,33.997615408981936
2022-11-29,56.66,57.45,55.26,56.26,37.852576836417555,48.298624873191855,38.246670128470036,34.438454707813975
2022-11-30,56.66,63.22,55.46,63.22,38.10498900719947,49.71970821860216,39.2260163979418,35.00838629775825
2022-12-01,64.81,64.81,62.42,62.62,38.34891946483928,50.94830743587814,40.14342751959114,35.55515092552541
2022-12-02,59.64,62.82,59.64,62.62,38.590422753746346,52.05989720388975,41.02486173450914,36.09108853096055
2022-12-05,61.03,61.03,56.46,57.25,38.77609018903245,52.5541927082812,41.66114166648917,36.510076876882124
2022-12-06,57.25,57.25,53.28,55.66,38.94408929162914,52.84998387892109,42.21011650309744,36.88928327535971
2022-12-07,55.66,56.06,53.67,54.07,39.09459586584178,52.96617589045241,42.67520997356421,37.229495487728826
2022-12-08,54.07,56.85,54.07,55.06,39.25345560847022,53.165587710409326,43.16088801381659,37.582574785001526
2022-12-09,55.26,56.26,53.87,53.87,39.398893861122254,53.232674595132245,43.58085318974535,37.90509805658566
2022-12-12,54.07,58.05,53.87,58.05,39.58447700678273,53.691467490833936,44.148270711716115,38.3040070059602
2022-12-13,65.2,65.2,59.24,61.63,39.803835444526186,54.44751820599261,44.83382872302137,38.76590785732733
2022-12-14,62.42,62.62,55.66,57.45,39.979419171446324,54.73346885304093,45.32858053780485,39.13588987995451
2022-12-15,52.68,52.68,49.9,50.59,40.0849970901384,54.33885277179894,45.53491071279289,39.36270394173759
2022-12-16,47.8,49,45.21,47.01,40.153902591729064,53.640866793532375,45.5927573515069,39.5141355468517
2022-12-19,47.01,47.01,44.02,45.23,40.204411023652156,52.839831860815,45.57853157301643,39.62732098156751
2022-12-20,45.23,46.23,44.24,45.43,40.256406933864575,52.134133588356434,45.572706805447154,39.742225516585975
2022-12-21,47.02,49,47.02,48.61,40.33952726288085,51.798501818036776,45.691816342488444,39.917825011307045
2022-12-22,46.42,46.42,42.65,46.42,40.40002947917059,51.28626354965232,45.72037256435164,40.0465809516772
2022-12-23,46.82,48.41,45.23,48.41,40.47973067838282,51.01233368778067,45.825848150063344,40.21219321005983
2022-12-27,48.41,50.19,48.01,49.9,40.57346470148349,50.90639714608727,45.985618810845175,40.404030968276466
2022-12-28,50.29,50.29,45.52,45.52,40.62268395818514,50.39340694169801,45.96735924963556,40.50533728573634
2022-12-29,48.31,50.89,48.31,49.5,40.71101546108877,50.3083205662982,46.1058941810224,40.68344941869206
2022-12-30,47.91,47.91,45.72,47.71,40.78065709829187,50.06086146474599,46.16880029157054,40.8225890341635
2023-01-03,48.5,48.5,45.52,47.51,40.84761573412976,49.817922277627325,46.22139635856777,40.95501301368501
2023-01-04,48.9,52.28,47.11,50.09,40.939579756675734,49.84383444166282,46.373106305290605,41.13590384509719
2023-01-05,47.31,48.11,46.12,47.11,41.00097697302722,49.58346925674255,46.402004097239995,41.25420277885764
2023-01-06,51.49,54.67,51.49,53.87,41.12902695339511,49.99171027990993,46.694866681661956,41.50402054561293
2023-01-09,54.47,58.64,53.37,54.16,41.258688376744416,50.388690253251845,46.98761700787129,41.75463400015525
2023-01-10,54.16,56.54,52.77,56.54,41.41074122871711,50.97452927675167,47.362220262464575,42.04741352490465
2023-01-11,58.13,61.11,58.13,61.11,41.6067537538045,51.939812202775315,47.90134887962283,42.42489048480753
2023-01-12,62.69,63.88,58.92,62.3,41.812656701527835,52.92649675489195,48.46600186473566,42.81845700986084
2023-01-13,58.92,63.29,58.92,63.09,42.0243715602191,53.89444944490224,49.0394919876872,43.21987370273489
2023-01-17,62.89,63.88,61.7,62.02,42.223333037231846,54.6683114025306,49.54853151758182,43.592153431393605
2023-01-18,63.22,63.61,57.05,57.05,42.370862061737,54.89513888800388,49.84270675218646,43.858645442653135
2023-01-19,54.87,54.87,52.48,52.48,42.47145049893365,54.66512566057494,49.9461300168066,44.029365334877824
2023-01-20,53.87,58.44,53.67,58.44,42.630341538745256,55.024637502424945,50.27922295732399,44.31472443715747
2023-01-23,59.24,65.2,59.24,63.61,42.839094359255256,55.84229107362257,50.80199852762501,44.69680910176822
2023-01-24,63.02,63.61,62.42,62.62,43.03591929100396,56.48778716184899,51.265449565757365,45.051723773020335
2023-01-25,59.64,63.22,59.64,63.22,43.23675591497407,57.12895028929194,51.73425546513943,45.41149161909914
2023-01-26,62.82,65.2,62.82,65.2,43.45529565711363,57.89762169031176,52.26232387827121,45.803343270206085
2023-01-27,64.41,66.6,64.41,66.6,43.68559122271449,58.72641962456778,52.82458568696646,46.21515825495448
2023-01-30,64.61,66.6,63.22,63.22,43.87996344935415,59.15437966032323,53.23224899335993,46.551887794460335
2023-01-31,64.41,68.78,64.21,68.78,44.12772500707202,60.07110540695911,53.84196471911052,46.99204843219379
2023-02-01,67.39,73.35,67.39,71.57,44.400782469688224,61.16623822534396,54.537181788949326,47.478740542447376
2023-02-02,74.35,76.14,73.16,75.94,44.714605529691326,62.573263156263586,55.37650799330425,48.04232983863654
2023-02-03,73.16,73.16,70.57,71.17,44.977843285614796,63.3919999985242,55.99586062101781,48.50030350519819
2023-02-06,70.17,70.17,68.19,68.98,45.21667071560868,63.92419047485523,56.50504255744848,48.90584204964971
2023-02-07,67.99,72.16,66.4,71.37,45.47690284779168,64.63331519153569,57.08798206499952,49.350676860547736
2023-02-08,69.98,69.98,68.58,68.78,45.708774461246485,65.02823755424657,57.546492572254444,49.7354159326161
2023-02-09,70.17,70.17,64.81,65.2,45.90271700392065,65.04459588241356,57.846630118440544,50.041645320089046
2023-02-10,65.8,68.19,65.8,68.19,46.12448101383189,65.34415817932656,58.25225246673699,50.40101868008728
2023-02-13,68.19,70.17,68.19,69.58,46.35786926245048,65.74757168605736,58.696477860198286,50.780800488402384
2023-02-14,70.37,70.37,66.4,68.98,46.5829650906848,66.05542200167095,59.099753238229724,51.14118067675085
2023-02-15,67.19,68.98,66.79,68.98,46.80582115943421,66.33395323960706,59.48721389555405,51.494424623745886
2023-02-16,65.8,68.38,65.8,66.2,46.998798063320436,66.3211957882159,59.75046040945389,51.78562413614696
2023-02-17,65,66.4,63.81,66.2,47.18985479900879,66.30965333219534,60.00338353065178,52.07105732156979
2023-02-21,64.61,64.61,59.24,60.63,47.32358758707836,65.76873396722435,60.027956725528185,52.24054133500405
2023-02-22,61.03,62.42,59.24,60.23,47.45200960113728,65.24123549415536,60.035879991193745,52.3987484372812
2023-02-23,62.82,62.82,57.25,61.43,47.591094082718,64.87826068518818,60.09055136408811,52.57758510188949
2023-02-24,56.06,57.25,54.47,57.25,47.687202599307874,64.15175966755122,59.9791571929474,52.6701081691788
2023-02-27,59.64,61.63,56.85,57.85,47.78832496150382,63.551592080165385,59.89566083243966,52.77268028464061
2023-02-28,55.66,58.64,55.66,55.66,47.866650086264976,62.8000118820544,59.72955648606948,52.82985493246951
2023-03-01,54.87,55.46,51.49,53.08,47.91852421475985,61.87429646471588,59.468789565047146,52.83480830014338
2023-03-02,51.09,55.86,51.09,55.86,47.997543874314474,61.30150632521913,59.32726840563353,52.894713086279154
2023-03-03,57.25,60.83,57.25,60.03,48.11726980591333,61.18041048472207,59.354826507373396,53.03600589645185
2023-03-06,60.43,61.82,59.24,59.64,48.23192383769529,61.03370472427235,59.366009781594045,53.16677805691815
2023-03-07,59.24,59.84,53.08,53.47,48.28404399851424,60.31335189338927,59.13479371172761,53.172782451830656
2023-03-08,53.87,54.87,52.28,53.87,48.33962565027032,59.6996993321141,58.92833121322849,53.18658873991322
2023-03-09,53.28,53.87,47.71,47.71,48.33336071842683,58.557823205246095,58.48839665584698,53.07814143813276
2023-03-10,43.93,48.11,40.35,41.35,48.26387454212408,56.91898289998456,57.81630266934317,52.84590101361528
2023-03-13,39.16,41.55,38.56,38.76,48.169308626282046,55.18955595712889,57.06899668231011,52.5669722806724
2023-03-14,43.14,44.53,39.76,42.14,48.109315505622526,53.94674110406899,56.48354583202344,52.36049758204523
2023-03-15,36.58,37.17,33.2,37.17,48.000466595118816,52.348956237014804,55.72615187782644,52.0596956497275
2023-03-16,36.77,42.54,35.78,41.94,47.94016344491863,51.35762707158482,55.185518470852855,51.85930563686161
2023-03-17,39.16,39.36,35.18,37.37,47.8349876892478,50.02547211238627,54.486870687682156,51.57238869355742
2023-03-20,39.36,41.94,38.76,41.55,47.77245049831001,49.218284292159005,53.979542425420114,51.37392555111074
2023-03-21,47.51,47.51,44.73,46.12,47.75600820479448,48.92320959766767,53.67132507540364,51.269887421385775
2023-03-22,46.13,46.93,40.59,40.59,47.68470464056767,48.129570588365986,53.15833193519173,51.05840450215041
2023-03-23,41.18,43.16,37.62,38.61,47.59440907200481,47.22294481804541,52.58780911420382,50.81190144270189
2023-03-24,35.44,40.19,34.85,40,47.51884281258187,46.5350453115649,52.09416954109779,50.59780438443056
2023-03-27,43.53,45.32,41.94,43.33,47.47716278459598,46.229802900939674,51.750476617917485,50.45388746592698
2023-03-28,42.94,45.52,42.94,44.53,47.44783778176418,46.06791691037399,51.4673206721168,50.3365827636314
2023-03-29,46.32,49.5,46.32,49.1,47.46427720682125,46.35668672843361,51.374484567327904,50.312095976232754
2023-03-30,51.88,52.68,50.09,51.88,47.50821474705189,46.882716563820885,51.3943087019425,50.34314358066379
2023-03-31,52.88,54.87,52.48,54.87,47.58146634160858,47.64341022440937,51.530610321474164,50.432784301838765
2023-04-03,57.85,57.85,55.46,56.46,47.66980996010004,48.48308544113229,51.72391972063204,50.55213510774295
2023-04-04,56.26,56.26,52.28,53.08,47.72364269681546,48.92088682769112,51.777099339430784,50.60219183828269
2023-04-05,53.08,54.07,52.28,53.87,47.78480048092675,49.39223093933958,51.85917387513938,50.666900910791945
2023-04-06,52.48,53.67,52.28,53.47,47.84136963037026,49.78058989749772,51.922343527094704,50.72240782344953
2023-04-10,51.88,54.87,51.88,54.87,47.91130625096359,50.265295621545555,52.037937898581184,50.80453836159904
2023-04-11,55.66,60.03,55.66,58.05,48.01218877582963,51.006696038541214,52.273705039813294,50.94801284948817
2023-04-12,59.24,59.44,55.66,56.26,48.09425654920446,51.50701070153729,52.43003033236963,51.05320071385474
2023-04-13,59.24,59.44,55.66,58.64,48.199189319859144,52.1863430156766,52.67355855462965,51.20343436308534
2023-04-14,59.64,60.63,54.87,56.26,48.27939639130333,52.57431034751692,52.8142033171932,51.30356437569751
2023-04-17,55.66,57.85,55.46,57.65,48.372636228205785,53.05770936203912,53.00384240279347,51.42923636825796
2023-04-18,58.64,58.84,56.85,57.85,48.46693835528831,53.51411799422587,53.19388779876235,51.55638020254988
2023-04-19,57.05,58.84,56.46,58.05,48.56229220249937,53.94610675668055,53.3843235713599,51.68496673319246
2023-04-20,56.85,58.05,55.86,57.25,48.648737056205846,54.26076325604431,53.53591872542422,51.795165411743106
2023-04-21,56.46,56.85,54.67,56.46,48.72646106559683,54.470214374516274,53.65058857932915,51.887538373886805
2023-04-24,57.25,57.65,55.26,56.06,48.799431602257556,54.62162252932425,53.745075301708404,51.9701613763841
2023-04-25,54.27,54.27,51.09,51.09,48.82222332760823,54.285277526531466,53.640954701641405,51.95273243823788
2023-04-26,50.29,50.29,45.72,46.12,48.79533553330367,53.507632047814184,53.34601530157703,51.837232785995546
2023-04-27,46.91,50.29,45.12,50.29,48.81020781655438,53.20119090040331,53.226171564260284,51.806594513005535
2023-04-28,49.9,55.26,49.9,54.87,48.87050425619066,53.360125100364904,53.29063542448537,51.86725600779751
2023-05-01,54.07,55.86,53.67,53.67,48.918260432745974,53.389636995568246,53.305512466662414,51.9029539086332
2023-05-02,50.29,50.29,45.12,48.11,48.91021804038034,52.88681442456175,53.10176687973448,51.82784591044244
2023-05-03,49.1,50.09,45.32,45.32,48.8744944777895,52.16616543174634,52.79659955111744,51.69897767459209
2023-05-04,46.52,46.52,44.13,45.32,48.839126373532885,51.51414967634193,52.503399568720674,51.57266128499621
2023-05-05,47.11,49.1,46.91,48.11,48.83187138474151,51.18994494526174,52.33110938955516,51.50409373479826
2023-05-08,48.31,49.5,47.71,48.9,48.83254928141075,50.97185495047491,52.19655608016084,51.452527522227996
2023-05-09,46.12,48.5,46.12,47.71,48.8213796368196,50.66120209804873,52.020612704468256,51.37841806634229
2023-05-10,50.69,50.69,44.93,47.51,48.80833108321941,50.36108761252028,51.84372593174401,51.30181572839492
2023-05-11,46.32,46.32,44.33,45.12,48.77163127144608,49.861936411327875,51.580050405008954,51.17940353575344
2023-05-12,47.31,47.31,43.33,46.12,48.74524688068543,49.50556151501093,51.36593078128311,51.07921732712465
2023-05-15,45.32,46.91,44.53,46.62,48.72410014555423,49.23074613262894,51.17981584868377,50.990915993914264
2023-05-16,43.65,44.04,42.26,42.34,48.66057676102135,48.574484596188086,50.83315640363735,50.81961072670804
2023-05-17,44.33,45.92,43.14,45.12,48.625347141508705,48.24548606321779,50.60911105447511,50.70674714796135
2023-05-18,43.84,48.8,43.84,48.61,48.625194433633,48.280201676244666,50.53071454253491,50.66522740245717
2023-05-19,49.6,50,46.03,47.61,48.615092996482424,48.216372945173745,50.416176717337464,50.60472784993326
2023-05-22,47.22,49.4,46.82,48.01,48.609072170646776,48.19671837896672,50.321816846069325,50.55334710042963
2023-05-23,47.81,48.01,44.33,44.33,48.56649433810303,47.8284594857318,50.086843636419545,50.43011250438152
2023-05-24,43.14,43.14,38.96,39.56,48.476877479017425,47.04098715375734,49.674026238912894,50.21486275181951
2023-05-25,36.18,38.36,34.99,37.17,48.36437123544511,46.100893139113786,49.183672268759445,49.9565486379221
2023-05-26,39.56,41.55,39.56,41.35,48.29457649678397,45.648427125864856,48.87646943469045,49.78612193222067
2023-05-30,41.55,41.74,39.76,40.15,48.21353593462691,45.12476739959201,48.53425494705553,49.59530763653313
2023-05-31,36.97,38.76,36.18,38.17,48.11360025368535,44.46240859963087,48.12781357658277,49.36906392095821
2023-06-01,38.56,41.35,38.56,40.95,48.04232064917107,44.12789349490412,47.846330691226584,49.20234978390953
2023-06-02,43.33,49.7,43.33,49.5,48.05682492131862,44.639522685865636,47.91118046804123,49.208243847594495
2023-06-05,50.09,50.29,47.91,48.5,48.06123462359406,45.00718719197367,47.93427143007883,49.19421921694906
2023-06-06,47.71,50.69,47.71,50.09,48.081421343757306,45.49126460226189,48.018809805369855,49.2119574502768
2023-06-07,50.89,54.07,50.89,53.78,48.1381236189438,46.28066797347505,48.24473883261025,49.30241373839013
2023-06-08,51.99,53.98,51.59,53.78,48.194261692387144,46.994890071239325,48.461807897998085,49.39107881287745
2023-06-09,52.39,53.98,51.39,52.58,48.23790087952757,47.52680530254987,48.62330562748836,49.4542257670779
2023-06-12,51.99,54.07,51.59,54.07,48.2959317165472,48.149966702307026,48.83690148523391,49.545627237036754
2023-06-13,57.45,58.64,56.85,56.85,48.38104682384524,48.97854130208731,49.15114064267571,49.69026828184791
2023-06-14,59.04,59.24,55.66,56.06,48.45745431813533,49.65296593998376,49.422076303747254,49.816401583197454
2023-06-15,57.25,60.83,56.46,60.83,48.58056422541757,50.71744537427102,49.869445860463046,50.03449264095592
2023-06-16,63.02,63.61,60.63,61.03,48.704439208249234,51.69959343386426,50.307114650248806,50.25222545994689
2023-06-20,57.65,57.85,56.06,56.46,48.781608967371135,52.15296548778195,50.54840427180768,50.37515168846279
2023-06-21,55.26,58.64,55.26,58.05,48.8738317637157,52.71458782227891,50.84258449644267,50.52712888275066
2023-06-22,55.26,55.46,53.87,55.46,48.939365776017034,52.97605564872853,51.02365961422923,50.624809498933814
2023-06-23,51.09,53.87,51.09,52.08,48.97061586779796,52.890717015516294,51.065084727396716,50.653625152420275
2023-06-26,51.49,55.86,51.49,55.06,49.03120675468554,53.097315394990936,51.22174807142037,50.740880099897105
2023-06-27,56.26,59.84,55.86,59.44,49.13477683672847,53.70138059546799,51.544032460776435,50.91313989989914
2023-06-28,56.26,57.45,56.06,57.45,49.217515375666494,54.05839196732818,51.77563903094207,51.04258267415857
2023-06-29,57.65,60.23,57.65,59.84,49.32321174008772,54.60902130377311,52.091888480709045,51.216788957838595
2023-06-30,62.02,64.41,61.03,62.82,49.45750814068386,55.39101927484234,52.512598736367515,51.44655551312892
2023-07-03,62.42,65.8,62.02,65.8,49.62011999998054,56.38235077247641,53.03367329572565,51.73078213663132
2023-07-05,62.22,63.61,61.23,62.22,49.74549194027924,56.938317365573894,53.39392140177562,51.93848942105446
2023-07-06,59.24,60.43,57.05,60.43,49.851805453311286,57.270858568852574,53.66984605268638,52.106638145390015
2023-07-07,60.43,64.41,60.43,62.02,49.972882015964906,57.72315775277138,53.99730307022809,52.302942340530805
2023-07-10,63.41,64.41,63.02,64.08,50.11325134913938,58.328571300126484,54.39270294982699,52.53615140309455
2023-07-11,64.88,67.46,64.88,67.26,50.283865763575804,59.179183557257296,54.8973028341475,52.82771276144911
2023-07-12,69.24,69.64,68.32,68.52,50.465319835580026,60.06878512323279,55.431526252416226,53.13845112260854
2023-07-13,68.52,69.92,67.92,69.52,50.65491864318619,60.96890082578205,55.984015418988136,53.46283822909154
2023-07-14,69.52,69.52,65.53,66.73,50.814869701462946,61.51757693761233,56.40542657902782,53.72555430376299
2023-07-17,66.73,66.73,65.13,65.4,50.959995376075256,61.887331514982584,56.75815494847771,53.95673144626274
2023-07-18,65.4,69.38,65.4,67.19,51.12148795939789,62.39234756117472,57.167246911282504,54.21877636811892
2023-07-19,69.58,70.17,67.99,69.98,51.30913484537403,63.114981126777124,57.66970781672241,54.53087980637399
2023-07-20,69.98,72.56,69.58,72.36,51.518596190196185,63.99545911470311,58.24579770626271,54.883931691396285
2023-07-21,72.36,73.95,71.57,73.75,51.73980418830369,64.92446300854091,58.85380563935044,55.25751720245774
2023-07-24,74.35,74.35,72.56,73.55,51.95682106205191,65.74594272201321,59.43012698682689,55.61974458458729
2023-07-25,73.55,73.95,72.76,72.76,52.163817867404624,66.41394817705957,59.952867104990545,55.959155582912295
2023-07-26,72.76,73.95,71.76,73.55,52.376615699569754,67.09357216019676,60.48608800283405,56.307489135725916
2023-07-27,73.55,74.35,68.98,68.98,52.541823503554134,67.27323195446374,60.819182590958206,56.55842994491946
2023-07-28,68.98,70.97,68.38,70.17,52.717228244812304,67.5491146254672,61.18588131288141,56.82796598561413
2023-07-31,72.16,72.16,69.98,71.76,52.906708560784324,67.95015132780365,61.600552633944886,57.123649827483156
2023-08-01,71.76,71.76,67.19,68.19,53.05878111241831,67.97299405848902,61.8589623345745,57.34278547446369
2023-08-02,68.19,68.19,65.6,66.99,53.19740020582708,67.87937557672817,62.060179497924516,57.53381942546441
2023-08-03,66.99,66.99,62.42,63.02,53.295137517211884,67.41657790275406,62.09781951761375,57.64245666456412
2023-08-04,64.81,65.8,61.43,61.63,53.3780714722645,66.8654752453489,62.07947365417792,57.72141791873117
2023-08-07,61.63,64.21,61.63,64.21,53.48585185562505,66.61257284102996,62.16302370695525,57.849904692617685
2023-08-08,64.21,64.21,58.84,61.03,53.56091800631535,66.08089923712234,62.11859140472171,57.91287687692228
2023-08-09,61.03,64.41,61.03,61.82,53.64309792665052,65.67509930977735,62.10688193786988,57.99024565163669
2023-08-10,61.82,64.61,60.23,61.43,53.72057953932066,65.2708041374176,62.080337548149494,58.058359599129034
2023-08-11,60.23,61.23,59.84,60.63,53.78932999166573,64.82882279099688,62.02346156586912,58.109283171423506
2023-08-14,59.64,60.03,58.84,59.24,53.84356551413672,64.29655395375909,61.91430621034484,58.131673603672546
2023-08-15,59.24,59.24,54.87,55.06,53.8556693398667,63.416882148639175,61.64550988837053,58.070848383797845
2023-08-16,55.06,56.06,52.88,52.88,53.84596118723121,62.413369563054495,61.30176440255208,57.96805930689096
2023-08-17,52.88,54.87,50.29,50.29,53.8105784888508,61.25876293800169,60.869930504412785,57.81601852853668
2023-08-18,50.29,51.49,49.9,51.49,53.7874881556284,60.32840456295391,60.50209009247503,57.69075083490229
2023-08-21,51.49,51.88,48.7,50.69,53.75666737796046,59.41046127124401,60.1173022457113,57.552122105498285
2023-08-22,50.69,50.69,48.5,49.1,53.71033237917479,58.42851257874458,59.685251177252034,57.38475335093396
2023-08-23,49.1,50.29,49.1,50.29,53.676299221173046,57.65341614267367,59.3168099546147,57.24426318556893
2023-08-24,50.29,51.68,48.31,48.31,53.62290320902207,56.76356698622856,58.88517034855138,57.067347082884396
2023-08-25,48.31,51.09,48.11,49.9,53.58585939599698,56.10989393992108,58.53281072703956,56.92541941787678
2023-08-28,49.9,52.08,49.9,51.09,53.561024974146264,55.63180880278574,58.24093579656742,56.809866558116845
2023-08-29,51.29,54.27,51.29,54.27,53.56807945201545,55.502112726329955,58.08521282415301,56.759572170827404
2023-08-30,54.27,55.46,54.07,54.58,53.57814831318943,55.414292466679484,57.94775349771564,56.716412325860524
2023-08-31,54.58,55.77,54.07,54.27,53.585032409575604,55.305312231757625,57.80352787035424,56.667968517427646
2023-09-01,54.27,56.26,54.27,55.26,53.60169875375893,55.300996781114044,57.703781679359956,56.640087952726105
2023-09-05,52.57,53.37,51.38,51.38,53.57959229849765,54.92756851624604,57.45579024095368,56.53592779524638
2023-09-06,51.38,51.58,49.2,50.69,53.550840136323544,54.52399056231785,57.1904651334653,56.420166848805856
2023-09-07,49.5,49.5,47.11,48.5,53.50058302053923,53.950277175430436,56.84966257921176,56.26333186170079
2023-09-08,48.5,49.1,47.71,47.91,53.444955328792574,53.3750126825323,56.49908757610542,56.097919349587904
2023-09-11,47.91,49.9,47.71,48.31,53.39386124591901,52.89263052229113,56.17794688684638,55.94370312484359
2023-09-12,48.31,49.9,47.91,48.9,53.34914620864619,52.51237999635864,55.89253720500926,55.804223855044704
2023-09-13,48.9,48.9,46.52,47.11,53.28706515184374,51.99786761575305,55.54812398128341,55.63206100642996
2023-09-14,50.29,52.88,50.09,51.88,53.27306450356669,51.98664212853848,55.404275982017396,55.55776276867887
2023-09-15,51.88,52.08,49.5,50.09,53.241392219949105,51.80600954486815,55.19587300233044,55.449490238606025
2023-09-18,50.09,50.69,47.71,49.1,53.20018433716354,51.5482943501188,54.95681915910179,55.323757758633626
2023-09-19,49.1,49.1,47.51,48.11,53.14953573679376,51.220837745345584,54.68831644698015,55.18091107034385
2023-09-20,48.11,51.29,47.91,48.31,53.10138115234805,50.943615102931716,54.438186390235835,55.04485342538655
2023-09-21,48.31,48.31,43.14,43.14,53.00226293192667,50.20041366455727,53.99512025728541,54.80911375359672
2023-09-22,43.14,44.13,41.74,41.74,52.89020061419606,49.39465998221848,53.51452730601931,54.55031942184233
2023-09-25,41.74,42.54,40.15,42.34,52.785223493656794,48.72278760295958,53.07631054892052,54.308530918439516
2023-09-26,40.55,40.55,38.76,38.96,52.647659080784585,47.79299830743962,52.5227297430805,54.00459961312388
2023-09-27,38.96,39.76,37.17,39.16,52.5134535177917,46.970807992445366,51.99870112570479,53.710647145537266
2023-09-28,39.16,41.35,39.16,40.95,52.3983942788087,46.39739770745057,51.565418728618326,53.45796106344742
2023-09-29,40.95,42.14,39.76,39.76,52.27263911185538,45.76526459245528,51.102461131417606,53.18671430971579
2023-10-02,39.76,39.76,36.97,38.17,52.13231434457324,45.04190605984049,50.59530579293064,52.889353630315476
2023-10-03,38.17,38.17,34.99,35.38,51.96562464960236,44.121724530331875,49.998627134384336,52.54263375644784
2023-10-04,35.38,36.58,33.39,36.58,51.812533857069006,43.403465051252645,49.472406462447694,52.22654199889442
2023-10-05,36.58,36.58,33.99,35.58,51.65101610724742,42.65837314160954,48.92760620901837,51.89690750386681
2023-10-06,35.78,38.17,34.19,36.58,51.50105574797133,42.07948046145625,48.44338635768432,51.593602404780334
2023-10-09,36.58,40.95,36.58,39.96,51.386219372369624,41.877625179412796,48.11070453973591,51.36323404032924
2023-10-10,39.96,44.73,39.96,42.74,51.30018733881371,41.95975611470681,47.90008867543254,51.19247693061975
2023-10-11,42.74,43.53,40.55,43.14,51.21899144489516,42.072160294258545,47.71341853129793,51.0330219418946
2023-10-12,43.14,43.14,37.77,39.16,51.09900148026934,41.79481169480535,47.37799035359998,50.79791259651055
2023-10-13,39.16,39.76,37.77,38.36,50.97224524663481,41.46768677149055,47.024343673066646,50.55161729756975
2023-10-16,38.36,41.55,38.36,41.03,50.873317433235464,41.426002317062874,46.78927137216207,50.36307042039015
2023-10-17,41.03,43.62,40.63,42.43,50.78930432444705,41.521621144009266,46.61831955364591,50.20597991701609
2023-10-18,42.43,42.43,38.04,38.04,50.66244557495007,41.190038177913145,46.28191486526764,49.965069423609826
2023-10-19,38.04,38.36,34.79,35.38,50.51038143987594,40.636701208588086,45.854388792119884,49.676256167696764
2023-10-20,35.38,35.38,31.8,31.8,50.32420849022544,39.795110617293986,45.30323629046813,49.3222708970493
2023-10-23,31.8,32.4,29.82,29.82,50.12018651519832,38.84510008231361,44.69605055358703,48.93608731492951
2023-10-24,29.82,33.2,28.82,31.21,49.9320254553456,38.117947693521835,44.16718582599538,48.58507568493091
2023-10-25,31.21,31.21,27.23,27.23,49.7061346547949,37.0810002941388,43.502982460270076,48.16220289909069
2023-10-26,28.03,28.62,27.23,27.43,49.484481573652666,36.161857408982726,42.872669422612425,47.751664227821564
2023-10-27,27.43,27.43,23.65,24.05,49.231402155009356,35.0083471795558,42.13452552368645,47.28232434212213
2023-10-30,24.05,28.03,24.05,27.63,49.01646283008389,34.30564744816953,41.56572060118894,46.893169404654365
2023-10-31,27.63,30.41,27.23,30.21,48.82933384669997,33.9155857864391,41.12039822467173,46.56280961446319
2023-11-01,30.21,33,29.42,32.8,48.66983798752882,33.80933952106395,40.79410809821402,46.29027873100848
2023-11-02,32.8,38.56,32.8,38.17,48.56536198765291,34.22464051905786,40.691201898284056,46.12948113237464
2023-11-03,42.74,42.94,41.74,41.74,48.49744793802453,34.94038904105235,40.73233123560625,46.042560713911776
2023-11-06,41.74,41.74,39.96,40.35,48.41637880431284,35.455590084761646,40.717337853817774,45.92983673937887
2023-11-07,38.96,40.15,38.56,38.76,48.32029543312565,35.77029579097482,40.640579506609235,45.787859774242655
2023-11-08,38.76,38.76,36.97,37.77,48.21531736911445,35.96074381088198,40.52800776125201,45.6290902737626
2023-11-09,37.77,39.36,36.58,36.97,48.10342366394914,36.05686344794084,40.38847804512449,45.45762313962869
2023-11-10,36.97,40.15,36.97,39.76,48.02040452301432,36.40954311956553,40.363831847276465,45.34479891904198
2023-11-13,39.76,40.75,39.36,40.35,47.944082089949504,36.78482472722595,40.36328942189307,45.245892009754016
2023-11-14,40.35,49.7,40.35,48.11,47.94573301442762,37.86341284844253,40.66708199358354,45.30260701946186
2023-11-15,50.09,51.88,49.5,49.5,47.96119835756764,38.97165924382895,41.01347093501163,45.38572371214578
2023-11-16,49.7,49.7,48.11,48.7,47.968549617691345,39.898167887273814,41.31490344736412,45.45135294556864
2023-11-17,48.7,51.49,48.7,51.49,48.003588924978,41.00215189800964,41.713926841585135,45.57093011496332
2023-11-20,51.49,52.68,50.89,51.68,48.040170129704585,42.019089812484914,42.10475323995435,45.69190179585513
2023-11-21,51.68,53.28,51.09,52.08,48.080367441846825,42.9772717351054,42.49593938740712,45.818398789996614
2023-11-22,52.48,53.47,52.28,52.88,48.1281249797389,43.920388712714406,42.903157450646056,45.95823247732341
2023-11-24,52.88,55.26,52.88,54.87,48.19520831327384,44.96320883531303,43.37244539375798,46.13470312133681
2023-11-27,54.87,54.87,53.08,53.47,48.247693802694,45.773379422426075,43.7684279273361,46.2799565248747
2023-11-28,53.47,55.66,53.28,54.87,48.313587396697045,46.63972423933788,44.20378369489155,46.45005639566926
2023-11-29,57.45,58.25,55.86,55.86,48.38867607931697,47.51784574035332,44.660890216660505,46.636391912586696
2023-11-30,55.86,58.05,55.06,58.05,48.484808655642176,48.52090805079586,45.185953345418916,46.862403953921614
2023-12-01,58.05,62.82,58.05,62.82,48.62744737548653,49.882726331672444,45.87748458677504,47.17839595483406
2023-12-04,61.63,63.61,61.03,63.02,48.77065685433741,51.13389525246554,46.54974009317602,47.492091084441306
2023-12-05,63.02,63.02,59.24,59.24,48.87482942295097,51.905905228421204,47.04739734442402,47.72472294415534
2023-12-06,59.24,61.03,59.24,60.63,48.99179629436439,52.736771397142995,47.58004842895641,47.98027298486513
2023-12-07,60.43,61.82,60.43,61.23,49.113569465564744,53.545650311700804,48.11534064742871,48.242643816848
2023-12-08,60.43,62.42,60.43,62.02,49.241991659937234,54.35273123439597,48.66062140635307,48.515462751167846
2023-12-11,62.02,65.6,62.02,65,49.39878776282343,55.36675683112016,49.301381351201975,48.84188923134274
2023-12-12,65,65.4,63.22,65.2,49.556013755233145,56.30325618053729,49.92485659233131,49.16581221686071
2023-12-13,65.2,71.57,64.01,71.57,49.77505839448456,57.75723178239088,50.77368574557322,49.60945949969515
2023-12-14,71.57,77.53,71.57,74.75,50.02356527613148,59.37559066025842,51.71393336339388,50.1072919848497
2023-12-15,74.75,74.75,71.37,71.96,50.24183825845853,60.5741058354719,52.50789676090784,50.54001887623882
2023-12-18,71.96,73.35,70.77,72.96,50.46788961907088,61.75371480352219,53.309940025185966,50.983978898491515
2023-12-19,72.96,75.34,72.96,75.14,50.713383254702016,63.02859910794865,54.16602080851201,51.462315950006534
2023-12-20,75.14,75.74,69.18,69.38,50.89912073475473,63.63349443100116,54.762647443472325,51.81712157475888
2023-12-21,70.37,72.36,69.38,72.36,51.1126618219711,64.46459019947724,55.45273970059106,52.22391124654583
2023-12-22,72.36,75.94,72.36,73.75,51.33790896802114,65.34891494238417,56.17027932017572,52.65017042978255
2023-12-26,73.75,75.34,73.75,74.75,51.57086509769257,66.24425637644282,56.898895817423735,53.08779081731161
2023-12-27,74.75,75.54,74.15,74.75,51.80150325592448,67.05432719773398,57.59893911870124,53.51674545459257
2023-12-28,74.75,76.34,74.75,76.14,52.04367735288046,67.91962936937837,58.32603954541884,53.964730693115484
2023-12-29,76.14,76.34,73.75,74.75,52.26961091155827,68.570140858009,58.970116425990646,54.37632018434092
2024-01-02,74.75,79.12,74.75,78.52,52.530808812935796,69.51774649057957,59.73677852693219,54.85441285395793
2024-01-03,78.52,78.52,75.14,76.54,52.769706237682705,70.18653253909581,60.39572838862112,55.28383042120629
2024-01-04,76.54,76.54,74.55,74.55,52.986425578601285,70.60210086870573,60.95079786357716,55.665338729697254
2024-01-05,73.95,76.34,73.75,74.95,53.204968607669926,71.01618650025758,61.499786182652564,56.04721321029731
2024-01-08,74.15,76.93,74.15,76.93,53.441038571772715,71.57940683356638,62.104892606862265,56.46073374078647
2024-01-09,76.93,76.93,74.95,75.34,53.65893868548642,71.93755856370292,62.623916426201,56.83458059740456
2024-01-10,75.34,75.34,74.35,74.95,53.87079004184974,72.22445774811217,63.10729225262449,57.19330177369358
2024-01-11,74.35,74.35,71.96,73.35,54.06461302650795,72.33165224829196,63.50896706624706,57.513236392036276
2024-01-12,74.75,74.75,72.56,72.96,54.25262682723921,72.39149489131177,63.879595808747176,57.81911289912467
2024-01-16,72.96,72.96,69.58,70.57,54.41498874935623,72.21801918737731,64.14196460056101,58.071605713003386
2024-01-17,67.99,69.78,65.8,66.79,54.53812318966115,71.70106497905566,64.2458091260292,58.24424718403302
2024-01-18,66.79,66.79,64.21,66.6,54.65814186439089,71.21524926676464,64.33813033677315,58.409707635834344
2024-01-19,66.6,69.18,66.4,68.98,54.80064791549148,71.00236838421563,64.52016444121341,58.61902035591683
2024-01-22,68.98,70.77,68.98,69.98,54.95168624469057,70.90499996667128,64.7342756395972,58.843990249859075
2024-01-23,69.98,70.77,68.58,69.38,55.09525155568868,70.75976187460735,64.9164609086326,59.05262410629751
2024-01-24,69.38,70.37,67.59,67.59,55.219577410855955,70.45787979131141,65.0213055788823,59.22168105468766
2024-01-25,67.59,70.37,67.59,70.37,55.370327884379776,70.449510287377,65.23105830127908,59.44243984568394
2024-01-26,70.37,71.57,69.38,70.17,55.517588303440675,70.42289026000776,65.4247422894642,59.65486677943277
2024-01-29,70.17,71.96,69.58,71.96,55.681194389973605,70.56928166381654,65.68102690556366,59.89853278380044
2024-01-30,71.96,72.56,69.98,71.76,55.841182505496256,70.68268341011972,65.91941800730626,60.13341332273509
2024-01-31,71.76,72.76,68.19,68.19,55.96405631141172,70.44528499010832,66.00846043839229,60.29294969258192
2024-02-01,68.19,73.35,67.99,73.3,56.136553263536975,70.717162610098,66.29440316629848,60.55051504520406
2024-02-02,73.3,73.3,68.72,70.31,56.277582584297804,70.6783852186601,66.45187755193383,60.7437721730218
2024-02-05,70.31,70.31,65.73,67.13,56.38556683719036,70.3404437692639,66.4784705891129,60.87023212999167
2024-02-06,67.13,70.37,67.13,69.98,56.52083482886011,70.30611579123877,66.61578546797122,61.05062357296213
2024-02-07,69.98,70.57,68.78,69.98,56.65475687036399,70.27505714445412,66.7477154496194,61.227442908151
2024-02-08,69.98,69.98,67.79,69.98,56.78734635424097,70.24695646402992,66.87447170649708,61.40076087036583
2024-02-09,69.98,69.98,67.59,68.98,56.90866629101469,70.12629394364612,66.95704144349719,61.5508448135269
2024-02-12,68.98,71.96,68.98,71.37,57.052560158765786,70.24474213948935,67.13009864179142,61.745283530090724
2024-02-13,71.37,71.37,63.41,65.4,57.13561926166364,69.78333812620465,67.06225163623097,61.817654153257244
2024-02-14,65.4,66.2,64.81,66,57.22382205507992,69.42302020942326,67.02059470931995,61.90047288289571
2024-02-15,70.37,71.37,68.98,71.37,57.364580044581615,69.60844685614485,67.19115962267995,62.087988271353225
2024-02-16,71.37,71.57,68.98,69.58,57.48612651179971,69.6057376317501,67.28483963747681,62.23634493924722
2024-02-20,69.58,70.17,68.38,68.78,57.598503362428566,69.5270959525358,67.3434733771836,62.36592226718292
2024-02-21,68.78,70.37,68.58,70.37,57.725582930961615,69.60737252848477,67.46216069572542,62.52441885595157
2024-02-22,70.37,72.96,69.78,72.36,57.8711990212008,69.86952752577194,67.65423282530482,62.71918283900204
2024-02-23,72.56,73.55,72.16,72.76,58.01934629462169,70.14481061855557,67.85445898901835,62.918010901596055
2024-02-26,72.76,72.96,69.18,69.18,58.13039757527222,70.05292389297885,67.90644098944901,63.042010685722865
2024-02-27,69.18,71.57,69.18,71.17,58.260144863080455,70.15931209364753,68.03442369574513,63.202960969173894
2024-02-28,71.17,72.16,69.98,71.17,58.388601133099556,70.25556808472872,68.15738747238258,63.36072411829916
2024-02-29,71.17,73.55,71.17,73.16,58.53558022630254,70.53218064808789,68.35356835581855,63.55476918526353
2024-03-01,73.16,73.55,71.57,72.56,58.675126691712464,70.72530630065094,68.51852645951195,63.73309058753554
2024-03-04,73.35,74.35,71.96,74.1,58.82860801816309,71.04670570058894,68.7374077748252,63.93837592243583
2024-03-05,74.1,75.09,71.51,72.7,58.96663181897738,71.20416230053286,68.89280354836147,64.11187342892225
2024-03-06,72.7,75.29,72.7,74.3,59.11920264664925,71.4990039861964,69.10485046803358,64.31361850953765
2024-03-07,74.3,76.49,74.3,76.09,59.28806630190647,71.93624170179675,69.37877790065971,64.5468141826161
2024-03-08,76.09,77.68,75.89,76.49,59.459229821290485,72.36993296829229,69.65764935553581,64.7833129116732
2024-03-11,76.49,80.27,76.29,79.88,59.66242156436222,73.08517744750255,70.05852585139715,65.08225721045196
2024-03-12,79.88,80.07,77.09,77.73,59.842198464219315,73.52754150012134,70.35936797487177,65.33270756272023
2024-03-13,77.73,79.92,77.73,78.92,60.03202733522211,74.04110897630026,70.69507903468072,65.60176285850795
2024-03-14,77.73,77.73,74.55,75.94,60.19031562044378,74.22195574046215,70.90076220979128,65.80648042566621
2024-03-15,75.94,76.93,74.75,75.34,60.34105874859857,74.32843614613242,71.07484996627005,65.9952629914946
2024-03-18,75.34,76.73,74.75,75.34,60.49030194512993,74.42477556078647,71.24211075190652,66.18030728869273
2024-03-19,75.34,77.73,75.34,77.73,60.66184122925799,74.73955884071157,71.49653778124352,66.40901407505525
2024-03-20,77.73,79.92,77.53,79.32,60.8474945503599,75.17579133207236,71.80334022119476,66.66467716267792
2024-03-21,80.51,80.51,79.52,79.72,61.035280674236915,75.60857310997024,72.11379746742242,66.92319840698133
2024-03-22,79.72,79.92,78.33,78.92,61.21323808046341,75.92394709949689,72.38070737066076,67.16075883456585
2024-03-25,78.92,78.92,77.33,77.68,61.377086457772236,76.09119023287813,72.58852276788974,67.36906063982198
2024-03-26,77.68,78.08,77.29,77.29,61.53542390595361,76.20536259165165,72.77289442405093,67.56551488457798
2024-03-27,77.33,81.31,77.33,80.91,61.72820575763566,76.65342329720863,73.09199660349992,67.82976211458633
2024-03-28,80.91,83.1,80.91,82.7,61.936880327211426,77.22928774509353,73.4687810504215,68.12422227073314
2024-04-01,82.7,82.7,80.51,81.11,62.127657637388424,77.59887938841796,73.76843669550301,68.38136638418398
2024-04-02,81.11,81.11,78.72,79.52,62.30071577034973,77.78184325618767,73.99398819764015,68.60193338647737
2024-04-03,79.52,79.52,76.73,77.33,62.45026088706267,77.73881056512218,74.12481218988955,68.77476638872534
2024-04-04,77.33,79.72,75.74,76.34,62.58846724639538,77.60559051130102,74.21168230008996,68.92457299488919
2024-04-05,76.34,76.93,74.75,76.14,62.723308368321796,77.46601046260568,74.28730260204722,69.06745273756465
2024-04-08,76.14,77.53,76.14,76.93,62.864668484059884,77.41496184711943,74.3909377941238,69.22314674276139
2024-04-09,76.93,79.92,76.93,79.52,63.03039317576078,77.61544167120329,74.59207748847189,69.42704482706314
2024-04-10,79.52,79.52,72.36,74.15,63.14103602973331,77.28539960727916,74.57474111637495,69.52056869187378
2024-04-11,74.15,75.14,71.76,73.16,63.240727213517054,76.8925044065859,74.51926107259554,69.59263663856935
2024-04-12,71.17,71.37,68.98,69.18,63.2998244551736,76.15798017738724,74.30987828543493,69.58446561602342
2024-04-15,69.18,70.17,67.19,67.39,63.34052271930123,75.32293444620751,74.03851050953553,69.5410108513497
2024-04-16,67.39,67.39,63.81,65,63.357034931049476,74.33979783228298,73.68405911700472,69.45108984439227
2024-04-17,65,67.39,64.61,66.2,63.38532314069077,73.56457899111318,73.39056660261238,69.38671182767163
2024-04-18,66.6,67.59,65.2,65.8,63.40934977610679,72.82509527767382,73.09289732407856,69.31568783108408
2024-04-19,65.8,69.38,65.8,67.99,63.45492838529975,72.36461001313346,72.89278370352646,69.28943658690419
2024-04-22,67.99,72.76,67.99,71.57,63.53567536654055,72.28893286902552,72.84090983279994,69.33459625845065
2024-04-23,72.36,74.95,72.36,73.75,63.63731043752025,72.42808211959452,72.8765604275921,69.42202999590707
2024-04-24,73.75,74.15,71.76,73.35,63.73395411475885,72.51588382249028,72.89512668533358,69.49981158014653
2024-04-25,70.97,73.16,68.98,72.36,63.81978541709956,72.50103774415787,72.87414132512441,69.55644897459908
2024-04-26,72.56,73.16,71.37,71.37,63.89491193036225,72.39331986376189,72.81515539080581,69.59236087609217
2024-04-29,71.37,74.95,71.37,74.95,64.00491280667705,72.63681321007029,72.89887478724481,69.69845273993194
2024-04-30,74.95,74.95,68.98,68.98,64.0544161618345,72.2885452853017,72.74519342303913,69.6842259530026
2024-05-01,68.98,71.57,68.58,68.58,64.09944684679137,71.93535049622534,72.58185250448857,69.6623600925471
2024-05-02,68.38,70.57,67.59,69.98,64.15795981348995,71.74912663944197,72.47981907293999,69.66864999170458
2024-05-03,72.56,73.35,70.37,72.16,64.237582103903,71.7882574356856,72.46727714851097,69.71798365523519
2024-05-06,72.16,73.35,71.57,73.16,64.3263623814761,71.91889958466791,72.49444275053015,69.78614239473548
2024-05-07,73.16,74.95,73.16,74.3,64.4256025567848,72.14567105279478,72.56524891717604,69.87552571365161
2024-05-08,74.3,74.3,73.3,73.7,64.51788511840883,72.29370238110005,72.60974895963972,69.95125787773772
2024-05-09,73.7,75.89,73.7,75.89,64.63104049036495,72.63620691623338,72.73838625534012,70.0688567316439
2024-05-10,75.89,77.29,75.89,76.69,64.75103013722699,73.02228244802068,72.89335150022875,70.19996847953215
2024-05-13,76.69,79.08,76.69,77.68,64.87967660352324,73.46587459582823,73.08106320610213,70.34808791558102
2024-05-14,77.73,79.52,77.33,78.92,65.01938131393594,73.98531511051125,73.31004111958832,70.51782874893586
2024-05-15,79.72,79.92,79.12,79.32,65.1616760272301,74.49338033808161,73.54572578156525,70.69212916974901
2024-05-16,79.32,80.31,78.52,79.52,65.30454492248154,74.97210602016908,73.78001104503328,70.86693849312032
2024-05-17,79.52,79.72,78.72,79.12,65.44201213718321,75.36714354205773,73.9894223766006,71.03036545365259
2024-05-20,79.12,79.72,77.68,77.68,65.56378316069383,75.58741558567128,74.13415091085156,71.16204138526344
2024-05-21,77.68,78.48,76.29,78.28,65.69031268148295,75.84385219655972,74.29673322807307,71.30299106080277
2024-05-22,78.28,79.08,75.69,76.89,65.80175235629406,75.9434853206969,74.39842996422706,71.41362490118291
2024-05-23,73.95,74.15,70.57,70.57,65.84919760648019,75.43172481396385,74.248295455826,71.39691945759513
2024-05-24,70.57,71.96,70.57,71.37,65.90413096362964,75.04489387930063,74.13542112422498,71.3963863990289
2024-05-28,71.37,71.96,69.18,69.38,65.93871672518556,74.50538017651009,73.94893402131419,71.35645795548378
2024-05-29,69.38,69.38,63.81,63.81,65.91753546423844,73.48677254065198,73.55132876557637,71.2070231444841
2024-05-30,63.81,66,63.81,65.6,65.91437590738035,72.73565134630418,73.23951195124005,71.09599298320718
2024-05-31,68.19,70.57,65.2,70.57,65.96070052521736,72.52939883713235,73.13482520805417,71.08557728056941
2024-06-03,70.57,70.57,67.39,69.38,65.99472340556346,72.2294560907388,72.98757716067949,71.05180347303339
2024-06-04,69.38,69.98,68.19,69.58,66.03039779953795,71.97712693923987,72.8539466837901,71.022658849805
2024-06-05,69.58,69.58,67.79,69.38,66.06372717466692,71.72978151645512,72.71771348050422,70.99013095178906
2024-06-06,67.99,69.58,67.19,67.99,66.08289406845134,71.3736118482213,72.532312951857,70.93072241809026
2024-06-07,67.99,67.99,66.2,66.79,66.08992994836724,70.93707738648594,72.30712420864691,70.84872791476174
2024-06-10,66.79,67.19,65.8,66.6,66.09500527226409,70.5240223972968,72.08331541615095,70.76459468872686
2024-06-11,66.6,66.79,64.61,66.6,66.10003009542564,70.15030597850664,71.86828343904699,70.68212746716792
2024-06-12,69.38,69.38,66,66.79,66.10689546761046,69.83027683769649,71.66913506888828,70.60505563613489
2024-06-13,66.79,67.19,64.01,66.99,66.11568257738547,69.5597742817254,71.4856395759907,70.53347037601341
2024-06-14,66.99,66.99,62.42,64.21,66.09672056169009,69.05027196918012,71.20032037693224,70.40825314084483
2024-06-17,64.21,66.6,63.02,65.6,66.09177806853894,68.721674638782,70.98069996999372,70.31304020736276
2024-06-18,67.19,67.19,65.4,65.8,66.08887480417538,68.44341991127895,70.77753526528808,70.2236730745437
2024-06-20,65.8,67.99,65.8,67.59,66.10381137328805,68.36214182449048,70.6525338823356,70.17152113247353
2024-06-21,67.59,67.79,66.4,67.79,66.12058936957375,68.30765212691996,70.54027765165577,70.12436229816713
2024-06-24,67.79,72.16,67.79,70.97,66.16884221166754,68.5612090672133,70.55712950845358,70.14110759919352
2024-06-25,70.97,70.97,67.19,67.99,66.18696318468577,68.50680820366918,70.45645776302403,70.09851140911047
2024-06-26,67.99,67.99,65.4,66.6,66.19107300374363,68.32520742236736,70.30522412525839,70.02923395546472
2024-06-27,66.6,68.19,66.6,67.99,66.20897277485065,68.29328290595141,70.21443102230708,69.98885308505947
2024-06-28,67.99,68.98,66.79,67.59,66.22271433928,68.2263035815751,70.11151215868719,69.94135104377116
2024-07-01,67.59,68.19,65,65,66.21054802744636,67.91903657380604,69.91106070148378,69.84350250825094
2024-07-02,65,65.6,64.41,65.4,66.20248287294442,67.67912832868166,69.73415636024912,69.7555123595727
2024-07-03,65.4,66.4,65.4,66,66.20046811798974,67.51921134499769,69.58771885592562,69.68114577819503
2024-07-05,66,66,63.61,64.61,66.1846425645769,67.24214359785505,69.39251419490893,69.58072704991395
2024-07-08,64.61,65.8,63.81,63.81,66.16101428035226,66.91527277901172,69.17359206961838,69.46645522714337
2024-07-09,63.81,65.4,62.62,63.41,66.13364100393085,66.58143727624869,68.94756885120198,69.34652542066529
2024-07-10,63.41,65.8,63.41,65.8,66.13032119294647,66.50701467851073,68.82413477860582,69.2762971945135
2024-07-11,65.8,70.17,65.8,69.18,66.16066625570322,66.76158470912875,68.83809027748403,69.27439031937462
2024-07-12,69.18,73.95,69.18,72.16,66.22036111883055,67.27571949873554,68.96836124699446,69.33153110512957
2024-07-15,73.35,74.55,72.76,73.35,66.2913027992402,67.85422240361787,69.14019021770056,69.41110474661215
2024-07-16,73.35,78.72,73.35,78.33,66.41109083108856,68.85191550803522,69.50057491504565,69.58771653380795
2024-07-17,78.33,80.31,78.33,79.32,66.53953768849067,69.84887593584139,69.88565040857327,69.780435018287
2024-07-18,79.32,80.31,76.14,76.54,66.63904477616738,70.48612584671363,70.14660529451157,69.91428779020211
2024-07-19,76.54,76.54,72.16,72.56,66.69795975351894,70.68363767083615,70.24124822413857,69.96667813099019
2024-07-22,72.56,74.55,71.96,74.35,66.77409945746403,71.03281503551842,70.40237574476059,70.05347658384187
2024-07-23,74.35,74.35,70.97,71.17,66.81783976136987,71.04588027023095,70.43247865673077,70.07558595841925
2024-07-24,71.17,72.16,70.37,70.57,66.85517468911743,71.00055833973276,70.43787165058446,70.08537633548026
2024-07-25,71.37,74.75,71.37,71.57,66.90208837380283,71.05479087880583,70.48226884075761,70.11477482388659
2024-07-26,71.57,76.93,71.57,75.34,66.98604769346647,71.46290603320527,70.67276810190437,70.21824462935419
2024-07-29,75.34,76.93,75.14,75.94,67.0751417462678,71.88929593480476,70.87932621555518,70.33154671590162
2024-07-30,75.94,77.73,75.54,77.13,67.17519008710096,72.3884106076805,71.12445067769028,70.4661695532105
2024-07-31,77.13,79.92,77.13,77.93,67.28220312106015,72.91618102599664,71.39133496483967,70.61396817591921
2024-08-01,77.93,77.93,72.16,73.95,67.34854935866154,73.01463997590172,71.49167477014008,70.68002821203962
2024-08-02,73.95,73.95,66.79,68.78,67.36279264862512,72.61134093057774,71.38533458307576,70.64240389100912
2024-08-05,68.78,68.78,59.44,60.43,67.293809637196,71.45121322290368,70.95571361903357,70.44017807138518
2024-08-06,60.43,67.39,60.43,63.81,67.25914486468659,70.72347863024618,70.67548955554206,70.30888741650627
2024-08-07,67.79,67.99,61.03,61.43,67.20114342324692,69.8383854273656,70.31292133767766,70.13306786370416
2024-08-08,66.2,67.39,65.4,66.79,67.19705244391113,69.54806300571173,70.17476755972952,70.06686850006645
2024-08-09,64.61,67.39,64.61,66.4,67.18912157382246,69.24824748135823,70.02673745934797,69.99425724263939
2024-08-12,66.4,66.4,63.02,64.61,67.1634586725904,68.80650962599078,69.8143163825108,69.8876382873396
2024-08-13,64.61,68.19,64.61,67.99,67.17168296440542,68.72874680446785,69.74277456358881,69.8500612915507
2024-08-14,67.99,68.98,67.19,67.99,67.17982542247104,68.6583899659471,69.67403830619317,69.81322839468831
2024-08-15,70.77,71.96,70.77,71.37,67.22151870184943,68.9166385406188,69.74054660791109,69.84405555518953
2024-08-16,71.37,71.96,70.17,71.57,67.2647871724778,69.16933963198844,69.81228987818908,69.87823267290855
2024-08-19,71.57,73.35,71.57,73.35,67.32533655384617,69.56749776227525,69.95102360845617,69.94698054077175
2024-08-20,73.35,73.55,72.36,72.56,67.37742275729049,69.8524979753919,70.05333640812455,69.99872350036043
2024-08-21,72.56,75.34,72.56,75.34,67.45665238159606,70.37511721583077,70.26065654898241,70.10449135183843
2024-08-22,74.55,74.95,73.35,74.15,67.52325285541102,70.73462986194212,70.41317982157133,70.18460043398025
2024-08-23,74.15,77.33,74.15,76.73,67.61486227973529,71.30561749413812,70.66089825994108,70.3142123065747
2024-08-26,76.73,78.52,76.14,77.13,67.7095402670016,71.86032058993449,70.91458852425711,70.44917839951381
2024-08-27,77.13,77.13,74.95,76.14,67.79342543847422,72.26790910517882,71.11950662134507,70.5618679361571
2024-08-28,76.14,76.14,72.56,74.75,67.86264508585258,72.50429871420941,71.26187891070408,70.64480124435201
2024-08-29,74.75,77.33,74.75,75.94,67.94301677654062,72.83150836047518,71.44533463969609,70.74965666525593
2024-08-30,75.94,78.13,75.74,78.13,68.04437979368947,73.3361266118585,71.70747837931584,70.89580207782511
2024-09-03,75.74,75.94,73.35,73.55,68.09916208429952,73.35649550596722,71.77973412914659,70.94836045252164
2024-09-04,73.75,74.55,71.57,71.96,68.13757838196818,73.22349593397034,71.78680337898398,70.96839291880833
2024-09-05,71.37,71.57,69.58,71.17,68.16775173140134,73.02792489263983,71.76261501118069,70.97238513823787
2024-09-06,71.57,71.57,66.6,66.99,68.15603280870083,72.45288442667413,71.57545363819321,70.8935260265896
2024-09-09,68.19,71.17,68.19,69.58,68.17020163647496,72.1792763860385,71.4972005543425,70.86751561022149
2024-09-10,68.38,68.98,66,67.79,68.16641853561451,71.76125006355863,71.35182014044672,70.80657470704878
2024-09-11,64.81,68.78,62.82,68.78,68.17252382381736,71.47732148607686,71.25096444866449,70.76644451483
2024-09-12,67.59,69.98,66.79,69.98,68.19050866139132,71.33471943978383,71.2011227055796,70.7508713561205
2024-09-13,71.96,73.55,71.96,73.35,68.24184688366603,71.52665092170918,71.28539240340001,70.80233925005871
2024-09-16,73.95,74.75,73.55,74.15,68.30063447686338,71.77649369107021,71.39772995620785,70.86862956193873
2024-09-17,76.34,77.13,74.95,74.95,68.36679731788962,72.07873238715877,71.53703466380755,70.949448778534
2024-09-18,76.14,77.33,74.95,74.95,68.43230182218923,72.3521864455246,71.67087644169744,71.02866761460264
2024-09-19,77.93,78.72,76.93,77.93,68.52680628166993,72.88340678404606,71.91633226751323,71.16532766183823
2024-09-20,76.73,76.73,73.55,74.95,68.5907186569767,73.08022518556548,72.03529962957153,71.2402716685345
2024-09-23,75.74,76.54,75.54,76.34,68.6678259340217,73.39067992979734,72.20411140880401,71.34125638796947
2024-09-24,76.73,77.33,76.34,77.13,68.75202667099661,73.74680565076902,72.39728351041954,71.4558849743463
2024-09-25,76.34,76.34,73.95,73.95,68.80374779864839,73.76615749355292,72.45817435314818,71.50527339069588
2024-09-26,77.93,77.93,76.73,77.93,68.89455627826382,74.16271392273836,72.67275575106393,71.63249569979101
2024-09-27,79.52,82.1,78.72,79.92,69.00426218594279,74.71102688247757,72.95696140788495,71.79660469583474
2024-09-30,77.73,78.72,76.93,78.72,69.10093619404286,75.09283384605114,73.18296292130123,71.93370163255089
2024-10-01,76.54,77.93,75.74,76.54,69.17495672942552,75.23065919404627,73.31461143419138,72.0249154616093
2024-10-02,76.89,76.89,75.89,76.09,69.24376313012775,75.31250117556567,73.42345020147799,72.10541218514179
2024-10-03,74.1,75.29,73.5,74.7,69.29805404425584,75.2541677302737,73.47351097789061,72.15679016167363
2024-10-04,76.49,76.49,73.5,75.69,69.36165549655179,75.29567556548574,73.56043211601255,72.22675471292762
2024-10-07,73.5,73.5,71.11,72.5,69.39288280504381,75.02942074972519,73.51884654283559,72.23216551069143
2024-10-08,72.7,73.7,71.91,73.1,69.42976954330209,74.8456663926085,73.50242118821458,72.24935035206387
2024-10-09,73.1,75.69,73.1,75.69,69.49206039361749,74.92607911712199,73.58820859259832,72.31748202826063
2024-10-10,74.1,74.7,73.3,74.5,69.54189063845712,74.88550015358656,73.62396511837878,72.36070020591883
2024-10-11,75.49,77.49,75.49,76.69,69.61301610474112,75.05735728181641,73.74420178040315,72.44642891471251
2024-10-14,76.09,78.88,76.09,78.88,69.70522489971881,75.42141849307198,73.94560563215204,72.57382636194593
2024-10-15,79.68,80.87,78.08,78.08,69.788555995244,75.67461673182703,74.10773874461667,72.68285950329354
2024-10-16,78.08,80.07,78.08,79.08,69.8810081743958,75.9989389478435,74.30272938208267,72.80953555273328
2024-10-17,79.32,79.52,78.52,78.92,69.970948391566,76.27713523852508,74.48379881807944,72.93053484871876
2024-10-18,78.72,78.72,78.52,78.72,70.05800363145092,76.50978902533221,74.64992435462534,73.04517772300156
2024-10-21,77.73,77.93,75.34,75.94,70.11653095850116,76.455523403872,74.70051555640474,73.10250093640747
2024-10-22,73.75,74.95,73.35,74.55,70.16064507831707,76.27404498445561,74.69461298556534,73.13116428420138
2024-10-23,73.95,73.95,71.37,72.76,70.18650930639352,75.93937403355508,74.61874580966082,73.12381449639541
2024-10-24,72.56,73.55,71.76,72.16,70.20614602971298,75.57943364940698,74.5223244053604,73.10472906082323
2024-10-25,73.16,74.15,70.97,71.57,70.21971671598449,75.19758282565394,74.40654697769921,73.07433838635149
2024-10-28,72.96,74.15,72.96,73.16,70.2489732660742,75.0035273184488,74.35766278249531,73.07603465592868
2024-10-29,71.76,73.16,71.57,72.36,70.2699785072078,74.75176281192986,74.27932306553471,73.06185575185089
2024-10-30,71.37,72.76,71.37,71.76,70.2848045917132,74.4668330203175,74.18052608257257,73.03607643003205
2024-10-31,70.17,70.17,68.78,68.78,70.26983141169615,73.92522987552535,73.9687407460011,72.9517976888433
2024-11-01,71.17,71.57,68.58,68.58,70.25301716879369,73.41616036357055,73.75741757949126,72.86522743757908
2024-11-04,70.77,71.37,68.78,69.18,70.2423403810445,73.01271651942098,73.57791100774651,72.79225263683495
2024-11-05,69.78,72.36,69.78,72.36,70.26341162103411,72.95055304138089,73.53014979175644,72.7836931786798
2024-11-06,72.36,74.15,72.36,74.15,70.30208414221785,73.0647860850589,73.55445764306012,72.8107487593
2024-11-07,74.15,75.14,73.95,73.95,70.33838181244454,73.14909217219615,73.56996910803815,72.8333081898089
2024-11-08,73.35,74.15,73.35,73.55,70.37033821232072,73.18727387008222,73.56918600576215,72.84750010684239
2024-11-11,74.15,74.15,72.96,72.96,70.3961059913026,73.1656287395982,73.54529635847736,72.84972782749898
2024-11-12,72.96,72.96,71.37,71.37,70.40579647895133,72.9946164786841,73.45999061892923,72.82042628636039
2024-11-13,71.37,72.36,71.17,71.57,70.41738059358863,72.85893871880941,73.38587333975553,72.7956653697988
2024-11-14,71.57,72.36,69.98,69.98,70.41302854788128,72.5847540789228,73.25230967937297,72.7399096199018
2024-11-15,70.57,70.57,67.59,68.19,70.39090886083768,72.16620607140634,73.05378773116226,72.64981239970572
2024-11-18,67.99,69.58,67.99,68.98,70.3768699667,71.86275787412954,72.89403134954806,72.5771428472363
2024-11-19,67.19,68.58,66.79,68.19,70.35511006653383,71.51297140992673,72.70955953191873,72.49026873144945
2024-11-20,66.6,68.58,66.6,68.58,70.33744727980215,71.23364079945752,72.54761602086309,72.41283766746035
2024-11-21,68.58,70.77,68.58,70.57,70.33976123721705,71.1704369137949,72.47006245141748,72.37634583246114
2024-11-22,71.57,72.16,71.37,71.37,70.35001236918504,71.18944292200491,72.42692274744032,72.35641819221439
2024-11-25,74.5,76.09,74.3,75.49,70.40115652471553,71.59901978657588,72.54704342401128,72.41846931712104
2024-11-26,74.9,74.9,74.9,74.9,70.44592113640991,71.91339885452103,72.6393162309128,72.46760853856418
2024-11-27,75.54,75.54,74.95,74.95,70.49073784152026,72.20259896361426,72.72993128068093,72.51676480512727
2024-11-29,75.34,76.34,75.14,75.54,70.5409792560325,72.52044668136529,72.84013005398756,72.5766308485901
2024-12-02,74.75,76.54,74.75,75.94,70.59470085547497,72.84611842599716,72.96169358128218,72.64323221792495
2024-12-03,74.35,74.75,73.55,73.95,70.62808691661452,72.95125000447362,73.0004506957417,72.669108807669
2024-12-04,72.16,72.56,71.57,72.16,70.64332983286711,72.87589286119042,72.9674918449283,72.65902744514091
2024-12-05,72.16,72.16,70.17,70.17,70.63862008328634,72.61818877917229,72.8577862823821,72.6097397729599
2024-12-06,71.76,71.76,68.98,69.38,70.62609650036806,72.30978984782254,72.7214025066024,72.54578452993098
2024-12-09,70.57,72.16,70.57,70.77,70.62752837598629,72.16314319564897,72.6448769181082,72.51062047983334
2024-12-10,67.19,68.38,66.4,67.39,70.59531416328991,71.70855812939669,72.4388033134765,72.4092220544901
2024-12-11,67.79,67.99,66,66,70.54958964425221,71.16488592659701,72.18630122275194,72.28230676628237
2024-12-12,66,66.99,65.8,66,70.50432009555318,70.67299202882586,71.94370117480088,72.15790465209857
2024-12-13,64.81,65,63.41,64.61,70.44567014435366,70.09556421655672,71.65610505029888,72.00844119364116
2024-12-16,64.01,65,61.23,61.82,70.35984258072824,69.30741524355132,71.27037544048324,71.80668988287599
2024-12-17,62.62,62.62,60.23,60.63,70.26302822669115,68.48099474416549,70.85310581536625,71.58536929113586
2024-12-18,61.23,61.63,53.87,53.87,70.09991351796785,67.08947143519734,70.18710166574404,71.23456989923218
2024-12-19,55.66,55.66,52.39,52.39,69.92369547301294,65.68952177470236,69.48917611022466,70.8614100992474
2024-12-20,53.58,56.37,53.18,54.98,69.77500198571929,64.66956731996879,68.92018881178448,70.54692673094546
2024-12-23,54.38,55.26,53.98,54.98,69.62778803561262,63.74675138473367,68.37351474073411,70.23867075607525
2024-12-24,55.26,57.45,54.87,57.45,69.50661601535778,63.1470607766638,67.9451416136465,69.98542975100446
2024-12-26,57.65,57.85,57.45,57.65,69.388639736598,62.623531178886296,67.54141056997409,69.74116381534101
2024-12-27,58.05,58.05,55.66,56.46,69.25999655513931,62.03652820946856,67.10684544958295,69.47817047246298
2024-12-30,53.28,55.46,51.68,54.27,69.11084236056081,61.296858856185835,66.60343974567773,69.17701858191916
2024-12-31,55.26,55.26,52.68,53.87,68.95919218781891,60.58953896512052,66.10408916741586,68.87390930306927
2025-01-02,56.46,56.46,51.68,53.28,68.80318032525355,59.893392397013805,65.60118370987014,68.56511901984017
2025-01-03,53.28,55.26,53.28,54.67,68.66255166530078,59.39592645444106,65.17250983889484,68.28996814816017
2025-01-06,55.06,55.26,52.68,52.68,68.50352130047192,58.75631441116096,64.68260749227152,67.98085986799859
2025-01-07,54.67,54.67,51.29,52.08,68.34010317807916,58.12047494343134,64.18838759061381,67.665991355761
2025-01-08,49.9,53.47,49.9,53.47,68.19214195242664,57.67757256786645,63.7680586654917,67.38488261604296
2025-01-10,50.29,50.29,48.5,48.9,68.0001803409597,56.841613275688694,63.18499754135477,67.01884533651736
2025-01-13,48.5,51.88,48.5,51.88,67.83978053657204,56.36907867800406,62.74166430443889,66.71906622094276
2025-01-14,51.49,55.06,50.89,55.06,67.71261854118326,56.244404518194145,62.44042256700992,66.48819362250825
2025-01-15,57.45,57.45,55.26,55.26,67.58871188903218,56.15065170693756,62.158837368303644,66.26585315473581
2025-01-16,55.26,58.64,55.26,58.25,67.49578938267365,56.35058963961017,62.00554962837017,66.1071233892955
2025-01-17,58.44,59.64,58.44,58.44,67.40568202563212,56.54958110250444,61.86572415274781,65.95529916376489
2025-01-21,60.23,60.83,59.64,60.43,67.3362722542328,56.91914480702783,61.809421244796916,65.84588729913588
2025-01-22,60.23,61.23,59.44,59.44,67.25770238105635,57.15922625397756,61.7165027646088,65.71903804568764
2025-01-23,58.44,60.23,57.65,60.03,67.18578494442892,57.432633277408264,61.650365401290806,65.60638382696115
2025-01-24,59.64,60.63,59.04,60.43,67.11856320368832,57.71809677479796,61.60250793457352,65.50388117692232
2025-01-27,62.42,63.81,60.23,63.61,67.08365212703471,58.27923041529339,61.68123311360985,65.4663785793595
2025-01-28,61.23,62.42,60.63,61.23,67.02540683223835,58.56025609002735,61.663537697389856,65.38248989461971
2025-01-29,61.03,61.63,58.64,58.84,66.94395999808673,58.586898367167606,61.55281072886476,65.25293563928071
2025-01-30,61.03,62.42,60.43,61.23,66.88710467472268,58.838622332199265,61.540151484595555,65.17327354741376
2025-01-31,59.64,62.22,58.84,59.44,66.81300413069559,58.89589639579933,61.45779260284671,65.05974337815803
2025-02-03,54.27,59.84,54.27,58.64,66.73168070650956,58.87152531048511,61.34729093214684,64.93261974690738
2025-02-04,57.05,58.44,57.05,57.05,66.63534557510151,58.698046709486526,61.178769719121476,64.7765282667706
2025-02-05,56.26,59.84,56.26,58.84,66.55777994748856,58.71156607048781,61.087053259548085,64.65897325158703
2025-02-06,59.04,59.04,57.25,57.85,66.47113537089663,58.62951215901278,60.96010999446777,64.52414209809025
2025-02-07,57.65,58.84,56.66,57.05,66.3773927303902,58.479082429582995,60.806772347625895,64.37613928426669
2025-02-10,56.66,58.84,56.66,58.64,66.30040374799826,58.49440791247985,60.72180088301312,64.26255236774655
2025-02-11,57.05,58.84,57.05,58.44,66.22219077538136,58.48922620652939,60.632318495443975,64.1472543010585
2025-02-12,55.46,57.25,55.46,56.66,66.1270445985119,58.31501418685992,60.47654129954421,63.998991839651396
2025-02-13,58.05,59.44,57.85,59.44,66.06050684131277,58.42215569287326,60.43589262113071,63.908714773519684
2025-02-14,58.84,59.64,58.64,59.04,65.99065105184697,58.48099800783771,60.38115173402755,63.81230457998464
2025-02-18,59.04,59.24,58.05,58.64,65.91751024536093,58.496141054710314,60.312871273869604,63.70988270711366
2025-02-19,58.84,61.03,58.84,60.63,65.86489820311853,58.699365716166476,60.32530769450217,63.64889493073517
2025-02-20,60.63,61.03,60.03,61.03,65.81678976328651,58.92133088605538,60.352942686874634,63.597035625176055
2025-02-21,60.03,60.03,57.85,58.64,65.74537891987072,58.89453746833582,60.285768463859945,63.49887650388544
2025-02-24,57.65,60.03,57.65,58.44,65.67268858235957,58.85124818563717,60.21338538684583,63.39870073153127
2025-02-25,58.84,60.03,57.05,58.44,65.60072153178882,58.81208169176696,60.14384086187148,63.30050863783758
2025-02-26,59.04,60.83,57.45,57.65,65.5216098747561,58.701407244932014,60.04604318101378,63.188617377682384
2025-02-27,58.84,58.84,55.06,55.06,65.41751425411175,58.35460655493849,59.85051207587598,63.027654657332235
2025-02-28,56.66,57.45,54.27,57.45,65.33823550531461,58.26845354970626,59.75637434741026,62.91720605025635
2025-03-03,59.84,59.84,54.27,55.06,65.23596450526173,57.96288654497233,59.57220280437456,62.76161781163741
2025-03-04,48.7,52.28,47.91,48.11,65.06555689824421,57.02451639783211,59.122704655183405,62.47148676586241
2025-03-05,48.5,50.89,47.51,50.09,64.91654638184377,56.36408626470524,58.76848094321543,62.22630881010276
2025-03-06,47.31,48.7,46.32,47.31,64.74135686560652,55.50179233473332,58.31912874936384,61.930936358417554
2025-03-07,47.91,50.29,44.93,50.29,64.59756226992884,55.00543115999681,58.00426095527114,61.70042276716176
2025-03-10,47.31,49.5,41.74,44.13,64.39390493390965,53.96967581142569,57.46017229035855,61.352493603455585
2025-03-11,41.35,42.74,37.97,38.56,64.13685115347275,52.502087638908954,56.71898906328567,60.901157096456465
2025-03-12,39.96,39.96,34.79,37.37,63.87051432607501,51.06093643520334,55.960205178450934,60.43519358959594
2025-03-13,36.77,36.97,32.8,33.39,63.56722562631307,49.37799010804112,55.075099093021485,59.89964520168315
2025-03-14,35.78,39.56,35.78,39.56,63.32834775938458,48.44294343108482,54.466663834471625,59.49687995016467
2025-03-17,40.15,43.93,40.15,42.34,63.11950847819667,47.86171072336246,53.99110838998254,59.1571397531317
2025-03-18,41.94,41.94,40.35,41.15,62.900906403786756,47.22250017828032,53.48753551194401,58.80056272831721
2025-03-19,41.55,44.73,41.55,43.33,62.7061710166844,46.851785875586955,53.08920078598542,58.49421495151885
2025-03-20,42.34,43.73,41.94,42.34,62.503522548856694,46.42209198267391,52.6676635002605,58.17432950693432
2025-03-21,39.96,41.74,39.36,41.15,62.29104968767404,45.91998798432402,52.215990421818915,57.83721407115344
2025-03-24,44.33,46.32,44.33,45.52,62.124173571378776,45.88189389057887,51.95340256213974,57.59330884202169
2025-03-25,45.52,46.52,44.53,46.52,61.96890816270834,45.942665900999934,51.740327951859754,57.37403539960542
2025-03-26,48.7,48.7,44.73,46.52,61.81518768347741,45.9976501009047,51.53560920864957,57.15910400555383
2025-03-27,42.94,47.71,42.94,44.73,61.64518581598012,45.87692151986616,51.26872257301625,56.912983134156725
2025-03-28,41.55,41.55,39.16,39.96,61.42941282278629,45.31340518464081,50.82524325642738,56.57728049783679
2025-03-31,39.76,43.53,39.76,43.14,61.24742861559439,45.10641421467501,50.52386116794003,56.31119573550339
2025-04-01,39.96,43.14,39.96,42.94,61.0652651467825,44.90008905137263,50.22645484762865,56.04641958232511
2025-04-02,42.34,46.12,42.14,46.12,60.91655604084437,45.01627104648,50.06541740262361,55.84985681831867
2025-04-03,39.56,39.56,35.78,36.58,60.674401254368306,44.21281666110095,49.53657750448151,55.46827549518365
2025-04-04,28.42,29.42,21.47,21.47,60.28430770954872,42.04683412194848,48.43592740626654,54.795042317061196
2025-04-07,20.07,20.47,17.29,18.68,59.870334498508434,39.821421348429574,47.2690282922953,54.0798929642481
2025-04-08,22.86,24.85,15.9,17.69,59.45062967762775,37.71366693429342,46.109066398479804,53.359301024362004
2025-04-09,17.49,30.61,15.1,30.01,59.15768808879564,36.97998436912262,45.477730461284516,52.89693862783999
2025-04-10,26.44,26.44,21.07,25.24,58.820198655076275,35.86189061968237,44.68409397260669,52.34927647679365
2025-04-11,24.65,28.42,23.65,28.23,58.515818568956114,35.135043893998336,44.038835385445644,51.87166704160961
2025-04-14,29.22,31.21,29.22,29.82,58.23028803593167,34.62884923742707,43.48123399778111,51.435000367518334
2025-04-15,30.61,30.81,29.42,29.62,57.945608552987075,34.15181597671973,42.93765619394656,51.00302016222094
2025-04-16,29.22,31.21,27.23,28.23,57.64993085594243,33.58783350274643,42.3608853628114,50.552069267919535
2025-04-17,28.23,32.8,28.23,30.21,57.37689671807235,33.26613507391343,41.88438005446586,50.14925601508944
2025-04-21,28.03,28.23,23.85,25.04,57.05513655172337,32.48269363830263,41.223816130761314,49.65204302469163
2025-04-22,27.43,30.01,27.43,30.01,56.78603071538782,32.24719900608333,40.78405863543734,49.26309167766803
2025-04-23,32.4,33.39,29.62,30.01,56.51960254906555,32.03413243407539,40.361546532086855,48.88184233751619
2025-04-24,29.82,33.2,29.82,32.8,56.283586603303704,32.107072202258685,40.06501529553443,48.563390014001016
2025-04-25,33,33,31.01,32.8,56.04991907491262,32.173065325853095,39.78011273492524,48.2512436770901
2025-04-28,34.39,34.39,31.01,33.39,55.82444724332145,32.28896386624804,39.52952007865366,47.95696162407842
2025-04-29,32.8,35.18,32,34.99,55.61713931055208,32.54620540279585,39.35149968341234,47.70019010676993
2025-04-30,31.8,35.98,31.8,35.98,55.42174488955157,32.873233459672434,39.219284009553036,47.46810713435865
2025-05-01,35.98,37.37,35.58,35.58,55.224314592143095,33.13102074922744,39.076566989570566,47.23269907229214
2025-05-02,40.55,42.34,39.36,40.95,55.082281611126746,33.87568543977721,39.150034950763875,47.1082891896725
2025-05-05,40.15,42.34,40.15,40.15,54.93370169459812,34.47323920741747,39.18924926642019,46.970501284926506
2025-05-06,37.97,39.76,36.58,36.97,54.75495839415436,34.71102594956819,39.102219883423324,46.77247155651212
2025-05-07,39.96,42.54,39.16,40.55,54.61361552456078,35.26711871627598,39.15899557426947,46.64925429796733
2025-05-08,42.34,45.12,42.34,42.34,54.491489996953206,35.94072645758303,39.283740845866745,46.56392252969075
2025-05-09,42.54,42.94,42.14,42.74,54.374559748227306,36.5882763187656,39.41928042053864,46.48820129147905
2025-05-12,50.89,50.89,49.1,50.69,54.33789746217529,37.931297621740306,39.861269423654775,46.571405226301245
2025-05-13,50.09,51.09,49.9,49.9,54.29373927847205,39.071174038717416,40.254945132531056,46.63731799409726
2025-05-14,48.7,48.9,47.71,48.5,54.23609013142258,39.96915746360147,40.578280617529835,46.67420278629335
2025-05-15,49.1,52.48,48.31,52.28,54.21662654802534,41.141618657544186,41.03717157370514,46.785208671713285
2025-05-16,52.48,55.06,51.49,54.67,54.22113772665195,42.43003592825426,41.571792296304935,46.94134315346154
2025-05-19,52.28,55.06,52.28,54.47,54.2236139681778,43.576699173182426,42.07760436311651,47.09042546725438
2025-05-20,54.07,55.06,52.28,53.57,54.217110346603896,44.528442109069815,42.52828654495507,47.2187338738434
2025-05-21,51.38,51.38,48.41,48.41,54.15932815410037,44.8981142891584,42.75894197456468,47.242323302084124
2025-05-22,47.42,48.61,46.42,47.22,54.09028011276604,45.1192462616195,42.93388542654253,47.2418812564983
2025-05-23,44.04,46.23,44.04,45.83,54.00808827084797,45.18693709384622,43.04745854707028,47.21392321181517
2025-05-27,46.42,50.59,46.42,50.29,53.97109236765545,45.67294308490848,43.3314797805185,47.274835623462394
2025-05-28,49.7,49.7,46.71,46.91,53.900832742106644,45.79075802920291,43.471813906772674,47.26761115567106
2025-05-29,47.71,47.91,45.52,47.91,53.84122246606578,45.99259059785025,43.645860420232566,47.280331726845894
2025-05-30,46.12,48.8,45.92,48.8,53.791061048492985,46.25996292186451,43.84798354100776,47.310424167898454
2025-06-02,43.65,48.21,43.65,48.01,53.733538052985594,46.42663311978218,44.011199872732945,47.32427715467274
2025-06-03,46.23,49,45.63,48.8,53.68444812211011,46.6526680607553,44.19899595615518,47.353499389233676
2025-06-04,49.2,50.19,48.61,48.61,53.63395610099459,46.83908062639765,44.37197650689419,47.37838058944687
2025-06-05,46.62,48.21,46.62,46.62,53.56416549302449,46.81821580483597,44.46013429093756,47.36336315203208
2025-06-06,49.2,50.39,47.81,49.2,53.52074096075559,47.045052394851595,44.64601137756746,47.39973219852649
2025-06-09,48.01,50.79,47.02,49.4,53.47973856313613,47.26933311915144,44.83244230393736,47.439341461922005
2025-06-10,50.19,52.38,49,51.78,53.46282574161239,47.69892044113702,45.10489554692021,47.52529509633939
2025-06-11,51.38,52.18,50,50.39,53.43225036109884,47.9552137324573,45.312154545080205,47.58202192611485
2025-06-12,49,51.58,49,51.19,53.409939412232184,48.26328861508042,45.542658288410394,47.65346703648881
2025-06-13,50,50,46.42,47.42,53.350338025045794,48.182975413644186,45.616279532002146,47.64884392685537
2025-06-16,50.19,51.19,48.41,49.2,53.30904112927419,48.27983489805903,45.75681758957069,47.67955988869982
2025-06-17,47.81,47.81,44.84,45.63,53.232632759828675,48.027469669672456,45.751844350763996,47.638974544369134
2025-06-18,47.42,47.42,45.23,45.23,53.15300457316371,47.76104398684651,45.73137986642031,47.591272078144
2025-06-20,47.11,47.71,44.93,45.12,53.07307417940089,47.509515988099224,45.70740418538422,47.542335997388676
2025-06-23,47.11,49.3,45.12,49.3,53.035531152740184,47.68003827494692,45.84829029576131,47.57714122516316
2025-06-24,49.9,51.88,49.9,51.68,53.02204328057361,48.06098701066626,46.07698479396675,47.65838595337775
2025-06-25,49.1,49.1,46.91,46.91,52.96122692952313,47.951369200126614,46.10965205694845,47.64356642954849
2025-06-26,48.5,49.9,47.91,49.9,52.93076696007514,48.13695308582884,46.25829315275439,47.688248282428724
2025-06-27,50.09,52.88,49.3,51.09,52.91245087092016,48.41819564908324,46.447771852646376,47.75560970257865
2025-06-30,52.08,53.08,51.29,53.08,52.91411802643339,48.86217701583721,46.707859230973966,47.86104317381472
2025-07-01,53.47,60.63,53.47,58.92,52.97387804607087,49.82006491909081,47.186766712112245,48.0800324178976
2025-07-02,57.73,59.72,56.74,58.92,53.03304343864728,50.68672540298692,47.64689350771569,48.294685241305565
2025-07-03,60.31,62.5,60.31,61.23,53.11460519547666,51.69084679317864,48.179564350550365,48.55083008801238
2025-07-07,60.55,60.75,56.17,57.37,53.15694743233759,52.23171852716163,48.539973591705255,48.725467115972535
2025-07-08,56.37,59.56,56.37,58.16,53.20672904992627,52.796316762670045,48.91722952928544,48.91228954931961
2025-07-09,59.56,59.56,57.56,59.36,53.267955626543916,53.42142945193957,49.3267499399017,49.119174904778625
2025-07-10,58.76,63.14,58.76,61.55,53.350364028269844,54.19557902794532,49.8060930795134,49.365329857159246
2025-07-11,59.16,60.35,58.16,59.56,53.41215145087413,54.7064762633791,50.188599233257975,49.56720451345312
2025-07-14,58.76,59.36,57.76,58.84,53.46615989414901,55.10014519067633,50.52786985156158,49.75082422605801
2025-07-15,58.84,58.84,54.87,54.87,53.48012845241618,55.078226601088105,50.69814946522583,49.85219404336379
2025-07-16,56.26,56.26,54.27,55.86,53.503808766322486,55.152681210508284,50.90057497639344,49.97116049795064
2025-07-17,57.05,59.24,56.85,58.44,53.55292509700585,55.46575919045988,51.19623870280939,50.13886029007043
2025-07-18,59.24,59.44,57.65,58.44,53.601552707980915,55.74902021993989,51.48030777328745,50.30323929422745
2025-07-21,58.96,59.96,56.77,56.77,53.63307954670747,55.846256389469424,51.68774668413892,50.431293961668494
2025-07-22,60.35,61.75,58.96,61.75,53.71384492435217,56.40851768571043,52.08234485338838,50.65542675450674
2025-07-23,62.54,63.94,62.15,63.14,53.80763751216956,57.04961123945229,52.51597838854962,50.902646026694725
2025-07-24,61.95,63.94,61.55,62.15,53.89064609413803,57.53536254998064,52.8937831576261,51.12536590735424
2025-07-25,61.15,63.74,61.15,63.34,53.9846695160869,58.0881851642682,53.30343872007214,51.36723984978286
2025-07-28,62.74,62.94,60.55,60.75,54.051986237319866,58.341691339099796,53.5954607310497,51.55303708048023
2025-07-29,60.75,61.55,59.56,60.75,54.118633140431115,58.57105406870934,53.87603089845951,51.735155158094486
2025-07-30,60.75,61.23,57.85,58.64,54.16362186540195,58.57762034787988,54.06285321616698,51.871884758924296
2025-07-31,57.85,58.84,56.06,56.46,54.186471399079544,58.375942219510364,54.156858972395725,51.96273852607431
2025-08-01,53.08,54.07,52.68,53.47,54.179342330431986,57.908709627176044,54.12992332641942,51.992585287934226
2025-08-04,54.27,57.45,54.27,57.45,54.211886187840626,57.86502299601642,54.260122411657875,52.100652905994934
2025-08-05,57.65,57.65,55.26,56.26,54.23226542975266,57.712163663062476,54.338548983749725,52.183016214787116
2025-08-06,55.66,55.86,54.27,54.27,54.23264089811333,57.38433855229462,54.33586078830856,52.22434262637549
2025-08-07,56.46,56.46,53.28,55.26,54.242863376739066,57.18202059493323,54.372101541708226,52.28445465357597
2025-08-08,55.86,56.85,55.66,56.46,54.264924437667034,57.113256728749114,54.45397991262163,52.36713871984179
2025-08-11,57.85,57.85,54.27,54.98,54.27203961739174,56.9100894212492,54.474608151342345,52.41887854717166
2025-08-12,56.17,58.36,55.57,58.16,54.31072579035302,57.02912852398737,54.61913332187794,52.53256412049499
2025-08-13,59.76,63.61,59.76,63.54,54.40255936457836,57.64921152170285,54.968971230823904,52.75053314781192
2025-08-14,60.63,60.83,59.24,60.23,54.460543848512906,57.89500090058829,55.17528608451708,52.898641402310695
2025-08-15,61.63,61.63,59.64,60.03,54.515961322657056,58.09833414815132,55.36566702237916,53.039856424047116
2025-08-18,59.44,60.63,59.44,60.43,54.57480747865052,58.320397562613095,55.56426831561919,53.18619590079866
2025-08-19,61.23,63.61,61.23,62.42,54.65286909577838,58.71083588998328,55.833120538536086,53.369043506723436
2025-08-20,62.22,63.02,61.63,62.82,54.73413407989999,59.102184852842015,56.10711581153467,53.55619116005565
2025-08-21,62.02,62.82,62.02,62.62,54.81260040746317,59.43721486685706,56.36252303461174,53.73567252322286
2025-08-22,66.99,68.58,66.99,67.99,54.94371881136901,60.25176583191829,56.8185025234505,54.01793643365409
2025-08-25,66.79,66.79,64.61,64.61,55.03990071374345,60.66683575268798,57.1240514440995,54.22768026665104
2025-08-26,64.81,64.81,62.62,63.81,55.12716538325844,60.96618472862246,57.386245505115205,54.41742917226191
2025-08-27,64.41,65.8,63.81,65.2,55.22739259337528,61.369405230658415,57.69266725001265,54.630945426276526
2025-08-28,64.01,64.61,62.82,64.41,55.31876182130189,61.65898568488142,57.95609206373764,54.824590071300754
2025-08-29,65,65.2,64.21,65,55.41509254944814,61.977177524416526,58.23232374751264,55.02608333721559
2025-09-02,62.62,64.21,60.43,62.82,55.488773220597906,62.057446331614955,58.4122326201592,55.18041832063706
2025-09-03,61.63,62.62,60.83,62.62,55.55973070098997,62.11102287146115,58.577243105643156,55.327736769733356
2025-09-04,62.42,63.81,62.02,63.81,55.641822932820915,62.27283021703628,58.78244925836303,55.49570237825349
2025-09-05,65.2,65.2,61.82,63.22,55.71722767975802,62.363036863032825,58.95647085607428,55.648658766802924
2025-09-08,61.23,63.22,61.23,63.22,55.7918821307057,62.44465239988684,59.1236680774047,55.79858631597514
2025-09-09,63.02,63.02,61.63,61.82,55.85186340303699,62.385161695135714,59.22940658417315,55.91782223051029
2025-09-10,61.23,61.23,59.04,60.03,55.89343690151423,62.160860581313266,59.26080240440165,55.99925149327246
2025-09-11,62.62,65.6,62.42,65.6,55.99001961891209,62.48839766880724,59.50939838854276,56.18936532508885
2025-09-12,65.2,65.4,62.82,62.82,56.05797962270401,62.51997884320655,59.639225902717556,56.32066502162174
2025-09-15,63.02,64.61,60.63,61.03,56.10745246227909,62.3780760962345,59.6937660633953,56.41391917960943
2025-09-16,61.63,61.63,60.63,61.23,56.15842308454497,62.26873551564074,59.75401053149745,56.50928711664687
2025-09-17,62.62,63.61,61.03,61.03,56.206896486688805,62.15076070462734,59.80404933418382,56.59880618364396
2025-09-18,61.03,61.82,60.43,60.63,56.25090746692076,62.005926351805684,59.836439556372696,56.67863180376982
2025-09-19,60.43,61.23,59.24,59.84,56.286619830433985,61.79964765163371,59.83657918161298,56.74123315419022
2025-09-22,59.04,61.03,58.84,60.03,56.32386739431026,61.63110978004955,59.84416431174581,56.806357250146846
2025-09-23,62.42,62.42,60.23,60.83,56.36870453466538,61.55481361052102,59.882824534814596,56.88603334420334
2025-09-24,61.43,62.02,61.23,61.23,56.41707563382294,61.52387898094759,59.935654945214026,56.97205248590228
2025-09-25,60.83,60.83,58.64,59.04,56.44317438373515,61.2873190780002,59.9005312218723,57.01300194162699
2025-09-26,62.22,62.22,61.23,62.02,56.498665185887035,61.357098213428756,59.98364764454397,57.11215041803042
2025-09-29,61.63,62.42,61.03,62.22,56.55559389050507,61.43927933595935,60.071347736914795,57.21329595430704
2025-09-30,62.22,64.21,61.03,64.21,56.63175713537567,61.70315749443941,60.23364782566323,57.35184454927126
2025-10-01,65,65,63.81,64.61,56.711142636516215,61.97999963782613,60.40526947955879,57.495570399780746
2025-10-02,64.01,64.41,63.41,63.61,56.779787983416554,62.13523776755698,60.53094518624276,57.61664821364647
2025-10-03,65.6,66.79,64.81,64.81,56.85969059054674,62.38997702778965,60.698751257370496,57.75909082327723
2025-10-06,64.61,66,64.41,64.61,56.93680809710847,62.601407787047776,60.85213356100303,57.89475239113313
2025-10-07,64.41,64.41,63.22,64.21,57.009178165793955,62.75460704542418,60.98381459782644,58.01980679922951
2025-10-08,62.82,64.21,62.82,62.82,57.06699728852237,62.76083494585997,61.05582186849991,58.11486012993783
2025-10-09,62.82,63.22,61.63,61.63,57.11240030057688,62.65313637958759,61.078338657970505,58.18446686003807
2025-10-10,61.63,61.63,54.27,54.27,57.08411771052139,61.85474243867449,60.81134498510892,58.106952664789794
2025-10-13,57.05,59.04,56.06,57.45,57.0877583303172,61.43524315880073,60.67952753471249,58.09394370113059
2025-10-14,58.64,62.22,58.64,61.23,57.12897466533892,61.4156961912959,60.70111469021396,58.15604382586068
2025-10-15,62.02,62.22,59.84,60.83,57.16580078807187,61.35991560164867,60.70616901608793,58.20899345307136
2025-10-16,60.03,60.03,55.86,56.46,57.15877789465822,60.89325697292023,60.53965258408448,58.174359919347175
2025-10-17,57.45,58.44,57.05,57.85,57.16565572655217,60.60342297549926,60.4341760121596,58.16793695064723
2025-10-20,60.23,62.82,59.84,62.42,57.217937759123785,60.776430311165996,60.512051462663145,58.25213621895124
2025-10-21,62.62,64.61,62.62,64.21,57.28751051773947,61.1034369481978,60.65706905236263,58.37011371956607
2025-10-22,63.61,65.2,62.82,63.02,57.34455021408037,61.28596676265516,60.749733011093504,58.462190675614266
2025-10-23,63.81,64.61,62.02,64.21,57.412863147273605,61.56444611859276,60.885429755756505,58.576008682037745
2025-10-24,65.4,65.4,62.62,62.62,57.46467545426591,61.664975059679165,60.953452118275855,58.656087718037
2025-10-27,62.82,63.41,62.02,63.22,57.521942365168734,61.81307267304305,61.042336348931705,58.74646221866993
2025-10-28,61.63,62.22,60.03,60.03,57.54689816253024,61.64325622799133,61.002636884267716,58.771878808399244
2025-10-29,56.66,57.45,52.88,54.07,57.51230216091302,60.921993730087394,60.73076877115918,58.67877229734183
2025-10-30,54.87,56.85,53.08,53.08,57.46819965184921,60.175137184364786,60.43073862327058,58.56790551917665
2025-10-31,53.28,54.47,53.28,53.67,57.430406620487524,59.555600309663376,60.16561161843644,58.47091729107414
2025-11-03,50.69,53.47,50.49,53.08,57.38711899242297,58.93887647064781,59.88774449614481,58.36416645362713
2025-11-04,51.88,53.08,51.68,52.48,57.33829193777199,58.32374537820516,59.59724471198227,58.24764830603055
2025-11-05,52.48,54.07,51.88,53.67,57.30179152048073,57.88053153266181,59.364803742884924,58.15700180492103
2025-11-06,52.68,52.68,50.69,51.68,57.24585329639634,57.290004720027355,59.06343889022277,58.028744343437445
2025-11-07,52.28,54.07,51.29,54.07,57.21425276608394,56.98333760383427,58.86761775727286,57.95035336633968
2025-11-10,54.47,55.86,53.08,55.26,57.19480746492887,56.819210212992914,58.7261425511053,57.89707904225374
2025-11-11,56.46,58.05,56.46,57.45,57.19734669413356,56.879285430803115,58.6760977451796,57.88822599191209
2025-11-12,59.24,59.24,57.65,57.65,57.20185070712726,56.952686818345676,58.63585861791765,57.88350864553759
2025-11-13,58.84,59.04,56.46,56.66,57.19645915780261,56.924811883265136,58.558373966234605,57.859280751566544
2025-11-14,55.06,57.05,54.87,55.86,57.18316105672994,56.823401227716076,58.45255537932344,57.81969103371374
2025-11-17,54.87,54.87,51.09,51.49,57.126512688006265,56.315458253647876,58.17951399189899,57.694350617204556
2025-11-18,52.08,53.47,51.49,52.08,57.07629863140919,55.91208127710998,57.9403173647657,57.58317535745793
2025-11-19,51.68,51.88,50.09,50.89,57.01474342114641,55.43378782214713,57.66383433085332,57.450637231567676
2025-11-20,53.28,53.47,47.51,47.51,56.92016885974197,54.679141362895024,57.26564474925123,57.253792929952475
2025-11-21,51.09,55.66,51.09,53.28,56.88394827407289,54.545889804524066,57.109344955162946,57.175103961042524
2025-11-24,52.48,54.47,52.48,53.08,56.84609804249008,54.40628125171225,56.951331427509494,57.09401279349713
2025-11-25,54.47,57.45,54.47,56.85,56.846136867937936,54.6390163705968,56.94735764603853,57.089180856992236
2025-11-26,57.45,59.24,57.45,58.05,56.8581156055704,54.963871954349486,56.99059852266447,57.108206978635955
2025-11-28,57.85,61.03,57.85,60.03,56.88967664432094,55.44636033964954,57.10979073746194,57.16606426618772
2025-12-01,58.25,59.64,57.65,57.76,56.898336578208294,55.66670697396863,57.13528913991441,57.177825369827566
2025-12-02,56.46,57.25,56.46,56.85,56.897855617231095,55.77940154787638,57.12410133050601,57.17133377834583
2025-12-03,58.84,59.84,58.44,59.04,56.91917048671138,56.089934733792916,57.19923461166263,57.20833706986374
2025-12-04,58.84,59.24,58.64,59.24,56.942263317689374,56.389940949622165,57.279264626891546,57.24856801897535
2025-12-05,59.44,60.83,59.44,60.43,56.97696716527455,56.77470847822958,57.40282287681737,57.31156667206495
2025-12-08,58.44,58.44,56.06,56.06,56.967843113878786,56.70664100411248,57.35016315615786,57.286783173608214
2025-12-09,57.25,58.25,56.06,56.06,56.958809849064075,56.64505614657796,57.299568522583044,57.26249043749716
2025-12-10,56.66,59.64,56.46,58.84,56.977528159023635,56.85409841833244,57.35997760012881,57.293728250616034
2025-12-11,60.83,62.22,60.03,62.02,57.02770200818758,57.346089045157925,57.54272357659435,57.387317790207796
2025-12-12,63.22,63.81,60.83,62.35,57.08066019716084,57.822651993238125,57.73124422064947,57.485588725055166
2025-12-15,61.75,62.02,61.55,61.82,57.12781780713934,58.20335180340592,57.89158758454557,57.571418651291694
2025-12-16,61.43,61.43,59.84,59.84,57.154804694630485,58.35922306022441,57.96799591456339,57.616341054236415
2025-12-17,59.44,61.23,58.84,59.84,57.181523055877946,58.500249435441134,58.041407839482474,57.66037390464758
2025-12-18,61.43,62.02,59.44,59.44,57.20399546328215,58.58974948920864,58.09625459087532,57.69561402534762
2025-12-19,59.24,59.64,58.05,58.05,57.21241341887138,58.53834477595068,58.0944406853508,57.70263156940015
2025-12-22,59.84,60.63,59.44,60.63,57.246419255499525,58.73755003538395,58.19387438396449,57.760599261095194
2025-12-23,59.64,60.83,59.64,60.63,57.28008672559406,58.91778336534738,58.28940872184824,57.81741907770717
2025-12-24,60.43,61.43,60.03,61.23,57.31938934523989,59.137994473409535,58.404726026873796,57.88499493755455
2025-12-26,60.83,60.83,59.64,60.43,57.3503406950385,59.2610426187991,58.484148535623845,57.93539107740496
2025-12-29,60.83,61.63,60.43,61.63,57.392924369714734,59.4866576074849,58.607515259717026,58.00855165012961
2025-12-30,61.63,61.82,61.23,61.23,57.4311042267325,59.65269021629586,58.710357798551655,58.07234270656269
2025-12-31,60.43,60.43,58.64,58.84,57.4451230901481,59.575291148077206,58.715441806451594,58.087543841086195
2026-01-02,57.65,58.64,57.05,58.64,57.45701241263419,59.48621580064128,58.71248330423781,58.09848356700528
2026-01-05,59.04,60.63,59.04,60.03,57.482614279175145,59.53800477200878,58.76415062564025,58.136731417163595
2026-01-06,61.43,63.22,61.03,62.82,57.53572259480524,59.85057574610318,58.923203542281804,58.22946940890293
2026-01-07,60.23,60.63,58.44,58.84,57.548700479434046,59.7543304369505,58.919940658270754,58.24155912357812
2026-01-08,61.03,63.41,61.03,62.82,57.601151220932216,60.04629896676474,59.07288416186798,58.33222131915083
2026-01-09,64.01,65,63.22,64.01,57.66492086052493,60.423794303263335,59.26649654767708,58.444652580157744
2026-01-12,63.22,64.61,63.22,64.61,57.73402612559433,60.8224805600954,59.476045702670135,58.566738667679374
2026-01-13,65,65,63.61,64.21,57.798463676583445,61.14510145913393,59.66169096923209,58.67848641683424
2026-01-14,65.2,66.73,65.2,66.73,57.88733468477665,61.67699655826404,59.93887955867397,58.83792232937218
2026-01-15,67.13,68.52,67.13,67.52,57.98318210084852,62.233473076524604,60.23617839951028,59.00984465948362
2026-01-16,66.13,67.52,66.13,67.13,58.07419521427292,62.69980897399845,60.50652434462752,59.17063981474137
2026-01-20,63.34,64.74,62.74,63.34,58.12659128179259,62.76077954790336,60.61764103699507,59.25320140256827
2026-01-21,65.93,67.13,64.94,66.53,58.21020728893893,63.119752924293515,60.84949825123056,59.3972964242996
2026-01-22,66.4,68.19,66.4,66.6,58.2936878134271,63.451205026741754,61.07500812373132,59.539924217877825
2026-01-23,65.6,65.6,64.41,65.6,58.36638743717409,63.65585216705206,61.25245878554578,59.65992571851391
2026-01-26,67.59,67.59,65.6,66.2,58.44433383083405,63.89815196066615,61.44648000964202,59.789432139929474
2026-01-27,65.6,66.2,64.61,66,58.51951458873619,64.09832796441223,61.62504942102861,59.91241368171305
2026-01-28,66.6,66.6,65,65,58.58399703063932,64.18420149161106,61.75740042412553,60.01315796524348
2026-01-29,64.21,64.21,61.43,64.01,58.63798710993644,64.16761087336239,61.845737662395116,60.09230335207034
2026-01-30,62.62,64.21,61.82,64.01,58.69143997451419,64.15260031399454,61.930610695242365,60.16988150351449
2026-02-02,63.41,64.01,63.02,63.02,58.734510223524,64.04473361742363,61.973331844448545,60.226319493543905
2026-02-03,64.01,64.21,62.22,62.62,58.77317181333968,63.90904470147852,61.99869137996037,60.27371910753313
2026-02-04,65.8,67.99,65.8,66.99,58.85493129778406,64.20246901562342,62.1944289729031,60.4067147687701
2026-02-05,66.6,66.6,64.61,65.4,58.92005635949766,64.31651958556405,62.32013764063239,60.50559170404198
2026-02-06,67.59,67.59,66,67.13,59.001747340995195,64.58447010122462,62.508759693940924,60.63676810594214
2026-02-09,66.33,66.93,65.33,66.93,59.08063542715445,64.80785390110799,62.68214166672755,60.76138655928982
2026-02-10,66.93,67.99,66.79,67.19,59.16132562190913,65.03472495814532,62.858920424895096,60.88868583534349
2026-02-11,66.99,67.19,66.2,66.99,59.23922287940257,65.22094162879814,63.02092354548745,61.009503937613914
2026-02-12,67.39,67.39,64.21,64.81,59.29465349751796,65.18180433081737,63.091083406448725,61.084761285383934
2026-02-13,64.21,66.4,63.81,64.81,59.3495325671944,65.14639439454905,63.15849190031348,61.15852838864366
2026-02-17,65.4,65.4,63.41,63.61,59.39192527796859,65.00007111887771,63.176198100301185,61.20707238094774
2026-02-18,65.2,66.2,65,66,59.457677265252485,65.09530244088936,63.28693542970114,61.301981838750756
2026-02-19,64.41,64.41,63.41,64.01,59.502974008881814,64.99194030366179,63.31529090304619,61.35560596075569
2026-02-20,64.81,65.8,64.01,65.6,59.56364093416657,65.0498507509321,63.404887338220846,61.4396533674734
2026-02-23,65.2,65.2,62.82,63.41,59.60191316367735,64.89367448893856,63.405087834761204,61.47867013247392
2026-02-24,63.22,64.61,62.82,63.61,59.64179462473529,64.77141977570632,63.41312360594704,61.52087468430612
2026-02-25,61.63,63.22,61.43,63.02,59.67540860856877,64.60461789230573,63.39770699394912,61.55056033412184
2026-02-26,64.01,65.4,62.62,65.4,59.73236971694122,64.68036856922899,63.47622828830406,61.62678686215903
2026-02-27,63.41,65.6,63.02,65.6,59.79075409786718,64.7679525150167,63.559513453468604,61.70546435003707
2026-03-02,62.62,65.6,62.62,64.61,59.838706793410786,64.75290941834845,63.600709004312975,61.762979907462075
2026-03-03,58.05,62.62,58.05,61.03,59.85056045715794,64.39834661660097,63.49989688649678,61.748465453848965
2026-03-04,60.43,61.23,60.23,60.83,59.8603061242509,64.05850408168659,63.39519504781063,61.73027801911928
2026-03-05,59.44,59.44,55.86,58.25,59.84428317774094,63.50531321676406,63.19342269299453,61.66136162270108
2026-03-06,54.07,55.86,53.28,55.26,59.79866841975347,62.720045291357955,62.882308077582984,61.53460198660799
2026-03-09,50.49,56.26,50.49,55.26,59.753507539954924,62.0095647874191,62.58339403532483,61.41035244231872
2026-03-10,54.27,55.26,53.47,53.47,59.690985076870795,61.196272902903,62.22600603393954,61.25311774049062
2026-03-11,52.08,52.48,51.49,51.68,59.611273782573576,60.28996119786461,61.81243716986348,61.063551052560115
2026-03-12,50.29,50.69,48.9,48.9,59.50469394394101,59.20520298854417,61.306067084770795,60.822688655479716
2026-03-13,50.09,50.09,47.51,47.91,59.38932385494657,58.129469370587586,60.78073112066214,60.56699185042071
2026-03-16,51.29,51.29,48.9,49.3,59.288932572807795,57.28856752576972,60.33050637083225,60.34388310090743
2026-03-17,51.68,51.68,49.9,50.09,59.19740090541667,56.602989666172604,59.92891788570158,60.14083591079046
2026-03-18,49.7,49.9,47.11,47.11,59.07712825959163,55.6988954122514,59.426215223517204,59.88279955612134
2026-03-19,45.32,47.51,44.53,46.91,58.956062306759875,54.86185775394175,58.93538325396751,59.62591243619815
2026-03-20,46.52,46.52,42.34,43.93,58.80654924898117,53.82072844404254,58.34693685185113,59.3151022889467
2026-03-23,47.31,48.7,46.91,47.11,58.690165674364444,53.18161144937182,57.90627266158246,59.073417095106166
2026-03-24,48.7,48.7,47.71,47.71,58.580910294520024,52.660505597050694,57.50641883171648,58.84839893480704
2026-03-25,49.1,49.1,47.31,48.11,58.4767221323855,52.22712411161729,57.13793181870799,58.63575737174155
2026-03-26,48.7,48.7,46.52,46.71,58.359640320122956,51.701683720034694,56.72899331601356,58.399603760419936
2026-03-27,44.73,44.93,42.34,42.94,58.20621106320631,50.86723765145996,56.18824848009146,58.093472992886866
2026-03-30,43.14,44.73,42.14,42.54,58.05032836605998,50.07416739893996,55.65302304949964,57.785483428671284
2026-03-31,42.54,47.31,42.54,47.31,57.94345942709421,49.81091336094568,55.325845675009454,57.57804811325205
2026-04-01,42.54,47.71,42.54,47.71,57.84163396015795,49.61082637418895,55.027185060303204,57.38264121992033
2026-04-02,45.52,48.31,45.52,48.31,57.74679183120115,49.48693814807572,54.76376603833053,57.20298495813973
2026-04-06,47.11,48.5,47.11,48.31,57.652893405020045,49.37484880063994,54.510677174082275,57.02688624609736
2026-04-07,47.51,48.31,46.52,48.11,57.557939241786016,49.2543870101028,54.259670226079045,56.85031424122415
2026-04-08,54.47,55.06,53.67,54.98,57.532288105051826,49.79968348533111,54.28791845250732,56.81327831565535
2026-04-09,53.98,55.57,53.58,55.37,57.510772800523945,50.33018982006148,54.33035302299723,56.78469854702851
2026-04-10,54.38,54.38,52.39,53.18,57.46768053385207,50.60160031338896,54.28524113974244,56.713318377780425
2026-04-13,53.38,55.57,51.99,55.37,57.446808090729164,51.05573361687572,54.3277807028898,56.68671801386398
2026-04-14,56.26,56.66,55.86,56.66,57.438979154503,51.58947327241137,54.41924028316863,56.68618894428251
2026-04-15,55.66,56.06,54.67,54.87,57.413417172866154,51.90190438932457,54.43691713480907,56.650224806771966
2026-04-16,56.06,56.06,52.88,53.28,57.37228864378291,52.03315159034128,54.39154783540479,56.583487681885394
2026-04-17,57.25,60.43,57.25,60.03,57.3987335328995,52.79475620078497,54.61266360656539,56.65173545056093
2026-04-20,58.64,59.24,58.25,59.04,57.41506454252239,53.38954132451973,54.786284641602045,56.699027817876555
2026-04-21,58.05,58.44,56.26,56.26,57.4035713629948,53.66291834123214,54.844077400754905,56.69033419772058
2026-04-22,58.64,58.64,55.66,56.66,57.396172642965006,53.94835468968623,54.915290051705696,56.689733520538
2026-04-23,56.85,57.05,54.87,55.66,57.378897293283764,54.11136852876373,54.944494363403514,56.66934275775507
2026-04-24,54.47,55.46,54.47,54.67,57.35194309136054,54.164571526024325,54.93372987856416,56.629751812056945
2026-04-27,55.86,55.86,55.06,55.06,57.32913768746641,54.249850428307724,54.93868164803223,56.598667617758785
2026-04-28,55.46,55.46,53.87,55.26,57.308549252765246,54.346055149421275,54.95128236771724,56.57215934810019
2026-04-29,55.46,55.46,53.28,53.67,57.272344782588476,54.28166894471449,54.90103600035578,56.51469084615761
2026-04-30,56.85,57.45,56.46,57.25,57.27212244644332,54.564367140455964,54.99315223563595,56.529251423461425
2026-05-01,57.65,58.05,56.06,56.85,57.267922223095624,54.78204646041254,55.065969795022774,56.53560288042259
2026-05-04,57.25,57.25,52.88,53.47,57.230131952219054,54.65708965465896,55.00338274423757,56.474897872889464
2026-05-05,53.87,55.46,53.87,54.47,57.20266795269448,54.639271592310486,54.98246577387531,56.43519692491145
2026-05-06,56.06,56.66,55.46,55.86,57.18930807256817,54.75553144066187,55.016878880782166,56.423806886794395
2026-05-07,56.26,56.85,54.27,55.26,57.170110977318735,54.80357606536074,55.02641304232012,56.400761205867774
2026-05-08,54.47,55.06,52.88,52.98,57.12841833077825,54.629902154374,54.94616155046443,56.33302336020702
2026-05-11,53.98,54.58,52.78,53.98,57.09709078519837,54.56800671110029,54.90827286221092,56.286428838222726
2026-05-12,52.58,54.18,51.79,53.87,57.06498042912674,54.50152988147169,54.86755627937912,56.23857876221832
2026-05-13,52.68,53.87,51.68,52.68,57.021348783065775,54.32805084514105,54.781769758619156,56.16811185603578
2026-05-14,53.08,53.87,52.88,53.87,56.989992078756664,54.284426955127614,54.746014081810564,56.12260469056972
2026-05-15,53.08,53.08,49.5,50.89,56.92929564016207,53.961148197496414,54.594797843308186,56.018988756103
2026-05-18,50.49,52.48,50.49,52.48,56.885024041752494,53.82008646440152,54.511864594551,55.94890977083363
2026-05-19,49.5,52.48,49.5,50.69,56.8233820114863,53.52198299160138,54.36198755162743,55.84477294368841
2026-05-20,51.09,54.47,51.09,53.67,56.792005076048625,53.5360798495441,54.33485078489694,55.80170813292231
2026-05-21,52.08,55.26,52.08,55.17,56.77586572205809,53.691691292444666,54.36760173450883,55.78919906098325
2026-05-22,55.97,56.77,55.57,56.37,56.771827257161995,53.94676831221184,54.44612715668495,55.80070006967665
2026-05-26,57.76,58.16,56.77,57.25,56.77658519490168,54.2613618062869,54.55608295446201,55.82939907819791
2026-05-27,58.44,59.24,57.85,57.85,56.78726593923101,54.60313687235482,54.68525617193409,55.86941097763953
2026-05-28,58.64,59.44,57.25,57.25,56.79187025824364,54.855219074987694,54.78583436127001,55.89674937412192
2026-05-29,56.46,56.85,55.06,55.26,56.776627768111865,54.89376963927458,54.8044290922006,55.884140475624456
2026-06-01,53.67,54.27,53.08,53.47,56.74372599927493,54.75817253077224,54.75209853956528,55.836335713730904
2026-06-02,54.07,54.27,53.08,53.47,56.71115161122244,54.63548943260346,54.70182016546468,55.789477580785736
2026-06-03,54.47,55.46,53.47,53.47,56.67890134643416,54.52449043902217,54.6535134923092,55.74354733166127
2026-06-04,57.05,57.05,55.46,56.26,56.67473317383283,54.6897770638772,54.71651296319904,55.753774117172924
2026-06-05,57.05,59.04,57.05,58.05,56.688417420859366,55.0097982958889,54.847237945034365,55.799243936634845
2026-06-08,58.05,58.44,55.26,55.46,56.67619436194534,55.05267464866139,54.87126782954282,55.7925262349193
2026-06-09,57.85,58.44,57.05,58.44,56.69374466680161,55.37527706307459,55.011218110737225,55.844951457990206
2026-06-10,58.44,59.24,56.46,56.46,56.69141884922149,55.47858400944844,55.06803308678675,55.8571306370399
2026-06-11,58.84,60.23,57.25,59.24,56.716777865647146,55.836814103786686,55.23163963240295,55.92411814917772
2026-06-12,60.03,61.23,60.03,61.03,56.75969549882478,56.331403236759385,55.45902631348519,56.025224720481134
2026-06-15,62.02,62.22,60.63,60.83,56.800196041125034,56.75984102373468,55.6696527325642,56.1203687854221
2026-06-16,61.63,62.22,61.63,61.63,56.848253791959614,57.2236656881409,55.9033918410911,56.229470393631566
2026-06-17,61.63,63.02,56.46,57.85,56.85822141592021,57.283316574984624,55.979729415950274,56.26156008880718
2026-06-18,59.84,60.43,57.65,58.25,56.87206995904538,57.37538166308133,56.06875963493262,56.30093513655357
2026-06-22,58.84,59.84,57.25,57.25,56.87583045696533,57.36344055231168,56.11508278650389,56.31972850018617
2026-06-23,58.44,61.23,58.44,60.63,56.91318537779155,57.67454145209152,56.29213836350374,56.40508041107358
2026-06-24,62.22,63.22,62.22,62.35,56.96728303572397,58.11982321855899,56.52970156493497,56.52280159105232
2026-06-25,63.74,64.14,60.95,61.75,57.01487225924911,58.465554340600995,56.73441915062379,56.626310470437424
2026-06-26,62.94,63.74,62.54,63.54,57.07979890343569,58.948834879591374,57.00130467412874,56.76321521359708
2026-06-29,63.34,63.34,61.35,61.75,57.12626856608807,59.21561251010648,57.18752802024134,56.86196342718922
2026-06-30,60.75,61.75,60.55,60.55,57.16033554552998,59.34269703295348,57.31938966650638,56.93499385437359
2026-07-01,61.95,64.34,61.5,61.5,57.20351628637048,59.548154458386485,57.48333516978064,57.02539001567312
2026-07-02,64.48,66.26,63.29,65.87,57.28974995516281,60.1502349861592,57.812223986651986,57.200530807441964
2026-07-06,63.49,65.47,63.09,65,57.36646886108159,60.61211736842975,58.09409755580289,57.35497574194807
2026-07-07,67.19,67.19,65.8,66.6,57.45834479281213,61.18239190476977,58.42766235753611,57.53804552923622
2026-07-08,65,65.2,64.21,64.41,57.527515491391114,61.48978315193455,58.66226383371116,57.67412383558798
2026-07-09,64.81,65,63.61,64.21,57.59400787456135,61.748851423178884,58.87982211474209,57.80354712597237
2026-07-10,65.6,66.79,65.4,65.8,57.67565953750104,62.134675097161846,59.15120163965417,57.96189272743827
2026-07-13,68.19,68.19,66.2,66.99,57.76833954210302,62.59708699267024,59.45860549692263,58.14066712887514
2026-07-14,66,66.2,64.81,65,57.84029636257961,62.82593585051117,59.675915085278604,58.27649550256078
2026-07-15,65.6,68.38,63.81,64.61,57.90765659777782,62.99584672189106,59.86940861134611,58.40191143320314
2026-07-16,66.6,69.38,66.6,69.38,58.0218092684467,63.6038613198062,60.24237297952862,58.61929932561496
2026-07-17,68.98,69.98,66.2,66.4,58.105174350352705,63.87016024172942,60.48384854895887,58.77337260629585
2026-07-20,65.8,65.8,64.01,64.01,58.163928834428795,63.883478313945666,60.622128998019306,58.87706819825039
2026-07-21,63.41,63.41,62.62,63.41,58.216128547519055,63.83838514118894,60.73145727260678,58.96682922402761
2026-07-22,65.8,66,64.21,64.41,58.277759109235284,63.8928246515519,60.87571385015161,59.07461478394786
2026-07-23,63.81,64.41,62.82,64.41,58.33877643153145,63.94207944664219,61.014313307008415,59.18026597634493
2026-07-24,64.81,66.2,64.81,65.8,58.41301746206347,64.11902426124769,61.201987294968866,59.3113498183975
2026-07-27,68.98,69.18,67.59,68.98,58.518161566918565,64.58197433160505,61.50700740104852,59.502808237835175
2026-07-28,70.97,72.36,70.37,71.76,58.649921153317386,65.26559582383314,61.909085542183874,59.745524906392895
2026-07-29,70.17,70.57,68.19,69.18,58.75469805726448,65.63839622156331,62.194219442490386,59.93234619537521
2026-07-30,67.39,68.58,65.4,68.58,58.852462255699656,65.9185489623668,62.444642209451544,60.10358686477372
2026-07-31,66.6,67.59,66.6,66.6,58.92955218350364,65.983449061189,62.60759741692403,60.232228709035624
2026-08-03,69.18,69.58,68.38,68.98,59.02955663938918,66.26883486488529,62.85749555743681,60.405451902916106
2026-08-04,68.98,71.37,68.38,70.97,59.1483670210868,66.71656487775336,63.17563298655694,60.61465087513559