time,open,high,low,close,EMA,EMA,EMA,EMA
2006-10-17,0.586,1.036,0.586,0.904,,,,
2006-10-18,3,3,0.957,0.974,,,,
2006-10-19,0.657,1.006,0.657,0.762,,,,
2006-10-20,0.58,0.849,0.454,0.801,,,,
2006-10-23,0.58,0.922,0.454,0.752,,,,
2006-10-24,0.58,1.355,0.454,1.159,,,,
2006-10-25,0.698,0.866,0.683,0.841,,,,
2006-10-26,0.661,1.012,0.6,0.789,,,,
2006-10-27,0.709,1.12,0.684,1.032,,,,
2006-10-30,0.888,0.915,0.773,0.818,,,,
2006-10-31,1,1.122,0.605,0.968,,,,
2006-11-01,0.584,0.913,0.584,0.913,,,,
2006-11-02,0.584,1.138,0.046,0.913,,,,
2006-11-03,0.976,1.139,0.045,0.933,,,,
2006-11-06,0.976,1.139,0.038,0.755,,,,
2006-11-07,0.976,1.139,0.038,0.785,,,,
2006-11-08,0.976,1.139,0.019,0.771,,,,
2006-11-09,0.976,1.139,0.019,0.839,,,,
2006-11-13,0.976,1.146,0.011,0.791,,,,
2006-11-14,0.976,1.146,0.011,0.812,,0.8656,,
2006-11-15,0.976,2.176,0.011,0.829,,0.8621142857142857,,
2006-11-16,0.667,0.886,0.278,0.779,,0.8541986394557823,,
2006-11-17,0.667,0.886,0.056,0.807,,0.849703530936184,,
2006-11-20,0.667,1.001,0.049,0.872,,0.851827004180357,,
2006-11-21,0.667,1.479,0.049,1.046,,0.8703196704488944,,
2006-11-22,0.667,1.479,0.049,0.885,,0.8717177970728092,,
2006-11-24,0.983,1.249,0.767,1.06,,0.8896494354468274,,
2006-11-27,0.857,1.29,0.594,1.275,,0.9263494892137962,,
2006-11-28,0.575,1.03,0.575,0.93,,0.9266971569077204,,
2006-11-29,0.484,0.941,0.458,0.669,,0.9021545705355565,,
2006-11-30,0.855,0.855,0.474,0.768,,0.8893779447702654,,
2006-12-01,0.377,0.952,0.37,0.912,,0.8915324262207164,,
2006-12-04,0.737,0.884,0.678,0.878,,0.8902436237235053,,
2006-12-05,0.577,0.84,0.521,0.761,,0.8779347071784096,,
2006-12-06,0.577,0.934,0.468,0.851,,0.875369496970942,,
2006-12-07,0.528,0.908,0.508,0.874,,0.8752390686879952,,
2006-12-08,0.486,0.88,0.478,0.78,,0.8661686811939004,,
2006-12-11,0.691,0.842,0.519,0.725,,0.8527240448897194,,
2006-12-12,0.645,3.813,0.63,0.966,,0.8635122310906985,,
2006-12-13,0.796,1.041,0.503,0.893,,0.8663205900344415,,
2006-12-14,0.712,0.906,0.562,0.641,,0.8448614862216376,,
2006-12-15,0.461,0.744,0.461,0.744,,0.8352556303910055,,
2006-12-18,0.692,1.22,0.655,1.132,,0.8635169989251954,,
2006-12-19,0.825,1.009,0.642,0.958,,0.8725153799799387,,
2006-12-20,2,2,0.73,0.848,,0.8701805818866112,,
2006-12-21,0.872,1.024,0.591,0.79,,0.8625443359926482,,
2006-12-22,0.859,1.368,0.747,1.101,,0.8852543992314437,,
2006-12-26,0.419,0.846,0.419,0.846,,0.8815158850189252,,
2006-12-27,0.808,0.834,0.68,0.772,,0.8710858007314085,,
2006-12-28,0.575,0.934,0.569,0.906,,0.8744109625665125,0.8722000000000001,
2006-12-29,0.575,1.148,0.519,0.881,,0.8750384899411304,0.8725450980392158,
2007-01-03,0.741,0.851,0.6,0.85,,0.872653871851499,0.8716609765474818,
2007-01-04,0.48,0.989,0.48,0.835,,0.8690677888180229,0.8702232911926786,
2007-01-05,0.559,1.007,0.559,0.901,,0.8721089517877351,0.8714302209498285,
2007-01-08,0.5,0.879,0.333,0.867,,0.8716223849508079,0.8712564867949333,
2007-01-09,0.711,0.83,0.587,0.781,,0.8629916816221596,0.8677170167245437,
2007-01-10,0.806,1,0.774,0.812,,0.8581353309914777,0.8655320356765224,
2007-01-11,0.706,0.721,0.424,0.72,,0.8449795851827655,0.8598248970225411,
2007-01-12,0.708,0.751,0.708,0.751,,0.8360291484986926,0.8555572540020493,
2007-01-16,0.597,1.114,0.585,0.914,,0.8434549438797695,0.8578491263941258,
2007-01-17,1.725,1.725,0.788,0.873,,0.8462687587483628,0.8584432783002385,
2007-01-18,0.894,0.987,0.686,0.908,,0.8521479245818521,0.8603866791512095,
2007-01-19,0.866,0.943,0.671,0.831,,0.8501338365264376,0.859234260360966,
2007-01-22,0.524,0.976,0.524,0.969,,0.8614544235239198,0.8635387991703398,
2007-01-23,0.68,1.07,0.643,0.917,,0.8667444784264036,0.8656353168499343,
2007-01-24,0.704,1.073,0.588,0.841,,0.8642926233381747,0.8646692259930742,
2007-01-25,0.65,1.273,0.579,1.203,,0.896550468734539,0.8779370994835418,
2007-01-26,0.667,1.025,0.434,0.961,,0.9026885193312496,0.881194468131246,
2007-01-29,0.671,1.51,0.587,0.992,,0.9111943746330353,0.8855397831064913,
2007-01-30,0.668,1.101,0.587,0.936,,0.9135568151441749,0.8875186151415309,
2007-01-31,0.632,0.797,0.498,0.792,,0.9019799756066345,0.883772787096765,
2007-02-01,0.639,0.851,0.622,0.851,,0.8971247398345741,0.882487579759637,
2007-02-02,0.564,1.059,0.528,0.971,,0.9041604788979479,0.8859586550631806,
2007-02-05,0.547,1.118,0.498,0.823,,0.8964309094790958,0.8834896881979578,
2007-02-06,0.515,0.966,0.508,0.859,,0.8928660609572772,0.8825293082686261,
2007-02-07,0.787,0.908,0.49,0.908,,0.8943073884851556,0.8835281589247584,
2007-02-08,0.787,0.985,0.49,0.844,,0.8895162086294265,0.8819780350453561,
2007-02-09,0.572,1.036,0.525,0.942,,0.8945146649504335,0.884331837592597,
2007-02-12,0.884,1.284,0.753,1.18,,0.9217037444789636,0.8959266674909265,
2007-02-13,0.73,1.018,0.656,0.967,,0.9260176735762052,0.8987138570010863,
2007-02-14,3.281,3.281,0.972,0.978,,0.9309683713308523,0.9018231175108476,
2007-02-15,0.644,0.921,0.555,0.758,,0.9144951931088664,0.8961829952555203,
2007-02-16,0.884,1.087,0.772,0.845,,0.9078766032889743,0.8941758189709901,
2007-02-20,0.64,1.227,0.604,0.956,,0.9124597839281197,0.8966002966584022,
2007-02-21,0.983,1.276,0.872,1.126,,0.9327969473635368,0.9055963634561119,
2007-02-22,0.7,1.261,0.618,1.033,,0.9423400952336761,0.9105925844970487,
2007-02-23,0.75,1.446,0.677,1.427,,0.9884981814018975,0.9308438556932429,
2007-02-26,0.769,1.037,0.357,1.019,,0.9914031165064787,0.9343009593915471,
2007-02-27,0.769,1.95,0.039,1.703,,1.0591742482677664,0.9644460198075648,
2007-02-28,0.769,1.95,0.039,1.083,,1.06144336748036,0.9690951955013858,
2007-03-01,1.288,1.593,1.175,1.417,,1.095305903910802,0.9866600897954491,
2007-03-02,0.941,1.409,0.849,1.3,,1.1148005797288207,0.9989479294113138,
2007-03-05,0.941,1.409,0.849,1.3,,1.1324386197546474,1.0107538929638114,
2007-03-06,0.941,1.409,0.849,1.3,,1.148396846444681,1.0220968775534658,
2007-03-07,0.941,1.409,0.849,1.3,,1.1628352420213781,1.0329950392180358,
2007-03-08,0.941,1.409,0.849,1.3,,1.1758985523050565,1.0434658219937991,
2007-03-09,0.901,1.231,0.884,1.159,,1.1742891663712416,1.0479965740724737,
2007-03-12,0.901,1.276,0.704,1.055,,1.1629282933835043,1.0482712182264944,
2007-03-13,0.907,1.446,0.907,1.446,,1.1898875035374563,1.0638684253548671,
2007-03-14,0.907,1.935,0.907,1.656,,1.2342791698672224,1.087089271419382,0.94651
2007-03-15,0.617,1.221,0.617,1.126,,1.223966867975106,1.0886151823441121,0.9500642574257425
2007-03-16,0.791,1.259,0.666,1.225,,1.2240652615012864,1.0939636065659117,0.9555085295559258
2007-03-19,0.452,0.856,0.452,0.816,,1.1852019032630685,1.0830630729750916,0.9527459844162045
2007-03-20,0.653,1.244,0.577,0.934,,1.1612779124761097,1.077217462270186,0.9523747768040024
2007-03-21,2.911,2.911,1.12,1.124,,1.1577276350974326,1.0790520715929237,0.9557732960752102
2007-03-22,0.492,0.943,0.492,0.937,,1.1367059555643437,1.0734814021186914,0.9554015476380774
2007-03-23,0.671,0.97,0.636,0.925,,1.1165434836058348,1.0676586020356054,0.9547995367937591
2007-03-26,0.668,1.151,0.591,0.986,,1.1041107708814695,1.064456303916562,0.9554173677483381
2007-03-27,0.487,1.115,0.487,0.974,,1.0917192688927582,1.0609089978806183,0.9557853406642126
2007-03-28,0.828,1.445,0.828,1.373,,1.1185079099505908,1.0731478607088294,0.9640470170867035
2007-03-29,0.614,1.341,0.614,1.168,,1.1232214423362488,1.076867552445738,0.9680856900156797
2007-03-30,0.669,1.214,0.669,1.207,,1.1312003525899395,1.0819707856831602,0.9728166664510127
2007-04-02,0.669,1.214,0.622,0.826,,1.1021336523432785,1.0719327156563696,0.9699094057292105
2007-04-03,0.633,1.127,0.544,1.127,,1.104501875929633,1.0740922170031786,0.9730201105662558
2007-04-04,0.657,1.098,0.593,1.038,,1.0981683639363347,1.0726768359442305,0.9743068410500924
2007-04-05,0.784,1.025,0.569,0.77,,1.066914234037636,1.0608071561032804,0.9702611610292985
2007-04-09,0.549,0.801,0.54,0.776,,1.0392081165102423,1.0496382480207989,0.966414405365352
2007-04-10,0.647,1.205,0.603,1.113,,1.0462359149378382,1.0521230226082185,0.9693170904076222
2007-04-11,2.134,2.134,0.64,0.989,,1.040784875419949,1.0496476099569159,0.9697068509936099
2007-04-12,0.719,1.091,0.719,1.023,,1.0390910777609061,1.0486026056448798,0.9707621608749245
2007-04-13,0.76,1.003,0.613,0.956,,1.0311776417836769,1.044971130913708,0.9704698408575992
2007-04-16,0.645,0.907,0.565,0.803,,1.0094464378042791,1.0354820669563076,0.9671536063851716
2007-04-17,0.645,0.907,0.337,0.897,,0.9987372532514907,1.0300513976639034,0.9657644260607127
2007-04-18,2.15,2.15,0.771,0.803,,0.980095610084682,1.0211474212849267,0.9625413681189163
2007-04-19,0.682,1.161,0.682,0.938,,0.9760865043623314,1.0178867380972825,0.9620554004333932
2007-04-20,0.682,0.978,0.635,0.746,,0.9541735039468713,1.0072245130738597,0.9577770756723359
2007-04-23,0.507,0.919,0.48,0.919,,0.9508236464281217,1.0037647282474338,0.9570092127877352
2007-04-24,0.893,1.265,0.578,1.203,,0.9748404420063959,1.011577876159299,0.9618803174850078
2007-04-25,0.537,0.983,0.537,0.812,,0.9593318284819772,1.003751292780503,0.9589123904060968
2007-04-26,0.586,1.008,0.586,0.83,,0.9470145114836936,0.9969375165930323,0.9563596698039959
2007-04-27,0.586,1.083,0.586,1.01,,0.9530131294376276,0.997449770844286,0.9574218545603524
2007-04-30,0.599,0.985,0.573,0.954,,0.9531071171102345,0.9957458582621571,0.9573540950641078
2007-05-01,0.599,1.171,0.504,1.157,,0.9725254869092599,1.0020695500950136,0.9613074793202642
2007-05-02,0.65,0.813,0.587,0.813,,0.9573325833940922,0.9946550579344249,0.958370697551546
2007-05-03,0.2,1.281,0.2,0.867,,0.9487294802137025,0.9896489772311141,0.9565613768079511
2007-05-04,0.642,1.337,0.582,0.831,,0.9375171487647784,0.9834274487122469,0.9540750129107639
2007-05-07,0.588,0.866,0.517,0.696,,0.9145155155490853,0.9721557840568646,0.9489646166155012
2007-05-08,0.441,1.18,0.441,0.997,,0.9223711807348867,0.9731300670350268,0.9499158123260854
2007-05-09,0.441,1.18,0.441,0.738,,0.9048120206648974,0.9639092800924768,0.945719459606757
2007-05-10,0.604,1.265,0.604,1.103,,0.9236870663158595,0.9693638181280659,0.9488339257531578
2007-05-11,0.861,0.996,0.679,0.943,,0.9255263933333967,0.9683299429073574,0.9487184024709171
2007-05-14,0.781,0.905,0.497,0.869,,0.9201429273016446,0.9644346510286375,0.9471398202437702
2007-05-15,0.781,0.905,0.497,0.869,,0.9152721723205356,0.9606921156941811,0.9455924970706262
2007-05-16,0.781,0.905,0.497,0.869,,0.9108652987661988,0.9570963464512721,0.9440758139603168
2007-05-17,0.916,0.916,0.662,0.79,,0.8993543179313227,0.9505435485512221,0.9410248077432808
2007-05-18,0.781,0.905,0.497,0.869,,0.896463430509292,0.9473457623335272,0.9395985739265822
2007-05-21,0.781,0.905,0.497,0.869,,0.8938478656988832,0.9442733794969183,0.9382005823636795
2007-05-22,0.688,1.338,0.659,1.21,,0.92395759277518,0.9546940312813529,0.9435827490495473
2007-05-23,0.781,0.905,0.497,0.869,,0.9187235363204009,0.9513334810350254,0.9421058629297543
2007-05-24,0.781,0.905,0.497,0.869,,0.9139879614327437,0.9481047170728675,0.9406582220796601
2007-05-25,0.781,0.905,0.497,0.869,,0.9097033936772443,0.9450025713053041,0.9392392473850134
2007-05-29,0.744,0.954,0.708,0.913,,0.9100173561841735,0.9437475685090176,0.9387196583278844
2007-05-30,0.838,1.15,0.781,0.932,,0.9121109413094902,0.9432868795478797,0.9385865957867382
2007-05-31,0.52,0.934,0.442,0.93,,0.9138146611847768,0.9427658254479628,0.9384165641870008
2007-06-01,0.658,0.898,0.658,0.895,,0.9120227886909885,0.9408926558225525,0.9375568302427038
2007-06-04,0.628,0.927,0.583,0.9,,0.9108777611966087,0.9392890222608838,0.9368131306339373
2007-06-05,0.701,1.039,0.701,0.947,,0.9143179744159793,0.9395914135447707,0.9370148508194039
2007-06-06,0.753,1.658,0.733,1.127,,0.9345734054239813,0.9469407698763483,0.940776932981396
2007-06-07,0.631,1.277,0.619,1.245,,0.9641378430026497,0.9586293671360994,0.9468011521302793
2007-06-08,0.983,1.426,0.983,1.119,,0.9788866198595402,0.9649184115621346,0.9502110303059172
2007-06-11,0.656,1.409,0.644,1.077,,0.9882307513014887,0.9693137679714627,0.9527217029731269
2007-06-12,0.871,1.404,0.818,1.104,,0.9992563940346803,0.9745955809921897,0.9557173128152432
2007-06-13,0.878,1.518,0.878,0.957,,0.9952319755551869,0.9739055582081823,0.955742712561476
2007-06-14,0.706,0.849,0.617,0.792,,0.9758765493118358,0.9667720069059006,0.9525002826097636
2007-06-15,0.593,1.22,0.593,1.041,,0.9820787827107086,0.9696829085958653,0.9542527522610554
2007-06-18,0.657,1.107,0.657,0.92,,0.9761665176906411,0.9677345592391646,0.9535744799390543
2007-06-19,0.488,0.916,0.476,0.916,,0.9704363731486753,0.9657057529944915,0.9528304308313502
2007-06-20,1.547,1.547,0.901,1.053,,0.9782995757059443,0.969129056798629,0.954813986656472
2007-06-21,0.669,1.31,0.652,0.986,,0.9790329494482353,0.9697906624143691,0.9554315314751557
2007-06-22,0.767,1.174,0.749,1.037,,0.9845536209293557,0.9724263227118448,0.9570467486736675
2007-06-25,0.839,1.235,0.722,1.117,,0.9971675617932266,0.9780958786839293,0.9602141397890404
2007-06-26,0.79,1.213,0.636,1.114,,1.0082944606700621,0.9834254520688733,0.9632594043476732
2007-06-27,1.007,1.442,0.844,0.844,,0.9926473691776753,0.9779577872818587,0.960897831984353
2007-06-28,1.232,1.232,0.786,0.883,,0.9822047625893252,0.9742339524864917,0.9593553006579302
2007-06-29,0.813,1.057,0.685,1.022,,0.9859947851998657,0.9761071308203547,0.9605957897538128
2007-07-02,0.599,1.136,0.558,0.849,,0.9729476627998785,0.9711225374548507,0.9583859721349254
2007-07-03,0.452,1.058,0.427,0.906,,0.9665716949141758,0.9685687124566212,0.9573486261520555
2007-07-05,0.604,0.937,0.556,0.903,,0.9605172477794924,0.9659973903994988,0.956272415733203
2007-07-06,0.588,0.908,0.53,0.875,,0.9523727479909694,0.962428865285793,0.9546630609662089
2007-07-09,0.668,0.842,0.609,0.806,,0.9384324862775437,0.9562943999804677,0.951719237976779
2007-07-10,0.627,1.192,0.597,1.011,,0.9453436780606348,0.9584397176282925,0.9528931144524864
2007-07-11,0.645,1.442,0.645,0.899,,0.9409299944358125,0.956108748309536,0.9518259240672886
2007-07-12,0.576,0.77,0.576,0.764,,0.924079518775259,0.9485750719052405,0.9481065988382333
2007-07-13,0.521,1.234,0.521,0.942,,0.9257862312728533,0.9483172259481722,0.9479856760889613
2007-07-16,0.523,0.852,0.485,0.826,,0.9162827806754387,0.9435204719894204,0.9455701181466056
2007-07-17,0.477,0.94,0.477,0.931,,0.9176844206111112,0.9430294730878744,0.9452816009555838
2007-07-18,1.722,1.727,1.097,1.097,,0.9347620948386244,0.9490675329667814,0.9482859256891366
2007-07-19,0.595,0.887,0.595,0.796,,0.9215466572349459,0.9430648846151429,0.9452703628042032
2007-07-20,0.557,1.407,0.557,1.23,,0.9509231660697129,0.9543172420812157,0.9509085734417437
2007-07-23,0.447,0.812,0.447,0.812,,0.9376923883487879,0.9487361737643053,0.9481579086211152
2007-07-24,1.281,1.488,1.015,1.488,,0.9901026370774747,0.9698837747931561,0.9588478510246574
2007-07-25,0.591,1.091,0.591,1.048,,0.9956166716415248,0.9729471561738167,0.9606132401132781
2007-07-26,1.069,1.681,1.059,1.518,,1.0453674648185225,0.9943217775003337,0.9716506016951933
2007-07-27,0.926,1.379,0.926,1.379,,1.0771419919786631,1.0094071979905166,0.9797169264141005
2007-07-30,1.197,1.197,0.845,1.163,,1.0853189451235523,1.0154304451281433,0.9833462942078807
2007-07-31,0.624,1.274,0.555,1.273,,1.1031933313022617,1.025531211985863,0.9890820111542593
2007-08-01,0.619,1.403,0.619,1.347,,1.1264130140353796,1.0381378311236724,0.9961694960818978
2007-08-02,0.785,1.145,0.785,1.11,,1.124849869841534,1.0409559553933323,0.9984235654664146
2007-08-03,1.21,1.888,1.027,1.462,,1.156959406047102,1.057467486554378,1.0076032968433173
2007-08-06,1.145,1.487,1.111,1.266,0.96824,1.1673442245188066,1.0656452321796965,1.0127200632424596
2007-08-07,0.793,1.447,0.562,1.044,0.9689938308457712,1.1555971555170155,1.0647963995451986,1.0133394679307277
2007-08-08,0.63,1.232,0.614,1.008,0.9693819519318829,1.141540283563014,1.0625690897591122,1.0132337358924954
2007-08-09,1.082,1.491,0.936,1.158,0.9712587484300731,1.1431078756046316,1.0663114783960097,1.0161003945876936
2007-08-10,1.243,1.512,1.08,1.099,0.9725298056596247,1.1389071255470475,1.0675933812040093,1.0177419709324917
2007-08-13,0.857,1.205,0.848,1.013,0.972932494160524,1.126915970733043,1.0654524642940482,1.017648070517987
2007-08-14,0.632,1.413,0.587,1.413,0.9773112753131555,1.1541620687584675,1.0790817794197718,1.0254768215968386
2007-08-15,0.984,1.914,0.984,1.493,0.9824425064045669,1.1864323479243277,1.0953138665013493,1.0347347063176933
2007-08-16,1.309,1.93,1.309,1.527,0.9878609889279045,1.218867362407725,1.1122427344816885,1.0444825339153627
2007-08-17,0.577,1.235,0.489,1.232,0.9902902328191692,1.2201180897974655,1.1169390978353477,1.0481957510655535
2007-08-20,0.695,0.94,0.681,0.918,0.9895709270199735,1.1913449383881831,1.1091375645869028,1.0456176173810872
2007-08-21,0.897,1.035,0.734,0.914,0.9888189774973867,1.1649311347321656,1.101485111073691,1.0430113279279962
2007-08-22,3.274,3.274,1.081,1.092,0.9898456543382087,1.1579853123767212,1.1011131459335461,1.0439814006422934
2007-08-23,0.704,1.189,0.704,1.153,0.9914690806632016,1.1575105207217953,1.1031479245243874,1.0461401847879905
2007-08-24,2.119,2.119,1.067,1.068,0.9922305823481449,1.1489857092244815,1.101769574543039,1.046573052415951
2007-08-27,0.629,0.977,0.57,0.977,0.9920790342650787,1.132606117869769,1.096876650051155,1.0451953682096946
2007-08-28,1.085,2.177,0.99,1.299,0.9951329742226401,1.1484531542631244,1.1048030559315019,1.050221202502572
2007-08-29,0.904,1.016,0.812,0.958,0.9947634918920666,1.1303147586190174,1.0990460733459528,1.0483950400767783
2007-08-30,1.016,1.055,0.745,0.93,0.9941190790374191,1.1112371625600634,1.09241681556768,1.0460505838376342
2007-08-31,0.729,1.061,0.686,1.059,0.9947646603405293,1.1062621946972002,1.0911063522120847,1.0463070079200572
2007-09-04,0.773,1.038,0.7,1.026,0.9950754597401261,1.0986181761546097,1.0885531619292579,1.0459048889513431
2007-09-05,0.941,1.289,0.909,1.149,0.9966070472053985,1.1034164450922659,1.0909236261673263,1.0479463762988412
2007-09-06,0.873,1.031,0.775,0.883,0.9954766288252452,1.0824244027025263,1.08276975847449,1.0446801114216364
2007-09-07,1.015,1.184,0.948,1.184,0.9973524832647951,1.0920982691118095,1.0867395718676471,1.0474389210964554
2007-09-10,0.962,1.475,0.801,1.159,0.9989609162671355,1.0984698625297324,1.0895733141473471,1.0496480513717732
2007-09-11,0.744,1.227,0.741,1.059,0.9995583200853729,1.0947108280030913,1.0883743606513727,1.0498332384733222
2007-09-12,0.723,1.014,0.678,0.859,0.9981597298357673,1.0722621777170827,1.0793792876846522,1.0460543624639496
2007-09-13,0.889,1.112,0.793,1.043,0.9986059016781974,1.069475303648789,1.0779526489519207,1.0459938800389208
2007-09-14,1.215,1.276,0.911,1.103,0.9996446489251806,1.0726681318727138,1.0789348980126297,1.047122714097556
2007-09-17,0.785,1.054,0.701,1.038,1.000026294209507,1.0693664050276934,1.0773296078944874,1.0469420662936442
2007-09-18,0.859,1.38,0.831,1.037,1.0003941917795618,1.0662838902631513,1.0757480546437233,1.04674519369377
2007-09-19,2.029,2.029,0.854,0.977,1.0001614137519044,1.0577806626190416,1.071875581912597,1.0453641007493388
2007-09-20,0.627,1.247,0.627,1.009,1.0002493598837263,1.053134885226752,1.0694098728179853,1.0446440195463815
2007-09-21,0.692,1.117,0.692,0.858,0.9988339433674703,1.0345506104432518,1.061119289570221,1.0409480983672452
2007-09-24,0.55,0.917,0.524,0.809,0.99694504840859,1.013069599924847,1.051232258606683,1.0363550667164088
2007-09-25,0.781,1.258,0.781,1.144,0.9984082817577582,1.0255391618367662,1.054870209249558,1.0384866495537075
2007-09-26,0.592,0.964,0.567,0.874,0.9971703884069347,1.011106860709455,1.0477772598672226,1.0352294881764064
2007-09-27,0.527,0.851,0.463,0.851,0.9957159566814926,0.9958585882609355,1.040060504578312,1.0315813794996458
2007-09-28,0.743,1.18,0.717,1.091,0.9966640566150101,1.0049196750932274,1.0420581318497508,1.0327579858461875
2007-10-01,0.665,0.881,0.575,0.88,0.9955032202307812,0.9930225631795867,1.035702910992898,1.029733075235372
2007-10-02,0.726,1.015,0.709,1.001,0.9955579145568431,0.9937823190672451,1.0343420125225882,1.0291641034485328
2007-10-03,0.861,0.861,0.665,0.825,0.9938608208796605,0.9777078124894123,1.0261325218354278,1.0251212499148985
2007-10-04,0.623,0.984,0.58,0.735,0.9912850913186689,0.9545927827285159,1.0147155601948228,1.019376274669059
2007-10-05,0.844,0.911,0.737,0.776,0.9891429511065428,0.9375839462781811,1.0053541656773788,1.0145569424973944
2007-10-08,0.648,0.887,0.639,0.808,0.9873405336825971,0.9252426180612114,0.9976147866312071,1.0104667060122974
2007-10-09,0.493,0.809,0.487,0.809,0.9855660010091384,0.9141718925315723,0.990218128331944,1.0064772662892816
2007-10-10,0.561,0.908,0.561,0.9,0.9847145980140226,0.9128221884809463,0.986680162515005,1.0043688055706819
2007-10-11,0.48,0.907,0.461,0.907,0.9839413184317936,0.9122676943399038,0.9835554502595146,1.0024407104108664
2007-10-12,0.677,0.782,0.566,0.77,0.9818125490941638,0.8987183901170559,0.9751807267199258,0.9978379240660967
2007-10-15,0.433,0.833,0.433,0.802,0.9800233695011871,0.8895071148678125,0.9683893256720856,0.9939599453717186
2007-10-16,1.007,1.231,0.849,0.944,0.979664928013613,0.8946969134518303,0.9674328815280823,0.9929706395227736
2007-10-17,1.945,1.945,0.902,0.943,0.9793001028592487,0.8992972074087988,0.9664747293112947,0.9919811219084613
2007-10-18,0.803,1.003,0.728,0.791,0.9774264699949776,0.8889831876555799,0.9595933673775184,0.9880012977122542
2007-10-19,0.761,1.163,0.761,1.161,0.9792530722835848,0.9148895507360009,0.9674916666960471,0.9914270145892393
2007-10-22,0.859,1.072,0.859,1.013,0.9795888626091213,0.924233403046858,0.9692763072177708,0.9918542024191553
2007-10-23,0.533,1.081,0.533,0.973,0.97952330178714,0.9288778408519192,0.9694223343857014,0.9914808518762017
2007-10-24,0.674,1.062,0.654,0.992,0.9796474480380142,0.9348894750564983,0.9703077330372425,0.991491132037069
2007-10-25,0.648,1.118,0.647,1.095,0.9807952346247006,0.9501380964796889,0.9751976258593115,0.9935408125907904
2007-10-26,0.812,0.854,0.514,0.823,0.9792251327876389,0.9380297063387661,0.9692290915118875,0.9901637667969134
2007-10-29,0.404,0.922,0.393,0.922,0.9786557284812942,0.936503067639836,0.9673769702761272,0.9888139892365785
2007-10-30,0.689,1.17,0.662,1.149,0.9803506963571023,0.9567408707217564,0.9744994420300046,0.9919859894497155
2007-10-31,0.597,0.901,0.597,0.806,0.978615863557529,0.9423845973196844,0.967891620773926,0.9883030985695231
2007-11-01,0.964,1.653,0.882,0.971,0.9785400838206382,0.9451098737654288,0.9680135179984779,0.9879604629542851
2007-11-02,0.689,1.392,0.689,1.16,0.9803456551259054,0.9655756000734832,0.9755423996455964,0.9913671864601408
2007-11-05,0.667,1.089,0.648,1.031,0.980849678457986,0.9718064953045801,0.9777172075026318,0.9921519946490489
2007-11-06,0.663,0.998,0.631,0.987,0.9809108756872598,0.9732534957517629,0.97808123858096,0.9920499749530282
2007-11-07,0.641,1.094,0.641,1.064,0.9817376331431079,0.9818960199658807,0.9814506017738635,0.9934747279242553
2007-11-08,0.672,1.272,0.647,1.244,0.9843472089327288,1.006858303778654,0.9917466566062609,0.9984356244010028
2007-11-09,0.82,1.253,0.807,1.087,0.9853686297393682,1.014490846275925,0.995482081837388,1.000189374412864
2007-11-12,0.782,1.078,0.782,0.932,0.9848375985976829,1.0066345752020274,0.9929925884320002,0.9988390897710252
2007-11-13,0.786,1.27,0.769,1.21,0.9870780205021836,1.0260027108970724,1.0015026830032943,1.0030204939339753
2007-11-14,0.756,0.973,0.691,0.919,0.986400627263356,1.0158119765259226,0.9982672836698318,1.0013567217768669
2007-11-15,0.937,1.346,0.937,1.311,0.9896304717681982,1.0439251216186918,1.010531311761211,1.0074882718406912
2007-11-16,0.99,1.533,0.935,1.273,0.992450069064037,1.0657417767026258,1.0208242014960653,1.0127459298240438
2007-11-19,0.562,1.18,0.562,1.133,0.9938485758395192,1.0721473217785662,1.0252232524177882,1.0151271985403993
2007-11-20,0.801,1.495,0.801,1.125,0.9951535651346484,1.0771809101806076,1.0291360660484632,1.0173028975792033
2007-11-21,2.588,2.588,1.176,1.219,0.9973808928447514,1.090687490163407,1.0365817105171509,1.021296899607338
2007-11-23,0.562,0.925,0.557,0.889,0.996302476000525,1.071479157766892,1.0307941924576547,1.018677159021054
2007-11-26,0.641,0.988,0.63,0.988,0.9962198642990272,1.0635287617890927,1.0291159888318644,1.0180696905255875
2007-11-27,0.538,1.247,0.538,0.829,0.9945559850522707,1.0411926892377505,1.0212683029953207,1.014325736257754
2007-11-28,0.864,1,0.837,0.899,0.9936051792308551,1.0276505283579649,1.0164734675837395,1.012042058312056
2007-11-29,0.472,0.901,0.472,0.882,0.9924946799350257,1.01377904946673,1.0111999982667301,1.009466968048451
2007-11-30,0.747,1.099,0.584,1.082,0.9933852801346772,1.020276282850851,1.0139764689229367,1.0109032657108579
2007-12-03,0.76,1.053,0.76,0.811,0.9915705012278645,1.000345208293627,1.006016607396547,1.006944785201732
2007-12-04,0.756,1.093,0.61,1.073,0.9923807449967414,1.0072647122656626,1.0086434071064865,1.0082528092571432
2007-12-05,0.829,0.897,0.773,0.894,0.9914018321112017,0.9964775968117899,1.0041475872199577,1.005990377390665
2007-12-06,0.678,1.038,0.614,0.886,0.9903530576623341,0.9859559209249528,0.9995143485054495,1.0036143303136222
2007-12-07,0.554,1.218,0.554,0.996,0.9904092461433058,0.986912499884481,0.9993765309170005,1.0034635514955308
2007-12-10,0.618,0.989,0.582,0.955,0.9900569153359098,0.9838732141811971,0.9976362748026083,1.0025038772084907
2007-12-11,0.658,1.111,0.65,1.111,0.9912603291136619,0.9959805271163212,1.002081911084859,1.00465231528357
2007-12-12,0.731,1.086,0.731,0.973,0.9910786342966106,0.9937919054861954,1.0009414439834918,1.0040255367631032
2007-12-13,0.678,1.222,0.629,1.068,0.9918440210200274,1.0008593430589388,1.0035711912782568,1.0052923578172992
2007-12-14,0.918,1.226,0.841,1.047,0.992392836731271,1.0052536913390397,1.0052742818163642,1.0061182517219072
2007-12-17,0.59,1.129,0.59,1.128,0.99374216173892,1.016943815973417,1.0100870550784675,1.00853175168781
2007-12-18,0.738,1.478,0.695,1.022,0.9940233342589307,1.017425357309282,1.0105542293891159,1.00879844967419
2007-12-19,1.869,1.869,1.115,1.152,0.9955952413807324,1.0302419899464932,1.0161011223542487,1.0116341239380673
2007-12-20,0.643,1.063,0.602,0.676,0.9924151892276903,0.9965046575706367,1.0027638234383958,1.004987903662066
2007-12-21,0.748,1.11,0.559,0.574,0.9882518540114944,0.9562661187543855,0.9859495558525764,0.9964534897281636
2007-12-24,0.523,0.9,0.508,0.9,0.9873737261108825,0.9509074407777773,0.9825789850348283,0.9945435196345366
2007-12-26,0.744,1.088,0.68,1.013,0.9876287139107742,0.9568210178465605,0.9837719660138546,0.9949089944932586
2007-12-27,0.77,1.104,0.643,0.973,0.9874831545683784,0.9583618732897452,0.9833495359740956,0.9944751530181446
2007-12-28,0.4,1.052,0.4,0.922,0.9868315808910811,0.9548988377383409,0.9809436718182487,0.9930400014732308
2007-12-31,0.618,1.068,0.526,1.068,0.9876392268523639,0.965670377001356,0.984357645472435,0.9945243578797015
2008-01-02,0.782,1.36,0.596,1.165,0.9894040106647782,0.9846541506202745,0.9914416593754768,0.9979001131692123
2008-01-03,0.577,1.278,0.577,0.911,0.9886238712551785,0.9776394696088198,0.9882870844980071,0.9961793188490299
2008-01-04,1.361,1.848,1.066,1.126,0.9899907979093558,0.9917690439317893,0.9936875909882813,0.9987500254064748
2008-01-07,0.673,1.129,0.659,1.044,0.9905282029052827,0.9967434207001904,0.9956606266357997,0.9996460645073367
2008-01-08,0.532,1.371,0.525,1.37,0.9943040416823445,1.0322916663477912,1.0103406020618468,1.0069798058042212
2008-01-09,0.806,1.293,0.806,1.18,0.9961517626606297,1.0463591266956207,1.0169939117849116,1.0104059482635435
2008-01-10,0.939,1.276,0.939,1.001,0.9962000038281856,1.0420392098674662,1.0163666995580523,1.0102196918622852
2008-01-11,0.662,1.222,0.662,0.932,0.995561197819945,1.0315592851181838,1.0130582015361678,1.008670787072933
2008-01-14,0.66,0.969,0.527,0.968,0.9952869570456172,1.025506019868833,1.0112912132406318,1.0078654249526768
2008-01-15,0.812,1.287,0.787,1.241,0.9977318629456609,1.0460292560718014,1.0202994009566855,1.0124819511912377
2008-01-16,2.065,2.065,1.187,1.195,0.9996947299810274,1.060216945969725,1.027150404840737,1.0160961699795301
2008-01-17,1.049,1.553,1.049,1.552,1.0051903048070867,1.1070534273059418,1.047732741905806,1.0267081270096385
2008-01-18,1.02,1.379,1.02,1.348,1.0086013465502999,1.1300007199434712,1.0595079284977351,1.0330703423163783
2008-01-22,1.491,1.668,1.178,1.23,1.0108043182264164,1.1395244609012358,1.0661938920860592,1.0369699394982321
2008-01-23,1.045,1.322,0.836,1.139,1.0120798971495366,1.1394745122439753,1.0690490335728804,1.0389903367358908
2008-01-24,0.784,1.007,0.784,0.882,1.0107855698147155,1.1149531301255016,1.0617137773543361,1.0358816171965661
2008-01-25,0.529,1.066,0.503,1.063,1.0113051163837232,1.1100052129706919,1.0617642174580877,1.036418614875842
2008-01-28,0.776,0.949,0.764,0.92,1.0103966077629896,1.0919094784020547,1.0562048363813,1.0341132957693897
2008-01-29,0.637,1.045,0.636,0.906,1.0093578355464423,1.074203813792335,1.0503144506408568,1.0315763988234612
2008-01-30,0.709,0.882,0.635,0.821,1.0074836282275723,1.0500891648597317,1.0413217270863133,1.0274065691437886
2008-01-31,0.973,1.222,0.936,0.949,1.0069017015785418,1.040461625349281,1.0377012672005756,1.0258539638142086
2008-02-01,0.632,0.924,0.631,0.824,1.0050817841498996,1.0198462324588733,1.0293208253495727,1.0218568556198677
2008-02-04,0.672,1.167,0.672,0.963,1.0046630599295026,1.0144323055580282,1.0267200086691972,1.0206913733303653
2008-02-05,0.958,1.164,0.858,1.148,1.0060892981391591,1.0271530383620255,1.0314760867606012,1.0232123362347145
2008-02-06,0.704,1.069,0.667,1.069,1.006715275272103,1.0311384632799279,1.0329476127699895,1.0241190226459083
2008-02-07,0.959,1.259,0.943,1.151,1.0081509441748682,1.0425538477294585,1.0375771181515585,1.0266315172469793
2008-02-08,0.858,1.463,0.829,1.151,1.0095723278149191,1.0528820527076053,1.0420250743024777,1.0290942594797123
2008-02-11,0.841,1.031,0.749,0.976,1.0092382748018354,1.045559952449738,1.0394358557023806,1.0280428880048667
2008-02-12,0.949,1.158,0.837,1.14,1.0105393864953494,1.0545542426926202,1.0433795476356207,1.0302598605196218
2008-02-13,0.811,1.094,0.778,0.981,1.0102454622516146,1.0475490767218945,1.0409332908655964,1.029284417737055
2008-02-14,0.756,1.016,0.657,1.007,1.0102131690948821,1.043687259891238,1.0396025735767496,1.0288431421383015
2008-02-15,0.947,1.492,0.947,1.161,1.0117135355715499,1.054859901806358,1.0443632569658967,1.0314601096207114
2008-02-19,1.749,1.749,0.895,1.011,1.0117064357151164,1.0506827683009905,1.0430548939476263,1.0310549589351528
2008-02-20,0.763,1.121,0.719,0.864,1.0102367199368565,1.0329034570342295,1.0360331334006605,1.027746939946338
2008-02-21,0.701,0.964,0.656,0.964,1.009776653071813,1.0263412230309694,1.0332083046398504,1.0264846243038361
2008-02-22,0.858,1.341,0.858,1.157,1.0112415619964716,1.038784916075639,1.0380628809284838,1.0290690871889088
2008-02-25,0.561,0.975,0.561,0.944,1.01057249172785,1.0297577812112926,1.0343741404999158,1.0273845508089303
2008-02-26,0.915,1.109,0.79,1.059,1.0110543574818018,1.0325427544292647,1.0353398604803112,1.0280105993077633
2008-02-27,0.781,1.279,0.781,1.103,1.0119692394969082,1.0392529682931442,1.0379931992850049,1.0294955379353323
2008-02-28,0.971,1.402,0.953,1.242,1.0142581027854962,1.0585622094080829,1.0459934659797105,1.0337035470851277
2008-02-29,1.214,1.498,1.183,1.265,1.0167530470363868,1.0782229513692179,1.054581957509918,1.0382836748656201
2008-03-03,0.935,1.817,0.935,1.246,1.01903411124498,1.0942017179054828,1.0620885474114898,1.0423968694227366
2008-03-04,0.89,1.416,0.89,1.187,1.0207054136206517,1.1030396495335322,1.0669870357482942,1.0452602977509993
2008-03-05,0.874,1.464,0.796,1.15,1.0219919269179587,1.107512063863672,1.0702424461111062,1.0473343512608804
2008-03-06,0.964,1.306,0.873,1.272,1.024479569436188,1.1231775815909413,1.0781545070479255,1.0517831759883878
2008-03-07,0.913,1.495,0.87,1.256,1.0267832553124447,1.1358273357251374,1.0851288401048695,1.0558270734935682
2008-03-10,0.96,1.49,0.96,1.48,1.0312928746625696,1.1686056847036956,1.1006139836301687,1.0642265373847846
2008-03-11,0.736,1.276,0.736,1.111,1.0320859803873201,1.1631194290176294,1.10102127838977,1.065152744565284
2008-03-12,0.741,1.423,0.741,1.112,1.0328811447615756,1.1582509119683313,1.1014518164921319,1.0660804129897339
2008-03-13,0.909,1.515,0.909,1.225,1.034792775161958,1.1646079679713475,1.106296843296362,1.0692273355047888
2008-03-14,0.973,1.222,0.936,0.949,1.03393911570761,1.1440738757836,1.100128339637681,1.0668465961878622
2008-03-17,1.287,1.731,1.287,1.487,1.0384471842080318,1.1767335066613525,1.1152997772989486,1.0751664655702806
2008-03-18,1.007,1.011,0.987,1.003,1.0380944759074544,1.1601874584078904,1.1108958644636957,1.0737374266480968
2008-03-19,1.185,1.237,0.906,1.23,1.0400039836098678,1.166836271892853,1.1155666148768841,1.0768317350313028
2008-03-20,0.994,1.329,0.994,1.103,1.0406308096436006,1.1607566269506766,1.1150738064503396,1.0773499184960296
2008-03-24,0.59,1.026,0.59,0.818,1.0384155777068482,1.1281131386696597,1.1034238532562086,1.072214276545613
2008-03-25,0.722,1.056,0.722,0.964,1.0376751241973274,1.1124833159392158,1.0979562511677299,1.0700714195843137
2008-03-26,0.661,1.345,0.661,1.03,1.037598754802329,1.104627762040243,1.0952913001415443,1.0692779261271985
2008-03-27,0.6,1.099,0.6,1.09,1.0381201602271815,1.103234641845934,1.0950837981752093,1.0696882642236896
2008-03-28,0.681,1.27,0.636,1.147,1.0392035417174583,1.1074027711939403,1.0971197276585345,1.0712191896846066
2008-03-31,0.87,1.12,0.851,1.027,1.0390821134416628,1.099745364413565,1.0943699344170232,1.0703435621660995
2008-04-01,0.714,1.061,0.697,0.896,1.0376584108203528,1.0803410439932255,1.0865907213026302,1.066891214400434
2008-04-02,0.881,1.219,0.867,1.056,1.0378409141952747,1.078022849327204,1.0853910851731152,1.0666755467885443
2008-04-03,0.89,1.071,0.89,1.054,1.0380017011187048,1.0757349589150893,1.08416006222515,1.0664245458620385
2008-04-04,0.886,1.479,0.838,1.204,1.0396534254856828,1.0879506771136522,1.0888596676280853,1.069148812280612
2008-04-07,0.716,1.003,0.716,0.968,1.038940456077865,1.0765268031028281,1.0841200728191407,1.0671458655027781
2008-04-08,1.003,1.326,0.963,1.135,1.0398962724352991,1.082095678997797,1.0861153640811352,1.0684895117304458
2008-04-09,0.883,1.239,0.788,1.171,1.0412007871374354,1.0905627571884828,1.0894441733328555,1.070519422389249
2008-04-10,0.745,1.199,0.729,0.973,1.040522172340048,1.0793663041229131,1.0848777351629395,1.0685883447181748
2008-04-11,1.097,1.382,1.034,1.293,1.0430343895306942,1.0997123703969214,1.0930393926075301,1.0730321398722704
2008-04-14,0.988,1.285,0.978,1.013,1.0427355398836227,1.0914540494067384,1.089900592897431,1.071843384627275
2008-04-15,1.155,1.209,0.984,1.062,1.0429272260539348,1.0886489018441918,1.0888064519994924,1.0716484661198042
2008-04-16,1.392,1.392,0.883,0.924,1.041743870570811,1.0729680540495068,1.0823434538818653,1.068724734117432
2008-04-17,0.934,1.017,0.879,0.929,1.0406220410128926,1.0592568108066966,1.0763299851021844,1.065957907699265
2008-04-18,0.698,0.827,0.683,0.827,1.038496448565003,1.0371371145393922,1.0665523386275888,1.0612260679428438
2008-04-21,0.778,1.023,0.752,0.95,1.0376158868877392,1.0288383417261167,1.0619816586814088,1.059023571547936
2008-04-22,0.946,1.083,0.801,1.065,1.0378883656251747,1.0322823091807722,1.062100025007628,1.0591419166657985
2008-04-23,0.598,0.944,0.598,0.944,1.0369541530318893,1.0238744702111748,1.057468651477917,1.0568618787120203
2008-04-24,0.705,0.983,0.702,0.914,1.0357307286236117,1.0134102349529677,1.051842429851332,1.054032930618713
2008-04-25,0.753,0.956,0.67,0.894,1.0343204726174067,1.0020378316241136,1.045652530641476,1.0508639616955702
2008-04-28,0.708,0.987,0.693,0.974,1.0337202689097709,0.9993675619456266,1.042842627479065,1.0493419030481332
2008-04-29,0.622,1.454,0.622,1.093,1.0343101169803204,1.0082849369984241,1.0448095832641997,1.0502064198194574
2008-04-30,0.819,0.939,0.704,0.939,1.033361757607382,1.0016863715700028,1.0406601878420743,1.0480043124962999
2008-05-01,0.804,1.302,0.717,0.921,1.0322437301685026,0.9940019552300026,1.0359676314561106,1.045489375615185
2008-05-02,0.721,0.967,0.721,0.9,1.0309278721568758,0.9850493880652404,1.0306355674774397,1.042608397880231
2008-05-05,0.602,0.92,0.565,0.914,1.0297644107423796,0.9782827796780746,1.026061623654795,1.0400616969321075
2008-05-06,0.689,0.934,0.689,0.817,1.0276473519290226,0.9629225149468295,1.017863128609509,1.0356446336265213
2008-05-07,0.617,1.029,0.617,1.029,1.0276608111138084,0.9692156087614171,1.018299868664038,1.0355130567230257
2008-05-08,0.718,1.004,0.645,0.886,1.0262512508042183,0.9612903126889012,1.0131116385203502,1.032552402134451
2008-05-09,0.88,1.056,0.841,0.921,1.0252039746768131,0.957453140051863,1.0094994174019052,1.030343443676343
2008-05-12,0.721,0.886,0.602,0.868,1.0236397560233126,0.948933793380257,1.0039504206410461,1.0271287220193857
2008-05-13,0.591,0.836,0.591,0.786,1.0212751813365135,0.9334162892488039,0.9954033453217894,1.022353895840784
2008-05-14,0.813,0.862,0.67,0.809,1.0191629904774437,0.921567118844156,0.9880934102111311,1.0181290662201745
2008-05-15,0.664,0.795,0.61,0.777,1.0167534084826433,0.9077988218113793,0.979815237261675,1.0133542332257157
2008-05-16,0.674,1.017,0.674,0.864,1.0152334740698807,0.9036275054483908,0.9752734632514132,1.0103967236568896
2008-05-19,0.612,0.883,0.44,0.883,1.0139177181089865,0.9016629811199726,0.9716548960650833,1.0078740162577433
2008-05-20,0.957,1.323,0.91,1.097,1.0147444074810363,0.9202665067275942,0.9765703903370407,1.0096388872229365
2008-05-21,1.547,1.547,1.168,1.181,1.0163986919837127,0.9450982679916329,0.9845872377748038,1.0130321765848584
2008-05-22,0.787,1.116,0.724,0.977,1.016006665197805,0.948136528182906,0.984289699038537,1.0123186681376335
2008-05-23,0.821,1.102,0.769,1.061,1.0164543600714586,0.9588854302607244,0.9872979461350649,1.0132826549071854
2008-05-27,0.937,0.986,0.822,0.947,1.0157632719115437,0.9577534845216078,0.9857176345219252,1.0119701270872412
2008-05-28,0.69,0.887,0.666,0.826,1.0138750801512297,0.945205533614788,0.9794541978740066,1.0082875503132365
2008-05-29,0.835,1.335,0.786,0.865,1.012393736070123,0.9375669113657605,0.9749657979573788,1.005450173079311
2008-05-30,0.5,0.953,0.5,0.85,1.0107778779997734,0.9292272055214024,0.9700651784296385,1.0023719518302159
2008-06-02,0.739,1.161,0.739,1.078,1.0114467548355965,0.9433960430907926,0.974297916530437,1.0038695369424888
2008-06-03,0.592,1.475,0.592,1.142,1.012745792100914,0.9623107056535742,0.980874468823361,1.0066047936366969
2008-06-04,1.17,1.17,0.886,1.088,1.013494590189462,0.9742811146389482,0.9850754700459743,1.0082165799013167
2008-06-05,0.636,0.997,0.614,0.997,1.013330464913945,0.9764448180066674,0.9855430986716224,1.0079944694082215
2008-06-06,0.803,1.154,0.803,1.154,1.014730161780473,0.9933548353393657,0.9921492516648921,1.0108856680338012
2008-06-09,0.886,0.947,0.596,0.942,1.014006478578677,0.9884638986403785,0.9901826143447002,1.0095215953994685
2008-06-10,0.694,1.063,0.694,0.953,1.0133994489410783,0.985086384484152,0.9887244726056924,1.0084023558866078
2008-06-11,0.839,1.262,0.804,1.138,1.0146392554192765,0.9996495859618518,0.9945784148564496,1.0109686458690512
2008-06-12,0.835,0.991,0.835,0.962,1.0141154817335125,0.9960639111083421,0.9933008299601183,1.0099989697132283
2008-06-13,0.707,0.956,0.707,0.916,1.0131392082834279,0.9884387767170715,0.990269424863643,1.0081376039763328
2008-06-16,0.803,0.976,0.642,0.969,1.0127000121811052,0.986587464648779,0.9894353297709512,1.0073626019173956
2008-06-17,0.758,1.056,0.744,1.004,1.0126134448957211,0.9882458013488953,0.9900064933093452,1.0072960157408135
2008-06-18,1.27,1.27,1.025,1.117,1.0136521170858135,1.0005081059823338,0.9949866308266258,1.009468371864758
2008-06-19,0.743,1.172,0.743,0.984,1.0133570711446611,0.9989359054125877,0.994555782558915,1.0089640476694162
2008-06-20,1.075,1.333,1.011,1.333,1.016537597799938,1.0307515334685318,1.0078281048115065,1.0153806011809128
2008-06-23,0.656,0.867,0.649,0.866,1.015039711254665,1.0150609112334334,1.0022662183483102,1.01242256947436
2008-06-24,0.746,1.137,0.648,0.991,1.0148005101476534,1.0127693958778683,1.0018244058640629,1.0119983601778382
2008-06-25,0.707,0.882,0.618,0.86,1.0132602065640945,0.9982199296037856,0.996262664457629,1.0089884916594651
2008-06-26,0.986,1.312,0.965,1.171,1.0148297567475364,1.014675174403425,1.0031151089887025,1.0121966403394758
2008-06-27,0.891,1.187,0.891,1.133,1.0160055800634813,1.0259442054126227,1.0082086341264005,1.0145887860753278
2008-06-30,0.866,1.106,0.81,1.106,1.0169010469285213,1.0335685668018968,1.0120435896508553,1.0163989091233412
2008-07-01,1.237,1.742,1.004,1.011,1.0168423300436604,1.0314191794874303,1.0120026645665081,1.0162920000317899
2008-07-02,0.605,1.087,0.599,1.087,1.0175404163118826,1.0367125909648178,1.0149437365442922,1.017692158447002
2008-07-03,0.935,1.358,0.847,1.235,1.0197041932640032,1.0555971061110256,1.023573393934712,1.021995284022309
2008-07-07,0.861,1.276,0.861,1.215,1.0216474351220728,1.0707783341004518,1.0310803196627625,1.0258171595862238
2008-07-08,1.105,1.288,1.006,1.014,1.0215713412402612,1.0653708737099326,1.0304105032053992,1.0255831564261004
2008-07-09,0.939,1.021,0.859,1.01,1.0214562035164774,1.0600974571661295,1.0296100913149913,1.0252745790711282
2008-07-10,0.977,1.326,0.947,1.067,1.021909375620791,1.0607548421979267,1.031076362243815,1.0261008250301158
2008-07-11,1.042,1.277,1.037,1.15,1.0231839091967037,1.0692543810362194,1.035740034312685,1.0285542740394205
2008-07-14,0.601,1.157,0.601,1.152,1.0244656613440002,1.077134916175627,1.040299248653364,1.030998743860422
2008-07-15,0.871,1.255,0.822,1.163,1.0258441124749056,1.0853125432065196,1.0451110428238204,1.0336126301206117
2008-07-16,1.387,1.387,0.896,0.93,1.0248904397139613,1.0705208724249462,1.0405968842817097,1.0315608948706985
2008-07-17,0.647,0.915,0.602,0.872,1.0233691418063597,1.0516141226701894,1.0339852417608584,1.0284012731900907
2008-07-18,0.721,0.932,0.721,0.914,1.0222808916391324,1.038508015749219,1.0292799381623934,1.0261359014437523
2008-07-21,0.684,0.956,0.616,0.881,1.0208751116228225,1.0235072523445314,1.0234650386266133,1.0232619231973414
2008-07-22,0.799,0.946,0.79,0.912,1.0197917771788143,1.0128875140260047,1.0190938606412558,1.0210587167973941
2008-07-23,0.528,0.91,0.528,0.904,1.0186396201919605,1.0025172745949567,1.014580375910226,1.0187407224053666
2008-07-24,0.709,1.069,0.652,1.052,1.0189715642696524,1.0072299151097226,1.0160478121490408,1.019399321961696
2008-07-25,0.905,1.035,0.795,0.827,1.017061399451049,0.990065161289749,1.0086341724569217,1.015589434398098
2008-07-28,0.883,1.087,0.793,1.081,1.0176976044316355,0.9987256221192967,1.0114720480468462,1.016884693122888
2008-07-29,0.727,1.015,0.727,0.863,1.0161583247855495,0.9857993723936495,1.005649614790107,1.0138374714768903
2008-07-30,0.604,0.916,0.604,0.874,1.014743814091166,0.9751518131180638,1.0004868847983381,1.0110684126357639
2008-07-31,0.703,0.988,0.703,0.958,1.0141791990255822,0.9735183071068196,0.9988207324533053,1.01001755297961
2008-08-01,0.739,1.277,0.698,0.996,1.0139983114730888,0.975659420715694,0.9987101154943521,1.009739977673083
2008-08-04,0.687,1.084,0.687,0.988,1.0137396218066899,0.976834713980866,0.9982901109651617,1.0093094830656952
2008-08-05,0.496,0.813,0.496,0.763,1.0112447001966731,0.9564695031255454,0.9890630477900574,1.0044320675594438
2008-08-06,0.756,1.066,0.708,0.949,1.0106253499459599,0.9557581218754934,0.9874919478767218,1.0033344028552964
2008-08-07,0.931,1.218,0.931,1.051,1.0110270877574428,0.9648287769349702,0.9899824597246935,1.0042782760660827
2008-08-08,0.866,1.302,0.866,0.922,1.0101412460882144,0.9607498457983064,0.9873164809119603,1.002649003272695
2008-08-11,0.637,0.946,0.602,0.862,1.0086672038385804,0.9513450985794201,0.9824021091114913,0.9998638744950178
2008-08-12,0.757,1.394,0.757,1.05,1.0090784754421767,0.9607408034766182,0.9850530067933936,1.000856669059473
2008-08-13,0.78,1.134,0.78,1.041,1.0093961025522047,0.968384536478845,0.9872470065269859,1.0016515865038398
2008-08-14,0.744,0.854,0.352,0.854,1.0078498726760634,0.9574907710999074,0.9820216337220061,0.9987277927116845
2008-08-15,0.722,1.109,0.68,1.002,1.0077916649877443,0.9617297452808686,0.9828050990662411,0.9987925888956116
2008-08-18,0.636,1.061,0.636,1.059,1.008301200659508,0.970993579063643,0.9857931343969768,0.9999848148580748
2008-08-19,1.132,1.187,0.762,1.124,1.0094524324937417,0.9855656191528199,0.9912130114794483,1.002440561098509
2008-08-20,1.498,1.498,0.967,0.979,1.009149423215197,0.9849403220906466,0.9907340698528032,1.0019763915718058
2008-08-21,0.698,0.997,0.668,0.967,1.0087300259692746,0.9832317199867755,0.9898033220154384,1.0012837897585027
2008-08-22,0.823,0.984,0.795,0.887,1.0075187819297793,0.9740667942737493,0.9857718191913035,0.9990207444167503
2008-08-25,1.045,1.233,0.939,1.131,1.0087474507662988,0.9890128138667256,0.9914670419681152,1.001634195022359
2008-08-26,0.812,1.087,0.812,0.97,1.0083619039925047,0.9872020696889422,0.9906251971850518,1.001007775318946
2008-08-27,0.664,0.834,0.664,0.831,1.0065971089279027,0.9723256820995191,0.984365385530736,0.9976412847185707
2008-08-28,0.713,0.919,0.699,0.821,1.004750371525635,0.9579137123757554,0.9779588998236484,0.9941434374964208
2008-08-29,0.9,1.019,0.832,1.001,1.0047130543960265,0.9620171683399692,0.9788624723795837,0.9942792110113431
2008-09-02,0.72,1.002,0.637,0.969,1.0043577006209417,0.9626821999266388,0.9784757087568549,0.9937786325754749
2008-09-03,0.685,1.166,0.685,0.862,1.0029412060874,0.9530934189812447,0.9739080339036449,0.9911691547026933
2008-09-04,0.835,1.083,0.755,1.079,1.0036980100069282,0.9650845219354118,0.978029287476051,0.9929083793620459
2008-09-05,0.843,1.183,0.804,0.996,1.0036214128924315,0.9680288531796584,0.9787340213005196,0.9929695995726985
2008-09-08,0.708,1.044,0.708,0.898,1.0025704535601685,0.9613594385911195,0.9755679812495188,0.9910890134425461
2008-09-09,0.955,1.133,0.77,1.117,1.003709056012306,0.976182349201489,0.9811143349260083,0.9935823003050699
2008-09-10,0.936,1.158,0.905,1.099,1.0046572246091985,0.9878792683251567,0.985737302183812,0.9956697795069497
2008-09-11,1.105,1.567,1.005,1.009,1.0047004363046292,0.9898907665799037,0.9866495648432703,0.9959337442691883
2008-09-12,1.066,1.066,0.868,1.011,1.0047631185304537,0.99190116976277,0.9876044838690243,0.9962320859668282
2008-09-15,1.222,1.724,1.222,1.474,1.009432142226668,1.0378153440710776,1.0066788178349448,1.0056928367397624
2008-09-16,1.353,1.938,1.301,1.318,1.0125024691696862,1.0644995970166893,1.0188874916453392,1.0118771370023414
2008-09-17,1.678,1.678,1.428,1.432,1.0166765739540675,1.0994996353960522,1.0350879821690513,1.0201964016161564
2008-09-18,1.047,1.495,1.047,1.196,1.018460886651042,1.108690146310714,1.0413982573781082,1.023677660990094
2008-09-19,0.38,0.823,0.372,0.822,1.016506051957997,1.0813863228525507,1.032794404147594,1.019684043940785
2008-09-22,0.646,0.969,0.501,0.969,1.016033354923589,1.0706828635332601,1.0302926628084728,1.018680399506314
2008-09-23,0.924,1.374,0.867,1.039,1.016261878755195,1.067665447958664,1.030634127012062,1.0190827678329217
2008-09-24,0.766,1.111,0.766,1.058,1.0166771834441979,1.066744929105458,1.031707298501785,1.019853406093656
2008-09-25,0.774,0.936,0.541,0.798,1.014501291071619,1.0411501739525573,1.0225423064036758,1.0154602693393262
2008-09-26,1.074,1.453,1.024,1.024,1.0145958055883193,1.0395168240523138,1.0225994708584336,1.0156293729167654
2008-09-29,1.249,1.456,0.938,1.402,1.018450573691918,1.0740390312854269,1.0374779229816322,1.0232802764233642
2008-09-30,1.191,1.68,1.015,1.3,1.0212520605208542,1.0955591235439577,1.0477729063941172,1.0287598749100302
2008-10-01,0.766,1.15,0.736,0.986,1.0209012937495023,1.085124921301676,1.0453504394767008,1.027913144713792
2008-10-02,0.747,1.405,0.747,1.375,1.02442466396095,1.1127320716538973,1.0582778732227125,1.0347861517491623
2008-10-03,0.779,1.121,0.728,1.121,1.025385612578254,1.1135194934011452,1.0607375644688806,1.0364933566650205
2008-10-06,0.832,1.538,0.832,1.518,1.0302872482739927,1.15204144641056,1.0786694246857873,1.0460281416815547
2008-10-07,0.766,1.114,0.757,1.102,1.0310008079926594,1.147275594371459,1.0795843492079134,1.047136495311623
2008-10-08,1.351,2.117,1.178,1.187,1.0325530387589015,1.1510588710979868,1.0837967276703482,1.0499060696618878
2008-10-09,0.678,1.354,0.678,1.353,1.0357415657364248,1.1702913595648452,1.0943537187420993,1.0559079296685832
2008-10-10,1.55,2.036,1.225,1.227,1.0376446347340724,1.1756921824634314,1.0995555336933895,1.059295891457324
2008-10-13,0.81,1.1,0.78,0.888,1.036155633393435,1.1482929269907236,1.091259238254433,1.055903893606684
2008-10-14,0.582,0.875,0.496,0.864,1.034442642016386,1.1212174101344643,1.082347111264063,1.0521038165055616
2008-10-15,0.829,1.413,0.8,1.115,1.0352442077674666,1.1206252758359438,1.083627616704688,1.0533492854856494
2008-10-16,1.173,1.281,1.056,1.157,1.0364557081876908,1.1240895352801397,1.0865049650692102,1.0554017748819733
2008-10-17,0.955,1.349,0.955,0.98,1.0358939598475148,1.1103667223963167,1.0823282997723784,1.053908670428865
2008-10-20,0.582,1.018,0.582,0.823,1.0337756119883355,1.082998463120477,1.0721585625264027,1.0493362215094815
2008-10-21,0.67,0.955,0.65,0.884,1.0322853073914366,1.0640462285375745,1.0647797953685045,1.0460622369251353
2008-10-22,3.52,3.663,1.195,1.221,1.0341630655268452,1.0789942067720912,1.070906077903073,1.0495263510454298
2008-10-23,0.799,1.253,0.799,1.242,1.036231094725583,1.094518568031892,1.0776156434755015,1.0533377104306687
2008-10-24,1.316,1.782,1.198,1.236,1.038218845026821,1.1079929901240928,1.0838267947117564,1.0569547854716455
2008-10-27,0.694,1.209,0.61,1.152,1.0393509958225742,1.1121841339217982,1.0865002537426678,1.0588368689276524
2008-10-28,0.525,1.502,0.525,0.984,1.0388002396452352,1.0999761211673411,1.0824806359488377,1.0573549507310651
2008-10-29,0.824,1.01,0.762,0.793,1.0363544661164268,1.0707403001037847,1.0711284541469226,1.05212019923144
2008-10-30,0.452,0.813,0.452,0.796,1.0339628793889002,1.0445745572367575,1.060339103003906,1.047048512117946
2008-10-31,0.893,1.286,0.857,0.96,1.0332269303402544,1.0365198374999234,1.056404236219439,1.0453247792047193
2008-11-03,0.602,1.022,0.563,0.964,1.0325381051627394,1.0296131863094544,1.052780540681422,1.0437143875372992
2008-11-04,0.833,1.062,0.833,1.005,1.0322640941660952,1.0272690733276015,1.0509067939880328,1.042947766001907
2008-11-05,0.784,0.959,0.743,0.936,1.0313062424828505,1.0185767806297348,1.0464006452041883,1.040829988457315
2008-11-06,0.933,1.473,0.932,1.334,1.0343181206671008,1.0486170872364267,1.0576790512746124,1.0466353352205364
2008-11-07,1.086,1.257,0.953,0.969,1.0336681891181745,1.0410345074996241,1.054201441420706,1.0450980018498328
2008-11-10,1.071,1.136,0.936,1.109,1.0344177593757051,1.0475074115472789,1.056350404502247,1.0463633879518164
2008-11-11,1.013,1.488,0.996,1.178,1.0358464383868922,1.0599352771142048,1.0611209768747079,1.0489700535369288
2008-11-13,0.734,1.207,0.696,0.989,1.0353803046715997,1.0531795364366614,1.0582927032717782,1.0477825277243165
2008-11-17,1.063,1.243,0.9,0.949,1.0345207991524794,1.043257675823646,1.054006714908179,1.0458264380664093
2008-11-18,1.169,1.169,0.93,1.086,1.0350330300066837,1.047328373364251,1.055261353539231,1.0466219541443023
2008-11-19,3.305,3.305,1.344,1.413,1.0387938953797515,1.0821542425676558,1.0692903200671042,1.053876964953326
2008-11-20,1.064,1.8,1.064,1.326,1.0416516675650276,1.105377648037403,1.0793573663389826,1.0592655399047453
2008-11-21,0.691,1.277,0.666,1.134,1.0425705564449776,1.108103586319555,1.081500214717846,1.0607454302036612
2008-11-24,0.588,0.919,0.588,0.754,1.0396992076246296,1.0743794352415021,1.0686570690426365,1.0546712632689352
2008-11-25,0.5,0.79,0.5,0.79,1.0372146383945338,1.0472956795042163,1.057729340844886,1.0494302481546989
2008-11-26,0.554,0.965,0.554,0.746,1.034316980301056,1.0186008528847672,1.0455046608117533,1.0434217283892593
2008-11-28,0.635,0.985,0.635,0.887,1.0328511397010454,1.0060674383243131,1.039288791760312,1.040324268421155
2008-12-01,0.915,1.036,0.826,1.001,1.032534212937851,1.005584825150569,1.0377872705148095,1.0395455700365779
2008-12-02,0.704,0.984,0.674,0.939,1.0316035242519022,0.9992434132314671,1.0339132599063856,1.037554568649715
2008-12-03,1.223,1.305,0.978,1.03,1.031587568786709,1.0021726119713275,1.0337597987335863,1.0374049732309087
2008-12-04,0.834,1.065,0.834,0.937,1.0306463989480354,0.9959656965454867,1.0299652968224653,1.0354167559392076
2008-12-05,0.621,1.092,0.621,0.919,1.0295354895057665,0.9886356302078213,1.0256137165549177,1.0331114736433817
2008-12-08,0.792,0.884,0.7,0.861,1.0278585194609329,0.9764798559023146,1.019158276690019,1.0297033256504435
2008-12-09,0.572,0.94,0.572,0.839,1.0259793302125655,0.9633865362925703,1.0120932462315868,1.025927022172217
2008-12-10,0.806,0.963,0.674,0.948,1.025203416479107,0.961921151883754,1.009579785595054,1.024383912822272
2008-12-11,0.852,0.99,0.771,0.982,1.0247735317380213,0.9638334231329203,1.00849822537564,1.0235446274198507
2008-12-12,1.146,1.146,0.936,1.045,1.0249747901286879,0.9715635733107374,1.0099296675177718,1.023969486282824
2008-12-15,0.803,1.061,0.757,1.049,1.0252138469433278,0.9789384710906671,1.0114618374190356,1.0244651400197977
2008-12-16,0.815,1.056,0.8,0.91,1.0240674405060808,0.9723729024153654,1.0074829418339755,1.0221985035837622
2008-12-17,1.763,1.763,0.828,0.836,1.0221961226901,0.9593850069472354,1.0007581205855842,1.0185114045028956
2008-12-18,0.818,0.903,0.709,0.901,1.0209901911210442,0.9538245300951177,0.9968460374253653,1.0161844459978877
2008-12-19,0.875,0.881,0.688,0.816,1.018950487726805,0.9406983843717731,0.9897540359577038,1.0122203975622859
2008-12-22,0.839,0.923,0.611,0.754,1.0163141644658418,0.9229175858601757,0.980508779645637,1.0071071223630328
2008-12-23,0.596,0.792,0.398,0.778,1.0139428792472762,0.9091159110163495,0.9725672588752199,1.0025703476627748
2008-12-24,0.666,0.832,0.665,0.804,1.011853895374169,0.8991048718719352,0.9659567781350152,0.9986382615704426
2008-12-26,0.584,0.901,0.584,0.781,1.0095568416888538,0.8878567888365129,0.9587035711493284,0.9943285930244932
2008-12-29,0.632,0.954,0.587,0.938,1.0088448333138405,0.892632332756845,0.9578916663983743,0.9932131753408399
2008-12-30,0.67,0.963,0.67,0.826,1.0070254817385784,0.8862863963038121,0.9527194441866733,0.9899020233538925
2008-12-31,0.902,1.01,0.782,0.812,1.0050849296814781,0.8792115014177347,0.9472010346107254,0.9863792110102511
2009-01-02,0.627,1.038,0.627,0.954,1.0045766219234535,0.8863342155684266,0.9474676607044225,0.9857380385149985
2009-01-05,0.845,1.319,0.817,0.836,1.002899242600832,0.881540480752386,0.9430963798924843,0.9827729288414342
2009-01-06,0.633,0.804,0.616,0.802,1.000900245162018,0.8739651968712064,0.9375631885241515,0.9791932668841781
2009-01-07,0.915,1.14,0.856,1.14,1.002284322324585,0.8993018447882344,0.9455018870134005,0.9823775586290459
2009-01-08,1.197,1.323,1,1.079,1.0030476624009572,0.9164159548084025,0.9507371071305221,0.9842908742997578
2009-01-09,0.772,1.07,0.772,1.033,1.003345695610898,0.9275191972076023,0.9539631029293251,0.9852554114423369
2009-01-12,0.873,1.189,0.85,1.158,1.0048845444107894,0.9494697498544974,0.9619645498732731,0.9886760963642708
2009-01-13,1.217,1.254,0.826,0.915,1.0039901708345627,0.9461869165350214,0.9601228028194192,0.9872171637629981
2009-01-14,0.892,1.347,0.865,1.15,1.0054430049556118,0.9655976863888289,0.9675689674147361,0.9904405862627407
2009-01-15,1.248,1.33,0.885,1.174,1.0071201889859043,0.985445525780369,0.9756643020259229,0.994075426138726
2009-01-16,0.711,1.046,0.711,0.967,1.006720983125348,0.9836888090393815,0.9753245254758868,0.993539279086474
2009-01-20,0.618,1.006,0.618,0.957,1.006226246974847,0.9811470177022975,0.9746059166336951,0.9928157290055537
2009-01-21,1.519,1.519,0.93,0.93,1.0054677768556943,0.9762758731592216,0.9728566650010012,0.9915718531836616
2009-01-22,0.765,1.117,0.709,0.875,1.0041695900213092,0.9666305519059624,0.9690191487264521,0.9892634996552723
2009-01-23,0.909,0.949,0.685,0.767,1.0018096936031868,0.9476181183911088,0.961096829168552,0.984862242236356
2009-01-26,0.769,0.782,0.587,0.775,0.9995528807315134,0.9311782975919556,0.953798914299197,0.9807065542712796
2009-01-27,0.716,0.821,0.653,0.778,0.9973483744555779,0.9165898882974837,0.9469048392286403,0.9766925630975909
2009-01-28,0.529,0.783,0.529,0.775,0.995135952819204,0.9031051370310567,0.94016347298438,0.9726986509570446
2009-01-29,0.848,1.071,0.819,0.955,0.994736590104585,0.9080475049328608,0.9407452975732278,0.9723481826212614
2009-01-30,0.927,1.295,0.854,1.024,0.9950277683124996,0.9190905997011598,0.9440101878644738,0.973370990886187
2009-02-02,0.771,1.044,0.698,0.821,0.9932961487273007,0.9097486378248588,0.9391862589286121,0.9703537435419061
2009-02-03,0.701,1.072,0.701,0.796,0.9913330029688201,0.8989154342224913,0.9335711115196469,0.9669011941648387
2009-02-04,0.817,1.166,0.817,0.903,0.9904540676158965,0.899304440487016,0.9323722444012293,0.9656358239833567
2009-02-05,0.706,1.134,0.693,0.751,0.9880714400774299,0.8851802080596811,0.925259607365887,0.9613856096470526
2009-02-06,0.529,0.775,0.47,0.712,0.9853244605741719,0.8686868549111401,0.9168964855084012,0.9564472807431506
2009-02-09,0.547,0.689,0.547,0.665,0.9821371525087572,0.8492881068243648,0.9070181919590521,0.950676047461108
2009-02-10,0.496,0.914,0.496,0.879,0.981110912185287,0.8521178109363301,0.905919439333207,0.9492567197886108
2009-02-11,0.768,0.936,0.76,0.927,0.9805724951486174,0.8592494479900129,0.9067461279868066,0.9488159926640839
2009-02-12,0.751,1.043,0.751,0.903,0.9798006295252482,0.8634161672290593,0.9065992210069319,0.9479087452845971
2009-02-13,0.621,0.948,0.621,0.89,0.9789070909230069,0.8659479608262918,0.9059482711635228,0.9467620374571794
2009-02-17,0.867,1.212,0.83,1.034,0.9794552790730267,0.8819529169380735,0.9109699075884827,0.9484895218639678
2009-02-18,1.896,1.896,1.173,1.184,0.9814905499280214,0.9107193058011142,0.9216769700359932,0.9531530956884438
2009-02-19,0.815,1.145,0.793,1.145,0.9831175096302301,0.9330317528676747,0.9304347359169347,0.9569520442886726
2009-02-20,1.234,1.307,1.002,1.061,0.9838924597831632,0.9452192049755151,0.9355549423515647,0.9590123998473128
2009-02-23,0.815,1.01,0.74,0.955,0.9836049726211417,0.9461507092635614,0.9363174936318954,0.9589329463849897
2009-02-24,0.931,1.311,0.776,0.786,0.9816387539880955,0.9308982607622698,0.9304226899600564,0.955508531605089
2009-02-25,0.765,1.11,0.709,0.845,0.9802791643961741,0.922717474023006,0.9270727805498581,0.9533202438505327
2009-02-26,0.527,0.7,0.49,0.683,0.9773211627603913,0.8998872384017673,0.9175012989596676,0.9479673677346806
2009-02-27,0.866,0.975,0.729,0.975,0.9772980666135217,0.9070408347444562,0.9197561499808571,0.9485026673834988
2009-03-02,0.796,1.173,0.726,1.065,0.9781707226671185,0.9220845647687936,0.9254519872365098,0.9508095452570928
2009-03-03,0.691,1.037,0.619,0.949,0.9778804667201819,0.9246479395527181,0.926375438717431,0.9507737126777445
2009-03-04,0.977,1.14,0.732,0.955,0.9776528003846577,0.9275386119762687,0.9274979705324337,0.9508574015356109
2009-03-05,0.638,1.073,0.638,1.019,0.9780642153062035,0.9362492203594812,0.9310862854135147,0.9522067599210444
2009-03-06,0.889,0.911,0.602,0.873,0.9770188002285298,0.9302254850871496,0.9288083918678867,0.9506383092295386
2009-03-09,0.688,0.993,0.62,0.736,0.9746206032113305,0.9117278198407545,0.9212472784613028,0.9463880456804389
2009-03-10,0.567,0.826,0.545,0.729,0.9721766171097252,0.8943251703321112,0.913708169502036,0.9420833319045886
2009-03-11,0.57,0.756,0.57,0.751,0.9699758547504245,0.8806751541100054,0.9073274569725445,0.9382995035500423
2009-03-12,0.821,1.122,0.702,0.705,0.967339279081266,0.8639441870519097,0.8993930468951897,0.9336797114005365
2009-03-13,0.516,0.722,0.494,0.713,0.9648085399859301,0.849568550189823,0.892083515644398,0.9293098161252784
2009-03-16,0.726,0.913,0.675,0.801,0.963178604264677,0.8449429739812685,0.888511613070108,0.9267690276871541
2009-03-17,0.804,1.106,0.772,0.777,0.9613260808391578,0.8384722145544811,0.884138608635986,0.9238033043666164
2009-03-18,1.157,1.157,0.633,0.646,0.9581885078954846,0.8201415274540543,0.874799839669869,0.9183022488346042
2009-03-19,0.357,0.789,0.357,0.77,0.9563159854288629,0.8153661438870016,0.8706900420357565,0.9153655706398596
2009-03-20,0.889,0.946,0.716,0.895,0.955705876121113,0.8229503206596681,0.8716433737206288,0.9149622920133277
2009-03-23,0.448,0.745,0.437,0.7,0.953161539045281,0.8112407663111283,0.8649122610257022,0.9107056129635588
2009-03-24,0.732,0.911,0.673,0.76,0.9512395336816464,0.8063606933291161,0.8607980547109687,0.9077213433999239
2009-03-25,0.664,0.865,0.484,0.858,0.9503117771276002,0.811278722535867,0.8606883270752445,0.9067367623424997
2009-03-26,0.631,1.247,0.631,0.913,0.9499405156636439,0.8209664632467368,0.8627397652291564,0.906860786850569
2009-03-27,0.699,0.918,0.533,0.918,0.9496226995873888,0.8302077524613334,0.8649068332593856,0.9070813653287756
2009-03-30,0.815,1.195,0.765,1.136,0.9514772000890068,0.8593308236554921,0.8755379378374488,0.9116144075994929
2009-03-31,0.608,0.897,0.608,0.813,0.9500993175010565,0.8549183642597309,0.8730854696869607,0.9096616470529683
2009-04-01,0.991,1.032,0.779,0.907,0.9496704685706977,0.8598785200445185,0.8744154512678641,0.9096089411707312
2009-04-02,0.512,0.714,0.512,0.69,0.9470866828137753,0.843699613373612,0.8671834727867714,0.9052602492663603
2009-04-03,0.736,0.829,0.726,0.828,0.9459017406962252,0.8422044120999347,0.8656468660108196,0.9037303433402938
2009-04-06,0.656,1.01,0.639,0.958,0.946022121385815,0.8532325633285124,0.8692685575398071,0.9048049900068226
2009-04-07,0.818,1.063,0.689,0.965,0.9462109559988915,0.8638770811067493,0.8730227317539323,0.9059969704027271
2009-04-08,0.639,0.849,0.632,0.849,0.9452436828048727,0.8624602162394399,0.8720806638420134,0.9048683175234652
2009-04-09,0.575,0.936,0.5,0.808,0.9438780740207446,0.8572735289785409,0.8695676966325228,0.90295013301805
2009-04-13,0.659,0.721,0.59,0.667,0.9411230683090954,0.8391522405043942,0.8616238653920316,0.8982778531563065
2009-04-14,0.65,0.765,0.546,0.765,0.9393705999677114,0.8320901223611186,0.8578346942001872,0.8956386877472707
2009-04-15,2.325,2.325,0.919,0.928,0.9392574596695252,0.8412243964219644,0.8605862748197877,0.8962795058116813
2009-04-16,0.424,0.791,0.424,0.755,0.9374240521106245,0.8330125491436822,0.8564456365915607,0.8934818918352123
2009-04-17,0.62,0.783,0.589,0.717,0.9352307779602701,0.8219637349395219,0.8509771802546368,0.8899872009077824
2009-04-20,0.769,0.93,0.664,0.919,0.9350692776820585,0.8312052839929007,0.8536447418132784,0.8905617117808956
2009-04-21,0.658,0.839,0.658,0.838,0.9341034142225355,0.8318523998031007,0.8530312225264832,0.8895208858050363
2009-04-22,0.778,0.878,0.59,0.78,0.9325700469168386,0.8269140760123291,0.8501672530156408,0.8873521553930553
2009-04-23,0.781,0.986,0.742,0.907,0.9323156185893079,0.8345413068682977,0.852395988191498,0.8877412216228958
2009-04-24,0.814,1.039,0.79,0.835,0.9313473039764789,0.8345849919284599,0.8517137925761451,0.8866968409966999
2009-04-27,0.803,0.846,0.749,0.814,0.9301796691110413,0.8326245165067018,0.850234820318257,0.8852572995908247
2009-04-28,0.847,0.935,0.812,0.87,0.9295808664333195,0.8361840863632064,0.8510099254038156,0.8849551748464519
2009-04-29,0.843,0.874,0.645,0.751,0.9278039423892068,0.8280713162333773,0.8470879675448424,0.8823025971267202
2009-04-30,0.666,0.915,0.617,0.915,0.9276765399773739,0.8363502384968652,0.8497511845038682,0.8829500704509435
2009-05-01,0.718,0.914,0.678,0.821,0.9266150818681462,0.8348883110209733,0.8486236870723439,0.881723336382608
2009-05-04,0.595,0.748,0.595,0.737,0.9247283646356274,0.8255656147332615,0.8442462875793109,0.8788575277413683
2009-05-05,0.697,0.712,0.572,0.663,0.9221241023009445,0.8100831752348556,0.837138590027181,0.8745831212514402
2009-05-06,1.135,1.135,0.754,0.762,0.9205308276511839,0.8055038252124884,0.8341919786535661,0.872353752513788
2009-05-07,0.41,0.814,0.41,0.814,0.9194708194158487,0.8063129847160609,0.8334001363534262,0.8711982326620298
2009-05-08,0.569,0.949,0.56,0.869,0.9189686222077308,0.8122831766478646,0.8347962094376056,0.8711547033023856
2009-05-11,0.526,0.87,0.526,0.854,0.918322168255415,0.8162562074433061,0.8355492992635818,0.8708150062072889
2009-05-12,0.654,0.961,0.588,0.859,0.9177318979245154,0.8203270448296579,0.8364689345865786,0.8705810456883327
2009-05-13,0.801,0.899,0.784,0.891,0.9174659088904406,0.8270578024649285,0.838607407740046,0.8709853814172767
2009-05-14,0.861,0.983,0.813,0.879,0.9170831635283466,0.8320046784206496,0.8401914309659266,0.8711440867357464
2009-05-15,0.734,0.811,0.668,0.8,0.9159181569260745,0.8289566138091592,0.8386152964182433,0.869735292938999
2009-05-18,0.573,0.801,0.573,0.776,0.9145259364591484,0.8239131267797155,0.83615979459792,0.8678791485243653
2009-05-19,0.65,0.822,0.636,0.821,0.9135953301262215,0.8236356861340283,0.835565292848982,0.8669508485535858
2009-05-20,1.408,1.408,0.711,0.862,0.9130819437568064,0.8272894303117398,0.8366019480313748,0.8668528119485643
2009-05-21,0.854,1.15,0.854,0.979,0.9137378448139526,0.841738055996336,0.8421861853634778,0.8690735483456224
2009-05-22,0.542,0.807,0.542,0.807,0.912675776706351,0.8384296697109707,0.8408063349570669,0.8678443691704616
2009-05-26,0.808,0.848,0.659,0.722,0.9107785052963376,0.8273411297384973,0.8361472629979663,0.8649563618601555
2009-05-27,0.581,0.88,0.581,0.861,0.9102831967859263,0.8305467364300689,0.837121880135301,0.8648780180609444
2009-05-28,0.952,0.977,0.673,0.756,0.9087480405990016,0.8234470472462528,0.8339406299339166,0.8627220177033019
2009-05-29,0.703,0.791,0.641,0.771,0.9073774133293598,0.8184520903656574,0.8314723699365081,0.8609057401250187
2009-06-01,0.594,0.775,0.519,0.774,0.9060502748882717,0.8142185579498805,0.8292185515076255,0.8591848343799688
2009-06-02,0.711,0.844,0.552,0.826,0.9052537547401297,0.8153406000498918,0.8290923338014441,0.8585277089467022
2009-06-03,0.742,1.134,0.742,0.965,0.9058482447427155,0.8295938762356164,0.8344220462013875,0.8606360711457773
2009-06-04,0.553,0.944,0.509,0.882,0.9056109487751263,0.8345849356417482,0.836287848311137,0.8610591192419006
2009-06-05,0.523,0.808,0.523,0.808,0.9046396955534832,0.8320530370092007,0.8351785209263866,0.8600084436133482
2009-06-08,0.95,1.083,0.845,0.94,0.9049915393788217,0.8423337001511816,0.8392891671645675,0.8615924348289254
2009-06-09,0.694,0.876,0.694,0.864,0.9045836633651021,0.8443971572796405,0.8402582194326237,0.8616401093867685
2009-06-10,0.583,0.901,0.583,0.864,0.9041798458191806,0.8462640946815795,0.8411892696509522,0.8616868398939612
2009-06-11,0.676,0.853,0.638,0.769,0.9028347727264525,0.83890560947381,0.8383583178999344,0.8598514569257639
2009-06-12,0.603,0.873,0.589,0.862,0.9024284565799207,0.841105075238209,0.8392854426881723,0.8598940023331746
2009-06-15,0.693,1.047,0.693,0.81,0.901508770444797,0.8381426871202843,0.8381369939553028,0.8589060022869731
2009-06-16,0.581,1.023,0.579,1.015,0.9026380364105204,0.8549862407278762,0.8450727981139184,0.8619969725387162
2009-06-17,1.976,1.976,1.129,1.135,0.9049500957497192,0.8816542178014118,0.8564424923055295,0.867402973082504
2009-06-18,0.939,1.19,0.787,0.934,0.9052391495233538,0.8866395303917536,0.8594839631955087,0.8687217260907713
2009-06-19,0.747,1.303,0.747,0.86,0.9047890087320767,0.8841024322592056,0.8595041999329397,0.8685490186434293
2009-06-22,1.011,1.115,0.915,0.936,0.9050995658591207,0.8890450577583289,0.8625040352296871,0.8698846816405891
2009-06-23,0.837,1.195,0.837,0.997,0.9060139980396269,0.8993264808289643,0.8677783867893072,0.8724018166576071
2009-06-24,0.777,0.879,0.65,0.85,0.9054566448253023,0.8946287207500153,0.8670811951505109,0.8719582163277535
2009-06-25,1.053,1.059,0.82,0.898,0.9053824493544038,0.8949497949642996,0.8682936973014712,0.8724738952123524
2009-06-26,0.829,1.1,0.787,0.814,0.9044731712513749,0.8872402906819854,0.8661645327014135,0.8713159962972563
2009-06-29,0.905,0.91,0.688,0.782,0.9032545327314607,0.8772174058551296,0.8628639627915541,0.8695473627072117
2009-06-30,0.606,1.195,0.606,1.082,0.9050330945948293,0.896720510059403,0.8714575328781599,0.8737543456239005
2009-07-01,0.592,0.84,0.568,0.8,0.9039879891759752,0.8875090329108885,0.8686552766868595,0.8722938635323382
2009-07-02,0.973,1.194,0.973,1.055,0.9054905962488511,0.9034605535860419,0.875962912895218,0.8759118068287275
2009-07-06,0.935,0.96,0.78,0.862,0.9050578539976187,0.8995119294349904,0.8754153476836408,0.8756363255053864
2009-07-07,0.859,1.177,0.859,1.016,0.9061617559478912,0.9106060313935627,0.8809284713038902,0.87841580420825
2009-07-08,0.6,1.358,0.6,1.027,0.9073641265354744,0.9216911712608424,0.8866567665468749,0.881358065511057
2009-07-09,1.116,1.116,0.889,1.069,0.9089724436843751,0.9357205835217146,0.8938074815842523,0.8850737473821252
2009-07-10,0.596,1.112,0.596,1.082,0.9106941109113963,0.9496519565196465,0.9011875803456542,0.8889732771369346
2009-07-13,0.601,0.858,0.601,0.834,0.9099309854296909,0.9386374844701564,0.8985527732732755,0.8878846973916488
2009-07-14,0.701,0.852,0.438,0.83,0.9091356522413357,0.9282910573777605,0.8958644292233432,0.8867384657601309
2009-07-15,0.759,0.837,0.656,0.781,0.907860670626994,0.9142633376274976,0.89135994180282,0.8846446347549798
2009-07-16,0.723,0.857,0.71,0.762,0.9064093206705065,0.8997620673772597,0.8862870029085917,0.8822160281261683
2009-07-17,0.606,0.743,0.565,0.739,0.9047435562857253,0.8844513942937112,0.8805110420102156,0.8793800671731749
2009-07-20,0.45,0.701,0.394,0.701,0.9027162572182057,0.8669798329324054,0.8734713933039326,0.8758477886152902
2009-07-21,0.59,0.928,0.571,0.794,0.9016345034150395,0.8600293726531287,0.8703548680763274,0.8742270403258785
2009-07-22,2.665,2.665,0.967,0.989,0.9025038118387704,0.872312289543307,0.875007618347844,0.8764997722006136
2009-07-23,0.793,1.239,0.748,0.874,0.9022201918204742,0.8724730238725158,0.8749681039028305,0.8764502717609974
2009-07-24,0.902,1.04,0.779,0.93,0.9024966078222605,0.8779517835037047,0.8771262174752685,0.8775106624191955
2009-07-27,0.595,0.9,0.595,0.792,0.9013971390877107,0.8697658993604948,0.8737879344370227,0.875817381975251
2009-07-28,1.203,1.203,0.653,0.812,0.9005076153156937,0.8642643851356857,0.8713648781845905,0.8745536714410876
2009-07-29,0.666,0.972,0.666,0.932,0.900820972377229,0.8707153960751443,0.8737427260989203,0.8756912225016602
2009-07-30,0.519,0.733,0.485,0.668,0.8985043457864108,0.8514091678775115,0.8656743838989627,0.8715785250263798
2009-07-31,0.755,0.844,0.687,0.842,0.8979421134900286,0.8505130566510819,0.8647459766872386,0.8709928116595208
2009-08-03,0.481,0.763,0.477,0.763,0.8965994058931129,0.8421784798271693,0.8607559383857782,0.8688543401415105
2009-08-04,0.748,0.83,0.7,0.815,0.8957874715061168,0.8395900531769627,0.8589615878608458,0.867787917564451
2009-08-05,0.577,0.765,0.577,0.74,0.8942373474115286,0.8301052862077282,0.8542964275525773,0.8652574637512935
2009-08-06,0.473,1.02,0.47,0.915,0.8944439409696229,0.8381904970450874,0.8566769598054174,0.8662424644690897
2009-08-07,0.503,0.893,0.503,0.729,0.892797732601766,0.8277914020884124,0.8516700202052049,0.8635247919053454
2009-08-10,0.584,0.787,0.584,0.754,0.8914166606355792,0.8207636495085636,0.8478398233344125,0.8613559841448435
2009-08-11,0.57,0.779,0.532,0.77,0.8902085346591058,0.8159290162220337,0.844787281242867,0.8595469547558366
2009-08-12,0.786,0.975,0.749,0.932,0.8906243701351345,0.8269833956294591,0.8482073878607937,0.8609816685230478
2009-08-13,0.527,0.872,0.518,0.777,0.8894937793875213,0.8222230722361773,0.8454149412780175,0.8593186651859578
2009-08-14,0.547,1.252,0.547,0.951,0.8901057815826703,0.8344875415470175,0.8495555318161345,0.8611341371624734
2009-08-17,1.028,1.252,0.976,0.994,0.8911395549002556,0.8496792042568254,0.8552200207645214,0.863765144347375
2009-08-18,0.731,1.055,0.712,0.935,0.8915759772395566,0.8578049943276039,0.8583486474012069,0.865175735548417
2009-08-19,1.862,1.862,0.948,0.972,0.8923762162719988,0.8686807091535464,0.8628055631893948,0.8672910675177553
2009-08-20,0.698,0.771,0.671,0.717,0.890631179294168,0.8542349273293992,0.8570876979662813,0.8643150067748294
2009-08-21,0.523,0.645,0.523,0.593,0.8876696750225842,0.829355410440885,0.8467313176538781,0.8589424323832486
2009-08-24,0.496,0.732,0.482,0.732,0.8861207230323097,0.8200834665893721,0.8422320502949024,0.856428720850907
2009-08-25,0.432,0.81,0.432,0.808,0.8853434024051225,0.8189326602475272,0.8408896169500043,0.855469736279602
2009-08-26,0.902,1.549,0.871,1.052,0.8870016770080567,0.8411295497477627,0.8491684555009845,0.8593614246701049
2009-08-27,0.589,0.989,0.577,0.816,0.8862951926597178,0.8387362592955948,0.8478677317558478,0.8585027825974295
2009-08-28,0.428,0.772,0.412,0.755,0.884988772832258,0.8307613774579191,0.8442258599222852,0.8564532225459953
2009-08-31,0.697,0.892,0.633,0.891,0.8850485860379071,0.8364983891285935,0.8460601399253328,0.857137317149045
2009-09-01,0.582,0.944,0.548,0.932,0.8855157642862862,0.8455937806401561,0.8494303305164962,0.8586197465124302
2009-09-02,0.914,1.212,0.775,0.919,0.8858489407610495,0.8525848491506174,0.8521585528491826,0.8598153950963425
2009-09-03,0.64,1.052,0.61,0.924,0.8862285532907903,0.8593862920886538,0.8549758645021559,0.8610863773716625
2009-09-04,0.812,0.914,0.72,0.893,0.8862959308699865,0.8625875976040202,0.8564670070706988,0.8617183302949959
2009-09-08,0.748,0.836,0.611,0.798,0.8854173643936682,0.8564363978322087,0.8541741832640047,0.8604565811802435
2009-09-09,0.602,0.934,0.546,0.855,0.8851147040514427,0.8562995980386651,0.8542065682340437,0.8603485300677635
2009-09-10,0.557,1.151,0.557,0.906,0.8853225179414781,0.8610329696540303,0.8562376832052577,0.861252519571372
2009-09-11,0.459,0.92,0.459,0.884,0.8853093585589759,0.863220305877456,0.8573264015109339,0.8617029647283746
2009-09-14,0.488,0.855,0.481,0.805,0.8845102604638617,0.8576755148415078,0.855274385765407,0.8605801337436543
2009-09-15,0.593,0.851,0.593,0.757,0.8832415016532761,0.848087370570888,0.8514204882844106,0.8585290419863542
2009-09-16,1.049,1.049,0.65,0.665,0.8810699444228952,0.8306504781355654,0.8441098809007083,0.8546967837291987
2009-09-17,0.598,1.002,0.598,0.785,0.8801140245778912,0.8263028135512258,0.8417918463555825,0.8533166493979274
2009-09-18,1.195,1.195,0.84,0.856,0.8798740840348276,0.8291311170225376,0.842349028851442,0.853369785053414
2009-09-21,0.843,0.878,0.638,0.753,0.8786116553379636,0.8218805344489626,0.8388451453670718,0.8513822645573068
2009-09-22,0.533,0.818,0.533,0.76,0.8774314398619639,0.8159871502157281,0.8357531788820886,0.8495727147640928
2009-09-23,0.965,0.965,0.716,0.9,0.877656002649407,0.8239883740047064,0.8382726620631831,0.8505712748677742
2009-09-24,0.772,1,0.758,0.987,0.8787440026230448,0.8395132907661629,0.8441051066881563,0.8532728337812836
2009-09-25,0.615,0.977,0.603,0.962,0.8795724205073926,0.8511786916455759,0.8487284358376403,0.8554258469737335
2009-09-28,0.731,1.032,0.731,1.004,0.8808105058754783,0.8657331019650448,0.8548175167851839,0.8583679094098972
2009-09-29,0.621,0.861,0.575,0.86,0.8806034361652745,0.8651870922540882,0.855020751421059,0.8584002280354438
2009-09-30,0.736,1.203,0.736,1.119,0.8829755412780578,0.8893597501346512,0.8653728788163116,0.8635606195594944
2009-10-01,0.87,1.06,0.716,0.963,0.8837718045489229,0.8963731072646844,0.8692013933725347,0.8655297162018806
2009-10-02,0.965,1.245,0.939,1.114,0.8860626323643565,0.9170994780013811,0.8788013387304745,0.8704499198414473
2009-10-05,0.696,0.818,0.696,0.801,0.8852162380124723,0.9060423848583925,0.8757503058390833,0.8690746739039928
2009-10-06,0.604,0.774,0.584,0.77,0.8840698077834924,0.8930859672528313,0.8716032350218643,0.8671127991732207
2009-10-07,0.659,0.958,0.659,0.779,0.8830243370592785,0.8822206370382759,0.8679717356092422,0.8653679912688005
2009-10-08,0.495,0.756,0.495,0.725,0.8814519555960021,0.8672472430346306,0.862365000879468,0.8625884270852598
2009-10-09,0.611,0.806,0.611,0.791,0.8805519361373354,0.8599856008408563,0.8595663733939987,0.8611708344697101
2009-10-12,0.528,1.154,0.525,0.823,0.8799792800563669,0.8564631626655367,0.858132397966783,0.860414976361399
2009-10-13,0.538,0.818,0.487,0.803,0.8792133170707315,0.8513714328878665,0.8559703431445562,0.8592780461364208
2009-10-14,0.47,0.742,0.448,0.69,0.8773305974978883,0.836002724993784,0.8494617022369265,0.8559260056188679
2009-10-15,0.479,0.742,0.471,0.689,0.875456661204377,0.8220024654705665,0.8431690864629294,0.8526205401610685
2009-10-16,0.614,0.801,0.614,0.765,0.8743575899486121,0.8165736592352745,0.8401036320918341,0.8508854799598592
2009-10-19,0.665,0.907,0.629,0.907,0.8746823900486259,0.8251856916890579,0.8427270190686249,0.8519966585745155
2009-10-20,0.49,1.119,0.49,0.911,0.8750437593018734,0.8333584829567666,0.8454043908698553,0.8531650415730399
2009-10-21,1.634,1.634,0.865,0.943,0.8757199408013573,0.8438005321989793,0.8492316696592728,0.8549439516409004
2009-10-22,0.687,0.969,0.634,0.804,0.8750063095496025,0.840010005322886,0.8474578786922424,0.8539351605192984
2009-10-23,0.538,0.858,0.511,0.856,0.8748171920416462,0.8415328619588016,0.8477928638415663,0.8539760484298073
2009-10-26,0.544,0.899,0.544,0.882,0.8748886627676,0.8453868751055824,0.8491343201615048,0.8545309781638706
2009-10-27,0.622,1.013,0.622,1.013,0.8762629049291164,0.8613500298574317,0.8555604252532105,0.8576689785962692
2009-10-28,0.977,1.392,0.963,1.107,0.878558796422359,0.8847452651091049,0.8654208007334768,0.862606226544858
2009-10-29,0.717,0.903,0.717,0.842,0.8781950273037286,0.8806742874796664,0.864502337959615,0.8621981824548608
2009-10-30,0.766,1.213,0.578,1.21,0.8814965693206068,0.9120386410530315,0.8780512658827673,0.869085347158725
2009-11-02,0.757,1.049,0.693,1.036,0.883033916889556,0.9238444847622665,0.8842453338873646,0.8723905878090472
2009-11-03,0.801,1.076,0.694,0.937,0.8835708928409037,0.925097390975384,0.8863141443231543,0.8736699821098581
2009-11-04,0.544,0.976,0.544,0.815,0.8828885953997007,0.9146119251682046,0.8835175112124423,0.8725082002859006
2009-11-05,0.747,0.995,0.706,0.866,0.8827205496743306,0.9099822180093279,0.8828305499884249,0.8723793250327144
2009-11-06,1.043,1.267,0.978,1.022,0.8841064148517004,0.9206505781989157,0.8882881754790749,0.875342110675631
2009-11-09,0.571,1.043,0.562,0.872,0.88398595301238,0.916017189799019,0.8876494234995034,0.8752759302662125
2009-11-10,0.59,0.873,0.571,0.837,0.8835184310918588,0.9084917431514934,0.885663171597562,0.8745179910530202
2009-11-11,0.788,0.944,0.655,0.904,0.8837222277974124,0.9080639580894464,0.8863822629074616,0.8751017932103862
2009-11-12,0.539,1.355,0.537,0.85,0.8833866832422143,0.9025340573190229,0.8849555074993258,0.8746047279982994
2009-11-13,0.668,1.038,0.66,1.008,0.8846266167422917,0.9125784328124493,0.8897807817150385,0.8772462185329865
2009-11-16,0.587,0.96,0.587,0.837,0.8841527200582888,0.9053804868303112,0.8877109471379782,0.8764492637105511
2009-11-17,0.672,0.893,0.567,0.881,0.8841213497094501,0.9030585357036149,0.8874477727404104,0.8765393773004412
2009-11-18,1.56,1.56,0.832,0.845,0.883732082548162,0.8975291513508897,0.8857831542015708,0.8759148351756799
2009-11-19,0.813,1.176,0.813,0.998,0.8848690767516629,0.9070978036031859,0.8901838148211171,0.8783323631920031
2009-11-20,0.796,1.038,0.76,0.916,0.8851788371819946,0.9079456318314539,0.8911962142398968,0.8790782569901813
2009-11-23,0.347,0.667,0.347,0.667,0.8830079034786912,0.8849984287998869,0.8824042058383322,0.8748786875448311
2009-11-24,0.859,1.347,0.694,0.879,0.8829680238420873,0.8844271498665643,0.8822707075701623,0.8749602976924582
2009-11-25,0.702,0.881,0.492,0.855,0.8826897350476387,0.8816245641649868,0.881201268057607,0.8745650442728056
2009-11-27,1.177,1.177,0.864,1.052,0.884374414300896,0.8978507961492738,0.887899257545544,0.878078607752552
2009-11-30,0.847,1.115,0.779,1.036,0.8858831265964096,0.9110078631826762,0.89370712979866,0.8812057640346797
2009-12-01,0.666,1.018,0.579,0.855,0.8855758318044055,0.9056737809748023,0.892189203139889,0.8806868380141909
2009-12-02,0.711,0.946,0.6,0.889,0.8856099031297348,0.904085801834345,0.8920641363500894,0.8808514550832168
2009-12-03,0.56,0.835,0.56,0.677,0.8835341827005831,0.8824585826120264,0.8836302486500859,0.8768147926063214
2009-12-04,0.773,0.921,0.726,0.848,0.8831806087433635,0.8791768128394524,0.8822329839971413,0.876244202653721
2009-12-07,0.685,0.917,0.611,0.897,0.8833181151240265,0.880874259235695,0.8828120826639201,0.8766552085417662
2009-12-08,0.861,0.987,0.808,0.902,0.8835040045257775,0.8828862345465811,0.883564550010433,0.877157085600345
2009-12-09,0.741,1.339,0.741,0.961,0.8842751089583568,0.89032564078024,0.8866012343237494,0.8788173413310313
2009-12-10,0.749,1.103,0.729,0.911,0.884541028272204,0.8922946273725981,0.8875580486639945,0.8794546217007139
2009-12-11,0.775,1.253,0.756,0.894,0.8846351473938736,0.892457043813303,0.8878106742065829,0.8797426489937691
2009-12-14,0.719,1.022,0.719,0.894,0.8847283300068699,0.8926039920215599,0.8880533928651483,0.8800249727760707
2009-12-15,0.939,0.972,0.632,0.757,0.8834574013500851,0.8796893261147447,0.8829140441253386,0.877588834701297
2009-12-16,2.108,2.108,0.871,0.894,0.8835623028291887,0.8810522474371499,0.8833487874929724,0.8779138082715684
2009-12-17,2.274,2.274,0.74,0.907,0.8837955137463112,0.8835234619669452,0.8842762860226597,0.8784897724642106
2009-12-18,0.652,1.045,0.652,0.98,0.8847527723159996,0.892711703684379,0.888030157159026,0.8804998759797708
2009-12-21,0.497,0.744,0.497,0.603,0.8819492621437011,0.8651201128572953,0.8768525039371035,0.8750048289306663
2009-12-22,0.622,0.901,0.565,0.582,0.878964692371127,0.8381562925851719,0.8652896606454523,0.8692027531102571
2009-12-23,0.577,0.954,0.541,0.821,0.8783879292629565,0.8365223599580126,0.8635528112083758,0.8682482431476777
2009-12-24,0.664,0.744,0.601,0.712,0.8767323279767579,0.824663087581059,0.8576095637100081,0.865154218530892
2009-12-28,0.566,0.809,0.519,0.788,0.8758494192406708,0.8211713649542914,0.8548797768978509,0.8636264122233496
2009-12-29,0.434,1.044,0.434,0.906,0.8761494250193707,0.8292502825776923,0.8568844915293077,0.8644654931694219
2009-12-30,0.663,0.813,0.459,0.771,0.8751031620838545,0.8237026366179121,0.8535164722536486,0.8626146913244829
2009-12-31,0.834,0.968,0.797,0.915,0.8755001455457068,0.8323976236066823,0.8559275909887996,0.8636520241695426
2010-01-04,0.723,0.748,0.581,0.693,0.8736842236994808,0.819121659453665,0.8495382736951211,0.8602727761661852
2010-01-05,0.448,0.744,0.448,0.719,0.8721450771950084,0.8095862633152207,0.8444191257070772,0.8574752954500232
2010-01-06,0.591,0.727,0.506,0.701,0.8704421411035158,0.7992447144280568,0.838794846267584,0.8543767747480425
2010-01-07,0.69,0.815,0.532,0.713,0.8688755526348241,0.7910309321015752,0.8338617150414043,0.8515772346540219
2010-01-08,0.63,0.746,0.584,0.648,0.8666777859419402,0.7774089385680918,0.8265730203338982,0.8475460022846354
2010-01-11,0.497,0.691,0.468,0.68,0.8648202955345577,0.7681318967997021,0.8208250587521767,0.8442282596651377
2010-01-12,0.816,0.839,0.699,0.799,0.8641653672207811,0.7710717161521113,0.8199691740952286,0.8433326505628578
2010-01-13,0.759,0.87,0.681,0.805,0.8635766570991813,0.7743029812804817,0.8193821476601216,0.8425735881754745
2010-01-14,0.569,0.771,0.508,0.754,0.8624863421031695,0.7723693640156739,0.8168181418695286,0.8408196557363562
2010-01-15,0.586,0.856,0.578,0.825,0.8621133436742823,0.7773818055379906,0.8171389990511158,0.8405063952267254
2010-01-19,0.765,0.771,0.47,0.732,0.8608186835382198,0.7730597288200868,0.8138002147746014,0.8383577537370873
2010-01-20,1.847,1.847,0.892,0.926,0.8614672538512723,0.7876254689324594,0.818200206352068,0.8400932437620955
2010-01-21,0.635,0.934,0.635,0.933,0.8621790224696676,0.8014706623674633,0.8227021590441438,0.8419329815093807
2010-01-22,0.966,1.224,0.878,1.079,0.864336445131661,0.8279020278562763,0.8327530547679028,0.8466273779151355
2010-01-25,0.827,0.99,0.827,0.987,0.865556978015923,0.8430542156794881,0.8388019545809262,0.8494070337980041
2010-01-26,0.838,0.932,0.793,0.854,0.8654419832097945,0.8440966713290606,0.8393979563620664,0.8494979836237861
2010-01-27,0.967,1.41,0.94,0.947,0.8662535057649209,0.8538969883453406,0.8436176443478677,0.8514287166213349
2010-01-28,0.593,0.85,0.593,0.802,0.8656141673991008,0.8489544180267367,0.8419855798636375,0.8504499301535857
2010-01-29,0.569,1.006,0.563,1.005,0.8670010911065724,0.8638159020241903,0.8483783022219262,0.853510327576287
2010-02-01,1.894,3.698,1.894,3.053,0.8887523240308851,1.0723096256409341,0.9348340550759684,0.8970645785153704
2010-02-02,2.233,2.753,2.031,2.752,0.9072921019012246,1.2322801374846546,1.0060954646808324,0.9337959730002146
2010-02-03,2.239,2.639,2.122,2.407,0.9222145685489735,1.3441582196289732,1.0610328974384469,0.9629683299705073
2010-02-04,1.815,2.476,1.747,2.476,0.9376751201057002,1.4519526749024043,1.116521803421253,0.9929293531394081
2010-02-05,3.121,3.192,2.221,2.872,0.9569221338359918,1.5871952772926514,1.1853640856400274,1.030138672879222
2010-02-08,1.59,3.318,1.59,2.675,0.9740174359868774,1.6907957270743037,1.2437811803208105,1.062710184307356
2010-02-09,1.972,2.717,1.471,2.625,0.9904451231909881,1.7797675625910367,1.2979466242297983,1.09364661630127
2010-02-10,3.171,3.171,2.332,2.427,1.0047392015671972,1.8414087471061762,1.3422232272011787,1.1200496536022349
2010-02-11,1.359,3.733,1.359,2.781,1.0224134383675236,1.9308936283341593,1.398645845742309,1.1529397594714976
2010-02-12,2.157,2.839,2.149,2.532,1.037434200174812,1.9881418542070965,1.443091106693591,1.1802478830463194
2010-02-16,2.277,3.252,2.243,3.148,1.0584348548994407,2.0986045347588016,1.509950278980117,1.2192132715008477
2010-02-17,2.161,2.905,2.073,2.905,1.0768086374377548,2.175404102877011,1.564658111176975,1.2525951869166725
2010-02-18,0.837,1.111,0.629,0.788,1.0739349196523045,2.043270378793486,1.5342009303465054,1.2433952822252532
2010-02-19,0.775,0.945,0.669,0.844,1.0716470100040227,1.9290541522417255,1.507134227195662,1.2354864647554462
2010-02-22,0.509,0.946,0.509,0.829,1.06923261189453,1.824287090123466,1.4805407280899499,1.2274372278295957
2010-02-23,0.917,1.377,0.828,1.049,1.0690312923731913,1.7504502243974216,1.4636175622825007,1.2239038173775245
2010-02-24,0.539,1.041,0.537,0.827,1.0666230208072889,1.6625025839786196,1.438652167683187,1.2160443358452964
2010-02-25,1.556,1.556,1.027,1.033,1.0662884633863208,1.6025499569330368,1.4227442395387482,1.212419695531528
2010-02-26,0.763,1.019,0.706,0.867,1.0643054936013823,1.5324975800822713,1.4009503477921306,1.2055797015606067
2010-03-01,0.656,1.029,0.656,0.941,1.0630785732670402,1.476164477217293,1.3829130792512627,1.2003404995495055
2010-03-02,0.775,0.864,0.653,0.778,1.0602419705479653,1.4096726222442175,1.3591909977119976,1.1919773213406044
2010-03-03,0.844,1.043,0.65,0.874,1.0583888166121647,1.3586561820304826,1.3401638997625074,1.1856807407199983
2010-03-04,0.574,1.525,0.327,1.006,1.0578675348548296,1.3250698789799604,1.3270594331051542,1.1821227062502953
2010-03-05,0.861,1.006,0.673,0.826,1.055560395204533,1.2775394143152023,1.3074100435716187,1.1750707714730617
2010-03-08,0.57,0.994,0.57,0.922,1.054231436048269,1.2436785177137546,1.292295924215869,1.1700594690676545
2010-03-09,0.731,0.968,0.648,0.678,1.0504878396696793,1.1898043731695875,1.2682058879721094,1.1603157172049285
2010-03-10,0.605,0.806,0.566,0.805,1.0480451745983392,1.1531563376296268,1.2500409511888895,1.1532797624087914
2010-03-11,0.648,1.014,0.592,0.923,1.046800944005321,1.131236686426805,1.2372158158481488,1.1487197671135678
2010-03-12,0.438,0.879,0.412,0.865,1.0449919793883526,1.1058808115290142,1.222619117187437,1.1431015539033982
2010-03-15,0.711,0.846,0.627,0.799,1.042544298001404,1.07665406757387,1.2060066027879297,1.1362876617468953
2010-03-16,0.611,0.98,0.555,0.754,1.0396732104591013,1.045925108757311,1.1882808536589913,1.128717609039036
2010-03-17,2.758,2.758,0.851,0.86,1.0378854173202048,1.028217955542329,1.175407094691972,1.1233964682659858
2010-03-18,0.433,0.83,0.409,0.765,1.035170139535924,1.003149578824012,1.1593126988216984,1.1162995084983425
2010-03-19,0.662,0.98,0.662,0.974,1.034561481431089,1.0003734284598202,1.152045534162024,1.1134816964488703
2010-03-22,0.662,0.928,0.662,0.913,1.0333519144516752,0.992052149558885,1.1426711994890033,1.1095117618657244
2010-03-23,0.552,0.766,0.548,0.751,1.0305424426660863,0.9690948019818483,1.1273115446070816,1.1024125190565022
2010-03-24,0.788,0.923,0.701,0.923,1.0294723686097074,0.9647048208407198,1.1192993271715097,1.0988597959068684
2010-03-25,0.398,0.864,0.398,0.864,1.02782587737976,0.955113885522556,1.1092875888510583,1.0942091068790096
2010-03-26,0.514,0.923,0.498,0.923,1.0267828338237424,0.9520554202346936,1.1019821932098404,1.090818827534871
2010-03-29,0.9,0.9,0.65,0.844,1.0249640991588296,0.9417644278313895,1.0918652444565133,1.085931325999527
2010-03-30,0.484,0.927,0.484,0.859,1.0233127150875974,0.9338821013712572,1.0827332740856697,1.0814376363757738
2010-03-31,0.695,0.892,0.684,0.815,1.0212399517533923,0.9225599964787564,1.0722339300038788,1.0761616435762535
2010-04-01,0.578,1.012,0.552,0.906,1.0200932855667915,0.9209828539569701,1.0657149523566678,1.072792106079694
2010-04-05,0.982,0.982,0.602,0.794,1.017843601133291,0.9088892488182111,1.0550594640289552,1.0672714703157398
2010-04-06,0.642,0.895,0.633,0.762,1.015297893659328,0.89489979654981,1.0435669360278197,1.061226490705527
2010-04-07,0.716,0.967,0.607,0.909,1.0142402031751556,0.8962426730688757,1.0382898012816306,1.0582121047509623
2010-04-08,0.69,0.905,0.69,0.786,1.011969156377393,0.88574337087184,1.0283960835843118,1.0528217660430224
2010-04-09,0.653,0.804,0.565,0.711,1.0089744384034884,0.8691011450745219,1.0159491783457113,1.0460530182005863
2010-04-12,0.541,0.719,0.479,0.679,1.00569111065818,0.8509962741150436,1.002735485077252,1.0387846416025548
2010-04-13,0.548,0.771,0.548,0.723,1.0028782637859595,0.8388061527707538,0.9917654660546147,1.0325314803827021
2010-04-14,0.413,0.658,0.413,0.558,0.9984516143950544,0.8120627096497296,0.9747550556211004,1.023134817404827
2010-04-15,0.363,0.86,0.363,0.716,0.995641150570228,0.8029138801592791,0.96460779853792,1.0170529398324542
2010-04-16,0.648,0.898,0.572,0.855,0.9942417361366933,0.8078744630012525,0.9603094534972173,1.013843970726861
2010-04-19,0.709,0.928,0.638,0.907,0.9933736591602088,0.8173149903344666,0.9582188866934048,1.0117282485342498
2010-04-20,0.666,1.079,0.666,0.914,0.9925838715068734,0.8265230864930889,0.9564848127054282,1.0097930356919875
2010-04-21,1.534,1.534,0.85,0.908,0.9917422409446159,0.8342827925413662,0.9545834475012938,1.0077773320149184
2010-04-22,0.691,0.937,0.646,0.758,0.989416447502381,0.8270177646802837,0.9468742926973215,1.0028312462324447
2010-04-23,0.666,0.712,0.517,0.707,0.9866063335968847,0.8155875013773994,0.9374674576895834,0.9969732017525943
2010-04-26,0.458,0.675,0.455,0.666,0.9834162208247763,0.8013410726747899,0.9268216750350899,0.9904192769654142
2010-04-27,0.686,0.904,0.613,0.888,0.9824668056921915,0.8095943038486194,0.9252992564062629,0.9883911724710496
2010-04-28,0.618,0.887,0.616,0.829,0.9809397727997319,0.8114424653868462,0.9215228149785663,0.9852349116300387
2010-04-29,0.648,0.752,0.555,0.724,0.9783831581450082,0.8031146115404799,0.9137768222343088,0.9800619430829093
2010-04-30,0.716,1.206,0.676,1.055,0.9791455147803813,0.8271036961556723,0.9193149860682575,0.9815458650020595
2010-05-03,0.602,0.837,0.582,0.782,0.9771838678671436,0.8228081060456083,0.913930084653816,0.977594461734692
2010-05-04,0.875,1.128,0.87,0.985,0.977261640326177,0.8382549530888836,0.9167171401575879,0.9777411060567773
2010-05-05,0.829,1.481,0.829,1.146,0.9789406289796478,0.8675640051756566,0.9257086248572903,0.9810729653427818
2010-05-06,1.077,1.154,0.814,1.023,0.9793790306813429,0.8823674332541654,0.9295239729021024,0.9819032036528257
2010-05-07,1.183,1.415,1.15,1.221,0.9817832194307823,0.9146181538966259,0.9409544053373141,0.9866377936795024
2010-05-10,0.578,1.064,0.578,1.022,0.9821833864016203,0.9248449963826616,0.944132663951537,0.9873380353888193
2010-05-11,0.702,1.294,0.702,1.086,0.9832163875319524,0.9401930919652652,0.949696088894614,0.9892917376583475
2010-05-12,0.57,0.883,0.549,0.868,0.9820699558152165,0.9333175593971448,0.9464923207026683,0.9868899210710536
2010-05-13,0.655,0.863,0.563,0.861,0.9808652796379507,0.9264301727878929,0.9431396806751127,0.9843970513468743
2010-05-14,0.952,1.246,0.617,1.109,0.9821402519798617,0.943817775379522,0.9496440069231474,0.9868644364687184
2010-05-17,0.86,1.053,0.762,1.017,0.9824871151442411,0.9507875110576628,0.9522854184163574,0.9874611803010209
2010-05-18,0.851,1.05,0.813,1.015,0.9828106264363382,0.9569029861950282,0.9547448137725787,0.9880065034633769
2010-05-19,4.296,4.296,1.368,1.368,0.9866433565215488,0.9960550827478827,0.9709508995069873,0.9955311271571714
2010-05-20,1.239,1.653,1.154,1.53,0.9920498902875036,1.0469069796290367,0.9928743936439682,1.006114669193663
2010-05-21,1.217,1.382,1.046,1.314,0.9952533739662349,1.072344410140557,1.005467554677538,1.0122114084175509
2010-05-24,0.744,1,0.665,0.936,0.9946637881556256,1.0593592282224087,1.0027433368470464,1.0107022716172034
2010-05-25,0.923,1.372,0.902,1.14,0.9961099196167637,1.0670393017250364,1.0081259510883387,1.0132626226742885
2010-05-26,0.689,1.177,0.685,1.048,0.996626238824557,1.0652260348940805,1.009689639280953,1.0139504915322233
2010-05-27,0.732,1.173,0.633,1.04,0.9970578185377456,1.0628235553803587,1.0108782808777783,1.0144663233830704
2010-05-28,0.682,3.589,0.669,1.213,0.9992064969602555,1.0771260739155626,1.0188046228041399,1.0183976833160788
2010-06-01,0.827,0.952,0.774,0.897,0.9981895168909992,1.059971209733128,1.0140279709294677,1.0159937687949683
2010-06-02,0.889,0.977,0.66,0.894,0.9971528052801435,1.0441644278537825,1.0093209916773318,1.0135780506010086
2010-06-03,0.718,1.294,0.718,1.083,0.9980070062226296,1.0478630537724698,1.0122103645527305,1.0149527426683154
2010-06-04,0.864,1.078,0.498,0.967,0.9976984787975288,1.0401618105560442,1.0104374090800745,1.0140031834075567
2010-06-07,0.887,1.66,0.887,0.962,0.9973432700532748,1.0327178285983256,1.0085379028416401,1.0129734173994862
2010-06-08,0.796,1.165,0.796,1.155,0.9989119937343368,1.0443637496841993,1.014281514494909,1.015785824975734
2010-06-09,0.694,1.102,0.694,1.056,0.9994800335976768,1.0454719639999899,1.0159175335343245,1.0165821452732444
2010-06-10,1.133,1.133,0.944,1,0.9994852073927247,1.0411413007618957,1.0152933165329785,1.0162537859609029
2010-06-11,0.895,1.232,0.895,1.077,1.0002564988614537,1.0445564149750486,1.0177131864728617,1.0174566812884098
2010-06-14,0.976,1.222,0.749,1.098,1.0012290710120861,1.0496462802155202,1.020861688964122,1.0190515984906194
2010-06-15,0.72,1.017,0.72,0.859,0.99981385637515,1.031489491623566,1.0145141717498427,1.0158822599066468
2010-06-16,3.421,3.421,0.946,0.95,0.9993181961127107,1.0237285876594169,1.011984204230241,1.0145776607005745
2010-06-17,0.634,0.907,0.634,0.898,0.9983100548578578,1.011754436453758,1.0075142354368982,1.0122691921718503
2010-06-18,0.911,1.033,0.846,0.878,0.9971129398841478,0.9990159186962573,1.002435245811922,1.0096103962872591
2010-06-21,0.567,1.015,0.555,0.929,0.9964351991887832,0.9923477359632804,0.99955543225067,1.0080141508162244
2010-06-22,0.808,1.225,0.726,1.037,0.9968388290476012,0.9966003325382061,1.0010238466722123,1.0085881280277842
2010-06-23,0.685,1.12,0.664,1.088,0.9977459053754858,1.0053050627726627,1.0044346762144785,1.0101606403440657
2010-06-24,2.052,2.199,1.18,1.19,0.9996588814414014,1.0228950567943138,1.0117117477354793,1.0137218157827972
2010-06-25,0.888,0.975,0.704,0.893,0.9985975990389994,1.0105240990043791,1.007056385079186,1.0113312847771971
2010-06-28,0.712,0.872,0.641,0.785,0.9964722497948302,0.9890456133849145,0.9983482915466689,1.0068494771578467
2010-06-29,0.774,1.247,0.755,1.099,0.9974924264137871,0.9995174597292084,1.0022954173683682,1.0086742399864042
2010-06-30,0.886,1.076,0.775,1.068,0.9981939943101673,1.0060396064216648,1.004872067667648,1.009849007511426
2010-07-01,0.861,1.416,0.76,1.25,1.000699526705091,1.0292739296196014,1.0144849277591128,1.0146044727092194
2010-07-02,0.746,1.054,0.696,0.904,0.9997373423597669,1.0173430791796394,1.0101521854940496,1.012414285130819
2010-07-06,0.617,1.311,0.617,1.131,1.0010434384556897,1.0281675478291976,1.014891315474675,1.0147625171084267
2010-07-07,0.609,0.922,0.609,0.87,0.9997395236451853,1.0131039718454644,1.009209303103119,1.01189593261123
2010-07-08,0.933,0.933,0.73,0.807,0.9978217174397606,0.9934750221458963,1.0012795265108398,1.0078385874110076
2010-07-09,0.707,1.03,0.707,0.858,0.9964304565697132,0.9805726390843824,0.9956607215496305,1.0048714866701955
2010-07-12,0.458,1.027,0.458,1.007,0.9965356261560842,0.9830895306001555,0.9961053991359194,1.0049136354490036
2010-07-13,0.637,0.929,0.637,0.829,0.9948686050003023,0.9684143372096645,0.9895522462286285,1.0014301971232806
2010-07-14,0.604,1.066,0.604,0.932,0.9942430467415928,0.9649463050944583,0.9872952953961333,1.000055341734701
2010-07-15,0.556,0.944,0.556,0.877,0.993076449261577,0.9565704665140338,0.9829699896943241,0.9976186022944098
2010-07-16,0.514,1.219,0.514,1.098,0.99412046469181,0.9700399458936496,0.9874809704906251,0.9996063527440254
2010-07-19,0.518,0.721,0.507,0.721,0.9914028481277124,0.9463218558085401,0.9770307363537378,0.9940893952639457
2010-07-20,0.842,0.901,0.743,0.888,0.9903739640667402,0.9407673933505839,0.9735393349281011,0.9919886151597092
2010-07-21,2.437,2.437,0.962,1.01,0.9905692480063746,0.9473609749362426,0.9749691649309207,0.9923452762456555
2010-07-22,0.566,1.122,0.521,0.816,0.988832240563525,0.9348504058946957,0.9687350800316689,0.9888532905774247
2010-07-23,0.795,1.017,0.616,0.838,0.9873314222494601,0.9256265577142485,0.963608214148074,0.9858660967046043
2010-07-26,0.727,1.09,0.627,0.987,0.9873281245156347,0.9314716474557486,0.9645255390834436,0.9858885502352063
2010-07-27,0.684,0.918,0.639,0.828,0.9857427700428423,0.9216172048409154,0.959171596374289,0.9827620442899546
2010-07-28,0.739,0.977,0.441,0.963,0.9855164738235105,0.9255584234274948,0.959321729849807,0.9823707166802526
2010-07-29,0.624,1.08,0.624,0.984,0.9855013845317343,0.9311242878629715,0.9602895051498146,0.9824029797162872
2010-07-30,0.774,0.87,0.595,0.807,0.983725251352314,0.9193029271141171,0.9542781520066846,0.9789296533852716
2010-08-02,0.648,1.104,0.648,0.931,0.9832006219856243,0.9204169340556297,0.9533652833005402,0.9779805513380385
2010-08-03,0.617,0.881,0.617,0.852,0.9818951431598967,0.9139010355741412,0.9493901741514994,0.9754858869551071
2010-08-04,0.685,0.866,0.488,0.822,0.9803041467105444,0.9051485559956515,0.944394481047519,0.9724465624609465
2010-08-05,0.579,0.952,0.518,0.952,0.9800225134099421,0.9096105982817799,0.9446927366927144,0.9720416800359772
2010-08-06,1.081,1.081,0.786,0.929,0.9795148267093456,0.9114572079692295,0.9440773352537843,0.9711893695402153
2010-08-09,0.633,0.942,0.633,0.81,0.9778281120157203,0.9017946167340648,0.9388194005379497,0.9679975008364486
2010-08-10,1.034,1.154,0.889,0.996,0.9780089268215341,0.9107665579974872,0.9410617769874419,0.9685520057703804
2010-08-11,1.007,1.101,0.93,1.069,0.9789143106342552,0.9258364096167742,0.9460789622036206,0.9705410749630461
2010-08-12,0.718,1.065,0.718,0.996,0.9790843174936158,0.9325186563199386,0.9480366499603414,0.9710452120924907
2010-08-13,0.733,1.079,0.649,1.002,0.9793123342349729,0.9391359271466111,0.9501528597658182,0.9716581781896692
2010-08-16,0.807,1.066,0.807,0.916,0.978682360759998,0.9369325055136005,0.9488135319318646,0.9705560360472995
2010-08-17,0.728,1.042,0.728,0.997,0.9788646258270627,0.94265321927421,0.9507031973463013,0.971079678897848
2010-08-18,2.273,2.273,1.051,1.202,0.9810848783063953,0.9673529126766661,0.9605579739209561,0.9756523585236332
2010-08-19,0.755,1.039,0.682,0.974,0.9810143820048391,0.9679859686122217,0.9610851121985656,0.9756196385528682
2010-08-20,0.802,1.171,0.698,1.043,0.9816311543231989,0.9751301620777244,0.9642974607397984,0.9769539031359796
2010-08-23,0.419,0.922,0.419,0.71,0.9789283567677443,0.9498796704512744,0.954325011299022,0.9716676872322969
2010-08-24,0.925,1.262,0.86,0.952,0.9786604129193089,0.950081606598772,0.9542338343853349,0.9712782280791821
2010-08-25,0.773,1.374,0.773,1.021,0.9790817023429974,0.9568357393036508,0.9568521153898316,0.9722628176221686
2010-08-26,0.878,0.952,0.766,0.883,0.9781256655037636,0.9498037641318746,0.9539559540019951,0.9704952370751949
2010-08-27,0.94,1.164,0.789,0.803,0.9763831215684027,0.9358224532621723,0.9480361126685835,0.9671784997073692
2010-08-30,1.009,1.169,0.644,0.983,0.9764489611547867,0.9403155529514892,0.9494072455051096,0.9674917967428669
2010-08-31,0.805,1.114,0.736,0.917,0.9758574292029978,0.9380950240989664,0.9481363731323602,0.9664919591836022
2010-09-01,0.626,0.948,0.626,0.816,0.9742668080168984,0.9264669265657315,0.94295455457815,0.9635119203878874
2010-09-02,0.608,0.952,0.587,0.901,0.9735377850515561,0.9240415049880428,0.9413092779280265,0.9622740605782262
2010-09-03,0.672,1.012,0.551,0.967,0.9734727324639784,0.9281327902272768,0.9423167572249667,0.9623676435370732
2010-09-07,0.814,1.45,0.689,1.332,0.9770401679618492,0.9665963340151552,0.957598453020066,0.9696870961402995
2010-09-08,0.95,3.298,0.849,0.942,0.9766915095741692,0.9642538260137119,0.9569867489800634,0.9691388368107886
2010-09-09,0.753,1.217,0.753,1.065,0.9775702010211924,0.9738486997266917,0.9612225627455512,0.9710370776660205
2010-09-10,0.912,1.26,0.773,1.253,0.9803107960359069,1.000434537847959,0.9726648151869021,0.9766205018706537
2010-09-13,0.863,0.922,0.736,0.832,0.9788350667221167,0.9843931532910106,0.9671485479246706,0.9737567295563834
2010-09-14,0.581,0.94,0.519,0.901,0.9780605884462747,0.9764509482156762,0.9645544872217424,0.9723160022384352
2010-09-15,2.529,2.529,0.883,0.93,0.9775823736358641,0.9720270483856118,0.963199409291478,0.9714780616000503
2010-09-16,0.686,0.825,0.631,0.823,0.9760442405648605,0.9578339961584107,0.9577013932408318,0.9685379019644058
2010-09-17,0.891,1.084,0.771,0.893,0.9752179297134689,0.9516593298576097,0.9551640837019757,0.9670421019255067
2010-09-20,0.706,1.128,0.675,0.798,0.9734545672287578,0.9370251079664088,0.9490007863018982,0.9636947335705461
2010-09-21,1.197,1.197,0.8,0.984,0.9735594969080736,0.9414989072077032,0.9503733044861375,0.9640968180542977
2010-09-22,0.752,0.944,0.563,0.944,0.9732653725607296,0.9417371065212553,0.9501233709768773,0.9636988612611432
2010-09-23,0.983,1.648,0.858,0.935,0.972884622585001,0.9410954773287548,0.949530297605235,0.9631305669787443
2010-09-24,0.616,0.875,0.58,0.843,0.9715922382806726,0.9317530509164924,0.9453526388756179,0.9607517438702543
2010-09-27,0.48,0.848,0.469,0.843,0.9703127135216609,0.923300379400636,0.9413388099001035,0.9584200261698532
2010-09-28,0.592,1.023,0.586,1.02,0.970807114382142,0.932509867076766,0.9444235624530407,0.9596394315922324
2010-09-29,0.789,0.856,0.724,0.784,0.9689483371246082,0.9183660702123121,0.938132442356843,0.9561614230458516
2010-09-30,0.556,0.94,0.532,0.839,0.9676553188447613,0.9108073968587586,0.9342448955977511,0.9538413948667258
2010-10-01,0.676,0.855,0.54,0.817,0.9661562609458084,0.9018733590626863,0.929647056554702,0.9511316642753055
2010-10-04,0.681,0.862,0.607,0.806,0.9645626663095317,0.892742562961478,0.9247981523760863,0.9482577699332202
2010-10-05,0.393,1.047,0.393,0.894,0.9638605502268498,0.8928623188699087,0.9235903816946711,0.9471833586474139
2010-10-06,0.744,0.862,0.653,0.842,0.962648007438523,0.888018288501346,0.9203907588831154,0.9451005198623166
2010-10-07,0.708,1.2,0.708,1.074,0.9637559874640103,0.9057308324535988,0.9264146506916207,0.9476529848155381
2010-10-08,0.685,1.304,0.659,0.855,0.9626738383350151,0.9008993246008751,0.9236140761546944,0.9458182722449333
2010-10-11,0.526,0.83,0.517,0.828,0.9613338001426268,0.8939565317817441,0.9198645045407848,0.9434852371509742
2010-10-12,0.911,3.01,0.911,1.152,0.9632309762606106,0.9185321001834827,0.9289678573038913,0.9476142423559054
2010-10-13,0.441,0.778,0.441,0.73,0.9609102700291617,0.9005766620707701,0.9211651962331505,0.9433050494379667
2010-10-14,0.743,0.954,0.646,0.825,0.9595579290338467,0.8933788847306968,0.9173940120671447,0.9409623751916703
2010-10-15,0.685,0.861,0.685,0.712,0.9570946660583856,0.8761047052325353,0.9093393449272567,0.9364284667720332
2010-10-18,0.794,0.927,0.697,0.852,0.9560489479881529,0.8738090190199128,0.9070907431654035,0.9347566159448643
2010-10-19,0.824,1.157,0.824,0.918,0.9556703514907583,0.8780176838751592,0.907518557158917,0.9344248017677382
2010-10-20,2.047,2.047,1.021,1.025,0.9563601987396064,0.8920159996965726,0.9121256725644498,0.9362183700495652
2010-10-21,0.95,1.013,0.797,0.96,0.9563964156675705,0.8984906663921371,0.9140030971697655,0.9366892934149204
2010-10-22,0.806,0.988,0.806,0.869,0.9555267995912763,0.8956820314976479,0.9122382698297746,0.9353489113671002
2010-10-25,0.678,0.961,0.597,0.914,0.9551135976052935,0.8974265999264434,0.9123073572874305,0.9349261606469595
2010-10-26,0.813,1.005,0.793,0.915,0.9547144573306139,0.8991002570763059,0.912412951119296,0.9345315832084059
2010-10-27,0.488,0.861,0.488,0.86,0.953772024919364,0.8953764230690386,0.9103575412714805,0.933055710273586
2010-10-28,0.566,0.879,0.566,0.872,0.9529583729301165,0.8931500970624635,0.9088533239667166,0.9318466863077725
2010-10-29,0.756,1.037,0.695,0.899,0.952421473696981,0.8937072306755622,0.9084669191052768,0.9311962568759353
2010-11-01,0.608,0.971,0.608,0.87,0.9516013595308419,0.8914493991826515,0.9069584124736972,0.9299844498090851
2010-11-02,0.507,0.809,0.507,0.798,0.9500729877942166,0.8825494564033514,0.9026855335531601,0.9273708963475191
2010-11-03,0.593,0.914,0.537,0.903,0.9496045998559657,0.8844971272220798,0.9026978655706832,0.9268883043406375
2010-11-04,0.559,0.933,0.559,0.75,0.9476184844345132,0.8716878770104532,0.896709713979676,0.9233855656408229
2010-11-05,0.52,0.706,0.453,0.686,0.9450153154351648,0.854003317295172,0.8884465879412574,0.9186848613707076
2010-11-08,0.547,0.767,0.525,0.702,0.9425972525950139,0.839526810886108,0.8811349570416003,0.9143940720366341
2010-11-09,0.475,0.841,0.475,0.84,0.9415763844099889,0.8395718765160025,0.8795218214713414,0.9129209220953146
2010-11-10,0.684,0.725,0.569,0.709,0.9392621915302876,0.8271364597049546,0.8728346912175633,0.9088828840340213
2010-11-11,0.985,1.023,0.709,0.767,0.9375481398732698,0.8214091778282923,0.8686843111698157,0.9060733219739416
2010-11-12,0.678,1.032,0.639,1.032,0.9384879593770183,0.8414654466065501,0.8750888479866856,0.908566919558616
2010-11-15,0.54,0.939,0.54,0.793,0.9370403179901824,0.8368496897868787,0.8718696774774038,0.9062784657059701
2010-11-16,0.745,1.022,0.741,0.955,0.9372190212937627,0.8481021002833664,0.8751296901253488,0.9072432485632776
2010-11-17,1.744,1.744,0.807,0.912,0.9369680857585013,0.8541876145420935,0.8765755846302371,0.9073374416610346
2010-11-18,0.636,0.952,0.636,0.831,0.935913676944984,0.8519792702999893,0.8747883068016004,0.9058258091528952
2010-11-19,0.537,0.811,0.537,0.664,0.9332080682191632,0.8340764826523713,0.8665220986917337,0.9010371792686794
2010-11-22,0.771,0.843,0.61,0.793,0.9318129630627536,0.8301644366854788,0.8636388791351951,0.8988978291841512
2010-11-23,0.765,1.096,0.749,0.946,0.9319541276093929,0.8411963950963856,0.8668687270122463,0.8998305454379304
2010-11-24,0.586,1.2,0.569,1.056,0.9331884148968617,0.8616538812776822,0.8742856396784326,0.9029230098847041
2010-11-26,0.782,0.909,0.554,0.852,0.9323805699725147,0.860734464013141,0.8734116930243765,0.9019146334513436
2010-11-29,0.727,1.193,0.659,0.982,0.93287429564443,0.8722835626785561,0.8776700580038127,0.9035004822938912
2010-11-30,0.948,1.159,0.718,0.893,0.932477536483789,0.8742565567091698,0.8782712321997416,0.903292551951438
2010-12-01,0.398,0.828,0.398,0.806,0.9312190535337015,0.8677559322606775,0.8754370662311243,0.9013659667642808
2010-12-02,0.485,0.8,0.482,0.704,0.9289581674288886,0.852160129188232,0.8687140440259822,0.8974577297986515
2010-12-03,0.605,0.785,0.605,0.785,0.9275257478524818,0.8457639264084004,0.8654311403386887,0.8952308440600643
2010-12-06,0.621,0.752,0.61,0.723,0.9254906657842978,0.8340721238933146,0.859845605423446,0.8918203322964986
2010-12-07,0.399,0.786,0.399,0.756,0.923804191497887,0.8266366835225227,0.8557732287401736,0.8891308207658749
2010-12-08,0.476,0.795,0.454,0.741,0.9219852443188035,0.8184808089013301,0.8512723178091864,0.8861975371863526
2010-12-09,0.519,0.709,0.297,0.709,0.9198659881564273,0.8080540651964415,0.845693011228434,0.8826886750638506
2010-12-10,0.561,0.82,0.502,0.766,0.9183349832991494,0.8040489161301138,0.8425677951018288,0.8803780082309031
2010-12-13,0.258,0.653,0.258,0.653,0.9156948342115957,0.789663305070103,0.835133763921365,0.8758754734144495
2010-12-14,0.557,1.19,0.463,0.903,0.9155685174532714,0.8004572760158074,0.8377951849440566,0.8764125927527773
2010-12-15,0.759,0.759,0.485,0.678,0.9132046516079652,0.7887946783000163,0.8315287071031132,0.872483630520049
2010-12-16,0.697,0.868,0.573,0.867,0.9127449038307714,0.7962428041762052,0.8329197381971087,0.8723750437770776
2010-12-17,0.581,0.854,0.581,0.777,0.9113942082702663,0.7944101561594238,0.8307268072874182,0.8704864290488187
2010-12-20,0.616,0.907,0.616,0.751,0.9097982459989203,0.790275855572812,0.8276002658251665,0.8681203611468619
2010-12-21,0.675,0.786,0.542,0.735,0.9080589599690804,0.7850114883754014,0.8239688828516306,0.8654843143914784
2010-12-22,2.301,2.301,0.823,0.832,0.9073021543972487,0.7894865847206012,0.8242838286221549,0.8648212586609542
2010-12-23,0.624,0.988,0.609,0.866,0.9068911876868283,0.7967735766519725,0.8259197569114821,0.8648446000736085
2010-12-27,0.749,0.954,0.681,0.778,0.9056086883068598,0.7949856169708323,0.8240405507580907,0.8631249050226459
2010-12-28,0.626,0.801,0.564,0.787,0.9044285023535578,0.7942250820212292,0.8225879801401264,0.8616174811608114
2010-12-29,0.653,0.971,0.635,0.782,0.9032103083002885,0.7930607884953979,0.8209962946444351,0.8600408973754488
2010-12-30,0.493,0.717,0.101,0.716,0.9013475191629722,0.7857216657815504,0.8168787928936729,0.8571886023779152
2010-12-31,0.724,1.868,0.724,0.989,0.9022196831514003,0.8050815071356885,0.8236286441527446,0.859798729063501
2011-01-03,0.445,0.796,0.445,0.651,0.8997199848115854,0.7904070778846706,0.8168588934016566,0.8556641007652138
2011-01-04,0.397,0.654,0.334,0.647,0.8972053580970423,0.7767492609432733,0.8101977603270819,0.8515321383738235
2011-01-05,0.637,0.863,0.624,0.705,0.8952928669716985,0.769915997996295,0.8060723579613139,0.8486305118713715
2011-01-06,0.589,0.822,0.554,0.746,0.8938073658078011,0.7676382839014098,0.803716579217733,0.8465982245075819
2011-01-07,0.705,1.123,0.56,0.908,0.8939485860485195,0.7810060663869898,0.8078061251307631,0.847814101250006
2011-01-10,0.737,0.811,0.65,0.785,0.8928645205156983,0.7813864410168003,0.8069117672824979,0.846570257660897
2011-01-11,0.562,0.858,0.562,0.839,0.8923285551374327,0.786873446634248,0.8081701293498509,0.846420351568602
2011-01-12,0.665,0.911,0.579,0.822,0.8916287685191497,0.7902188326690814,0.8087124772184842,0.8459367802504119
2011-01-13,0.415,0.743,0.415,0.722,0.8899409200761731,0.7837218009863117,0.8053119879157985,0.8434825865820869
2011-01-14,0.656,0.731,0.549,0.574,0.8867972293291465,0.7637482961304725,0.7962409295661593,0.8381462977388772
2011-01-18,0.482,0.741,0.482,0.734,0.8852768588880605,0.7609151250704275,0.793800108798859,0.8360839948133548
2011-01-19,2.32,2.32,0.789,0.835,0.884776591635443,0.7679708274446725,0.7954157908067468,0.836062529569526
2011-01-20,0.736,0.986,0.736,0.935,0.8852763270420555,0.783878367688037,0.800889681363345,0.8380216873998324
2011-01-21,0.513,0.796,0.502,0.794,0.884368104882433,0.7848423326701287,0.8006194977804688,0.8371499708176575
2011-01-24,0.575,0.809,0.561,0.756,0.8830908103064884,0.7820954438444022,0.7988697135537838,0.8355430407024563
2011-01-25,0.68,1.035,0.68,0.954,0.8837963743830407,0.7984673063354115,0.8049532541987334,0.8378887230647839
2011-01-26,0.551,0.997,0.542,0.918,0.884136708966294,0.8098513723987056,0.8093864599164301,0.8394750849842931
2011-01-27,0.803,1.246,0.677,1.029,0.885578134747724,0.8307226702654955,0.8179987556059819,0.8432280535984655
2011-01-28,0.548,1.09,0.548,1.08,0.8875126806706322,0.8544633683354483,0.8282733142096689,0.8479166069925553
2011-01-31,0.732,1.097,0.713,1.009,0.8887215097186856,0.8691811427796914,0.8353606352210544,0.8511063771511186
2011-02-01,0.531,1.127,0.531,0.8,0.8878387086269574,0.8625924625149589,0.8339739436437582,0.8500943696827796
2011-02-02,1.19,1.19,0.618,0.746,0.8864273781928583,0.8514884184659152,0.8305239850694932,0.8480330950355959
2011-02-03,0.459,0.88,0.459,0.867,0.8862340709471582,0.8529657119453519,0.8319544170275524,0.8484086773121188
2011-02-04,0.504,0.977,0.501,0.868,0.8860526374053954,0.8543975489029374,0.8333679693009817,0.8487966242960372
2011-02-07,0.612,0.82,0.612,0.82,0.8853953972322074,0.8511215918645624,0.8328437352107471,0.8482263941119572
2011-02-08,0.6,0.856,0.6,0.839,0.8849337514886033,0.8499671545441279,0.8330851573593452,0.8480436932384531
2011-02-09,0.561,0.875,0.546,0.873,0.8848150076926968,0.8521607588732585,0.8346504453060375,0.8485378775307609
2011-02-10,0.843,0.921,0.594,0.774,0.8837123708002322,0.8447168770758053,0.8322719964705066,0.8470618799558943
2011-02-11,0.618,0.958,0.613,0.823,0.8831082676081902,0.8426486030685858,0.8319083887657809,0.8465854070854806
2011-02-14,0.703,0.908,0.627,0.874,0.8830176380797504,0.8456344503953872,0.8335590401867307,0.8471282703115106
2011-02-15,0.519,2.891,0.519,0.843,0.8826194526262205,0.8453835503577313,0.8339292739048981,0.84704652238455
2011-02-16,2.197,2.197,0.901,0.926,0.8830510998637706,0.8530613074665188,0.83753989061451,0.848609957584856
2011-02-17,0.522,0.724,0.522,0.722,0.8814486013576635,0.8405792781839931,0.8330089145119801,0.8461028297118885
2011-02-18,0.564,1.003,0.534,0.92,0.8818321973640548,0.8481431564521843,0.8364203296291574,0.8475661400146234
2011-02-22,0.792,1.081,0.771,0.98,0.8828089914201339,0.8607009510757858,0.8420509049378179,0.8501885926876012
2011-02-23,0.992,1.21,0.764,0.96,0.883577061157247,0.8701580033542824,0.8466763596461387,0.8523630760007179
2011-02-24,0.762,1.002,0.71,0.985,0.8845862446283191,0.8810953363681603,0.8521008161306038,0.854989549743278
2011-02-25,0.571,0.865,0.571,0.827,0.8840132471693309,0.8759433995711926,0.8511164703999919,0.8544353012335101
2011-02-28,0.676,0.863,0.667,0.838,0.8835554039139147,0.8723297424691743,0.850602099011757,0.8541098497239357
2011-03-01,0.707,1.041,0.707,0.931,0.8840274894471096,0.8779173860435386,0.853754957874041,0.855632426957125
2011-03-02,0.655,0.904,0.645,0.79,0.8830918925371881,0.8695443016584398,0.851254763447608,0.8543327749381721
2011-03-03,0.665,1.021,0.665,0.865,0.8829118737059723,0.8691115110243026,0.8517937923320155,0.8545440071176142
2011-03-04,0.851,0.851,0.657,0.789,0.8819774272014353,0.8614818433077024,0.8493312906719365,0.8532461059865724
2011-03-07,0.586,0.903,0.586,0.896,0.8821169552889833,0.8647692868022069,0.8511614361357821,0.8540927177492145
2011-03-08,0.849,0.947,0.723,0.888,0.8821754930473018,0.8669817356781871,0.8526060856990848,0.8547641490809131
2011-03-09,0.572,0.86,0.572,0.86,0.8819548413751893,0.8663168084707408,0.8528960431226501,0.8548678292971327
2011-03-10,0.807,1.179,0.807,1.055,0.8836766837495655,0.8842866362354321,0.8608216884903893,0.8588308425783776
2011-03-11,1.995,1.995,1.065,1.07,0.885530647095341,0.901973623260629,0.8690247595299819,0.8630124100520731
2011-03-14,0.652,0.966,0.65,0.95,0.8861721331938949,0.9065475639024738,0.8722002591562571,0.8647349365856953
2011-03-15,1.178,1.37,0.859,1.067,0.887971415450672,0.9218287482927144,0.8798394646795411,0.8687401853661766
2011-03-16,3.08,3.08,1.157,1.183,0.890907023257133,0.9467022008362654,0.8917281131234807,0.8749631519925889
2011-03-17,0.984,1.109,0.766,1.077,0.8927586946675098,0.9591115150423354,0.8989936773147167,0.878963881656102
2011-03-18,0.769,1.019,0.74,1.017,0.8939949265613654,0.9646247040859225,0.9036213762435513,0.8816972701381594
2011-03-21,0.445,0.797,0.445,0.759,0.8926516934612523,0.9450413989348823,0.8979499497241964,0.8792676212245324
2011-03-22,0.589,0.792,0.5,0.761,0.8913417263621354,0.9275136466553696,0.8925793634605024,0.8769256881309773
2011-03-23,0.757,1.042,0.683,0.853,0.8909602166470892,0.9204171088786678,0.8910272315600906,0.8764519121283837
2011-03-24,0.514,0.945,0.514,0.89,0.8909506622525909,0.9175202413664137,0.8909869479694987,0.8767201910961385
2011-03-25,0.652,1.231,0.652,0.842,0.8904635909863959,0.9103278374267553,0.8890658911863811,0.8760326625595813
2011-03-28,0.587,0.847,0.538,0.822,0.8897823612253373,0.901915662433731,0.8864358562378956,0.8749627088455302
2011-03-29,0.615,0.805,0.615,0.754,0.8884312929544383,0.8878284564876614,0.8812422932481742,0.8725674076802722
2011-03-30,0.587,0.804,0.488,0.754,0.8870936681489215,0.8750828892031223,0.8762523993953046,0.8702195382212569
2011-03-31,0.603,0.874,0.569,0.874,0.8869633828937084,0.874979756898063,0.8761640700072535,0.8702943988505389
2011-04-01,0.862,1.123,0.796,0.894,0.8870333989843182,0.876791208622057,0.8768635182422632,0.8707638166950827
2011-04-04,0.587,1.068,0.576,1.059,0.8887445094421856,0.8941444268485277,0.8840061253700175,0.8744912658694375
2011-04-05,1.24,1.24,0.689,0.818,0.8880405839750992,0.8868925766724775,0.881417649865311,0.8733726269413298
2011-04-06,0.574,0.724,0.521,0.709,0.8862590856270883,0.8699504265131939,0.8746561734000047,0.870117723437541
2011-04-07,0.588,1.087,0.574,0.892,0.886316209153187,0.8720503858928897,0.8753363234627496,0.8705510358447184
2011-04-08,0.709,0.868,0.55,0.868,0.8861339583158419,0.8716646348554716,0.875048624503426,0.8705005202834368
2011-04-11,0.824,0.962,0.68,0.952,0.8867893418151868,0.8793156220120933,0.8780663255032917,0.8721143713669331
2011-04-12,0.916,1.316,0.856,1.129,0.8891993981155332,0.9030950865823701,0.8879068617580645,0.877201215498281
2011-04-13,0.698,1.176,0.653,0.84,0.8887098518656273,0.8970860307173825,0.8860281612969639,0.8764645577656418
2011-04-14,0.776,1.43,0.759,0.967,0.8894888583147256,0.9037445039823937,0.8892035275206124,0.8782573387999856
2011-04-15,0.587,1.057,0.587,0.928,0.88987205375438,0.9060545512221657,0.8907249578139217,0.8792423419920651
2011-04-18,0.957,0.964,0.773,0.864,0.8896146203836897,0.9020493558676738,0.8896769202525914,0.8789405134377668
2011-04-19,0.512,0.909,0.512,0.901,0.8897279077430559,0.9019494172136096,0.890120962595627,0.8793773349538506
2011-04-20,1.557,1.557,0.881,0.974,0.8905664360242195,0.9088113774789801,0.8934103366114847,0.8812510510933783
2011-04-21,0.478,1.139,0.478,0.93,0.8909588097951228,0.9108293415286011,0.8948452253718187,0.8822163768143015
2011-04-25,0.558,0.798,0.542,0.745,0.8895064833294997,0.8950360709068296,0.8889689420239042,0.8794992208377808
2011-04-26,0.623,0.871,0.576,0.87,0.8893123889680121,0.8926516832014172,0.8882250619445354,0.8793111174548545
2011-04-27,0.748,0.951,0.745,0.874,0.8891600268887284,0.8908753324203298,0.8876672163780831,0.8792059468121841
2011-04-28,0.518,0.983,0.518,0.829,0.8885614196560048,0.8849824436183936,0.8853665412260014,0.8782117696475864
2011-04-29,0.549,0.928,0.491,0.923,0.8889040920972385,0.8886031632737847,0.8868423631387072,0.8790986652981293
2011-05-02,0.674,0.86,0.592,0.859,0.8886065389420421,0.8857838143905672,0.8857505057607187,0.8787006719258891
2011-05-03,0.887,0.92,0.776,0.902,0.8887398072112755,0.887328213020037,0.8863877408289258,0.8791620447590398
2011-05-04,0.954,1.096,0.805,1.013,0.8899762270400191,0.8992969546371763,0.8913529274630856,0.8818123012984648
2011-05-05,0.911,1.069,0.837,1.058,0.8916481053779294,0.9144115303860166,0.8978881067782587,0.8853011666192873
2011-05-06,0.882,0.977,0.812,0.977,0.8924973779612335,0.9203723370159198,0.900990533963425,0.8871169851020736
2011-05-09,0.787,0.944,0.768,0.784,0.8914178020611218,0.907384495395356,0.8964026698864279,0.8850750646050028
2011-05-10,0.715,0.874,0.584,0.798,0.8904882716923543,0.8969669244053221,0.8925437416555876,0.8833508058999533
2011-05-11,0.754,0.957,0.675,0.956,0.8911401296854652,0.9025891220810057,0.8950322223749763,0.8847894038029245
2011-05-12,0.833,0.898,0.716,0.836,0.8905914716786446,0.8962473009304337,0.8927172332622321,0.8838232769949458
2011-05-13,0.874,1.091,0.812,0.936,0.8910432978310959,0.9000332722703924,0.8944145966637131,0.8848564794306895
2011-05-16,0.856,0.958,0.704,0.955,0.8916796829273039,0.9052681987208312,0.8967904948337636,0.8862454600360223
2011-05-17,0.972,1.761,0.856,1.146,0.8942102333459377,0.9281950369378948,0.9065634166049885,0.8913891142927348
2011-05-18,2.015,2.015,0.9,0.96,0.8948648578897592,0.9312240810390477,0.908658968894989,0.8927477456928787
2011-05-19,0.651,1.223,0.619,0.969,0.8956025209953338,0.9348217876067575,0.9110252838402836,0.8942576913227227
2011-05-20,1.138,1.138,0.972,1.038,0.8970194113336887,0.9446482840251615,0.916004684473998,0.8971040736727678
2011-05-23,0.944,1.174,0.913,1.061,0.8986510589821097,0.955729399832289,0.9216907752789392,0.9003495375604358
2011-05-24,0.556,0.806,0.556,0.805,0.8977192076489544,0.9413742188958806,0.9171146664444709,0.8984614279057737
2011-05-25,0.67,0.74,0.588,0.728,0.8960304593141389,0.9210528647153206,0.909698405015276,0.8950859540858573
2011-05-26,0.559,1.127,0.559,0.919,0.8962590119577794,0.920857353790052,0.9100631734460495,0.8955594995495038
2011-05-27,0.67,0.826,0.547,0.701,0.894316136216906,0.8999185581909994,0.9018646176246358,0.8917068361920878
2011-05-31,0.588,1.064,0.529,0.776,0.8931388612296731,0.8881167907442375,0.896928750266807,0.8894156117130365
2011-06-01,0.77,1.225,0.764,1.147,0.8956648427099749,0.9127723344828816,0.9067354659426184,0.8945162926692141
2011-06-02,0.729,1.165,0.729,1.066,0.8973597198969403,0.9273654454845119,0.9129811339448687,0.8979120096460613
2011-06-03,0.845,1.414,0.811,1.238,0.9007491754203538,0.9569496887717013,0.9257269718293837,0.9046464252966344
2011-06-06,0.763,1.209,0.64,1.114,0.9028710741723901,0.9719068612696345,0.9331102278360746,0.9087920406372951
2011-06-07,0.721,1.361,0.721,1.077,0.904603700300028,0.9819157316249074,0.9387529639993657,0.9121228913177447
2011-06-08,0.884,1.188,0.861,1.188,0.9074235639786347,1.0015428048034876,0.948527357568018,0.9175858043609577
2011-06-09,0.872,1.195,0.784,1.055,0.9088919862276035,1.0066339662507744,0.9527027553104487,0.9203068775419289
2011-06-10,1.037,1.265,1.023,1.181,0.9115995286531995,1.023240255179272,0.9616555884355291,0.9254691175906036
2011-06-13,0.85,1.579,0.824,1.071,0.9131856029949587,1.0277888023050556,0.9659436045753123,0.9283509172422748
2011-06-14,0.564,1.129,0.564,1.029,0.9143379850547103,1.0279041544664789,0.9684164043958883,0.9303439683859921
2011-06-15,2.333,2.333,1.273,1.358,0.9187525324671012,1.0593418540411,0.9836941924587946,0.9388124046555764
2011-06-16,0.878,1.645,0.878,1.122,0.9207748953281251,1.0653092965133761,0.9891179496172733,0.9424398817911095
2011-06-17,0.927,1.212,0.927,1.19,0.9234537520910293,1.0771846016073403,0.9969956770832625,0.9473420623497014
2011-06-20,0.577,1.041,0.571,0.88,0.9230213764483325,1.0584051157399745,0.9924076113152914,0.9460085561645588
2011-06-21,0.752,1.047,0.752,0.947,0.9232599697175033,1.04779510471712,0.9906269206754761,0.9460281887157557
2011-06-22,0.764,1.336,0.735,0.839,0.9224215620586227,1.0279098566488227,0.9846807669234966,0.9439088186421764
2011-06-23,1.245,1.325,1.03,1.034,0.9235317952719697,1.028489870301316,0.9866148544951242,0.9456928024314402
2011-06-24,0.878,1.341,0.801,1.069,0.9249792400951342,1.0323479778916667,0.9898456445149233,0.9481345291159661
2011-06-27,0.775,0.95,0.737,0.844,0.924173476512098,1.0144100752353173,0.9841262074751224,0.9460724592324816
2011-06-28,0.561,0.965,0.561,0.912,0.9240523473925747,1.0046567347367157,0.9812977287506077,0.9453977570694622
2011-06-29,0.755,1.018,0.734,1.016,0.924967249408569,1.0057370457141714,0.9826586021329369,0.9467958212859084
2011-06-30,0.907,1.119,0.872,0.922,0.924937724538832,0.9977620889794885,0.9802798334218413,0.9463048149238112
2011-07-01,0.903,1.019,0.73,0.87,0.92439108051357,0.9855942709814419,0.9759551340719652,0.9447938284896764
2011-07-05,0.725,1.326,0.674,1.119,0.926327487672639,0.9982995785070189,0.9815647366573783,0.9482434556482967
2011-07-06,0.908,1.458,0.908,1.032,0.9273789554569908,1.0015091424587315,0.9835425901217949,0.9499020010810038
2011-07-07,0.686,0.851,0.59,0.848,0.926589115104185,0.9868892241293284,0.9782271944307441,0.9478841396734591
2011-07-08,0.781,1.044,0.769,1.018,0.9274986761479244,0.9898521551646305,0.9797869122962052,0.9492725725512123
2011-07-11,0.911,1.35,0.911,1.17,0.9299116246439649,1.007009092767999,0.987246249068903,0.9536434126987131
2011-07-12,0.992,1.267,0.938,1.1,0.9316040462892986,1.0158653696472373,0.9916679647916912,0.956541562942303
2011-07-13,1.007,1.189,0.825,1.002,0.9323045035401514,1.0145448582522623,0.9920731426429974,0.9574417300127525
2011-07-14,0.897,1.071,0.751,1.07,0.9336746079825379,1.0198263003234753,0.995129097833468,0.9596706066461633
2011-07-15,0.695,1.129,0.644,1.076,0.935090781037438,1.0251761764831444,0.9983005057615674,0.9619741589898037
2011-07-18,0.688,0.959,0.636,0.958,0.9353187334649262,1.0187784453895117,0.9967200937709176,0.9618954627721837
2011-07-19,0.59,0.736,0.59,0.673,0.9327085968135339,0.9858471648762248,0.9840251881328425,0.9561747605390712
2011-07-20,1.607,1.607,0.789,0.794,0.9313284117706132,0.9675760063165844,0.9765732199707702,0.9529633791422579
2011-07-21,0.769,0.907,0.69,0.757,0.9295938007082191,0.9475211485721478,0.9679625054621125,0.9490829161889459
2011-07-22,0.688,0.964,0.675,0.835,0.9286525688603761,0.9368048487081336,0.9627482895616375,0.94682384854164
2011-07-25,0.872,1.289,0.869,0.931,0.9286759263841534,0.9362520059740257,0.961503258598436,0.946510505006162
2011-07-26,0.681,0.798,0.655,0.798,0.9273756684101817,0.9230851482622138,0.9550913661043797,0.9435697029268321
2011-07-27,0.897,1.202,0.884,1.123,0.9293221791722694,0.9421246579515268,0.9616760184140118,0.9471227781163998
2011-07-28,1.055,1.149,0.9,0.926,0.9292891226630926,0.9405889762418576,0.9602769588683643,0.9467045052824117
2011-07-29,0.935,1.34,0.935,1.196,0.9319429622385842,0.964913835647395,0.9695209996970559,0.9516410497322649
2011-08-01,0.846,1.163,0.808,1.148,0.934092783509842,0.9823506132047859,0.9765201761795242,0.9555293457771705
2011-08-02,0.728,1.492,0.728,1.163,0.9363704672560128,0.999555316709092,0.9838331104469938,0.9596376755637612
2011-08-03,1.011,1.485,1.011,1.309,0.9400782238007291,1.0290262389272737,0.9965847531745627,0.9665557413941818
2011-08-04,0.878,1.461,0.878,1.303,0.9436893857529607,1.0551189780770571,1.0086010373637955,0.9732180039408316
2011-08-05,1.479,1.89,1.213,1.216,0.9463989441036775,1.0704409801649564,1.0167343300161957,0.9780255682192309
2011-08-08,1.198,1.57,1.187,1.355,0.9504646262518996,1.0975418391968652,1.0299996504077176,0.9854904084525135
2011-08-09,1.679,1.935,1.283,1.431,0.9552460727568559,1.1292997592733542,1.0457251543132973,0.9943123805623647
2011-08-10,0.956,1.222,0.923,1.222,0.9579003406896235,1.138128353628273,1.0526378933598346,0.9988210462938031
2011-08-11,0.873,1.247,0.873,1.032,0.9586376507325128,1.1280208913779612,1.0518285642084686,0.9994780552780842
2011-08-12,1.108,1.206,0.985,1.093,0.9599745895311943,1.124685568389584,1.0534431303179403,1.001329974975548
2011-08-15,0.875,1.182,0.808,1.134,0.961706185655262,1.1255726571143856,1.0566022232466485,1.003957104183953
2011-08-16,1.051,1.222,0.889,1.044,0.9625250295790903,1.1178038326273012,1.0561080184134466,1.0047500328139738
2011-08-17,2.903,2.903,1.356,1.368,0.9665596063991988,1.1416320390437487,1.0683390765148801,1.0119431014711229
2011-08-18,1.442,1.851,1.414,1.486,0.971728167529555,1.1744289877062488,1.0847179362593946,1.0213303667885263
2011-08-19,1.289,1.689,1.269,1.332,0.9753129618824948,1.1894357507818443,1.0944152720923594,1.027482240713506
2011-08-22,0.656,1.098,0.656,1.098,0.9765337284309277,1.1807275840407163,1.0945558496573649,1.028878631986506
2011-08-23,1.826,1.863,0.979,1.043,0.9771950843669384,1.167610671274934,1.0925340516315858,1.029158263036278
2011-08-24,0.995,1.352,0.973,1.215,0.9795613024329389,1.1721239406773212,1.0973366378421119,1.0328382974315993
2011-08-25,1.008,1.697,1.008,1.287,0.9826203939510192,1.1830645177556716,1.1047744167502644,1.0378712024329537
2011-08-26,1.103,1.401,1.015,1.18,0.9845843701306111,1.1827726589217982,1.107724439622803,1.0406856340679447
2011-08-29,0.889,0.992,0.83,0.992,0.9846581574924955,1.1646038342625793,1.1031862263042618,1.0397215621062033
2011-08-30,0.944,1.142,0.869,1.141,0.9862137977164508,1.1623558500470956,1.104669119390369,1.0417270757278625
2011-08-31,1.218,1.918,1.107,1.217,0.9885101778386751,1.167560054804515,1.1090742519632957,1.0451978267035484
2011-09-01,1.163,1.241,0.894,1.08,0.9894205243278426,1.1592210019659899,1.107934085219637,1.045886978650013
2011-09-02,1.54,1.54,1.041,1.437,0.9938740514489586,1.1856761446358957,1.1208386308972984,1.053631790953973
2011-09-06,0.914,1.386,0.904,1.274,0.9966613743201133,1.1940879403848579,1.1268449590974043,1.0579955178657754
2011-09-07,0.969,1.102,0.849,0.895,0.995649818356729,1.165603374633919,1.117752999917114,1.0547678838486314
2011-09-08,0.88,1.158,0.854,1.135,0.9970363873283039,1.1626887675259268,1.118429352861541,1.056356638623906
2011-09-09,1.292,1.586,1.292,1.335,1.0003992093449376,1.1790993610948861,1.1269223194159903,1.0618743289481851
2011-09-12,1.61,2.145,1.247,1.248,1.002862898804192,1.185661326704897,1.131670463752618,1.0655599858006963
2011-09-13,1.032,1.59,1.001,1.187,1.0046951087663394,1.1857888193996686,1.1338402494878095,1.0679647385571183
2011-09-14,0.998,1.129,0.712,1.053,1.0051757544502564,1.1731422651711287,1.1306700436255424,1.0676684071005416
2011-09-15,1.208,1.351,0.97,1.015,1.0052735081373185,1.1580810970595927,1.1261339634833643,1.0666254683460754
2011-09-16,1.421,1.421,0.92,1.019,1.0054100901459024,1.1448352782920124,1.121932631582056,1.065682389764965
2011-09-19,1.056,1.241,0.94,0.994,1.0052965569106198,1.130470013692773,1.1169156656376615,1.0642629365022924
2011-09-20,0.98,1.616,0.98,1.129,1.00652743694136,1.1303300123886995,1.1173895611028513,1.065544858551752
2011-09-21,2.178,2.228,1.242,1.292,1.0093679599568688,1.1457271540659661,1.1242370292948962,1.0700291187784499
2011-09-22,1.324,1.324,1.084,1.274,1.0120011145841636,1.1579436155834932,1.1301100869696061,1.0740681461293717
2011-09-23,0.888,1.188,0.862,1.149,1.013364287573376,1.1570918426707797,1.130850867872759,1.0755519452159188
2011-09-26,0.876,1.103,0.873,1.028,1.0135099165527452,1.1447973814640389,1.1268175005051997,1.0746103225383759
2011-09-27,0.971,1.141,0.971,1.129,1.014659071611922,1.1432928689436541,1.1269030887206821,1.0756873458544476
2011-09-28,1.102,1.463,1.102,1.462,1.0191102251282211,1.1736459290442585,1.1400441440649691,1.0833371013820823
2011-09-29,1.228,1.361,1.139,1.187,1.020780770151821,1.1749177453257578,1.1418855501800684,1.0853898320477837
2011-09-30,1.105,1.692,1.025,1.255,1.0231113097523004,1.1825446267233046,1.1463214109573205,1.0887484492349564
2011-10-03,1.059,1.368,1.059,1.288,1.025747018112974,1.1925879956067995,1.1518774340570335,1.0926940244976304
2011-10-04,1.395,1.579,1.164,1.201,1.027490828878019,1.1933891388823423,1.1538038091920517,1.0948386972798556
2011-10-05,0.843,1.182,0.843,1.097,1.0281824624215212,1.1842092208935477,1.151576208831579,1.0948814953535217
2011-10-06,1.236,1.385,1.084,1.265,1.0305388558302624,1.191903580808448,1.1560242006421053,1.098250178613848
2011-10-07,0.959,1.166,0.879,1.157,1.0317971756727473,1.1885794302552624,1.1560624672835913,1.099413541413574
2011-10-10,1.012,1.651,1.012,1.21,1.0335703381038643,1.190619484516666,1.158177664645019,1.1016033722766716
2011-10-11,0.852,1.736,0.82,1.413,1.037345757625219,1.2117985812293646,1.168170697404038,1.1077696421325791
2011-10-12,0.841,1.305,0.841,1.295,1.0399094814299432,1.219722525874187,1.1731443955450562,1.111477173971538
2011-10-13,1.017,1.243,0.953,1.05,1.0400098845997945,1.2035584757909312,1.1683152035628972,1.1102598041899232
2011-10-14,1.162,1.275,0.971,0.99,1.0395122738077567,1.183219573334652,1.1613224504819992,1.1078784219287365
2011-10-17,1.199,1.249,1.008,1.175,1.040860410386784,1.1824367568265899,1.1618588249729012,1.1092075620885635
2011-10-18,1.015,1.077,0.856,1.023,1.0406826948605474,1.167252303795486,1.1564133808563168,1.1075004816511662
2011-10-19,2.132,2.132,1.106,1.113,1.0414022700360643,1.1620854177197255,1.1547108953325398,1.1076093830046085
2011-10-20,1.897,1.897,1.287,1.381,1.0447813519262528,1.1829344255559422,1.1635849778685186,1.1130230585886758
2011-10-21,0.778,0.944,0.778,0.863,1.0429725822553448,1.1524644802649,1.1517973316775962,1.1080721069334545
2011-10-24,0.712,0.994,0.606,0.957,1.0421171336756896,1.1338488154777666,1.144158220631416,1.105080580063485
2011-10-25,0.958,1.04,0.792,1.04,1.0420960676689663,1.1249108330513127,1.1400735845282233,1.1037918557057924
2011-10-26,0.904,1.188,0.904,1.012,1.041796604309076,1.114157420379759,1.1350510910173126,1.1019741951967668
2011-10-27,0.906,1.062,0.895,0.912,1.0405050958084883,1.094904332724544,1.1263039894087905,1.0982123299453457
2011-10-28,1.631,1.631,0.985,1.006,1.0401617615218366,1.0864372534174447,1.1215861859025635,1.0963863432137546
2011-10-31,0.938,1.283,0.938,1.275,1.0424984604121665,1.104395610234831,1.1276024139063845,1.0999232473085316
2011-11-01,1.409,1.531,1.3,1.354,1.0455979782190106,1.1281674568791327,1.136480750615938,1.1049544701341052
2011-11-02,1.108,1.192,0.979,1.171,1.0468457595302643,1.1322467467001676,1.137834446670215,1.1062623024086773
2011-11-03,0.808,1.222,0.743,1.07,1.0470761499826995,1.1263184851096755,1.135174272290991,1.1055442370144462
2011-11-04,0.983,1.173,0.912,1.129,1.0478913126694387,1.1265738674801826,1.1349321439658542,1.1060087075686156
2011-11-07,0.76,1.058,0.674,1.009,1.0475043344339219,1.1153763562915937,1.1299936285162129,1.1040877430623064
2011-11-08,0.533,1.644,0.507,1.231,1.0493301619519924,1.1263881318828706,1.1339546626920476,1.1066008570610726
2011-11-09,1.332,1.348,1.101,1.34,1.0522223991464998,1.1467321193225972,1.1420348719982418,1.1112226222677841
2011-11-10,1.172,1.318,1.076,1.16,1.0532948130853406,1.1479957270061594,1.1427393868218403,1.1121885109357488
2011-11-11,0.974,1.095,0.926,0.926,1.052028198029765,1.1268532768150965,1.1342398030249055,1.1085016097291003
2011-11-14,1.088,1.344,1.088,1.133,1.0528338876016081,1.1274386790231825,1.1341911832984386,1.108986726368128
2011-11-15,0.831,1.276,0.831,1.099,1.0532932519040796,1.1247302334019271,1.1328111368945784,1.1087889694103432
2011-11-16,3.267,3.312,1.368,1.388,1.0566236673080192,1.1498035445065056,1.1428185432908693,1.1143179007091484
2011-11-17,1,1.301,1,1.297,1.059015471613412,1.163822254553505,1.1488648749265216,1.1179353680218385
2011-11-18,0.954,1.05,0.396,0.893,1.0573635763734774,1.1380296588817427,1.1388309582627365,1.1134812023184357
2011-11-21,0.903,1.173,0.903,1.083,1.057618665165781,1.1327887389882434,1.1366415089190998,1.1128776141537142
2011-11-22,0.911,1.053,0.731,1.053,1.0575727082984598,1.1251898114655536,1.1333614497458018,1.1116919188239378
2011-11-23,1.09,1.555,1.023,1.287,1.0598555669223557,1.1406003056116913,1.1393864909322409,1.115163365975939
2011-11-25,1.045,1.322,1.045,1.318,1.0624241682465114,1.1574955146010542,1.1463909422682315,1.1191799329863164
2011-11-28,0.687,1.011,0.643,0.891,1.0607184551296307,1.1321149894009537,1.136375611198889,1.114661518471736
2011-11-29,0.849,1.142,0.834,0.974,1.0598555849293358,1.1170564189818153,1.1300079401714815,1.1118761418683352
2011-11-30,1.318,1.517,0.887,0.907,1.0583346338355115,1.0970510457454519,1.121262530752992,1.1078191885640116
2011-12-01,0.942,1,0.741,0.938,1.0571372742948597,1.0819033271030278,1.11407576484111,1.1044564323548234
2011-12-02,1.204,1.363,0.807,0.983,1.056399589973518,1.0724839626170253,1.1089355387689095,1.102051354486411
2011-12-05,0.834,1.206,0.815,0.973,1.0555697433071147,1.063009299510642,1.1036047333269914,1.0994958821203435
2011-12-06,0.817,0.851,0.47,0.851,1.053534223473213,1.0428179376524855,1.0936986653533838,1.094575171583307
2011-12-07,0.803,0.962,0.691,0.894,1.0519468182645244,1.0286448007332012,1.085867345143447,1.0906033860073998
2011-12-08,1.01,1.103,0.903,0.965,1.0510816757942307,1.022583391139563,1.0811274492554688,1.088116190244877
2011-12-09,0.72,1.527,0.656,1.199,1.0525534999156811,1.0393849729357951,1.0857499022258426,1.090311909249929
2011-12-12,0.867,1.031,0.79,0.893,1.0509659029015948,1.0254435469419099,1.0781910825307115,1.0864047427301284
2011-12-13,1.283,1.401,1.032,1.167,1.0521204710319272,1.0389251138998232,1.0816737851765659,1.0880006884186408
2011-12-14,0.974,1.101,0.96,1.097,1.0525670335092214,1.0444560554331734,1.0822748132088573,1.0881788926083706
2011-12-15,1.124,1.263,1.107,1.262,1.0546509436235576,1.0651745263442998,1.0893228597496865,1.0916208947349375
2011-12-16,0.861,1.266,0.845,1.152,1.0556195909506865,1.073443619073414,1.0917807868183262,1.0928165205817704
2011-12-19,0.68,0.92,0.68,0.868,1.053752729349187,1.0538775601140413,1.0830050696881959,1.0883647082930223
2011-12-20,0.73,0.883,0.716,0.809,1.0513173788083992,1.0305558877222278,1.0722597728376784,1.0828327338713784
2011-12-21,2.29,2.29,1.071,1.071,1.05151322578543,1.0344077079391585,1.0722103699812988,1.0825984223095688
2011-12-22,0.703,1.016,0.686,0.991,1.0509111041358237,1.0302736405163815,1.0690256495898753,1.080784592164825
2011-12-23,1.109,1.151,0.855,0.865,1.049061242403129,1.0145332938005356,1.0610246437236057,1.0765116299437392
2011-12-27,1.057,1.119,0.876,1.009,1.0486626230757345,1.0140063134385797,1.0589844616167976,1.0751747659844573
2011-12-28,0.517,1.023,0.517,0.95,1.04768090543319,1.0079104740634768,1.0547105611612368,1.0726960577471414
2011-12-29,0.787,1.123,0.738,1.095,1.0481517421950488,1.01620471462886,1.0562905391549138,1.0731377199699703
2011-12-30,0.844,0.869,0.708,0.869,1.046369137795098,1.00218521799754,1.048945812129231,1.069095388881456
2012-01-03,0.6,0.806,0.6,0.764,1.0435594946329578,0.9795009115215837,1.0377714665555358,1.0630538960323184
2012-01-04,0.944,0.963,0.826,0.956,1.0426882558803912,0.9772627294719091,1.0345647423768873,1.0609340169029655
2012-01-05,0.839,0.886,0.73,0.829,1.0405620045780988,0.9631424695222034,1.0265033799307348,1.0563412640930059
2012-01-06,0.871,1.054,0.734,0.963,1.0397902433385158,0.9631289009962792,1.0240130513060002,1.054492922229778
2012-01-09,0.74,0.936,0.686,0.927,1.038667952360023,0.9596880532823479,1.0202086179214511,1.0519683099083963
2012-01-10,0.525,0.849,0.525,0.81,1.0363926493514657,0.9454320482078385,1.0119651427088452,1.047176858227042
2012-01-11,0.905,1.008,0.788,0.791,1.033950931447471,0.9307242340928064,1.0032998429947728,1.0421040491532392
2012-01-12,0.782,0.908,0.715,0.846,1.0320807729256056,0.922655259417301,0.9971312217008601,1.0382208006551552
2012-01-13,0.897,0.943,0.557,0.735,1.029124745334306,0.9047833299489866,0.9868515659478851,1.0322164283649542
2012-01-17,0.766,0.847,0.721,0.839,1.0272329568235168,0.898518250906226,0.9810534653224778,1.0283903604765392
2012-01-18,2.183,2.183,0.829,0.829,1.025260489591442,0.891897465105633,0.9750905843294395,1.0244420365067068
2012-01-19,0.602,0.732,0.554,0.697,1.0219942160631688,0.8733358017622393,0.9641850712184811,1.0179580357838018
2012-01-20,0.618,1.009,0.618,0.796,1.0197455173958736,0.8659704873086927,0.9575895782295211,1.0135628271544197
2012-01-23,0.668,1.103,0.668,1.1,1.0205440694615864,0.8882590123269125,0.9631743006518928,1.0152744543394807
2012-01-24,1.16,1.397,0.964,1.051,1.0208471135465458,0.9037581540100637,0.9666184457243676,1.0159818908872138
2012-01-25,0.859,0.955,0.679,0.772,1.0183710228644907,0.8912097583900576,0.9589863498136081,1.0111505663151898
2012-01-26,0.765,0.978,0.744,0.977,1.0179593708956898,0.8993802575910045,0.9596927674679764,1.0104743174772652
2012-01-27,0.792,1.045,0.789,0.877,1.0165567900907575,0.8972488044870993,0.9564499138417812,1.0078312616856362
2012-01-30,0.83,1.026,0.794,0.918,1.01557612551274,0.8992251088216613,0.95494207408328,1.006052424820574
2012-01-31,0.742,0.931,0.716,0.876,1.014187308343459,0.8970131936957888,0.951846306472171,1.0034771292795726
2012-02-01,0.668,0.996,0.662,0.836,1.0124143003002404,0.8912024133438089,0.9473033140614977,1.0001607504819572
2012-02-02,0.706,0.902,0.694,0.881,1.0111066953221286,0.8902307549301128,0.9447031840983017,0.9978011316605323
2012-02-03,0.754,0.773,0.576,0.773,1.008737474473152,0.8790659211272449,0.9379697258983682,0.993349624102898
2012-02-06,0.858,0.944,0.8,0.844,1.007098295622673,0.8757263095913168,0.9342846386082362,0.9903922058038307
2012-02-07,0.698,0.906,0.698,0.724,1.0042813971587659,0.8612761848683342,0.9260381821922269,0.9851171126195964
2012-02-08,0.7,0.866,0.691,0.825,1.0024975026596736,0.8578213101189691,0.9220759005376298,0.9819464767261391
2012-02-09,0.737,0.91,0.702,0.871,1.0011890697973884,0.859076423440972,0.920072924045958,0.979749516790968
2012-02-10,0.79,1.113,0.79,1.103,1.0022021138790065,0.8823072402561175,0.9272465348676852,0.9821901204188697
2012-02-13,1.022,1.23,0.852,0.882,1.001006072944887,0.8822779792793444,0.9254721609513054,0.980206157638298
2012-02-14,0.692,1.036,0.682,0.983,1.0008269080399628,0.8918705526813115,0.9277281546394894,0.9802614812494208
2012-02-15,1.712,1.712,1.041,1.098,1.001793804477376,0.9115019286164248,0.934405481908529,0.9825929370662639
2012-02-16,0.836,1.024,0.836,0.877,1.000552075079591,0.9082160306529558,0.9321542865395671,0.980501987817427
2012-02-17,0.634,0.836,0.501,0.752,0.9980789201036747,0.8933383134479124,0.9250894125576233,0.9759771959794582
2012-02-21,0.673,1.067,0.668,0.866,0.9967647019931903,0.8907346645481112,0.9227721806926185,0.9737994297224393
2012-02-22,0.973,1.006,0.719,0.894,0.9957421676449993,0.8910456488768626,0.9216438598811433,0.9722192429952623
2012-02-23,0.908,1.105,0.87,0.983,0.9956153799072381,0.8998032061266852,0.9240499830230592,0.9724327233319898
2012-02-24,1.158,1.247,0.982,1.089,0.9965445801071661,0.9178219484003343,0.9305186111398019,0.9747409862363069
2012-02-27,0.92,0.966,0.842,0.9,0.9955839375190351,0.9161246199812548,0.9293218028598097,0.9732609667068751
2012-02-28,0.869,0.916,0.766,0.782,0.993458724210388,0.9033508466497068,0.9235444772574642,0.9694736208314915
2012-02-29,0.814,1.064,0.81,1.058,0.9941009259595384,0.9180793374449728,0.9288172428552107,0.9712266184387887
2012-03-01,1.468,1.468,0.912,1.013,0.9942889764475031,0.9271194005454516,0.932118527449124,0.9720538141132681
2012-03-02,0.773,0.968,0.764,0.95,0.9938482901146921,0.9292985052554086,0.9328197616668055,0.9716171049229063
2012-03-05,0.869,1.076,0.869,0.933,0.9932428344916604,0.9296510285644173,0.9328268298367347,0.970852409775918
2012-03-06,1.065,1.073,0.983,1.054,0.9938473834021911,0.9414937877487585,0.9375787188627451,0.9724988967110484
2012-03-07,0.871,1.115,0.842,0.987,0.9937792502340101,0.9458277127250672,0.9395168083191081,0.9727860472712256
2012-03-08,0.822,0.968,0.766,0.941,0.993254083565015,0.9453679305607751,0.9395749726987509,0.9721566205925876
2012-03-09,0.823,0.947,0.823,0.899,0.9923162319872536,0.9409519371740346,0.9379837972987999,0.970707974640259
2012-03-12,1.001,1.099,0.9,1.097,0.9933578615197187,0.9558136574431741,0.944219726816494,0.9732088068256004
2012-03-13,0.848,1.064,0.844,0.858,0.9920110171264876,0.9464980710200147,0.9408385610589844,0.9709274443142024
2012-03-14,0.831,0.84,0.716,0.825,0.99034921596105,0.9349268261609657,0.9362958723900047,0.9680377919515449
2012-03-15,0.499,0.721,0.499,0.702,0.9874800695335768,0.9127433189075403,0.9271077989629457,0.9627697168633955
2012-03-16,0.555,0.781,0.51,0.781,0.9854255414785164,0.9001963361544413,0.9213780813565556,0.9591703165294669
2012-03-19,0.549,0.854,0.515,0.854,0.9841178246478843,0.8957966850921135,0.9187358036562986,0.957087736004131
2012-03-20,0.778,0.931,0.676,0.863,0.9829126721638258,0.892673191273817,0.9165500858658555,0.9552246125189007
2012-03-21,1.468,1.468,0.973,0.978,0.982863789853738,0.900799554009644,0.9189598864201357,0.9556756102908036
2012-03-22,0.852,1.179,0.851,1.111,0.9841387770193725,0.9208186441039635,0.926490871266405,0.9587513407800946
2012-03-23,0.628,1.069,0.628,1.053,0.9848239633176872,0.9334073446654908,0.9314520135696832,0.9606176508636571
2012-03-26,0.648,1.067,0.648,1.062,0.9855918840806953,0.9456542642211584,0.9365715424493035,0.9626252221336837
2012-03-27,0.975,0.988,0.718,0.985,0.9855859946868576,0.9494014771524767,0.93847069764737,0.9630682870419276
2012-03-28,0.685,1.089,0.65,1.024,0.9859682235954461,0.9565060983760504,0.9418247879357085,0.9642748556153548
2012-03-29,0.79,1.113,0.79,1.045,0.986555604455193,0.9649340890069027,0.9458708746833278,0.9658733733259418
2012-03-30,0.833,1.043,0.833,0.967,0.9863610213262856,0.9651308424348167,0.9466994678330012,0.965895682765032
2012-04-02,0.77,0.836,0.669,0.836,0.9848648917608499,0.9528326669648342,0.9423583122317071,0.9633234910271106
2012-04-03,0.667,0.957,0.667,0.957,0.9845876291562643,0.9532295558253261,0.9429324960657578,0.9631982733830093
2012-04-04,1.001,1.062,0.887,0.988,0.9846215830950079,0.9565410266991046,0.9446998491612183,0.9636893966823556
2012-04-05,0.978,1.042,0.899,0.947,0.9842472389846099,0.955632357489666,0.944790051154896,0.9633589135797347
2012-04-09,0.757,1.02,0.757,1.02,0.9846029878504347,0.9617626091573169,0.9477394609135276,0.9644805192514231
2012-04-10,0.702,1.022,0.702,0.995,0.9847064407076442,0.9649280749518582,0.9495928153875068,0.9650848654048603
2012-04-11,0.976,1.502,0.962,1.093,0.9857839885612996,0.9771254011469193,0.955216626548781,0.9676178383671402
2012-04-12,0.803,1.132,0.769,0.865,0.9845821578293463,0.9664467915138794,0.9516787196252994,0.9655858019638305
2012-04-13,0.88,1.174,0.847,0.961,0.9843475094927359,0.9659280494649385,0.9520442600321504,0.9654949940041506
2012-04-16,0.857,1.155,0.842,1.01,0.9846027581544997,0.9701253780873254,0.9543170341485366,0.9663762812515931
2012-04-17,0.954,0.954,0.841,0.861,0.9833728799639077,0.9597324849361515,0.9506575426132999,0.9642896222169082
2012-04-18,1.066,1.206,0.928,0.991,0.9834487717055603,0.9627103435136609,0.9522395997657196,0.9648185405888506
2012-04-19,0.667,1.054,0.663,0.999,0.9836035102955547,0.9661665012742646,0.9540733409513776,0.9654954011712497
2012-04-20,0.78,0.882,0.708,0.882,0.9825925300936089,0.9581506440100489,0.9512469354238726,0.9638420268906308
2012-04-23,0.725,0.844,0.718,0.819,0.9809647437245183,0.9448982017233776,0.9460607810935246,0.9609738679423014
2012-04-24,0.739,1.03,0.739,0.907,0.9802287761252693,0.941288849178294,0.9445289857565237,0.9599050784780975
2012-04-25,0.844,0.882,0.723,0.753,0.9779677932782517,0.9233565778279803,0.9370180451386207,0.9558079482112044
2012-04-26,0.66,0.832,0.576,0.83,0.9764954769272243,0.9144654751776965,0.9328212590547532,0.9533167017119726
2012-04-27,0.817,1.035,0.817,0.846,0.975197014470237,0.9079449537322016,0.929416503797704,0.9511916185097553
2012-04-30,0.85,0.953,0.755,0.886,0.9743094819879461,0.9058549581386586,0.9277138958056372,0.9499006953709482
2012-05-01,0.683,1.049,0.667,0.906,0.9736297856497576,0.9058687716492625,0.9268623704799259,0.9490313746705334
2012-05-02,0.84,1.156,0.799,1,0.9738921758422973,0.9148336505398089,0.9297305128140465,0.9500406543800278
2012-05-03,1.058,1.085,0.899,0.95,0.9736544427493391,0.9181828266788747,0.930525394664476,0.9500398493427995
2012-05-04,1.093,1.122,0.967,1.065,0.9745633537667586,0.93216541461422,0.9357989085992025,0.9523162879696747
2012-05-07,0.926,1.123,0.873,0.9,0.9738214298486815,0.9291020417938181,0.9343950298306063,0.9512803218712653
2012-05-08,0.953,1.302,0.924,1.132,0.9753953459695901,0.9484256568610735,0.9421442443470531,0.954858929358963
2012-05-09,1.168,1.426,0.981,0.999,0.9756302181489972,0.9532422609695427,0.9443738818236392,0.9557330099657162
2012-05-10,0.829,1.084,0.829,1.084,0.9767085244360718,0.9656953789724434,0.949849415869771,0.9582729503624347
2012-05-11,1.41,1.454,1.158,1.243,0.9793581908595935,0.9921053428798298,0.9613455172082114,0.9639111097611983
2012-05-14,1.19,1.494,1.176,1.266,0.9822103481644732,1.018190548319846,0.9732927518274972,0.9698930679837489
2012-05-15,1.119,1.184,0.938,1.17,0.9840789019140804,1.0326485913370034,0.9810067615597522,0.9738555814890212
2012-05-16,2.033,2.033,1.235,1.239,0.9866154302532438,1.052301106447765,0.9911241434593697,0.979105966013991
2012-05-17,1.113,1.514,1.088,1.453,0.9912560727382862,1.090462905833692,1.0092369221472375,0.9884900062909417
2012-05-18,1.684,1.774,1.307,1.34,0.994726161566761,1.1142283433733404,1.0222080232395028,0.9954506002257746
2012-05-21,0.822,1.053,0.822,0.922,0.9940025181680867,1.0959208820996889,1.0182782968379536,0.9939961328945711
2012-05-22,0.891,1.039,0.843,1.008,0.9941417965942749,1.0875474647568613,1.01787522637372,0.9942734371936885
2012-05-23,1.252,1.268,0.968,0.976,0.9939612812052772,1.0769238966847792,1.016233060633574,0.9939115869522294
2012-05-24,0.568,1.022,0.554,0.967,0.9936930097504982,1.0664549541433717,1.014302352373434,0.9933786842403041
2012-05-25,0.897,1.112,0.71,1.111,0.9948602434843241,1.0706973394630506,1.0180944169862405,0.9957078192058426
2012-05-29,0.811,1.172,0.81,0.967,0.9945830271312462,1.0608214023713314,1.0160907143593292,0.9951393475384002
2012-05-30,1.037,1.379,0.939,1.245,0.9970747383040697,1.0783622211931094,1.0250675490903358,1.0000870832307092
2012-05-31,0.98,1.074,0.888,1.074,0.9978401637935814,1.0779467715556705,1.0269864687338521,1.0015507053449526
2012-06-01,1.381,1.416,1.142,1.373,1.0015730974871777,1.106047079026559,1.0405556268227207,1.0089061369222803
2012-06-04,0.899,1.326,0.899,0.977,1.0013285890544694,1.0937568810240297,1.038063249300261,1.00827433223075
2012-06-05,0.577,1.05,0.429,1.019,1.0015044239892508,1.0866371780693602,1.0373156708963291,1.0084867216915272
2012-06-06,1.07,1.274,0.93,1.177,1.0032506486261736,1.0952431611103735,1.042793487723924,1.0118236182916949
2012-06-07,0.934,1.074,0.904,0.982,1.0030391993861123,1.0844580981474807,1.0404094293818094,1.0112330515928494
2012-06-08,0.971,1.186,0.931,0.962,1.0026308491434643,1.072795422133435,1.037334549798209,1.0102581396801198
2012-06-11,0.739,0.949,0.71,0.941,1.0020176068634299,1.060243477168346,1.0335567243159263,1.0088866913696224
2012-06-12,1.574,1.574,1.035,1.142,1.0034104664966297,1.0680298126761225,1.0378094017937332,1.011522598471214
2012-06-13,1.088,1.589,1.079,1.282,1.0061825016558672,1.0884079257545871,1.047385503684175,1.0168785866202987
2012-06-14,1.22,1.652,1.025,1.037,1.0064891434304357,1.083511932825579,1.0469782290298937,1.0172770304495997
2012-06-15,0.883,1.145,0.828,1.02,1.0066235798142125,1.077463177318381,1.0459202592640156,1.0173309506387165
2012-06-18,0.801,1.123,0.797,1.004,1.0065974745424293,1.0704666842404398,1.044276327528172,1.017066971418148
2012-06-19,0.842,1.096,0.816,1.08,1.007327847930067,1.0713746190746836,1.0456772558604004,1.0183131700039272
2012-06-20,1.881,1.881,0.88,0.937,1.0066280683486732,1.0585770363056661,1.0414154026894042,1.0167030082216713
2012-06-21,0.907,1.221,0.907,1.123,1.0077859980168455,1.0647125566575075,1.0446147986623688,1.0188078991479748
2012-06-22,1.165,1.415,0.989,0.991,1.0076189731609566,1.0576923131663163,1.0425122575383543,1.018257247679698
2012-06-25,1.109,1.244,1.072,1.153,1.0090655505424397,1.0667692357219052,1.0468451101839091,1.0209254209929715
2012-06-26,0.851,1.165,0.851,1.002,1.0089952465569427,1.0606007370817236,1.045086478411991,1.0205506601812295
2012-06-27,0.901,1.002,0.818,0.923,1.0081395724618487,1.0474959049787023,1.0402987733762268,1.0186189639400172
2012-06-28,0.945,1.111,0.9,0.981,1.007869526964716,1.0411629616473972,1.0379733312830415,1.0178740339610068
2012-06-29,0.897,0.992,0.881,0.895,1.0067464470944203,1.0272426795857403,1.032366533977824,1.0154408847736602
2012-07-02,0.948,1.08,0.879,1.042,1.0070972287153714,1.0286481386728128,1.032744316959086,1.015966807847449
2012-07-03,0.788,1.002,0.788,0.914,1.0061708881311389,1.017729268323021,1.0280876770783376,1.0139476631375985
2012-07-05,0.944,0.985,0.835,0.865,1.0047662026770976,1.0031836237208285,1.021692081898795,1.0109982044616066
2012-07-06,0.991,1.205,0.991,1.086,1.0055744991678728,1.011070897652178,1.0242139610400187,1.0124833885316737
2012-07-09,0.851,1.116,0.851,0.995,1.00546928027068,1.0095403359710182,1.0230683155090377,1.0121371828181753
2012-07-10,0.668,1.102,0.63,1.096,1.0063700834520661,1.0177745896880641,1.0259283815675069,1.0137978326633599
2012-07-11,0.939,1.051,0.886,0.96,1.0059086895868714,1.0122722478130104,1.0233429548393693,1.0127325290462637
2012-07-12,1.044,1.136,0.977,0.977,1.0056210409342656,1.0089129861165331,1.0215255840613549,1.0120249542136643
2012-07-13,1.091,1.091,0.909,1.003,1.0055949609249695,1.0083498445816252,1.0207990905687527,1.0118462422490373
2012-07-16,0.734,1.058,0.734,0.931,1.0048527225078057,1.0009831927167085,1.0172775576052722,1.0102453265609375
2012-07-17,0.733,0.87,0.72,0.843,1.0032422476569818,0.9859371743627363,1.010443143581536,1.0069335379161664
2012-07-18,1.153,1.153,0.818,0.855,1.0017672004166138,0.9734669672805709,1.004347334029319,1.0039249530069354
2012-07-19,0.717,0.906,0.647,0.863,1.0003864322532645,0.9629463037300403,0.9988043013222868,1.0011343598780853
2012-07-20,0.857,1.044,0.838,1.005,1.0004323383999982,0.9669514176605126,0.9990472698978834,1.0012109072072322
2012-07-23,1.347,1.347,0.839,0.845,0.9988857479681574,0.95533699693094,0.9930062004901232,0.9981176219159998
2012-07-24,0.859,1.055,0.799,0.878,0.9976829047047927,0.9479715686518029,0.9884961534120792,0.995739055145386
2012-07-25,0.756,1.283,0.756,0.933,0.9970392937127052,0.9465457049706788,0.9863198336704291,0.9944966976177546
2012-07-26,0.667,0.976,0.635,0.976,0.9968299475066086,0.9493508759258522,0.9859151343108045,0.994130426377799
2012-07-27,0.924,0.953,0.833,0.89,0.995766962954304,0.9436984115519615,0.9821537564946945,0.9920684377366545
2012-07-30,0.724,0.813,0.674,0.783,0.9936498787458035,0.9283938009279652,0.9743438052596084,0.9879284686725623
2012-07-31,0.78,0.843,0.698,0.815,0.9918722680120143,0.917594391315778,0.968095028582761,0.9845041425602343
2012-08-01,1.198,1.274,0.938,0.947,0.9914257777830391,0.9203949254761801,0.9672677725599076,0.9837614862719128
2012-08-02,0.798,0.953,0.787,0.928,0.9907946755165412,0.9211192182879725,0.9657278599104995,0.9826572984249443
2012-08-03,1.03,1.223,0.824,0.828,0.9891748279989637,0.9122507213081655,0.9603267673649897,0.9795947776640543
2012-08-06,0.869,0.952,0.766,0.796,0.9872526904069342,0.9011792240407211,0.9538825804094999,0.9759592375122909
2012-08-07,0.649,0.891,0.649,0.811,0.9854989322934323,0.8925907265130334,0.9482793419620685,0.972692717957592
2012-08-08,0.931,1.051,0.749,0.801,0.9836631220218559,0.8838678001784588,0.9425036814929678,0.9692928621564516
2012-08-09,0.827,1.023,0.811,0.862,0.9824525436932803,0.8817851525424151,0.9393466743755965,0.9671682510246407
2012-08-10,0.995,1.079,0.91,0.992,0.9825475432585212,0.8922818046812326,0.9414115106745927,0.9676599688261329
2012-08-13,0.87,0.999,0.709,0.805,0.9807809010370434,0.8839692518544486,0.9360620396677459,0.9644389793444273
2012-08-14,0.988,1.06,0.822,0.824,0.9792208920715006,0.8782578945349774,0.9316674498768539,0.9616580094564189
2012-08-15,0.922,0.922,0.698,0.75,0.9769400871752668,0.8660428569602177,0.9245432361561929,0.9574667617444106
2012-08-16,0.847,0.936,0.666,0.843,0.9756073499894433,0.8638482991544827,0.9213454621892834,0.9552000931950163
2012-08-17,0.661,0.835,0.651,0.753,0.9733923514820857,0.8532913182826272,0.9147436793583311,0.9511961309535308
2012-08-20,0.881,1.355,0.881,0.995,0.9736073529598759,0.8667873832080912,0.9178909860501613,0.9520635343009857
2012-08-21,0.612,0.899,0.6,0.899,0.972864991238882,0.8698552514739873,0.9171501630678021,0.9510127712455206
2012-08-22,1.261,1.261,0.802,0.974,0.9728762848583956,0.8797737989526552,0.9193795684376922,0.9514679638941241
2012-08-23,0.715,0.927,0.655,0.925,0.972399903914531,0.8840810561952595,0.919599977518567,0.9509438457972108
2012-08-24,0.874,1.01,0.834,0.852,0.9712018949203566,0.8810257175099967,0.916948998008035,0.9489845617220185
2012-08-27,0.778,1.002,0.762,0.87,0.9701949108912983,0.8799756491757112,0.9151078608312493,0.9474205109948498
2012-08-28,0.935,0.936,0.838,0.843,0.9689292898874048,0.8764541587780245,0.912280101582965,0.9453527781038626
2012-08-29,1.045,1.328,0.955,1.028,0.9695170581472317,0.8908870960372602,0.9168181368150056,0.9469893567552713
2012-08-30,1.07,1.312,1.029,1.062,0.9704372864243737,0.9071835630813307,0.9225115432144171,0.949266795235365
2012-08-31,0.99,0.998,0.828,0.913,0.9698657711365689,0.9077375094545374,0.9221385415197341,0.9485486408742686
2012-09-04,0.889,0.984,0.784,0.892,0.9690909873441652,0.9062386990302957,0.9209566379307249,0.9474288658074514
2012-09-05,1.387,1.387,0.87,0.917,0.9685726690621337,0.9072635848369343,0.9208014756589318,0.9468263140092841
2012-09-06,1.065,1.065,0.815,0.859,0.9674823937480826,0.9026670529477024,0.9183778883781893,0.9450871790784071
2012-09-07,0.654,0.762,0.611,0.742,0.9652387878401415,0.8873654288574451,0.9114611084417897,0.9410656507798248
2012-09-10,0.633,0.867,0.633,0.791,0.96350506855815,0.8781877689662598,0.9067371434048568,0.9380940537346798
2012-09-11,0.629,0.787,0.613,0.785,0.9617288987217505,0.8693127433504255,0.9019631377811369,0.9350624883141911
2012-09-12,0.578,0.747,0.566,0.747,0.9595922927643201,0.8576639106503849,0.8958861519857982,0.9313384786446032
2012-09-13,0.654,0.879,0.625,0.772,0.9577257027865657,0.8495054429693959,0.8910278715157669,0.9281832612457002
2012-09-14,0.625,0.691,0.537,0.691,0.955071715694162,0.8344096864961201,0.8831836412602466,0.9234865630032111
2012-09-17,0.683,0.871,0.635,0.855,0.9540759772295435,0.8363706687345849,0.8820784004265114,0.9221303934387911
2012-09-18,0.73,1.02,0.715,0.788,0.9524234799436774,0.8317639383789102,0.8783890513901776,0.9194743460439636
2012-09-19,1.234,1.234,0.682,0.682,0.9497326990487154,0.8175007061523473,0.8706875199631119,0.9147718837460633
2012-09-20,0.894,0.988,0.833,0.854,0.9487801348790764,0.8209768293759332,0.8700331074155389,0.9135684801075274
2012-09-21,0.607,0.81,0.578,0.802,0.9473196360245583,0.819169512292511,0.8673651424188511,0.911359203273715
2012-09-24,0.806,0.868,0.725,0.795,0.9458040177556571,0.8168676539789386,0.8645272936965432,0.9090550606346315
2012-09-25,0.929,1.12,0.846,0.929,0.9456368135988844,0.8275469250285634,0.8670556351202082,0.9094500099289953
2012-09-26,0.893,1.154,0.852,0.891,0.9450931637123283,0.8335900750258431,0.8679946298213765,0.9090846631977281
2012-09-27,0.702,0.92,0.702,0.818,0.9438285551181758,0.8321053059757628,0.8660340561028912,0.9072810065007434
2012-09-28,0.708,1.058,0.708,0.995,0.9443377237239651,0.8476190863590235,0.8710915440988563,0.9090180162730059
2012-10-01,0.741,0.901,0.664,0.871,0.9436079951296967,0.8498458400391165,0.8710879541341953,0.9082651842675998
2012-10-02,0.797,0.929,0.576,0.735,0.9415322936856202,0.838908140987772,0.8657511716191287,0.9048341905197266
2012-10-03,0.99,1.277,0.924,0.925,0.9413677932509374,0.8471073656556033,0.8680746550850452,0.905233513479732
2012-10-04,0.78,0.906,0.722,0.807,0.9400308002832665,0.8432876165455458,0.8656795705719061,0.9032882953910245
2012-10-05,0.94,0.998,0.832,0.937,0.9400006430665175,0.8522126054459701,0.8684764501573216,0.9039558538981329
2012-10-08,1.1,1.132,0.811,0.849,0.9390951640310298,0.8519066430225444,0.8677126677982109,0.9028676191674768
2012-10-09,1.2,1.243,0.984,1,0.9397011822993777,0.8660107722584925,0.8729004063159281,0.9047910326493089
2012-10-10,0.748,1.006,0.707,1.003,0.9403310212814735,0.8790573653767313,0.8780023511662839,0.9067357646760553
2012-10-11,0.891,0.956,0.823,0.895,0.9398799663433494,0.8805757115313283,0.8786689256303511,0.9065033732963315
2012-10-12,0.766,1.116,0.753,1.047,0.9409458373250076,0.8964256437664399,0.8852701442330825,0.9092854847162061
2012-10-15,0.832,0.893,0.746,0.771,0.9392548339685398,0.8844803443601122,0.880788962106295,0.9065471582861822
2012-10-16,0.884,0.998,0.771,0.806,0.9379289152225841,0.8770060258496254,0.8778560616315383,0.904556125448832
2012-10-17,1.596,1.596,0.754,0.786,0.936417184722857,0.8683387852925182,0.8742538631361838,0.9022084794003403
2012-10-18,0.846,1.009,0.806,0.878,0.9358359192032265,0.869258900978945,0.8744007704641766,0.9017291035706306
2012-10-19,0.981,1.193,0.869,1.117,0.9376385468728461,0.8928532913619026,0.8839144657400912,0.905991893598935
2012-10-22,1.034,1.201,0.933,0.943,0.9376918946651561,0.8976291683750547,0.8862315455149896,0.9067247273890551
2012-10-23,1.149,1.275,1.008,1.058,0.9388889902406272,0.9129025809107638,0.8929675633379311,0.9097202773417471
2012-10-24,0.941,0.979,0.825,0.906,0.9385617366063921,0.9122451922525958,0.8934786392854632,0.9096466084834947
2012-10-25,1.012,1.03,0.587,0.845,0.9376307740530947,0.905840888228539,0.8915775161762294,0.9083664776224354
2012-10-26,1.127,1.127,0.956,0.996,0.9382115623709744,0.9144274703020115,0.8956725155418674,0.9101017948972386
2012-10-31,1.086,1.094,0.775,0.856,0.9373935368747458,0.9088629493208676,0.8941167306186569,0.9090304722260062
2012-11-01,1.159,1.186,0.896,0.948,0.9374990738212657,0.912590287480785,0.8962298000061606,0.909802146043313
2012-11-02,0.852,1.031,0.81,0.917,0.9372951029374721,0.9130102601016626,0.8970443176529779,0.9099446778048316
2012-11-05,0.88,0.951,0.715,0.813,0.9360583357440644,0.9034854734253138,0.8937484620587435,0.9080249812146369
2012-11-06,0.835,1.042,0.744,0.96,0.9362965612590488,0.9088678092895697,0.8963465615858516,0.9090541895074163
2012-11-07,0.802,1.247,0.802,1.207,0.9389901278136852,0.9372613512619916,0.9085290493667986,0.9149541065468735
2012-11-08,1.054,1.135,0.829,1.134,0.9409305245518574,0.9559983654275163,0.9173710474308456,0.9192916489914899
2012-11-09,1.237,1.305,1.126,1.164,0.9431501213224858,0.9758080449106099,0.9270427710610085,0.9241373589124504
2012-11-12,1.174,1.174,0.88,0.988,0.9435963887720132,0.9769691834905518,0.9294332506272435,0.9254019656666593
2012-11-13,0.922,0.949,0.724,0.814,0.942306872465824,0.9614483088724041,0.9249064564849986,0.9231959861485076
2012-11-14,0.882,1.131,0.813,1.13,0.9441744657746218,0.9775008508845561,0.9329493405444104,0.9272911151356659
2012-11-15,1.216,1.279,1.134,1.238,0.9470981029310932,1.0023102936574555,0.9449121115034531,0.9334437663210983
2012-11-16,1.203,1.505,1.025,1.032,0.9479428979268038,1.005137884737698,0.9483273228170432,0.9353953749087993
2012-11-19,0.762,0.802,0.671,0.747,0.9459434661066366,0.9805533242864886,0.9404321336869631,0.9316647734254567
2012-11-20,0.989,1.167,0.843,1.102,0.9474962674389089,0.992119674354442,0.9467681284443371,0.935037748209111
2012-11-21,1.237,1.237,0.773,0.865,0.9466754090564322,0.980013038701638,0.9435615351720101,0.9336508621059603
2012-11-23,1.031,1.031,0.745,0.888,0.9460915741404479,0.9712498921586249,0.9413826514397744,0.9327468846385155
2012-11-26,0.923,0.923,0.603,0.629,0.9429364340992494,0.9386546643339939,0.9291323513833126,0.9267320948436935
2012-11-27,0.828,0.966,0.766,0.848,0.9419917929639335,0.9300208867783755,0.9259506905447513,0.92517304346065
2012-11-28,1.179,1.179,0.826,0.834,0.9409172477603123,0.9208760404185302,0.9223447811116238,0.923367636659449
2012-11-29,0.689,1.036,0.635,1.01,0.9416046383298614,0.9293640365691463,0.9257822406758738,0.9250831290028262
2012-11-30,1.046,1.227,0.913,1.167,0.9438473782469772,0.9519960330863705,0.9352417606493689,0.9298735620918791
2012-12-03,0.698,0.817,0.519,0.817,0.9425852152793456,0.9391392680305257,0.9306048288591976,0.9276384420504558
2012-12-04,0.849,1.278,0.758,1.041,0.9435644668686058,0.9488402901228566,0.9349340512568761,0.9298832253761893
2012-12-05,0.688,0.973,0.688,0.862,0.9427528801335948,0.9405697863016322,0.9320738923840575,0.9285390030915123
2012-12-06,0.938,1.074,0.899,0.921,0.9425364335651013,0.9387059971300482,0.9316396220944866,0.9283897159015814
2012-12-07,0.917,0.917,0.639,0.799,0.941108210345548,0.9254006640700436,0.9264380682868597,0.9258275433094708
2012-12-10,0.722,0.966,0.554,0.902,0.9407190739241993,0.9231720293967062,0.9254797126677672,0.9253557107686892
2012-12-11,1.122,1.122,0.738,0.842,0.9397367945816699,0.9154413599303532,0.9222059984455018,0.9237051026346557
2012-12-12,0.837,1.324,0.824,0.886,0.9392021001082205,0.9126374208893673,0.9207861553692076,0.9229584669389199
2012-12-13,0.564,0.876,0.564,0.845,0.9382647657787855,0.9061957617570466,0.9178141492762975,0.9214147349203274
2012-12-14,0.969,1.025,0.698,0.888,0.9377646188556135,0.9044628320658994,0.9166449669517368,0.920753057001113
2012-12-17,0.646,0.825,0.631,0.708,0.9354784037426223,0.8857520861548613,0.9084628113850021,0.9165401251793087
2012-12-18,0.833,0.985,0.78,0.855,0.9346776236058797,0.8828233160448745,0.9063662305463746,0.9153215088391243
2012-12-19,1.333,1.333,0.913,0.968,0.9350091895401496,0.8909353811834579,0.9087832411131834,0.9163646472779535
2012-12-20,0.523,0.861,0.523,0.855,0.9342130782014416,0.8875129639278905,0.9066740944028625,0.915149505747697
2012-12-21,1.041,1.145,1.012,1.05,0.9353651868760542,0.9029879197442818,0.9122947181517699,0.9178198125645743
2012-12-24,0.954,1.215,0.784,0.971,0.9357197621310188,0.9094652607210169,0.9145968860673868,0.9188728855830977
2012-12-26,0.737,0.994,0.737,0.962,0.9359812570351878,0.9144685692237772,0.916455831711803,0.9197268878487789
2012-12-27,1.234,1.371,0.937,1.06,0.9372152743781212,0.9283287054881794,0.9220850147819284,0.922504573237912
2012-12-28,0.948,1.445,0.939,1.094,0.9387753213992345,0.9441069240131147,0.9288267789081273,0.9259005222827058
2012-12-31,1.23,1.23,0.97,1.024,0.9396233281514809,0.951715788392818,0.9325590620882007,0.9278430861978998
2013-01-02,0.882,1.123,0.799,0.973,0.9399554343390283,0.9537428561649306,0.9341449812219967,0.9287372825108127
2013-01-03,0.671,0.86,0.613,0.839,0.9389509026540628,0.9428149651016039,0.9304138054878008,0.9269603066195095
2013-01-04,0.826,1.056,0.782,0.822,0.9377872120803905,0.9313087779490702,0.9261622837039655,0.9248818847062519
2013-01-07,0.787,1.072,0.652,0.891,0.9373216676815807,0.9274698467158254,0.9247833706175355,0.9242109562962271
2013-01-08,0.808,1.041,0.808,0.953,0.9374776709882315,0.9299012898857468,0.9258899051031223,0.9247810363695691
2013-01-09,0.958,1.179,0.818,0.854,0.9366470473963089,0.9226725956109137,0.9230706931382939,0.9233794316889836
2013-01-10,0.699,0.832,0.667,0.785,0.9351381215515695,0.9095609198384458,0.9176561561524785,0.9206392449228651
2013-01-11,1.187,1.187,0.589,0.725,0.9330471949689668,0.8919836893776414,0.91010101277395,0.9167652004689469
2013-01-14,0.787,1.018,0.787,0.828,0.9320019492478826,0.8858900046750089,0.9068813652141872,0.9150074737269875
2013-01-15,1.064,1.095,0.944,1.033,0.9330069049767594,0.8999004804202462,0.9118271940293171,0.9173439593957601
2013-01-16,1.697,1.697,0.793,0.873,0.9324098213451498,0.8973385299040323,0.9103045589693439,0.9164658611899035
2013-01-17,0.99,0.99,0.674,0.787,0.9309629574511682,0.8868300984846006,0.9054690860685853,0.9139021807703014
2013-01-18,0.789,0.814,0.626,0.745,0.9291125797650869,0.8733224700574957,0.8991761807325623,0.9105575831312855
2013-01-22,0.798,1.168,0.798,0.946,0.9292806137972751,0.8802441395758295,0.9010124089391285,0.9112594131682897
2013-01-23,0.958,1.099,0.824,0.893,0.9289196126649639,0.8814589834257505,0.9006981968238685,0.9108978406303038
2013-01-24,0.662,0.884,0.662,0.877,0.928402999603621,0.8810343183375837,0.8997688557719521,0.9102265962613869
2013-01-25,0.88,1.038,0.848,0.876,0.927881576721993,0.88055485944829,0.8988367437808952,0.9095488418799733
2013-01-28,1.016,1.078,0.824,0.969,0.9282907152620726,0.8889782061675006,0.9015882440247817,0.9107260925358154
2013-01-29,0.962,1.086,0.933,0.966,0.9286659320256341,0.896313615103929,0.9041141952394961,0.9118206253568883
2013-01-30,0.734,1.052,0.712,0.947,0.9288483605626925,0.9011408898559358,0.9057959915046139,0.91251724663695
2013-01-31,0.84,1.105,0.75,0.91,0.9286608146864468,0.901984614631561,0.9059608545828643,0.9124674001688916
2013-02-01,1.039,1.055,0.801,0.898,0.9283557319532483,0.9016051275237933,0.9056486642070658,0.9121809169972304
2013-02-04,0.803,1.156,0.694,1.104,0.9301034361129175,0.9208808296643844,0.9134271479636514,0.9159793146804536
2013-02-05,0.908,1.488,0.86,0.947,0.9302715611267193,0.9233683696963478,0.9147437303964494,0.9165935856768802
2013-02-06,0.979,1.066,0.793,0.975,0.9307166202199857,0.9282856678205051,0.9171067213612946,0.917750148336744
2013-02-07,0.961,1.088,0.872,1.029,0.9316945642973987,0.9378775089804571,0.9214946930726163,0.9199531156964124
2013-02-08,0.767,0.942,0.563,0.904,0.9314189964934445,0.9346510795537469,0.9208086266776118,0.9196372124152953
2013-02-11,0.673,1.159,0.647,1.076,0.9328576134437585,0.9481128815010091,0.9268945628863329,0.9227335052387547
2013-02-12,0.992,1.133,0.898,0.92,0.9327296769915818,0.9454354642151988,0.9266241878711826,0.9226793764221457
2013-02-13,1.249,1.249,0.721,0.916,0.9325632125439044,0.9426320866708942,0.9262075530527049,0.9225471115424992
2013-02-14,0.775,0.989,0.665,0.832,0.9315625835633681,0.9320956974641423,0.9225131392075008,0.9207540994327468
2013-02-15,0.91,0.971,0.829,0.885,0.9310992742741804,0.9276103929437478,0.9210420357091674,0.9200460974637815
2013-02-19,0.835,1.096,0.794,0.993,0.9317152018933428,0.9338379745681528,0.923863916661749,0.921490729197172
2013-02-20,1.356,1.408,1.03,1.144,0.9338274884416677,0.953853405561662,0.9324967042436413,0.9258968533714854
2013-02-21,0.895,1.136,0.895,1.105,0.9355306975118999,0.9682483193176942,0.9392615393713416,0.9294434503344263
2013-02-22,0.809,1.065,0.77,0.904,0.9352169592281994,0.9621294317636281,0.9378787339057988,0.9289396196347347
2013-02-25,1.104,1.196,0.898,1.168,0.9375332083901078,0.9817361525480445,0.9469030972820419,0.9336734885528588
2013-02-26,0.807,1.145,0.807,1.098,0.9391298928837386,0.9928088999244212,0.9528284660160795,0.9369274788785448
2013-02-27,1.206,1.321,0.917,0.988,0.9396161626062884,0.9923509094554287,0.9542077418585861,0.9379388159304548
2013-02-28,0.865,0.977,0.837,0.977,0.9399881410878179,0.9908889180787211,0.9551015559033474,0.9387123047239111
2013-03-01,1.195,1.364,1.143,1.167,0.9422469655546059,1.007661402071224,0.9634112988090985,0.9432328531452198
2013-03-04,0.907,1.171,0.808,1.121,0.9440256027132665,1.018455554254917,0.9695912478754083,0.9467529946670966
2013-03-05,1.523,1.614,1.094,1.118,0.9457566912434828,1.0279359776592105,0.9754111989391178,0.9501440244756689
2013-03-06,0.716,0.882,0.676,0.711,0.9434208037684233,0.9977515988345238,0.9650421323140543,0.945408499238527
2013-03-07,0.834,0.865,0.599,0.829,0.942282288308041,0.9816800179931405,0.959707146733111,0.9431033804417245
2013-03-08,0.941,1.172,0.893,0.921,0.9420705242452744,0.9759009686604605,0.9581892194102439,0.9426656897399082
2013-03-11,0.793,1.017,0.718,0.934,0.9419902205214408,0.9719104002166071,0.9572406225706265,0.9424940919232763
2013-03-12,1.025,1.08,0.778,1.08,0.9433634521580434,0.9822046478150255,0.9620547158031509,0.9452169811921223
2013-03-13,0.817,0.82,0.713,0.786,0.9417976466639335,0.9635184908802612,0.9551506093010665,0.9420641696833674
2013-03-14,0.825,0.927,0.648,0.733,0.9397200581399142,0.9415643488916648,0.9464388207010247,0.9379242851351819
2013-03-15,0.758,0.939,0.701,0.849,0.9388173709942434,0.9327486966162682,0.9426176904774551,0.936163408201812
2013-03-18,1.118,1.371,0.833,0.908,0.9385107304868381,0.9303916778909094,0.9412601339881431,0.9356057169502909
2013-03-19,0.96,1.174,0.916,0.969,0.9388141063028894,0.934068660948918,0.9423479718709611,0.9362669898819683
2013-03-20,1.584,1.584,0.715,0.746,0.9368955579814676,0.916157359906164,0.9346480514054332,0.9324993267159888
2013-03-21,1.032,1.057,0.819,0.86,0.9361304280513038,0.9108090399151008,0.9317206768405142,0.931063696483989
2013-03-22,1.048,1.069,0.757,0.915,0.9359201750358679,0.9112081789708054,0.9310649640232391,0.930745603484306
2013-03-25,0.878,0.936,0.486,0.892,0.9354831583688443,0.9093788285926335,0.9295330046497787,0.9299783638113495
2013-03-26,0.712,0.899,0.645,0.793,0.9340654154995026,0.8982951306314303,0.9241787691733169,0.9272659209635999
2013-03-27,1.011,1.011,0.749,0.92,0.9339254611164229,0.9003622610474845,0.9240148958724025,0.9271220413405583
2013-03-28,1.221,1.221,0.836,0.896,0.9335480933441203,0.8999468076143907,0.9229162725048573,0.9265057632942106
2013-04-01,0.823,1.054,0.79,1.005,0.9342590575894524,0.9099518735558773,0.9261352422105492,0.9280601046151173
2013-04-02,0.967,1.124,0.771,0.866,0.9335798629865723,0.9057659808362699,0.9237769974179787,0.9268311916524418
2013-04-03,1.387,1.395,0.996,1.063,0.9348676255439198,0.9207406493280538,0.9292367230094305,0.9295276036989281
2013-04-04,0.959,1.103,0.801,1.091,0.9364211815086569,0.9369558255825249,0.9355803809306293,0.9327250768930087
2013-04-05,1.149,1.315,1.001,1.001,0.9370637568170285,0.9430552707651415,0.9381458561882517,0.9340770555683946
2013-04-08,1.106,1.245,0.896,0.905,0.9367447144606401,0.9394309592636995,0.9368460186906733,0.9335012722898125
2013-04-09,0.918,1.063,0.673,0.673,0.9341203889436188,0.9140565821909662,0.9264991159969214,0.9283428312543707
2013-04-10,1.189,1.189,0.799,0.856,0.9333430716406972,0.9085273838870647,0.9237344447813558,0.9269102999424029
2013-04-11,0.956,1.041,0.84,0.879,0.9328023445596952,0.9057152520882966,0.9219801528291458,0.9259615811316623
2013-04-12,0.991,1.444,0.968,1.154,0.9350033162556187,0.9293614185560779,0.9310789703652578,0.9304771933864808
2013-04-15,0.924,1.178,0.917,1.089,0.936535621566508,0.9445650929793086,0.9372719519195614,0.9336162588639763
2013-04-16,1.063,1.227,0.854,0.881,0.93598302831709,0.9385112746003268,0.9350652087070296,0.9325743527478579
2013-04-17,1.641,1.641,1.044,1.191,0.9385205106223926,0.9625578198764861,0.9451018671891068,0.9376916922974053
2013-04-18,1.152,1.306,1.056,1.176,0.9408834906161997,0.9828856465549161,0.9541566959267889,0.9424106686875557
2013-04-19,1.154,1.171,1.049,1.099,0.9424567892170336,0.9939441564068288,0.9598368254982873,0.9455114475254259
2013-04-22,1.121,1.424,1.006,1.037,0.9433975176825358,0.9980447129395117,0.9628628323414917,0.9473231020298729
2013-04-23,0.588,0.898,0.588,0.897,0.9429358508399235,0.9884214069452725,0.9602799761712372,0.9463266049599744
2013-04-24,0.934,1.082,0.773,0.788,0.9413942005828099,0.9693336539028656,0.953523898674326,0.9431914246637373
2013-04-25,0.934,3.449,0.751,0.969,0.9416688851541252,0.969301877340688,0.9541308046086662,0.9437024855614851
2013-04-26,1.077,1.141,0.782,0.897,0.9412244186351787,0.9624159842606225,0.9518903808985224,0.9427776838671982
2013-04-29,0.746,1.082,0.742,0.904,0.9408540264099531,0.9568525571881822,0.9500123267456392,0.9420098089391349
2013-04-30,0.756,0.886,0.572,0.885,0.9402982649531376,0.9500094565035934,0.9474628237360063,0.9408809018314293
2013-05-01,1.283,1.294,0.932,1.053,0.9414196752521113,0.9598180796937273,0.9516015365306727,0.9431010819931831
2013-05-02,0.475,0.981,0.475,0.911,0.9411169919162694,0.9551687387705152,0.9500093194118228,0.9424654170032191
2013-05-03,0.83,0.907,0.711,0.901,0.9407178178673513,0.9500098112685614,0.9480873853172415,0.9416443196368187
2013-05-06,0.633,0.863,0.633,0.776,0.9390788346049896,0.9334374482906032,0.9413388604028399,0.938364234099456
2013-05-07,0.685,0.898,0.685,0.886,0.9385506869969797,0.9289195960724504,0.9391687090144932,0.9373273185727341
2013-05-08,1.021,1.039,0.818,0.875,0.9379183418527312,0.9237843964465028,0.9366522890531406,0.9360931142445611
2013-05-09,0.841,1.16,0.803,0.999,0.9385261195457388,0.9309477872611216,0.9390972973255665,0.9373387951506094
2013-05-10,1.022,1.087,0.638,0.752,0.9366701382567265,0.9139051408553005,0.9317601484108383,0.9336687199991122
2013-05-13,0.727,0.889,0.727,0.884,0.9361460572790476,0.9110570322024147,0.9298872014143349,0.9326851809892287
2013-05-14,0.664,0.874,0.618,0.814,0.9349306736245298,0.9018135053259942,0.9253426052804394,0.9303349793854816
2013-05-15,0.663,0.883,0.658,0.784,0.933428875877022,0.8905931714854234,0.9197997580145398,0.9274372570214127
2013-05-16,1.147,1.158,0.873,0.988,0.9339718721369521,0.8998700122963355,0.9224742773080873,0.9286365192586125
2013-05-17,0.704,0.846,0.619,0.813,0.9327681719166839,0.8915966777919225,0.9181811683940446,0.9263466871940855
2013-05-20,0.667,0.798,0.58,0.797,0.9314172448329359,0.882587470383168,0.9134289657119252,0.9237853666555887
2013-05-21,1.156,1.156,0.752,0.924,0.9313434414017624,0.8865315208228662,0.9138435160761634,0.9237896168208246
2013-05-22,1.106,1.169,0.752,1.034,0.9323648996962722,0.9005761378873551,0.9185555350535688,0.9259720006461548
2013-05-23,1.286,1.286,0.953,1.012,0.9331572887540208,0.9111879342790355,0.9222200238749975,0.9276755253858349
2013-05-24,0.886,1.286,0.876,1.266,0.9364691565276126,0.944979559585794,0.935701591566174,0.93437501993265
2013-05-28,0.666,1.129,0.647,0.977,0.9368724485024623,0.948029125339528,0.9373211369949516,0.9352190789438847
2013-05-29,0.746,0.861,0.611,0.859,0.936097598268607,0.9395501610214777,0.9342497198578946,0.9337097902519266
2013-05-30,0.7,0.88,0.68,0.866,0.9354001097286208,0.932545383781337,0.9315732602556243,0.9323690023261458
2013-05-31,0.908,1.2,0.882,1.199,0.938022994208933,0.9579220138974002,0.9420605833828547,0.9376488240622618
2013-06-03,0.781,0.925,0.714,0.919,0.937833710684466,0.9542151554309811,0.9411562467796055,0.9372795404174645
2013-06-04,0.886,1.18,0.855,1.158,0.9400244200308892,0.9736232358661258,0.9496599233764837,0.9416502425874157
2013-06-05,1.253,1.253,0.931,1.181,0.942422186995756,0.9933734038788757,0.9587320832440727,0.9463898417441006
2013-06-06,1.545,1.545,1.154,1.216,0.9451443542893305,1.0145759368427922,0.9688210211560698,0.9517286567590689
2013-06-07,0.883,1.195,0.814,1.127,0.9469538632018745,1.025282990476812,0.9750241183656357,0.9551993764272062
2013-06-10,0.912,1.155,0.811,1.08,0.9482777053590697,1.030494134240925,0.979140819606199,0.9576706759038952
2013-06-11,0.995,1.053,0.794,1.037,0.9491605142609696,1.031113740503694,0.9814098070726226,0.9592415536087686
2013-06-12,1.093,1.609,0.967,1.196,0.9516166285469301,1.0468171937890565,0.9898251087560491,0.9639298396759217
2013-06-13,0.917,1.09,0.886,0.982,0.9519189506509407,1.0406441277139082,0.989518241746008,0.9642876646328341
2013-06-14,0.835,1.246,0.797,1.188,0.954268015818593,1.0546780203125836,0.9973018401089097,0.9687176118678275
2013-06-17,0.85,1.118,0.789,0.958,0.9543051499895523,1.0454705898066232,0.9957605914771877,0.9685053819298507
2013-06-18,1.073,1.073,0.77,0.861,0.9533767405369199,1.0279019622059924,0.9904758623996509,0.9663765624856953
2013-06-19,1.222,1.222,0.726,1.106,0.9548953799345625,1.0353398705673265,0.9950062207369195,0.969141383030533
2013-06-20,1.624,1.67,1.175,1.39,0.9592247791391938,1.0691170257513907,1.0104961728648834,0.9774752170299283
2013-06-21,1.252,1.419,1.162,1.169,0.9613120947696496,1.0786296899655439,1.0167120092231232,0.9812677869897317
2013-06-24,0.998,1.106,0.882,1.012,0.9618164520356233,1.0722840052069207,1.0165272245477066,0.9818763456632024
2013-06-25,1.108,1.379,1.068,1.074,0.962932706244224,1.072447433282452,1.018781058879169,0.9837005764421488
2013-06-26,0.912,1.079,0.686,0.854,0.9618487987194059,1.0516429158269804,1.012319056570182,0.9811322481957696
2013-06-27,0.864,1.025,0.801,1.019,0.9624174673888645,1.0485340667006013,1.0125810543517435,0.9818821046671405
2013-06-28,0.842,1.134,0.839,0.966,0.9624531144795225,1.0406736793957823,1.0107543463379496,0.9815676075450189
2013-07-01,0.817,0.952,0.781,0.912,0.9619510934399252,1.0284190432628506,1.0068816268737162,0.9801900311579889
2013-07-02,0.737,1.099,0.737,1.043,0.9627575502216176,1.0298077058092459,1.0082980336629823,0.9814337929172366
2013-07-03,0.875,1.146,0.797,1.138,0.9645012561895617,1.0401117338274128,1.0133843852840418,0.9845341138495686
2013-07-05,1.05,1.105,0.926,0.967,0.9645261193120537,1.0331487115581355,1.0115653897827068,0.9841869036743296
2013-07-08,1.265,1.357,0.964,1.046,0.9653368046920332,1.034372643790694,1.0129157666539732,0.9854109253837489
2013-07-09,0.944,1.168,0.93,1.016,0.9658409160881324,1.0326228681915803,1.0130367169812684,0.9860166496335756
2013-07-10,0.92,1.349,0.888,1.033,0.9665091656792952,1.032658785506668,1.0138195908251402,0.9869470130071681
2013-07-11,1.014,1.223,1,1.015,0.9669916615431828,1.0309769964107949,1.013865881381017,0.9875025177000955
2013-07-12,0.895,1.129,0.622,0.895,0.9662753266024546,1.0180268062764335,1.009204474268036,0.9856707846763312
2013-07-15,0.956,1.007,0.768,0.831,0.9649293034521814,1.0002147294882018,1.0022160635124266,0.9826079968609582
2013-07-16,0.992,1.087,0.876,0.98,0.9650792606317617,0.9982895171559921,1.0013448453354687,0.982556353358761
2013-07-17,1.773,1.773,0.92,0.922,0.9646506112722417,0.9910238488554215,0.9982332827732935,0.9813572176486866
2013-07-18,0.849,0.986,0.707,0.741,0.9624252320556025,0.9672120537263338,0.9881457030566937,0.9765976687843562
2013-07-19,1.045,1.045,0.752,0.794,0.9607493590998254,0.9507156676571591,0.9805321460740782,0.9729818733628838
2013-07-22,0.807,1.063,0.78,0.935,0.9604931465714689,0.9492189374040964,0.978746571718232,0.9722297570586682
2013-07-23,0.665,0.96,0.665,0.931,0.9601996824264791,0.9474838005084681,0.9768741571410464,0.9714133262258233
2013-07-24,0.868,0.997,0.821,0.963,0.960227546282932,0.9489615337933759,0.9763300725472799,0.9712467257065001
2013-07-25,0.838,0.984,0.821,0.96,0.9602252821408134,0.9500128162892448,0.9756896775454258,0.9710240182667674
2013-07-26,0.838,2.665,0.643,0.989,0.9605115977414023,0.9537258814045548,0.9762116509750169,0.9713799783010889
2013-07-29,0.664,0.947,0.664,0.841,0.9593224276146222,0.9429900831755496,0.9709092332897221,0.9687981965525525
2013-07-30,0.696,0.815,0.623,0.783,0.9575679755985562,0.9277529323969258,0.9635402437489488,0.9651190243435911
2013-07-31,0.763,0.894,0.73,0.883,0.956826005692103,0.9234907483591234,0.9603818028176174,0.9634929050496586
2013-08-01,0.716,0.942,0.699,0.846,0.9557232593668084,0.9161106770868259,0.9558962419228089,0.9611663128704574
2013-08-02,0.997,0.997,0.875,0.876,0.954929993104452,0.9122906126023663,0.9527630559650516,0.9594798512294582
2013-08-05,0.957,1.009,0.838,0.852,0.9539058140685869,0.906548649497379,0.9488115635742653,0.9573515373437264
2013-08-06,1.326,1.408,0.725,0.897,0.9533395870629293,0.9056392543071524,0.9467797375517452,0.9561564573963258
2013-08-07,1.667,1.667,0.962,0.962,0.9534257603259847,0.9110069443731379,0.9473766105889316,0.9562721711112501
2013-08-08,0.818,0.818,0.703,0.766,0.9515608273874177,0.8971967591947438,0.9402638023305422,0.9525044053466709
2013-08-09,0.998,1.049,0.885,0.906,0.9511074858213737,0.8980351630809588,0.9389201238077758,0.9515835260328754
2013-08-12,0.759,0.8,0.616,0.766,0.9492656202908127,0.885460385644677,0.9321389424819807,0.9479086047252937
2013-08-13,0.718,0.787,0.63,0.769,0.947471932526725,0.874368920345184,0.925741336894452,0.9443658600772681
2013-08-14,0.711,0.849,0.667,0.796,0.9459647491184989,0.8669052136456427,0.9206534413299637,0.9414279222539559
2013-08-15,1.339,1.35,0.941,0.963,0.9461342541023945,0.8760570980603434,0.922314090689573,0.9418550921103132
2013-08-16,0.857,0.976,0.767,0.938,0.9460533162506294,0.8819564220545963,0.9229292243880212,0.9417787536526832
2013-08-19,0.903,0.958,0.835,0.927,0.9458637310143048,0.8862462866208253,0.9230888626473145,0.9414861050655013
2013-08-20,0.908,1.08,0.806,0.897,0.9453775247355555,0.8872704497997943,0.9220657699944786,0.9406051920939072
2013-08-21,1.68,1.713,0.881,0.975,0.9456722757332117,0.8956256450569567,0.9241416221515579,0.9412862773989784
2013-08-22,0.612,0.827,0.59,0.824,0.944461606322931,0.8888041550515323,0.920214499714242,0.9389637768564244
2013-08-23,0.785,0.91,0.717,0.811,0.9431336301406132,0.8813942355228149,0.9159315781568207,0.9364298406810496
2013-08-26,0.639,1.032,0.639,0.899,0.9426944895421991,0.8830709749968325,0.9152675946996904,0.9356886557170684
2013-08-27,1.164,1.164,0.884,1.026,0.943523400094018,0.8966832630923722,0.9196100419663692,0.9374769991682156
2013-08-28,0.723,0.833,0.706,0.808,0.942174908550794,0.8882372380359558,0.9152331775755312,0.9349130981945876
2013-08-29,0.972,1.289,0.9,0.959,0.9423423223960598,0.8949765486991981,0.9169495235529614,0.9353900665471699
2013-08-30,1.002,1.142,0.873,1.123,0.9441399112279397,0.916693067870703,0.9250299343940218,0.9391051147343547
2013-09-03,0.708,0.826,0.683,0.751,0.9422181210664676,0.9009127756925408,0.9182052310844523,0.9353802609772387
2013-09-04,0.838,0.849,0.723,0.768,0.9404846074240152,0.888254416102775,0.9123148298654542,0.932065800363828
2013-09-05,0.904,0.908,0.748,0.817,0.9392559048625821,0.8814682812358441,0.9085769934001423,0.9297872696635542
2013-09-06,0.911,1.057,0.853,0.866,0.9385269903863376,0.8799951115943351,0.9069073073844505,0.9285241554127908
2013-09-09,0.537,0.684,0.473,0.652,0.9356759755566227,0.8582812914424937,0.8969109423889818,0.9230484295630326
2013-09-10,0.815,0.838,0.707,0.764,0.9339677568943678,0.8493021208289229,0.8916987485698061,0.9198989557102992
2013-09-11,0.812,1.006,0.759,0.919,0.9338188239899463,0.8559400140833112,0.8927693858807941,0.9198811546071249
2013-09-12,0.804,0.885,0.775,0.86,0.9330843083283548,0.8563266794087101,0.8914843119246846,0.9186953891693601
2013-09-13,0.927,0.948,0.725,0.768,0.9314416783947392,0.8479146147031187,0.8866417898884225,0.9157113220570956
2013-09-16,0.948,1.003,0.849,0.912,0.9312482288584731,0.8540179847313931,0.8876362295006411,0.9156378305312125
2013-09-17,1.067,1.067,0.72,0.798,0.9299223758350057,0.8486829385664986,0.884121083245714,0.9133083685404955
2013-09-18,1.198,1.198,0.731,0.84,0.9290276258266972,0.8478559920363559,0.8823908446870585,0.9118567176783074
2013-09-19,0.683,0.958,0.64,0.765,0.9273955101468295,0.8399649451757506,0.8777872821503111,0.9089486638628954
2013-09-20,1.38,1.38,0.911,1.053,0.9286453060657666,0.8602539980161553,0.8846583691248087,0.9118011655685806
2013-09-23,0.764,0.999,0.749,0.999,0.9293453527715798,0.8734679029669977,0.889142354649326,0.913527875161282
2013-09-24,0.783,0.876,0.705,0.875,0.9288046029927581,0.8736138169701408,0.8885877525062151,0.9127649469402664
2013-09-25,0.8,1.018,0.736,0.965,0.9291647561968103,0.8823172629729845,0.8915843112314616,0.9137993044265978
2013-09-26,0.759,0.759,0.426,0.704,0.9269243108615186,0.865334666499367,0.8842280637321887,0.9096448627547841
2013-09-27,0.782,0.972,0.726,0.942,0.9270743177186179,0.8726361268327606,0.8864936298603381,0.910285558541818
2013-09-30,1.115,1.171,0.893,1.108,0.9288745732637063,0.8950517338010691,0.8951801541795406,0.9142006959964355
2013-10-01,0.978,1.098,0.726,0.854,0.9281295526342166,0.8911420448676339,0.8935652461724998,0.9130086030064071
2013-10-02,0.712,0.936,0.649,0.774,0.9265959252448214,0.879985659642145,0.8888764129892645,0.9102559574023198
2013-10-03,0.847,1.137,0.817,0.983,0.9271571598194998,0.889796549200036,0.892567534048509,0.9116964334933629
2013-10-04,1.024,1.155,0.809,0.872,0.9266083323586092,0.8881016397524135,0.8917609640858224,0.9109103655033953
2013-10-07,1.022,1.052,0.842,0.918,0.9265226773102648,0.8909491026331361,0.8927899458863784,0.9110507543053082
2013-10-08,0.716,0.972,0.711,0.971,0.9269652377350384,0.8985729976204565,0.8958570068320106,0.9122378680814408
2013-10-09,0.957,1.541,0.925,1.304,0.9307168274093166,0.937185093085175,0.9118626144072259,0.9199955340600261
2013-10-10,0.929,1.202,0.902,0.932,0.930729595295791,0.9366912746961107,0.912652315803021,0.9202332462568573
2013-10-11,0.998,1.018,0.81,0.957,0.9309909923575245,0.9386254390107668,0.9143914406734908,0.9209613007864245
2013-10-14,1.005,1.086,0.843,0.902,0.9307025247718774,0.9351373019621223,0.9139055018235499,0.920585829483723
2013-10-15,1.53,1.53,0.957,0.992,0.9313124498985255,0.9405527970133487,0.9169680311638029,0.9219999714741444
2013-10-16,1.768,1.903,0.932,0.934,0.9313391916905799,0.9399287211073155,0.9176359515103204,0.922237595801389
2013-10-17,0.775,1.084,0.775,0.875,0.9307786027185343,0.9337450333828092,0.9159639534118764,0.9213021978647278
2013-10-18,0.555,0.701,0.469,0.698,0.9284623977163599,0.9112931254415892,0.9074163473957244,0.9168803721644362
2013-10-21,0.907,0.912,0.762,0.801,0.927194115152018,0.900789018256676,0.9032431573017744,0.9145857113294968
2013-10-22,0.955,0.955,0.726,0.838,0.9263066115186646,0.8948091117560402,0.9006846021134696,0.9130691625902989
2013-10-23,1.014,1.04,0.836,0.865,0.925696595483653,0.8919701487316554,0.899285205952157,0.9121172979845504
2013-10-24,0.755,0.911,0.729,0.816,0.9246050870708804,0.8847348964714977,0.8960191194442293,0.9102139851531732
2013-10-25,0.676,0.942,0.676,0.932,0.9246786682940558,0.8892363349027836,0.897430134367985,0.9106453913877638
2013-10-28,0.769,0.818,0.696,0.779,0.9232291293060552,0.8787376363406137,0.892785815373162,0.9080385519543427
2013-10-29,0.834,1.017,0.661,0.74,0.9214059538900745,0.8655245281176982,0.886794214770293,0.9047110558760388
2013-10-30,0.918,1.003,0.737,0.982,0.9220088797220141,0.8766174302017269,0.8905277749753795,0.9062415300171074
2013-10-31,0.835,0.904,0.782,0.904,0.9218296868889592,0.8792252939920386,0.8910560975253646,0.9061971432840954
2013-11-01,0.762,0.968,0.732,0.917,0.9217816303029994,0.882822885040416,0.8920735054655464,0.9064110612388658
2013-11-04,0.551,0.785,0.551,0.762,0.9201917633348103,0.8713159436079954,0.8869725836825838,0.9035514362638388
2013-11-05,0.766,1.15,0.753,0.781,0.9188067706648122,0.8627144251691387,0.8828167960871883,0.9011246751497034
2013-11-06,0.926,1.001,0.83,0.909,0.9187091908572022,0.8671225751530303,0.8838435883974947,0.901280622176442
2013-11-07,0.615,0.964,0.563,0.918,0.9187021342317574,0.871968044186075,0.8851830555191615,0.9016116989650274
2013-11-08,1.01,1.115,0.823,0.863,0.9181478841398991,0.8711139447397821,0.8843131317733121,0.90084711086671
2013-11-11,1.017,1.017,0.796,0.821,0.9171812385265667,0.8663411880978981,0.8818302638606331,0.8992659799584583
2013-11-12,0.957,0.957,0.631,0.858,0.9165923704815263,0.8655467892314316,0.8808957437092357,0.898448831840469
2013-11-13,0.851,0.851,0.658,0.827,0.9157009041085759,0.8618756664474857,0.8787821851324029,0.8970340034871923
2013-11-14,0.767,0.854,0.676,0.832,0.9148680592915751,0.8590303648810584,0.8769475896370146,0.8957462014379409
2013-11-15,0.709,0.879,0.693,0.747,0.9131977303434002,0.8483608063209577,0.8718516057296807,0.8928007321025362
2013-11-18,0.868,0.946,0.673,0.791,0.9119818325290381,0.8428978723856284,0.8686809545245952,0.8907848760212979
2013-11-19,1.095,1.095,0.493,0.817,0.9110367396680527,0.8404314083489018,0.8666542504255914,0.8893237893674107
2013-11-20,1.564,1.564,0.948,0.96,0.911523936288271,0.851818893268054,0.8703148680559604,0.8907233182908284
2013-11-21,0.811,0.885,0.709,0.787,0.9102848921460992,0.8456456653377632,0.8670476183282756,0.8886693911959606
2013-11-22,0.735,0.961,0.698,0.941,0.9105905151098196,0.8547270305436905,0.8699477117271668,0.8897056408752485
2013-11-25,0.766,0.869,0.729,0.771,0.9092015547604682,0.8467530276347676,0.8660674093064936,0.8873550341252436
2013-11-26,1.021,1.024,0.717,0.738,0.9074980567031501,0.8363955964314563,0.8610451579611409,0.8843975086970209
2013-11-27,0.797,0.867,0.692,0.807,0.9064980760394371,0.8335960158189367,0.8589257400018805,0.8828648847624264
2013-11-29,0.697,0.827,0.682,0.807,0.9055080454320795,0.831063061931419,0.856889436472395,0.8813626098166358
2013-12-02,0.657,0.755,0.442,0.751,0.9039706519451931,0.8234380084141409,0.852736909551909,0.8787811719984846
2013-12-03,0.948,0.948,0.7,0.869,0.9036226852591713,0.8277772457080322,0.8533746778047753,0.8785874854242571
2013-12-04,0.932,0.988,0.79,0.893,0.9035169868983836,0.8339889365929816,0.8549286120085096,0.8788728817524897
2013-12-05,0.506,0.788,0.506,0.773,0.9022183104118324,0.8281804664412691,0.8517157252630778,0.8767763890445196
2013-12-06,0.918,0.918,0.784,0.869,0.9018877799599734,0.8320680410659101,0.8523935399586434,0.8766224011426479
2013-12-09,0.763,0.983,0.634,0.937,0.9022371552837547,0.8420615609643949,0.8557114403524221,0.8778179971596252
2013-12-10,0.644,0.912,0.644,0.758,0.900801959708792,0.8340556980154049,0.8518796191621311,0.8754453635525039
2013-12-11,0.539,1.025,0.493,0.948,0.9012715919504956,0.8449075362996521,0.8556490458616554,0.8768820890267117
2013-12-12,0.992,0.992,0.676,0.703,0.8992987402892966,0.8313925328425423,0.8496628087690414,0.8734388793430145
2013-12-13,0.777,1.02,0.777,0.852,0.8988281060575622,0.8333551487623002,0.8497544633271182,0.8730143470787963
2013-12-16,0.768,0.837,0.683,0.8,0.8978447418181835,0.8301784679277955,0.8478033079025253,0.8715685184237707
2013-12-17,0.86,1.09,0.845,0.876,0.8976273812030772,0.8345424233632436,0.8489090605337989,0.871656270534191
2013-12-18,1.437,1.484,0.809,0.856,0.8972131784050366,0.8365860020905537,0.849187136591297,0.8713462453750982
2013-12-19,0.579,0.748,0.54,0.747,0.8957185199134442,0.8280540018914533,0.8451797979014422,0.8688839434864823
2013-12-20,0.686,0.798,0.546,0.798,0.8947461963322159,0.8251917159970291,0.8433296097484444,0.8674803010412054
2013-12-23,0.649,0.66,0.556,0.626,0.8920721048264226,0.8062210763782645,0.8348068799543877,0.8626985129017756
2013-12-24,0.841,0.841,0.534,0.599,0.8891559644798911,0.7864857357708107,0.8255595513287255,0.8574767601710473
2013-12-26,0.805,0.809,0.546,0.654,0.8868161041368076,0.7738680466497811,0.8188317257864225,0.853447517395383
2013-12-27,0.629,0.762,0.56,0.727,0.8852258941453965,0.7694044231593258,0.8152304816379353,0.8509436061598309
2013-12-30,0.866,0.866,0.661,0.792,0.8842982733081289,0.7715563828584376,0.8143194823580163,0.8497764060378541
2013-12-31,0.64,0.771,0.628,0.662,0.8820863501906351,0.7611224416338246,0.8083461693243686,0.8460580613638372
2014-01-02,0.654,0.92,0.654,0.821,0.8814785258106288,0.766825066240127,0.8088423979783149,0.8455618621289097
2014-01-03,0.741,0.922,0.621,0.906,0.8817225205786823,0.7800798218363054,0.812652500018381,0.8467586569382383
2014-01-06,0.704,0.758,0.631,0.695,0.8798645850505362,0.7719769816614191,0.8080386764882483,0.8437535350186692
2014-01-07,0.773,0.826,0.685,0.704,0.8781146886818741,0.7655029834079506,0.80395872839067,0.8409861382856263
2014-01-08,0.544,0.759,0.544,0.715,0.8764916569536962,0.7606931754643363,0.8004701508067221,0.8384913632700693
2014-01-09,0.592,0.767,0.532,0.725,0.8749842772825152,0.7572938254201138,0.7975105370495957,0.8362440095419491
2014-01-10,1.055,1.055,0.731,0.765,0.8738899063642812,0.7580277468086744,0.796235614028043,0.834833237075772
2014-01-13,0.773,0.831,0.612,0.724,0.8723984645099102,0.7547870090173721,0.7934028448504726,0.8326385195099151
2014-01-14,0.826,0.865,0.6,0.677,0.8704542011814534,0.747378722444289,0.788838027405356,0.8295565686285307
2014-01-15,0.589,0.839,0.576,0.749,0.8692457016672102,0.7475331298305472,0.7872757518208322,0.8279613890517281
2014-01-16,1.073,1.073,0.762,0.781,0.8683676349839543,0.7507204507990666,0.7870296439062897,0.8270314605556542
2014-01-17,0.745,0.78,0.653,0.76,0.8672893500587409,0.7516042173896317,0.7859696578707489,0.8257041049010868
2014-01-21,0.683,0.767,0.64,0.76,0.8662217943367634,0.7524038157334763,0.7849512399150332,0.8244030335169069
2014-01-22,1.739,1.769,0.8,0.818,0.8657419754876413,0.7586510713779071,0.7862472697222869,0.8242762407739979
2014-01-23,1.024,1.024,0.789,0.879,0.8658738961295553,0.7701128741038207,0.789884631693962,0.8253598795705523
2014-01-24,0.999,1.071,0.872,0.918,0.8663925638297588,0.7841973622844092,0.7949087637843948,0.8271943374008385
2014-01-27,1.257,1.257,0.853,0.872,0.8664483592145373,0.7925595182573226,0.7979319495183401,0.8280815782443862
2014-01-28,0.685,0.838,0.685,0.802,0.8658070820084225,0.7934586117566252,0.7980914809097778,0.8275651113484578
2014-01-29,0.954,1.075,0.881,0.967,0.8668139767148063,0.8099863630178991,0.804715344403512,0.8303261982524487
2014-01-30,0.616,0.866,0.614,0.833,0.866477519235057,0.8121781379685753,0.8058245465837665,0.8303791448217072
2014-01-31,0.879,0.924,0.688,0.855,0.8663633150635639,0.8162564105429967,0.8077529957373443,0.830866686508406
2014-02-03,0.881,0.928,0.746,0.803,0.8657328343166628,0.8149938952531874,0.8075666037476446,0.8303148709339822
2014-02-04,1.867,1.867,0.991,0.996,0.8670290250199796,0.8322325718957411,0.8149561486987174,0.8335957645788538
2014-02-05,1.004,1.091,0.89,0.977,0.8681232635769948,0.8460199460009086,0.8213108095340618,0.8364354524089754
2014-02-06,0.737,0.919,0.468,0.919,0.8686294997603082,0.8529704273341554,0.8251417581797849,0.8380703939454314
2014-02-07,0.875,0.998,0.708,0.821,0.8681555743895589,0.8499256247309025,0.8249793362903816,0.8377323663425515
2014-02-10,0.795,0.949,0.779,0.942,0.8688903447936429,0.858694612851769,0.8295683819260529,0.8397970719595307
2014-02-11,0.561,1.046,0.549,0.835,0.8685531274325121,0.8564379830563624,0.8297813865564038,0.8397020804355796
2014-02-12,0.819,0.951,0.757,0.851,0.868378469448109,0.8559200799081375,0.8306134890443879,0.839925801615073
2014-02-13,1.004,1.045,0.766,0.798,0.8676781861700184,0.8504038818216482,0.829334528689706,0.8390955877217052
2014-02-14,0.685,0.845,0.623,0.83,0.8673032788449435,0.8484606549814911,0.8293606256038352,0.8389154770737507
2014-02-18,0.929,0.96,0.707,0.765,0.8662853357718595,0.8405120211737301,0.826836679501724,0.8374518042604091
2014-02-19,1.942,1.942,0.866,0.902,0.8666407055651744,0.8463680191571844,0.8297842606977348,0.8387299863542624
2014-02-20,0.931,1.051,0.818,0.867,0.8666442806341776,0.848332969713643,0.8312437014546864,0.8392897886046731
2014-02-21,0.523,0.735,0.522,0.735,0.865334387294534,0.837539353550439,0.8274694386525419,0.8372246442758676
2014-02-24,0.937,1.097,0.762,0.783,0.8645151396597626,0.8323451294027782,0.8257255390975402,0.8361508889436722
2014-02-25,0.885,0.962,0.741,0.83,0.8641717054342923,0.8321217837453707,0.8258931650152838,0.8360290891626093
2014-02-26,1.79,1.79,0.802,0.854,0.8640704944349461,0.8342054233886688,0.8269953938382139,0.8363849487831517
2014-02-27,1.429,1.442,0.878,0.889,0.8643185492166879,0.8394239544945098,0.829426947021029,0.8374268309854656
2014-02-28,0.896,0.963,0.705,0.823,0.8639074193737358,0.8378597683521756,0.8291749098829495,0.8371411511639711
2014-03-03,0.794,0.94,0.794,0.899,0.8642565992804648,0.8436826475567303,0.8319131487110691,0.8383660788636945
2014-03-04,0.751,0.892,0.734,0.805,0.8636669813771767,0.8399985858846607,0.8308577311145566,0.83770536443075
2014-03-05,0.78,0.824,0.7,0.774,0.8627747726072545,0.8337130062765977,0.8286280161688877,0.8364438720657847
2014-03-06,0.667,0.906,0.653,0.827,0.8624188047206152,0.8330736723454931,0.8285641723975588,0.8362568646981454
2014-03-07,0.785,0.949,0.781,0.824,0.8620365280567285,0.8322095130744938,0.8283851852447133,0.836014154506103
2014-03-10,0.979,1.112,0.833,0.833,0.8617476073795471,0.8322847975435896,0.8285661583723716,0.8359544682782594
2014-03-11,0.907,0.907,0.675,0.814,0.8612725068086063,0.830543388253724,0.8279949364754158,0.8355197263321552
2014-03-12,1.142,1.178,0.882,0.956,0.8622150689299137,0.8424916369914646,0.8330147428881446,0.8379054743255778
2014-03-13,0.729,1.051,0.693,1.039,0.8639741229704121,0.8612067191827536,0.8410925961082173,0.8418875441409129
2014-03-14,0.725,0.926,0.648,0.79,0.8632380620453334,0.8544251268796342,0.8390889648882872,0.8408600680193107
2014-03-17,0.782,0.871,0.73,0.842,0.8630267380448823,0.8532417814625262,0.8392031231279622,0.8408826409298193
2014-03-18,1.622,1.622,0.715,0.745,0.8618523426414506,0.842933040370857,0.835508883005297,0.8389839747727932
2014-03-19,0.959,0.962,0.636,0.824,0.8614757024161626,0.8411298936688707,0.8350575542599913,0.8386872624010547
2014-03-20,0.886,1.003,0.75,0.764,0.8605057949294346,0.8337841895099306,0.8322709835046975,0.8372083067099447
2014-03-21,1.111,1.111,0.794,0.92,0.8610977770694402,0.8419952190804134,0.8357113370927486,0.838847746181035
2014-03-24,1.075,1.075,0.96,1.002,0.8624997892379035,0.8572337696441835,0.8422324611283271,0.8420784838804204
2014-03-25,0.619,0.758,0.619,0.758,0.8614599903400139,0.8477829344399755,0.8389292273585888,0.8404135634075408
2014-03-26,0.842,1.033,0.744,1.018,0.8630176023764317,0.8639940835409302,0.8459516105994285,0.8439301265083816
2014-03-27,1.345,1.406,0.833,0.841,0.8627985217557707,0.8618041708227464,0.8457574297916077,0.843872104201285
2014-03-28,0.729,0.989,0.729,0.959,0.8637557503950167,0.8710609164586753,0.8501983148978192,0.8461518645141308
2014-03-31,1.205,1.312,0.907,0.964,0.8647532056149668,0.8799122577483253,0.8546611260782968,0.8484854909593955
2014-04-01,0.671,1.038,0.614,0.993,0.8660292931212855,0.8906825189151514,0.8600861799575793,0.8513471644057441
2014-04-02,0.952,0.952,0.612,0.662,0.8639991509011732,0.8689032313994227,0.8523180944690468,0.8475977156056304
2014-04-03,0.739,0.925,0.739,0.878,0.8641384628325048,0.8697695903137634,0.8533252280192802,0.8481997410391823
2014-04-04,0.91,1.034,0.807,0.946,0.8649530054908878,0.8770296293315003,0.8569595328028379,0.8501363798304856
2014-04-07,0.952,1.08,0.92,0.972,0.8660181497148591,0.886074426538024,0.8614709236733148,0.8525495208239413
2014-04-08,0.755,0.956,0.755,0.917,0.8665254318072486,0.8890197192486884,0.8636485345096554,0.8538257679363385
2014-04-09,0.576,1.009,0.453,0.612,0.8639928404459825,0.8626368888440514,0.8537799645288846,0.8490371388682921
2014-04-10,0.661,1.032,0.617,1.032,0.8656645534763707,0.8787667089541418,0.8607689855277518,0.8526601658213953
2014-04-11,1.733,1.733,1.147,1.147,0.8684639111532227,0.904312736672795,0.8719937311933302,0.8584886773892885
2014-04-14,0.768,1.064,0.427,0.751,0.8672951160173697,0.8897115236563383,0.8672488789896702,0.8563601887281145
2014-04-15,0.791,1.033,0.77,0.931,0.867928995459983,0.8936437594985919,0.8697489229508596,0.8578382047929043
2014-04-16,1.462,1.462,0.89,0.908,0.8683277119230678,0.8950110204987259,0.8712489651880808,0.8588315076682923
2014-04-17,1.01,1.3,0.806,0.85,0.868145346630301,0.8907242566417044,0.870415672435607,0.8586566263283261
2014-04-21,0.665,0.784,0.642,0.762,0.8670891740270144,0.8784648036282088,0.8661640774381323,0.8567426337277652
2014-04-22,0.827,0.925,0.663,0.736,0.8657848041361983,0.8648967270921889,0.8610596038131075,0.8543516904856312
2014-04-23,0.816,1.032,0.778,1.01,0.86721978120947,0.8787160864167424,0.8669004036635739,0.85743383522849
2014-04-24,0.849,0.897,0.729,0.794,0.8664912261725598,0.8706478877103859,0.8640415643042181,0.856177719679411
2014-04-25,1.073,1.298,1.053,1.171,0.869521164220594,0.8992528507855873,0.8760791500177781,0.8624118242402148
2014-04-28,0.859,0.924,0.807,0.904,0.8698642372134239,0.8997049602345789,0.8771740853111986,0.8632353524730818
2014-04-29,0.874,0.96,0.813,0.898,0.8701441950520963,0.899542583069381,0.8779907878480143,0.8639237613350009
2014-04-30,0.88,0.896,0.686,0.768,0.8691278349023241,0.8870147180151542,0.8736774236186804,0.8620242809125257
2014-05-01,0.978,1.078,0.69,0.822,0.868658901221704,0.8808228401089491,0.8716508579865753,0.8612317208944559
2014-05-02,1.016,1.09,0.886,0.954,0.8695080663836771,0.8877920934319063,0.8748802361047487,0.8630687165203083
2014-05-05,1.144,1.144,0.853,0.875,0.8695627124893122,0.8865737988193438,0.874884932728092,0.86330497955951
2014-05-06,0.667,0.96,0.667,0.894,0.8698058695789708,0.8872810560746445,0.8756345432093433,0.8639128017464505
2014-05-07,0.915,1.08,0.794,0.866,0.8697680002299263,0.8852542888294402,0.8752567179854475,0.8639541324049366
2014-05-08,1.031,1.158,0.802,0.942,0.8704867265957976,0.8906586422742554,0.8778741015938613,0.8654995951295913
2014-05-09,0.961,1.043,0.853,0.94,0.8711784009580285,0.8953578192005168,0.8803104113352784,0.8669748506715795
2014-05-12,0.991,1.075,0.62,0.645,0.8689278696052123,0.8715142173718962,0.8710825520672283,0.8625793090741225
2014-05-13,0.738,0.9,0.737,0.882,0.8690579405544142,0.8725128633364775,0.8715106872802781,0.8629638772112685
2014-05-14,0.941,1.092,0.834,1.083,0.8711867172653156,0.892559257304432,0.8798043858183064,0.86732102815758
2014-05-15,1.364,1.41,0.974,1.011,0.8725778942079493,0.9038393280373432,0.8849493118646473,0.8701661563128755
2014-05-16,0.755,1.013,0.701,0.879,0.872641795758119,0.9014736777480724,0.8847160055170141,0.8703410839106404
2014-05-19,0.666,0.86,0.622,0.818,0.8720980962978392,0.8935238036768274,0.8820996915751704,0.869304626803499
2014-05-20,0.689,0.948,0.665,0.926,0.8726344336481094,0.8966167747552247,0.8838212722977128,0.8704273074608554
2014-05-21,1.986,2.03,0.845,0.878,0.8726878223680288,0.8948437485880605,0.8835929871095672,0.8705772617685612
2014-05-22,0.857,0.935,0.699,0.869,0.8726511276180982,0.8923824391987214,0.8830207131052705,0.8705460288622531
2014-05-23,0.904,0.912,0.624,0.759,0.8715202706268733,0.8796793497512241,0.8781571557285932,0.868337196607555
2014-05-27,0.702,0.774,0.672,0.738,0.8701917107201382,0.8661860783463456,0.8726607966804131,0.8657562620212669
2014-05-28,0.987,1.028,0.843,0.902,0.8705082111109826,0.8695969280276461,0.8738113536733381,0.866473959803024
2014-05-29,0.657,0.736,0.556,0.723,0.8690404677168435,0.8556353158345369,0.8678971829410503,0.863632891292073
2014-05-30,0.496,0.931,0.496,0.888,0.8692291197793625,0.8587176667074381,0.8686855287080679,0.8641154082961904
2014-06-02,0.753,1.14,0.583,0.73,0.8678437554034484,0.8464588413067297,0.8632468805234378,0.8614596576368598
2014-06-03,0.871,0.974,0.655,0.952,0.8686811309715733,0.8565103802298982,0.8667273950127148,0.8632525357034566
2014-06-04,1.06,1.102,0.63,0.751,0.867510174444493,0.8464617725889555,0.8621890657965299,0.8610297132142792
2014-06-05,0.796,0.888,0.702,0.747,0.8663110682311149,0.8369892228185788,0.8576718475299993,0.8587716990912242
2014-06-06,0.784,1.057,0.784,0.918,0.8668253859601586,0.8447045349310951,0.8600376574307836,0.8599445367329821
2014-06-09,0.53,0.852,0.53,0.832,0.8664788647068237,0.8434945792233718,0.8589381414531059,0.8593911795699527
2014-06-10,0.793,0.821,0.641,0.701,0.8648323088390941,0.829923666916384,0.8527444888471017,0.8562547205685676
2014-06-11,0.761,0.925,0.676,0.736,0.8635503953183071,0.8209785557814903,0.8481662735981957,0.8538734389731504
2014-06-12,0.583,0.835,0.583,0.801,0.8629280033250901,0.8190758361832531,0.8463166158100313,0.8528264401816028
2014-06-13,0.86,0.86,0.658,0.765,0.8619535953318056,0.8139257565467528,0.8431277289155202,0.8510873027522642
2014-06-16,0.629,0.714,0.595,0.712,0.8604615197563648,0.8042185416375383,0.8379854650364802,0.8483330987373678
2014-06-17,0.842,0.926,0.631,0.816,0.8600191165747094,0.8053405852911061,0.8371232899370104,0.8476928393564299
2014-06-18,1.768,1.768,0.698,0.767,0.8590935532257074,0.8016891009776674,0.8343733569983041,0.8460949613493719
2014-06-19,0.631,0.736,0.491,0.679,0.8573015775717202,0.79000442469408,0.8282802841748411,0.8427861502335428
2014-06-20,0.467,0.922,0.467,0.864,0.8573682285411558,0.7970516223422629,0.8296810573444552,0.8432062264665419
2014-06-23,0.861,1.007,0.752,0.819,0.8569864551228359,0.7991419440239521,0.829262192350555,0.8427268952493826
2014-06-24,0.678,0.855,0.576,0.849,0.8569069879076833,0.8038903303073852,0.8300362240230822,0.8428511151454344
2014-06-25,0.978,0.978,0.775,0.866,0.8569974656399452,0.8098055369447771,0.8314465681790397,0.8433095089049307
2014-06-26,1.128,1.128,0.807,0.927,0.8576940082703934,0.8209669143786078,0.8351937615837832,0.8449667463523578
2014-06-27,1.177,1.177,0.781,0.841,0.8575278987353646,0.8228748272949309,0.8354214572079486,0.8448881969196378
2014-06-30,0.716,0.87,0.648,0.852,0.8574728947678485,0.8256486532668422,0.8360715961409702,0.8450290247034073
2014-07-01,0.874,1.085,0.812,0.915,0.8580453037751335,0.8341583053366668,0.8391668276648537,0.8464145885706666
2014-07-02,0.864,0.929,0.75,0.883,0.8582936092102068,0.8388098953046033,0.8408857755995653,0.8471390521633267
2014-07-03,0.893,1.1,0.871,1.022,0.859922528521548,0.8562565719422601,0.847988294203504,0.8506016451897955
2014-07-07,1.197,1.201,0.901,1.004,0.8613561352029256,0.8703273746144258,0.8541064003131705,0.8536392363741561
2014-07-08,1.283,1.321,0.866,0.896,0.8617008502755333,0.872772386555909,0.8557492865753992,0.854478063376648
2014-07-09,0.816,0.928,0.725,0.839,0.8614749711683141,0.8695559687886796,0.8550924518077364,0.8541715670721599
2014-07-10,1.167,1.181,1.041,1.063,0.8634801953357936,0.8879792098564244,0.8632456889917467,0.8583067835657805
2014-07-11,0.702,0.897,0.667,0.897,0.8638137257304623,0.8888383327272411,0.8645693874626585,0.8590729858714086
2014-07-14,0.801,1.045,0.793,0.881,0.8639847334346369,0.8880918248484563,0.8652137252092209,0.8595071841709846
2014-07-15,0.835,0.954,0.79,0.814,0.863487372902949,0.8810354605771747,0.8632053438284671,0.8586060518111631
2014-07-16,1.447,1.447,0.806,0.806,0.8629153592422231,0.8738892262364915,0.8609619970116645,0.8575643478149024
2014-07-17,0.92,1,0.732,0.999,0.8642694352696636,0.8858045380234922,0.866375252030815,0.8603650537987657
2014-07-18,1.348,1.496,0.902,0.947,0.865092624968473,0.8916326772593501,0.869537006853136,0.8620805972878991
2014-07-21,0.933,1.3,0.874,0.9,0.8654399620334633,0.8924295651394121,0.8707316340353659,0.8628314765495249
2014-07-22,0.715,0.921,0.715,0.92,0.8659828479833791,0.8950553208404205,0.8726637268182927,0.8639635265188412
2014-07-23,0.647,0.77,0.64,0.765,0.8649780435258331,0.8826690998079995,0.8684416198842421,0.8620038527263889
2014-07-24,0.697,0.983,0.655,0.909,0.8654160729434864,0.88517680458819,0.8700321445946639,0.8629344695040841
2014-07-25,0.795,0.959,0.792,0.954,0.8662975050535014,0.89173139462741,0.873325001669383,0.8647377473356864
2014-07-28,1.063,1.224,0.814,0.913,0.8667622064957552,0.8937569760914662,0.8748808839568581,0.865693435507257
2014-07-29,0.742,0.879,0.7,0.857,0.8666650701127129,0.8902563117018027,0.874179672821295,0.8655212882694895
2014-07-30,0.61,1.077,0.61,0.963,0.8676236266290043,0.8971842820159168,0.8776628229067345,0.8674515597889055
2014-07-31,0.994,1.005,0.667,0.99,0.8688413019859296,0.9060238742048772,0.882068202400588,0.8698782615752638
2014-08-01,1.042,1.256,0.933,1.249,0.8726239755980099,0.938688267137746,0.8964576846593885,0.8773856227321893
2014-08-04,0.852,1.505,0.802,1.163,0.8755132892736516,0.9600512893151035,0.9069103244766673,0.8830413529751163
2014-08-05,0.856,1.432,0.856,1.181,0.8785529580370979,0.981094023666046,0.9176589392030725,0.8889415242033318
2014-08-06,0.849,1.237,0.797,1.135,0.8811046698974253,0.9957517356978511,0.926182118057854,0.8938139692686123
2014-08-07,0.991,1.139,0.913,1.001,0.882297658256655,0.9962515703932939,0.9291161526438205,0.8959364649266596
2014-08-08,1.091,1.263,1.024,1.089,0.8843543979754942,1.0050847541653611,0.935386107442102,0.8997595052251416
2014-08-11,0.563,0.78,0.563,0.74,0.8829180358065838,0.9798385871019935,0.9277239071502549,0.8965959506662279
2014-08-12,0.666,1.141,0.666,1.086,0.8849387518682098,0.9899491978541846,0.9339308127522057,0.90034652590056
2014-08-13,1.115,1.246,0.816,0.942,0.8855065254814615,0.9853826075823574,0.9342472514678054,0.9011713471698558
2014-08-14,0.942,1.033,0.845,0.929,0.8859392963721932,0.9800128354316567,0.9340414769004405,0.9017224096021359
2014-08-15,0.946,1.015,0.742,1.015,0.8872234824779425,0.9833449463429275,0.9372163209435604,0.9039655302040738
2014-08-18,0.709,0.937,0.709,0.879,0.8871416567816446,0.9734073324055058,0.9349333279653816,0.9034711632693396
2014-08-19,0.952,1.12,0.799,0.906,0.8873293019877974,0.9669875864621243,0.9337986876530138,0.9035212392442042
2014-08-20,1.148,1.148,0.831,0.866,0.8871170701272223,0.9573697210847791,0.9311399155881896,0.9027782444076854
2014-08-21,0.743,0.854,0.67,0.727,0.8855238654493395,0.9354297476481335,0.9231344287023783,0.8992974870926818
2014-08-22,0.851,1.123,0.823,0.935,0.8860161652956147,0.9353888193006922,0.9235997452238537,0.900004467546292
2014-08-25,0.83,0.913,0.76,0.899,0.8861453576807329,0.931923217462531,0.9226350493327222,0.8999845770998308
2014-08-26,0.638,0.804,0.587,0.804,0.885327990937641,0.919740053894671,0.9179826944569291,0.8980838924047847
2014-08-27,1.406,1.848,0.882,0.883,0.8853048268487093,0.9162410011427975,0.9166108240860692,0.8977852014660761
2014-08-28,1.296,1.632,1.053,1.304,0.8894709479745927,0.9531704296053882,0.9318025564748508,0.9058290588627874
2014-08-29,0.911,1.147,0.879,0.965,0.8902224808305669,0.9542970553572561,0.9331044170052488,0.9070007606674847
2014-09-02,0.893,0.918,0.729,0.823,0.8895536004242925,0.9417925738946602,0.9287865967305332,0.9053373792681285
2014-09-03,0.725,1.066,0.717,0.992,0.8905729675842499,0.9465742335237401,0.9312655537214927,0.9070534707677695
2014-09-04,0.679,0.977,0.516,0.974,0.8914030873097797,0.949186211283384,0.9329414143598656,0.9083791446139523
2014-09-05,1.166,1.166,0.9,1.023,0.8927125093265978,0.9562160959230617,0.9364731236006552,0.9106488645225869
2014-09-08,0.755,0.904,0.74,0.875,0.8925362654527014,0.9484812296446749,0.9340624128712177,0.9099429464132287
2014-09-09,0.883,0.904,0.756,0.889,0.892501078731779,0.9428163506308963,0.9322952594252876,0.9095282346030658
2014-09-10,0.673,1.016,0.673,0.947,0.8930433565553434,0.9432147934279538,0.9328719159184136,0.9102702497594407
2014-09-11,0.894,1.015,0.772,1.015,0.8942568554950913,0.9500514797681486,0.9360926250980837,0.9123441061998478
2014-09-12,0.761,0.889,0.61,0.889,0.8942045484752396,0.9442370531235631,0.9342458554863942,0.911881846671138
2014-09-15,0.752,0.876,0.702,0.865,0.8939139559530979,0.9366906671117952,0.9315303317418296,0.9109534932717096
2014-09-16,0.644,0.894,0.568,0.893,0.8939048618640123,0.9325296511963861,0.9300193383401892,0.9105979785534579
2014-09-17,1.368,1.368,0.956,0.963,0.8945923756763107,0.9354315891776827,0.9313126976209661,0.9116356423444786
2014-09-18,0.809,1.113,0.808,0.916,0.8948053868636111,0.9335809616369509,0.9307121996750459,0.9117220652683503
2014-09-19,0.533,0.857,0.533,0.857,0.8944292138599931,0.9262875367191461,0.9278215251779853,0.9106384600155117
2014-09-22,1.006,1.128,0.97,1.05,0.8959771818812867,0.9380696760792274,0.9326128379161035,0.9133980944706501
2014-09-23,1.148,1.232,0.96,1.011,0.8971216875342093,0.9450154212145391,0.9356868442723347,0.9153308054712314
2014-09-24,0.962,1.002,0.664,0.879,0.8969413722353614,0.9387282382417258,0.9334638307714589,0.9146113835807119
2014-09-25,1.08,1.155,0.997,1.154,0.8994991695265518,0.9592303107901329,0.9421123079961076,0.9193517522226781
2014-09-26,1.34,1.367,0.764,1.128,0.9017728096307652,0.975303614524406,0.9494020214080249,0.9234834006935161
2014-09-29,0.782,1.167,0.708,1.099,0.9037352692364292,0.9870842226649387,0.9552686088037886,0.9269589769174068
2014-09-30,0.986,1.218,0.928,1.13,0.9059866595922856,1.0006952490778016,0.9621208202232479,0.930979591235874
2014-10-01,1.137,1.486,1.126,1.294,0.9098474888500738,1.0286290348799156,0.9751356900184146,0.9381681141816983
2014-10-02,0.824,1.061,0.799,1.015,0.9108937824933566,1.0273310315580189,0.9766989962922022,0.9396895376632488
2014-10-03,1.313,1.313,0.902,0.923,0.9110142423690446,1.0173947428382075,0.9745931533003512,0.9393590517689271
2014-10-06,0.746,1.061,0.733,0.985,0.9117504190618899,1.0143095292345687,0.9750012649356316,0.9402628329220176
2014-10-07,0.875,1.001,0.736,0.992,0.9125489223548064,1.0121848121646098,0.9756678819969793,0.9412873312799974
2014-10-08,1.134,1.134,0.905,0.995,0.9133693310875944,1.010548163387028,0.9764260042716075,0.9423509484823737
2014-10-09,1.011,1.193,0.85,0.974,0.9139726213255288,1.0070673859215966,0.9763308668491916,0.9429776623738118
2014-10-10,1.325,1.548,1.197,1.198,0.9167987643969165,1.025251444405254,0.9850237740315763,0.9480276096535383
2014-10-13,1.212,2.017,1.212,1.523,0.9228306174874945,1.0726560687476108,1.0061208809322988,0.959413201541587
2014-10-14,1.285,1.285,0.96,1.048,0.9240760839801563,1.0703078717240289,1.0077631993271106,0.9611673955704665
2014-10-15,1.323,1.352,1.153,1.308,0.9278962224480154,1.0929452172741214,1.019537191510361,0.9680353679354078
2014-10-16,0.953,1.037,0.785,1.008,0.9286932749609704,1.084855196581348,1.0190847526276017,0.968826746788172
2014-10-17,1.076,1.275,1.037,1.235,0.9317411030708115,1.0991547016688388,1.0275520172304409,0.9740975042775152
2014-10-20,0.941,1.043,0.745,0.882,0.9312461667218482,1.0784733015099017,1.0218440949861098,0.9722737913215248
2014-10-21,0.941,1.043,0.697,1.023,0.9321591401873025,1.0731901299375302,1.0218894245944976,0.9732782707012966
2014-10-22,0.941,1.145,0.697,1.139,0.934217258195389,1.0794577366101463,1.026481996179027,0.9765598891032511
2014-10-23,0.993,1.014,0.76,0.825,0.9331305193078727,1.055223666456799,1.0185807414269084,0.9735587031804145
2014-10-24,0.912,1.064,0.823,0.897,0.932771011653068,1.0401547458418658,1.0138128692140884,0.9720426892560499
2014-10-27,1.394,1.478,0.902,0.938,0.9328230413878633,1.0304257224283548,1.0108398155194183,0.9713685765975142
2014-10-28,1.394,1.478,0.723,0.996,0.9334516678417154,1.027147082197083,1.0102578619696372,0.9718563275559793
2014-10-29,1.394,1.478,0.723,1.032,0.9344322482612009,1.0276092648449797,1.011110494833573,0.9730472913667519
2014-10-30,0.947,1.116,0.89,0.991,0.934995111462582,1.0241226681930768,1.0103218479773544,0.9734027905476084
2014-10-31,0.835,0.86,0.671,0.771,0.9333633193087254,1.0000157474127838,1.0009366774684385,0.9693948144971607
2014-11-03,0.835,0.958,0.671,0.837,0.9324044803106286,0.9844904381353757,0.9945077881559508,0.9667731350021674
2014-11-04,0.835,0.958,0.671,0.886,0.9319427441881348,0.9751103964081971,0.9902525807772861,0.9651736669823225
2014-11-05,0.835,0.958,0.671,0.889,0.9315154532011882,0.9669094062740831,0.9862818913350395,0.963665277537128
2014-11-06,0.925,1.08,0.811,0.906,0.9312615680947087,0.9611085104384561,0.9831335818709204,0.9625233908532246
2014-11-07,0.929,1.56,0.811,0.97,0.9316470251285922,0.961955318968127,0.9826185394446098,0.9626714425194973
2014-11-10,0.851,1.081,0.851,1.05,0.9328246666696013,0.9703405266854482,0.9852609496624682,0.9644007208854479
2014-11-11,0.747,1.038,0.71,0.989,0.9333836252102022,0.9721176193820722,0.9854075790874695,0.9648878353233599
2014-11-12,0.693,0.828,0.64,0.808,0.9321360269494042,0.9564873699171129,0.9784504191232549,0.9617811455149765
2014-11-13,0.693,1.037,0.64,0.95,0.932313777925032,0.9558695251631022,0.977334716412539,0.961547855504779
2014-11-14,0.894,1.122,0.869,0.924,0.932231053766574,0.9528343322904258,0.9752431589061649,0.9608043336135952
2014-11-17,0.753,0.919,0.733,0.846,0.9313730333310857,0.9426596339770519,0.9701747997333741,0.9585309804727319
2014-11-18,0.84,1.131,0.739,0.881,0.930871809118836,0.9367872878839993,0.9666777487634378,0.9569957135326778
2014-11-19,0.84,1.233,0.739,0.932,0.9308830348987481,0.9363313557045708,0.9653178370472246,0.9565007489082683
2014-11-20,0.889,0.969,0.807,0.965,0.9312225071883128,0.939061702780326,0.9653053728492943,0.9566690509100848
2014-11-21,0.889,0.969,0.583,0.822,0.9301357160720112,0.9279129691821997,0.9596855543061847,0.9540023370306772
2014-11-24,0.889,0.969,0.583,0.788,0.9287214303399514,0.9145879244981807,0.952952787470648,0.9507151620399706
2014-11-25,0.704,1.162,0.694,0.981,0.9292416151126882,0.9209128840697826,0.9540526781580736,0.9513148618015553
2014-11-26,0.748,0.897,0.661,0.844,0.9283934398379351,0.9135878474917081,0.949736886857757,0.9491898150332077
2014-11-28,1.055,1.169,1.01,1.088,0.9299815648146721,0.9301985286829739,0.9551589697260803,0.9519385315672035
2014-12-01,1.055,1.169,0.91,0.989,0.9305688129259689,0.935798668808405,0.9564860689525085,0.9526724220312193
2014-12-02,0.951,1.51,0.928,1.134,0.9325930038421284,0.9546749860647474,0.9634473995818219,0.9562630671395119
2014-12-03,0.951,1.51,0.677,0.775,0.9310249142516595,0.9375630826300095,0.956057305480574,0.952673699473383
2014-12-04,0.732,1.233,0.732,1.058,0.9322883479406977,0.9490332652366753,0.960055058206826,0.9547593687907417
2014-12-05,0.732,1.233,0.72,1.037,0.9333302549263625,0.9574110494998491,0.9630725069045976,0.9563878961414202
2014-12-08,0.732,1.233,0.72,1.052,0.9345110484096822,0.966419520976054,0.9665598595750055,0.9582812051287187
2014-12-09,0.732,1.233,0.72,1.056,0.9357198936991381,0.9749509951688108,0.9700673160622602,0.9602162307697342
2014-12-10,1.352,1.393,0.818,0.961,0.9359714370454153,0.9736223289622574,0.9697117350402107,0.9602317509525117
2014-12-11,1.352,1.393,0.818,0.997,0.936578686428048,0.9758487738229948,0.9707818630778495,0.960959835092066
2014-12-12,0.974,1.217,0.827,1.127,0.9384734258665749,0.9902441286969953,0.9769080645257769,0.9642477591496488
2014-12-15,0.974,1.217,0.793,1.052,0.9396030435196439,0.9961256402496624,0.9798528463090798,0.9659854272852993
2014-12-16,0.974,1.217,0.793,0.979,0.9399950530368614,0.9944946268925517,0.9798194013557825,0.9662431415964815
2014-12-17,2.31,2.31,1.235,1.235,0.9429304256434597,1.0173999005218326,0.9898264836555557,0.97156505958467
2014-12-18,0.649,0.87,0.636,0.779,0.9412992771295945,0.9946951480911819,0.9815587784141614,0.9677518900879438
2014-12-19,0.649,1.026,0.636,0.967,0.9415550057153697,0.9920575149396408,0.9809878459273316,0.9677370011753113
2014-12-22,0.842,0.872,0.691,0.752,0.9396688862555153,0.9691948944691988,0.9720079304007695,0.9634649813500575
2014-12-23,0.651,0.855,0.65,0.855,0.9388264097753609,0.958319190234037,0.9674193841105433,0.9613171599371851
2014-12-24,0.666,1.01,0.666,0.889,0.9383306246034667,0.9517173625927001,0.964344114145424,0.9598851369681319
2014-12-26,0.753,0.85,0.679,0.726,0.9362178820700989,0.9302204709172048,0.9549972861397211,0.9552537481172778
2014-12-29,0.825,0.862,0.68,0.858,0.9354395946863169,0.923342330829852,0.9511934709969869,0.9533279313228763
2014-12-30,0.694,1.023,0.652,0.996,0.9360421857839655,0.9302621088460565,0.9529505897814188,0.9541729227818292
2014-12-31,1.1,1.125,0.884,0.946,0.9361412685124832,0.9317609556226226,0.9526780176331279,0.9540110827267435
2015-01-02,1.148,1.255,1.004,1.216,0.9389259325073839,0.9588313408014204,0.9630043698828091,0.9591989820786891
2015-01-05,0.887,1.228,0.883,1.228,0.9418022913879074,0.9844664512012852,0.9733963553776009,0.9645217745127745
2015-01-06,0.864,1.235,0.864,1.115,0.9435256516726048,0.9968982177535437,0.9789494394804401,0.9675015413541057
2015-01-07,1.146,1.164,0.81,0.968,0.9437691775266087,0.9941460065389205,0.9785200496968934,0.9675114118223412
2015-01-08,1.146,1.164,0.688,0.856,0.9428958523770902,0.9809892440114043,0.9737153418656427,0.965303265053582
2015-01-09,0.795,0.992,0.782,0.992,0.9433844508609002,0.9820378874388896,0.9744323872826763,0.9658319132703428
2015-01-12,0.795,1.147,0.782,1.058,0.9445249040861649,0.9892723743494716,0.9777095485657087,0.9676570238986528
2015-01-13,0.851,0.922,0.759,0.896,0.9440420692196358,0.9803892910780934,0.974505252543524,0.9662380729303627
2015-01-14,1.012,1.29,0.981,1.162,0.9462108048492912,0.9976855490706559,0.9818579877378957,0.9701145467337219
2015-01-15,0.922,1.115,0.838,1.048,0.947223632661736,1.0024774015401172,0.9844517921403312,0.9716568329370145
2015-01-16,0.922,1.115,0.838,0.955,0.9473010094511715,0.9979557442505822,0.9832968198995339,0.9713269946610341
2015-01-20,0.581,0.806,0.581,0.806,0.9458950292576275,0.9796742447981458,0.9763440034328855,0.9680531927865582
2015-01-21,1.714,1.717,1.013,1.071,0.9471398548371536,0.9883719357697509,0.9800560032982626,0.9700917434244481
2015-01-22,1.006,1.153,0.905,0.981,0.9474767717044456,0.9876698466488223,0.9800930227767621,0.9703077485051521
2015-01-23,1.018,1.534,1.018,1.279,0.9507755102944511,1.0154155755394105,0.9918148650208106,0.9764204663565352
2015-01-26,1.231,1.27,0.887,0.903,0.950300132082566,1.0047093302499428,0.9883319291376416,0.9749665957356137
2015-01-27,1.231,1.499,0.887,1.082,0.9516105785295057,1.012070346416615,0.9920051868185183,0.9770860690873837
2015-01-28,0.787,0.977,0.772,0.971,0.9518035080963763,1.0081588848531278,0.9911814540021059,0.9769655528678316
2015-01-29,0.787,1.337,0.772,1.159,0.9538651647322333,1.022524705343306,0.9977625734530037,0.9805701953853003
2015-01-30,0.97,1.144,0.914,1.144,0.9557570536403702,1.0340937810248958,1.0034973744940623,0.9838064291400469
2015-02-02,0.948,1.091,0.907,1.053,0.9567246451464362,1.035894373308239,1.0054386539256677,0.9851765988600459
2015-02-03,0.948,1.091,0.889,0.965,0.9568069869857752,1.0291425282312638,1.0038528243599552,0.9847770622489559
2015-02-04,0.948,1.091,0.786,0.951,0.9567492060207425,1.0217003826854292,1.0017801645811333,0.9841082095311547
2015-02-05,0.904,0.962,0.824,0.959,0.9567716019807352,1.0157289176677693,1.0001025110681476,0.9836110172632111
2015-02-06,0.923,1.061,0.845,1.017,0.9573708895232155,1.0158499731279818,1.0007651576929262,0.984272185238197
2015-02-09,1.072,1.168,0.971,1.066,0.9584517761946263,1.0206261661634122,1.0033233868030076,0.9858905578077377
2015-02-10,0.642,0.992,0.642,0.966,0.9585268828991573,1.015423674147849,1.0018597245754386,0.9854966853759013
2015-02-11,0.597,1.082,0.592,0.969,0.9586310930195637,1.0110023718480539,1.0005711079254214,0.9851700183387547
2015-02-12,0.724,0.886,0.716,0.871,0.9577591418452397,0.9976688126244296,0.9954898880067774,0.9829092258964032
2015-02-13,0.739,1.039,0.714,0.969,0.9578709911801129,0.9949384495173411,0.9944510688692567,0.9826337956806328
2015-02-17,1.655,1.777,0.923,0.955,0.9578424241036938,0.9911347876585467,0.9929039681292858,0.9820865918057687
2015-02-18,1.403,1.407,0.895,0.956,0.9578240915255476,0.9877886174053517,0.9914567536928433,0.9815700256313971
2015-02-19,0.661,0.943,0.654,0.89,0.9571492249432039,0.9784754157476991,0.9874780574695945,0.979756757797112
2015-02-20,0.987,0.987,0.726,0.799,0.9555756008144157,0.9613825190098231,0.9800867610982379,0.9761774160585553
2015-02-23,0.798,1.004,0.774,0.871,0.9547340525476056,0.9527746600565066,0.975808848898307,0.974094694948485
2015-02-24,0.756,1.197,0.68,1.005,0.9552342112287239,0.9577485019558869,0.9769535999219028,0.9747066811871289
2015-02-25,0.756,1.197,0.68,1.006,0.9557393434553038,0.9623438827219929,0.9780926744347693,0.9753263508665917
2015-02-26,0.856,1.138,0.856,1.023,0.95640860371943,0.9681206557960887,0.9798537460255626,0.9762703835226988
2015-02-27,0.924,1.1,0.915,1.019,0.9570314036824208,0.9729663076250327,0.9813888932402465,0.9771165145420513
2015-03-02,0.99,1.122,0.857,1.018,0.9576380563820982,0.9772552307083628,0.9828246229170996,0.9779260885115156
2015-03-03,0.763,0.985,0.607,0.985,0.9579103145275499,0.9779928277837568,0.9829099318223113,0.9780661659667331
2015-03-04,0.996,0.996,0.848,0.914,0.957473395975037,0.9718982727567324,0.9802075815547697,0.9767975290168969
2015-03-05,0.926,0.939,0.745,0.935,0.9572497800946884,0.9683841515418055,0.9784347352192886,0.9759698551749781
2015-03-06,0.771,1.295,0.771,1.28,0.9604612250688707,0.9980618513949668,0.9902608240342184,0.9819902540824044
2015-03-09,1.091,1.339,1.045,1.118,0.9620287750681854,1.0094845322144939,0.995270203483857,0.9846835163778023
2015-03-10,1.382,1.432,1.058,1.094,0.9633419215849198,1.017533624384542,0.9991419602099803,0.9868481992218062
2015-03-11,1.382,1.49,1.023,1.107,0.9647713552009902,1.0260542315860142,1.0033716872605694,0.9892274428015725
2015-03-12,1.069,1.14,0.969,1.053,0.9656492521641644,1.028620495244489,1.0053178956032922,0.9904902657163929
2015-03-13,1.101,1.215,1.04,1.204,0.9680209013963618,1.0453233052212043,1.013109350677673,0.9947181812467614
2015-03-16,1.387,1.387,0.958,1.02,0.968538106357592,1.042911561866804,1.013379572219725,0.9952188113210829
2015-03-17,0.895,1.13,0.859,0.952,0.9683735480853771,1.0342533178794893,1.0109725301718926,0.9943629932751209
2015-03-18,2.244,2.244,0.964,0.979,0.9684792839253236,1.0289910971290617,1.0097187054592693,0.9940587755865047
2015-03-19,2.244,2.244,0.813,0.888,0.9676784950305443,1.0155633735929606,1.0049454228922392,0.9919586018125145
2015-03-20,2.244,2.244,0.722,0.807,0.9660797040352155,0.9957001951555358,0.997182857288622,0.9882960552419696
2015-03-23,0.652,0.884,0.652,0.884,0.9652629905622283,0.985062081331199,0.9927443138655387,0.9862307868213366
2015-03-24,1.04,1.226,0.968,1.039,0.9659966921486738,0.9901990259663229,0.9945582623414,0.9872757217357656
2015-03-25,0.717,1.084,0.717,1.083,0.967160904167095,0.9990372139695303,0.9980265657789922,0.9891712519984237
2015-03-26,1.514,1.514,1.017,1.025,0.9677364175584672,1.0015098602581465,0.9990843475131493,0.9898807321568708
2015-03-27,0.921,1.221,0.88,1.078,0.9688335676325123,1.0087946354716564,1.002179078983222,0.9916256681537644
2015-03-30,0.921,1.221,0.704,0.935,0.9684969152182584,1.0017665749505462,0.9995446052976054,0.990504367794284
2015-03-31,0.921,1.221,0.704,1.075,0.9695566474051415,1.008741186860018,1.0025036403839738,0.9921775486300407
2015-04-01,1.179,1.273,0.958,1.137,0.9712227504160356,1.0209563119209686,1.0077780074277396,0.9950453199442973
2015-04-02,0.966,1.172,0.825,1.12,0.9727031210586621,1.0303890441189716,1.0121788698815537,0.9975196700444102
2015-04-06,0.967,1,0.807,0.873,0.9717110502023569,1.0153996113457362,1.0067208749842378,0.9950539340039268
2015-04-07,0.845,1.196,0.845,1.001,0.9720024825386518,1.0140282197889994,1.0064965269456403,0.9951716778850372
2015-04-08,0.658,1.074,0.658,0.953,0.9718134031104065,1.0082160083805232,1.0043986239281641,0.9943365951546405
2015-04-09,0.754,1.056,0.751,1.038,0.9724719762137856,1.0110525790109495,1.0057163249505892,0.9952012170327664
2015-04-10,0.754,1.243,0.747,0.852,0.9712732500823051,0.99590471434324,0.9996882337760562,0.9923655493687512
2015-04-13,0.657,0.92,0.645,0.903,0.9705939142605906,0.9870566463105505,0.9958965383338579,0.990595934529766
2015-04-14,0.854,1.162,0.854,1.095,0.9718317857604852,0.9973369657095457,0.9997829485952753,0.9926633417668004
2015-04-15,1.395,1.395,0.766,0.784,0.9699628127678436,0.9770191594514936,0.9913208721797743,0.9885313944050815
2015-04-16,0.985,1.034,0.818,0.867,0.9689383071681635,0.9665411442656371,0.9864455438589989,0.9861248321396344
2015-04-17,0.836,1.146,0.831,1.123,0.9704712593356445,0.9814419876689098,0.9918006205704106,0.9888352315032061
2015-04-20,0.7,0.853,0.627,0.786,0.9686357244168818,0.9628284650337755,0.983730007999022,0.9848186922655188
2015-04-21,0.855,1.024,0.848,0.905,0.9680025331291516,0.9573209921734159,0.9806425567049427,0.9832381241018451
2015-04-22,0.784,1.027,0.765,0.945,0.9677736522024935,0.9561475643473764,0.9792448093831803,0.9824809335255709
2015-04-23,0.768,1.048,0.743,1.028,0.9683729193447572,0.9629906534571501,0.9811567776426634,0.9833823011785299
2015-04-24,0.785,0.884,0.744,0.762,0.9663194574607298,0.943848686461231,0.9725623942056962,0.9789984932344006
2015-04-27,0.437,0.913,0.437,0.876,0.9654207563914687,0.9373869067982566,0.9687756336486101,0.9769589191109471
2015-04-28,0.666,1.039,0.666,0.908,0.9648494055816034,0.9345881537698513,0.9663922754663117,0.9755933959602353
2015-04-29,0.666,1.039,0.648,0.943,0.9646319985608909,0.9353892819822464,0.9654749313303779,0.9749479821788445
2015-04-30,0.735,1.133,0.735,1.059,0.9655709836498373,0.9471617313172705,0.9691425810821278,0.9766123785713426
2015-05-01,0.898,1.166,0.891,0.967,0.9655852027179981,0.9490510902394352,0.9690585582945934,0.976422034441217
2015-05-04,1.085,1.205,0.873,0.95,0.9654301260740379,0.9491414625975843,0.9683111638516682,0.9758988258384206
2015-05-05,0.726,1.24,0.693,1.24,0.9681621646205649,0.9768422756835287,0.9789656280143478,0.9811285520594419
2015-05-06,1.099,1.32,0.995,1.01,0.968578461490012,0.9800001541898593,0.9801826622098636,0.981700263899849
2015-05-07,0.698,0.971,0.698,0.944,0.9683338996841413,0.9765715680765393,0.978763734280065,0.9809537240206441
2015-05-08,0.699,1.02,0.699,0.856,0.967216149438528,0.9650885615930594,0.9739494701906507,0.9784793928519184
2015-05-11,0.846,0.922,0.402,0.561,0.9631741977028212,0.9266039366794347,0.9577553733204291,0.9702124741815834
2015-05-12,0.897,1.16,0.897,1.063,0.9641674892679672,0.93959403794806,0.9618826135823731,0.9720498509304629
2015-05-13,0.768,0.87,0.724,0.865,0.9631807480812213,0.9324898438577686,0.9580832954026722,0.9699300519021369
2015-05-14,1.126,1.177,0.773,0.793,0.9614874073042937,0.9192050968236953,0.9516094406809988,0.9664264865179362
2015-05-15,1.126,1.177,0.773,0.831,0.960189025142062,0.9108046114119148,0.9468796586935087,0.9637447739136206
2015-05-18,0.83,1.522,0.83,0.972,0.9603065472799519,0.9166327436583991,0.9478647701172926,0.9639082437371133
2015-05-19,1.018,1.151,1,1.027,0.9609701637249275,0.9271439109290277,0.9509681124656341,0.9651575854452892
2015-05-20,1.065,1.065,0.775,0.849,0.9598560327425899,0.9197016336976918,0.9469693629571778,0.9628574352384518
2015-05-21,0.722,0.974,0.709,0.929,0.9595490075411711,0.9205871923931497,0.9462646820568963,0.9621869909763042
2015-05-22,0.858,0.893,0.536,0.884,0.958797276122851,0.9171026978795164,0.943822929819371,0.9606387337292487
2015-05-26,1.091,1.275,1.058,1.137,0.9605704375544645,0.9380452980814672,0.9513985011990035,0.9641310360316399
2015-05-27,1.401,1.432,0.929,1.067,0.961629438175813,0.9503266982641846,0.9559318933088465,0.9661680452191321
2015-05-28,0.865,1.111,0.864,1.056,0.9625684487412278,0.9603908222390242,0.9598561327869309,0.9679468958088523
2015-05-29,0.963,1.128,0.891,1.044,0.9633787129328574,0.9683536010734028,0.9631558922854827,0.9694528978720434
2015-06-01,0.627,0.852,0.618,0.775,0.9615042978787991,0.9499389723997455,0.9557772298429148,0.9656023454389336
2015-06-02,0.733,1.037,0.668,0.982,0.9617082352133384,0.9529924035997697,0.9568055737706437,0.9659270514698458
2015-06-03,0.644,0.843,0.644,0.804,0.9601389990420613,0.9388026508759821,0.9508131983286576,0.9627205752031162
2015-06-04,0.815,1.534,0.815,1.216,0.962684879648608,0.9652023984116029,0.9612126807471416,0.9677360093575099
2015-06-05,0.819,1.033,0.804,1.019,0.9632452291048408,0.9703259795152598,0.9634788501296067,0.9687511378850839
2015-06-08,0.954,1.051,0.887,0.946,0.9630736347853897,0.9680092195614255,0.9627934050264848,0.9683006203032011
2015-06-09,0.795,1.07,0.755,0.931,0.9627544941407589,0.9644845319841469,0.9615466048293677,0.9675619941585832
2015-06-10,0.642,1.024,0.553,0.64,0.9595430066368708,0.9335812432237519,0.9489369340517454,0.9610756180366311
2015-06-11,0.641,0.937,0.622,0.917,0.9591196931379964,0.9320020772024422,0.9476845052654025,0.9602028335210543
2015-06-12,0.94,1.095,0.94,1.032,0.9598448703207029,0.9415256888974477,0.9509909952549945,0.9616245595899443
2015-06-15,0.774,1,0.774,0.957,0.9598165631533327,0.9429994328119765,0.9512266424998967,0.9615329841525196
2015-06-16,0.798,0.993,0.739,0.82,0.9584253535697175,0.9312852011155978,0.9460804996567636,0.9587303508029648
2015-06-17,1.35,1.35,0.875,0.878,0.9576251012953919,0.9262104200569694,0.9434106761408121,0.9571317299949853
2015-06-18,0.859,0.885,0.785,0.787,0.9559273390934477,0.9129522848134485,0.9372769241352901,0.9537627848465697
2015-06-19,0.927,1.161,0.766,0.954,0.9559081615900303,0.9168615910216915,0.9379327310319454,0.9537674821763407
2015-06-22,0.806,0.97,0.806,0.851,0.954864299285652,0.9105890585434352,0.9345236043248103,0.9517324825292844
2015-06-23,0.951,1.054,0.796,0.943,0.9547462465564415,0.9136758148726318,0.9348560119983471,0.95155956208316
2015-06-24,0.782,1.171,0.782,0.934,0.954539816242447,0.9156114515514288,0.9348224429003728,0.9512118479825034
2015-06-25,0.798,0.935,0.758,0.935,0.9543453902101838,0.9174579799751023,0.9348294059238875,0.9508908212897805
2015-06-26,1.056,1.238,0.907,0.921,0.9540135952827193,0.9177953152155687,0.9342870762798136,0.9502989238384978
2015-06-29,1.047,1.43,0.953,1.391,0.958361718712742,0.9628624280521811,0.9521973870139385,0.9590256778218939
2015-06-30,0.855,1.322,0.855,1.132,0.9600894628051525,0.9789707682376877,0.959248469876137,0.9624509119244306
2015-07-01,0.812,1.055,0.667,1.055,0.9610338462598276,0.986211647453146,0.9630034318417787,0.9642835671338478
2015-07-02,0.857,1.166,0.793,1.101,0.9624265443069935,0.9971438715052273,0.9684150619656305,0.9669908232302072
2015-07-06,0.818,1.094,0.818,1.061,0.963407374711899,1.0032254075523486,0.9720458438493313,0.9688523910870348
2015-07-07,1,1.301,1,1.089,0.9646570525754622,1.0113944163568869,0.976632281345436,0.9712315516595688
2015-07-08,1.393,1.393,1.122,1.368,0.9686704152364028,1.0453568528943262,0.991980035018164,0.979088352616805
2015-07-09,0.646,1.137,0.646,1.068,0.9696587693136526,1.0475133430948667,0.9949612101154909,0.9808489792976604
2015-07-10,0.632,1.019,0.632,0.991,0.9698711198677455,1.0421311199429746,0.9948058685423343,0.9810499896085978
2015-07-13,0.624,1.037,0.624,1.002,0.9701908102173202,1.0383091085198342,0.9950879913445957,0.9814648412995166
2015-07-14,0.693,0.947,0.642,0.889,0.9693829414589389,1.024089193422707,0.9909276779585331,0.9796338543430906
2015-07-15,0.896,0.958,0.799,0.928,0.9689711708971585,1.0149378416681634,0.9884599258817279,0.9786114017818413
2015-07-16,0.929,0.929,0.742,0.821,0.9674988209379828,0.9964675710331001,0.9818928699647974,0.975490383924775
2015-07-17,0.626,0.796,0.626,0.796,0.9657923650082516,0.9773754214109002,0.9746029534955897,0.9719361188965617
2015-07-20,0.786,0.848,0.754,0.797,0.964112838988269,0.9601968098479573,0.9676381317898802,0.9684720373342536
2015-07-21,0.837,1.069,0.621,0.893,0.9634052485505749,0.9537971136719614,0.9647111462294927,0.9669775415454565
2015-07-22,1.276,1.276,0.934,0.97,0.9634708679679821,0.9553402457032032,0.9649185522597087,0.9670373922079226
2015-07-23,0.546,0.863,0.513,0.855,0.9623915558488977,0.9457840318267077,0.9606080207985437,0.9648188299859836
2015-07-24,0.764,1.403,0.758,1.401,0.9667558189747792,0.9891379335574975,0.9778782944927185,0.9734560808773502
2015-07-27,1.278,1.454,1.239,1.275,0.9698229252536371,1.0163628922663073,0.9895301260812392,0.9794272475926502
2015-07-28,1.202,1.202,0.946,0.95,0.9696256822162875,1.0100426168123733,0.9879799250584456,0.9788445298185383
2015-07-29,0.708,0.882,0.708,0.815,0.9680871182141354,0.9914671294969092,0.9811963985855653,0.9756000836835178
2015-07-30,0.672,0.727,0.465,0.709,0.9655091369383728,0.9645654981162511,0.9705220300135823,0.9703208741056264
2015-07-31,0.791,1.018,0.772,1.018,0.9660314340832646,0.9696544982956558,0.9723839111895203,0.9712650152124457
2015-08-03,1.102,1.266,0.937,1.066,0.9670261461819386,0.9788302603627361,0.9760551303585587,0.9731409555052686
2015-08-04,0.698,1.151,0.698,0.981,0.9671651895035114,0.9790369022329517,0.9762490468150858,0.9732965801487286
2015-08-05,0.827,0.977,0.827,0.977,0.9672630483144217,0.9788429115440992,0.9762784959595923,0.9733699151952884
2015-08-06,1.044,1.467,1.002,1.296,0.9705340627590543,1.0090483485398993,0.9888165941572553,0.9797586297458767
2015-08-07,0.722,1.174,0.722,1.168,0.9724988979554816,1.024186601059909,0.9958433943863826,0.983486181632097
2015-08-10,0.858,1.034,0.781,0.986,0.9726332372793076,1.0205497819113463,0.9954573789202499,0.9835359602136396
2015-08-11,1.046,1.189,0.919,1.167,0.9745672349183195,1.0344974217293132,1.0021845405312204,0.9871689114965378
2015-08-12,1.121,1.397,1.087,1.108,0.9758949241231124,1.0414976672789025,1.0063341663927412,0.9895616063183886
2015-08-13,0.872,1.137,0.872,1.059,0.9767218403009919,1.043164556109483,1.008399493200869,0.9909366240150542
2015-08-14,1.271,1.574,1.084,1.084,0.9777892846761064,1.047053646003818,1.0113642189576977,0.992779463143469
2015-08-17,0.917,1.036,0.873,0.904,0.9770550629380357,1.0334294892415496,1.0071538574299448,0.9910214539723112
2015-08-18,1.422,1.422,0.888,1.014,0.9774226742520851,1.0315790616947353,1.0074223336091626,0.9914764746857309
2015-08-19,1.719,1.719,1.104,1.135,0.9789906078416165,1.0414286748666652,1.0124253793499798,0.994318524691954
2015-08-20,0.666,1.308,0.645,1.307,0.9822543828879686,1.0667211820222209,1.0239773252578237,1.0005102370742915
2015-08-21,1.938,1.976,1.608,1.633,0.9887294636552525,1.1206524980201047,1.0478605674045758,1.0130347868351968
2015-08-24,1.502,1.966,1.502,1.662,0.9954286729721157,1.172209402970571,1.0719444667220435,1.0258855831354898
2015-08-25,1.181,1.427,1.181,1.318,0.9986383379176668,1.1860942217352786,1.081593703321179,1.031670027033797
2015-08-26,1.573,1.834,1.377,1.378,1.0024130808239586,1.2043709625223948,1.093217479661525,1.0385280463004545
2015-08-27,0.743,1.112,0.735,1.11,1.0034835974326755,1.1953832518059764,1.0938756177140143,1.0399433325123266
2015-08-28,0.939,1.201,0.939,1.174,1.005180278055236,1.1933467516339786,1.0970177503526803,1.04259791998733
2015-08-31,1.668,1.704,1.255,1.3,1.0081138076268257,1.203504203859314,1.1049778385741438,1.0476949908786701
2015-09-01,1.11,1.463,1.052,1.257,1.0105902871529269,1.2085990415869983,1.110939491963393,1.051839644524637
2015-09-02,0.832,1.353,0.832,1.195,1.0124252096688182,1.207303894769189,1.1142359824746326,1.0546745030489015
2015-09-03,1.099,1.17,0.998,1.055,1.0128488394233572,1.1927987619340281,1.111913002769745,1.0546809485330817
2015-09-04,1.148,1.585,1.148,1.419,1.016890144503722,1.2143417369879301,1.1239556301121079,1.061895187175991
2015-09-08,0.882,1.142,0.882,1.02,1.016921088339506,1.1958330001319368,1.1198789387351624,1.0610655795091397
2015-09-09,0.636,0.933,0.636,0.933,1.0160860526346351,1.1708012858336572,1.112550352902411,1.0585296274396518
2015-09-10,0.812,1.436,0.796,1.105,1.0169707685288178,1.1645344967066422,1.1122542606317283,1.0594498328368864
2015-09-11,0.927,1.504,0.927,1.16,1.0183939449613668,1.1641026398774381,1.114126642567739,1.061440925255958
2015-09-14,0.873,1.119,0.839,1.11,1.019305447996577,1.1589500075081582,1.1139648134474356,1.0624024910924736
2015-09-15,1.201,1.201,0.929,0.997,1.0190835032403922,1.143526197269286,1.1093779580181244,1.0611073922589593
2015-09-16,2.591,2.591,1.12,1.13,1.0201871499743187,1.1422379880055444,1.1101866655468255,1.0624716023132375
2015-09-17,1.044,1.044,0.703,0.92,1.0191902629098977,1.1210724653383497,1.1027283649371462,1.0596503824654506
2015-09-18,1.341,1.377,1.098,1.153,1.0205217030799485,1.1241131829251736,1.1046998016062777,1.0614988897433626
2015-09-21,0.708,1.437,0.708,0.999,1.0203075567806454,1.1121976416942048,1.100554711347208,1.0602612879662663
2015-09-22,1.201,1.312,1.043,1.167,1.0217671830813355,1.1174169139138044,1.1031604089414353,1.0623749258283204
2015-09-23,0.827,1.049,0.808,1.048,1.0220282061352526,1.1108057792553467,1.1009972556496144,1.06209027383172
2015-09-24,1.423,1.43,0.806,1.03,1.0221075274672402,1.1031099907548376,1.0982130495457079,1.0614548228647551
2015-09-25,1.142,1.313,0.8,1.298,1.0248527261989095,1.1216709440162818,1.1060478319164644,1.0661388857783243
2015-09-28,1.131,1.499,1.078,1.435,1.0289337935999154,1.1515118064909216,1.1189479169393481,1.0734430662579615
2015-09-29,1.429,1.727,1.265,1.361,1.0322379349571302,1.1714630630155958,1.1284401554907462,1.0791372629657245
2015-09-30,1.406,1.486,0.659,0.843,1.0303549704301935,1.14018086653792,1.1172464239028739,1.0744612775604627
2015-10-01,1.334,1.334,0.933,0.976,1.0298141249532762,1.1245445935343086,1.1117073484557023,1.0725115492919388
2015-10-02,1.053,1.372,1.005,1.093,1.0304428401278705,1.1215403465310412,1.1109737269476356,1.072917261187148
2015-10-05,0.774,1.036,0.763,1.008,1.0302195282858022,1.1107269801947515,1.10693554157714,1.0716317708666105
2015-10-06,0.942,1.034,0.768,0.911,1.0290332643227593,1.0917053630333466,1.0992517948486247,1.068450943720737
2015-10-07,1.017,1.497,1.017,1.078,1.029520495523528,1.090400090363504,1.0984183911290708,1.0686400339440887
2015-10-08,0.819,1.029,0.819,0.925,1.0284804905929457,1.074647700805075,1.0916176699083229,1.0657956768362848
2015-10-09,1.223,1.223,0.801,0.878,1.026983172278588,1.0559193483474487,1.0832405063825064,1.0620769505622991
2015-10-12,0.856,1.185,0.805,0.934,1.0260579665842737,1.044307981838168,1.077387937504761,1.0595407733234417
2015-10-13,1.224,1.252,0.809,0.895,1.024753907215276,1.0300881740440568,1.0702354693673195,1.056282540188324
2015-10-14,1.229,1.256,0.636,0.958,1.0240896892330345,1.0232226336589085,1.0658340784117384,1.0543363512737038
2015-10-15,0.862,1.184,0.819,1.104,1.0248848167033524,1.030915716167584,1.0673307812191213,1.0553197898623434
2015-10-16,0.819,1.231,0.782,0.87,1.0233436742485926,1.0155904098659092,1.0595923192105283,1.051650091053188
2015-10-19,0.805,0.966,0.782,0.876,1.021877568037164,1.002296085116775,1.0523926204179586,1.0481718714283725
2015-10-20,1.126,1.368,0.964,0.965,1.0213116220865452,0.9987440770104155,1.0489654588329407,1.0465249036773157
2015-10-21,0.849,1.004,0.805,0.933,1.0204328994787188,0.9924827363427569,1.0444177937806685,1.0442768857827154
2015-10-22,1.116,1.26,0.883,0.892,1.019154960180423,0.982912951929161,1.0384406253971128,1.04126150190583
2015-10-23,0.797,0.875,0.741,0.763,1.0166061546064884,0.9619688612692409,1.0276390322442848,1.0357513731552195
2015-10-26,0.94,1.065,0.855,0.944,1.0158837053069214,0.9602575411483608,1.0243590701954892,1.0339345142808587
2015-10-27,1.226,1.395,0.901,0.935,1.0150788923187928,0.9578520610389931,1.020854792932921,1.0319754149881684
2015-10-28,1.028,1.028,0.665,0.749,1.0124313411514416,0.9379613885590891,1.0101938206610417,1.0263719414240462
2015-10-29,0.708,1.026,0.692,0.832,1.0106360044235665,0.9278698277439377,1.003205827693942,1.0225229920889165
2015-10-30,0.856,0.918,0.781,0.917,1.0097043028870136,0.9268346060540389,0.9998252070000618,1.020433427889136
2015-11-02,0.898,0.898,0.705,0.87,1.0083142103209737,0.9214217864298447,0.9947340224118241,1.0174545481289552
2015-11-03,0.907,0.953,0.825,0.942,1.0076543674322078,0.923381616293669,0.992666021532929,1.015960398661055
2015-11-04,0.907,1.02,0.501,0.981,1.0073891498458176,0.9288690814085576,0.992208530492422,1.015268113539054
2015-11-05,1.727,1.727,0.957,1.002,1.0073355264642672,0.9358339307982187,0.9925925096887975,1.0150053786174886
2015-11-06,0.75,1.049,0.75,1.024,1.0075013421213392,0.9442306992936265,0.9938241759755113,1.0151834899319938
2015-11-09,0.651,1.288,0.643,1.094,1.008362025284311,0.958494442218043,0.9977526396627462,1.0167442129036375
2015-11-10,0.865,1.171,0.865,1.004,1.0083186220476512,0.9628283048639437,0.9979976341857757,1.0164918522520803
2015-11-11,1.033,1.035,0.768,0.852,1.0067632128730477,0.9522732282102347,0.9922722367667257,1.013234587851049
2015-11-12,0.977,1.214,0.972,1.191,1.0085964147350075,0.9750091112378314,1.000065482383717,1.0167546950223152
2015-11-13,0.977,1.214,0.782,1.136,1.0098641121008283,0.9903415768342284,1.005396247780434,1.0191159881901901
2015-11-16,0.977,1.214,0.782,0.842,1.0081938224281832,0.9762138076119209,0.9989885517890443,1.0156087408992953
2015-11-17,0.977,1.214,0.644,0.866,1.0067789585234252,0.9657172545060236,0.9937733144639838,1.0126461915745568
2015-11-18,1.986,1.986,0.923,1,1.006711506199809,0.9689822778864023,0.9940174982104942,1.012395771939417
2015-11-19,0.792,1.011,0.736,0.931,1.005958157879413,0.9653649180876973,0.991546223770867,1.01078397447527
2015-11-20,1.416,1.416,0.927,0.93,1.0052023553134486,0.9619968306507738,0.9891326463680878,1.0091842918123934
2015-11-23,0.936,1.04,0.834,0.984,1.004991386603862,0.9640923705887954,0.9889313661183589,1.0086855929646232
2015-11-24,0.827,1.409,0.827,1.022,1.0051606265381519,0.969607382913672,0.9902281752901879,1.0089492445890862
2015-11-25,0.815,1.112,0.815,1.011,1.0052187297566777,0.9735495369218937,0.991042756651357,1.008989853607124
2015-11-27,1.213,1.502,1.052,1.07,1.0058633195103426,0.9827352953102848,0.9941391191356175,1.010197975317874
2015-11-30,0.85,1.231,0.781,1.128,1.0070786098634734,0.9965700290902577,0.9993885654440247,1.0125306886779162
2015-12-01,0.812,1.05,0.475,1.05,1.0075056883722946,1.0016585977483283,1.0013733275834746,1.0132726552387494
2015-12-02,1.096,1.373,0.918,1.022,1.0076499103785403,1.0035958741532494,1.0021822166978482,1.013445473946893
2015-12-03,0.921,1.126,0.726,1.094,1.0085091152503958,1.0122057909005588,1.0057829140822463,1.0150406130766574
2015-12-04,0.679,0.912,0.679,0.882,1.0072503180837251,0.9998052393862199,1.0009286821574523,1.012406145490981
2015-12-07,0.941,1.15,0.875,0.999,1.0071682253664742,0.9997285499208656,1.0008530475630424,1.0121406772634367
2015-12-08,0.995,1.309,0.995,1.078,1.0078730191439222,1.007182973737926,1.0038784182468445,1.0134448222681212
2015-12-09,0.864,1.516,0.825,0.918,1.0069787602469678,0.9986893571914569,1.0005106371391252,1.0115548257875644
2015-12-10,1.685,1.706,1.197,1.238,1.0092774790504806,1.0214808469827468,1.0098239454866105,1.016038888643256
2015-12-11,1.685,1.706,0.921,1.072,1.0099015837365455,1.026292194889152,1.0122622221341944,1.0171470294622016
2015-12-14,1.685,1.706,0.921,1.033,1.0101314187242416,1.0269310334711375,1.0130754683250103,1.0174609496708709
2015-12-15,1.685,1.706,0.763,0.819,1.0082296135628064,1.0071280779024576,1.005464665645598,1.013531029875408
2015-12-16,1.685,1.706,0.659,0.739,1.0055507119353158,0.981592070483176,0.9950150709143982,1.0080947718580733
2015-12-17,1.685,1.706,0.659,0.981,1.0053064262444171,0.9815356828181117,0.9944654602903041,1.00755824172227
2015-12-18,1.685,1.706,0.659,0.969,1.0049451682718358,0.9803418082640057,0.9934668147887236,1.006794712183215
2015-12-21,1.058,1.134,0.599,0.824,1.0031447188362952,0.9654521122388623,0.9868210573460285,1.0031750149122602
2015-12-22,0.713,0.947,0.655,0.905,1.002168154469765,0.9596947682161135,0.983612388430498,1.0012309552110275
2015-12-23,0.484,0.816,0.484,0.816,1.0003157350223046,0.9460095521955313,0.9770393535900863,0.9975630155038784
2015-12-24,1.573,1.573,0.797,0.915,0.999466822236013,0.9430562615102426,0.9746064377630241,0.9959281043057818
2015-12-28,0.76,1.096,0.76,1.047,0.9999397891789382,0.9529556651759338,0.9774454009880036,0.996939428972994
2015-12-29,0.606,0.859,0.606,0.805,0.9980000897841229,0.9388646494448925,0.970682836243376,0.9931386482012515
2015-12-30,0.989,1.055,0.807,0.979,0.9978110341643804,0.9426870637834741,0.9710089995279495,0.9928586749695436
2015-12-31,1.139,1.263,0.976,1.019,0.9980218696453319,0.9499549624707623,0.9728909995464613,0.9933763249701467
2016-01-04,1.074,1.236,1.032,1.07,0.9987380699473684,0.9613878231878326,0.9766991956426785,0.9948936254657874
2016-01-05,1.055,1.055,0.902,1.001,0.9987605767140612,0.965160411455658,0.9776521683625734,0.9950145437733956
2016-01-06,0.832,1.024,0.81,1.022,0.9989918147567073,0.9705737056027381,0.9793912990150215,0.9955489092432294
2016-01-07,1.162,1.589,1.153,1.384,1.0028227419730584,1.0099476384024773,0.9952583068967854,1.0032410100502942
2016-01-08,0.985,1.334,0.985,1.32,1.005978734590242,1.0394764347450984,1.0079932752537741,1.009513465296823
2016-01-11,1.061,1.099,0.7,1.063,1.0065461103654634,1.0417167742931843,1.0101504017144105,1.010572604597876
2016-01-12,0.632,1.035,0.615,1.008,1.0065605769289911,1.0385056529319288,1.010066072235414,1.0105216619325716
2016-01-13,1.032,1.185,0.868,1.184,1.0083261433277078,1.052362257414602,1.0168870105791232,1.0139568765477682
2016-01-14,1.336,1.39,0.983,1.002,1.0082631966279296,1.0475658519465447,1.016303206242687,1.0137201067151391
2016-01-15,0.997,1.578,0.982,1.513,1.0132854533779005,1.0918929136659214,1.0357815118802287,1.0236068372752354
2016-01-19,0.81,1.017,0.762,0.88,1.011959229961205,1.0717126361739289,1.0296724329829647,1.0207631375272108
2016-01-20,1.919,1.919,0.863,1.169,1.0135218246879591,1.0809780993954594,1.0351362591404956,1.0236985209425136
2016-01-21,0.645,1.17,0.641,1.091,1.0142927518054918,1.0819325661197015,1.0373269940761625,1.0250312234981074
2016-01-22,0.913,1.112,0.913,1.1,1.0151455602452382,1.0836532741083014,1.039784759014352,1.0265157537258676
2016-01-25,1.22,1.22,0.912,1.032,1.0153132661134447,1.0787339146694155,1.0394794743471225,1.026624352661989
2016-01-26,1.035,1.124,0.849,0.896,1.014126069435699,1.0613306847008996,1.0338528282942943,1.0240377318171971
2016-01-27,0.62,0.983,0.62,0.939,1.0133785463567369,1.049680143300814,1.0301331095376554,1.0223538163356685
2016-01-28,0.917,0.963,0.716,0.857,1.0118225409203514,1.0313296534626413,1.0233435758302962,1.0190794833389225
2016-01-29,0.681,0.905,0.666,0.905,1.0107596300654225,1.0192982578947707,1.0187026512879316,1.0168204836688448
2016-02-01,0.902,1.118,0.816,1.022,1.0108714745423835,1.0195555666666973,1.0188319590805617,1.0169230483486698
2016-02-02,1.566,2.065,0.981,1.014,1.0109026041489269,1.0190264650793928,1.018642470489167,1.0168651662031516
2016-02-03,1.137,1.151,0.783,0.825,1.0090528269932162,1.0005477541194505,1.0110486481170429,1.013065855981307
2016-02-04,1.043,1.167,0.742,0.916,1.0081269282171643,0.9924955870604553,1.0073212501516686,1.0111437598232613
2016-02-05,1.001,1.098,0.86,0.956,1.007608252314506,0.9890198168642215,1.005308652106505,1.0100518041831967
2016-02-08,1.034,1.156,1.021,1.138,1.008905682639735,1.0032084057342956,1.0105122343768382,1.0125854318231333
2016-02-09,0.834,1.017,0.834,0.897,1.007792193260235,0.9930933194738865,1.0060607742051975,1.0102966113909921
2016-02-10,2.137,2.15,1.023,1.06,1.0083116739243123,0.9994653842858973,1.0081760379618563,1.0112808369080022
2016-02-11,1.229,1.233,0.905,0.947,1.0077016075171052,0.9944686810205737,1.0057769776496266,1.0100079490484377
2016-02-12,0.662,0.902,0.651,0.896,1.0065901487358406,0.9850907113995667,1.001471998133955,1.0077503658989637
2016-02-16,0.71,0.945,0.694,0.94,1.0059275601912054,0.9807963579329413,0.9990613315404666,1.0064087744950239
2016-02-17,2.013,2.013,1.078,1.093,1.006793952627114,0.9914824190821849,1.002745200891821,1.0081234522277958
2016-02-18,0.957,1.116,0.938,1.043,1.0071542118049537,0.996388855360072,1.0043238204646907,1.0088140769361562
2016-02-19,1.2,1.3,0.922,1.03,1.0073815330805262,0.9995899167543509,1.0053307294660754,1.0092336001651432
2016-02-22,0.715,1.102,0.713,0.912,1.0064324630996255,0.9912480199206032,1.0016707008595627,1.007308182340091
2016-02-23,1.214,1.226,1.048,1.097,1.0073336326210223,1.001319637071022,1.005409104747423,1.0090842579373167
2016-02-24,1.014,1.155,0.962,1.029,1.0075492183660868,1.0039558621118772,1.0063342378945828,1.0094786290672708
2016-02-25,0.927,0.955,0.755,0.904,1.0065188778848322,0.9944362561964603,1.0023211305261677,1.0073899433431663
2016-02-26,1.049,1.175,0.96,0.988,1.006334610443192,0.993823279415845,1.0017595175643572,1.0070059840690442
2016-02-29,0.948,1.395,0.942,1.191,1.0081720770059464,1.012602014709574,1.0091807129539903,1.0106494299290631
2016-03-01,1.167,1.253,0.801,0.876,1.0068569319611111,0.9995922990229479,1.0039579398969711,1.0079831045839331
2016-03-02,1.153,1.208,0.643,0.777,1.0045697983097568,0.9783930324493338,0.9950576285284625,1.003409181720885
2016-03-03,1.33,1.347,0.699,0.757,1.0021064172320477,0.9573079817398735,0.9857220352528365,0.9985297919838377
2016-03-04,0.843,1.135,0.772,0.836,1.0004536170605847,0.9457548406217904,0.9798505828899802,0.9953113802613855
2016-03-07,0.983,1.07,0.712,0.831,0.9987675114181908,0.9348258081816199,0.9740133051295888,0.9920576895631403
2016-03-08,1.207,1.207,0.664,0.963,0.9984116157821888,0.9375090645452752,0.9735814108107814,0.9914822897698108
2016-03-09,0.828,1.106,0.73,0.909,0.9975219479634606,0.9347939155409632,0.9710488064652606,0.9898489771011016
2016-03-10,1.032,1.156,0.972,0.983,0.9973774509687993,0.9393849712037287,0.9715174807215249,0.989713353792169
2016-03-11,1.133,1.219,0.911,1.014,0.9975428494666222,0.9464911644224212,0.9731834618697004,0.9901942774794528
2016-03-14,1.281,1.368,0.913,0.914,0.9967115773326259,0.9433967678107621,0.9708625417963788,0.9886854799056022
2016-03-15,0.979,1.109,0.826,0.901,0.9957592233293162,0.9393589804002134,0.9681228342749522,0.9869491337688576
2016-03-16,2.386,2.386,0.891,0.891,0.9947168429976813,0.9347533632192406,0.9650984094014247,0.9850491509219496
2016-03-17,0.985,1.02,0.635,0.675,0.9915355808783014,0.910014947674551,0.953722001189604,0.9789095637749803
2016-03-18,0.602,0.778,0.519,0.769,0.9893212964914526,0.8965849526579271,0.9464780011429529,0.9747529387497331
2016-03-21,0.894,1.267,0.809,0.872,0.9881539204069606,0.8942435285952675,0.9435572952157782,0.9727182270913226
2016-03-22,0.984,1.144,0.873,1.06,0.9888688067710705,0.910029859205242,0.9481236757955517,0.9744465790301083
2016-03-23,1.46,1.537,0.888,1.027,0.9892482216290698,0.9211698726142666,0.9512168649800399,0.9754872408314923
2016-03-24,1.241,1.241,0.963,1.051,0.9898626671849994,0.9335346466510032,0.9551299290984697,0.9769825429932449
2016-03-28,0.932,0.932,0.372,0.74,0.9873764714916163,0.9151027755413839,0.9466934612906865,0.9722898193696163
2016-03-29,0.948,1.788,0.9,0.969,0.9871936210290132,0.9202358445374426,0.9475682275145811,0.9722246744316041
2016-03-30,1.085,1.175,0.785,1.123,0.9885449282824559,0.9395467164862575,0.9544479048669505,0.9752103244428595
2016-03-31,0.89,1.151,0.719,1.151,0.9901613966577548,0.9596851244399472,0.9621558301662858,0.9786913081172584
2016-04-01,1.204,1.238,0.904,0.941,0.989672228531807,0.9579055887789999,0.961326189767608,0.9779449455802829
2016-04-04,0.676,1.09,0.676,0.956,0.9893371814817393,0.9577241041333808,0.961117319580643,0.9775103922024555
2016-04-05,1.029,1.237,0.917,1.123,0.9906671597754534,0.9734646656444874,0.9674656599892452,0.9803913745350802
2016-04-06,0.661,1.052,0.661,0.976,0.9905212178871404,0.9737061260592982,0.967800339989667,0.9803044166234944
2016-04-07,0.972,1.091,0.853,1.008,0.9906951361171191,0.976972209291746,0.9693767972449742,0.9808528440170886
2016-04-08,1.122,1.231,0.883,0.982,0.9906086173497846,0.9774510465020559,0.9698718248039948,0.9808755599771463
2016-04-11,0.887,0.99,0.727,0.851,0.9892194768786424,0.9654080896923364,0.9652101846156028,0.9783037667102721
2016-04-12,0.687,0.953,0.687,0.914,0.9884710243723873,0.9605120811502091,0.9632019420816577,0.9770304247952172
2016-04-13,0.594,0.647,0.545,0.604,0.9846454420403238,0.9265585496120939,0.9491155914117887,0.9696436837101634
2016-04-14,0.37,0.899,0.37,0.873,0.9835345421195245,0.9214577353633231,0.9461306662583853,0.967729947399071
2016-04-15,0.726,0.81,0.642,0.782,0.9815292232924646,0.9081760462811018,0.9396941695423702,0.9640521266584954
2016-04-18,1.131,1.167,0.847,0.97,0.9814145046527386,0.9140640418733779,0.9408826334818851,0.9641699063286242
2016-04-19,0.566,0.729,0.465,0.616,0.9777785394323133,0.8856769902663895,0.9281421380512229,0.9572754527379583
2016-04-20,1.343,1.343,0.642,0.856,0.9765668126717928,0.8828506102410191,0.9253130345982338,0.9552699982282958
2016-04-21,1.153,1.222,0.934,1.145,0.9782427647845112,0.9078172187894934,0.9339282097120285,0.9590270279663494
2016-04-22,0.83,1.018,0.824,0.946,0.9779219412543171,0.9114536741428749,0.9344016132527333,0.9587690670165208
2016-04-25,0.755,1.126,0.614,0.752,0.9756739617393487,0.8962676099387916,0.9272486088114497,0.9546746300458966
2016-04-26,0.593,0.847,0.593,0.799,0.9739160118712955,0.8870040280398591,0.9222192516031575,0.9515919641043937
2016-04-27,0.817,1.012,0.695,1.012,0.974294957026805,0.8989084063217773,0.9257400652657788,0.9527881628349998
2016-04-28,0.861,1.032,0.844,0.996,0.9745109276036528,0.9081552247673222,0.9284953568239835,0.9536438427788612
2016-04-29,1.105,1.405,1.064,1.163,0.9763864407618253,0.9324261557418629,0.9376916173406901,0.9577895092584877
2016-05-02,1.056,1.155,0.873,1.078,0.9773975209532499,0.946290331385495,0.9431939068567414,0.9601699150157453
2016-05-03,0.659,1.126,0.636,1.073,0.9783487894014763,0.9583579188725907,0.9482843418819672,0.9624041741243444
2016-05-04,0.874,1.086,0.83,1.085,0.9794099954770835,0.9704190694561535,0.9536457402395371,0.9648318142406941
2016-05-05,0.785,1.183,0.785,1.183,0.9814357666663662,0.9906648723650913,0.9626400249360259,0.9691519763349378
2016-05-06,1.25,1.381,1.076,1.18,0.9834115301821238,1.0086967892827017,0.9711639455267699,0.973327184724345
2016-05-09,1.023,1.311,1.012,1.144,0.9850094254041922,1.0215828093510158,0.9779418300159162,0.9767068444327738
2016-05-10,1.432,1.521,1.06,1.061,0.9857655505245485,1.0253368275080619,0.9811990131525469,0.9783760158301446
2016-05-11,1.192,1.27,0.876,0.903,0.9849420127083839,1.0136857010787226,0.9781323851857804,0.9768834214572704
2016-05-12,0.847,1.299,0.75,1.26,0.9876789081043204,1.037144205737892,0.9891860171392792,0.9824896903393047
2016-05-13,0.876,1.152,0.762,1.149,0.9892840930983072,1.0477971385247593,0.9954532321534252,0.9857869241939718
2016-05-16,0.692,0.821,0.636,0.763,0.9870325100824037,1.0206736015224014,0.9863374191278007,0.9813753019327051
2016-05-17,0.974,1.192,0.783,1.191,0.9890620373452653,1.0368951632821728,0.9943634026914163,0.9855262860528495
2016-05-18,1.864,1.864,0.981,1.013,0.989300226028397,1.0346194334457754,0.9950942496446941,0.986070319992397
2016-05-19,0.968,1.558,0.906,1.348,0.992869378008214,1.064465201689035,1.0089336908350983,0.9932372443489832
2016-05-20,1.159,1.611,0.999,1.021,0.9931492846946994,1.0603256586710317,1.0094068794298003,0.993787001886627
2016-05-23,0.834,0.997,0.834,0.98,0.9930184460410209,1.0526755959404572,1.008253668471769,0.993513991948278
2016-05-24,0.64,0.98,0.64,0.965,0.99273965553315,1.0443255391842232,1.0065574461787583,0.9929493584443517
2016-05-25,0.883,1.019,0.732,0.972,0.9925332908014769,1.0374373925952496,1.0052022522109638,0.9925345196632754
2016-05-26,0.634,1.008,0.508,0.924,0.9918513675099199,1.026633831395702,1.002017850163475,0.9911774004620224
2016-05-27,0.987,0.987,0.745,0.872,0.9906588165894231,1.0119067998342066,0.9969191109413781,0.988817451938022
2016-05-31,0.831,1,0.778,0.916,0.9899159427925134,1.0027728188976155,0.9937458124730888,0.987375522196675
2016-06-01,1.267,1.404,1.02,1.027,0.9902849383866177,1.005080169478795,0.9950498982584579,0.9881601653214933
2016-06-02,0.826,1.032,0.796,0.912,0.9895059837758056,0.9962153914331955,0.9917930395032243,0.9866520432359192
2016-06-03,0.813,0.895,0.752,0.844,0.9880581630417179,0.9817186874871768,0.9859972340325096,0.9838272503005544
2016-06-06,0.674,0.794,0.535,0.72,0.9853909176383178,0.9567930982026838,0.9755659699528033,0.9786029483144049
2016-06-07,1.109,1.124,0.775,0.845,0.9839939930847027,0.9461461364690948,0.9704457358370071,0.9759573453774859
2016-06-08,0.595,0.851,0.558,0.84,0.9825612170341086,0.9360369806148954,0.9653302167845754,0.9732651207165456
2016-06-09,0.948,0.997,0.798,0.92,0.9819387173621275,0.9345096491277625,0.963552561224396,0.9722103658508714
2016-06-10,1.361,1.375,0.995,1.084,0.982954252512753,0.948746825401309,0.9682759901959883,0.9744240219726363
2016-06-13,1.621,1.621,0.835,0.902,0.9821487375623774,0.9442947467916605,0.9656769317569299,0.9729898829236733
2016-06-14,0.725,1.024,0.634,1.008,0.982405964054294,0.9503619137638832,0.9673366599233248,0.973683152568749
2016-06-15,1.773,1.901,1.108,1.154,0.9841133673970374,0.969756017214942,0.9746567909067239,0.977253783210952
2016-06-16,1.2,1.603,1.167,1.377,0.98802268712443,1.0085411584325665,0.9904349559692053,0.9851695498800421
2016-06-17,0.948,1.225,0.92,1.096,0.98909708824757,1.0168705719151792,0.9945747616174717,0.9873642122586551
2016-06-20,1.024,1.084,0.918,0.973,0.9889369182152559,1.0126924222089717,0.9937286925344336,0.9870797724119491
2016-06-21,0.671,1.193,0.663,0.948,0.988529585695701,1.0065312391414505,0.9919354104742598,0.9863059155325046
2016-06-22,1.044,1.184,0.798,1.007,0.9887133709126592,1.006575883032741,0.9925261786909555,0.986715699383346
2016-06-23,0.937,1.408,0.929,1.255,0.9913629891125333,1.0302353227439085,1.0028192697226828,0.9920282597915966
2016-06-24,1.137,1.247,0.991,1.217,0.9936081334994733,1.0480224348635363,1.0112185140472834,0.9964831457363175
2016-06-27,1.279,1.346,1.208,1.274,0.9963981023203741,1.0695441077336758,1.0215236703591546,1.0019785289890637
2016-06-28,0.825,1.197,0.819,1.137,0.9977971261778827,1.0759684784257066,1.0260521538744818,1.0046522214843299
2016-06-29,1.266,1.328,1.098,1.144,0.9992518811412869,1.0824476709565918,1.0306775596048943,1.0074115834351351
2016-06-30,2.053,2.056,1.192,1.24,1.0016473848115228,1.0974526546750116,1.0388862827576435,1.0120172946542414
2016-07-01,1.533,1.569,0.896,0.901,1.0006459182959853,1.0787428780392962,1.0334789775514615,1.0098189323838604
2016-07-05,1.065,1.259,0.88,1.207,1.0026991927408013,1.0909578420355537,1.0402837235298354,1.0137235079802196
2016-07-06,0.808,1.233,0.761,1.002,1.0026922355991017,1.0824856666035962,1.0387824010384694,1.013491359307344
2016-07-07,0.872,1.047,0.79,0.859,1.0012624621105535,1.0612013174032537,1.0317321108016666,1.0104321244695749
2016-07-08,1.322,1.376,0.723,0.734,0.998603134129354,1.0300392871743724,1.0200563417506208,1.0049582210147319
2016-07-11,0.829,0.829,0.686,0.756,0.9961891725957286,1.0039403074434798,1.0097011910937337,1.000028355252064
2016-07-12,0.658,0.774,0.563,0.771,0.993948484311194,0.9817555162583865,1.00034036007045,0.9954931402965775
2016-07-13,0.769,1.068,0.745,0.886,0.9928743700394408,0.9726359432813974,0.9958564243814126,0.9933249593006057
2016-07-14,0.419,0.614,0.285,0.612,0.9890845753126802,0.9382896629688833,0.9808032312684161,0.9857739700075244
2016-07-15,0.823,0.869,0.709,0.825,0.9874518929712606,0.927500171257561,0.9746933006304389,0.9825903270370784
2016-07-18,0.96,0.96,0.722,0.903,0.986611575628263,0.9251668216139838,0.9718817986449315,0.9810142809571363
2016-07-19,1.059,1.122,0.886,0.912,0.9858691718906682,0.9239128386031282,0.9695334928157185,0.9796476615322425
2016-07-20,1.944,1.955,0.774,0.796,0.9839799263992188,0.9117306634980684,0.9627282578033374,0.9760110741751684
2016-07-21,0.85,1.009,0.839,0.939,0.9835323649425102,0.914327743164919,0.961797737889481,0.9752781816172443
2016-07-22,0.949,1.045,0.705,0.797,0.9816763215102464,0.9031536723873077,0.9553350815016582,0.9717479205951207
2016-07-25,0.994,1.24,0.88,0.903,0.9808934725399953,0.9031390369218498,0.9532827253643383,0.9703865756328411
2016-07-26,0.828,1.194,0.812,0.915,0.9802378160968113,0.9042686524531022,0.9517814420167172,0.9692898117589235
2016-07-27,0.828,1.194,0.727,0.9,0.9794394298669923,0.9038621141242353,0.9497507972317479,0.9679177362785487
2016-07-28,0.866,1.072,0.866,0.894,0.9785892862862262,0.9029228651600224,0.9475644914579539,0.9664540187284785
2016-07-29,0.866,1.344,0.866,1.197,0.9807625272187016,0.9309302113352583,0.9573462761066616,0.9710192856843501
2016-08-01,0.866,1.367,0.848,1.347,0.9844066811767245,0.9705559054938051,0.9726268142985572,0.978464448344066
2016-08-02,0.866,1.571,0.848,1.136,0.9859150724087968,0.9863124859229665,0.9790336058946922,0.981583964218441
2016-08-03,0.671,0.932,0.671,0.921,0.9852691512903013,0.9800922491683982,0.9767577782125475,0.9803842817586699
2016-08-04,0.946,1.007,0.834,0.917,0.9845898562525869,0.9740834635333127,0.9744143359297025,0.979129147466419
2016-08-05,0.799,1.018,0.764,0.916,0.9839073701207204,0.9685517051015686,0.9721235776579494,0.9778790653383711
2016-08-08,0.997,1.82,0.963,0.966,0.9837291873334495,0.9683086855680859,0.9718834373576377,0.9776438363217697
2016-08-09,1.969,1.969,0.775,0.9,0.9828960610913257,0.9618030964663634,0.9690644790298872,0.9761063346124277
2016-08-10,0.851,0.896,0.773,0.859,0.9816632644635512,0.9520123253743288,0.9647482249502838,0.9737873972933697
2016-08-11,0.848,1.022,0.843,0.931,0.9811591523793368,0.9500111515291546,0.9634247651483119,0.9729401220994416
2016-08-12,0.715,0.771,0.589,0.759,0.9789486135496916,0.9318196132882828,0.9554081076915153,0.9687036840380665
2016-08-15,0.734,0.817,0.634,0.77,0.9768695228676052,0.9164082215465416,0.9481372015075343,0.9647689576214711
2016-08-16,0.886,1.029,0.862,1.021,0.9773086320928032,0.9263693433040138,0.9509945661542977,0.9658824436091648
2016-08-17,1.424,1.437,0.863,0.881,0.9763503372461086,0.9220484534655363,0.9482496812070703,0.9642016031416566
2016-08-18,1.374,1.67,0.817,0.84,0.9749936174725156,0.9142343150402471,0.9440045956695381,0.9617421654556831
2016-08-19,0.803,0.868,0.663,0.821,0.973461342671794,0.9053548564649855,0.9391808860354386,0.9589551918823033
2016-08-22,0.944,1.167,0.916,0.916,0.9728895880183432,0.9063686796587964,0.9382718316811076,0.9581045940232478
2016-08-23,0.786,0.849,0.559,0.837,0.9715374528141806,0.8997621387389111,0.9343003873014564,0.9557064832505102
2016-08-24,1.095,1.095,0.606,0.903,0.9708554881095619,0.9000705064780624,0.9330729211327718,0.9546627905128764
2016-08-25,1.241,1.301,1.022,1.113,0.9722698613622031,0.9203495058611041,0.9401288850099181,0.9577981807997501
2016-08-26,0.927,1.056,0.922,1.032,0.9728641910998925,0.9309828862552847,0.9437316738330586,0.9592675237542105
2016-08-29,0.816,0.942,0.752,0.9,0.9721391742730279,0.9280321351833528,0.9420167062317621,0.958093909422444
2016-08-30,0.955,1.11,0.852,0.95,0.971918883981754,0.9301243127849382,0.9423297765756146,0.9579336339883362
2016-08-31,1.134,1.407,1.035,1.169,0.9738798901112887,0.9528743782339917,0.9512188049451983,0.9621131659885671
2016-09-01,1.006,1.163,0.921,0.975,0.9738910354833157,0.9549815803069448,0.9521514008297003,0.9623683508204767
2016-09-02,0.965,1.087,0.894,0.939,0.9735438610008946,0.9534595250396167,0.9516356596206924,0.9619056112002692
2016-09-06,1.189,1.212,0.793,0.857,0.9723842205929255,0.9442729036072722,0.9479244572826261,0.9598282723646203
2016-09-07,0.962,1.04,0.788,0.853,0.9711963179004586,0.9355802461208653,0.9442019295460525,0.9577128610306674
2016-09-08,0.97,1.22,0.914,0.94,0.9708859067770709,0.9360011750617353,0.944037147995227,0.9573621113072879
2016-09-09,1.124,1.174,0.999,1.167,0.9728372907892393,0.9580010631510938,0.9527807892503161,0.9615133566279357
2016-09-12,0.971,1.044,0.888,0.997,0.9730777157565106,0.9617152476128944,0.9545148759463821,0.9622160624372835
2016-09-13,1.003,1.095,0.886,0.964,0.9729873902265951,0.961932843078333,0.9548868415955436,0.9622513879335749
2016-09-14,0.734,1.117,0.717,1.088,0.9741317943039424,0.9739392389756346,0.9601069654545419,0.9647414594596427
2016-09-15,0.999,0.999,0.755,0.838,0.9727772490869877,0.9609926447874789,0.9553184570053441,0.9622317275891548
2016-09-16,1.224,1.224,0.963,0.978,0.9728292167577639,0.9626123929029571,0.9562079292796444,0.9625439706071913
2016-09-19,0.619,0.776,0.569,0.775,0.9708607668397762,0.9447445459598183,0.9491017359745603,0.9588302286149697
2016-09-20,1.057,1.113,0.746,0.964,0.970792500503062,0.9465783987255498,0.9496859816226167,0.9589326003255644
2016-09-21,1.507,1.507,0.939,0.982,0.9709040179109917,0.9499518845612117,0.9509531980295729,0.9593893805171374
2016-09-22,0.734,0.933,0.706,0.932,0.9705169132551609,0.9482421812696677,0.9502099353617465,0.9588470165465011
2016-09-23,0.91,1.012,0.711,1.012,0.9709296802874479,0.9543143544820804,0.9526330751514819,0.9598995508723129
2016-09-26,1.174,1.32,1.107,1.143,0.9726418227721498,0.9722844159599775,0.9600984447533846,0.963525302340188
2016-09-27,1.057,1.238,0.936,0.971,0.9726254862271533,0.9721620906304558,0.9605259567238401,0.9636733161552338
2016-09-28,0.73,0.91,0.723,0.885,0.9717535908418085,0.9638609391418409,0.9575641544993758,0.9621154287066153
2016-09-29,0.996,1.073,0.805,1.02,0.9722336546145268,0.9692075163664274,0.9600126190288121,0.9632616578411377
2016-09-30,1.058,1.125,0.953,0.999,0.9724999864094072,0.972044895760101,0.961541535929643,0.9639693477848775
2016-10-03,0.961,1.135,0.717,1.029,0.9730621755993633,0.9774691914019962,0.9641869658931864,0.9652570834723057
2016-10-04,0.822,1.147,0.782,0.88,0.9721361838023547,0.9681864112684727,0.9608855162503164,0.9635688243936461
2016-10-05,0.426,0.771,0.361,0.759,0.97001542575457,0.9482638959095706,0.9529684371816766,0.959517956583871
2016-10-06,1.103,1.114,0.846,0.98,0.970114774752037,0.951286382013421,0.9540284984686697,0.9599235416020121
2016-10-07,1.202,1.346,1.1,1.155,0.9719544287346038,0.9706876789645238,0.9619097338228395,0.9637864417683089
2016-10-10,1.202,1.518,0.834,0.913,0.9713678175034137,0.9651936143012358,0.9599917050454733,0.9627807696540849
2016-10-11,1.202,1.518,0.834,1.101,0.9726576899660663,0.9781275557963562,0.9655214421025136,0.9655177841163802
2016-10-12,1.202,1.518,0.807,0.98,0.9727307477773492,0.9783058838157509,0.9660892286867288,0.9658045606685312
2016-10-13,1.075,1.535,0.96,0.966,0.9726637751626492,0.9771338948809175,0.9660857295225433,0.9658084307543028
2016-10-14,1.075,1.535,0.661,0.924,0.9721795584943642,0.9720735239398778,0.9644353087569534,0.9649805410363957
2016-10-17,1.075,1.535,0.661,0.943,0.9718892146287487,0.9693046168979846,0.9635947084135434,0.9645452827980513
2016-10-18,1.075,1.535,0.661,0.964,0.9718107149807014,0.9687994152886528,0.9636106022012476,0.964534485118882
2016-10-19,1.075,1.651,0.661,0.937,0.9714643397072615,0.9657708995468763,0.9625670491737477,0.9639892477897952
2016-10-20,1.075,1.651,0.661,0.972,0.9714696696604231,0.9663641472090786,0.9629369688139929,0.964147876546433
2016-10-21,1.075,1.651,0.633,0.943,0.9711863893652946,0.9641389903320234,0.9621551268997187,0.9637291067138304
2016-10-24,1.075,1.651,0.633,0.905,0.9705278183268339,0.9585067055384974,0.9599137493742396,0.9625661541056357
2016-10-25,1.075,1.651,0.633,0.943,0.9702539096867658,0.9570298764395928,0.9592504650850537,0.9621787055094845
2016-10-26,1.075,1.651,0.633,0.89,0.9694553633217234,0.9506460786834411,0.9565347605719143,0.960749424212267
2016-10-27,1.075,1.651,0.633,0.82,0.9679682452787212,0.9382035949993038,0.9511804562357609,0.9579623069011329
2016-10-28,1.075,1.651,0.633,1.104,0.9693217950769428,0.953993728808894,0.957173379520633,0.9608541424080412
2016-10-31,1.075,1.651,0.633,1.033,0.9699554090562768,0.9615181355889993,0.9601469724806081,0.9622827732514464
2016-11-01,1.075,1.651,0.633,1.414,0.9743737631950202,1.004611646485285,0.977945130422545,0.9712276688306257
2016-11-02,1.075,1.651,0.633,1.285,0.977464571521438,1.0313152992009722,0.989986497856955,0.9774409823191282
2016-11-03,1.075,1.651,0.633,1.171,0.979390297177941,1.0446186040389749,0.997085066568447,0.9812738341543931
2016-11-04,1.075,1.651,0.633,1.351,0.9830879061612451,1.0737977846066915,1.0109640835657627,0.9885951443691575
2016-11-07,1.075,1.868,0.633,1.197,0.9852163847069043,1.0855313289298638,1.0182596097004386,0.9927219731935306
2016-11-08,1.075,1.868,0.633,1.459,0.9899306495356913,1.1210997737936863,1.0355435465749312,1.001955201447124
2016-11-09,1.075,1.868,0.633,1.057,0.9905980062567292,1.1149950334323828,1.0363849761210122,1.003045197458072
2016-11-10,1.075,1.868,0.528,0.876,0.989457727587508,1.0922336016769179,1.0300953692143058,1.000529450973754
2016-11-11,1.075,1.868,0.528,1.051,0.9900700885070354,1.0883065919934019,1.030915158656882,1.001528867786155
2016-11-14,1.075,1.868,0.528,0.907,0.9892435204621892,1.0710392975178398,1.0260557406703377,0.9996570090181123
2016-11-15,1.075,1.868,0.528,0.918,0.9885346297113217,1.0564641263256647,1.02181826064405,0.9980400385425061
2016-11-16,1.075,1.868,0.528,1.026,0.9889074194654379,1.0535627809613157,1.0219822504227147,0.9985937011456248
2016-11-17,1.075,1.868,0.528,0.871,0.9877342113115529,1.0361758494411903,1.0160613778571181,0.9960670932021471
2016-11-18,1.075,1.868,0.528,0.944,0.9872990450298459,1.027397197113458,1.0132354414705644,0.9950360616535898
2016-11-21,0.997,0.997,0.738,0.835,0.9857836316464643,1.0090736545312238,1.006245816314856,0.9918670307297563
2016-11-22,1.333,1.333,0.927,0.989,0.9858156353116736,1.0071618779092024,1.0055695097927049,0.9918102578440186
2016-11-23,1.137,1.256,0.924,0.955,0.9855090120747415,1.002194080013088,1.0035863917616183,0.9910813418471073
2016-11-25,0.88,0.88,0.558,0.774,0.9834044447904158,0.980461310488032,0.994583003849398,0.9867827014144913
2016-11-28,0.533,0.923,0.533,0.923,0.9828034055387699,0.974988804727267,0.991775827227853,0.9855196776241053
2016-11-29,0.781,1.047,0.778,0.962,0.9825964064786826,0.9737517757056225,0.9906081477287215,0.985053941433529
2016-11-30,0.624,0.921,0.624,0.901,0.9817845019366062,0.9668230351622299,0.9870941027197521,0.9833895069496967
2016-12-01,0.906,1.097,0.876,0.949,0.9814582879869882,0.9651256032420176,0.9856002163385853,0.9827085266140592
2016-12-02,0.802,0.988,0.743,0.923,0.9808766134796549,0.9611136410284921,0.9831453058939349,0.9815261795523946
2016-12-05,0.675,0.867,0.65,0.866,0.9797335625992604,0.9520551990257785,0.9785513723294669,0.9792385324325452
2016-12-06,0.915,1.067,0.818,0.828,0.9782237759067304,0.9402404181661805,0.9726473969439976,0.9762437100081384
2016-12-07,1.106,1.126,0.688,0.842,0.976868315449947,0.9308841878646396,0.9675239696128605,0.9735854187208485
2016-12-08,0.549,0.752,0.541,0.752,0.9746308197738281,0.9138475985441977,0.9590720492358855,0.9691975886471683
2016-12-09,0.662,0.886,0.566,0.814,0.9730325031591632,0.9043383034447503,0.9533829492658508,0.9661243690699967
2016-12-12,0.688,0.824,0.634,0.797,0.9712809359635497,0.8941156078785836,0.9472502845887586,0.96277537166267
2016-12-13,0.805,0.805,0.391,0.605,0.9676363495360517,0.8665807880806232,0.9338287048009641,0.9556907108376667
2016-12-14,0.752,0.912,0.659,0.898,0.966943450535693,0.8695730939777068,0.9324236575538675,0.9545483205240495
2016-12-15,0.751,0.908,0.736,0.854,0.9658196351074771,0.8680899421703061,0.9293482200027354,0.9525572646720881
2016-12-16,0.726,0.915,0.507,0.91,0.9652642158526764,0.8720813762493246,0.928589466277138,0.9517145465597695
2016-12-19,1.176,1.228,0.823,1.171,0.9673113380829981,0.9005498166065318,0.9380957617172503,0.9560568327665068
2016-12-20,0.812,0.95,0.615,0.939,0.9670296332264509,0.9042117388344811,0.938131222042064,0.9557190737018235
2016-12-21,1.587,1.587,0.726,0.92,0.9665616766769339,0.9057153827550067,0.9374201937266889,0.9550117653116884
2016-12-22,0.955,1.007,0.686,0.893,0.9658297196950739,0.9045043939211965,0.9356782253452501,0.9537838095629421
2016-12-23,0.656,0.873,0.656,0.864,0.9648164886533319,0.9006468325953683,0.9328673145473972,0.9520059123438739
2016-12-27,0.756,1.06,0.71,1.02,0.9653655783184729,0.9120138009196189,0.936284282604362,0.9533523299212229
2016-12-28,1.672,1.672,0.73,0.911,0.9648246272904284,0.9119172484510838,0.9352927421100733,0.9525136699227829
2016-12-29,1.227,1.227,0.882,0.944,0.9646174170686331,0.9149727485985997,0.9356342032037959,0.9523450823995594
2016-12-30,1.083,1.174,0.943,1.088,0.965845104460985,0.9314515344463521,0.9416093324899215,0.9550313183916473
2017-01-03,0.82,0.995,0.75,0.978,0.9659660486952041,0.9358847216419376,0.9430364174903167,0.9554861437700306
2017-01-04,0.95,0.98,0.826,0.875,0.9650609138823165,0.9300861767236578,0.940368322686775,0.9538923587448814
2017-01-05,0.681,1.21,0.628,1.153,0.966930954540204,0.951316064654738,0.9487068198363132,0.9578350843142898
2017-01-06,0.681,1.218,0.628,0.972,0.9669813928034855,0.9532859632590486,0.949620277881948,0.9581155776942049
2017-01-09,1.042,1.313,0.953,1,0.9673099361586747,0.9577349191391392,0.9515959532591265,0.9589449721953097
2017-01-10,0.501,0.935,0.456,0.888,0.966520782565056,0.951093498268745,0.9491019943077882,0.9575401212607492
2017-01-11,1.028,1.099,0.617,0.845,0.9653116205494833,0.9409893555764836,0.9450195631584631,0.955311604008061
2017-01-12,0.991,1.378,0.965,1.072,0.9663731964644138,0.9534665598072947,0.9499991881326411,0.9576222653148321
2017-01-13,0.991,1.378,0.645,0.919,0.9659018213752156,0.9501840303018381,0.9487835336960669,0.9568574679818651
2017-01-17,0.991,1.378,0.645,0.955,0.9657933455406363,0.9506426940826154,0.949027316688378,0.9568206864376697
2017-01-18,1.629,1.629,1.019,1.077,0.9668998794158539,0.9626767232176043,0.9540458532888338,0.9592004748250426
2017-01-19,1.629,1.629,0.652,0.942,0.9666521194216663,0.9607075114825944,0.9535734668853502,0.9588598713631605
2017-01-20,1.408,1.464,0.949,1.007,0.9670535908702069,0.9651163199128234,0.955668625046709,0.9598131412371573
2017-01-23,1.408,1.464,0.818,0.948,0.9668640029013491,0.9634861942068402,0.9553678946527204,0.9595792176483027
2017-01-24,1.408,1.464,0.621,0.757,0.9647758038675048,0.9438208423776173,0.9475887615290843,0.9555677479919007
2017-01-25,1.408,1.464,0.46,0.72,0.9623402237295197,0.9225045716749871,0.9386637120573555,0.950903040110873
2017-01-26,1.408,1.464,0.46,0.871,0.9614313657819622,0.9175993743726074,0.9360102331531456,0.949320801692836
2017-01-27,1.408,1.464,0.46,1.002,0.9618350337841317,0.9256375291942639,0.9385980671471399,0.950363954134562
2017-01-30,1.086,1.419,1.059,1.087,0.9630804563335433,0.9410053835567149,0.9444177507884285,0.9530696184091251
2017-01-31,1.009,1.282,1.009,1.025,0.9636965711958961,0.9490048708370278,0.9475778389928038,0.9544939824010236
2017-02-01,1.008,1.419,0.716,0.915,0.963212028198922,0.9457663117096918,0.9463002766793605,0.9537119233435776
2017-02-02,0.946,1.064,0.861,0.861,0.9621949930924651,0.9376933296421022,0.9429551677899738,0.9518760436734077
2017-02-03,1.132,1.142,0.761,0.764,0.960222903608958,0.9211511077714257,0.93593731807272,0.9481557259769046
2017-02-06,1.015,1.097,0.836,1.047,0.9610863573043913,0.9331367165550994,0.9402927173639858,0.9501130383337976
2017-02-07,0.675,1.284,0.666,1.101,0.9624785328536013,0.9491236959308043,0.9465949637418687,0.953100898960851
2017-02-08,1.078,1.244,0.908,0.974,0.9625931743177446,0.9514928677469181,0.9476696710461091,0.9535147425457847
2017-02-09,0.926,0.964,0.712,0.934,0.9623086651205531,0.9498268803424497,0.9471336055148891,0.9531283120003237
2017-02-10,0.777,0.994,0.712,0.984,0.9625244992984581,0.9530814631669783,0.9485793464750896,0.9537396325547727
2017-02-13,0.585,0.676,0.569,0.664,0.9595541062706127,0.9255498952463137,0.9374193721035174,0.9480022140883415
2017-02-14,0.545,0.731,0.545,0.702,0.9569913788450344,0.9042594290323791,0.9281872398641638,0.9431308831162951
2017-02-15,1.709,1.709,0.803,0.837,0.9557974347769246,0.8978537691245335,0.9246112696734123,0.9410292814704279
2017-02-16,0.477,0.916,0.477,0.888,0.9551228334358607,0.896915314922197,0.9231755336077884,0.9399791966888352
2017-02-17,1.156,1.313,0.934,0.936,0.9549325564862501,0.9006376658819878,0.9236784538584634,0.9399004007147989
2017-02-21,0.674,0.832,0.615,0.82,0.9535899439838993,0.8929578881789413,0.9196126321385236,0.9375261353541098
2017-02-22,0.831,1.069,0.814,0.89,0.9529572082228654,0.8926761845428517,0.9184513524468169,0.9365850237629393
2017-02-23,0.849,0.985,0.794,0.835,0.9517835046584588,0.8871832145863896,0.9151787503900789,0.9345734391339702
2017-02-24,0.708,0.836,0.527,0.829,0.9505617782439468,0.8816419560543525,0.9117991915512522,0.9324828759828024
2017-02-27,0.464,0.831,0.464,0.828,0.949342258062415,0.8765331983348903,0.9085129487453207,0.9304139081415588
2017-02-28,0.951,1.21,0.876,1.193,0.9517667132060725,0.9066728937315675,0.9196693036964846,0.9356136327328151
2017-03-01,0.727,0.887,0.628,0.868,0.9509332135721813,0.9029897609952277,0.9176430564927008,0.9342747489163237
2017-03-02,0.951,1.043,0.859,1.024,0.9516602462729556,0.9145145456623488,0.9218139170223989,0.936051486561545
2017-03-03,0.641,0.954,0.641,0.945,0.951593975165762,0.9174179222659347,0.9227231751783832,0.936228684847455
2017-03-06,0.985,1.067,0.738,0.901,0.9510905525272968,0.91585431062156,0.9218712859557016,0.9355310871277035
2017-03-07,0.905,0.959,0.709,0.837,0.9499553231489157,0.9083443762766495,0.9185430002319486,0.9335799764915114
2017-03-08,0.83,1.09,0.83,0.977,0.9502244244111155,0.9148830071074449,0.9208354315954016,0.934439778937224
2017-03-09,1.16,1.198,0.946,1.122,0.9519336341184677,0.9346084350019739,0.9287242381995034,0.9381538427206453
2017-03-10,0.619,0.955,0.567,0.884,0.951257677560075,0.9297885840494049,0.9269703465054053,0.9370814893994444
2017-03-13,0.789,0.946,0.775,0.946,0.9512053623604723,0.9313325284256521,0.927716607426762,0.9372580935697524
2017-03-14,0.999,1.267,0.9,0.929,0.9509844134812636,0.9311103828613042,0.9277669365472812,0.9370945669644108
2017-03-15,0.739,1.039,0.699,0.714,0.9486263596157783,0.91043320354118,0.91938391942778,0.9326768527670958
2017-03-16,0.911,1.022,0.786,0.909,0.948232067480298,0.9102967079658295,0.9189767069012004,0.9322080041974503
2017-03-17,1.162,1.282,0.923,0.961,0.9483591115849717,0.9151255929214648,0.9206246791795847,0.9327781427281938
2017-03-20,1.116,1.286,0.996,1.059,0.9494600159473102,0.9288279174051348,0.9260511623490127,0.9352775854464475
2017-03-21,1.116,1.286,0.753,1.007,0.9500325531020634,0.9362728776522649,0.9292256265706201,0.936697831279191
2017-03-22,1.116,1.286,0.753,0.987,0.9504003883945802,0.941104032161573,0.9314912882737331,0.937693913828118
2017-03-23,1.116,1.286,0.753,1.147,0.9523566034354302,0.9607131719557089,0.9399426103022142,0.9418385888018186
2017-03-24,1.116,1.399,0.753,1.216,0.9549799208141821,0.9850262031980224,0.9507683902903626,0.9472675276374262
2017-03-27,1.116,3.162,0.753,1.092,0.9563433046866778,0.9952141838458297,0.9563068847887798,0.9501335171891603
2017-03-28,1.116,3.162,0.727,0.872,0.9555040678241238,0.9834794996700364,0.9530007324441218,0.9485863188289789
2017-03-29,1.162,3.162,0.693,0.829,0.9542453208806002,0.9687671663681282,0.9481379586227836,0.9462182729115735
2017-03-30,1.116,3.162,0.542,0.936,0.9540637753992012,0.9656464838568779,0.9476619602454196,0.9460159308737205
2017-03-31,1.116,3.162,0.542,1.189,0.956401449275826,0.9869182472990801,0.9571261970985404,0.9508274965989933
2017-04-03,1.116,3.162,0.542,0.986,0.9566959622183552,0.9868307951753581,0.9582585030946761,0.9515239818148549
2017-04-04,1.116,3.162,0.542,1.12,0.9583208780171775,0.9995135765872287,0.9646013068948849,0.9548601405907984
2017-04-05,1.116,3.162,0.542,0.919,0.9579296254995936,0.9918456169122546,0.9628130203499874,0.9541500387969212
2017-04-06,1.116,3.162,0.542,0.899,0.9573432610667618,0.9830031772063256,0.9603105489637134,0.9530579588207445
2017-04-07,1.162,3.162,0.542,0.955,0.9573199450362467,0.9803362079485802,0.9601022921416069,0.9530964150817198
2017-04-10,1.116,3.162,0.512,1.048,0.9582222341403637,0.986780378620144,0.9635492610772302,0.9549756939909927
2017-04-11,1.116,3.162,0.512,0.911,0.9577523611638427,0.9795631997039398,0.9614885057408682,0.9541048881693889
2017-04-12,1.116,3.162,0.512,0.953,0.957705073988083,0.9770333711607074,0.9611556231627949,0.9540830091957376
2017-04-13,1.116,3.162,0.494,0.974,0.9578672125553658,0.9767444786692114,0.9616593242152344,0.9544774050532477
2017-04-17,1.162,3.162,0.494,0.851,0.9568038572065561,0.9647688140340485,0.9573197428734604,0.9524283475274409
2017-04-18,1.162,3.162,0.494,0.647,0.9537212317617147,0.9345051174593771,0.9451503411921482,0.9463802614377885
2017-04-19,1.162,3.162,0.494,0.743,0.9516245030874688,0.9162665348441984,0.9372228768316718,0.9423529295281293
2017-04-20,1.162,3.162,0.494,0.905,0.9511605776836134,0.9151935315257033,0.9359592346029788,0.9416132675572753
2017-04-21,1.162,3.162,0.494,1.046,0.9521042535275576,0.9276512904280172,0.9402745587361954,0.943680331566042
2017-04-24,1.162,3.162,0.494,1.051,0.9530882908058903,0.9393987865777298,0.9446167329034034,0.9458054735152294
2017-04-25,1.116,3.162,0.494,0.832,0.9518834321909063,0.9291703307131841,0.9402003904366033,0.9435518997822545
2017-04-26,1.116,3.162,0.494,0.786,0.9502328507760714,0.9155350611214523,0.9341533163018345,0.9404320601826059
2017-04-27,1.116,3.162,0.494,0.923,0.9499618771365086,0.916246007681314,0.9337159313488214,0.9400868708720593
2017-04-28,1.116,3.162,0.494,0.961,0.950071709204802,0.920508292664046,0.9347858948253381,0.9405009922409294
2017-05-01,1.116,3.162,0.494,0.847,0.9490461200584855,0.9135075028865178,0.9313433107145406,0.9386494874440794
2017-05-02,1.116,3.162,0.494,0.747,0.9470357109036748,0.8976496454687543,0.9241141612747547,0.9348544480887511
2017-05-03,1.116,3.162,0.494,1.037,0.9479308779593596,0.9109211078050634,0.9285410569110388,0.9368771322850135
2017-05-04,1.162,3.162,0.494,0.91,0.9475534562881222,0.9108333832522002,0.9278139566400178,0.936344911843726
2017-05-05,1.162,3.162,0.494,1.006,0.9481350139369965,0.9198968705615145,0.930880075987468,0.9377242205200879
2017-05-08,1.162,3.162,0.494,0.851,0.9471684963853846,0.9133352638413702,0.9277475239879595,0.9360069092226604
2017-05-09,1.162,3.162,0.494,0.741,0.9451170685606544,0.8969223815707635,0.9204240916747062,0.9321453862677562
2017-05-10,1.162,3.162,0.494,0.937,0.9450363017093045,0.9007392976116432,0.9210741272953059,0.9322415172327512
2017-05-11,1.162,3.162,0.494,0.912,0.9447075822893114,0.9018117454581533,0.9207182791660782,0.9318406951093303
2017-05-12,1.162,3.162,0.494,0.847,0.9437353675401641,0.8965915792240435,0.9178273662576045,0.9301606813447891
2017-05-15,1.162,3.162,0.494,0.748,0.9417877519427496,0.8824400002503251,0.9111674695416201,0.9265535391399419
2017-05-16,1.162,3.162,0.494,0.791,0.9402873763015281,0.8737314287979132,0.9064550197556742,0.9238693106421212
2017-05-17,1.162,3.162,0.494,1.095,0.9418268053930552,0.8948046260552548,0.9138489405495693,0.9272580371640594
2017-05-18,1.162,3.162,0.494,1.131,0.9437091257374028,0.9172994235738019,0.9223646683711548,0.9312925314776423
2017-05-19,0.494,2.087,0.494,0.995,0.9442194826952396,0.924699478471535,0.9252131127487566,0.9325540655077881
2017-05-22,0.699,0.857,0.59,0.857,0.9433516271460333,0.9182519090932936,0.9225380887193936,0.931057945398723
2017-05-23,0.926,0.935,0.723,0.899,0.9429103174231872,0.9164183939415513,0.9216150264166723,0.9304231345987483
2017-05-24,0.541,0.943,0.541,0.933,0.9428117072995734,0.9179975945185465,0.9220614959689596,0.9304741616363968
2017-05-25,0.932,0.932,0.791,0.857,0.9419578594657468,0.9121882998024944,0.9195100647544906,0.9290192277426068
2017-05-26,0.849,1.042,0.815,0.908,0.941619970316834,0.9117894141070187,0.9190586896660792,0.92860300541107
2017-05-30,0.758,1.092,0.677,0.935,0.9415540999654227,0.9139999460968264,0.9196838390909389,0.9287296785712468
2017-05-31,0.838,1.371,0.838,1.012,0.9422550541946225,0.9233332845637954,0.9233040806952157,0.9303785958272617
2017-06-01,0.851,1.095,0.819,1.001,0.9428395810185566,0.9307301146053386,0.9263509794914818,0.9317770394742466
2017-06-02,0.712,0.822,0.666,0.822,0.9416371971278247,0.9203748655953063,0.922258784217306,0.9296032367123803
2017-06-05,0.803,0.849,0.652,0.738,0.9396109563603836,0.9030058307767057,0.9150329495421176,0.9258091132131253
2017-06-06,0.928,1.11,0.555,0.771,0.9379332354015738,0.8904338468932099,0.9093845985796816,0.922743586218806
2017-06-07,0.835,0.927,0.648,0.899,0.9375458400244437,0.8912496709986185,0.908977359419694,0.9222734161946713
2017-06-08,0.479,0.701,0.307,0.701,0.9351921500739517,0.8731306547130357,0.9008213845404903,0.9178917643888362
2017-06-09,0.847,1.063,0.812,1.06,0.9364340192274447,0.8909277352165561,0.9070636831859613,0.920705788856384
2017-06-12,0.75,0.966,0.739,0.966,0.9367282080908532,0.8980774747197412,0.9093749112963158,0.9216027039285348
2017-06-13,0.792,0.97,0.718,0.969,0.9370493204481581,0.9048320009369087,0.9117131500690092,0.9225412642467816
2017-06-14,0.793,0.939,0.748,0.837,0.9360538048218083,0.8983718103714888,0.9087832226153226,0.9208473778260533
2017-06-15,0.902,1.146,0.777,0.979,0.9364811301469644,0.9060506855742042,0.9115368217284472,0.9219989148988047
2017-06-16,0.979,1.093,0.82,1.093,0.9380385318370444,0.9238553821861848,0.9186530247979199,0.9253850749998185
2017-06-19,0.692,0.888,0.652,0.804,0.9367048151023475,0.9124405838827386,0.9141568277470211,0.9229814101483369
2017-06-20,0.692,0.987,0.601,0.833,0.9356729263948614,0.9048748139891445,0.9109742070510595,0.9211996000463897
2017-06-21,0.692,1.54,0.601,0.892,0.9352383699133205,0.9036486412282736,0.9102301205000375,0.920621390144481
2017-06-22,0.922,0.939,0.743,0.805,0.9339424657350786,0.8942535325398666,0.9061034491078792,0.9183318576663725
2017-06-23,0.767,0.975,0.739,0.964,0.9342415456780131,0.9008960532503555,0.9083739020840408,0.9192361773165433
2017-06-26,0.767,0.975,0.582,0.799,0.9328958586563413,0.8911916672265121,0.9040847294532941,0.9168552629142355
2017-06-27,0.767,0.975,0.582,0.772,0.9312949048388652,0.8798400798716062,0.8989049361414002,0.9139868418664289
2017-06-28,0.767,1.001,0.582,0.946,0.9314412241937023,0.886141024645739,0.9007518013907571,0.914620765789866
2017-06-29,0.767,1.001,0.526,0.983,0.9319542468385411,0.8953656889651924,0.9039772209440607,0.9159748100316508
2017-06-30,0.767,1.126,0.526,1.124,0.9338651498550731,0.9171403852542217,0.9126055652207643,0.9200941207240934
2017-07-03,0.767,1.126,0.526,0.96,0.9341251981152215,0.9212222533252482,0.9144641705062245,0.9208843361552994
2017-07-05,0.767,1.126,0.526,0.923,0.9340144996265128,0.9213915625323674,0.9147989089177452,0.9209262304888578
2017-07-06,0.767,1.26,0.526,1.073,0.9353974399287366,0.9358304613388087,0.9210028732739121,0.9239375922613556
2017-07-07,0.767,1.26,0.526,0.923,0.9352740823175054,0.9346085126398745,0.9210811919690528,0.9239190260779625
2017-07-10,0.458,0.918,0.458,0.916,0.9350823004038984,0.9328362733408389,0.9208819295388939,0.9237622136803791
2017-07-11,0.458,1.441,0.458,1.064,0.9363650635839591,0.9453280568321876,0.9264944028903098,0.9265391995480944
2017-07-12,0.458,1.441,0.458,0.707,0.9340828241453127,0.9226301466576935,0.9178867792475526,0.9221918886659539
2017-07-13,0.458,1.441,0.458,0.873,0.9334750348503345,0.9179034660236275,0.9161265133947074,0.9212177918606875
2017-07-14,0.458,1.441,0.458,0.835,0.9324951837572963,0.9100078978309011,0.9129450814968757,0.9195105088535452
2017-07-17,0.458,1.441,0.458,0.991,0.9330773212323481,0.9177214313708153,0.9160060586930766,0.9209261423415939
2017-07-18,0.458,1.441,0.458,0.868,0.9324297856976979,0.9129860569545472,0.9141234681560932,0.9198780999189881
2017-07-19,0.458,1.441,0.458,0.775,0.9308633201683675,0.8998445277207807,0.9086676458754621,0.9170092266532656
2017-07-20,0.458,1.441,0.458,0.743,0.928994033400523,0.8849069536521349,0.9021708754489735,0.9135634993928049
2017-07-21,0.458,1.441,0.458,0.747,0.9271831474960401,0.8717729580662172,0.8960857430784255,0.9102652122761157
2017-07-24,0.458,1.441,0.458,0.823,0.9261464992622487,0.8671279144408632,0.8932196355067226,0.908537188270648
2017-07-25,0.458,1.441,0.458,0.801,0.9249012604636193,0.8608300178274477,0.8896031792123413,0.9064077389979619
2017-07-26,0.786,0.788,0.492,0.738,0.9230415464291555,0.8491319208915004,0.8836579564981318,0.903072932285131
2017-07-27,0.791,0.909,0.647,0.904,0.9228520783054823,0.854357452235167,0.8844556836942835,0.903091290061663
2017-07-28,0.974,1.069,0.707,0.83,0.9219281770288109,0.8520376948794368,0.8823201666866646,0.9016439377832143
2017-07-31,0.999,1.065,0.874,0.918,0.9218890906902157,0.8583198191766334,0.8837193758362072,0.9019678202033486
2017-08-01,0.757,0.884,0.704,0.883,0.9215021345639449,0.8606703125883826,0.883691165019101,0.9015922198032823
2017-08-02,0.942,1.099,0.738,0.923,0.921517038697637,0.8666064732942509,0.8852326879595285,0.9020161362428213
2017-08-03,0.847,1.065,0.804,1.008,0.92237756567577,0.8800725234567032,0.8900470923532725,0.9041148266142506
2017-08-04,0.943,1.014,0.852,1.002,0.9231698287038718,0.8916846640798743,0.8944374024570657,0.9060531468793149
2017-08-07,0.915,1.082,0.806,0.894,0.9228795816520919,0.8919051722627435,0.8944202494195337,0.9058144707034869
2017-08-08,1.184,1.25,0.725,0.927,0.9229205808396334,0.8952475368091488,0.8956978866971991,0.906233986135101
2017-08-09,1.028,1.194,0.957,1.02,0.9238865452093883,0.9071287237797061,0.9005724793757403,0.9084867784888614
2017-08-10,1.298,1.303,0.813,0.934,0.9239871766003397,0.9096878929435436,0.9018833625374759,0.9089919907960127
2017-08-11,0.946,0.996,0.837,0.973,0.924474866385411,0.9157176174251108,0.9046722502811043,0.9102594761267847
2017-08-14,0.697,0.844,0.603,0.844,0.9236741214462527,0.9088873681465288,0.902292946348512,0.9089474072925909
2017-08-15,0.886,1.043,0.886,0.947,0.9239062197403198,0.9125171426087642,0.9040461641387664,0.9097009239798663
2017-08-16,2.667,2.667,0.961,0.965,0.924315113076237,0.917515509979358,0.9064365106431285,0.9107959551881858
2017-08-17,0.879,1.076,0.569,1.07,0.9257647139411501,0.9320378423622764,0.9128507651277117,0.913948510530994
2017-08-18,1.021,1.124,0.836,1.111,0.9276078511158651,0.949081857375393,0.9206213233579975,0.9178505202234496
2017-08-21,0.999,1.041,0.897,0.988,0.9282087680201848,0.952788347149165,0.9232636244027819,0.9192396188328862
2017-08-22,0.999,1.139,0.896,1.023,0.9291519643582924,0.959475171230197,0.927174854818359,0.9212942798460964
2017-08-23,0.879,1.098,0.805,0.941,0.9292698552601999,0.9577156311130354,0.9277170173745019,0.9216844921263717
2017-08-24,0.972,1.168,0.762,1.09,0.9308691601829839,0.9703141424356034,0.9340810559088352,0.925017472480305
2017-08-25,0.888,1.011,0.871,1.001,0.9315669794846457,0.973236605060784,0.9367053282261357,0.9265220769856455
2017-08-28,1.037,1.179,0.87,0.927,0.931521536902709,0.9688331188645188,0.9363247271192284,0.9265315408077119
2017-08-29,1.017,1.059,0.571,0.772,0.9299342579285527,0.9500871075440884,0.9298806201733764,0.9234715102966682
2017-08-30,0.572,0.834,0.383,0.834,0.9289796881979203,0.9390311925398895,0.9261205958528518,0.9216997972214866
2017-08-31,1.065,1.335,0.949,1.057,0.9302535221461997,0.9502663170599001,0.9312531215056811,0.9243790091576949
2017-09-01,0.871,0.874,0.639,0.835,0.9293057259059391,0.9392885725780048,0.9274784892897721,0.9226091277882356
2017-09-05,1.287,1.315,1.04,1.168,0.9316807933098601,0.9610706132848614,0.9369107053960555,0.9274683529805477
2017-09-06,0.851,0.978,0.735,0.946,0.9318232729784187,0.9596353167815412,0.9372671483217003,0.9278353162878636
2017-09-07,0.937,1.202,0.868,1.13,0.9337951807099767,0.9758605247071087,0.9448252993679082,0.9318385773514704
2017-09-08,0.912,1.083,0.671,1.082,0.935269855528783,0.9859690461635745,0.950204699392696,0.934812070869263
2017-09-11,0.912,1.162,0.671,0.932,0.9352373196528747,0.9808291370051389,0.9494907896125903,0.9347563862975944
2017-09-12,0.912,1.162,0.671,0.841,0.9342996348802093,0.9675120763379828,0.945236248843469,0.9328998241926916
2017-09-13,0.957,0.973,0.714,0.812,0.9330827230903564,0.9527014024010321,0.940011297908431,0.9305057682680838
2017-09-14,0.957,0.973,0.706,0.792,0.9316789149004027,0.9373965069342671,0.9342069332845709,0.9277630797875277
2017-09-15,1.12,1.12,0.798,1.081,0.9331646968416922,0.9510730300833845,0.9399635241361564,0.9307974742471806
2017-09-18,1.12,1.157,0.798,0.913,0.9329640530920237,0.9474470272183003,0.9389061310327776,0.9304450490145632
2017-09-19,1.12,1.157,0.749,0.763,0.9312728684841428,0.9298806436737003,0.9320078513844334,0.9271293054697203
2017-09-20,1.12,2.01,0.749,0.882,0.9307825911857931,0.9253205823714431,0.9300467591732792,0.9262356558564585
2017-09-21,1.12,2.01,0.749,0.84,0.9298792818207603,0.9171948126217818,0.9265155137155036,0.9245280191068257
2017-09-22,1.12,2.01,0.608,0.98,0.9303779954344841,0.923176259038755,0.9286129445501897,0.9256264741740172
2017-09-25,1.12,2.01,0.399,0.704,0.9281254780669768,0.9023023296064926,0.9198045937835156,0.9212378311210664
2017-09-26,1.12,2.01,0.399,0.939,0.9282336822653153,0.9057973458344457,0.920557354811613,0.9215895572374809
2017-09-27,1.12,2.01,0.399,0.831,0.9272661829392923,0.898673789088308,0.9170453016817459,0.9197957046189169
2017-09-28,1.12,2.01,0.399,0.725,0.9252535841040754,0.8821334282227549,0.909514113380501,0.9159383639333938
2017-09-29,1.12,2.01,0.399,1.066,0.9266540459537861,0.8996445302967783,0.9156508148165599,0.9189098814792672
2017-10-02,1.12,2.01,0.399,0.932,0.9267072395263852,0.902726003601847,0.9162919593335576,0.9191690917470045
2017-10-03,1.12,2.01,0.399,0.717,0.9246206003271177,0.8850378127826234,0.9084765883793005,0.9151657433955787
2017-10-04,1.12,2.01,0.399,0.832,0.9236990023139126,0.8799865925176117,0.905477506482073,0.9135188969917059
2017-10-05,1.12,2.01,0.399,0.84,0.9228661764202418,0.8761783456111725,0.9029097611298349,0.9120630772492958
2017-10-06,1.12,2.01,0.399,0.874,0.9223799458090951,0.8759708841243942,0.9017760450070963,0.9113093529473295
2017-10-09,1.12,2.01,0.399,0.977,0.9229234289353727,0.8855927046839757,0.9047260040264259,0.9126101578394616
2017-10-10,1.12,2.01,0.399,0.729,0.9209938425778068,0.8706791137616923,0.8978347881822524,0.9089743131297693
2017-10-11,1.12,2.01,0.399,0.898,0.9207650481242963,0.8732811029272454,0.897841267077066,0.9087569999984867
2017-10-12,1.12,2.01,0.399,1.05,0.9220509680434575,0.8901114740770315,0.9038082762112988,0.9115538910876255
2017-10-13,1.12,2.01,0.399,0.857,0.9214036947295923,0.8869580003554095,0.9019726575363459,0.9104736160165834
2017-10-16,1.12,2.01,0.399,1.168,0.9238573893093973,0.9137239050834657,0.9124051023388422,0.9155731483726907
2017-10-17,1.12,2.01,0.399,0.835,0.9229732361819406,0.9062263903136119,0.9093696081294759,0.9139776404841226
2017-10-18,1.12,2.01,0.399,0.946,0.923202358209981,0.9100143531408869,0.9108060940851826,0.9146117466131498
2017-10-19,1.12,2.01,0.399,0.976,0.9237277078795334,0.9162987004608024,0.913362717846548,0.9158273555911073
2017-10-20,1.12,2.01,0.399,0.813,0.9226259396419261,0.9064607289883451,0.9094269249898206,0.9137911703318774
2017-10-23,1.12,2.01,0.399,0.984,0.9232366268096681,0.9138454214656455,0.9123513593039453,0.9151814441866917
2017-10-24,1.12,2.01,0.399,0.785,0.9218611379856914,0.9015744289451079,0.9073571883508494,0.9126035938067572
2017-10-25,1.12,2.01,0.399,1.16,0.9242306789012567,0.9261863880931929,0.9172647495919926,0.917502532543257
2017-10-26,1.12,2.01,0.399,0.873,0.9237209209022392,0.9211210177986031,0.9155288770589732,0.9166212942750737
2017-10-27,1.12,2.01,0.399,0.883,0.9233157376096797,0.9174904446749266,0.9142532348213664,0.9159555260716069
2017-10-30,1.12,2.01,0.399,0.94,0.9234817501707774,0.919634211848743,0.9152629118871952,0.9164316542682087
2017-10-31,1.12,2.01,0.399,0.87,0.9229495934526601,0.9149071440536247,0.9134878957347562,0.9155122155698283
2017-11-01,1.12,2.01,0.399,0.946,0.9231789507317382,0.91786836842947,0.9147628802157461,0.9161159340733961
2017-11-02,1.12,2.01,0.399,0.866,0.9226100059483378,0.9129285238171395,0.9128506104033639,0.9151235393392695
2017-11-03,1.12,2.01,0.399,0.936,0.9227432397199961,0.9151258072631262,0.913758429603232,0.9155369345998781
2017-11-06,1.12,2.01,0.399,0.918,0.9226960433048718,0.9153995399047332,0.9139247656972228,0.9155857081721577
2017-11-07,1.12,2.01,0.399,1.023,0.9236940926252213,0.9256472027709491,0.9182022258659591,0.9177127238519169
2017-11-08,1.12,2.01,0.399,0.972,0.9241747484199953,0.9300617548880016,0.9203119424986667,0.9187877194192057
2017-11-09,1.12,2.01,0.399,1.097,0.9258944026645725,0.9459606353748585,0.9272408859300915,0.9223166754703105
2017-11-10,1.12,2.01,0.399,1.18,0.9284228165684075,0.968250098672491,0.9371530080504801,0.9274193155600073
2017-11-13,1.12,2.01,0.399,0.899,0.9281300522244432,0.9616548511798728,0.9356568116563436,0.9268565568360468
2017-11-14,1.12,2.01,0.399,0.899,0.9278402009585284,0.9556877224960754,0.9342192896306046,0.9263049418491944
2017-11-15,1.561,1.561,0.984,1.043,0.9289860696057072,0.9640031774964491,0.9384851998411692,0.9286157350799035
2017-11-16,0.876,0.995,0.793,0.954,0.9292349644355011,0.9630504939253588,0.9390936233768096,0.9291183937911925
2017-11-17,0.687,0.968,0.663,0.787,0.9278196911575359,0.9462837802181818,0.9331291675581111,0.926304168171565
2017-11-20,0.777,0.956,0.777,0.92,0.9277418832853216,0.9437805630545455,0.9326142982421068,0.9261793331582667
2017-11-21,0.803,0.854,0.693,0.848,0.9269484317103432,0.9346586046683983,0.9292960904679066,0.9246312275511723
2017-11-22,0.726,0.932,0.562,0.932,0.9269986960714344,0.9344054042237889,0.9294021261358318,0.9247771438372877
2017-11-24,0.895,0.956,0.794,0.865,0.9263817936229624,0.9277953657262852,0.9268765525618776,0.9235934380187275
2017-11-27,0.758,0.935,0.695,0.721,0.9243381936864155,0.9081005689904484,0.9188029622653334,0.919581686770832
2017-11-28,0.867,0.87,0.357,0.677,0.9218771171323218,0.8860909909913581,0.909320493156889,0.9147780890129937
2017-11-29,0.577,0.715,0.577,0.712,0.919788787608617,0.8695108966112288,0.9015824346017169,0.9107626813097661
2017-11-30,0.747,0.853,0.633,0.853,0.919124222557785,0.8679384302673022,0.8996772410879241,0.9096188658382856
2017-12-01,0.491,0.832,0.491,0.778,0.9177200014378071,0.8593728654799401,0.8949055845746722,0.90701255166327
2017-12-04,0.746,0.839,0.596,0.839,0.916936717841411,0.8574325925770886,0.8927132087089987,0.9056657684620171
2017-12-05,0.768,0.885,0.684,0.827,0.9160418251265711,0.8545342504268897,0.8901362201321752,0.9041080304726702
2017-12-06,1.064,1.227,0.732,0.815,0.9150364338317794,0.8507690837195668,0.8871897016956193,0.9023435150177658
2017-12-07,0.627,0.902,0.621,0.839,0.9142798524006174,0.8496482186034177,0.8852999094722617,0.901089187987711
2017-12-08,0.627,1.298,0.621,0.938,0.9145158737697655,0.8580626739745207,0.8873665796890358,0.9018200951562712
2017-12-11,0.891,0.917,0.717,0.815,0.9135256660705638,0.8539614669293283,0.8845286746031912,0.9001008853511965
2017-12-12,0.891,0.942,0.657,0.855,0.9129433211345384,0.8540603748408209,0.8833706873638504,0.8992077985125589
2017-12-13,0.804,0.887,0.561,0.754,0.9113617955511101,0.8445308153321712,0.8782973270750719,0.8963323965618152
2017-12-14,0.664,0.801,0.576,0.799,0.9102437677346811,0.8401945472052977,0.8751876279740887,0.8944050223724723
2017-12-15,0.789,1.369,0.789,0.965,0.9107886058666743,0.8520807808047932,0.8787096817790264,0.8958029427215323
2017-12-18,0.828,0.828,0.569,0.69,0.9085917043157621,0.8366445159662415,0.8713093021014175,0.8917276369250663
2017-12-19,0.828,0.892,0.569,0.873,0.9082375580041625,0.8401069430170756,0.8713756039797933,0.8913567926295204
2017-12-20,0.828,1.55,0.569,0.807,0.907230219118549,0.8369539008249731,0.8688510704903897,0.8896863610923021
2017-12-21,0.828,1.55,0.569,0.844,0.9066010627094092,0.8376249578892614,0.8678765187064528,0.8887816806746328
2017-12-22,0.828,1.55,0.569,0.95,0.9070328929312061,0.8483273428521889,0.8710970473846311,0.8899939246216698
2017-12-26,0.828,1.55,0.569,0.991,0.9078683865338807,0.8619152149615043,0.8757991239577828,0.8919940449261912
2017-12-27,0.828,1.55,0.569,0.952,0.9083075070658819,0.8704947182985039,0.8787873936064972,0.893182281660326
2017-12-28,0.828,1.55,0.569,1.132,0.9105333030154752,0.8953999832224558,0.8887172997395757,0.8979113453898244
2017-12-29,0.828,1.55,0.569,1.109,0.9125080960202964,0.9157428419631743,0.8973558370046903,0.9020913187484417
2018-01-02,0.828,1.55,0.569,0.875,0.9121348811345222,0.9118625713000149,0.8964791375143103,0.9015548569910469
2018-01-03,0.828,1.55,0.569,0.854,0.9115564246058205,0.906351850223823,0.8948132889843373,0.9006131766545905
2018-01-04,0.828,1.55,0.569,0.825,0.9106951666495438,0.8986040549644113,0.8920755129457358,0.8991158860277669
2018-01-05,0.828,1.55,0.569,0.916,0.910747951060991,0.9002608116344674,0.8930137281243344,0.8994502249183062
2018-01-08,0.828,1.55,0.454,0.647,0.9081235933389912,0.8761407343359466,0.883366130942988,0.8944512105634882
2018-01-09,0.828,1.55,0.454,0.805,0.907097487932633,0.8693654263039517,0.8802929493373807,0.8926798994632211
2018-01-10,0.828,1.55,0.454,0.717,0.905205970639771,0.854854433322623,0.8738893042653265,0.8892010895728603
2018-01-11,0.828,1.55,0.454,0.715,0.9033133739169873,0.8415349634823732,0.8676583511568824,0.885751563046665
2018-01-12,0.828,1.55,0.427,0.738,0.9016684647237835,0.8316744907697663,0.8625737099350439,0.8828257895209884
2018-01-16,0.828,1.55,0.427,0.697,0.8996319625872284,0.8188483487916933,0.8560806232709245,0.8791460709166125
2018-01-17,0.828,1.749,0.427,0.795,0.8985908485316342,0.8165770774781987,0.8536853047112803,0.8774798120865805
2018-01-18,0.828,1.749,0.427,0.837,0.8979780042676379,0.8185221177183702,0.8530309790363282,0.8766782316492225
2018-01-19,0.828,1.749,0.427,0.882,0.897819019150547,0.8245676303166207,0.8541670190741192,0.8767836132007231
2018-01-22,0.828,1.749,0.427,0.894,0.8977810189599943,0.831180236953133,0.8557290967574871,0.8771245317512038
2018-01-23,0.828,1.749,0.427,0.65,0.895315536184273,0.8139249762909299,0.8476612890415072,0.8726270162709819
2018-01-24,0.828,1.749,0.427,0.845,0.8948148840829369,0.8168845023584603,0.8475569247653696,0.8720799466418536
2018-01-25,0.828,1.749,0.427,0.801,0.8938814026492758,0.8153716926100355,0.845731163009865,0.8706724229459754
2018-01-26,0.828,1.749,0.427,0.79,0.8928477568517706,0.8129553409328892,0.8435456272055565,0.8690749492242729
2018-01-29,0.828,1.749,0.427,0.745,0.8913766348930465,0.8064834037011855,0.8396810928053385,0.8666180195366635
2018-01-30,0.828,1.749,0.427,0.95,0.8919599519587874,0.8201516509677393,0.8440073244600311,0.8682691478626702
2018-01-31,0.828,1.749,0.427,0.9,0.8920399524368094,0.8277562556374785,0.8462031156576769,0.8688974815683599
2018-02-01,0.828,1.749,0.427,0.906,0.8921788583827118,0.8352080408148614,0.8485480915142386,0.8696321849036399
2018-02-02,0.828,1.749,0.427,0.898,0.892236780189849,0.8411882274039223,0.850487382043092,0.8701939238164391
2018-02-05,0.828,1.749,0.427,0.917,0.892483180386965,0.8484083962225963,0.8530957200021865,0.871120776810173
2018-02-06,0.828,2.209,0.427,0.988,0.8934335965025175,0.8617028346775871,0.8583860839236693,0.8734352168733379
2018-02-07,0.828,2.209,0.427,0.906,0.8935586353432885,0.8659216123273408,0.8602532963188195,0.8740800640639649
2018-02-08,0.828,2.209,0.427,1.136,0.8959709872304199,0.8916433635342607,0.871066892541611,0.8792665974488368
2018-02-09,0.828,2.209,0.427,1.313,0.9001205296460376,0.9317725670071882,0.8883976026380184,0.8878553776973748
2018-02-12,0.828,2.209,0.427,0.944,0.9005571412913507,0.9329370844350751,0.8905780888090765,0.8889671523964366
2018-02-13,0.828,2.209,0.427,0.959,0.9011386622735262,0.9354192668698298,0.8932613010126421,0.8903539414578934
2018-02-14,0.828,2.209,0.427,1.168,0.903793998967322,0.957569812882227,0.9040353676395974,0.8958518832112025
2018-02-15,0.828,2.209,0.427,0.921,0.903965202957697,0.9540869735601101,0.9047006473400053,0.8963498657218717
2018-02-16,0.828,2.209,0.427,0.919,0.9041148029282672,0.9507453570305758,0.9052614062678482,0.8967983832323296
2018-02-20,0.828,2.209,0.427,0.858,0.9036559491677869,0.9419124658848067,0.9034080177867562,0.8960300984158479
2018-02-21,0.828,2.209,0.427,1.061,0.9052215616138786,0.9532541358005394,0.9095880955206088,0.8992968291402865
2018-02-22,0.828,2.209,0.427,1.125,0.9074084117470738,0.9696108847719166,0.9180356211864673,0.9037661988602809
2018-02-23,0.828,2.209,0.427,1.005,0.9083794723267049,0.9729812766984007,0.9214459889830764,0.9057708285858198
2018-02-26,0.828,2.209,0.427,0.927,0.9085647512090262,0.9686021074890292,0.9216637933366812,0.9061912082177838
2018-02-27,0.828,2.209,0.427,1.042,0.9098924651273443,0.9755923829662645,0.9263828602646546,0.9088804912233722
2018-02-28,0.828,2.209,0.427,1.081,0.9115950276633906,0.9856312036361441,0.9324462775091779,0.9122887983278599
2018-03-01,0.828,2.209,0.427,1.283,0.9152905995274365,1.0139520413850827,0.9461934823127395,0.9196296142025557
2018-03-02,0.828,2.209,0.427,1.159,0.9177155686863675,1.0277661326817416,0.954538835947534,0.9243696218421091
2018-03-05,0.828,2.209,0.427,0.997,0.9185044685004335,1.02483602480729,0.956203979635866,0.9258078471521664
2018-03-06,0.828,2.209,0.427,0.928,0.9185989514009267,1.0156135462542148,0.9550979412187732,0.9258512561194502
2018-03-07,0.828,2.209,0.427,1.047,0.9198765737750468,1.018602732325242,0.9587019435239194,0.9282502411467878
2018-03-08,0.828,2.209,0.427,0.9,0.9196787969215637,1.0073072340085523,0.9563999065229813,0.9276908304310097
2018-03-09,0.828,2.209,0.427,0.812,0.9186073661064238,0.9887065450553568,0.9507371650907076,0.9253999228977224
2018-03-12,0.712,0.953,0.634,0.875,0.9181734619660614,0.97787735028818,0.9477670801851896,0.92440190462252
2018-03-13,0.53,0.888,0.53,0.873,0.9177239747823195,0.9678890312131152,0.9448350378249861,0.9233840451250444
2018-03-14,1.111,1.118,0.855,1.053,0.9190700048839879,0.9759948377642471,0.9490768010475357,0.9259506976968257
2018-03-15,0.753,0.918,0.698,0.898,0.9188603530940975,0.968566757977176,0.94707378924175,0.9253972185345123
2018-03-16,0.935,1.002,0.616,0.949,0.9191602500782359,0.9667032572174449,0.9471493269185441,0.92586460034571
2018-03-19,0.753,1.174,0.746,1.025,0.9202133819182534,0.9722553279586406,0.950202294490366,0.9278276775665871
2018-03-20,1.204,1.261,0.823,0.833,0.9193455870732957,0.9589929157721033,0.9456061260789791,0.9259499017731894
2018-03-21,1.752,1.752,1.051,1.162,0.9217600588437107,0.9783269237938078,0.9540921603503917,0.9306241611440172
2018-03-22,1.287,1.362,1.083,1.221,0.9247375706960121,1.0014386453372548,0.9645591344542979,0.9363741777550268
2018-03-23,1.287,1.538,1.056,1.535,0.9308098336741613,1.0522540124479924,0.9869293644756979,0.9482281544331451
2018-03-26,1.287,1.538,1.02,1.179,0.9332793875679507,1.064325058881517,0.9944615462609646,0.9527978939493205
2018-03-27,0.818,1.076,0.801,1.066,0.9345999906767273,1.0644845770832772,0.9972669758193582,0.9550395198117102
2018-03-28,0.818,1.472,0.801,1.345,0.9386835728590484,1.0912003316467747,1.0109035650029128,0.962761509518409
2018-03-29,0.721,1.073,0.721,0.95,0.9387961741241324,1.0777526810137485,1.0085151899047593,0.9625088063596287
2018-04-02,0.721,1.366,0.721,1.276,0.942151436073146,1.0966333780600581,1.0190047903006512,0.9687165527683489
2018-04-03,0.721,1.414,0.721,1.043,0.9431549043709256,1.0915254372924335,1.019945778916312,0.9701875121194707
2018-04-04,1.328,2.22,0.976,0.979,0.9435115719891254,1.0808087289788684,1.0183400620960645,0.9703620168299762
2018-04-05,0.798,0.851,0.605,0.851,0.9425910588350047,1.0589221833618332,1.0117777067197482,0.9679984125363134
2018-04-06,0.798,1.03,0.605,1.028,0.9434408990456017,1.0559772135178491,1.0124138750836797,0.969186562783119
2018-04-09,0.798,1.307,0.605,0.983,0.9438345219406703,1.0490270027066253,1.0112603897862806,0.9694600961933543
2018-04-10,0.692,0.869,0.692,0.85,0.9429008451054397,1.030072050067899,1.0049364529319167,0.9670945497340799
2018-04-11,0.692,1.026,0.666,1.026,0.9437277023680721,1.029684235775718,1.005762474385567,0.9682609942938011
2018-04-12,0.692,1.103,0.666,0.994,0.9442279242350565,1.0262857371304117,1.0053012008802507,0.9687706775751119
2018-04-13,0.692,1.271,0.666,0.986,0.9446435667799813,1.0224490002608486,1.0045442910418094,0.9691118522765949
2018-04-16,0.692,1.373,0.666,0.939,0.9445874118866482,1.0145014764264821,1.0019739266872287,0.968515577974088
2018-04-17,0.692,1.373,0.666,0.961,0.9447507212211094,1.009406097719198,1.0003671060328276,0.9683667546478685
2018-04-18,0.692,1.731,0.666,0.963,0.9449323060845809,1.0049864693649888,0.9989017293256579,0.9682604822786037
2018-04-19,0.692,1.731,0.666,0.979,0.9452712881135901,1.0025115675207041,0.9981212693521027,0.9684731459958591
2018-04-20,0.692,1.731,0.666,0.979,0.9456068971870867,1.0002723706139705,0.9973714156520203,0.9686815985503966
2018-04-23,0.692,1.731,0.666,0.931,0.9454615549265186,0.9936750019840686,0.9947686150382156,0.9679354282820719
2018-04-24,0.692,1.731,0.666,1.042,0.9464221364695383,0.9982773827474906,0.9966208262131875,0.9694020534646052
2018-04-25,0.692,1.731,0.666,0.962,0.9465771400867569,0.9948223939143962,0.9952631467538468,0.9692554781484743
2018-04-26,0.692,1.731,0.66,0.825,0.945367417299824,0.9786488325892156,0.9885861606066371,0.9663989340267224
2018-04-27,0.692,1.731,0.66,0.884,0.944756796232164,0.9696346580569094,0.9844847425436317,0.9647672719667872
2018-04-30,0.692,1.731,0.66,0.921,0.9445204102000032,0.9650027858610133,0.9819951447968226,0.9639005933139796
2018-05-01,0.692,1.731,0.66,1.112,0.9461868737801027,0.9790025205409167,0.9870933744126335,0.9668332548325147
2018-05-02,0.692,1.731,0.66,0.927,0.9459959596131365,0.9740498995370199,0.984736771494491,0.9660444775090986
2018-05-03,0.692,1.731,0.66,1.024,0.946772119218976,0.9788070519620656,0.9862765059456875,0.9671921116178294
2018-05-04,0.692,1.731,0.66,0.959,0.9468937896745085,0.9769206660609165,0.9852068390458566,0.9670298915857931
2018-05-07,0.692,1.731,0.564,0.933,0.9467555430110806,0.9727377454836864,0.9831595120244505,0.9663560323464705
2018-05-08,0.692,1.731,0.564,0.831,0.9456037465632091,0.9592389125804782,0.9771924723372172,0.9636757148742632
2018-05-09,0.692,1.731,0.564,0.838,0.944533062517804,0.9476923494775755,0.9717339440102675,0.9611870868569511
2018-05-10,0.692,1.731,0.564,0.811,0.9432043753285722,0.9346740304797112,0.9654306520882961,0.9582130851370114
2018-05-11,0.692,1.731,0.564,0.982,0.9435904014447057,0.9391812656721197,0.9660804304377747,0.9586841131541003
2018-05-14,0.692,1.731,0.564,0.877,0.9429278103855544,0.9332592403700131,0.9625870802245287,0.95706660596293
2018-05-15,0.692,1.731,0.564,1.114,0.9446300212274892,0.9504726460490595,0.968524841784351,0.9601741979240601
2018-05-16,0.692,1.731,0.564,0.889,0.9440764886779619,0.9446181083301014,0.9654062205379059,0.9587648078661579
2018-05-17,0.692,1.731,0.564,0.835,0.9429911504821613,0.9341782884891393,0.9602922511050469,0.9563140195915806
2018-05-18,0.692,1.731,0.564,1.015,0.943707656447513,0.9418755943473165,0.9624376530224961,0.9574761182135295
2018-05-21,0.692,1.731,0.564,0.823,0.94250658523908,0.9305541091713816,0.9569695097667119,0.9548132247835587
2018-05-22,0.692,1.731,0.564,0.83,0.9413871167292385,0.9209775273455357,0.9519903133052722,0.9523416757779437
2018-05-23,0.692,1.731,0.564,0.99,0.9418708270105396,0.9275510961697704,0.953480889254085,0.9530873851684795
2018-05-24,0.692,1.731,0.564,0.871,0.9411656446522257,0.9221652774869351,0.9502463445774543,0.951461892392866
2018-05-25,0.692,1.731,0.564,0.916,0.9409152402278255,0.9215781082024651,0.948903350672456,0.9507596767019182
2018-05-29,1.002,1.102,0.906,1.089,0.9423887204245636,0.9375230502784208,0.954397336920595,0.9534971088464347
2018-05-30,1.089,1.13,0.922,0.987,0.9428326137536723,0.942235140728095,0.9556758727276305,0.954160532433634
2018-05-31,0.822,1.181,0.772,1.129,0.9446850255571184,0.9600222701825621,0.962472897326547,0.9576227001082155
2018-06-01,0.652,0.859,0.632,0.857,0.9438125377406297,0.9502106254032705,0.9583367052745255,0.9556301713932013
2018-06-04,0.671,0.814,0.663,0.814,0.9425208706984344,0.9372381848886733,0.9526764423225833,0.952825613543831
2018-06-05,0.67,0.834,0.651,0.771,0.9408141953681017,0.9214059768040377,0.9455518759569917,0.9492251063449433
2018-06-06,0.732,0.974,0.732,0.824,0.9396518650659316,0.912129217108415,0.9407851357233842,0.9467454012688058
2018-06-07,0.757,0.932,0.698,0.916,0.939416523124977,0.9124978630980898,0.9398131696165848,0.9461365814417008
2018-06-08,0.966,1.279,0.911,0.945,0.9394720801088081,0.9155933047077955,0.9400165747296599,0.9461140748784987
2018-06-11,0.712,0.755,0.647,0.738,0.9374673827942926,0.8986796566403864,0.9320943561128106,0.9419930040888255
2018-06-12,0.449,0.719,0.428,0.712,0.9352239262490758,0.8809006417222544,0.9234632048927003,0.9374386871761755
2018-06-13,0.779,0.779,0.577,0.742,0.9333013001172442,0.8676720091772777,0.916347000779261,0.9335686141627859
2018-06-14,1.048,1.048,0.75,0.933,0.9332983021061274,0.8738937225889656,0.9170000595722312,0.9335573544763941
2018-06-15,0.769,0.977,0.753,0.928,0.9332455826821858,0.8790467013900165,0.9174314297850849,0.9334473078530992
2018-06-18,0.86,1.084,0.86,1.025,0.93415856195898,0.8929470155433482,0.9216498050876305,0.9352602324500675
2018-06-19,0.901,0.941,0.826,0.835,0.9331719096011791,0.8874282521582674,0.9182517735155665,0.9332748813124424
2018-06-20,1.7,1.71,0.856,0.894,0.9327821393563913,0.888054132905099,0.9173007235737796,0.9324971608904138
2018-06-21,0.861,1.032,0.818,1.027,0.933719630507074,0.9012870726284229,0.9216026559826509,0.9343685042391184
2018-06-22,0.861,1.032,0.657,0.858,0.9329662013477996,0.8971644942828588,0.9191084341794097,0.932856256630423
2018-06-25,1.183,1.259,1.059,1.104,0.93466803019011,0.9168631138749676,0.9263590838194329,0.9362452416476423
2018-06-26,1.183,1.259,0.702,0.913,0.9344524278996612,0.9164951982678278,0.9258351981794551,0.9357849398328375
2018-06-27,1.183,1.259,0.702,1.083,0.935930513194192,0.9323527984327965,0.9319985237410451,0.938700089539118
2018-06-28,1.287,1.914,1.287,1.322,0.9397720006250955,0.9694620557249112,0.947292699280612,0.9462901867759671
2018-06-29,1.085,1.321,1.03,1.239,0.9427493936537015,0.9951323361320625,0.9587322012696076,0.9520864207011954
2018-07-02,1.085,1.321,0.963,1.058,0.9438961658561522,1.0011197326909138,0.9626250561217798,0.9541837193011717
2018-07-03,1.085,1.321,0.963,1.072,0.9451708308725089,1.0078702343393982,0.9669142696072003,0.9565167149585743
2018-07-05,0.877,1.088,0.872,0.923,0.9449502255901954,0.9997873548785031,0.9651921413873101,0.955853017632662
2018-07-06,0.877,1.219,0.857,1,0.9454979845395467,0.9998076067948362,0.9665571554505529,0.9567272153033023
2018-07-09,0.877,1.22,0.839,0.92,0.945244273250596,0.9922068823381851,0.9647313846485704,0.9559999437131379
2018-07-10,0.877,1.22,0.832,0.985,0.9456398526212368,0.9915205125916913,0.9655262323094108,0.9565742022534718
2018-07-11,0.877,1.22,0.677,1.022,0.9463996550827171,0.9944233209162922,0.9677408898659046,0.9578697626048882
2018-07-12,0.877,1.22,0.677,0.919,0.9461270216988095,0.9872401474956929,0.9658294824201828,0.9571000643354844
2018-07-13,0.877,1.22,0.677,0.983,0.946493917005289,0.9868363239246745,0.9665028360507639,0.9576129343486431
2018-07-16,0.877,1.235,0.677,0.995,0.9469765645972761,0.9876138168842292,0.9676203718919104,0.9583532722823334
2018-07-17,0.877,1.235,0.677,0.949,0.9469966982828754,0.9839363105143026,0.9668901612294826,0.9581680589698119
2018-07-18,0.877,1.235,0.677,0.851,0.9460415072551851,0.9712757095129405,0.9623454490244048,0.9560459191882315
2018-07-19,0.877,1.235,0.677,0.902,0.9456032833023972,0.9646780228926605,0.9599789608273693,0.9549757029666823
2018-07-20,0.877,1.235,0.677,0.979,0.9459355889411794,0.9660420207124071,0.9607248839321784,0.9554514316208075
2018-07-23,0.877,1.235,0.677,0.852,0.9450009064641527,0.955180875882654,0.9564611629936616,0.9534028884203954
2018-07-24,0.877,1.235,0.636,0.915,0.9447023899819224,0.9513541257985917,0.9548352350331258,0.952642435184348
2018-07-25,0.877,1.235,0.636,0.821,0.9434715204298634,0.9389394471511068,0.9495867944435915,0.9500356542896085
2018-07-26,0.877,1.235,0.578,0.741,0.9414568784355364,0.9200880712319538,0.9414069201516859,0.9458963344026855
2018-07-27,0.877,1.235,0.578,1.052,0.9425568099933918,0.9326511120670058,0.9457439036751493,0.9479973970877809
2018-07-30,0.877,1.235,0.578,1.116,0.9442826128790296,0.9501129109177672,0.9524206133349473,0.9513241813038644
2018-07-31,0.877,1.235,0.578,1.003,0.9448668654871984,0.9551497765446465,0.9544041186943611,0.9523474648424017
2018-08-01,0.877,1.235,0.578,1.017,0.9455846081191667,0.9610402740165849,0.9568588591377195,0.9536277130633443
2018-08-02,0.877,1.462,0.578,0.967,0.9457976965955929,0.9616078669673863,0.9572565509362403,0.9538925108244661
2018-08-03,0.877,1.462,0.578,0.903,0.9453718488682735,0.9560261653514448,0.9551288430563877,0.9528847383328926
2018-08-06,0.877,1.462,0.578,0.902,0.9449402881830171,0.9508808162703548,0.9530453590149607,0.9518771197520431
2018-08-07,0.877,1.462,0.52,0.92,0.9446921261115443,0.9479397861493687,0.9517494625830014,0.9512458896579433
2018-08-08,0.877,1.462,0.52,0.947,0.9447150900308324,0.9478502827065717,0.9515632091483739,0.9511618126350138
2018-08-09,0.877,1.462,0.52,0.851,0.9437826015728142,0.9386264462583268,0.9476195538876534,0.9491784104046175
2018-08-10,0.877,1.462,0.52,1.204,0.9463718294178609,0.963900118043248,0.957673689029314,0.9542243824758132
2018-08-13,0.877,1.462,0.52,1.085,0.9477512141997727,0.9754334401343673,0.9626668776948312,0.956813998664411
2018-08-14,0.877,1.462,0.52,0.91,0.9473755802276357,0.9692016839310942,0.9606015099420927,0.9558869887898682
2018-08-15,0.877,1.475,0.52,1.166,0.9495509475885547,0.9879443806995614,0.9686563526894616,0.9600476424771975
2018-08-16,0.877,1.475,0.52,0.941,0.9494658635329473,0.9834734872996032,0.9675717898388945,0.9596704614380451
2018-08-17,0.877,1.475,0.52,1.025,0.9502174469803806,0.9874283932710695,0.969823876511879,0.9609641156669947
2018-08-20,0.877,1.475,0.52,0.796,0.9486829450203768,0.9691971177214438,0.96300725390357,0.957697499515173
2018-08-21,0.877,1.475,0.52,0.812,0.9473229157166914,0.9542259636527348,0.9570854008093124,0.9548124005148726
2018-08-22,0.571,1.476,0.52,0.956,0.9474092548637889,0.9543949194953315,0.9570428360716923,0.9548359173363603
2018-08-23,0.571,1.476,0.52,1.031,0.9482410035716119,0.9616906414481571,0.9599431170100573,0.9563441169930661
2018-08-24,0.571,1.476,0.52,0.925,0.9480097498047302,0.9581962946435707,0.9585727986959374,0.955723441409045
2018-08-27,0.571,1.476,0.52,0.738,0.9459201005529418,0.9372252189632306,0.9499228850215868,0.9514120861336184
2018-08-28,0.571,1.476,0.52,0.81,0.9445676617414698,0.9251085314429229,0.944435713059956,0.9486118468042398
2018-08-29,0.571,1.476,0.52,0.848,0.9436067894853357,0.9177648617816921,0.9406539203909381,0.9466195330061361
2018-08-30,0.571,1.476,0.52,0.822,0.9423967716795115,0.9086443987548644,0.9360008254736464,0.9441518194812621
2018-08-31,0.571,1.476,0.52,1.027,0.9432385948468796,0.9199163607782106,0.9395694205531112,0.9457923775113362
2018-09-04,0.571,1.476,0.52,0.852,0.9423307481319853,0.9134481359421905,0.9361353256294598,0.9439351027091315
2018-09-05,0.571,1.476,0.52,0.99,0.9428050690460948,0.920738789661982,0.9382476658008535,0.944847278893109
2018-09-06,0.571,1.476,0.52,1.055,0.943921436518273,0.933525571598936,0.942826188710624,0.9470285208952257
2018-09-07,0.571,1.476,0.52,1.174,0.9462107754583897,0.9564278981133231,0.9518918283690309,0.9515230056299737
2018-09-10,0.571,1.476,0.52,1.158,0.9483181309264654,0.9756252411501495,0.9599745017663237,0.9556116589838356
2018-09-11,0.571,1.476,0.52,0.876,0.9475985475341623,0.9661371229453734,0.9566813840499973,0.9540351904891062
2018-09-12,0.571,1.476,0.52,0.822,0.9463488107427775,0.9524097779029569,0.9513997611460758,0.9514206322615992
2018-09-13,0.571,1.476,0.511,0.837,0.9452607628746902,0.9414183704836276,0.9469134960030925,0.9491548771673102
2018-09-14,0.571,1.476,0.496,0.828,0.9440939891147431,0.9306166209137583,0.94225022165003,0.9467557706887496
2018-09-17,0.571,1.476,0.496,0.929,0.9439438001683277,0.9304626570172099,0.9417306051147347,0.9464041712691704
2018-09-18,0.571,1.476,0.496,0.829,0.9428000807636677,0.9207995468250947,0.9373097970710196,0.9440793361945334
2018-09-19,0.571,1.527,0.496,0.95,0.9428717217510939,0.9235805423655619,0.9378074520878423,0.9441965770619685
2018-09-20,0.571,1.527,0.476,0.891,0.9423555852162572,0.9204776335688417,0.9359718657314564,0.9431431794963849
2018-09-21,0.571,1.527,0.476,0.975,0.9426804052638567,0.9256702398956187,0.937502380800811,0.9437740076251694
2018-09-24,0.848,0.978,0.694,0.978,0.9430318440174501,0.9306540265722264,0.939090522730191,0.9444517500484334
2018-09-25,0.848,1.104,0.694,0.883,0.9424345122361819,0.926115547851062,0.9368908943878306,0.9432348837108406
2018-09-26,0.848,1.104,0.694,0.874,0.9417535718159213,0.921152162341437,0.934424584803994,0.9418638959145864
2018-09-27,0.941,1.073,0.827,0.94,0.941736123340141,0.9229471944993954,0.9346432285371707,0.9418269870845946
2018-09-28,0.941,1.083,0.76,1.067,0.942982530073075,0.9366665093089768,0.9398336901631641,0.9443056606076718
2018-10-01,0.895,1.015,0.859,1.015,0.9436991218136414,0.9441268417557409,0.9427813885881381,0.9457055485164308
2018-10-02,0.895,1.015,0.751,0.799,0.9422593295567891,0.9303052377790036,0.9371429027611523,0.9428004881497688
2018-10-03,0.895,1.015,0.7,0.861,0.9414507790139355,0.923704738942908,0.9341569065744405,0.9411806765032388
2018-10-04,0.895,1.14,0.7,1.066,0.9426900747451401,0.937256668567393,0.9393272239636782,0.9436523462754519
2018-10-05,0.895,1.193,0.7,1.181,0.9450613177825019,0.9604703191800222,0.9488045877298085,0.9483522998145518
2018-10-08,0.895,1.379,0.7,1.175,0.9473492648692432,0.9809017173533534,0.9576749960541298,0.9528403730855508
2018-10-09,0.895,1.379,0.7,0.944,0.9473159388506438,0.9773872680816055,0.9571387216990659,0.9526653161927676
2018-10-10,0.895,1.379,0.7,1.216,0.949989412095911,1.0001122901690715,0.9672901443775339,0.9578798643869703
2018-10-11,0.895,1.379,0.7,1.184,0.9523178756571458,1.0176254053910647,0.9757885700882188,0.962357490834753
2018-10-12,0.895,1.379,0.7,1.161,0.9543943147053333,1.0312801286871538,0.9830517634180926,0.9662910058677282
2018-10-15,0.895,1.379,0.7,0.956,0.9544102916734395,1.0241105926217107,0.9819909099507165,0.9660872235733178
2018-10-16,0.895,1.379,0.7,1.032,0.9551823285722112,1.0248619647529764,0.9839520507369629,0.9673924270669154
2018-10-17,0.895,2.155,0.7,1.166,0.9572800168451245,1.03830368239555,0.99109118600218,0.9713252502933132
2018-10-18,0.895,2.155,0.7,1.287,0.9605608126974119,1.0619890459769261,1.0026954532177808,0.9775762354360199
2018-10-19,0.779,2.157,0.476,1.14,0.9623462772476864,1.0694186606457903,1.0080799452484561,0.9807925476056036
2018-10-22,0.779,2.157,0.476,1.068,0.9633975580710925,1.069283550108096,1.010429751317144,0.9825194278510372
2018-10-23,0.728,1.12,0.728,1.037,0.9641299206773503,1.0662089262882772,1.0114717218537266,0.9835982510619077
2018-10-24,0.7,1.292,0.7,1.29,0.9673724090288194,1.08752236187987,1.0223943994280902,0.9896656124270184
2018-10-25,1.836,1.836,1.008,1.04,0.9680950716255475,1.0829964226532156,1.0230848151367926,0.9906623329730181
2018-10-26,1.071,1.363,0.85,1.316,0.9715568122063879,1.1051872395433855,1.0345716851314282,0.9971046630131564
2018-10-29,0.894,1.27,0.81,1.268,0.9745064956670209,1.1206932167297297,1.0437257366949015,1.0024689271119058
2018-10-30,1.135,1.414,1.084,1.176,0.9765114061578962,1.1259605294221364,1.0489129627068663,1.005905185980977
2018-10-31,0.915,1.399,0.915,1.122,0.9779590538578177,1.1255833361438377,1.0517791210320873,1.0082040931892744
2018-11-01,0.894,0.971,0.717,0.846,0.9766460284462971,1.0989563517491865,1.0437093515798486,1.0049921309479026
2018-11-02,0.749,0.947,0.749,0.936,0.9762415903523041,1.0834366992016449,1.0394854554394624,1.003625950137053
2018-11-05,0.905,1.045,0.847,1.02,0.9766769974134751,1.0773951088014881,1.0387213199320324,1.0039501887482005
2018-11-06,0.953,1.377,0.953,1.121,0.9781130471904554,1.0815479555822989,1.0419479348366587,1.0062680067927907
2018-11-07,0.904,1.11,0.848,0.971,0.9780422706014957,1.071019578860175,1.0391656628822799,1.0055696304206563
2018-11-08,1.127,1.127,0.884,0.972,0.9779821485059584,1.0615891427782536,1.036531715318269,1.0049048852638116
2018-11-09,1.187,1.235,1.004,1.11,0.9792957589685857,1.0661997006088961,1.039412824521474,1.0069859766447262
2018-11-12,1.343,1.482,1.061,1.196,0.9814520200733758,1.0785616338842394,1.0455534980696515,1.0107288285923555
2018-11-13,0.713,1.073,0.682,0.99,0.9815370746000089,1.070127192561931,1.0433749295179005,1.0103183567390415
2018-11-14,1.107,1.276,0.87,1.228,0.9839894420169243,1.085162698032223,1.0506151283603358,1.0146288843283673
2018-11-15,1.21,1.51,0.85,0.856,0.9827159152306862,1.0633376791720113,1.0429831625422834,1.011487718302063
2018-11-16,0.879,1.064,0.845,0.943,0.98232073199456,1.051876947822296,1.0390622542072918,1.010131525860438
2018-11-19,0.931,1.008,0.826,0.978,0.9822777396364052,1.0448410480296964,1.0366676560030843,1.0094952580216174
2018-11-20,1.228,1.234,0.851,0.931,0.9817675133713664,1.0339990434554396,1.0325238263559045,1.007940896476635
2018-11-21,1.657,1.657,1.023,1.091,0.9828544037855816,1.0394277059834929,1.0348170096360652,1.0095856311998699
2018-11-23,1.062,1.444,1.062,1.118,0.9841991360862227,1.0469107816041126,1.0380790876895527,1.0117324503840308
2018-11-26,0.95,1.145,0.863,0.967,0.9840280004037727,1.0393002309751493,1.0352916724860408,1.0108466592873173
2018-11-27,1.281,1.281,0.857,0.922,0.9834108063699043,1.0281287804060875,1.0308488618003138,1.0090873194994496
2018-11-28,1.13,1.146,0.827,0.845,0.9820335844159749,1.0106879441769363,1.023560671141478,1.0058380656479753
2018-11-29,1.503,1.503,0.892,0.892,0.9811377278546219,0.9993843304457996,1.0184014291359298,1.0035838465262332
2018-11-30,0.881,0.883,0.702,0.762,0.9789572529505959,0.976776298974771,1.0083464711305992,0.9988000079811593
2018-12-03,0.727,0.796,0.632,0.778,0.9769576782943711,0.9578452228819357,0.9993132761843012,0.9944277305953938
2018-12-04,0.744,0.946,0.592,0.946,0.9766496416944271,0.9567171064169895,0.9972225594711913,0.9934687656331088
2018-12-05,0.946,0.946,0.946,0.946,0.9763446701352786,0.9556964296153714,0.9952138316487916,0.9925287900760176
2018-12-06,1.448,1.556,1.082,1.084,0.9774158674473654,0.9679158172710502,0.9986956421723684,0.9943401011636211
2018-12-07,0.989,1.36,0.948,1.168,0.9793122269752523,0.9869714537214264,1.005335028753844,0.9977789110415692
2018-12-10,1.031,1.431,1.031,1.074,0.980254393871021,0.9952598867003382,1.0080277727242815,0.9992882395357956
2018-12-11,0.894,1.095,0.824,0.975,0.9802021113449412,0.9933303736812583,1.0067325659507802,0.998807284297463
2018-12-12,1.145,1.293,0.886,1.004,0.9804389062569319,0.9943465285687575,1.00662540650173,0.9989101103509787
2018-12-13,1.62,2.026,1.118,1.153,0.9821559320653206,1.0094563829907806,1.012365586638917,1.0019613952945237
2018-12-14,1.069,1.204,0.991,1.139,0.983716569557208,1.021793870324992,1.0173316420648417,1.0046750310312658
2018-12-17,1.192,1.492,1.099,1.371,0.9875701360292756,1.055051596960707,1.031200989434848,1.0119289908128248
2018-12-18,0.868,1.516,0.716,1.095,0.988639089899631,1.058856206773973,1.0337029114177951,1.013573961291779
2018-12-19,1.467,1.467,0.861,1.279,0.9915282531842118,1.0798222823193089,1.0433224050876855,1.018829922454318
2018-12-20,1.212,1.919,1.212,1.825,0.9998215043963091,1.150791588765089,1.0739764284175801,1.0347936863661138
2018-12-21,1.644,1.668,1.152,1.449,1.00429094216351,1.1791923898350805,1.0886832351463025,1.0429957915865868
2018-12-24,1.75,1.839,1.259,1.323,1.0074621765698433,1.19288835270793,1.0978721278856631,1.0485404293769514
2018-12-26,1.423,1.47,1.071,1.083,1.0082137967034768,1.1824227953071746,1.0972889071842646,1.0492227971120611
2018-12-27,0.839,0.992,0.823,0.96,1.0077340574327953,1.1612396719445865,1.0919050284711562,1.0474560090504361
2018-12-28,0.911,0.924,0.718,0.777,1.0054381961648073,1.1246454174736735,1.079555811668366,1.042100444514784
2018-12-31,1.049,1.137,0.925,0.987,1.0052547315263516,1.1115363300952283,1.0759261719950965,1.0410093466036001
2019-01-02,1.508,1.666,1.007,1.037,1.0055706048444975,1.1044376319909208,1.0743996554462691,1.0409299536015486
2019-01-03,0.875,1.443,0.808,1.315,1.008649504298781,1.1244911908489283,1.0838349630758273,1.0463570832332012
2019-01-04,0.934,1.199,0.883,0.919,1.0077574694301366,1.1049206012442685,1.0773708468767753,1.0438351607929397
2019-01-07,0.924,1.046,0.837,0.873,1.0064165990875482,1.0828329249352906,1.0693563038619998,1.0404522863217924
2019-01-08,0.887,1.013,0.845,0.972,1.006074145365284,1.0722774082747868,1.0655384095929017,1.039096795503539
2019-01-09,0.83,1.011,0.824,0.936,1.00537689018752,1.059298607486712,1.0604584719618075,1.0370552748004986
2019-01-10,1.567,1.567,1.111,1.138,1.0066965231209775,1.066793978202263,1.0634993161985995,1.0390541802499937
2019-01-11,1.036,1.174,0.869,1.073,1.007356259209326,1.0673850278972856,1.0638718920339485,1.039726374700489
2019-01-14,1.215,1.272,0.934,1.05,1.0077805750380888,1.065729310954687,1.0633278962679114,1.039929812825232
2019-01-15,0.933,1.067,0.916,1.033,1.0080315145899486,1.0626122337209074,1.062138567002503,1.0397925888088906
2019-01-16,1.639,1.639,1.061,1.081,1.008757569171143,1.0643634495570116,1.0628782310416205,1.0406085771493085
2019-01-17,1.501,1.501,0.813,0.815,1.00682963315949,1.040614549599201,1.0531575160988118,1.0361410805720945
2019-01-18,0.948,0.948,0.67,0.846,1.0052293383021815,1.0220798305897532,1.045033691938074,1.0323759106597759
2019-01-22,1.046,1.046,0.779,0.938,1.0045603896623587,1.0140722276764433,1.040836292254228,1.0305070807457208
2019-01-23,1.304,1.331,1,1.175,1.0062563061831313,1.0293986821834487,1.0460976141266112,1.033368326671548
2019-01-24,1.115,1.115,0.851,0.984,1.0060348504002146,1.0250749981659772,1.0436624135726265,1.0323907360443887
2019-01-25,0.648,0.776,0.597,0.75,1.003487239948471,0.998877379293027,1.032146240491347,1.0267988402811334
2019-01-28,1.187,1.187,0.993,0.996,1.0034127400484862,0.9986033431698815,1.0307287408642354,1.0261889622557645
2019-01-29,0.782,0.996,0.763,0.898,1.0023638570629292,0.9890220723917976,1.0255236922028927,1.0236505669635712
2019-01-30,0.995,1.097,0.882,0.89,1.0012458087339449,0.979591398830674,1.0202090376067008,1.0210040210831044
2019-01-31,1.006,1.006,0.705,0.843,0.9996712235724131,0.9665826941801337,1.0132596635829085,1.0174791889824488
2019-02-01,0.876,1.138,0.798,1.138,1.001047629308011,0.9829081518772638,1.018151441481618,1.0198657396956676
2019-02-04,0.708,0.842,0.641,0.842,0.9994650658323094,0.9694883278889529,1.0112435418156722,1.016343645840308
2019-02-05,0.76,0.886,0.691,0.829,0.9977688960230328,0.9561084871376241,1.0040967362542732,1.0126338706751532
2019-02-06,0.902,1.057,0.832,0.972,0.9975124890974304,0.9576219645530885,1.00283804071489,1.011829239572675
2019-02-07,1.35,1.35,0.958,0.985,0.9973879867183515,0.9602293965004134,1.002138509706463,1.011297967501929
2019-02-08,1.042,1.261,1.003,1.035,0.9977622356067261,0.9673504063575169,1.0034271956003271,1.0117673146801085
2019-02-11,1.023,1.023,0.783,0.873,0.9965208203270571,0.9583646533710867,0.9983124036160006,1.0090194470626805
2019-02-12,0.729,0.795,0.558,0.782,0.9943862848014148,0.9415680197166975,0.9898295642585104,1.00452401246738
2019-02-13,1.566,1.566,0.9,1.011,0.9945515954004057,0.9481805892674882,0.9906597774248433,1.0046522498442636
2019-02-14,1.483,1.523,0.863,0.919,0.9937998382322425,0.9454014855277274,0.9878495900748495,1.0029561656889316
2019-02-15,0.567,0.826,0.501,0.793,0.9918018298916231,0.9308870583346105,0.9802084296797574,0.9987986178535072
2019-02-19,0.871,0.979,0.762,0.842,0.9903112644200647,0.9224216242075047,0.9747884912609434,0.9956936947276952
2019-02-20,0.62,0.822,0.578,0.795,0.9883678687541934,0.9102862314258376,0.9677379621918868,0.99171956215883
2019-02-21,0.986,0.993,0.864,0.93,0.9877870939407188,0.9121637331948055,0.9662580421059305,0.9904973926111303
2019-02-22,0.692,0.807,0.578,0.779,0.9857096104189207,0.8994814728905383,0.9589145894743254,0.9863093254307119
2019-02-25,0.72,0.786,0.636,0.786,0.9837224501162448,0.8886737135676298,0.9521336251812146,0.9823428041350543
2019-02-26,0.85,0.893,0.694,0.839,0.9822824257369787,0.8839428837040461,0.94769701242901,0.9795043327660433
2019-02-27,0.729,0.949,0.702,0.942,0.9818816055803918,0.8894721328750893,0.947473600176892,0.9787616727112702
2019-02-28,0.852,0.984,0.773,0.966,0.9817235796542187,0.8967605011726999,0.9482001256601511,0.9785089663209481
2019-03-01,0.827,0.909,0.747,0.904,0.9809502107024355,0.8974499772514903,0.9464667873989687,0.9770335412452857
2019-03-04,0.698,1.007,0.698,1.007,0.9812094125859934,0.9078833127513484,0.948840638873519,0.9776269364681514
2019-03-05,0.876,1.023,0.798,0.89,0.9803018562418542,0.9061801401083628,0.9465331628392634,0.9758917496073959
2019-03-06,0.77,1.094,0.734,1.08,0.981293877572781,0.9227344124789949,0.9517671564534099,0.9779532991201207
2019-03-07,1.274,1.297,0.995,1.119,0.9826640877461862,0.9414263731952811,0.9583253071807272,0.9807463030979401
2019-03-08,1.02,1.126,0.814,0.982,0.9826574799079156,0.9452905281290639,0.9592537265069732,0.9807711287791689
2019-03-11,0.744,0.884,0.711,0.829,0.9811285497595782,0.9342152397358197,0.9541457372321899,0.9777657598924527
2019-03-12,0.671,1.023,0.635,1.004,0.9813561263788859,0.9408614073800273,0.9561008063603393,0.9782852497955725
2019-03-13,0.684,0.942,0.559,0.859,0.9801386524845687,0.9330650828676438,0.9522929316011104,0.9759231656412047
2019-03-14,0.947,1.031,0.816,0.907,0.9794109046986526,0.9305826940231062,0.9505167382049884,0.9745583504799927
2019-03-15,0.653,0.852,0.603,0.852,0.978143134502646,0.9230986279256675,0.9466533367067536,0.972131452450686
2019-03-18,0.64,0.898,0.64,0.817,0.9765397202289878,0.9129939966946515,0.9415688921300182,0.9690595425011674
2019-03-19,1.214,1.214,0.733,0.953,0.9763054941570576,0.9168040922475419,0.9420171708700175,0.96874153175857
2019-03-20,0.657,0.96,0.657,0.91,0.9756457379962908,0.9161560834620617,0.9407615955417815,0.9675783331098855
2019-03-21,0.637,0.767,0.54,0.764,0.9735398102550342,0.9016650278942463,0.9338297682656332,0.9635470789888977
2019-03-22,0.73,0.928,0.73,0.9,0.9728080708495115,0.90150645380908,0.9325031106865888,0.9622887209891176
2019-03-25,0.939,1.084,0.743,0.881,0.9718945577067303,0.8995534582082152,0.9304833808557421,0.9606790433457687
2019-03-26,0.981,1.013,0.873,0.886,0.9710398854907429,0.8982626526645756,0.9287389345476738,0.9592002504082288
2019-03-27,1.178,1.228,1.04,1.056,0.9718852597644669,0.9132852571727113,0.933729564565412,0.9611170771328182
2019-03-28,1.07,1.088,0.799,0.87,0.9708714760852185,0.9091628517276912,0.9312303659550037,0.9593127785757327
2019-03-29,0.887,0.941,0.778,0.892,0.9700866852784004,0.907528294420292,0.9296919202312781,0.9579798522673023
2019-04-01,0.65,0.848,0.586,0.848,0.9688718923900581,0.9018589330469309,0.926488315516326,0.955802033410524
2019-04-02,0.786,0.97,0.736,0.838,0.9675696845055799,0.8957771298996041,0.923018185496078,0.9534693198776424
2019-04-03,0.773,0.875,0.634,0.874,0.9666386428687085,0.8937031175282133,0.9210959037119181,0.9518956699790752
2019-04-04,0.739,0.894,0.719,0.814,0.9651198504023532,0.8861123444302882,0.9168960643506664,0.9491650626527568
2019-04-05,0.872,0.944,0.787,0.835,0.9638251255227277,0.8812445021035941,0.9136844539839736,0.9469043683428012
2019-04-08,0.839,0.871,0.61,0.778,0.9619761192986209,0.8714116923794423,0.9083634950042099,0.9435597273855181
2019-04-09,0.88,0.916,0.734,0.888,0.96124003850958,0.8729915312004478,0.9075649265726722,0.9424595347640227
2019-04-10,0.961,1.037,0.805,0.925,0.9608794411114747,0.8779447187051671,0.9082486549423713,0.9421138014023589
2019-04-11,1.828,2.042,0.993,0.997,0.9612388496576292,0.8892833169237226,0.911729099846592,0.943200656820134
2019-04-12,0.566,0.771,0.531,0.75,0.9591369705565582,0.8760182391214634,0.9053867822055491,0.9393749012395373
2019-04-15,0.699,1.003,0.699,0.936,0.9589067519440552,0.8817307877765621,0.9065873005504296,0.9393080715120217
2019-04-16,0.665,1.152,0.665,0.93,0.9586191225714775,0.8863278556073657,0.9075054456268833,0.9391237532642589
2019-04-17,1.122,1.122,0.777,0.828,0.9573194298095723,0.8807728217399975,0.9043875850140644,0.9369232829025904
2019-04-18,1.001,1.222,0.863,0.901,0.9567590374731586,0.8826992196695216,0.9042547385429246,0.9362119307659055
2019-04-22,0.693,0.901,0.692,0.876,0.9559554649609878,0.8820611987486148,0.903146709580457,0.9350196153051945
2019-04-23,0.789,0.836,0.732,0.813,0.9545330225235651,0.8754839417249372,0.8996115444988704,0.9326033852991511
2019-04-24,0.791,0.913,0.741,0.892,0.9539108033939774,0.8770568996558955,0.8993130525577382,0.9317993578674847
2019-04-25,0.825,0.99,0.81,0.857,0.9529465167930423,0.8751467187362864,0.8976537171633171,0.9303181824641682
2019-04-26,0.883,0.97,0.791,0.878,0.9522007803075394,0.875418459809021,0.8968829831569125,0.9292821788510164
2019-04-29,0.879,0.898,0.811,0.88,0.9514823645830863,0.8758547969700666,0.8962209053860531,0.9283062941212933
2019-04-30,0.767,1.477,0.759,1.057,0.9525322913036526,0.8931067210681555,0.9025259679199334,0.9308546843367133
2019-05-01,0.798,0.96,0.762,0.948,0.9524871938777456,0.8983346523949978,0.9043092632956223,0.9311941955379665
2019-05-02,0.649,0.954,0.622,0.93,0.9522634407048327,0.9013503997859503,0.9053167431663822,0.9311705481015711
2019-05-03,0.79,0.892,0.726,0.783,0.9505792273644861,0.8900789331396693,0.9005200081402496,0.928236477842134
2019-05-06,0.816,1.089,0.702,1.069,0.9517575435101131,0.9071190347454151,0.9071270666445536,0.9310238743205076
2019-05-07,1.135,1.169,0.9,0.909,0.9513320953159826,0.9072981742934708,0.9072005150114338,0.9305877579973292
2019-05-08,1.386,1.386,0.992,1.237,0.9541745620292564,0.9386983481702831,0.9201338281482404,0.9366553271458969
2019-05-09,1.457,1.675,1.257,1.276,0.9573768051931444,0.9708223150112085,0.9340893642992898,0.9433750236380574
2019-05-10,1.253,1.398,1.098,1.262,0.9604078817583868,0.9985535231053791,0.9469486049150039,0.949684429110571
2019-05-13,1.463,1.463,0.865,1.1,0.9617968580592984,1.0082150923334383,0.9529506204085332,0.9526609750687776
2019-05-14,0.871,1.072,0.853,1.017,0.9623461430537332,1.0090517502064442,0.9554623607846692,0.9539350151664255
2019-05-15,1.501,1.666,1.177,1.195,0.9646611068044424,1.02676110732964,0.9648559936950744,0.9587085792225359
2019-05-16,1.273,1.273,0.988,1.028,0.9652913445476817,1.0268790971077697,0.967332229236444,0.9600806865646639
2019-05-17,1.084,1.162,0.93,1.105,0.9666814804228292,1.0343191830975058,0.9727309653448187,0.9629503759396211
2019-05-20,1.08,1.122,0.851,0.877,0.9657891273837961,1.0193364037548862,0.9689768098411004,0.9612483882972523
2019-05-21,0.936,1.045,0.789,1.002,0.966149434574007,1.0176853176829923,0.9702718369061553,0.9620553509052275
2019-05-22,1.336,1.336,0.953,0.979,0.9662773008966538,1.0140010017131835,0.9706141178117962,0.9623908885110646
2019-05-23,1.241,1.291,1.044,1.216,0.9687621038728065,1.0332390015500232,0.9802370935838826,0.9674128511148059
2019-05-24,0.953,1.147,0.946,1.001,0.9690828789586492,1.030168620450021,0.9810513252080441,0.9680779431719384
2019-05-28,1.07,1.116,0.894,1.114,0.9705248403620457,1.0381525613595428,0.9862649987292972,0.970967488851702
2019-05-29,1.392,1.525,1.189,1.434,0.9751365334927716,1.0758523174205388,1.0038232340732463,0.9801364494685
2019-05-30,1.03,1.406,1,1.108,0.9764585580351322,1.0789140014757255,1.007908597442923,0.9826684009641733
2019-05-31,1.448,1.639,1.144,1.188,0.9785634480049318,1.089303144192323,1.0149710053863377,0.9867343732223085
2019-06-03,1.019,1.323,1.019,1.165,0.9804185380745345,1.096512368554959,1.020854495371187,0.990264385633748
2019-06-04,0.844,1.027,0.79,0.958,0.9801954680439421,1.0833207144068675,1.018389613199768,0.9896254869083272
2019-06-05,0.795,1.042,0.795,1.016,0.9805517320435049,1.0769092177966897,1.0182959028782086,0.9901477544943009
2019-06-06,0.927,1.038,0.818,0.853,0.9792825605803854,1.0555845303874811,1.011813710608475,0.9874319573756019
2019-06-07,0.711,0.871,0.708,0.849,0.9779862166940134,1.035909813207721,1.0054288592120642,0.984690730496877
2019-06-10,0.646,0.868,0.616,0.794,0.9761555080701924,1.012870783378414,0.9971375313998263,0.980914676427632
2019-06-11,0.688,1.017,0.562,0.972,0.9761141597311854,1.0089783278185651,0.9961517458547351,0.9807381481815403
2019-06-12,1.209,1.209,0.828,1.02,0.9765508347587358,1.0100280108834636,0.9970869715074906,0.981515610593787
2019-06-13,0.789,0.905,0.632,0.904,0.9758289359054151,0.9999301050850385,0.9934365020366086,0.9799806480077714
2019-06-14,0.93,1.013,0.824,0.987,0.9759400907720279,0.9986986665055111,0.9931840901920357,0.9801196450769244
2019-06-17,0.816,1.017,0.775,1.017,0.976348647082754,1.0004416506478433,0.9941180474394068,0.980849949134807
2019-06-18,0.883,0.988,0.872,0.94,0.9759869690023286,0.9946853029670963,0.991995771069234,0.9800410392509495
2019-06-19,1.756,1.756,0.853,0.876,0.974992073788375,0.9833819407797538,0.987446917301813,0.9779808206519208
2019-06-20,1.084,1.084,0.734,0.775,0.9730021029049086,0.9635360416578725,0.9791156656429184,0.9739613984607937
2019-06-21,0.667,0.829,0.577,0.812,0.9714000919307304,0.9491040376904561,0.9725621101275098,0.9707542420556294
2019-06-24,0.784,1.02,0.584,0.803,0.9697244691254495,0.9351893674342222,0.9659126156127055,0.96743237587631
2019-06-25,0.554,0.993,0.554,0.99,0.9699262157013157,0.940409427678582,0.9668572189220112,0.9678792595223237
2019-06-26,1.007,1.128,0.906,0.948,0.969708044400805,0.9411323393282409,0.9661177201407558,0.9674856108189114
2019-06-27,1.062,1.062,0.783,0.887,0.9688850787848766,0.935976878439837,0.9630150644489615,0.9658918363472497
2019-06-28,0.679,0.897,0.679,0.862,0.967821545662639,0.9289314614455668,0.9590536893725315,0.9638345722611655
2019-07-01,0.731,0.955,0.717,0.912,0.9672661073973391,0.9273189413078938,0.9572084466520401,0.9628081450876771
2019-07-02,0.948,0.95,0.615,0.887,0.9664674396620422,0.9234790421357134,0.954455174234313,0.9613069936998023
2019-07-03,0.751,0.87,0.665,0.803,0.9648408979738626,0.9120048476465978,0.948515755636889,0.9581722017453508
2019-07-05,0.915,1.077,0.901,0.924,0.9644345208795954,0.9131472431088267,0.9475543534550501,0.9574955244830666
2019-07-08,1.183,1.327,0.969,0.976,0.9645496002738282,0.919133219955605,0.9486698690058325,0.9578619497408277
2019-07-09,1.104,1.173,0.826,0.951,0.9644147783805562,0.9221681513884046,0.9487612466918783,0.95772606954794
2019-07-10,0.722,0.947,0.623,0.906,0.9638335368046302,0.9206283274466518,0.9470843350569027,0.9567017909430303
2019-07-11,0.701,0.922,0.701,0.885,0.9630491235030917,0.9172351534041135,0.9446496552507496,0.9552819534986139
2019-07-12,0.999,0.999,0.765,0.915,0.9625710227717177,0.9170222816513408,0.9434869236722888,0.9544842910530967
2019-07-15,0.844,1.122,0.821,0.988,0.9628240474207553,0.9237820643512131,0.9452325345086696,0.9551479684579859
2019-07-16,0.935,1.13,0.797,0.957,0.9627660967001508,0.9269456772701452,0.9456940037436238,0.955184642349907
2019-07-17,1.35,1.35,0.951,1.013,0.9632659365339802,0.9351413270539409,0.9483334545772072,0.9563295009172356
2019-07-18,0.852,0.982,0.806,0.947,0.9631040864192142,0.9362707244773751,0.9482811622408461,0.956144758324815
2019-07-19,1.018,1.144,0.956,1.104,0.9645060358080777,0.9522449411938156,0.9543877833294404,0.9590725848926405
2019-07-22,0.91,1.002,0.855,1.002,0.9648791100786441,0.956983518222976,0.9562549290812271,0.9599226327165485
2019-07-23,0.924,1.147,0.571,0.749,0.9627310592320905,0.937175564106502,0.9481272848035319,0.9557459469201812
2019-07-24,0.84,0.867,0.621,0.742,0.9605347302845074,0.918587415143978,0.9400438618700601,0.9515133539118608
2019-07-25,0.791,0.883,0.644,0.766,0.9585990613264527,0.904055280368361,0.9332186123849596,0.9478398221512299
2019-07-26,0.61,0.809,0.399,0.809,0.9571105134525576,0.8950023965237552,0.9283472942522161,0.9450905187422947
2019-07-29,0.784,0.955,0.698,0.817,0.9557163789903431,0.8875735968548262,0.9239807336933057,0.9425540728266056
2019-07-30,0.862,1.078,0.817,1.03,0.9564555194979019,0.9011380162019856,0.9281383519798427,0.9442856753448907
2019-07-31,0.969,1.055,0.859,1.003,0.9569186486571267,0.9108391575160822,0.931074102882594,0.9454483352390513
2019-08-01,1.154,1.154,0.826,1.063,0.9579741844913842,0.9253306663240745,0.9362476674754334,0.9477760909768919
2019-08-02,1.137,1.246,0.838,1.124,0.959626182655649,0.9442515552455912,0.9436105040450242,0.9512656733337851
2019-08-05,1.884,1.884,0.952,1.238,0.9623960713854436,0.972227597603154,0.9551551901609057,0.9569435807925221
2019-08-06,0.902,1.189,0.902,1.118,0.9639443691826034,0.9861106835457107,0.9615412611349878,0.9601328168164325
2019-08-07,1.4,1.429,1.118,1.269,0.9669797485937218,1.013052523208024,0.9735984665806746,0.9662489986616516
2019-08-08,0.866,1.391,0.866,1.062,0.9679252237320928,1.0177141876644027,0.9770651933814325,0.9681450580940941
2019-08-09,1.223,1.223,0.971,0.997,0.9682145249884898,1.0157414078868405,0.9778469505037293,0.9687164430823298
2019-08-12,1.214,1.376,1.094,1.168,0.9702024401627337,1.030242226183332,0.9853039328369163,0.9726626521302045
2019-08-13,0.877,0.993,0.75,0.929,0.9697924656337513,1.020600109403967,0.9830959354707627,0.9717980451573291
2019-08-14,1.36,1.36,1.04,1.277,0.9728492570204802,1.0450191466035892,0.9946215850601445,0.9778416482235206
2019-08-15,1.616,1.782,1.155,1.184,0.9749502594381868,1.0582554183556283,1.00204818956759,0.9819239918230549
2019-08-16,1.542,1.542,1.076,1.103,0.9762243862099461,1.0625168070836637,1.0060070840943511,0.98432153653943
2019-08-19,0.887,0.998,0.846,0.95,0.975963447043678,1.0518009206947434,1.003810727855357,0.9836419021525106
2019-08-20,0.905,1.259,0.838,0.863,0.9748394326452334,1.0338198806285774,0.998288738527696,0.9812529535950351
2019-08-21,1.673,1.904,1.082,1.329,0.978363418390057,1.0619322729496652,1.0112578076050411,0.9881390337218661
2019-08-22,0.607,0.987,0.607,0.966,0.9782403993015988,1.052795866002078,1.0094829916205297,0.9877006370145024
2019-08-23,0.993,1.205,0.947,1.19,0.9803474600050655,1.0658629263828325,1.016562089988352,0.9917065649944132
2019-08-26,1.033,1.107,0.987,1.106,0.9815977340348658,1.0696855048225629,1.0200694590084167,0.9939698013311575
2019-08-27,0.612,1.022,0.612,0.962,0.9814027317061607,1.0594297424585093,1.0177922253218121,0.9933367359582633
2019-08-28,1.109,1.495,1.079,1.213,0.9837071821369451,1.0740554812719847,1.0254474321719371,0.9976865035630502
2019-08-29,1.128,1.135,0.955,1.013,0.9839986529614531,1.0682406735317957,1.0249592975769592,0.9979897411162572
2019-08-30,1.189,1.332,1.074,1.253,0.9866752832802446,1.0858367998621008,1.033902070221,1.0030394492129648
2019-09-03,1.209,1.336,1.116,1.14,0.9882009023520829,1.090995199875234,1.0380627733495882,1.0057515393275596
2019-09-04,0.935,1.026,0.791,1.026,0.9885770127764403,1.0848051808394974,1.0375897234143103,1.0061524989448356
2019-09-05,0.814,0.836,0.759,0.832,0.987019032549809,1.0607284969500215,1.0295273813196315,1.0027039346092943
2019-09-06,0.966,0.966,0.761,0.947,0.9866208332209552,1.04989721152621,1.026291013424744,1.0016008863992092
2019-09-09,1.128,1.198,0.913,0.995,0.9867042080147765,1.044668905666571,1.025063914859068,1.0014701757774427
2019-09-10,1.011,1.031,0.828,0.847,0.9853141163927389,1.025843295603088,1.0180810162371436,0.9984113604155131
2019-09-11,0.663,0.784,0.608,0.783,0.9833010406077365,1.0027153626885084,1.0088621528552948,0.9941457889221367
2019-09-12,0.667,0.844,0.566,0.843,0.9819050103529331,0.9875043757657933,1.0023577547041067,0.9911528030028864
2019-09-13,0.898,1.11,0.767,0.931,0.9813984928369835,0.9821230066452415,0.999559411382377,0.9899616583889679
2019-09-16,0.825,1.348,0.804,1.232,0.983892040171939,1.005920815536171,1.0086747285830682,0.9947544968367111
2019-09-17,0.621,0.882,0.621,0.852,0.982579681563263,0.9912616902470118,1.0025306215798107,0.9919276751171723
2019-09-18,1.81,1.81,0.938,1.056,0.9833102319954694,0.9974272435568202,1.0046274599492298,0.9931964340257431
2019-09-19,1.145,1.431,1.108,1.133,0.9847996824233752,1.010338934646647,1.0096616772061227,0.9959648214707779
2019-09-20,1.031,1.116,0.897,1.08,0.9857469492649337,1.0169733218231567,1.0124200428058825,0.9976288844119506
2019-09-23,0.977,1.1,0.911,1.059,0.9864758353418995,1.0209758626019036,1.014246707793887,0.9988441540275556
2019-09-24,1.058,1.223,0.991,1.154,0.9881427424529254,1.033644828068389,1.019727229056872,1.001916547017109
2019-09-25,1.123,1.284,1.064,1.078,0.9890368445180705,1.037869130157114,1.022012435760524,1.0034231500464732
2019-09-26,0.843,1.169,0.749,1.04,0.9895439405925176,1.0380720701421506,1.0227178304365818,1.004147444104959
2019-09-27,1.148,1.148,0.904,1.068,0.9903245979000548,1.0409223491762316,1.0244936017920099,1.0054118511523855
2019-09-30,1.085,1.18,0.952,1.179,0.9922019650851288,1.054072601635638,1.030552676231539,1.008849240238477
2019-10-01,0.718,1.128,0.718,1.093,0.9932049306066698,1.0577799729084345,1.0330015908891257,1.010515591916923
2019-10-02,1.622,1.642,1.182,1.294,0.9961979163717776,1.0802771183457265,1.0432368226189639,1.0161291445522316
2019-10-03,1.218,1.623,1.055,1.391,1.0001262953133518,1.1098697737413716,1.0568745942809652,1.023552329808623
2019-10-04,1.018,1.087,0.885,1.068,1.00080165555899,1.1058821762421933,1.0573108847013195,1.0244324816936008
2019-10-07,1.468,1.521,0.879,1.081,1.001599649036015,1.1035124451715081,1.0582398696149933,1.0255526305709552
2019-10-08,0.794,1.118,0.794,0.987,1.0014543788963532,1.0924160218218406,1.0554461492379348,1.0247892121438076
2019-10-09,1.104,1.207,0.964,1.082,1.0022558278625586,1.09142401974357,1.0564874767188002,1.025922099032049
2019-10-10,1.357,1.469,0.885,1.003,1.0022632325604437,1.0830026845298968,1.0543899286121805,1.0254681960809193
2019-10-11,0.779,0.987,0.779,0.953,1.0017730511419318,1.0706214764794304,1.0504138529803302,1.0240331822971387
2019-10-14,0.847,1.299,0.831,1.182,1.0035663541156439,1.0812289549099607,1.055574094039925,1.027161238093235
2019-10-15,1.577,1.577,0.955,1.027,1.0037995247214584,1.0760642925375836,1.054453541332477,1.0271580452597056
2019-10-16,1.256,1.256,0.758,0.933,1.0030950518386579,1.0624391218197184,1.0496906573586544,1.0252935295119887
2019-10-17,0.837,1.018,0.724,0.916,1.0022284344074275,1.0484925387892692,1.0444478864818445,1.0231293012048206
2019-10-18,1.108,1.139,0.953,0.982,1.0020271564531247,1.042159916047434,1.0419989497570663,1.0223148595968043
2019-10-21,0.739,1.018,0.739,0.95,1.0015094733043373,1.0333827811857736,1.0383911478058088,1.0208828821790459
2019-10-22,0.93,0.958,0.805,0.958,1.001076543221707,1.0262034686918904,1.0352385537742084,1.019637676591342
2019-10-23,0.934,0.956,0.784,0.895,1.0000210552294513,1.0137079002450438,1.029739002645808,1.017169603787553
2019-10-24,0.718,0.876,0.679,0.781,0.9978417412470687,0.9915452430788492,1.0199845319538154,1.0124929779699778
2019-10-25,0.892,0.977,0.775,0.843,0.9963010274038143,0.9773980770713397,1.0130439620732736,1.009136681376513
2019-10-28,0.689,0.823,0.646,0.818,0.994526887827657,0.9622173078264502,1.0053951792468707,1.0053517965967802
2019-10-29,0.986,0.992,0.771,0.881,0.9933972670532524,0.954482326128693,1.000516936923464,1.0028893847829825
2019-10-30,0.881,1.122,0.851,1.033,0.9937913240974986,0.9619601998307222,1.0017907825343086,1.00348563458926
2019-10-31,1.207,1.277,0.822,1.132,0.9951665348029961,0.9781544665135106,1.0068970263564927,1.0060304735082846
2019-11-01,0.763,0.832,0.662,0.739,0.9926176140586876,0.955377850655081,0.9963912606170224,1.0007427413596057
2019-11-04,0.522,0.714,0.476,0.655,0.9892582348143226,0.926770436306978,0.9830033680438058,0.9938963504415937
2019-11-05,0.633,0.888,0.564,0.863,0.988001933970399,0.9206970614205991,0.9782973536107155,0.9913043435021562
2019-11-06,0.811,0.978,0.704,0.96,0.9877233077617383,0.9244401984281612,0.9775798103318639,0.9906844555120146
2019-11-07,0.611,0.672,0.58,0.659,0.9844524290775419,0.8991601795302411,0.9650864844364967,0.9841164464919747
2019-11-08,0.847,1.051,0.847,0.946,0.9840698178429396,0.9036211148130753,0.9643379948507518,0.9833616653733217
2019-11-11,0.952,0.952,0.698,0.929,0.9835218594564427,0.9060381514975443,0.9629521911311144,0.9822851967520678
2019-11-12,0.704,0.912,0.602,0.882,0.9825116917006571,0.9037488037358734,0.9597775954004825,0.9802993512718289
2019-11-13,0.848,1.1,0.775,1.03,0.9829842121812475,0.9157727271895998,0.9625314151886989,0.9812835225337728
2019-11-14,0.845,0.893,0.618,0.822,0.9813823792242202,0.9068419912667808,0.957020379298946,0.9781293933746882
2019-11-15,0.668,0.848,0.639,0.826,0.979836285898606,0.8991427540032778,0.9518823252087912,0.9751169301395458
2019-11-18,0.975,1.034,0.738,0.841,0.9784548303175254,0.8936053488601085,0.9475339987300151,0.9724611493447033
2019-11-19,0.683,1.132,0.683,1.08,0.9794652300158585,0.911357220397241,0.9527287438778577,0.9745906315358973
2019-11-20,1.511,1.511,0.855,1.025,0.979918312304258,0.9221803422641704,0.9555629107846083,0.9755888368520181
2019-11-21,1.344,1.546,1.069,1.195,0.982058428599738,0.9481631668104399,0.9649526005577609,0.979933612359899
2019-11-22,1.109,1.163,0.879,0.966,0.9818986432405367,0.9498619128284932,0.9649936750456918,0.9796576992438614
2019-11-25,0.754,1.072,0.754,0.946,0.9815414428102825,0.9494941116067319,0.9642488250439,0.9789912101499235
2019-11-26,0.447,1.27,0.447,1.052,0.9822425229813245,0.9592565771679955,0.967690047591198,0.9804369287608161
2019-11-27,0.734,0.971,0.647,0.971,0.9821306570810129,0.9603749983900912,0.9678198496464452,0.9802500588843643
2019-11-29,0.98,1.067,0.872,0.982,0.982129357010555,0.9624345223529397,0.9683759339740355,0.9802847111836839
2019-12-02,1.129,1.129,0.955,1,0.9823071743537336,0.966012186890755,0.9696160934260342,0.9806751129424228
2019-12-03,1.215,1.416,1.129,1.134,0.9838165557034477,0.9820110262344925,0.9760625211348172,0.9837112493198006
2019-12-04,0.757,1.011,0.753,1.01,0.984077087487493,0.9846766427835885,0.977393402658942,0.9842318186402006
2019-12-05,0.875,1.133,0.723,1.103,0.9852604000498065,0.9959455339470562,0.9823191515742776,0.9865836638156422
2019-12-06,0.964,0.985,0.772,0.888,0.9842926348751816,0.9856650069044794,0.9786203613164628,0.9846315120569167
2019-12-09,0.849,1.046,0.737,1.046,0.9849066385082643,0.9914111967231004,0.9812627000883662,0.985846729639948
2019-12-10,0.821,1.204,0.8,0.912,0.9841811993191274,0.9838482256066147,0.9785465157711755,0.9843844181619292
2019-12-11,0.927,1.08,0.837,0.999,0.9843286500721709,0.9852912517393181,0.9793486131919137,0.9846738356240693
2019-12-12,0.926,0.943,0.701,0.712,0.9816189122605075,0.9592635134784306,0.9688643538510543,0.9792743537305234
2019-12-13,0.945,1.121,0.721,1.112,0.9829162365166219,0.9738098455281039,0.9744775164451306,0.981902584349721
2019-12-16,1.63,1.63,0.848,0.886,0.981951895854765,0.9654470030968559,0.9710078099178706,0.9800035232734889
2019-12-17,0.645,0.665,0.515,0.655,0.9786986431596927,0.9358806218495364,0.9586153467838364,0.9735678099413406
2019-12-18,1.186,1.412,0.945,1.028,0.9791892039242729,0.9446538959591043,0.9613363135766272,0.9746456750910171
2019-12-19,0.638,0.865,0.59,0.787,0.9772768735369667,0.9296392392010944,0.9544995953971516,0.9709299191486207
2019-12-20,0.604,0.905,0.596,0.793,0.9754432728052556,0.9166259783247996,0.9481662779305966,0.9674065544130045
2019-12-23,0.534,0.809,0.525,0.799,0.9736876183494819,0.9054235041986283,0.942316619972534,0.9640717711573015
2019-12-24,0.627,0.825,0.627,0.813,0.9720887365748602,0.8966212657035209,0.9372453799736111,0.9610802509363648
2019-12-26,0.626,0.906,0.626,0.788,0.9702570078527223,0.8862763832555665,0.931392619974646,0.9576529192346547
2019-12-27,0.843,0.907,0.767,0.87,0.9692594256850335,0.8847262515169411,0.92898506625015,0.9559172178636715
2019-12-30,0.938,1.375,0.87,0.897,0.9685404264244859,0.8858951799438991,0.9277307499266146,0.9547505402822126
2019-12-31,0.956,1.171,0.938,0.984,0.9686942530272273,0.8952384961397183,0.9299373871843944,0.955329737504347
2020-01-02,0.683,0.847,0.647,0.804,0.9670555042408868,0.8865491155549832,0.9249986661183398,0.9523331090389144
2020-01-03,0.814,0.898,0.777,0.873,0.9661196285767983,0.8852587235973657,0.92295950274115,0.9507621563846785
2020-01-06,0.963,1.065,0.802,0.841,0.9648746571481734,0.8810436070642832,0.9197454045944382,0.9485886483374572
2020-01-07,0.776,0.944,0.618,0.836,0.9635923222511766,0.8767537397248276,0.9164612710809308,0.946359170152557
2020-01-08,0.567,1.111,0.557,0.774,0.9617058314825082,0.866967669274844,0.9108745545679531,0.942946117278249
2020-01-09,0.6,0.667,0.422,0.667,0.9587734351493489,0.8479231293439065,0.9013108465456804,0.9374818377281846
2020-01-10,0.806,0.877,0.645,0.877,0.9579597691279623,0.8506923551206773,0.9003574800144772,0.9362841775751513
2020-01-13,0.74,0.773,0.662,0.772,0.9561094231664901,0.8431978451091843,0.8953238533472428,0.9330310255439601
2020-01-14,0.698,0.767,0.621,0.764,0.9541978866175698,0.8356551931940238,0.8901738983140176,0.9296838765232877
2020-01-15,0.673,0.763,0.608,0.763,0.9522954200840617,0.8287356509850692,0.8851866866154287,0.9263832057010444
2020-01-16,0.844,0.844,0.623,0.689,0.9496755651578521,0.815427493748396,0.8774930910618824,0.9216825481624098
2020-01-17,0.652,0.709,0.482,0.672,0.9469126242110079,0.8017677324390249,0.8694345384712204,0.9167383392879066
2020-01-21,0.766,0.912,0.698,0.835,0.945799065761147,0.8049327103019749,0.8680841644135255,0.9151197583119085
2020-01-22,0.874,0.887,0.675,0.852,0.9448657417237227,0.8094153093208344,0.8674534128678971,0.9138698621077123
2020-01-23,1.036,1.036,0.706,0.768,0.9431058835971186,0.8054709941474216,0.8635532790299404,0.9109813499867675
2020-01-24,0.643,1.101,0.621,1.101,0.9446769693324706,0.8336166137524291,0.8728649151464133,0.914744095531584
2020-01-27,1.117,1.264,0.998,1.027,0.9454961039659784,0.8520340791093406,0.8789094282779265,0.9169669847289783
2020-01-28,0.538,0.817,0.538,0.796,0.9440085805434313,0.8466975001465462,0.8756580781493803,0.914571598892761
2020-01-29,0.758,0.856,0.596,0.854,0.9431129727768299,0.8473929763230656,0.8748087417513655,0.9133721612909241
2020-01-30,0.922,1.042,0.837,0.866,0.942345679515369,0.8491650738161071,0.8744633008983708,0.9124340986911038
2020-01-31,0.864,1.164,0.85,1.097,0.943884528475415,0.872768400119335,0.8831902302749053,0.9160888690140523
2020-02-03,0.738,0.908,0.654,0.729,0.9417463739632218,0.8590761715365411,0.8771435545778502,0.9123841389345662
2020-02-04,0.647,0.831,0.647,0.831,0.9406444199934385,0.8564022504378229,0.8753340034179345,0.910772571826951
2020-02-05,0.743,0.969,0.709,0.966,0.9408967143218621,0.8668401313485065,0.8788895326956626,0.9118661842660213
2020-02-06,0.774,0.877,0.619,0.723,0.9387285878111967,0.8531410712200773,0.8727762176879895,0.90812625982511
2020-02-07,0.888,1.022,0.878,0.977,0.9391093978827271,0.864937159675308,0.8768634248374801,0.9094900962642167
2020-02-10,0.702,0.863,0.689,0.861,0.9383321899435955,0.8645621920871834,0.8762413297458143,0.9085298963381926
2020-02-11,0.556,0.751,0.46,0.748,0.9364383373073408,0.8534610309360231,0.8712122579910765,0.9053510865097135
2020-02-12,0.488,0.72,0.418,0.717,0.9342548712644817,0.8404647422754494,0.8651647184620147,0.9016213620243727
2020-02-13,0.872,0.884,0.736,0.816,0.9330782058787654,0.8381347668206447,0.8632366902870338,0.8999258895090386
2020-02-14,0.785,0.837,0.663,0.836,0.9321122535814643,0.837931455694869,0.8621685847855814,0.8986600303108399
2020-02-18,0.724,0.796,0.452,0.795,0.930747952550803,0.8338427456286911,0.8595345226371273,0.8966073564432985
2020-02-19,1.153,1.153,0.748,0.831,0.929755435609999,0.8335720079497682,0.8584155217493967,0.8953082008701638
2020-02-20,0.51,0.848,0.445,0.848,0.9289419486885064,0.8349461024307426,0.858007069916087,0.8943714048133289
2020-02-21,0.822,1.103,0.822,1.102,0.9306639193483223,0.8603798069611481,0.8675754201154562,0.898482862143758
2020-02-24,1.393,1.483,0.988,1.093,0.9322792037329161,0.8825341110600864,0.8764155997187716,0.9023346866557629
2020-02-25,0.833,1.404,0.833,1.347,0.9364057788201507,0.9267689576257925,0.8948698899258786,0.9111399403853517
2020-02-26,1.202,1.267,1.093,1.253,0.9395559700756716,0.9578385807090504,0.9089142079680009,0.9179094465163349
2020-02-27,1.284,1.433,1.235,1.348,0.9436200897764112,0.9949968111177122,0.9261332586359224,0.9264260911397738
2020-02-28,1.36,1.412,1.265,1.276,0.9469273525647056,1.021759019582692,0.9398535230031412,0.9333483467607684
2020-03-02,1.348,1.421,1.19,1.288,0.9503211102506289,1.0471153034319594,0.9535063260226259,0.9403711517754066
2020-03-03,0.869,1.035,0.75,0.811,0.9489348305466426,1.0246281316765347,0.9479178426491895,0.937809346789755
2020-03-04,0.827,2.102,0.808,1.259,0.9520200561133427,1.0469492619930552,0.9601171429374566,0.9441695577444134
2020-03-05,0.737,0.94,0.72,0.876,0.9512636376445532,1.0306683798984784,0.9568184314497132,0.9428196655118507
2020-03-06,1.015,1.241,1.015,1.206,0.9537983278172443,1.0473666294319566,0.9665902576673715,0.9480311572838933
2020-03-09,0.934,2.471,0.934,1.836,0.962576453908615,1.122474569486056,1.0006847573666904,0.9656146987238162
2020-03-10,0.925,1.208,0.898,1.207,0.9650085289941014,1.130524610487384,1.0087755511954477,0.9703946056797803
2020-03-11,1.525,1.647,0.901,1.361,0.9689487426359511,1.1524746475838237,1.022588274677979,0.978129365963349
2020-03-12,1.498,1.845,1.32,1.457,0.9738049740525088,1.18147706209965,1.039624028612176,0.9876119527759559
2020-03-13,1.537,1.537,1.087,1.272,0.9767720887385535,1.1900982942806357,1.0487368118038554,0.99324339925564
2020-03-16,1.064,1.524,1.064,1.275,0.9797395306416524,1.1981841710158132,1.0576098780076257,0.9988227378842411
2020-03-17,0.986,1.056,0.81,1.015,0.980090381083029,1.1807380594904977,1.0559389023994836,0.9991430797083156
2020-03-18,1.238,3.149,1.238,1.335,0.9836218200772278,1.195429672872355,1.066882474854406,1.0057937117932996
2020-03-19,1.098,1.25,1.098,1.117,0.984948966146111,1.187960180217845,1.0688478679973703,1.007995816510264
2020-03-20,1.091,1.321,0.967,1.229,0.9873773346421697,1.191868734482812,1.0751283437621793,1.0123721369754073
2020-03-23,1.154,1.245,0.932,1.114,0.9886372616606556,1.184452664532068,1.0766527224381721,1.0143845699065874
2020-03-24,1.035,1.044,0.834,0.887,0.9876259456242311,1.1561238393385378,1.06921536077393,1.011862103175764
2020-03-25,0.804,0.959,0.721,0.953,0.9872814088518507,1.1367787117824866,1.0646578956455406,1.0106965169742637
2020-03-26,0.939,1.014,0.781,0.978,0.9871890565249666,1.121656929707964,1.0612595467966959,1.010049061192595
2020-03-27,1.023,1.083,0.959,1.076,0.9880727475048177,1.1173086506881578,1.0618376037850608,1.0113550203769
2020-03-30,0.836,1.15,0.828,1.1,0.9891864515097448,1.115660207765476,1.0633341683425093,1.0131103665080505
2020-03-31,1.413,1.419,1.146,1.166,0.9909457903006926,1.1204544736925734,1.0673602793879011,1.0161378840029407
2020-04-01,1.171,1.222,1.125,1.203,0.9930557824370041,1.128315952388519,1.0726794841177874,1.0198381239236745
2020-04-02,2.087,2.087,1.208,1.211,0.9952243816167354,1.1361906235896124,1.0781038180739526,1.0236235076083542
2020-04-03,0.769,1.096,0.658,1.096,0.9962271240882107,1.1323629451525066,1.078805629129876,1.0250567054774957
2020-04-06,0.92,0.977,0.872,0.972,0.9959860581768852,1.1170902837094108,1.0746171730855671,1.0240060776462583
2020-04-07,0.642,0.958,0.63,0.957,0.9955981372000008,1.1018435900228003,1.0700047349253488,1.02267922462356
2020-04-08,1.128,1.128,0.974,1.042,0.9960598472776128,1.0961442004968194,1.0689065100263155,1.0230618142349748
2020-04-09,0.799,1.022,0.77,0.995,0.9960493015335569,1.0865114194971224,1.0660082155154795,1.0225061347451734
2020-04-13,0.921,0.972,0.84,0.921,0.9953025423143175,1.070748427164063,1.060321618828598,1.0204961122749718
2020-04-14,0.73,1.034,0.709,0.996,0.9953094821917869,1.0636295293389142,1.057799202403947,1.0200110407447744
2020-04-15,0.895,1.035,0.791,0.997,0.9953263032645054,1.0572838598780652,1.0554149199567335,1.0195553765716105
2020-04-16,0.816,1.006,0.803,0.9,0.9943777828340129,1.0423044446515828,1.0493202172133322,1.0171879433721727
2020-04-17,0.892,0.949,0.721,0.915,0.9935879541490974,1.0301802118276224,1.0440527577147702,1.0151644197410405
2020-04-20,0.778,0.936,0.755,0.936,0.9930149396799521,1.0212106678440394,1.0398153946671322,1.0135968074689408
2020-04-21,0.862,1.192,0.823,1.101,0.9940894178920919,1.0288096518588927,1.0422147909546957,1.0153275637566845
2020-04-22,0.714,1.087,0.713,0.915,0.993302458510081,1.017970637396141,1.037225975623139,1.0133408793258591
2020-04-23,0.853,0.879,0.733,0.877,0.992145220116946,1.0045448624060322,1.0309426040300746,1.0106410599332678
2020-04-24,0.885,1.096,0.873,1.018,0.9924024816083196,1.0058263040816482,1.030435050930856,1.0107867815187477
2020-04-27,0.855,1.061,0.821,1.057,0.9930452429853512,1.0106999894072055,1.0314768136394499,1.0117018947560001
2020-04-28,0.926,0.998,0.893,0.971,0.9928258873337557,1.0069190380350908,1.0291051738888832,1.01089591664202
2020-04-29,0.898,1.035,0.868,1.035,0.9932455302458576,1.009593415365082,1.0293363435402996,1.011373225223366
2020-04-30,0.791,1.019,0.791,0.975,0.9930639826812222,1.0062988043779313,1.0272055065387191,1.0106529633377548
2020-05-01,1.057,1.19,1.057,1.176,0.994884241560016,1.0224608230086045,1.0330405847136712,1.0139271620835417
2020-05-04,1.033,1.042,0.932,0.968,0.9946167366688715,1.017274077960166,1.0304899735484292,1.0130177133294123
2020-05-05,0.85,0.979,0.835,0.9,0.9936752766025145,1.0061051181544358,1.025372719683785,1.0107797388080377
2020-05-06,0.739,0.889,0.739,0.871,0.9924546270840816,0.9932379640444895,1.0193188875393229,1.0080118231880766
2020-05-07,0.575,0.83,0.575,0.829,0.99082821288424,0.9775962531831095,1.011855401753467,1.0044670346100948
2020-05-08,0.861,0.888,0.765,0.864,0.989566240616735,0.9667775624037658,1.0060571507043115,1.0016855091722712
2020-05-11,0.773,0.86,0.729,0.86,0.9882770242921904,0.9566082707462643,1.0003294193041423,0.9988798555252955
2020-05-12,0.876,1.004,0.809,0.879,0.9871896907171438,0.9492170068656677,0.9955714028608427,0.996505997000042
2020-05-13,0.858,1.21,0.854,1.181,0.9891181515060279,0.971291577640366,1.0028431125525743,1.0001593435941005
2020-05-14,1.06,1.152,0.919,0.95,0.9887289161676595,0.9692638083412836,1.000770833628944,0.9991660892655044
2020-05-15,0.773,0.808,0.564,0.808,0.9869306184943494,0.9539053504040185,0.9932111930944757,0.995380622151336
2020-05-18,0.644,0.725,0.644,0.725,0.9843243436834603,0.932104840841731,0.9826931070907707,0.990026550425567
2020-05-19,0.471,0.742,0.461,0.72,0.9816942507114856,0.9119043798091852,0.9723914166166229,0.9846794900211003
2020-05-20,0.681,0.814,0.642,0.813,0.9800157009531624,0.9024849150654533,0.9661407728277357,0.9812798961592963
2020-05-21,0.566,0.861,0.552,0.859,0.9788115646252702,0.8983434945830291,0.9619391738933147,0.9788585120769341
2020-05-22,0.79,0.925,0.774,0.839,0.9774204047782525,0.8926917331941692,0.9571180298190671,0.9760890365902621
2020-05-26,0.613,0.812,0.553,0.812,0.9757744306013545,0.885006806223296,0.9514271266889076,0.9728397487369896
2020-05-27,0.688,0.911,0.681,0.863,0.9746522969635301,0.8829109199163154,0.9479593962305191,0.9706647042075442
2020-05-28,0.639,0.858,0.639,0.857,0.9734816273420024,0.8804432132576188,0.9443923610842242,0.9684139179856127
2020-05-29,0.816,0.989,0.789,0.938,0.973128576323674,0.8859248119949884,0.9441416802573919,0.9678116621839175
2020-06-01,0.889,0.889,0.741,0.841,0.9718138641214484,0.8816462584716561,0.9400969084825922,0.9653005401604735
2020-06-02,0.627,0.808,0.615,0.808,0.9701838754237225,0.8746323290934032,0.9349166375617062,0.962185677979078
2020-06-03,0.658,0.694,0.635,0.693,0.9674258269120437,0.8573340120368885,0.925429710598502,0.9568552685141457
2020-06-04,0.604,0.756,0.604,0.742,0.9651827838581926,0.8463498204143277,0.9182363886142471,0.9526007087415884
2020-06-05,0.492,0.659,0.491,0.655,0.9620963879989071,0.8281260279939155,0.9079133929823158,0.9467076254001708
2020-06-08,0.474,0.605,0.474,0.604,0.9585332398596145,0.806780691994495,0.8959952207084995,0.9399213357882863
2020-06-09,0.547,0.697,0.545,0.697,0.9559309190649914,0.7963253879950193,0.8881914865630681,0.9351110123073302
2020-06-10,0.63,0.755,0.618,0.701,0.9533942930046432,0.7872467796145413,0.8808506439527517,0.9304751506774821
2020-06-11,0.836,1.034,0.773,1.007,0.953927683124,0.8081756577464897,0.885797677523232,0.9319904942284231
2020-06-12,0.663,1.025,0.662,0.974,0.9541274076700299,0.823968452246824,0.8892565921301641,0.9328223656298404
2020-06-15,0.906,0.937,0.816,0.881,0.9533997717728157,0.8294000282233169,0.888932804203491,0.9317961801718238
2020-06-16,0.583,0.797,0.568,0.767,0.9515450476755737,0.8234571683925248,0.8841511256072756,0.928532889475352
2020-06-17,0.809,0.836,0.638,0.771,0.9497485795394983,0.8184612475932367,0.879713826563853,0.9254134263174242
2020-06-18,0.802,0.875,0.745,0.874,0.9489948623301501,0.823750652584357,0.879489754933898,0.9243953386675742
2020-06-19,0.69,0.936,0.69,0.93,0.948805858724875,0.8338696380525135,0.8814705488580589,0.9245063220602955
2020-06-22,0.624,0.804,0.623,0.802,0.9473451039116921,0.8308344344284646,0.8783540567459781,0.9220804542967252
2020-06-23,0.657,0.784,0.648,0.783,0.9457098292459042,0.8262787740067061,0.8746146819716261,0.9193263858948099
2020-06-24,0.736,0.997,0.721,0.997,0.9462201792036564,0.8425379383870198,0.8794141062080328,0.9208644772632295
2020-06-25,0.809,0.963,0.782,0.894,0.9457005754304857,0.8474390871120656,0.879986102043012,0.9203325074164329
2020-06-26,0.792,1.07,0.792,1.07,0.9469373856252072,0.8686353645299641,0.88743762745309,0.92329622014086
2020-06-29,0.957,1.121,0.952,0.968,0.9471469638776927,0.878098663146158,0.8905969361804198,0.9241814435044073
2020-06-30,0.828,0.883,0.766,0.883,0.9465086856301534,0.8785654571322382,0.890299017114521,0.9233659693756072
2020-07-01,0.808,0.843,0.726,0.842,0.945468798210948,0.8750830326434537,0.8884049380119907,0.9217547620612387
2020-07-02,0.729,0.875,0.723,0.875,0.9447676161391972,0.8750751247726486,0.8878792541683832,0.9208289251887389
2020-07-06,0.629,0.737,0.595,0.737,0.9427002766751257,0.8619251128895392,0.8819624206715838,0.9171887484523282
2020-07-07,0.585,0.905,0.54,0.84,0.9416783833748756,0.8598370069000593,0.880316835547208,0.9156602583839653
2020-07-08,0.523,0.786,0.523,0.772,0.9399900412517426,0.8514715776714822,0.8760691165061409,0.9128155007922035
2020-07-09,0.501,0.782,0.501,0.782,0.9384180010402824,0.8448552369408648,0.8723801315451158,0.9102250948359223
2020-07-10,0.632,0.848,0.63,0.833,0.9373690657065482,0.8437261667560205,0.8708358126609936,0.9086958850371911
2020-07-13,0.549,0.775,0.539,0.775,0.9357534531124532,0.8371808175411615,0.8670775454978175,0.9060484417691279
2020-07-14,1.232,1.232,0.838,0.849,0.9348902346735233,0.8383064539658127,0.8663686221449619,0.9049187696548877
2020-07-15,0.537,0.624,0.51,0.624,0.9317967995026425,0.8178963154928782,0.8568639702961399,0.8993560217409295
2020-07-16,0.56,0.717,0.56,0.717,0.9296595179155516,0.8082871425887945,0.8513791087158992,0.895745011409426
2020-07-17,0.566,0.771,0.562,0.746,0.9278320600258446,0.8023550337708141,0.847246594648609,0.8927797636587442
2020-07-20,0.571,0.792,0.551,0.783,0.9263909450007118,0.8005116972212127,0.8447271203486635,0.8906059069526305
2020-07-21,0.503,0.711,0.488,0.711,0.9242477515181177,0.7919867736763353,0.8394829195506767,0.8870493543397071
2020-07-22,0.696,0.78,0.625,0.755,0.9225636942890817,0.7884642238023986,0.8361698638820226,0.8844345156399109
2020-07-23,0.512,0.774,0.512,0.774,0.9210854485747625,0.7870866786783606,0.8337318300042963,0.8822476935480316
2020-07-24,0.852,0.934,0.805,0.908,0.9209552451063568,0.7986022330899453,0.8366443072590297,0.8827576402104468
2020-07-27,0.449,0.637,0.446,0.637,0.9181298197819154,0.7832115442242362,0.8288151187390678,0.8778911522854874
2020-07-28,0.493,0.832,0.47,0.831,0.9172628564010008,0.7877628257266899,0.8289008003571435,0.8769626146164679
2020-07-29,0.622,0.733,0.622,0.731,0.9154094946457669,0.7823568423241479,0.8250615532843144,0.8740722658121813
2020-07-30,0.603,0.776,0.592,0.767,0.9139327832562568,0.7808942859123243,0.822784629626106,0.8719520229248114
2020-07-31,0.722,0.838,0.684,0.823,0.9130279794427617,0.7849043539206744,0.8227930755231214,0.8709826759362013
2020-08-03,0.605,0.674,0.575,0.674,0.9106495915876098,0.7743420344996578,0.8169580529535873,0.8670820288879597
2020-08-04,0.482,0.76,0.482,0.744,0.9089913866961908,0.7714523169282618,0.8140969528377603,0.8646447609891882
2020-08-05,0.513,0.833,0.508,0.681,0.9067228156842885,0.7628378105541416,0.8088774644911815,0.8610082310686102
2020-08-06,0.491,0.61,0.478,0.61,0.9037703498565841,0.7482818285966043,0.8010783482366254,0.8560377710474496
2020-08-07,0.629,0.73,0.503,0.73,0.9020412916490559,0.7465407020635944,0.7982909620312675,0.8535419736009654
2020-08-10,0.48,0.668,0.48,0.667,0.8997025723291647,0.7389653971051569,0.7931422968535707,0.8498480731336195
2020-08-11,0.413,0.705,0.412,0.705,0.8977652333010139,0.7357305973808562,0.7896857361926464,0.8469797944577063
2020-08-12,0.656,0.775,0.644,0.775,0.8965436886910535,0.7394705404874413,0.7891098249694053,0.8455544519931973
2020-08-13,0.614,0.69,0.473,0.687,0.8944586768632818,0.734473346155304,0.78510551810786,0.8424147598745202
2020-08-14,0.617,0.781,0.593,0.78,0.8933197845561845,0.738809217950037,0.7849053017114733,0.8411788240354208
2020-08-17,0.653,0.751,0.59,0.75,0.8918937170481628,0.7398750067167001,0.7835364663502391,0.8393733027673926
2020-08-18,0.494,0.714,0.486,0.714,0.8901236303113651,0.7374107203627287,0.7808095461012101,0.8368906631086324
2020-08-19,0.726,0.762,0.598,0.761,0.888838818069461,0.7396573184234212,0.7800327011560646,0.8353878777005407
2020-08-20,0.815,0.815,0.721,0.751,0.8874672875414066,0.7407375738116668,0.7788941638558268,0.8337168306173617
2020-08-21,0.651,0.717,0.575,0.717,0.8857710956255717,0.7384768524962699,0.7764669417438336,0.8314056062487011
2020-08-24,0.541,0.769,0.536,0.767,0.8845892936790486,0.7411933427347204,0.7760956891264283,0.8301302477091228
2020-08-25,0.396,0.623,0.395,0.623,0.8819864151349784,0.7299368339028423,0.7700919366116664,0.8260286586455758
2020-08-26,0.539,0.654,0.539,0.648,0.8796581920988095,0.7221333259120953,0.765304017528856,0.8225033386723961
2020-08-27,0.571,0.628,0.488,0.628,0.877154130485886,0.7131682472538006,0.7599195462532146,0.8186517874115565
2020-08-28,0.494,0.716,0.468,0.716,0.8755506067994593,0.7134379379915339,0.7581972111060297,0.8166190787499416
2020-08-31,1.058,1.058,0.73,0.791,0.8747093072293154,0.7208248010399593,0.7594835949842246,0.8161117702598437
2020-09-01,0.558,0.658,0.541,0.621,0.8721848365106157,0.7113176771313917,0.754052865769157,0.8122481708487577
2020-09-02,0.64,0.759,0.521,0.742,0.8708894650030474,0.7142398031188782,0.7535802043664449,0.8108571179606635
2020-09-03,0.66,1.04,0.555,0.951,0.8716865847542609,0.7367883932980327,0.7613221571363883,0.8136322245356998
2020-09-04,0.84,1.117,0.756,1.033,0.8732916933636712,0.7649990225077439,0.7719761901898633,0.8179761408815276
2020-09-08,0.814,0.923,0.796,0.895,0.873507696414779,0.7773800679831968,0.7768006533196726,0.8195013658145667
2020-09-09,0.747,0.854,0.741,0.838,0.8731543860026917,0.78315339484194,0.7792006276992933,0.819867675402397
2020-09-10,0.726,0.821,0.6,0.821,0.8726354368882371,0.7867578334284219,0.7808398187699093,0.8198900976716564
2020-09-11,0.948,1.005,0.757,1.005,0.8739524972177074,0.807542801673334,0.7896304141122658,0.8235556402920197
2020-09-14,0.775,0.828,0.729,0.827,0.8734853081906655,0.8093958681806356,0.7910958880686475,0.823623845434752
2020-09-15,0.603,0.741,0.596,0.697,0.8717292354723504,0.7986914997824798,0.7874058532424261,0.8211164425548559
2020-09-16,0.977,0.977,0.718,0.802,0.8710354122338195,0.7990065950412912,0.7879781727231152,0.820737899137928
2020-09-17,0.915,0.962,0.861,0.956,0.8718808310175626,0.8139583478945016,0.7945672639888754,0.8234163565807413
2020-09-18,0.738,0.969,0.732,0.942,0.8725785341915172,0.8261527909521681,0.8003489399108803,0.8257645475395385
2020-09-21,0.876,1.057,0.867,0.968,0.8735280015129947,0.8396620489567235,0.8069234912869242,0.828581091152617
2020-09-22,0.576,0.878,0.576,0.874,0.8735326980153529,0.8429323300084641,0.8095539426090056,0.8294804754862286
2020-09-23,0.611,0.898,0.581,0.897,0.8737662035077375,0.8480816319124199,0.8129831997615936,0.8308174957736301
2020-09-24,1.058,1.099,0.955,1.01,0.8751217636718396,0.8635024288731419,0.8207093487905507,0.8343656641741523
2020-09-25,0.742,0.906,0.563,0.882,0.8751902038343088,0.865264102313795,0.8231129037399408,0.8353089183489215
2020-09-28,0.581,0.781,0.581,0.781,0.8742529878757584,0.8572389497124813,0.8214614173187667,0.8342334942232003
2020-09-29,0.544,0.814,0.544,0.801,0.8735241024242584,0.8518828592636736,0.820659008796462,0.8335754052286815
2020-09-30,0.707,0.83,0.701,0.828,0.8730711262807335,0.8496083012385618,0.8209468908044439,0.8334650011647472
2020-10-01,0.66,0.906,0.66,0.788,0.8722246474122685,0.8437408439777464,0.8196548558709363,0.8325647041119799
2020-10-02,0.758,0.901,0.718,0.901,0.8725109693285643,0.8491940969322468,0.8228448615230565,0.8339198584860001
2020-10-05,0.616,0.799,0.616,0.79,0.8716899646586284,0.8435565638910805,0.8215568277378386,0.8330501583179606
2020-10-06,0.647,0.847,0.563,0.847,0.8714442933684927,0.843884510187168,0.8225545991990998,0.8333263928067138
2020-10-07,0.663,0.795,0.659,0.764,0.87037519592204,0.8362764615979139,0.8202583404069782,0.8319535929491552
2020-10-08,0.82,0.898,0.733,0.801,0.8696848954651043,0.8329167985885888,0.8195031113714104,0.8313406505145184
2020-10-09,0.774,0.88,0.742,0.858,0.8695686278485361,0.8353056749134851,0.8210127932784139,0.8318685584251221
2020-10-12,0.635,0.729,0.63,0.655,0.8674336166261626,0.8181337058741055,0.8145024876596526,0.8283662107335356
2020-10-13,0.429,0.763,0.429,0.761,0.8663745756647082,0.8126924005527622,0.8124043508886858,0.8270322263625745
2020-10-14,0.509,0.711,0.509,0.71,0.8648186097376962,0.8029121719286896,0.8083884939910903,0.8247147565336126
2020-10-15,0.732,0.826,0.708,0.764,0.8638154394915499,0.7992062507926239,0.8066477687365377,0.8235124841270064
2020-10-16,0.64,1.129,0.64,0.878,0.8639565793971067,0.8067104173838026,0.8094458954527518,0.8245914448373627
2020-10-19,0.543,0.818,0.521,0.818,0.8634993000001205,0.8077856157282023,0.809781350533036,0.8244609211772169
2020-10-20,0.635,0.801,0.615,0.801,0.8628774164180298,0.8071393666112306,0.809436983845466,0.8239963484806384
2020-10-21,1.229,1.229,0.866,0.892,0.8631671933690942,0.8152213316958753,0.8126747491848595,0.8253429554414179
2020-10-22,0.637,0.907,0.637,0.808,0.8626182660718893,0.8145335858200776,0.8124914256874141,0.8249995305811918
2020-10-23,0.615,0.842,0.542,0.842,0.8624131091955521,0.817149434789594,0.8136486246800645,0.8253361735399801
2020-10-26,0.798,1.112,0.763,1.112,0.8648965608453476,0.8452304410001089,0.8253486786141796,0.83101268495503
2020-10-27,0.651,0.947,0.63,0.797,0.8642209731752446,0.8406370656667652,0.8242369657273491,0.830339166441069
2020-10-28,1.013,1.182,1,1.118,0.8667461376212621,0.8670525832223114,0.8357570847184335,0.8360354205709488
2020-10-29,1.021,1.068,0.866,0.91,0.8671765243115978,0.871142813391615,0.8386685715922204,0.8375000657081577
2020-10-30,0.717,1.086,0.717,1.034,0.8688364593930744,0.8866530216400327,0.8463286276082118,0.841391153515917
2020-11-02,0.601,0.988,0.596,0.986,0.8700022657672727,0.8961146386266963,0.8518059363294584,0.8442546950304533
2020-11-03,0.916,1.132,0.731,1.044,0.8717335865059068,0.9101989587574871,0.8593429584341856,0.8482100476041077
2020-11-04,0.729,0.996,0.719,0.982,0.8728307647496292,0.917037153161536,0.8641530384955901,0.8508593535921452
2020-11-05,0.756,0.876,0.742,0.801,0.8721160307720209,0.9059859957175802,0.861676448750665,0.8498720396596274
2020-11-06,0.672,0.864,0.59,0.863,0.87202532399817,0.901892091363525,0.8617283527212272,0.8501319992703279
2020-11-09,0.509,0.749,0.484,0.749,0.8708011914210738,0.887330939805094,0.8573076330066692,0.8481293854233907
2020-11-10,0.65,0.848,0.65,0.845,0.8705444631482273,0.8832994217284184,0.856824980731898,0.8480674173952047
2020-11-11,0.752,1.099,0.707,1.022,0.8720514834154092,0.8965090006114261,0.863302432467902,0.8515116269517353
2020-11-12,0.64,0.984,0.64,0.934,0.8726678865655046,0.9000795719817665,0.8660748860966117,0.8531450600814039
2020-11-13,0.785,0.806,0.685,0.804,0.871984624012614,0.8909291365549316,0.863640576837921,0.8521718905748414
2020-11-16,0.51,0.735,0.494,0.733,0.870601692430399,0.8758882664068428,0.8585174169619241,0.8498120511575179
2020-11-17,0.758,0.914,0.676,0.87,0.8705957054410418,0.8753274791300006,0.8589677143359663,0.8502118125207354
2020-11-18,0.668,0.757,0.622,0.735,0.8692464944416285,0.8619629573080958,0.854106235342399,0.8479303904906218
2020-11-19,0.715,0.752,0.62,0.751,0.8680699124073834,0.8513950566120867,0.8500628535642657,0.8460109768175402
2020-11-20,0.551,0.727,0.551,0.724,0.8666363809406433,0.8392621940776023,0.84511921224802,0.8435949178706582
2020-11-23,0.58,0.671,0.58,0.67,0.8646798000357613,0.8231419851178307,0.8382517921598623,0.8401573947445066
2020-11-24,0.565,0.647,0.514,0.647,0.8625138318762015,0.8063665579637516,0.8307517218790834,0.8363324958386747
2020-11-25,0.502,0.718,0.492,0.718,0.8610758833003188,0.7979506953005371,0.8263300857269625,0.833989278099295
2020-11-27,0.535,0.743,0.535,0.743,0.8599009988893703,0.792717295748105,0.8230622392278659,0.8321875102161407
2020-11-30,0.502,0.803,0.49,0.802,0.8593248695471876,0.793601362819714,0.8222362690620673,0.8315897377366132
2020-12-01,0.458,0.654,0.458,0.653,0.8572718857705987,0.7802107568368841,0.8155995526282607,0.8280533072863832
2020-12-02,0.529,0.685,0.434,0.684,0.855547787404722,0.7710478276143238,0.8104387858585249,0.825200766548039
2020-12-03,0.513,0.731,0.503,0.656,0.853562237281292,0.7600908916510548,0.8043823628836808,0.8218502563193649
2020-12-04,0.744,0.789,0.63,0.686,0.8518949513381946,0.7530346162557162,0.7997399172803992,0.819160152233833
2020-12-07,0.539,0.652,0.492,0.652,0.8499059468472673,0.7434122718504099,0.793946195034109,0.8158500502094006
2020-12-08,0.61,0.655,0.528,0.655,0.8479665841920706,0.7349920554837042,0.7884973246406145,0.8126649007003035
2020-12-09,0.779,0.856,0.664,0.847,0.8479569664389157,0.7456594787709704,0.7907915472037277,0.8133448036567331
2020-12-10,0.75,0.828,0.625,0.708,0.8465643598076827,0.7420728617451636,0.787544819862405,0.8112587679407582
2020-12-11,0.642,0.985,0.632,0.975,0.8478423263767605,0.7642563987218147,0.7948960033972127,0.8145011685755947
2020-12-14,0.467,0.815,0.455,0.814,0.8475055868108226,0.7689938845578324,0.7956451797345768,0.8144912444453849
2020-12-15,0.457,0.936,0.451,0.919,0.8482169740067348,0.7832801812666103,0.8004826236665542,0.816560724753397
2020-12-16,0.874,0.874,0.712,0.785,0.8475879493897523,0.7834439735269331,0.7998754619541403,0.8159357599067951
2020-12-17,0.609,0.726,0.56,0.692,0.8460398105898543,0.7747350236672251,0.7956450516814288,0.8134815864432943
2020-12-18,0.78,0.784,0.681,0.762,0.8452035935690597,0.7735221642703466,0.7943256378900002,0.8124621490879815
2020-12-21,0.714,0.847,0.689,0.784,0.844594602588273,0.7745200533874564,0.7939207109139218,0.8118985421753482
2020-12-22,0.479,0.609,0.475,0.607,0.8422304771893847,0.758565762588651,0.7865904869565131,0.8078411453005888
2020-12-23,0.69,0.829,0.666,0.795,0.8417605221924754,0.7620356899611604,0.786920271781748,0.8075868651956266
2020-12-24,0.645,0.818,0.643,0.818,0.8415240990860826,0.7673656242505738,0.7881390846530519,0.8077930658848221
2020-12-28,0.606,0.719,0.554,0.718,0.8402950035727883,0.7626641362267096,0.7853885323137165,0.8060149853722514
2020-12-29,0.539,0.799,0.536,0.783,0.8397249040347506,0.7646008851574991,0.7852948643798453,0.8055592430876524
2020-12-30,0.698,0.825,0.684,0.819,0.8395186860841561,0.7697817532377373,0.7866166344041651,0.8058253966898771
2020-12-31,0.745,0.967,0.703,0.857,0.8396926295062044,0.7780882529293814,0.7893767663883154,0.8068387551712657
2021-01-04,0.691,0.905,0.626,0.87,0.8399941953817646,0.7868417526503927,0.7925384618240677,0.8080894728906466
2021-01-05,0.651,0.719,0.564,0.716,0.8387604222933888,0.780094919064641,0.7895369535172415,0.8062659189720199
2021-01-06,0.666,0.809,0.626,0.784,0.838215542469574,0.7804668315346752,0.7893198180851928,0.8058250096854452
2021-01-07,0.649,0.686,0.574,0.679,0.8366313082161454,0.770803323769468,0.7849935507093029,0.8033136233550404
2021-01-08,0.686,0.734,0.578,0.734,0.8356101011692185,0.7672982453152329,0.7829938036226636,0.8019410763579109
2021-01-11,0.736,0.797,0.689,0.797,0.835225921058082,0.7701269838566394,0.7835430662256964,0.8018432332617147
2021-01-12,0.584,0.701,0.564,0.695,0.8338306382614842,0.7629720330131499,0.7800707891188063,0.7997275256723738
2021-01-13,0.462,0.955,0.445,0.859,0.8340810796718177,0.7721175536785642,0.7831660522906179,0.8009012380352971
2021-01-14,0.417,0.922,0.417,0.665,0.8323986808691131,0.7619158818996533,0.7785320894556916,0.7982101244108358
2021-01-15,0.51,0.824,0.504,0.824,0.8323151119052413,0.7678286550520673,0.7803151447711547,0.7987208150165619
2021-01-19,0.667,0.714,0.607,0.714,0.8311378471101643,0.76270211647568,0.7777145508585604,0.7970431751152438
2021-01-20,0.729,0.797,0.687,0.713,0.829962346143894,0.7579685815732342,0.7751767253346953,0.795378953825833
2021-01-21,0.518,0.747,0.515,0.747,0.8291368501623627,0.7569239547567357,0.7740717557137269,0.7944209547401729
2021-01-22,0.588,0.632,0.548,0.632,0.8271752894642298,0.7450264352560942,0.7685003143131885,0.7912046982106645
2021-01-25,0.547,0.729,0.54,0.728,0.8261884706635907,0.7434048699936091,0.7669120666930636,0.7899531200282751
2021-01-26,0.578,0.726,0.574,0.715,0.8250821177216644,0.7406996442799321,0.7648762993717669,0.7884688998296954
2021-01-27,0.757,0.757,0.633,0.736,0.8241957284906031,0.7402520591104147,0.7637438954748349,0.7874299117142558
2021-01-28,0.51,0.763,0.51,0.763,0.8235868157693036,0.7424185296713276,0.7637147231032727,0.7869461510862508
2021-01-29,0.734,0.938,0.726,0.937,0.8247153051646339,0.7609500982740584,0.7705102241580464,0.7899175144310775
2021-02-01,0.494,0.815,0.494,0.772,0.8241907747649858,0.7620024698670051,0.7705686467400837,0.7895627121651155
2021-02-02,0.586,0.785,0.581,0.785,0.8238008168071252,0.7641927108320523,0.7711345821620412,0.7894723614291727
2021-02-03,0.684,0.868,0.623,0.855,0.8241112564408852,0.7728410240861425,0.7744234220772553,0.7907699384305752
2021-02-04,0.73,0.756,0.617,0.732,0.8231947265260505,0.7689514027446052,0.7727597584663826,0.7896061772735341
2021-02-05,0.625,0.755,0.609,0.755,0.822516172033254,0.7676226977213094,0.7720632973500539,0.7889209064364344
2021-02-08,0.637,0.695,0.619,0.695,0.8212473544010823,0.76070625031928,0.7690412072578949,0.7870610865070001
2021-02-09,0.504,0.672,0.504,0.668,0.8197225051035592,0.7518770836222057,0.7650788069732716,0.7847034412296338
2021-02-10,0.505,0.798,0.499,0.758,0.8191083508239217,0.752460218515329,0.76480120669981,0.7841746602151856
2021-02-11,0.462,0.734,0.462,0.734,0.8182615015619922,0.75070210246625,0.7635933162409939,0.7831811025871621
2021-02-12,0.568,0.945,0.566,0.824,0.8183186010489375,0.7576828546123214,0.7659622058001706,0.7839893975854362
2021-02-16,0.584,0.784,0.563,0.779,0.817927371187754,0.7597130589349574,0.7664734918472227,0.7838905976332493
2021-02-17,0.636,0.74,0.601,0.718,0.8169330689868809,0.7557403866554376,0.764572570598312,0.78258583332368
2021-02-18,0.657,0.921,0.647,0.827,0.8170332374546732,0.7625270164977769,0.7670207050846527,0.7834653217727161
2021-02-19,0.681,0.767,0.626,0.767,0.8165353942959201,0.76295301492656,0.7670198931205486,0.7831392757970188
2021-02-22,0.552,0.688,0.509,0.686,0.8152365346511846,0.7556241563621257,0.7638426424099389,0.7812157257812362
2021-02-23,0.671,0.795,0.647,0.755,0.8146371661471927,0.755564712899066,0.7634958721193531,0.7806966024984394
2021-02-24,0.763,0.776,0.611,0.696,0.8134566968322953,0.749891883099155,0.7608489751734961,0.7790194420529257
2021-02-25,0.442,0.81,0.434,0.81,0.813422301838939,0.7556164656611403,0.762776466343163,0.7796329184479173
2021-02-26,0.777,1.057,0.777,0.931,0.8145922291838252,0.7723196594076983,0.7693734676630389,0.7826302863994437
2021-03-01,0.715,1.072,0.688,0.969,0.8161286249133394,0.791051120416489,0.7772019591272334,0.7863207757776725
2021-03-02,0.621,0.853,0.616,0.774,0.8157094346156942,0.7894272041863472,0.777076392102636,0.7860768000196987
2021-03-03,0.738,0.831,0.67,0.828,0.8158317287986226,0.7931008037876475,0.7790733963339052,0.7869069623955463
2021-03-04,0.607,0.899,0.607,0.899,0.816659273785701,0.8031864415221572,0.7837764003992422,0.7891266265065255
2021-03-05,1.104,1.111,0.925,0.964,0.8181253506634553,0.818502018520047,0.7908439925404485,0.7925894655856043
2021-03-08,0.647,0.788,0.606,0.788,0.8178255959304855,0.8155970643752807,0.7907324634212152,0.7924985850789587
2021-03-09,0.734,0.996,0.683,0.934,0.8189815601500827,0.8268735344347777,0.7963507981890107,0.7953005932952169
2021-03-10,0.702,0.738,0.601,0.729,0.8180862212431167,0.8175522454409894,0.7937095904168926,0.793987710259668
2021-03-11,0.771,0.774,0.651,0.737,0.8172793931710459,0.809880603018038,0.7914856849103478,0.7928592407495755
2021-03-12,0.706,0.789,0.706,0.774,0.8168487524429758,0.8064634027306058,0.7907999717766087,0.7924857904377027
2021-03-15,0.573,0.761,0.492,0.761,0.8162930434634438,0.8021335548515005,0.789631345432428,0.7918623094389363
2021-03-16,0.698,1.044,0.698,0.894,0.8170662470110712,0.8108827401037385,0.7937242338468425,0.793884837964898
2021-03-17,0.804,0.806,0.726,0.736,0.8162596176875779,0.8037510505700491,0.7914605384018684,0.7927386035497515
2021-03-18,0.659,0.75,0.566,0.75,0.8156003180090946,0.7986319028967112,0.7898346349351284,0.7918922945685682
2021-03-19,0.789,0.877,0.787,0.853,0.8159724541483075,0.8038098169065482,0.7923117080749272,0.7931023481414678
2021-03-22,0.537,0.745,0.534,0.744,0.8152563103259364,0.7981136438678293,0.7904171312876752,0.7921300244158942
2021-03-23,0.493,0.833,0.488,0.821,0.8153134614669718,0.8002932968327979,0.7916164594724723,0.792701707100728
2021-03-24,0.668,0.895,0.641,0.889,0.8160466608553602,0.8087415542772933,0.7954354218461008,0.7946086039898225
2021-03-25,0.854,0.959,0.79,0.881,0.8166929627373963,0.8156233110127892,0.7987908954991949,0.7963193247028953
2021-03-26,0.778,0.92,0.76,0.889,0.8174124357449845,0.8226115671068093,0.802328507440403,0.7981545855998677
2021-03-29,0.654,0.899,0.654,0.86,0.8178361926032434,0.8261723702394941,0.8045901345996028,0.7993792472711575
2021-03-30,0.786,1.005,0.74,0.775,0.8174099618310718,0.8212988111690661,0.8034297371643243,0.7988964898994514
2021-03-31,0.611,0.784,0.609,0.746,0.8166994149471806,0.8141274958196313,0.8011775906088606,0.7978490346539177
2021-04-01,0.578,0.719,0.575,0.715,0.8156874804700942,0.8046867819320473,0.7977980772516504,0.7962084597102758
2021-04-05,0.604,0.694,0.573,0.694,0.8144766597688993,0.7941451836528047,0.7937275644182523,0.7941845298150227
2021-04-06,0.56,0.674,0.464,0.674,0.813078882059756,0.7827027852096805,0.789032365813615,0.7918046381355174
2021-04-07,0.636,0.838,0.63,0.804,0.8129885449248331,0.7847310913801872,0.7896193318601399,0.7920461304496655
2021-04-08,0.748,0.811,0.532,0.722,0.8120831862688646,0.7787567017249313,0.7869675933558207,0.7906590783615534
2021-04-09,0.726,0.806,0.691,0.75,0.8114654431219107,0.7760179682273187,0.7855178838124551,0.7898539480969682
2021-04-12,0.659,0.736,0.595,0.736,0.8107145431903494,0.7722067331580502,0.7835760060158883,0.7887875332831669
2021-04-13,0.601,0.722,0.601,0.686,0.8094736024620872,0.7639965680953787,0.7797494959760495,0.7867521365844903
2021-04-14,0.59,0.794,0.569,0.788,0.8092599347758973,0.7662826092291523,0.7800730451534593,0.786776846751134
2021-04-15,0.5,0.773,0.5,0.766,0.8088294876636993,0.7662556940644711,0.7795211610297943,0.7863654240431908
2021-04-16,0.649,0.802,0.639,0.797,0.8087117813187868,0.7691837232011882,0.7802066056952925,0.7865760097057019
2021-04-19,0.644,0.897,0.618,0.884,0.8094609178230775,0.780118606705837,0.7842769348837124,0.7885051976323216
2021-04-20,0.752,0.84,0.646,0.799,0.8093568290885195,0.7819168346386144,0.7848543099863119,0.7887130155009885
2021-04-21,0.901,0.909,0.691,0.714,0.8084080049184844,0.775448564673032,0.7820757095946919,0.7872335498475036
2021-04-22,0.482,0.802,0.479,0.801,0.8083342934267582,0.7778820347041718,0.7828178386301942,0.7875061528208204
2021-04-23,0.94,0.987,0.746,0.799,0.8082414148851984,0.7798932694942508,0.7834524331937159,0.7877337537550616
2021-04-26,0.661,0.685,0.548,0.657,0.8067365251848482,0.7681891485900364,0.7784935142449427,0.7851449665519911
2021-04-27,0.447,0.691,0.447,0.683,0.8055053159790287,0.7600758963433663,0.7747486705490626,0.7831222939470012
2021-04-28,0.566,0.817,0.53,0.815,0.8055997904468991,0.7653067633582837,0.7763271540569425,0.7837535356510209
2021-04-29,0.581,0.739,0.57,0.712,0.8046684492484225,0.7602299287527329,0.7738045205645134,0.7823326735589214
2021-04-30,0.922,0.977,0.84,0.957,0.8061841860718213,0.7789699355381868,0.7809886570129639,0.7857914324983487
2021-05-03,0.725,0.857,0.704,0.761,0.8057345921805594,0.7772585131059786,0.7802047881104948,0.7853005130429359
2021-05-04,0.869,0.91,0.799,0.862,0.806294446984733,0.7853291309054092,0.7834124434787106,0.786819314764858
2021-05-05,0.708,0.887,0.688,0.886,0.8070875370644869,0.7949168327239416,0.7874354849109181,0.7887832887299103
2021-05-06,0.697,0.956,0.697,0.877,0.8077831834618552,0.8027342772264234,0.7909478188359801,0.790530154299615
2021-05-07,0.849,0.863,0.743,0.859,0.8082928035269114,0.8080929174905735,0.7936165318228044,0.7918859928283355
2021-05-10,0.753,0.907,0.668,0.906,0.8092650144370913,0.8174174015390904,0.7980237266532827,0.7941456761386655
2021-05-11,0.755,1.034,0.651,0.99,0.8110633725023939,0.8338538394877484,0.8055522079609971,0.7980239795814642
2021-05-12,1.045,1.061,0.895,1.004,0.812983139940181,0.8500582357270104,0.8133344743154678,0.802102712659059
2021-05-13,0.813,1.022,0.81,1.001,0.8148539544681394,0.8644336418482476,0.8206939066952533,0.8060412728044242
2021-05-14,0.853,0.935,0.818,0.904,0.8157409797968146,0.8682018664341288,0.8239608123150474,0.8079810495805742
2021-05-17,0.73,0.923,0.713,0.923,0.8168082337291845,0.8734207362975451,0.8278447020281827,0.8102586525591766
2021-05-18,0.7,0.854,0.7,0.854,0.8171783010552623,0.8715711423644456,0.8288703999878618,0.8111248178550345
2021-05-19,1.298,1.317,1.047,1.072,0.8197138403482448,0.8906596049964031,0.8384048941059848,0.8162906630460239
2021-05-20,0.798,0.848,0.723,0.848,0.8199952946731379,0.8865967854729361,0.8387811727684953,0.816918570708479
2021-05-21,0.725,0.895,0.703,0.856,0.8203535504475346,0.883682805904085,0.839456420895221,0.8176924603974199
2021-05-24,0.782,0.831,0.72,0.82,0.8203500325326337,0.8776177767703626,0.8386934239973692,0.8177381542509363
2021-05-25,0.74,0.831,0.715,0.831,0.8204560023581796,0.8731779885065185,0.8383917210955116,0.8180007650578485
2021-05-26,0.745,0.819,0.651,0.76,0.8198544500959092,0.8623991324582787,0.8353175359545112,0.8168522350567029
2021-05-27,0.524,0.715,0.524,0.715,0.8188111222342583,0.8483611198432045,0.830599201211197,0.8148353591149861
2021-05-28,0.602,0.757,0.602,0.74,0.8180269319632707,0.8380410131914707,0.8270462913597775,0.8133534708156794
2021-06-01,0.599,0.664,0.583,0.661,0.8164644749288102,0.8211799643160925,0.8205346720907666,0.8103365704034877
2021-06-02,0.586,0.803,0.586,0.696,0.8152658234369813,0.8092580629526551,0.8156509594597561,0.8080724799004484
2021-06-03,0.531,0.679,0.531,0.672,0.8138402928555187,0.7961858664809737,0.81001758850055,0.8053779753479643
2021-06-04,0.674,0.894,0.576,0.854,0.8142398919315832,0.8016919744351666,0.8117423889515087,0.8063407877173115
2021-06-07,0.687,0.76,0.619,0.69,0.8130036741014182,0.7910546435365793,0.806968177620077,0.8040370097427113
2021-06-08,0.456,0.658,0.451,0.658,0.8114613489859812,0.7783827727235717,0.8011262883016426,0.8011451877676081
2021-06-09,0.539,0.659,0.526,0.659,0.809944320637862,0.7670129848451364,0.7955527083682448,0.7983304315741901
2021-06-10,0.959,0.967,0.708,0.79,0.8097458696862415,0.7692022243836948,0.7953349550989018,0.7981654725331171
2021-06-11,0.885,1.04,0.792,0.848,0.8101265077988162,0.7767067744423906,0.7974002509773763,0.799152294859194
2021-06-14,0.633,0.758,0.624,0.72,0.8092297266266887,0.7713061292574009,0.7943649470174792,0.7975849226837645
2021-06-15,0.585,0.743,0.585,0.723,0.8083717193965724,0.7667055455186008,0.7915663216442447,0.7961079935217097
2021-06-16,0.816,0.986,0.766,0.986,0.8101391649747159,0.7875907316596864,0.7991911717758429,0.7998682312737551
2021-06-17,0.557,0.865,0.557,0.852,0.8105556906963606,0.7937249476920972,0.8012621062160059,0.8009005435257599
2021-06-18,0.843,0.953,0.817,0.937,0.8118138430277401,0.8073701907690404,0.8065851608742017,0.803595582267824
2021-06-21,0.752,0.83,0.704,0.829,0.8119848495647775,0.8094301726005604,0.8074641741732527,0.8040986400446988
2021-06-22,0.647,0.802,0.62,0.789,0.8117561445939836,0.8074844418766975,0.8067400889115565,0.8037996570735166
2021-06-23,0.506,0.701,0.506,0.701,0.8106540934039937,0.7973430664598692,0.802593418758162,0.8017640202997837
2021-06-24,0.529,0.711,0.527,0.682,0.8093739531711182,0.7863580125113102,0.7978642650813713,0.7993924555413721
2021-06-25,0.47,0.731,0.463,0.731,0.8085941128410573,0.7810858208435664,0.7952421370389646,0.7980381494910479
2021-06-28,0.53,0.756,0.529,0.756,0.8080707883351761,0.778696695048941,0.7937032297041032,0.7972057108872648
2021-06-29,0.547,0.672,0.52,0.672,0.8067168501427863,0.76853510504428,0.7889305540294325,0.7947263898795962
2021-06-30,0.609,0.785,0.593,0.749,0.8061425531264401,0.7666746188495867,0.7873646499498469,0.7938209168126735
2021-07-01,0.453,0.657,0.36,0.656,0.8046485973739382,0.7561341789591498,0.7822130950498529,0.7910917897470761
2021-07-02,0.68,0.787,0.648,0.787,0.8044729894398692,0.7590737809630403,0.7824008168126038,0.79101076420753
2021-07-06,0.749,0.909,0.743,0.894,0.8053638054653431,0.7719238970617984,0.7867772553689723,0.7930501550153017
2021-07-07,0.8,0.897,0.743,0.843,0.8057382949632004,0.7786930497225796,0.7889820688839145,0.7940392608565829
2021-07-08,0.928,1.046,0.808,0.862,0.8062981129237655,0.7866270449870958,0.7918455171629767,0.7953850180673436
2021-07-09,0.73,0.916,0.717,0.877,0.8070016142877081,0.7952339930835629,0.7951849086467815,0.7970011563234358
2021-07-12,0.586,0.893,0.586,0.893,0.8078573196181786,0.8045450413613188,0.7990207945822018,0.7989021235249519
2021-07-13,0.742,0.823,0.529,0.823,0.8080079930548136,0.8063026564697646,0.7999611555789782,0.7993793091977252
2021-07-14,0.756,0.826,0.716,0.813,0.8080576647657111,0.8069404987107394,0.8004724828111751,0.7996490258472752
2021-07-15,0.789,0.9,0.743,0.899,0.8089625636237637,0.8157080702620976,0.8043363070146584,0.8016163718701014
2021-07-16,0.901,1.038,0.858,1.037,0.8112315928414378,0.8367834921418978,0.8134603734062404,0.8062774338132677
2021-07-19,1.112,1.197,0.937,1.023,0.8133387411713737,0.8545183976521933,0.8216776136648193,0.8105689697773614
2021-07-20,0.676514,0.781798,0.571073,0.780063,0.813007639269171,0.8474274073996034,0.8200456680309048,0.8099648911679087
2021-07-21,0.840214,0.872696,0.743893,0.872696,0.8136015533062937,0.8498339400282127,0.8221103869316537,0.8112070913428016
2021-07-22,0.61996,0.89026,0.61996,0.89026,0.8143643239201614,0.8536840409779067,0.8247829207774712,0.8127724954746273
2021-07-23,0.789709,0.920575,0.789709,0.900917,0.8152255445776723,0.8581824180276298,0.8277685709430606,0.8145179312078029
2021-07-26,0.820416,0.951695,0.787007,0.872318,0.8157936287112277,0.8595286639297604,0.8295156073766661,0.8156624870254702
2021-07-27,0.857658,1.097777,0.855302,1.002057,0.817646995589723,0.873102791174545,0.8362819364991497,0.8193534674804114
2021-07-28,0.73533,0.806022,0.661979,0.806022,0.8175313239918153,0.8667141443960169,0.8350952723227125,0.8190894780253537
2021-07-29,0.545773,0.697616,0.521551,0.697569,0.8163376690267226,0.8506050830249676,0.8297020851728022,0.8166831319258417
2021-07-30,0.783708,0.801689,0.655993,0.801689,0.8161919111259591,0.8459464084511612,0.8286035328130844,0.8163862184223597
2021-08-02,0.687942,0.906855,0.663758,0.906763,0.8170931159903775,0.8517384647891458,0.8316686099576693,0.8181758576615209
2021-08-03,0.657667,0.777512,0.644521,0.768411,0.8166087168262941,0.8438025157616081,0.829187919371094,0.8171904149355502
2021-08-04,0.770185,0.84542,0.694024,0.84542,0.8168953962608584,0.8439565618795503,0.8298244715526197,0.8177494166199948
2021-08-05,0.634128,0.833759,0.602494,0.833701,0.8170626161985612,0.8429798417005455,0.8299764922760464,0.8180652895582127
2021-08-06,0.700424,0.950853,0.694574,0.949834,0.818383724495093,0.8531564282052555,0.8346767866965936,0.8206745709530996
2021-08-09,0.783185,0.874379,0.783185,0.874379,0.8189408914155398,0.8551776255190406,0.8362337362379036,0.8217380249936322
2021-08-10,0.514569,0.74228,0.514569,0.731499,0.8180708228442409,0.8433987088029415,0.8321264916795544,0.8199511136076197
2021-08-11,0.740017,0.991177,0.711636,0.98595,0.8197412624179301,0.8569750222502804,0.8381587861234935,0.823238220268855
2021-08-12,0.647144,0.932259,0.647144,0.893063,0.8204708319461099,0.8604119725121585,0.8403118925500231,0.8246208891744222
2021-08-13,0.811899,0.951846,0.802585,0.939122,0.8216514405834621,0.8679081656062386,0.8441867987245321,0.8268882379036416
2021-08-16,0.77532,0.894265,0.77532,0.878084,0.8222129585876067,0.8688772926913587,0.8455161007353347,0.8279020153708962
2021-08-17,0.883909,0.987769,0.811146,0.930615,0.8232915858653419,0.8747570743398008,0.8488533124712039,0.8299359358586013
2021-08-18,1.164879,1.164879,0.858375,0.9216,0.8242697790408111,0.8792183053550578,0.851706123746843,0.8317510658415993
2021-08-19,0.86505,1.084811,0.826633,1.041906,0.8264353135777185,0.894712371511719,0.8591649424234373,0.8359125496863201
2021-08-20,0.925285,0.966677,0.801638,0.965586,0.8278198975222189,0.9014622408915552,0.8633383172303614,0.8384803407816405
2021-08-23,0.634963,0.830782,0.606347,0.829866,0.8278402567508535,0.8946435512828357,0.8620256773389746,0.8383097597760635
2021-08-24,0.435413,0.703431,0.435413,0.690913,0.8264777964846758,0.8752406416368513,0.8553153762668579,0.8353910120577256
2021-08-25,0.597096,0.811754,0.595573,0.811665,0.826330405474878,0.8691858186238178,0.8536035968054125,0.8349211900367806
2021-08-26,0.764749,0.889931,0.715479,0.866944,0.8267345208432871,0.8689723120882161,0.854126749871867,0.8355553050855572
2021-08-27,0.77492,0.961895,0.753661,0.877554,0.8272401873025579,0.8697896156988622,0.8550454655631663,0.8363869624105956
2021-08-30,0.670996,0.814512,0.651426,0.786084,0.8268306730010399,0.8618176522989706,0.8523410943646108,0.8353908641450393
2021-08-31,0.774912,0.951044,0.762915,0.90207,0.82757932302093,0.8656512092228781,0.854291247526783,0.8367112430728603
2021-09-01,0.71279,0.823266,0.698329,0.823266,0.8275364043839057,0.861614522630223,0.8530745711531836,0.8364450006357739
2021-09-02,0.662199,0.696468,0.608467,0.687635,0.8261443506089415,0.8450450442844875,0.846586744833451,0.833498267949917
2021-09-03,0.836859,0.894185,0.776752,0.894155,0.8268210734884546,0.8497221829240601,0.8484521666046881,0.8346993913568493
2021-09-07,0.643252,0.892035,0.643252,0.887781,0.8274276399214052,0.8533468321693877,0.8499944737966612,0.83575051232008
2021-09-08,0.742166,0.881159,0.690548,0.872542,0.8278765390266649,0.8551749433913508,0.8508786905105176,0.8364790566305735
2021-09-09,0.735273,0.869107,0.702081,0.821151,0.82780961824033,0.8519345678302698,0.8497128987257914,0.8361755307567008
2021-09-10,0.833589,1.013568,0.824915,1.013563,0.8296579105961476,0.8673277518464345,0.8561383928934074,0.8396881539100335
2021-09-13,0.821536,0.939652,0.783346,0.939652,0.8307523791474297,0.8742157754801074,0.8594134363093522,0.841667636010825
2021-09-14,0.640179,0.966284,0.640179,0.910036,0.8315412708972065,0.8776272254343829,0.861398634885456,0.8430214650007096
2021-09-15,0.815174,0.921362,0.781729,0.856711,0.831791715962906,0.8756352039644416,0.8612148060664185,0.8432925449016857
2021-09-16,0.568292,0.856449,0.567571,0.856449,0.8320370620727279,0.8738079464440186,0.8610279117108727,0.8435530687650187
2021-09-17,0.709629,0.977728,0.709629,0.972684,0.8334365340919047,0.8832247134493502,0.8654065818398581,0.8461101169082856
2021-09-20,1.106301,1.18472,1.049668,1.129003,0.8363774939516867,0.9066321693113168,0.8757436962775107,0.8517119561774285
2021-09-21,0.837176,0.951159,0.772614,0.898645,0.8369970711262967,0.9058714865197629,0.8766417866195692,0.8526413233818358
2021-09-22,0.945938,0.985885,0.877595,0.985712,0.8384768216623535,0.9134753449464521,0.88091904988939,0.8552763862851658
2021-09-23,0.781994,0.845147,0.758196,0.791045,0.8380048632378525,0.901815312094409,0.877394577344708,0.8540044776458555
2021-09-24,0.74271,1.007454,0.74271,1.00694,0.8396858098723017,0.9118271871330367,0.8824747899978568,0.8570329038310861
2021-09-27,0.788356,0.834995,0.758339,0.82107,0.8395005779332738,0.9031836455013189,0.8800667590175487,0.8563207671215597
2021-09-28,0.907759,1.187796,0.866798,1.115381,0.8422456567598084,0.9233929173583362,0.889294768467841,0.8614506727231129
2021-09-29,0.869057,1.03954,0.839013,0.943898,0.8432571228617008,0.925345782371828,0.8914360716651805,0.8630832930652295
2021-09-30,0.936197,1.158702,0.892197,1.096754,0.8457794798481516,0.941670374526892,0.899487755129291,0.8677104357768091
2021-10-01,0.884517,1.024304,0.884517,0.943627,0.8467530870138417,0.9418567198100452,0.9012187059085345,0.8692137340782584
2021-10-04,0.863389,0.985875,0.811637,0.984129,0.8481200115211667,0.9458826512567076,0.9044700899905528,0.8714892838984909
2021-10-05,0.754232,0.856879,0.679988,0.856879,0.8482071656353839,0.937406113041783,0.9026037727360213,0.8711999713460455
2021-10-06,0.786073,1.093469,0.779993,1.02264,0.8499428157285641,0.9455236260854227,0.9073110757659812,0.8741987837946387
2021-10-07,0.817053,0.96667,0.812484,0.966667,0.8511042503979316,0.9475372807439539,0.909638759069276,0.8760298375808835
2021-10-08,0.91309,1.134946,0.887071,1.071082,0.8532930837273054,0.959303444482625,0.9159698665567554,0.8798922566386878
2021-10-11,0.713563,0.993578,0.713563,0.993578,0.8546889535409641,0.9625676878652321,0.919013322770216,0.8821434594775256
2021-10-12,0.731445,0.987299,0.729062,0.816393,0.8543078992768749,0.9486462890209243,0.9149889963870702,0.8808414701809409
2021-10-13,0.780585,0.904589,0.775744,0.903078,0.8547931739109358,0.9443064519713125,0.914521898489538,0.8812817975040906
2021-10-14,0.826965,0.892779,0.78478,0.829848,0.8545449632252549,0.9334056470216636,0.9112013534507326,0.8802633064644056
2021-10-15,0.994067,1.031094,0.841032,0.904551,0.8550425357304762,0.9306575854005528,0.9109405552761941,0.8807442508908531
2021-10-18,0.698128,0.835679,0.698128,0.834082,0.8548339731858943,0.9214599106005001,0.9079264942849709,0.8798202459227173
2021-10-19,0.654399,0.782528,0.61516,0.776251,0.8540520530546913,0.9076304905433097,0.9027627494110504,0.8777693697658319
2021-10-20,0.679003,0.787274,0.663928,0.787274,0.8533875948153412,0.8961679676344231,0.8982337788459112,0.8759773822457164
2021-10-21,0.527349,0.760018,0.516928,0.752007,0.8523788326778752,0.8824383516692399,0.8924993953617578,0.8735225231913458
2021-10-22,0.780331,0.865379,0.7307,0.865128,0.852505690064165,0.8807897467483599,0.8914260073083555,0.873356295009339
2021-10-25,0.771652,0.771652,0.633844,0.715448,0.8511419319540738,0.8650429137247065,0.8845249089825377,0.870229398078461
2021-10-26,0.570225,0.849326,0.564186,0.845128,0.8510820918351278,0.8631462552747345,0.8829799321596931,0.8697323406907687
2021-10-27,0.628585,0.859675,0.610371,0.859621,0.8511670560954748,0.8628105166771408,0.882063895604411,0.8695321161226346
2021-10-28,0.826141,0.826141,0.62892,0.665764,0.8493222495671616,0.8440441817555083,0.8735815467571793,0.8654971039221864
2021-10-29,0.548057,0.891869,0.548057,0.888693,0.8497139983276873,0.8482964501597456,0.8741741527667016,0.8659564285969945
2021-11-01,0.76229,0.797972,0.728371,0.792604,0.8491457396378597,0.8429924072873889,0.8709753232464388,0.8645039052584401
2021-11-02,0.561237,0.723179,0.544551,0.723179,0.8478923392434531,0.8315816065933519,0.8651793890014804,0.8617053922830255
2021-11-03,0.515974,0.699395,0.465198,0.699395,0.8464147537783441,0.8189924059654137,0.8586780404131871,0.8584913251091042
2021-11-04,0.593919,0.719678,0.562061,0.695117,0.8449093034919924,0.807194748254422,0.8522638819656111,0.8552561899584289
2021-11-05,0.482569,0.788632,0.480566,0.788632,0.8443493303229179,0.8054268674682865,0.849768514045391,0.853936899068163
2021-11-08,0.542798,0.66304,0.542798,0.663039,0.8425452474341326,0.7918661181855926,0.8424457880043953,0.8501567426509716
2021-11-09,0.413241,0.741018,0.413241,0.741018,0.8415350260666288,0.7870234402631552,0.8384682276904974,0.8479955794301604
2021-11-10,0.597343,0.873621,0.597343,0.873621,0.8418542894888513,0.7952708269047595,0.8398467677810662,0.8485030135008502
2021-11-11,0.693247,0.81997,0.674669,0.741115,0.8408519084989126,0.7901131291043062,0.8359749337504361,0.8463765181840017
2021-11-12,0.692979,0.76225,0.656583,0.760093,0.8400483372700677,0.7872540691896104,0.8329991716425759,0.8446679336655066
2021-11-15,0.617079,0.801542,0.617079,0.801542,0.8396651896355396,0.7886148245048856,0.8317655570683572,0.8438139547810412
2021-11-16,0.511977,0.800271,0.511181,0.799428,0.8392648195894148,0.7896446507425156,0.8304974175754805,0.8429350249833968
2021-11-17,0.769764,0.817659,0.679022,0.815681,0.8390301547178783,0.7921243030527522,0.8299163815921283,0.8423953413203592
2021-11-18,0.539143,0.691263,0.505087,0.691263,0.8375598347704367,0.7825184646667758,0.8244789940787115,0.839402621690253
2021-11-19,0.603259,0.8232,0.578527,0.8232,0.8374169508423727,0.7863928966032733,0.8244288374481737,0.8390817776963866
2021-11-22,0.685704,0.809559,0.621485,0.808936,0.8371335582966775,0.788539858831533,0.8238212751953042,0.8384848316033888
2021-11-23,0.67292,0.894884,0.613588,0.831342,0.8370759308509393,0.7926162532285298,0.8241162055798021,0.8383433893934207
2021-11-24,0.830135,0.977261,0.819079,0.904667,0.8377484788026713,0.8032877529210508,0.8272750602629472,0.8396567282173133
2021-11-26,0.951243,1.092885,0.898576,0.925471,0.8386213397101074,0.8149242526428555,0.8311258814291062,0.8413560207278615
2021-11-29,0.775486,0.904392,0.775205,0.88264,0.8390593363299074,0.821373371438774,0.8331460429416903,0.8421735252679039
2021-11-30,0.693145,0.955713,0.661363,0.955713,0.8402200693017491,0.8341676217779384,0.8379525902773103,0.8444218316982425
2021-12-01,0.765436,1.001613,0.740663,1.001277,0.8418226258261098,0.85008280065623,0.8443574690899648,0.847527874634911
2021-12-02,1.105442,1.117985,0.985523,1.099488,0.8443864603950042,0.873835676784208,0.8543625879491819,0.8525171840480811
2021-12-03,1.084294,1.196371,0.938153,1.186708,0.8477926448686858,0.9036330408999977,0.8673957413629394,0.8591348239679211
2021-12-06,0.984367,1.027214,0.644724,1.021889,0.8495249469097934,0.9148955131952361,0.873454300525177,0.8623576789388533
2021-12-07,0.869977,1.053688,0.82653,0.957331,0.8505976439554671,0.9189369881290231,0.8767435828575231,0.8642383387618463
2021-12-08,0.805584,0.930977,0.659339,0.930945,0.8513971201350147,0.9200806083072114,0.8788691286278163,0.8655592627467602
2021-12-09,0.624103,0.91048,0.624103,0.91048,0.851985009486905,0.9191662646589055,0.8801087706424118,0.8664487822963293
2021-12-10,0.811968,1.104244,0.811968,1.104241,0.8544950193427567,0.936792429929486,0.8888982698329054,0.8711575390825406
2021-12-13,0.960881,0.998478,0.832457,0.998478,0.8559276858169581,0.9426672461266777,0.8931955141531837,0.8736787363284308
2021-12-14,0.826466,1.002631,0.808824,0.98149,0.8571770620774859,0.9463646512574704,0.8966580430099216,0.8758136128367787
2021-12-15,0.962639,1.062985,0.914288,0.927814,0.8578799171811925,0.9445979225662827,0.8978798452448267,0.8768433234736742
2021-12-16,0.671549,0.878369,0.592779,0.878358,0.8580836791992901,0.9382893585123511,0.897114282686206,0.8768733170682549
2021-12-17,0.977263,1.06343,0.840257,0.915362,0.8586536127395956,0.9361058005587938,0.8978298794436097,0.8776354692055172
2021-12-20,0.743813,0.887649,0.697769,0.884324,0.8589090394785052,0.9311742005055753,0.8973002371124877,0.8777679153598633
2021-12-21,0.898224,0.91069,0.759672,0.868249,0.8590019744090673,0.9251813242669491,0.896160972911998,0.8775794219864007
2021-12-22,0.927132,0.927132,0.728453,0.827477,0.8586882930716637,0.9158761505272397,0.8934674837781942,0.8765872948183532
2021-12-23,0.622509,0.80468,0.621438,0.799508,0.8580994344341347,0.9047934695246455,0.8897827981398336,0.8750609721486828
2021-12-27,0.595962,0.796437,0.595607,0.796437,0.857485877872601,0.8944738057603935,0.8861221786049381,0.873504061809105
2021-12-28,0.582835,0.743843,0.542778,0.743549,0.8563521775952617,0.8801000147355941,0.8805310735616072,0.8709306942485286
2021-12-29,0.740254,0.977628,0.694175,0.927534,0.8570604544351098,0.884617537141728,0.882374325578799,0.8720515517881617
2021-12-30,0.706022,0.917731,0.621345,0.845318,0.8569436140924719,0.8808747240806111,0.8809211363404148,0.8715221745250298
2021-12-31,0.603025,0.824374,0.603025,0.824008,0.8566158965393129,0.8754588455967434,0.8786892486407907,0.8705812997819599
2022-01-03,0.568946,0.788581,0.568946,0.764047,0.8556948129916581,0.8648481936351488,0.874193474184289,0.8684717096872676
2022-01-04,0.577772,0.850028,0.575015,0.803808,0.8551785262952236,0.8590348418603727,0.8714332595103954,0.8671912401885098
2022-01-05,0.669806,1.060414,0.620957,1.060322,0.857219754889301,0.8782050473974801,0.878840661098223,0.8710156116699255
2022-01-06,0.759053,1.072757,0.759053,0.975224,0.8583939264824423,0.8874449476453391,0.8826203998786849,0.8730791441121052
2022-01-07,0.830627,0.957923,0.767134,0.957923,0.859384265522418,0.8941571431076878,0.8855734430206973,0.8747592204663209
2022-01-10,0.976563,1.1478,0.915041,1.003012,0.860813397208762,0.904524272335527,0.8901788766277288,0.8772988794669878
2022-01-11,0.730712,0.802397,0.670868,0.767972,0.8598896022116599,0.8915192940178578,0.8853864500933081,0.8751339907646712
2022-01-12,0.752186,0.838188,0.709266,0.834623,0.8596381932344295,0.8861005993494904,0.8833957265602371,0.8743317929277471
2022-01-13,0.613948,0.953484,0.613948,0.952203,0.8605592360878183,0.8923960660781103,0.8860940510088553,0.8758737970281878
2022-01-14,1.086194,1.10882,0.993834,1.108552,0.8630268257784868,0.9129823454992426,0.8948178921457629,0.8804812861959465
2022-01-18,1.01396,1.170374,1.003108,1.024674,0.8646352553727307,0.9236196459278861,0.8999102885322036,0.883336587459393
2022-01-19,1.001671,1.013465,0.850033,0.923131,0.8652173025829523,0.9235731082204685,0.9008209046681955,0.884124595628514
2022-01-20,0.846165,0.991896,0.702601,0.991653,0.8664753692239179,0.9300569074375667,0.9043829476223839,0.8862538709626028
2022-01-21,1.16258,1.356696,1.121351,1.311586,0.8709043307241774,0.9663930114911318,0.9203516947744473,0.8946762893593829
2022-01-24,1.374515,1.458775,1.15002,1.2177,0.8743550339010513,0.9903270103967383,0.9320124126264298,0.9010727984809793
2022-01-25,0.844706,1.085736,0.825808,0.889324,0.8745039788373592,0.9807076760732394,0.9303383572293149,0.9008401490061084
2022-01-26,1.311912,1.311912,0.904184,1.023565,0.8759871730777835,0.9847893259710261,0.9339943040046359,0.9032703440752944
2022-01-27,1.081576,1.090116,0.969224,1.086145,0.878078295733726,0.9944422473071188,0.9399609979652385,0.9068916243906351
2022-01-28,1.03075,1.118804,1.012727,1.028532,0.87957534751747,0.9976888904207266,0.9434343705940527,0.9093003446997314
2022-01-31,0.790415,1.064815,0.781081,1.064777,0.881418150029734,1.0040782341901813,0.9481929050805604,0.9123790903492417
2022-02-01,0.792455,0.952347,0.792455,0.949561,0.8820961883378958,0.9988861166482592,0.9482465558617149,0.9131153657878706
2022-02-02,1.081921,1.082127,0.940956,0.98263,0.8830965247723446,0.9973379150627107,0.949594926220079,0.9144918931980117
2022-02-03,0.944432,1.145159,0.926707,1.095731,0.8852122906950078,1.0067086850567384,0.955325752642821,0.9180807864020115
2022-02-04,0.935438,1.000376,0.871393,0.952951,0.8858863077030177,1.001588905527525,0.9552326250882006,0.9187712856811796
2022-02-07,0.700534,0.973269,0.700534,0.966463,0.886688065835326,0.9982435811915703,0.9556730319474869,0.9197156760637305
2022-02-08,0.895982,1.007633,0.836315,0.998076,0.8877964034887058,0.9982276210780874,0.9573358934397422,0.9212673656466269
2022-02-09,0.831915,0.955256,0.809333,0.917267,0.8880896432549873,0.9905170857373171,0.9557645642852426,0.9211881504853076
2022-02-10,0.833562,0.886343,0.730331,0.886304,0.8880718756604103,0.9805920299528107,0.953040620587782,0.9204973752281728
2022-02-11,0.782203,1.155477,0.782203,1.155468,0.8907325336140381,0.9972468842430192,0.9609789491921827,0.9251502588870208
2022-02-14,0.948723,1.132831,0.915658,1.124263,0.8930562198467343,1.0093436571722554,0.9673822453022932,0.9290930854437135
2022-02-15,0.959729,1.399198,0.906972,0.91376,0.8932622276094534,1.0002404517272787,0.9652794121531837,0.9287894599893826
2022-02-16,0.879478,1.038396,0.841574,0.973235,0.8940579765884639,0.9976685039437283,0.9655913959903137,0.9296695696925631
2022-02-17,1.07779,1.090458,1.012186,1.053129,0.8956407728413149,1.0029504559490876,0.9690242432063799,0.9321143108867698
2022-02-18,1.171196,1.193193,1.077039,1.173453,0.8984050736090631,1.019188793477746,0.9770410571982866,0.936893294829606
2022-02-22,1.011897,1.082975,0.990563,1.033922,0.8997535007373311,1.020591956003675,0.9792716824061969,0.9388146553280297
2022-02-23,0.784925,0.955977,0.781993,0.954227,0.9002955256056163,1.014271484003325,0.9782895379981107,0.939119850272029
2022-02-24,1.118928,1.118928,0.952088,1.027177,0.9015580278383962,1.015500580764913,0.9802066933707339,0.9408635562072364
2022-02-25,0.887725,1.018475,0.880893,0.986843,0.9024066345265714,1.0127712873587307,0.9804669406895286,0.9417740402427367
2022-02-28,0.973335,0.973335,0.873264,0.948985,0.9028701008496901,1.0066964028483754,0.9792323547801353,0.9419168315250588
2022-03-01,0.968935,1.080854,0.889785,0.896783,0.9028095326820315,0.9962284597199587,0.9759990467495417,0.9410230922869388
2022-03-02,0.795819,0.985157,0.755223,0.939229,0.9031719154414142,0.9907999397466293,0.9745570841319127,0.9409875657069994
2022-03-03,1.215627,1.215627,0.901773,0.936022,0.9034987819544349,0.9855829931040931,0.9730459043620338,0.9408892376731974
2022-03-04,0.966312,1.04734,0.877596,0.953816,0.9039994507907092,0.9825575651894176,0.9722917904654834,0.9411452131648173
2022-03-07,0.820466,0.946099,0.820466,0.935295,0.9043108492903041,0.9780563685047112,0.9708409359374253,0.9410293673595733
2022-03-08,0.812325,1.067489,0.795382,0.960965,0.904874572182938,0.9764286191233101,0.9704536443320361,0.941424132362354
2022-03-09,0.810251,1.147362,0.765691,1.143313,0.9072470938527595,0.9923223696829949,0.9772324425935248,0.9454219317215153
2022-03-10,0.711113,0.947168,0.669005,0.947165,0.9076442869487519,0.9880216678084239,0.9760533271977003,0.9454564479250497
2022-03-11,0.977549,1.070141,0.794892,1.070105,0.9092608114567245,0.9958391280171455,0.9797416280919081,0.9479247360849496
2022-03-14,0.971262,1.024432,0.839345,1.023905,0.910401549651185,0.9985120682059888,0.9814735250294804,0.9494292957664358
2022-03-15,1.1049,1.1049,0.950517,1.073911,0.9120285093561483,1.0056929188530375,0.9850985240479321,0.9518942800086846
2022-03-16,0.871664,1.02283,0.833083,1.022815,0.9131308624968831,1.0073235932479863,0.9865776015362485,0.9532986507015819
2022-03-17,0.885992,0.962181,0.767431,0.91171,0.9131167245615908,0.998217536748178,0.9836416171622779,0.9524751130639268
2022-03-18,0.768651,0.835846,0.752017,0.805088,0.9120418118793859,0.9798242475340658,0.9766395145284631,0.9495565563695917
2022-03-21,0.694771,0.868805,0.694771,0.868795,0.9116114953432727,0.9692500334832024,0.9724103178802881,0.9479573176295998
2022-03-22,0.964182,1.014939,0.90574,0.94209,0.9119147640463247,0.9666633636276593,0.9712212858065513,0.947841133122083
2022-03-23,0.998241,1.035368,0.748758,0.861234,0.9114104778369085,0.9566224718535965,0.9669080589121768,0.9461261403869922
2022-03-24,0.651071,0.848503,0.64288,0.832706,0.910627348704203,0.9448209031056349,0.9616452330724836,0.9438801970129923
2022-03-25,0.692213,0.900217,0.678734,0.863927,0.9101626686175941,0.9371167218574792,0.9578131455010137,0.9422969653889727
2022-03-28,0.645767,0.965412,0.641632,0.912151,0.9101824530094589,0.9347390340615288,0.9560224731284249,0.9417000155792901
2022-03-29,0.710534,1.215076,0.686524,0.938333,0.9104625579546384,0.9350813165318594,0.9553287682998592,0.9416333420034625
2022-03-30,0.77937,0.868714,0.717738,0.868714,0.9100471494177763,0.9287606197193014,0.9519321107194726,0.9401893946370573
2022-03-31,0.789457,1.022118,0.754333,1.022118,0.9111622822593904,0.9376517987936536,0.9546844985343952,0.9418117432581057
2022-04-01,0.842573,1.029284,0.80462,1.028663,0.9123314436299438,0.946319532241877,0.9575856162389287,0.9435315701242818
2022-04-04,0.59922,0.843819,0.59922,0.843819,0.9116497277729294,0.9365575767902697,0.9531241803079903,0.9415570637851871
2022-04-05,0.547508,0.955428,0.472037,0.955425,0.91208530262096,0.9383544742388155,0.9532144085312063,0.9418316763835002
2022-04-06,1.033617,1.065361,0.870819,0.938557,0.9123487025948808,0.9383737624065474,0.9526396081966492,0.9417668313065992
2022-04-07,0.658567,0.97451,0.658567,0.911803,0.9123432727183148,0.9358432136059238,0.9510381725810944,0.9411734881124091
2022-04-08,0.830944,0.984278,0.771593,0.984271,0.913058971497237,0.940455383738693,0.9523414207151691,0.9420269041893911
2022-04-11,0.946387,1.094478,0.925269,1.041036,0.9143323747659212,0.9500344900492936,0.9558196395106527,0.9439874803440566
2022-04-12,0.686585,0.949494,0.686585,0.949494,0.9146822416836733,0.9499830148065037,0.9555715752161174,0.9440965203372436
2022-04-13,0.821583,0.935103,0.816324,0.914988,0.9146852840549801,0.9466501562535033,0.9539800624625441,0.9435201139939318
2022-04-14,0.758049,0.94071,0.736486,0.940482,0.9149419677957266,0.9460627128007888,0.9534507266796992,0.9434599533207846
2022-04-18,0.819467,1.064717,0.777477,1.009954,0.915887361150993,0.9521475972959518,0.955666541319711,0.9447766671164126
2022-04-19,0.829727,0.975954,0.754797,0.962596,0.916352123726605,0.9531426832677659,0.9559382847973693,0.9451295251933154
2022-04-20,0.981798,1.033076,0.906467,0.945639,0.9166435354308179,0.9524280467660738,0.9555343912759039,0.9451396138033488
2022-04-21,0.732039,1.123155,0.71757,1.122652,0.9186933708991679,0.9686398518359716,0.9620880229905743,0.9486547105597181
2022-04-22,0.957713,1.302356,0.952683,1.302276,0.9225101134772856,1.0004147230896885,0.9754287279713361,0.9556571123308127
2022-04-25,1.135189,1.221418,1.053385,1.161203,0.9248851670745265,1.0157278923192419,0.9827139935410876,0.9597273279282224
2022-04-26,0.716048,1.079686,0.716048,1.079493,0.926423553471795,1.0218007597174092,0.986509248696339,0.9620989253949902
2022-04-27,1.266209,1.274957,1.08484,1.166514,0.9288125131387422,1.035582973077656,0.9935682585513845,0.9661467486544953
2022-04-28,1.046641,1.302114,1.046641,1.158531,0.931098269226914,1.0472923089750221,1.0000373856670166,0.9699563377900499
2022-04-29,0.988198,1.344558,0.988198,1.340422,0.9351711421699298,1.0752094224059725,1.013385801915369,0.9772922914971776
2022-05-02,1.005837,1.300008,1.005837,1.250543,0.9383091706060499,1.0919078583673085,1.0226860841931977,0.9827031966160453
2022-05-03,1.13991,1.27836,1.017814,1.051691,0.9394373480129549,1.0880776813799458,1.0238235318718958,0.9840692917325593
2022-05-04,0.835602,1.070528,0.788156,1.057923,0.9406163097242688,1.085205806962808,1.0251607659161353,0.9855317414012215
2022-05-05,0.917561,1.138004,0.911322,1.136034,0.942560764353878,1.0900465872520644,1.0295087358802084,0.9885119841457517
2022-05-06,1.090867,1.157475,1.069461,1.156034,0.9446848761513519,1.0963311027518678,1.0344705109437295,0.9918292517864299
2022-05-09,1.018652,1.291837,1.018652,1.291795,0.9481387082294479,1.1149467120135947,1.0445616673773088,0.9977691675926392
2022-05-10,0.942909,1.110919,0.913288,1.004465,0.9486991688440802,1.104424644202776,1.0429892490487869,0.997901758333379
2022-05-11,1.147005,1.163352,0.95658,1.163352,0.9508350179103083,1.1100367733263212,1.0477093569292266,1.001178000742619
2022-05-12,1.342057,1.355049,1.10628,1.262049,0.9539316744485142,1.1245141282476239,1.0561148331280805,1.0063437631041512
2022-05-13,0.924641,0.996363,0.884808,0.994826,0.9543385831604693,1.1121628779383264,1.0537113494759989,1.0061156885872373
2022-05-16,0.817319,0.991873,0.817319,0.947213,0.9542676818354895,1.0964533657537239,1.049534943614195,1.0049492987142228
2022-05-17,1.002741,1.069158,0.944561,1.030224,0.9550234660958329,1.0901458071105121,1.048777651707756,1.0054497878485946
2022-05-18,1.081327,1.19463,1.036824,1.19463,0.9574076107117947,1.1000966826237968,1.0544973516407852,1.009195930663474
2022-05-19,1.174685,1.227182,1.151122,1.220769,0.9600281220479957,1.1115892842786732,1.0610178084391857,1.01338549639291
2022-05-20,0.888137,1.276841,0.876192,1.228321,0.96269770292314,1.1227065905378473,1.0675787179121587,1.0176416449791892
2022-05-23,0.910165,1.034823,0.878117,1.013418,0.9632023824960442,1.1122981533437666,1.0654547681901132,1.0175580084449478
2022-05-24,1.06144,1.11276,0.988216,1.014205,0.9637098712274268,1.102955948263408,1.0634449733591285,1.0174916122381172
2022-05-25,0.789991,0.968118,0.789991,0.904893,0.9631246287276514,1.0840928103335596,1.0572272489136725,1.0152619367482536
2022-05-26,0.846187,0.953467,0.814933,0.953467,0.963028532919416,1.0716522569684588,1.0531582195445088,1.0140382746344268
2022-05-27,0.752834,0.958829,0.740947,0.905817,0.9624592639351432,1.0558584229714627,1.0473801325035477,1.0118952790971114
2022-05-31,0.831266,0.989332,0.813132,0.97837,0.9626175797168831,1.0484785731646566,1.0446738527975261,1.0112314121842974
2022-06-01,0.790638,1.063524,0.790638,1.056377,0.963550509271939,1.0492308042918321,1.0451327997466426,1.0121253842202518
2022-06-02,0.905272,0.982287,0.880006,0.931818,0.9632347629110242,1.0380486324545148,1.0406890821095194,1.0105351389881676
2022-06-03,1.003946,1.073133,0.965538,1.056205,0.9641598398969842,1.0397778103159896,1.0412975494777734,1.0114394926715702
2022-06-06,0.741376,1.044902,0.741376,1.044734,0.9649615728333326,1.0402498283811334,1.0414323122433509,1.0120987898463907
2022-06-07,1.121112,1.139312,0.961789,0.9975,0.9652853382777771,1.0361784161543588,1.0397094764691017,1.0118097048989374
2022-06-08,0.923429,0.93134,0.791458,0.93134,0.9649475737177992,1.026193805092039,1.0354596930781566,1.0102162453959882
2022-06-09,0.83149,1.074425,0.827304,1.074425,0.9660369013424976,1.0307872522261305,1.0369877443299935,1.0114877058831964
2022-06-10,1.347512,1.406357,1.279756,1.315023,0.9695093998366021,1.0578573234426896,1.0478910876896017,1.0174983057666975
2022-06-13,1.097452,1.339684,1.044348,1.337551,0.9731715053108648,1.0844948164481476,1.0592502999370683,1.0238359828802284
2022-06-14,1.14297,1.144897,1.012468,1.144892,0.9748801669495627,1.0902469291673715,1.062608797978752,1.0262331317340851
2022-06-15,1.270695,1.289032,0.999453,1.036425,0.9754925533480745,1.0851210311514314,1.061581982371742,1.0264349509076676
2022-06-16,1.125,1.267464,1.115863,1.267075,0.978393871225208,1.1024499805655807,1.069640532082654,1.0312001003946445
2022-06-17,1.048643,1.181328,0.767801,1.178619,0.9803861610637632,1.1097041728926682,1.0739141974911774,1.0341192865254436
2022-06-21,0.747111,0.898907,0.713324,0.88662,0.9794531644362631,1.0884580611886046,1.0665693270013274,1.0311985085744446
2022-06-22,1.002684,1.043586,0.932349,1.043586,0.9800913021035639,1.0841845315515946,1.065668020060099,1.0314438054343567
2022-06-23,0.804086,0.944608,0.804086,0.939499,0.9796873986000458,1.0704049571181093,1.0607202153518598,1.0296231162178346
2022-06-24,0.777466,0.858017,0.708274,0.857912,0.9784757030915877,1.0501675326306703,1.052766952004728,1.0262228960947093
2022-06-27,0.88477,0.962258,0.80411,0.961751,0.9783092881354525,1.0417469104753683,1.0491976989849348,1.024946224884913
2022-06-28,0.817988,1.006665,0.691776,1.001964,0.9785446584027614,1.0379580618586666,1.047345397063957,1.0244911313228355
2022-06-29,0.967869,1.296804,0.900931,1.243567,0.9811816966276096,1.0575398654911745,1.0550403618849784,1.0288292673362447
2022-06-30,1.166916,1.183679,0.789901,0.944329,0.9808150031288274,1.0467578783015388,1.0506987398502734,1.027155994715725
2022-07-01,0.836816,0.968834,0.79628,0.967653,0.9806840379235654,1.0392240803680588,1.0474420441698704,1.0259777175926412
2022-07-05,1.118509,1.118509,0.871941,0.910365,0.9799843460039279,1.0269517869996723,1.0420664738102676,1.0236883568482325
2022-07-06,0.840643,0.873835,0.559824,0.871156,0.9789014768894609,1.0121140929997035,1.0353641022882965,1.0206679141383665
2022-07-07,0.642245,0.852226,0.642245,0.819799,0.9773183676666802,0.9937983698568745,1.026910568865226,1.016690311878201
2022-07-08,0.786803,0.956538,0.786803,0.956538,0.977111597839151,0.9902497632038388,1.024150860282276,1.0154991769895236
2022-07-11,1.110629,1.110629,0.68977,0.934237,0.9766849849253286,0.9849152143272828,1.020624826545716,1.0138900249699292
2022-07-12,0.770623,0.982507,0.754463,0.977271,0.9766908159210965,0.9841871939151606,1.0189246764850997,1.0131648957626038
2022-07-13,1.024804,1.056991,0.908734,1.047223,0.977392628698001,0.9901906040184787,1.0200344146621545,1.0138393136682948
2022-07-14,1.224832,1.326289,0.854931,0.939351,0.9770141050293643,0.9853487369690997,1.0168703591852073,1.0123642975560514
2022-07-15,0.903949,1.083416,0.896601,0.913081,0.9763779547305647,0.978466095352995,1.0128001882367679,1.0103982916638523
2022-07-18,0.650571,1.038585,0.642861,1.038585,0.9769969303053849,0.9841917053193764,1.013811357325522,1.010956444304172
2022-07-19,0.891931,1.013182,0.860557,0.958227,0.9768101648297095,0.9817188762413406,1.0116315786068741,1.0099122968922083
2022-07-20,1.173586,1.173586,0.903232,0.966403,0.9767066109508069,0.9802602213612129,1.009857908857585,1.009050726656719
2022-07-21,0.685072,0.972964,0.685072,0.956309,0.9765036496478138,0.977979152660145,1.0077579516474835,1.0080063360298532
2022-07-22,0.998241,1.080198,0.934057,1.079979,0.977533255123955,0.9876934238353693,1.010590149622092,1.0094315372965887
2022-07-25,0.80868,1.027739,0.80868,1.027739,0.9780328147744629,0.9915072882320007,1.0112626535584806,1.0097940613105176
2022-07-26,1.00638,1.016865,0.912972,1.005844,0.9783095429856623,0.9928726893527625,1.0110501573405009,1.0097158422746657
2022-07-27,0.848374,1.052519,0.848374,1.052475,0.9790475077320736,0.9985490998905947,1.0126746609742068,1.0105625582692268
2022-07-28,0.971742,1.058905,0.908244,0.949895,0.9787574330282719,0.9939153760914905,1.0102127134850223,1.0093612204817173
2022-07-29,0.86749,1.047577,0.841688,0.993899,0.9789080953861995,0.9939138164637294,1.0095729600150214,1.0090550378979208
2022-08-01,0.825371,1.026405,0.788813,1.026394,0.9793805919495209,0.9970071672767076,1.0102326086418834,1.0093983836821203
2022-08-02,0.769501,1.014759,0.757596,1.008329,0.9796686358107197,0.9980854370598783,1.0101579573225938,1.0093772077676229
2022-08-03,0.683795,0.894772,0.683795,0.894271,0.9788189080912101,0.9881983478160804,1.0056133707609234,1.0070978769207393
2022-08-04,0.78911,0.871816,0.769261,0.86285,0.9776649886077154,0.9762604099288347,1.0000148072016715,1.0042414833183484
2022-08-05,0.848159,0.918891,0.818845,0.877529,0.9766686106116188,0.9668574185070409,0.9952114422133707,1.0017323252328365
2022-08-08,0.669228,0.999658,0.669228,0.999029,0.9768911020483191,0.9699213786492275,0.9953611503618659,1.001678794040107
2022-08-09,0.908781,1.107471,0.90673,0.939841,0.976522444316495,0.9670565806826343,0.9931838895633613,1.0004542832670356
2022-08-10,0.918843,1.005621,0.877104,0.97157,0.9764731662635946,0.9674864301414311,0.9923362860510727,0.9998823172617477
2022-08-11,0.644912,0.933468,0.594719,0.932457,0.9760351944599768,0.9641502939374853,0.9899880787549522,0.9985471624644854
2022-08-12,0.855302,1.037099,0.838378,0.959452,0.9758701875499273,0.9637028373720105,0.9887905854704443,0.9977730008315253
2022-08-15,0.72717,0.917991,0.72717,0.914515,0.975259688171321,0.959018281431819,0.9858778174127798,0.9961243275477327
2022-08-16,0.899889,1.018918,0.816974,0.846666,0.9739801489855368,0.9483180641525981,0.9804185304554159,0.9931647567052033
2022-08-17,0.942087,0.978899,0.843601,0.907331,0.9733169733737403,0.944414534233303,0.9775523527904977,0.9914650783546053
2022-08-18,0.77867,0.920954,0.770355,0.92093,0.9727957099570862,0.9421779119253694,0.9753318683673409,0.9900683441297616
2022-08-19,1.122126,1.122126,1.004842,1.035246,0.9734171058779112,0.9510415393610485,0.9776814421568569,0.9909629511766971
2022-08-22,0.988478,1.138289,0.934683,1.135785,0.9750327068144494,0.9686361546599963,0.9838815816801174,0.9938307145197328
2022-08-23,1.484689,1.484689,0.959869,0.978115,0.9750633763983853,0.9695389018352347,0.9836554412220736,0.9935195122520153
2022-08-24,0.776197,0.905284,0.770183,0.905222,0.9743684373297447,0.9634134826128314,0.9805796199976785,0.9917710466628664
2022-08-25,0.716885,0.915045,0.716885,0.897817,0.9736067314856676,0.9571661985544665,0.9773340270565931,0.9899105704913245
2022-08-26,0.897498,1.093893,0.714911,1.093741,0.9748020973415316,0.9701733225016602,0.9818990063877071,0.9919666186004071
2022-08-29,1.01628,1.392675,1.001787,1.240688,0.9774477282137551,0.9959366251205497,0.9920475943725029,0.996891794469706
2022-08-30,0.968937,1.241295,0.91092,1.21222,0.979783770719091,1.0165350417757355,1.0006818063578948,1.001155719331692
2022-08-31,1.073812,1.133579,0.936656,1.114831,0.9811275242442741,1.0258965616066178,1.0051582453242518,1.0034067149884902
2022-09-01,1.053413,1.11784,0.963784,1.030931,0.9816230812169678,1.026376031929797,1.0061689415860458,1.0039517503352529
2022-09-02,0.928138,1.138021,0.914388,1.137126,0.9831703739411771,1.036923647936483,1.0113045125042401,1.0065888641900003
2022-09-06,1.169739,1.297228,1.0926,1.145298,0.9847835841507177,1.047245014799675,1.0165591590727012,1.0093355797505943
2022-09-07,0.772088,1.013948,0.772088,0.998237,0.9849174489850389,1.0425775848187535,1.0158406430306346,1.009115805894147
2022-09-08,1.01554,1.01554,0.858867,0.965536,0.9847245987463817,1.0352402910264913,1.013867911931394,1.0082528394407975
2022-09-09,0.873022,0.957518,0.844609,0.957469,0.9844533987588555,1.0278335014049207,1.0116561898948688,1.0072472188578114
2022-09-12,0.790892,1.098813,0.767501,1.098636,0.985589544044837,1.034576596509214,1.0150671628401682,1.0090568976923102
2022-09-13,1.174768,1.182909,1.00822,1.151874,0.9872441157458834,1.0457477777940507,1.0204321368464362,1.0118849591241457
2022-09-14,1.245689,1.253315,1.010965,1.091945,0.988285915589208,1.0501475132422364,1.0232365628524582,1.013470306468222
2022-09-15,0.964239,1.099213,0.929095,1.099213,0.9893896676728975,1.0548204167429758,1.0262160309758912,1.0151681815876632
2022-09-16,1.531478,1.601929,1.169444,1.213081,0.9916154520741622,1.0698928532436447,1.0335440689768367,1.0190872472987986
2022-09-19,0.91726,1.017815,0.887855,0.932571,0.9910279450883497,1.0568145815061547,1.0295843407816667,1.0173740542829808
2022-09-20,1.058239,1.058239,0.813305,0.967581,0.9907946421521472,1.0483161451722351,1.0271528372216014,1.0163880532080702
2022-09-21,0.954518,1.054302,0.89162,1.053379,0.9914173720809816,1.0487983218224985,1.0281813141933034,1.01712054720395
2022-09-22,1.184104,1.230019,1.003136,1.151892,0.9930141345478375,1.058616767363213,1.0330327136367032,1.0197892888434756
2022-09-23,1.272164,1.421291,1.272164,1.358593,0.9966517351991028,1.0871859323762403,1.0457997836901658,1.0264982732228127
2022-09-26,0.762869,1.141837,0.755307,0.965897,0.9963457179334401,1.075634605483265,1.0426663411925123,1.0252982480104798
2022-09-27,1.031044,1.150339,0.829478,1.149623,0.9978708650186795,1.0826811192467636,1.0468607199692765,1.0277601242874999
2022-09-28,1.048009,1.25422,1.048009,1.111787,0.9990043588990907,1.085453107889929,1.0494068485979324,1.0294240228164602
2022-09-29,1.043787,1.191939,0.996811,1.126654,1.0002745045816868,1.0893770023766025,1.0524361486529155,1.0313493688993025
2022-09-30,1.055212,1.155567,0.967497,1.122325,1.0014889373719187,1.0925149069121642,1.0551768879214285,1.0331508665448608
2022-10-03,0.907395,1.029067,0.882939,0.961469,1.0010907290398599,1.080034344349101,1.051502068787255,1.0317314236429824
2022-10-04,0.884745,0.995461,0.749007,0.995241,1.0010325227807568,1.0719587877444248,1.0492957523642252,1.0310088409965867
2022-10-05,1.15653,1.15653,0.866183,0.885208,0.9998800399670179,1.054172998435432,1.0428609385460204,1.0281216956303176
2022-10-06,0.772506,0.971425,0.75272,0.900546,0.9988916415593859,1.0395418557272955,1.0372799605638234,1.0255954442316975
2022-10-07,1.033228,1.081748,0.936631,1.03925,0.9992932172652627,1.0395140599437436,1.0373572170123009,1.025865831474634
2022-10-10,0.69929,1.061324,0.638349,1.061192,0.9999091255511804,1.041578625663387,1.0382919143843674,1.0265653595642452
2022-10-11,1.209639,1.209639,0.843713,0.965057,0.9995623382322631,1.0342908517906835,1.0354199569575295,1.0253473722461413
2022-10-12,1.110629,1.110629,0.936869,1.023544,0.9998009617324396,1.0332673420963328,1.0349542331552735,1.0253116619046334
2022-10-13,1.145651,1.145651,0.832562,0.900184,0.998809748182863,1.0205927380871582,1.0296691259727138,1.0228338864213733
2022-10-14,0.761877,0.941185,0.710146,0.924018,0.9980655516835311,1.0113951439836193,1.025525944562019,1.0208771361952076
2022-10-17,0.947624,1.029512,0.901389,1.003032,0.9981149690797149,1.0105986540804175,1.0246438290889988,1.0205237671616392
2022-10-18,0.862532,0.963572,0.86071,0.963572,0.9977712579445933,1.0061199251203776,1.0222488553992342,1.0193960093960621
2022-10-19,0.893562,1.0216,0.79134,1.019801,0.99799045935808,1.0074228846327227,1.0221528610698525,1.0194040290119817
2022-10-20,0.986827,1.062982,0.925307,1.052028,0.9985281463296414,1.0116709908581776,1.0233244351455446,1.0200500482394672
2022-10-21,0.939919,0.977977,0.88371,0.955209,0.9980971100477544,1.006293658395494,1.0206532416104253,1.0187660670862104
2022-10-24,0.939382,0.992251,0.897145,0.976365,0.9978808701467817,1.0034433099768756,1.0189164478217811,1.0179264419953944
2022-10-25,0.71651,0.902623,0.71651,0.902623,0.9969330306428337,0.9938413756933636,1.0143559204562211,1.015643205520238
2022-10-26,0.99099,0.99099,0.767812,0.947394,0.9964401049647955,0.9894178161035194,1.0117299627912713,1.0142917361039956
2022-10-27,0.946101,1.115395,0.939202,1.064594,0.9971182531741011,0.996577452665089,1.0138030622896528,1.01528782053758
2022-10-28,0.81016,1.012392,0.81016,0.933374,0.9964839819982394,0.9905580762207948,1.0106489814155488,1.0136657646853506
2022-10-31,0.76743,0.942611,0.736382,0.942611,0.9959479324261176,0.9859916880092906,1.0079808252816058,1.0122587396420764
2022-11-01,0.710767,0.958485,0.710767,0.958451,0.9955748286208825,0.9833687653417391,1.006038479192131,1.0111932398471837
2022-11-02,1.055465,1.185396,0.849939,1.185396,0.9974635964953016,1.0026094543568116,1.0130721074591063,1.0146427994541702
2022-11-03,1.263987,1.298093,1.022976,1.066313,0.9981486651868906,1.008676458703782,1.015159985597965,1.0156659717422065
2022-11-04,0.968869,1.021436,0.876391,1.021274,0.9983787680208519,1.009876224541517,1.015399750868633,1.0157770218067173
2022-11-07,0.930184,1.004634,0.848864,0.886401,0.9972645613738782,0.9981166793470867,1.010340976324765,1.013215120384802
2022-11-08,0.926976,1.203201,0.788994,1.161546,0.9988992025542376,1.013681376552126,1.016270585096343,1.0161523655256972
2022-11-09,0.974202,1.020674,0.790604,1.019081,0.9991000164591706,1.0141956264043044,1.016380797445506,1.0162103582875646
2022-11-10,0.957124,0.959585,0.858057,0.872901,0.9978443048526117,1.0007389953181802,1.0107541387221528,1.0133725492125634
2022-11-11,0.81739,0.909805,0.737119,0.758851,0.9954662620182573,0.9777020433831154,1.0008755842624606,1.0083325185350869
2022-11-14,0.941461,0.97332,0.853507,0.893587,0.9944525380180756,0.9696910868704377,0.9966681888011877,1.0060603300492437
2022-11-15,0.830098,0.836524,0.648553,0.836524,0.9928811097790898,0.9570085071684913,0.9903880245344744,1.0027031749987636
2022-11-16,0.9589,1.225852,0.86226,1.219748,0.9951384917713377,0.9820313160095874,0.9993825333762597,1.0070010923255208
2022-11-17,1.065887,1.104192,0.89035,0.971005,0.9948983575248568,0.980981190675341,0.9982696889301319,1.0062882984180848
2022-11-18,0.973256,0.981902,0.814578,0.897215,0.9939263838181418,0.9730034582300704,0.9943067599524796,1.0041284311226772
2022-11-21,0.872089,0.896547,0.768546,0.867188,0.9926653053721901,0.9629257955414923,0.9893217105425784,1.0014167394172777
2022-11-22,1.046017,1.247832,0.727511,1.246301,0.9951890436271932,0.9899139102518264,0.9993993297369871,1.0062659326961434
2022-11-23,1.6626,1.6626,0.90441,1.072131,0.9959546352328927,0.997744109275462,1.0022515521002424,1.0075701914546356
2022-11-25,0.918487,0.952113,0.799278,0.931707,0.9953153552803267,0.991454860773037,0.9994850990767035,1.0060679500396923
2022-11-28,0.801121,1.047135,0.801121,1.047135,0.9958309736357464,0.996757731175605,1.001353722642323,1.0068811589497975
2022-11-29,1.070578,1.070578,0.878195,1.050714,0.9963770734005648,1.0018964234445948,1.0032894197936044,1.0077491360002966
2022-11-30,0.887819,1.518935,0.845978,1.214608,0.9985485254065294,1.0221546688308238,1.0115764229389532,1.0118453511290035
2022-12-01,0.818939,0.976946,0.763403,0.963297,0.9981977639596983,1.0165491765612216,1.0096831122354648,1.0108839976413004
2022-12-02,0.928801,0.980622,0.836579,0.8435,0.9966584827262684,1.00006830260301,1.0031661274419172,1.007569463034542
2022-12-05,0.837837,0.963969,0.823868,0.943842,0.9961329455847135,0.9947134166408185,1.000839691071646,1.0063075330734619
2022-12-06,0.996444,1.065781,0.954792,1.055177,0.9967204486137213,1.0004718531512167,1.0029705659315813,1.007275245289829
2022-12-07,0.939814,1.272999,0.868585,1.23144,0.9990559665379629,1.0224688195177676,1.0119301515813233,1.0117141513236938
2022-12-08,0.880738,0.924616,0.764356,0.916878,0.99823827532863,1.012412550992266,1.008202616225193,1.0098362077331255
2022-12-09,0.897431,1.185721,0.87119,1.185714,1.0001037054248625,1.0289174508977643,1.01516384696146,1.0133189362928656
2022-12-12,1.210753,1.210753,0.945874,1.040645,1.0005071013907842,1.0300343603360724,1.016163107864932,1.013860046465284
2022-12-13,0.972466,0.972466,0.845005,0.931142,0.9998169013769456,1.0206160403040656,1.0128289467721896,1.0122220653471596
2022-12-14,0.888743,1.427578,0.860857,1.269649,1.0025017978806576,1.0443334650370117,1.0229003214085743,1.0173196284095922
2022-12-15,1.191555,1.312871,1.151724,1.172343,1.0041917600908004,1.056524849319201,1.028760818608238,1.0203893981440557
2022-12-16,1.141048,1.539189,1.024604,1.336018,1.0074935137217376,1.0831432446221343,1.0408101198392874,1.0266394694679357
2022-12-19,1.001328,1.049056,0.922953,1.043451,1.0078512996548545,1.0793630308485977,1.0409136837671584,1.02697237106263
2022-12-20,1.151579,1.248245,0.924228,0.987731,1.0076510976682391,1.070636170767779,1.0388280883253092,1.0261953142099045
2022-12-21,0.970872,1.646022,0.872893,1.51336,1.0126830270446745,1.1128003449803714,1.0574371829007871,1.0358421396710946
2022-12-22,0.986027,1.329418,0.902879,1.260438,1.0151482506561702,1.12686107402986,1.065397999257619,1.0402895824498848
2022-12-23,1.102145,1.113269,0.956868,1.005906,1.015056287963074,1.1153415431698732,1.063064979678889,1.0396087194310752
2022-12-27,1.049069,1.069331,0.961718,1.002034,1.0149267129584663,1.1045503485822663,1.0606716079267757,1.038864665580955
2022-12-28,0.960224,2.122731,0.960224,1.94683,1.0241993824812676,1.184767458241098,1.0954229174198433,1.0568441771536095
2022-12-29,0.80133,1.32336,0.80133,1.264811,1.0265935279292153,1.1923906526943269,1.1020655873249474,1.0609623320614587
2022-12-30,1.068372,1.195133,1.068372,1.195133,1.0282705376015615,1.1926518286282004,1.1057152897827927,1.0636191769711327
2023-01-03,0.850519,1.124896,0.850519,0.967643,1.0276672785209489,1.1712224163778957,1.1003006901834675,1.0617186586152687
2023-01-04,0.90296,1.197463,0.876774,1.122486,1.028610748386412,1.1665808529133341,1.1011707023331354,1.0629219723060555
2023-01-05,1.416752,1.447674,0.998144,1.026607,1.0285908105915222,1.1532500097787308,1.0982466355749732,1.0622028639435592
2023-01-06,0.852892,1.116541,0.819136,1.003685,1.0283429915806612,1.1390057231331374,1.0945383361406604,1.0610440943605184
2023-01-09,0.845928,0.906624,0.823677,0.880887,1.0268757677838387,1.114422987596648,1.0861598523704385,1.0574766271454585
2023-01-10,0.81675,1.05432,0.800851,0.981592,1.0264251830297706,1.1017724173493482,1.0820591522774803,1.05597396126139
2023-01-11,0.797939,0.967892,0.778186,0.95721,1.0257364747409172,1.0880045680779817,1.0771631070901282,1.054018239256214
2023-01-12,0.96883,1.001174,0.892679,0.969741,1.0251793058380225,1.076741371118174,1.072950475439535,1.0523493830333188
2023-01-13,1.037941,1.045636,0.843096,0.953276,1.0244638500585397,1.0649827643450145,1.0682573587556317,1.0503875338643422
2023-01-17,0.846327,0.997983,0.81557,0.9976,1.0241965480679074,1.0585653582169179,1.0654864819416854,1.0493422361640583
2023-01-18,2.0213,2.189854,1.219047,1.233103,1.0262752192314109,1.0751879907676876,1.072059678728286,1.0529810631707106
2023-01-19,1.131447,1.14662,0.977813,1.000981,1.0260235354579639,1.068120658313622,1.0692722795624707,1.0519513589495084
2023-01-20,0.821267,0.911607,0.803333,0.880832,1.0245788435628598,1.0502836432361342,1.061882464677668,1.0485628567920924
2023-01-23,0.693514,0.901115,0.644697,0.901112,1.0233503177562642,1.0360768200707882,1.0555777405726614,1.0456430378457142
2023-01-24,1.060374,1.060374,0.898285,1.031789,1.023434284743764,1.0356684562545226,1.0546448487854982,1.0453687004626309
2023-01-25,1.150921,1.263966,0.961656,0.991541,1.0231169386269108,1.0314658413731395,1.0521701880488121,1.044302805403965
2023-01-26,0.819826,0.885279,0.721187,0.885279,1.0217454168495286,1.0175432850518882,1.0456254355763097,1.0411538191583418
2023-01-27,0.825496,0.909629,0.805466,0.836993,1.0199070843435631,1.0003480198088512,1.0374437714360623,1.0371110306601568
2023-01-30,0.854319,0.907433,0.800948,0.907433,1.0187879392257166,0.9914989703032464,1.0323453098111186,1.0345431488649062
2023-01-31,0.915635,0.940565,0.836017,0.91905,1.0177955219199881,0.9845990683696039,1.0279023564851923,1.0322561558180763
2023-02-01,0.89207,0.933057,0.826297,0.905806,1.0166811983187942,0.9770949666201177,1.0231142640740083,1.0297521923365303
2023-02-02,0.752215,0.844528,0.717977,0.793719,1.0144626689822889,0.9596305888467732,1.0141183713652238,1.0250782677358068
2023-02-03,0.870919,0.910697,0.774218,0.910697,1.0134301747635597,0.9549702470518424,1.0100626313116856,1.0228132921370778
2023-02-06,0.770953,0.839445,0.510215,0.839445,1.0116989789947681,0.9439678425707145,1.0033717438092666,1.0191822368472347
2023-02-07,0.814709,0.917387,0.812033,0.913931,1.0107261632833775,0.9411071908973132,0.9998642636598837,1.0170980539393688
2023-02-08,0.770606,0.906925,0.760668,0.905612,1.009680251210906,0.9377266965261405,0.9961680964575353,1.014890409306906
2023-02-09,0.745985,0.865728,0.714154,0.865728,1.0082478905023398,0.9308696778093652,0.9910527985572398,1.0119366982315217
2023-02-10,1.056466,1.056466,0.884686,1.054937,1.0087124587560479,0.9426856132560923,0.9935580613589167,1.0127881893556498
2023-02-13,0.914273,0.976399,0.76057,0.946522,1.0080936482211618,0.9430509834221787,0.9917135099330768,1.0114759875862311
2023-02-14,0.965235,1.093887,0.932828,0.967542,1.0076901492338866,0.9453834611914951,0.9907656075827601,1.0106060076340286
2023-02-15,1.144129,1.144129,0.763724,0.927997,1.006897182574843,0.943727607744686,0.9883040935599068,1.0089701857006816
2023-02-16,0.965601,1.010741,0.807759,0.888857,1.0057226533949937,0.9385018355785254,0.9844042075379497,1.0065917067759156
2023-02-17,0.973608,1.13215,0.973608,1.084142,1.0065029454010137,0.9523723274281897,0.9883154935168535,1.0081273561466895
2023-02-21,1.01531,1.115361,0.985889,1.048809,1.0069239011681679,0.9615567724350288,0.9906877878887417,1.0089329332526957
2023-02-22,0.978124,1.14213,0.914466,1.140476,1.0082527777734598,0.978596698869788,0.9965618354225165,1.0115377464556126
2023-02-23,1.007373,1.063201,0.919857,1.026227,1.0084316257558135,0.9831329180250462,0.9977251752098688,1.0118286227634221
2023-02-24,1.113422,1.220101,1.093453,1.113948,1.0094815399273973,0.9955914972607561,1.002282933044776,1.013850788649295
2023-02-27,0.970465,1.086865,0.948078,1.037416,1.0097594947539903,0.9995747832359222,1.0036607003763534,1.0143174264978236
2023-02-28,0.879711,1.015807,0.855264,1.015598,1.0098175893335526,1.0011008038801201,1.004128829773359,1.0143427843889559
2023-03-01,0.942174,1.205377,0.894112,1.13519,1.0110650760068505,1.0138712035105848,1.009268483507737,1.0167357985594716
2023-03-02,1.028766,1.084958,0.953039,1.084958,1.0118003289819066,1.0206413746048149,1.012236699840767,1.0180867332414623
2023-03-03,0.513169,0.918975,0.513169,0.918975,1.0108766938676588,1.0109588627376895,1.008579378278384,1.0161241246624233
2023-03-06,0.973139,0.987684,0.869319,0.98759,1.0106449854709656,1.0087332567626714,1.0077562654047219,1.0155590924908902
2023-03-07,1.039283,1.070044,0.704307,0.850619,1.0090526871080705,0.9936747561186074,1.0015940197025759,1.012292952045526
2023-03-08,0.95547,1.057228,0.927542,0.992929,1.0088922524104778,0.9936037317263591,1.0012542150083572,1.011909507450565
2023-03-09,0.816531,1.034285,0.767722,1.033849,1.0091405782571397,0.9974366144190868,1.0025324418707746,1.0123439528475835
2023-03-10,1.367022,1.415974,1.076388,1.250801,1.0115451595680138,1.0215665559029834,1.0122684637581951,1.0170658745733738
2023-03-13,1.206901,1.206901,0.990939,1.049149,1.0119193271345013,1.0241934553407945,1.0137147592970894,1.0177011839877625
2023-03-14,0.870182,1.080773,0.808538,1.08051,1.0126018213918695,1.0295569357845284,1.0163341805011252,1.018944922918698
2023-03-15,1.073888,1.120177,0.913298,1.003577,1.01251202217404,1.027082656186002,1.0158338989128457,1.0186406076133772
2023-03-16,0.937355,0.994919,0.895597,0.992448,1.012312380162358,1.023784117501621,1.014916804837832,1.0181219421160825
2023-03-17,0.973139,1.419576,0.704837,1.020059,1.0123894609567623,1.0234293444062283,1.015118459550074,1.0181602996979422
2023-03-20,0.973139,1.419576,0.704837,0.835373,1.010628103136297,1.00551921636754,1.0080696179990907,1.014540749208874
2023-03-21,0.973139,1.419576,0.704837,1.031576,1.0108365399210104,1.0080008148087267,1.008991436901087,1.0148780809077083
2023-03-22,0.973139,1.419576,0.704837,0.920669,1.0099393504690601,0.9996834991126575,1.0055278119245739,1.0130125545531001
2023-03-23,0.973139,1.419576,0.704837,1.133158,1.0111654066832982,1.0123953563400234,1.0105329173392965,1.0153916722847218
2023-03-24,1.108822,1.185051,1.059087,1.09615,1.0120110245272456,1.020371989069545,1.0138904499926575,1.016990847090965
2023-03-27,1.108822,1.185051,0.86971,0.935109,1.0112458302533427,1.0122517043962551,1.0108009813654946,1.0153694243762925
2023-03-28,1.108822,1.185051,0.853757,1.079421,1.0119241901513194,1.0186487801680404,1.0134919624884164,1.0166377724084452
2023-03-29,0.791222,0.995876,0.791222,0.991795,1.0117238997020526,1.0160912772948938,1.0126411012143608,1.0161458363211493
2023-03-30,0.876663,0.97711,0.795909,0.94164,1.0110265474662112,1.0090006794572848,1.0098567443039936,1.014670473225681
2023-03-31,0.843143,1.045263,0.843143,1.040098,1.011315815650627,1.0119623290327815,1.0110426758999154,1.0151739886073508
2023-04-03,0.912173,0.941478,0.753545,0.941478,1.0106209120123124,1.0052495357915643,1.0083146493940363,1.0137146621002746
2023-04-04,0.967215,1.120632,0.876921,1.116227,1.0116717188579611,1.0158188180971297,1.0125465062805445,1.0157446093854177
2023-04-05,1.029407,1.043229,0.930937,0.99273,1.011483244043454,1.0136198830402603,1.0117693883871899,1.0152888745461024
2023-04-06,1.174666,1.174666,0.93127,1.013339,1.0115017092768526,1.0135931322745213,1.0118309417837708,1.015250263168952
2023-04-10,0.934551,1.052034,0.757165,1.052034,1.0119050156522074,1.0172541672959954,1.0134075323020542,1.0159786539972895
2023-04-11,0.835729,1.029517,0.800002,1.028854,1.0120736622626332,1.0183589132678053,1.0140132761333462,1.016233611343878
2023-04-12,0.856096,1.002655,0.819551,1.002606,1.01197945666798,1.0168586358137286,1.0135659319712542,1.0159637576539002
2023-04-13,0.760565,0.917298,0.604881,0.917298,1.0110373526215326,1.0073766704981353,1.0097907189527737,1.014009980274615
2023-04-14,0.789144,0.915419,0.772395,0.915419,1.0100859262272885,0.9986187971173605,1.0060898672291356,1.0120576836355137
2023-04-17,0.798355,1.054505,0.798355,1.043238,1.0104157976081116,1.0028682450109452,1.0075466567495617,1.0126751156427314
2023-04-18,0.894347,0.935354,0.836782,0.922767,1.0095436702687275,0.9952395550099028,1.0042219643280101,1.0108947569171327
2023-04-19,1.152333,1.17593,0.872054,1.025763,1.0097050566342127,0.9981465497708645,1.005066710824951,1.011189177572239
2023-04-20,1.027372,1.027372,0.857798,1.001374,1.0096221605483002,0.9984539259831631,1.004921898635737,1.0109948176203134
2023-04-21,1.08063,1.08063,0.853485,0.941382,1.0089431539756804,0.9930185044609571,1.0024301379049239,1.0096163459842675
2023-04-24,0.856691,0.979841,0.844707,0.947916,1.0083359186127383,0.9887230278456278,1.000292328575319,1.008394556954876
2023-04-25,0.970753,1.06619,0.931186,1.011898,1.0083713622086314,0.9909301680508061,1.0007474529449143,1.0084639320646804
2023-04-26,0.829648,1.066601,0.817725,1.066123,1.0089460053707346,0.9980913901412055,1.003311199888251,1.0096056957861719
2023-04-27,0.945313,1.010944,0.929923,1.000125,1.008858234173016,0.9982850672706145,1.0031862508730254,1.0094179592359507
2023-04-28,0.887801,0.988757,0.837649,0.986208,1.0086328587086077,0.9971348703876989,1.002520437113299,1.0089583560827635
2023-05-01,0.872929,0.981845,0.773857,0.980661,1.0083545317562832,0.9955659303507752,1.0016632042853264,1.0083980123979563
2023-05-02,0.877105,1.060933,0.779082,1.030056,1.0085704667636834,0.9988506988887966,1.0027766472545292,1.008826883439581
2023-05-03,0.773498,1.135438,0.762801,1.135361,1.0098320641093184,1.0118516799470065,1.0079760336367045,1.0113325095100845
2023-05-04,1.130453,1.139145,0.735062,0.906373,1.008802620685345,1.001806091380625,1.0039916009450691,1.009254103381172
2023-05-05,0.831569,0.982944,0.778275,0.971189,1.008428355802904,0.9988901779158036,1.0027052244374193,1.0085003389577825
2023-05-08,0.833538,1.063417,0.833423,1.063411,1.0089754467899397,1.0050350181142984,1.0050858430869323,1.0095876787804006
2023-05-09,0.948189,0.988874,0.779286,0.9247,1.0081368851303383,0.9973840640081747,1.0019334570835232,1.0079067346461352
2023-05-10,0.896882,0.965531,0.816937,0.965531,1.0077129459748124,0.994350438864539,1.0005059097469144,1.0070676111877959
2023-05-11,0.889604,0.985595,0.860163,0.908924,1.0067299713879985,0.9862145875441067,0.996914462305859,1.005124173342493
2023-05-12,0.822557,0.985813,0.822557,0.935092,1.006017155752297,0.9813457696827632,0.9944900520193547,1.0037373976327406
2023-05-15,1.055382,1.055382,0.911415,0.960905,1.0055682785806324,0.9793990297129762,0.9931729911558506,1.0028892313429834
2023-05-16,0.809401,1.00924,0.809401,0.938936,1.0049052708335613,0.9755454078355499,0.9910460503262094,1.0016228307223303
2023-05-17,1.221925,1.221925,0.849843,0.988533,1.0047423626660632,0.9767823213750213,0.9909474993330247,1.0013636261535712
2023-05-18,0.758325,0.871622,0.537283,0.828166,1.0029853839330676,0.9626283860059717,0.9845639111238865,0.9979339701901342
2023-05-19,0.704628,0.937845,0.701322,0.937845,1.002337220908858,0.9602680635292125,0.9827317969621655,0.9967440895923098
2023-05-22,0.887527,0.939761,0.659101,0.83419,1.0006641142331478,0.9482606289073827,0.9769066284538452,0.9935251967290957
2023-05-23,0.825737,1.008631,0.793926,1.00863,1.0007433767780916,0.9540100928209653,0.9781506822399689,0.9938243017443611
2023-05-24,1.019207,1.074171,0.960696,1.06269,1.0013597610887572,0.9643605601713495,0.9814659496031074,0.9951879789375421
2023-05-25,0.630188,0.898315,0.630188,0.898152,1.0003328181923516,0.9580549830121734,0.9781987358931816,0.9932664744041254
2023-05-26,0.688112,0.885379,0.688112,0.885379,0.9991889991058606,0.9511334608205378,0.9745587462503118,0.9911300887723605
2023-05-30,0.816894,0.894068,0.751014,0.894068,0.998143019015255,0.9456986550281057,0.9714022463973584,0.9892080672125118
2023-05-31,0.782969,1.04467,0.77437,1.042069,0.9985800934529142,0.954876783120667,0.9741734916366777,0.9902548183568185
2023-06-01,0.850236,0.884183,0.653969,0.882887,0.9974289183936812,0.9480206132996511,0.9705936292195531,0.9881287229438122
2023-06-02,0.720327,0.793573,0.646386,0.760418,0.9950706007977241,0.9301536977473034,0.9623514476815314,0.983619599717202
2023-06-05,0.64098,0.976804,0.638917,0.976804,0.9948888435758563,0.9345965836761316,0.9629182144391184,0.9834846373465643
2023-06-06,0.963382,0.96554,0.825519,0.942357,0.9943661386646537,0.9353356709450715,0.962111892304251,0.9826702286862363
2023-06-07,0.595996,0.908318,0.595996,0.908281,0.9935095701207268,0.9327590356169695,0.9600008769197705,0.9811971746528455
2023-06-08,0.823009,0.885724,0.625649,0.885715,0.9924369873334559,0.9282786512724962,0.957087705275858,0.979306438521106
2023-06-09,0.621858,0.865225,0.621858,0.865225,0.991171196414715,0.9222735416274965,0.9534852462454322,0.9770474001345495
2023-06-12,0.80265,0.894996,0.774579,0.89462,0.990210487992678,0.9196398709963064,0.9511768052161995,0.9754151743893109
2023-06-13,0.713476,0.806937,0.697199,0.806854,0.9883860453260842,0.9088983594728487,0.9455170873645838,0.9720773293518988
2023-06-14,0.640559,1.019413,0.597229,1.016093,0.988661736417367,0.9191073728563869,0.9482847702130315,0.9729489267904751
2023-06-15,0.762677,0.898135,0.707443,0.898135,0.9877609728709256,0.9171100040129214,0.9463181125576184,0.971467462893634
2023-06-16,0.787788,0.937616,0.771162,0.866976,0.9865591323448467,0.9123353369640718,0.9432066571632021,0.9693983250145521
2023-06-20,0.861882,0.932613,0.744812,0.880114,0.9854999767991268,0.9092666382055887,0.9407324353136647,0.9676303185786204
2023-06-21,1.249534,1.249534,0.847601,0.910108,0.9847498078757524,0.9093467679002946,0.93953147706607,0.9664912627651824
2023-06-22,0.934999,0.934999,0.691778,0.821451,0.9831249441157947,0.9009757423859808,0.9349008701223025,0.9636191783539907
2023-06-23,0.926289,0.942097,0.810646,0.87952,0.9820940491494683,0.8989323383492207,0.9327290712939769,0.9619538480895552
2023-06-26,0.695971,0.891837,0.695971,0.889494,0.981172655625593,0.8980334489826283,0.9310335783020562,0.9605189996125343
2023-06-27,0.759374,0.932862,0.705151,0.932498,0.9806883306939951,0.9013157871747589,0.9310910066039364,0.9599641283330782
2023-06-28,0.787607,0.837941,0.69003,0.837938,0.9792679293935573,0.8952798074438295,0.927437947521429,0.9575477693561856
2023-06-29,0.631169,0.865183,0.631126,0.865183,0.9781327559667558,0.8924134448301315,0.9249965770303926,0.9557187640223997
2023-06-30,0.667796,0.898124,0.654006,0.898124,0.977336648942211,0.8929573072272619,0.9239427504801812,0.9545782736457186
2023-07-03,0.670368,0.841966,0.665058,0.839634,0.9759664733308456,0.8878788970151417,0.9206365249711544,0.9523021494151103
2023-07-05,0.78493,0.95278,0.764628,0.952587,0.9757338417554143,0.8940415734898901,0.9218894847762072,0.9523077900207516
2023-07-06,0.820369,0.896661,0.80393,0.896215,0.9749426094991416,0.8942485664908529,0.9208826422359638,0.951197041703509
2023-07-07,0.547984,0.840727,0.547357,0.840726,0.9736071208474089,0.8891511792060098,0.9177392445012201,0.9490094963232415
2023-07-10,0.749967,0.880339,0.667645,0.880339,0.9726790798439521,0.8883119240435327,0.9162725682462703,0.9476496845148604
2023-07-11,0.739161,0.822476,0.634615,0.728603,0.970250462134062,0.873101550325101,0.9089129773346519,0.9433121264056553
2023-07-12,0.75035,0.867881,0.653765,0.862292,0.9691762485804892,0.872072069341758,0.9070847037136852,0.9417077674669294
2023-07-13,0.634063,0.83495,0.634063,0.83495,0.9678406640174992,0.8685366341663524,0.9042558918033446,0.9395937522695644
2023-07-14,0.716752,0.868753,0.71064,0.868696,0.9668541499476734,0.868551811864795,0.9028613862424292,0.9381898363830384
2023-07-17,0.670338,0.856602,0.597055,0.856602,0.9657571136297861,0.8674137345443383,0.9010472926642947,0.9365742356625822
2023-07-18,0.868605,0.868605,0.701107,0.802751,0.9641351622503852,0.8612553788734489,0.8971925360892243,0.9339242705999569
2023-07-19,0.950585,0.97555,0.772739,0.828364,0.9627842054120729,0.8581228665997871,0.8944933778112155,0.931833968211839
2023-07-20,0.738848,0.87263,0.720423,0.87263,0.9618871486418035,0.8595044983521883,0.8936359904460698,0.9306616124056639
2023-07-21,0.573041,0.89045,0.571082,0.890425,0.9611760824861636,0.8624493080329323,0.8935100692521063,0.9298648478035716
2023-07-24,0.788338,0.874216,0.677558,0.874181,0.9603104597748585,0.8635666120297959,0.8927520665363374,0.9287621973520157
2023-07-25,0.687809,0.882237,0.66298,0.870739,0.959419201468641,0.8642496965983868,0.8918888090251085,0.9276132231470253
2023-07-26,0.768279,0.969814,0.759372,0.96325,0.959457318866963,0.87367829692235,0.8946872871025552,0.9283189018965892
2023-07-27,0.77914,0.960144,0.77914,0.959948,0.9594622012662967,0.8818944591202215,0.8972465307455922,0.9289452206709141
2023-07-28,0.803069,0.88348,0.777038,0.882316,0.9586945773730997,0.8819346058706765,0.8966610197359611,0.9280218697665396
2023-07-31,0.705392,0.914672,0.694493,0.914559,0.958255417399238,0.8850416910258502,0.897362901314943,0.927755278286014
2023-08-01,0.759982,0.842541,0.676789,0.837704,0.9570559008082008,0.8805333394995787,0.8950233365574942,0.925972084656588
2023-08-02,1.041852,1.053866,0.885139,0.972221,0.957206797317572,0.889265497642476,0.8980506959081808,0.9268879047623981
2023-08-03,1.05255,1.05255,0.797916,0.883814,0.9564765207273473,0.8887463073908116,0.89749239410786,0.9260349561532417
2023-08-04,0.833739,1.023108,0.820698,1.02303,0.9571387444017021,0.9015352304964486,0.9024154374761791,0.9279556500908013
2023-08-07,0.935681,1.033588,0.903189,1.032714,0.9578907369947199,0.9140284466396439,0.9075251850261329,0.9300300728612805
2023-08-08,1.040321,1.069368,0.987599,1.011428,0.9584234460793496,0.9233045945787254,0.9115998052211864,0.9316419130026412
2023-08-09,0.804413,0.986904,0.764173,0.978118,0.9586194117900029,0.928524918904561,0.9142083618791791,0.9325622315570443
2023-08-10,0.90538,1.081244,0.885146,1.060908,0.9596372086876148,0.9411328313898409,0.9199612888643093,0.9351037319222514
2023-08-11,0.994015,1.024915,0.884872,1.023998,0.9602776145713201,0.949024752209856,0.9240411598892383,0.9368640144584445
2023-08-14,0.8695,1.014552,0.8695,0.97427,0.9604168422870284,0.9514290615232031,0.9260109183249544,0.9376047270434258
2023-08-15,1.13157,1.139227,0.964634,1.05489,0.9613568737070579,0.961282484235279,0.93106499995927,0.9399272076960312
2023-08-16,1.006709,1.278887,0.95306,1.278559,0.9645131137696743,0.9914992952604905,0.9446922156471417,0.9466327877416544
2023-08-17,1.055953,1.136244,0.887717,1.132097,0.9661806151251999,1.0048895528547295,0.9520414228766655,0.9503053464002355
2023-08-18,0.978238,1.19545,0.915084,1.181437,0.9683224697010686,1.0217035954399933,0.9610373278618943,0.9548822108279535
2023-08-21,0.911541,0.987168,0.870931,0.949676,0.9681369326891177,1.0148438244457083,0.9605917855928005,0.9547791175442317
2023-08-22,0.931429,1.092886,0.929935,0.954012,0.9679963860951961,1.0090503173556409,0.9603337547852396,0.9547639270978113
2023-08-23,0.829488,1.185194,0.829488,1.169531,0.9700017056365374,1.024334191893199,0.9685375683230734,0.9590167404226071
2023-08-24,1.079427,1.118682,0.968667,1.118682,0.9714811115506017,1.03331969742718,0.9744255852515803,0.9621784287310703
2023-08-25,0.938569,1.084508,0.907957,1.08149,0.9725757273560683,1.0379073452912582,0.9786241897515183,0.9645410341027323
2023-08-28,0.915694,1.092337,0.895223,1.085103,0.9736954017107343,1.0424021695492336,0.9827998293691058,0.9669283997640643
2023-08-29,0.891254,0.965674,0.816895,0.96398,0.9735987310469459,1.0349333914969256,0.9820617968448272,0.9668700156103205
2023-08-30,0.76744,1.106672,0.742057,1.102809,0.9748844053648867,1.041397735163885,0.986796981282285,0.9695618766873438
2023-08-31,0.786333,0.967022,0.680976,0.967022,0.9748061724756839,1.0343143318149435,0.9860214918202346,0.9695115820994756
2023-09-01,0.940621,1.055696,0.869642,1.055696,0.9756110463813985,1.0363506811659013,0.988753825474343,0.9712182042361197
2023-09-05,0.990353,1.063934,0.886609,1.061598,0.976466637959693,1.0387551877215297,0.9916104597694668,0.9730079031621371
2023-09-06,1.001765,1.247204,0.935163,1.247081,0.9791593181789996,1.0585957412718603,1.001628912327527,0.9784350931985305
2023-09-07,1.039641,1.226782,1.011793,1.108912,0.980450389639905,1.0633877659126354,1.0058360922362515,0.9810187943233121
2023-09-08,0.915296,1.093166,0.874285,1.083044,0.9814712215837866,1.06525978820667,1.0088638533250258,0.9830390954258207
2023-09-11,0.849051,1.070835,0.849051,1.045954,0.9821128412695201,1.0634211417107968,1.0103183688809072,0.9842849351203589
2023-09-12,0.701813,0.962362,0.701813,0.952939,0.981822554291714,1.0528990329764352,1.008068197552244,0.9836642235338171
2023-09-13,0.945423,1.291336,0.80036,1.287597,0.9848650860898064,1.0752512203120128,1.0190301113737248,0.9896826943549296
2023-09-14,1.094332,1.15164,0.950472,1.132025,0.9863293638401566,1.080658246948964,1.023461283476716,0.9925013538726538
2023-09-15,1.013246,1.030532,0.889515,0.973159,0.9861983154437372,1.070420223430015,1.0214886449090017,0.9921183369642844
2023-09-18,0.95214,1.110279,0.908018,1.110015,0.9874303222552423,1.0741911545319185,1.0249602666772761,0.9944529243511303
2023-09-19,0.973214,0.997314,0.78476,0.913788,0.986697562829817,1.0589146636241167,1.020600569944834,0.9928555991164545
2023-09-20,1.16532,1.16532,0.893219,1.078299,0.9876090199160875,1.0607607908980103,1.022863253476409,0.9945475476488019
2023-09-21,1.185651,1.185651,0.970951,1.157358,0.9892980644940369,1.0699605250981998,1.028137557261648,0.997771517002291
2023-09-22,1.132158,1.171281,1.001458,1.168875,0.9910848996732007,1.0793809512793238,1.033656672663152,1.0011597047844238
2023-09-25,0.964497,1.124396,0.958403,1.102275,0.9921912688306813,1.0815613368717691,1.0363475874606753,1.0031619878579996
2023-09-26,1.038812,1.138454,0.983982,1.138454,0.99364661938958,1.0869796857411245,1.0403517605014332,1.0058410376033857
2023-09-27,1.18931,1.29257,1.018397,1.291546,0.9966107923309772,1.1064621918610174,1.050202514991573,1.0114985616112395
2023-09-28,1.332833,1.332833,0.860012,0.995153,0.9965962869346491,1.0958613164456823,1.0480437104820997,1.0111748871238881
2023-09-29,0.958368,1.066393,0.89684,1.065592,0.997282811442762,1.0929785244032364,1.0487318786984878,1.0122524537154942
2023-10-02,0.8883,1.103565,0.879165,1.098458,0.9982895297368638,1.0935003792219757,1.0506819226710962,1.0139594942359795
2023-10-03,0.917131,1.150519,0.88968,1.13615,0.9996612757096314,1.0975622478675018,1.054033611978112,1.0163791082115048
2023-10-04,0.943726,1.714339,0.943726,1.639093,1.0060237804289385,1.149136605213454,1.076977117390735,1.0287100763657324
2023-10-05,1.326356,1.433858,1.164612,1.302057,1.0089693846037748,1.1637004523359822,1.0858037794538433,1.0341228867347279
2023-10-06,0.940613,1.041031,0.909546,0.9763,1.0086443161002547,1.1458527902087459,1.0815095135929083,1.0329778790766144
2023-10-09,0.879539,1.094627,0.879539,1.094627,1.0094998651937845,1.1409741435221987,1.082023924824559,1.0341986537483647
2023-10-10,0.86905,0.983622,0.824877,0.979849,1.0092048317092692,1.1256288917581798,1.0780170650275174,1.0331224229810703
2023-10-11,0.976234,1.264706,0.856236,1.261383,1.0117140672146496,1.138557854447877,1.0852078860068304,1.0376424344071877
2023-10-12,1.099276,1.16483,0.88989,1.116046,1.012752195899081,1.1364138683099838,1.0864172238104841,1.0391949802605107
2023-10-13,0.886585,1.077054,0.843319,1.077054,1.0133920148453588,1.1307605475185567,1.086050038563014,1.0399446638197085
2023-10-16,0.831353,1.080148,0.831353,1.080148,1.014056253503614,1.1259403048977419,1.0858185860703469,1.040740769486645
2023-10-17,0.954192,1.053594,0.888919,1.051685,1.0144306688916378,1.118868371097957,1.084480014067588,1.040957486922553
2023-10-18,1.224137,1.247918,0.995081,1.020828,1.014494323927542,1.1095311928981515,1.081983856653173,1.0405588832211163
2023-10-19,1.148953,1.16377,0.987523,1.090066,1.0152462809033873,1.1076773650030896,1.0823008034510877,1.0415392221672328
2023-10-20,0.980664,1.092079,0.938194,1.091988,1.0160098800983786,1.1061831397647002,1.0826806935118294,1.0425382078668917
2023-10-23,0.772772,0.928017,0.772772,0.927474,1.015128926067549,1.0891632216918716,1.0765941565113655,1.0402597087012107
2023-10-24,0.85831,0.932331,0.779495,0.930157,1.0142834342658817,1.0740197720069316,1.0708515229226845,1.038079457043761
2023-10-25,1.01694,1.284878,0.907105,1.284268,1.016969847855276,1.0940434127681762,1.0792207965335596,1.0429544776963597
2023-10-26,0.919555,1.13701,0.919555,1.13701,1.0181642772298505,1.0981354686950167,1.0814870398067533,1.0448169632865307
2023-10-27,0.854255,1.216152,0.845736,1.167733,1.0196525232275635,1.104763805009777,1.0848692343241355,1.0472509442115499
2023-10-30,0.865728,1.090096,0.816407,1.090084,1.020353333941717,1.1033657283421792,1.0850737349388753,1.0480991235340935
2023-10-31,1.153987,1.153987,0.882176,1.100433,1.0211501465393118,1.1030864208810192,1.0856760590589194,1.049135437919557
2023-11-01,1.04065,1.052836,0.852274,0.992336,1.0208634386135476,1.0925387617494935,1.0820156645860206,1.0480106965746152
2023-11-02,0.798642,0.98758,0.771638,0.987154,1.0205280213139103,1.0825021177733511,1.0782955993081373,1.0468056134741277
2023-11-03,0.762958,0.918333,0.736899,0.917348,1.019501354435165,1.0667731541758891,1.0719839287470339,1.04424209637563
2023-11-06,1.100723,1.160684,1.023852,1.127167,1.020572654391034,1.0725249490162807,1.0741479707569541,1.0458841736751225
2023-11-07,0.883226,1.043386,0.883226,0.978466,1.020153682705551,1.063566953871873,1.0703957366096226,1.0445491603350212
2023-11-08,0.780357,1.192989,0.730494,1.192924,1.0218727903403217,1.0758866725507423,1.0752007665465002,1.0474872759719516
2023-11-09,1.098787,1.159612,0.953233,1.124711,1.0228960561080798,1.0805366084982906,1.0771423443289905,1.0490164586259723
2023-11-10,0.911479,1.070649,0.911479,1.070491,1.0233696376393426,1.0795798838794057,1.076881507296481,1.0494416970690224
2023-11-13,1.025999,1.18064,1.000316,1.170411,1.0248327357722844,1.0882304663670814,1.0805493305397562,1.0518371288102297
2023-11-14,0.827327,0.966185,0.765099,0.966185,1.0242491762123611,1.0766070886178356,1.0760644548323148,1.0501410470516113
2023-11-15,0.576925,0.868079,0.576925,0.867787,1.0226923386381088,1.0567194611304227,1.0678967115055573,1.0465300758228664
2023-11-16,0.92779,0.978149,0.818264,0.977192,1.0222395989501674,1.0491454172132395,1.0643396639955354,1.0451570446184533
2023-11-17,0.768831,0.950507,0.768831,0.883126,1.0208553840352403,1.0333340441453118,1.057233245799632,1.0419485090814542
2023-11-20,0.735577,1.043724,0.735577,1.004065,1.0206883155373772,1.0305465161314726,1.0551482165525876,1.0411983405847918
2023-11-21,1.009263,1.151077,0.877456,1.072725,1.0212060934922291,1.034563514595142,1.0558375021779762,1.0418226308702414
2023-11-22,0.759561,0.944263,0.733674,0.944263,1.0204404905719084,1.0259634655860808,1.0514620315043302,1.0398907569916227
2023-11-24,0.955964,1.137505,0.934311,1.119656,1.021427709571193,1.0348865641016922,1.05413630477867,1.0414702667541649
2023-11-27,1.046395,1.12129,0.95966,1.12074,1.0224158915655095,1.043063081806293,1.0567482143951927,1.0430399644422013
2023-11-28,1.048749,1.072241,0.912976,0.978049,1.0219744299578926,1.036871264491408,1.0536619706934205,1.0417530146512666
2023-11-29,0.707106,0.839427,0.674703,0.795662,1.0197225649831871,1.0138989535874643,1.0435443247838745,1.0368799252522316
2023-11-30,0.963066,0.978805,0.724498,0.902012,1.0185513155803694,1.003243053245801,1.0379940375374481,1.034209273267039
2023-12-01,0.847348,0.912767,0.777137,0.851411,1.0168882278631517,0.9887828576985819,1.0306770556732345,1.0305895054795728
2023-12-04,0.853952,0.853952,0.756378,0.838012,1.0151083648993393,0.9744237283939551,1.023121563293892,1.0267760895294822
2023-12-05,0.680237,0.907989,0.672287,0.907989,1.0140425005719826,0.9680966114040546,1.0186065608117785,1.024423869934839
2023-12-06,0.915633,0.915633,0.728811,0.878083,1.01268966972052,0.9595238865084303,1.0130958329368067,1.0215260309262282
2023-12-07,0.918529,1.043009,0.918529,0.962934,1.0121945884297687,0.9598486592219132,1.0111287022334026,1.0203657926900653
2023-12-08,0.840759,0.91396,0.806993,0.91396,1.0112171298384278,0.9554783107245881,1.0073181648909162,1.018258747290262
2023-12-11,0.880456,0.988238,0.877335,0.933231,1.0104411484470006,0.9533595192270083,1.0044127858755862,1.016575029522138
2023-12-12,0.997322,1.011576,0.918377,1.000552,1.0103427489599657,0.9578540412053885,1.0042613825079163,1.0162577418088283
2023-12-13,1.027438,1.206167,0.796575,1.011796,1.0103572091693191,0.9629913706143991,1.0045568577036843,1.0161693904858813
2023-12-14,0.727008,0.844636,0.678539,0.843808,1.008700003107933,0.9516405734130278,0.9982529809309908,1.0127562936445766
2023-12-15,0.887422,0.934311,0.753628,0.794317,1.0065668388979037,0.9366573759451203,0.9902554914827166,1.0084307630773572
2023-12-18,0.833514,1.024499,0.789709,1.024499,1.006745268361606,0.9450232449027279,0.9915983741696689,1.0087489459867165
2023-12-19,0.974522,0.977304,0.845413,0.876505,1.0054493452933313,0.9384976977691348,0.9870849085159564,1.0061302539869796
2023-12-20,0.934697,0.959126,0.710311,0.927492,1.0046736503152882,0.9374495360768362,0.9847479317114091,1.0045730608387227
2023-12-21,0.822262,0.969569,0.807494,0.948855,1.0041182408594147,0.9385357707361852,0.9833403657619421,1.0034697329013222
2023-12-22,0.706684,0.87973,0.705068,0.878658,1.0028698802538485,0.9328331259041676,0.9792351749477483,1.0009982134379298
2023-12-26,0.746994,0.917441,0.734655,0.917441,1.0020198416443575,0.9313672091513897,0.9768118739694052,0.9993436151520302
2023-12-27,0.471711,1.10221,0.471711,1.08933,1.002888599438941,0.946411284470305,0.9812243495000167,1.001125523762881
2023-12-28,0.734114,0.934681,0.684616,0.890631,1.0017716083997474,0.941098876425514,0.9776716691274671,0.998937513391339
2023-12-29,0.719891,0.977273,0.661867,0.976953,1.0015246570723868,0.9445135548611794,0.9776434860244292,0.9985021764925006
2024-01-02,0.988464,0.988464,0.854287,0.906934,1.0005834565045024,0.9409345496363052,0.9748705650038634,0.9966889452748273
2024-01-03,1.308942,1.308942,1.011052,1.05052,1.0010803375343085,0.9513712591947523,0.9778372095135158,0.9977549067545337
2024-01-04,0.8829,0.955006,0.865084,0.955006,1.0006218864145642,0.9517174249857283,0.9769418679639662,0.9969083937494935
2024-01-05,1.037073,1.614036,0.951896,1.205637,1.0026618377935237,0.9759002416537542,0.9859103045143989,1.0010416334772263
2024-01-08,0.767435,0.869941,0.721629,0.850602,1.001148804581648,0.963967075781968,0.9806040964942264,0.998062630834113
2024-01-09,1.007265,1.139886,0.891257,0.928019,1.0004211448345668,0.9605434495170188,0.978541935847394,0.9966756282433384
2024-01-10,0.704236,1.281003,0.631768,1.280995,1.0032129244879542,0.9910626448011122,0.9904028403239669,1.0023057148127772
2024-01-11,0.922788,1.037455,0.922788,1.037453,1.0035536217567307,0.9954807738676729,0.9922479446249878,1.0030017006580687
2024-01-12,1.01312,1.064946,0.790254,0.886315,1.0023870683064149,0.985084033499323,0.9880937115024392,1.0006910729222653
2024-01-16,1.195817,1.224382,0.899311,1.023731,1.0025994457362017,0.988764696975578,0.9894912522278337,1.0011473091020224
2024-01-17,1.504306,1.504306,0.919993,1.007147,1.0026446950323589,0.9905153925017134,0.9901836344934088,1.0012661148623785
2024-01-18,0.967804,1.003436,0.929942,0.94225,1.0020437527932309,0.9859186884539312,0.9883038841211184,1.0000974789245096
2024-01-19,0.898133,0.96944,0.824249,0.914154,1.0011692278898157,0.9790839562202235,0.9853960455281333,0.9983956278566976
2024-01-22,0.916103,0.931084,0.833277,0.860062,0.9997651758710115,0.9677485318182975,0.9804809849191869,0.995656348097159
2024-01-23,0.743207,1.390293,0.687284,0.913623,0.998908039792693,0.9625937192641739,0.9778591031576501,0.9940319253625618
2024-01-24,0.87203,0.974547,0.783773,0.97444,0.9986645767101787,0.9637219364771097,0.9777250206808795,0.9936439664444913
2024-01-25,0.92526,0.983913,0.800755,0.944596,0.9981265809220178,0.961900418717385,0.9764258433992764,0.9926727195842043
2024-01-26,0.847156,0.898578,0.660598,0.898076,0.9971310527536394,0.9558219026490626,0.9733533005208734,0.9907995172162003
2024-01-29,0.846543,0.960602,0.844103,0.940026,0.9965628432735038,0.9543175309681995,0.9720463475592706,0.9897941010337012
2024-01-30,0.787388,0.931933,0.755941,0.903634,0.9956381781663047,0.9494905280188471,0.9693635104000835,0.9880879604191725
2024-01-31,0.886018,0.918836,0.815638,0.918836,0.9948739773885306,0.9465710491599093,0.9673820394040018,0.9867166344702779
2024-02-01,1.148117,1.153512,0.995337,1.015877,0.9950829626881472,0.9531716159065846,0.9692838025646292,0.9872940674510645
2024-02-02,0.877734,1.068571,0.853925,1.068446,0.9958129431589119,0.964150128677386,0.9731725161895457,0.9889010364124295
2024-02-05,0.893066,0.983972,0.866373,0.916857,0.9950273118836989,0.9596460211843016,0.9709640645742694,0.9874744218300052
2024-02-06,0.717784,0.817502,0.717784,0.782505,0.9929126620142094,0.9427754477381777,0.9635735130223373,0.9834156213977279
2024-02-07,0.99183,1.00558,0.748639,0.983076,0.9928147847802371,0.9466135955726369,0.964338316433226,0.9834088962215353
2024-02-08,0.802963,0.861383,0.721661,0.846455,0.9913584685137671,0.9370746817085762,0.9597154412789818,0.9806969378805148
2024-02-09,0.912295,0.9224,0.721736,0.838261,0.9898351106181077,0.927663854879188,0.9549525220131394,0.9778764242591185
2024-02-12,0.918716,1.640523,0.806712,1.037027,0.9903046816567335,0.9380793925097415,0.9581711289930163,0.9790477227886408
2024-02-13,1.030124,1.030124,0.835956,0.889248,0.9892991425357709,0.9334287836992899,0.9554682611893686,0.9772695104561925
2024-02-14,1.376583,1.376583,0.897762,0.937097,0.9887797182319323,0.9337781376326909,0.9547478195740992,0.9764740151996342
2024-02-15,0.861045,1.203995,0.736685,0.901403,0.9879102981500225,0.9306947911914822,0.9526558658653109,0.9749874604432057
2024-02-16,0.922907,0.98187,0.890592,0.98187,0.9878501956808681,0.9355686206018172,0.9538015181843184,0.9751237483552214
2024-02-20,0.929154,0.974095,0.891112,0.973786,0.9877102534352873,0.9392083710206918,0.9545852233535608,0.9750972582887814
2024-02-21,1.186173,1.186173,0.983316,1.091223,0.9887402310130456,0.9536859547330069,0.959943567535774,0.9773967779266273
2024-02-22,0.99901,0.99901,0.915639,0.941813,0.9882732933910253,0.9525551971393872,0.9592325648873123,0.9766921486607535
2024-02-23,0.829307,0.957136,0.796015,0.957136,0.9879634695761893,0.9529914640784932,0.9591503466564374,0.9763048981922238
2024-02-26,0.965402,1.007367,0.86539,1.007367,0.9881565395306551,0.9581700865472081,0.9610411958071653,0.9769199893171302
2024-02-27,0.956965,1.020632,0.923207,0.964351,0.987919668490549,0.9587587449712835,0.9611709920500215,0.9766710984395632
2024-02-28,0.797953,0.886805,0.70199,0.873995,0.9867860896995982,0.9506860073549708,0.9577523256951187,0.974637908371453
2024-02-29,0.957385,1.004154,0.925649,0.933109,0.9862519893045774,0.9490120066544974,0.9567859207658984,0.9738155537502361
2024-03-01,0.879389,0.979812,0.805029,0.979812,0.9861879098090094,0.951945339354069,0.957688904265275,0.9739342952601324
2024-03-04,0.903449,0.954675,0.811809,0.866952,0.9850014828457356,0.9438507356060625,0.9541305942940878,0.9718158339678525
2024-03-05,0.971707,1.148019,0.967417,1.05744,0.9857222641109522,0.9546687607864375,0.9581819435374569,0.9735113620080931
2024-03-06,0.800537,1.06575,0.781868,1.06575,0.9865185599904452,0.9652479264258244,0.9624002986928507,0.9753378696911011
2024-03-07,1.031664,1.031664,0.899727,0.978358,0.9864373603885502,0.9664965048614601,0.9630260909009742,0.9753976742516735
2024-03-08,0.900139,0.931636,0.770086,0.931636,0.985892073220505,0.9631764567794163,0.9617951069440733,0.9745311064447096
2024-03-11,1.024233,1.171967,0.981034,1.061938,0.9866487491088581,0.9725823180385196,0.9657222792207764,0.976261936020062
2024-03-12,1.150068,1.224929,1.016078,1.06654,0.9874436869286705,0.9815306687015177,0.9696759153297655,0.9780496204553083
2024-03-13,0.971475,0.973065,0.699287,0.861655,0.986192058203012,0.9701139383489922,0.965439801003108,0.9757447764858963
2024-03-14,0.939854,1.009434,0.832647,0.948196,0.9858139879721363,0.9680265156490881,0.9647635735127901,0.9751992561594429
2024-03-15,0.983335,0.987422,0.758952,0.815492,0.9841192418231598,0.9534994189206035,0.95890978631621,0.9720367362354936
2024-03-18,0.910336,0.967468,0.894458,0.91083,0.9833899956358647,0.9494356647376889,0.9570243044998881,0.970824721656573
2024-03-19,1.000107,1.058824,0.974556,1.043572,0.9839888215499357,0.9584010300007662,0.9604183317744023,0.9722652618217893
2024-03-20,1.125753,1.125753,0.762326,0.990219,0.9840508133753095,0.961431312857836,0.9615869854303081,0.9726207813896747
2024-03-21,0.90697,0.990454,0.894999,0.987414,0.9840842779188388,0.9639058544904231,0.9625998095310803,0.9729137164116614
2024-03-22,1.012628,1.639937,0.966734,1.306371,0.9872911109743727,0.9965215826341923,0.9760810326867242,0.9795168309381631
2024-03-25,0.811657,1.045787,0.788421,1.044985,0.9878651795218913,1.0011371461928407,0.9787831490519507,0.9808132303255263
2024-03-26,0.797142,1.001688,0.769072,0.998701,0.9879729986311263,1.000905132269713,0.9795642412459918,0.981167443586407
2024-03-27,0.912436,1.0684,0.902685,1.026814,0.9883594762566872,1.003372643482121,0.9814171729618353,0.9820713357926167
2024-03-28,1.061921,1.478572,0.885483,1.237667,0.9908401481347301,1.025686391721919,0.9914661857868613,0.9871326360739511
2024-04-01,0.85823,0.950913,0.819041,0.940151,0.9903357785015487,1.017540163938879,0.9894538255599256,0.9862023066467441
2024-04-02,1.059152,1.059223,0.904772,0.955712,0.9899912632925781,1.0116517673732714,0.9881306167144382,0.9855985381982938
2024-04-03,0.93174,1.079162,0.912346,1.078364,0.9908705940060848,1.0180053133377218,0.9916691807648524,0.9874354780359513
2024-04-04,0.802375,1.030861,0.77088,1.029938,0.9912593244139845,1.0191417596865102,0.9931699187740739,0.9882771121342493
2024-04-05,1.015683,1.23178,0.984139,1.217112,0.9935066147183229,1.037996068287795,1.0019519611750907,0.992808496052383
2024-04-08,0.841883,1.009473,0.827249,1.007092,0.9936417926813247,1.0350528236889573,1.002153531325087,0.993091337714712
2024-04-09,0.977673,1.060114,0.813032,1.058971,0.9942918345451921,1.0373307452423899,1.0043816673515542,0.9943958854827375
2024-04-10,1.044846,1.156245,0.942855,1.035373,0.9947006023606628,1.0371442933145432,1.0055970137299246,0.9952073134929803
2024-04-11,0.995065,1.024319,0.928195,1.002263,0.9947758500983677,1.0338222653798248,1.005466268093457,0.9953470300574757
2024-04-12,0.889605,0.894155,0.735033,0.859538,0.9934301998486327,1.0172237639150796,0.9997435909133214,0.9926577423335653
2024-04-15,0.932895,0.94735,0.688676,0.9392,0.9928905958700394,1.0097929292565007,0.9973693324461324,0.9915991731784451
2024-04-16,0.464329,0.839874,0.464329,0.82652,0.9912351670554121,0.9923383645654054,0.9906693586247154,0.9883302786600601
2024-04-17,0.904282,1.286587,0.872089,1.286414,0.9941722698707812,1.0203455679401288,1.002267187698256,0.9942329266073856
2024-04-18,1.000526,1.057095,0.917482,1.04554,0.9946833915636093,1.0227450376601166,1.003964160729697,0.9952489082587245
2024-04-19,1.074882,1.135152,0.971895,1.095437,0.9956859150306381,1.0296680816924864,1.0075513308971598,0.9972328308674626
2024-04-22,1.196256,1.196256,0.934115,0.949683,0.9952281745825721,1.0220504548646305,1.0052819845874672,0.996291250058206
2024-04-23,0.896849,1.033193,0.805501,1.03294,0.9956034166265266,1.0230875544013325,1.0063666126428605,0.9970169678788355
2024-04-24,0.893429,1.023388,0.864378,0.943957,0.9950895219337254,1.0155513111250152,1.0039191768529445,0.9959662754455912
2024-04-25,0.97507,0.990778,0.881316,0.925591,0.9943979943522953,1.0069836624464423,1.0008474836430252,0.9945727056347875
2024-04-26,0.884522,1.013474,0.812834,1.013474,0.994587805353765,1.0076017898324954,1.0013426411472204,0.9949469886915244
2024-04-29,0.887377,0.949404,0.818887,0.941589,0.9940604540567126,1.0013148574674957,0.9989993611022313,0.9938903948560487
2024-04-30,0.899528,0.949395,0.877053,0.94557,0.9935779619765464,0.9960058234229723,0.9969040920393987,0.9929335553539487
2024-05-01,1.027574,1.074401,0.915969,1.067785,0.9943163404643419,1.0028419354779272,0.999683735488834,0.9944157621786229
2024-05-02,0.89781,1.063359,0.894053,1.006484,0.9944374117035027,1.0031887987657437,0.9999504125284876,0.9946547371849869
2024-05-03,0.875293,0.955315,0.78245,0.955183,0.9940468205422739,0.998616817930911,0.9981948277234489,0.9938731186268683
2024-05-06,0.786061,2.492142,0.786061,1.313925,0.9972296879995647,1.0286461686041575,1.0105764031068432,1.0002107796441582
2024-05-07,0.780805,1.03323,0.780805,0.999771,0.9972549746861362,1.0258961525466186,1.0101526618085357,1.000202071136353
2024-05-08,1.009591,1.009591,0.849384,0.969986,0.9969836416046821,1.0205713761136073,1.0085774986003577,0.999603733094049
2024-05-09,1.006968,1.034964,0.794319,0.875094,0.9957708093499091,1.0067163879123113,1.0033428515964222,0.9971381938248599
2024-05-10,0.79693,0.928714,0.736778,0.928714,0.9951035774160792,0.9992875890635198,1.00041622996519,0.9957832592936746
2024-05-13,0.923069,1.061536,0.778628,0.930826,0.9944639995313421,0.9927674377241369,0.997687201339104,0.9944969769314236
2024-05-14,0.746716,0.913413,0.699755,0.90315,0.99355540252108,0.9842324436551715,0.9939798601101196,0.9926881259030785
2024-05-15,0.907492,1.242633,0.84011,0.870414,0.9923301149338055,0.9733925918784885,0.9891341401058013,0.9902668560832156
2024-05-16,0.805595,0.875447,0.689665,0.839019,0.9908046312031209,0.96059510693768,0.9832472718663581,0.9872718490320629
2024-05-17,0.865008,0.91692,0.777842,0.840061,0.9893046945742341,0.9491156681817104,0.9776321239500303,0.9843567827145963
2024-05-20,0.808521,1.263612,0.725781,1.047695,0.989885692638172,0.9585041759739285,0.9803796877166958,0.9856110048390597
2024-05-21,0.903381,0.971882,0.796659,0.819992,0.9881952081343096,0.9453125401668877,0.9740899744729038,0.9823314205848209
2024-05-22,1.154195,1.154195,0.739782,0.817373,0.9864954846702866,0.9331278220557555,0.967944210768084,0.9790649172069037
2024-05-23,0.893155,0.951524,0.790654,0.896164,0.9855966639272986,0.9296074580504454,0.9651293005418846,0.9774233148859749
2024-05-24,1.015333,1.015333,0.904002,1.004437,0.9857841299578728,0.9367340810932602,0.9666707789520068,0.9779582393436783
2024-05-28,0.800346,0.894389,0.743679,0.894375,0.9848745863762024,0.932699882893902,0.9638356503656537,0.9763031256933085
2024-05-29,0.949237,0.994907,0.873703,0.994782,0.98497316760629,0.9386124654754352,0.9650492327042555,0.9766690439964113
2024-05-30,0.919544,1.01347,0.837611,1.011362,0.9852357430529936,0.9455409925730128,0.9668654196570298,0.9773560332242052
2024-05-31,0.996273,1.009901,0.852222,0.944289,0.9848283127738593,0.9454217551851068,0.965980069866558,0.9767012404870922
2024-06-03,0.744621,0.889073,0.638812,0.882012,0.9838052648855622,0.9393827308817634,0.9626872043815949,0.9748262060220012
2024-06-04,0.891858,1.027543,0.87673,0.955795,0.9835265557822233,0.9409458041311193,0.9624169218568265,0.9744493504572092
2024-06-05,1.005989,1.063149,0.841826,0.952927,0.9832220825903604,0.942086870404346,0.9620447680585196,0.9740231652996406
2024-06-06,3.129197,3.129197,0.966466,0.982143,0.9832113454501578,0.9459017398896464,0.962832934017009,0.9741839541055883
2024-06-07,0.754308,0.85913,0.706047,0.85913,0.9819767051969224,0.9376377646620611,0.9587661522908517,0.9719056579846856
2024-06-10,1.103612,1.103612,0.863973,0.919376,0.9813538126078982,0.93589854897996,0.9572214404363085,0.9708654667374641
2024-06-11,0.977758,0.986682,0.847807,0.875011,0.9802956751690136,0.9300997347913924,0.953997501595669,0.9689673584852371
2024-06-12,0.755604,0.818866,0.698179,0.818866,0.9786894097444463,0.9195060457636407,0.9486982270232898,0.9659950543568165
2024-06-13,0.842269,1.031439,0.842269,1.022643,0.9791267589012179,0.9293286128337701,0.9515980220419843,0.9671167958547013
2024-06-14,0.932838,1.065827,0.831891,0.916596,0.9785045622952356,0.9281159830400777,0.9502253937266124,0.9661163840555983
2024-06-17,0.932838,1.083537,0.779705,0.896604,0.9776896313271238,0.9251148417981655,0.9481225939726277,0.9647399012030122
2024-06-18,1.013597,1.076328,0.801637,0.847186,0.976391087731829,0.9176930473411974,0.9441642961697795,0.9624121011791902
2024-06-20,0.68954,0.914717,0.68954,0.914717,0.9757774152170845,0.9174096142610834,0.9430095002415528,0.9614676437300973
2024-06-21,0.997055,0.997055,0.830641,0.868336,0.9747083464089543,0.9127359367124087,0.9400811276830605,0.9596234527651448
2024-06-24,0.942735,0.996177,0.895428,0.967835,0.9746399549023975,0.9179834665493222,0.9411695148327445,0.9597860576608845
2024-06-25,1.011271,1.067835,0.87088,0.901529,0.973912482714314,0.9164163744970057,0.9396149848393035,0.9586324525586888
2024-06-26,0.80484,0.80484,0.69405,0.742922,0.9716140699509874,0.8998931007353862,0.9319015344534485,0.9543609584486158
2024-06-27,0.744172,0.825777,0.685019,0.825564,0.9701608354241119,0.8928141387605875,0.9277314350631172,0.9518105236278511
2024-06-28,0.636733,0.901847,0.610919,0.900958,0.9694722499970063,0.8935897445929125,0.926681496433191,0.9508035429619531
2024-07-01,0.891182,0.947663,0.80195,0.938774,0.9691667947731555,0.8978930070126351,0.9271557122593403,0.9505653341904293
2024-07-02,0.760798,0.949978,0.760265,0.933371,0.9688106177107361,0.9012718634876222,0.9273994490334838,0.9502248523252723
2024-07-03,0.64861,0.834959,0.622928,0.834959,0.9674787608180919,0.8949563526792772,0.923774333385112,0.9479423602000194
2024-07-05,0.808399,0.893156,0.772734,0.892308,0.9667307930487576,0.8947041286145841,0.9225403595268723,0.9468406897010091
2024-07-08,0.743865,0.814221,0.683926,0.795424,0.9650262478442924,0.885248878270338,0.9175554042513087,0.9438423394099
2024-07-09,0.760872,0.897252,0.752041,0.890225,0.9642819568209661,0.8857227946255439,0.9164836236924339,0.9427806099166347
2024-07-10,0.826158,0.869301,0.763782,0.850317,0.9631479771511057,0.8823508141850159,0.9138888541358678,0.9409496473440281
2024-07-11,0.74316,0.821279,0.680984,0.820969,0.9617332609605475,0.8765049271197763,0.9102449382874024,0.938573792941176
2024-07-12,0.726681,0.885215,0.726681,0.830084,0.9604233180654176,0.8720838864417024,0.9071013720800533,0.9364254802096676
2024-07-15,0.626417,0.899473,0.626417,0.853104,0.9593554641543189,0.8702762782091593,0.9049838280769139,0.9347755499084861
2024-07-16,0.69541,0.866977,0.69541,0.786763,0.9576381262025346,0.8623226326654299,0.9003477171719368,0.9318446083261398
2024-07-17,0.86199,0.885017,0.773237,0.830812,0.9563761746980318,0.8593216200306271,0.8976208263024491,0.9298439626167113
2024-07-18,0.714956,0.922122,0.666862,0.922122,0.9560353371388475,0.8653026085991388,0.8985816566435295,0.9296910524658853
2024-07-19,0.853591,0.854529,0.739706,0.830795,0.9547891646300032,0.8620161696849351,0.8959233563829989,0.9277327147932936
2024-07-22,0.717799,0.91307,0.696664,0.894444,0.9541887152306997,0.8651045344768461,0.8958653424071951,0.9270735323221392
2024-07-23,0.719991,0.961487,0.713627,0.961137,0.9542578523925833,0.8742504835742894,0.8984250152539718,0.927748056434572
2024-07-24,1.271301,1.271301,0.951894,1.027021,0.9549818638115626,0.8888000565672142,0.9034679950479336,0.9297138572972538
2024-07-25,1.049589,1.105852,0.886538,0.978821,0.9552190691467709,0.897373479751289,0.9064230148499755,0.9306862759646348
2024-07-26,0.824483,1.052265,0.818366,1.051218,0.9561742823890916,0.9120253388225948,0.9121012495617411,0.9330730427772164
2024-07-29,0.815201,0.974447,0.769139,0.905299,0.9556680606737773,0.9113847351252049,0.911834494676967,0.932523061732123
2024-07-30,0.99236,1.096314,0.973645,1.043607,0.9565430749954312,0.9239773317799473,0.9170020439053213,0.9347227436780216
2024-07-31,0.785904,0.99668,0.651123,0.991827,0.9568941588263224,0.9304392049437619,0.9199363559090341,0.935853521030932
2024-08-01,0.787593,0.966573,0.758862,0.931338,0.9566398686887471,0.9305248044729274,0.920383479206719,0.9357641047728937
2024-08-02,1.18571,1.486356,1.114083,1.162825,0.9586914620351277,0.9526486326183629,0.9298909898260634,0.9402603601239256
2024-08-05,1.413682,1.415903,1.210298,1.296817,0.9620558952487085,0.985426572368995,0.9442802451270021,0.947320887646224
2024-08-06,1.172839,1.172839,1.02885,1.116467,0.9635923241517064,0.9979066130957573,0.9510326668867276,0.9506703156136255
2024-08-07,1.107853,1.107853,0.762465,1.084922,0.9647995846079083,1.0061937928009232,0.956283228969601,0.9533287648093952
2024-08-08,0.876468,1.185072,0.876468,1.184686,0.9669875091391729,1.0231930506294067,0.9652402003825579,0.9579100961993082
2024-08-09,0.870426,0.970376,0.843402,0.968705,0.9670045986004746,1.0180037124742252,0.9653760748773595,0.9581238566706091
2024-08-12,0.97197,1.061499,0.88115,1.026438,0.967595975728828,1.0188069779528703,0.9677706601762867,0.9594766119840623
2024-08-13,0.879496,1.015585,0.841471,0.963773,0.9675579361693373,1.0135656467192637,0.9676138891889813,0.9595616889744769
2024-08-14,0.711191,0.88885,0.692994,0.888721,0.9667734890432742,1.0016756803650482,0.9645200503972565,0.9581589030541903
2024-08-15,0.917479,1.002859,0.815069,0.963906,0.9667449568139879,0.9980785679493293,0.964495969989521,0.9582727069541073
2024-08-16,0.856841,0.930995,0.707608,0.921295,0.9662927184377292,0.9907658471922502,0.9628018143036574,0.9575404751332338
2024-08-19,0.689938,0.755655,0.661494,0.755652,0.9641967908910851,0.9683740522215597,0.9546782921741023,0.9535426835464371
2024-08-20,0.662112,0.934273,0.642957,0.815259,0.9627148228225171,0.9537916662956969,0.9492108689515885,0.9508043927831413
2024-08-21,0.942495,0.942495,0.757702,0.861815,0.9617108444859747,0.9450319837913448,0.9457835799730948,0.9490422265894157
2024-08-22,0.715912,0.9208,0.715912,0.9208,0.9613037714065122,0.9427241758112167,0.9448038317388558,0.9484829745777441
2024-08-23,0.903417,1.429057,0.836881,1.084525,0.9625298532830644,0.9562290162101484,0.9502830932392928,0.9511768760712541
2024-08-26,0.810833,1.075063,0.767663,0.919196,0.9620986706633324,0.9527020622853724,0.9490639915436343,0.9505435913965758
2024-08-27,0.996917,1.142646,0.918444,0.986014,0.9623366341393191,0.9558746277820036,0.9505130114830996,0.9512459757253565
2024-08-28,0.839821,0.931243,0.807634,0.899743,0.9617138119090771,0.9505287584694319,0.9485220306406251,0.9502261148199039
2024-08-29,0.79172,0.947996,0.772571,0.939068,0.9614884804472953,0.9494372576628193,0.9481512843409927,0.950005162051193
2024-08-30,0.694087,0.852094,0.679329,0.733782,0.9592227443234416,0.9288986616949317,0.9397446457393852,0.9457235152779021
2024-09-03,0.9665,1.052145,0.780794,0.802363,0.9576619508475864,0.9168476462954145,0.9343571302201936,0.9428846931931911
2024-09-04,0.949662,1.129666,0.926218,1.002274,0.9581058518341776,0.924983489505375,0.9370205368782253,0.9440607190705537
2024-09-05,0.867541,0.883078,0.563075,0.857042,0.957100241368166,0.918512871457244,0.9338841236673144,0.9423375761186615
2024-09-06,1.034572,1.175355,1.034572,1.152531,0.9590448260311693,0.9408003122708398,0.9424585109744785,0.9464998221361138
2024-09-09,0.914571,1.135519,0.883736,1.120052,0.960646887463695,0.9578719015783789,0.949422961524499,0.9499364989254977
2024-09-10,0.871051,1.016294,0.834945,0.92131,0.9602554756481358,0.9543898157137714,0.9483204924451069,0.9493696375606363
2024-09-11,0.917654,0.953072,0.764782,0.863277,0.959290515691438,0.9457124046934122,0.9449854535256909,0.9476648328564653
2024-09-12,0.843056,0.944946,0.794877,0.94353,0.9591336946397818,0.945504556627373,0.9449283769168403,0.9475829549781195
2024-09-13,0.681263,0.966136,0.675792,0.924513,0.9587892101160029,0.9435053607580993,0.9441277739004936,0.9471261241864736
2024-09-16,0.874585,0.893888,0.797648,0.809698,0.957305715487983,0.9307618025906613,0.9388560180612586,0.9444047751926821
2024-09-17,0.960456,0.960456,0.768772,0.791772,0.9556586138413364,0.9175246785344079,0.933088017352974,0.9413823440007477
2024-09-18,1.405411,1.60901,0.921494,0.966208,0.9557635828578406,0.9221611853406547,0.9343868402018769,0.9418739411492477
2024-09-19,1.445956,1.445956,0.91487,1.02445,0.9564470297945785,0.9319029772129733,0.9379187288214111,0.9435091106314408
2024-09-20,1.0954,1.426347,0.879654,0.887235,0.9557583528811996,0.9276488841450711,0.9359311316127283,0.9423947718070559
2024-09-23,0.712834,0.880408,0.693527,0.854325,0.9547490657878543,0.9206656570836357,0.9327308911573272,0.9406508159296885
2024-09-24,0.675783,0.917345,0.675783,0.907144,0.954275383541209,0.9193778802185275,0.9317274836609615,0.9399873146241501
2024-09-25,0.765706,0.820012,0.66345,0.765133,0.9523933697746298,0.9046878916262868,0.9251943666546493,0.9365248529484244
2024-09-26,0.838677,0.860228,0.742731,0.785491,0.9507326496773698,0.8933358067094976,0.9197158032564278,0.9335340835831091
2024-09-27,0.883663,0.910328,0.730323,0.764513,0.9488797178397841,0.8810669679752597,0.9136294188149993,0.9301871314329485
2024-09-30,0.749344,0.925431,0.748156,0.925431,0.9486463972642638,0.8852921138823778,0.9140922259202934,0.9300929506124941
2024-10-01,1.084123,1.084123,0.792798,0.875425,0.9479178261472064,0.8843523887507228,0.9125758641194975,0.9290104169369992
2024-10-02,1.028321,1.034387,0.902921,1.005858,0.9484943452900203,0.8959243517268444,0.9162339870952035,0.9305321512550784
2024-10-03,1.08945,1.125712,0.670692,0.853351,0.9475476453368857,0.8918697468004783,0.913767987601274,0.929003811626265
2024-10-04,1.116763,1.116763,0.886503,1.027181,0.948340017025076,0.9047565328194803,0.9182155567149495,0.930947914366339
2024-10-07,0.869591,0.899436,0.772353,0.797099,0.9468351312835329,0.8945034344557203,0.9134658878241672,0.9282974408145303
2024-10-08,0.770648,0.931818,0.76442,0.921624,0.946584274255836,0.8970863454599375,0.9137858137918469,0.9281652934716683
2024-10-09,0.907528,0.973783,0.730086,0.972878,0.9468459033677182,0.9043045982732768,0.9161031544274607,0.9290506936009422
2024-10-10,0.88858,0.910024,0.744787,0.860054,0.9459823023391837,0.9000902555805838,0.9139051483714818,0.9276844224405275
2024-10-11,0.826348,0.92948,0.747211,0.925615,0.9457796426144157,0.9025211836205281,0.9143643582392669,0.9276434437783388
2024-10-14,0.756149,0.838879,0.682778,0.831279,0.9446403327376554,0.8957362137519064,0.9111061088965505,0.925735236970847
2024-10-15,0.888219,0.93306,0.791812,0.90284,0.944224409028823,0.8964127648231534,0.9107819477633524,0.9252818659417213
2024-10-16,1.213357,1.213357,0.775022,0.891385,0.9436986437648546,0.8959339300780911,0.9100212831451817,0.9246106408735685
2024-10-17,0.788708,0.990727,0.758855,0.990727,0.9441665876079903,0.9049618414992253,0.9131862132179197,0.9259198757077552
2024-10-18,0.723484,0.911087,0.723484,0.845466,0.9431844922089059,0.8992955708802515,0.9105305185819229,0.9243267296541363
2024-10-21,0.879969,0.933841,0.780308,0.928591,0.9430392833312053,0.902085611748799,0.9112387727551808,0.9244111706510841
2024-10-22,1.147769,1.215837,0.987027,0.987886,0.9434855193179595,0.9102570772965324,0.9142445463726248,0.9256680979649241
2024-10-23,0.936431,1.031111,0.897952,0.923863,0.9432902703695222,0.9115528794587674,0.9146217406325218,0.9256323534507672
2024-10-24,0.790718,0.865308,0.740183,0.865093,0.9425121880772881,0.9071281290341229,0.9126794370783052,0.9244335543725342
2024-10-25,0.845781,0.958366,0.773462,0.896424,0.9420535991411957,0.9061086881737302,0.9120419689575874,0.9238789097314939
2024-10-28,0.791296,2.122326,0.782067,1.054566,0.9431731255179002,0.9202474797762321,0.9176311466455251,0.9264667729051277
2024-10-29,0.924992,0.94957,0.826532,0.887206,0.9426162386968265,0.9171006721784958,0.9164380036398183,0.9256893318575014
2024-10-30,0.945546,0.964552,0.855179,0.928016,0.9424709626898929,0.9181402272091153,0.9168920427127666,0.9257354044939865
2024-10-31,0.870266,1.032399,0.760604,1.002297,0.9430662466432274,0.9261551579511043,0.9202412567240307,0.9272514756921254
2024-11-01,0.955635,1.168372,0.902178,1.168372,0.9453080949353345,0.9492234286224277,0.929971874107402,0.9320261395398061
2024-11-04,1.064596,1.394774,0.973055,1.275704,0.948595616378764,0.9803168163726727,0.9435299966914255,0.9388316417271366
2024-11-05,1.050948,1.050948,0.797585,0.989583,0.9490034510416618,0.9811993100514658,0.9453359968211735,0.9398366191186784
2024-11-06,0.803092,0.847912,0.693521,0.847803,0.9479964813795557,0.9684948995703738,0.9415111734164217,0.9380141712153383
2024-11-07,1.019374,1.163844,0.7846,0.828264,0.9468051134056298,0.9551395758017668,0.9370701077922483,0.9358409004982029
2024-11-08,0.798186,0.865997,0.762968,0.825901,0.9456020874015937,0.9428311400111223,0.9327105349376503,0.9336638727655652
2024-11-11,0.74545,0.798083,0.629823,0.747476,0.9436306835468514,0.9242258885814917,0.9254464355283307,0.92997698419595
2024-11-12,0.668783,0.84147,0.668783,0.840951,0.9426089951533504,0.9162949468118258,0.9221328890370236,0.9282140934197926
2024-11-13,0.724742,0.883264,0.724742,0.828668,0.9414752539080434,0.9079495233059376,0.9184675992708659,0.9262428836491036
2024-11-14,0.736756,0.908766,0.734711,0.907382,0.9411360175507495,0.9078954734672768,0.9180328698876946,0.9258694008045668
2024-11-15,0.963347,1.01631,0.884106,0.939129,0.9411160472268615,0.9108700950418219,0.918860169107785,0.9261319671252685
2024-11-18,0.851529,0.914088,0.791087,0.839293,0.940102882577838,0.9040532288473627,0.9157398879663032,0.9244123836178374
2024-11-19,0.862645,1.002556,0.829125,0.864729,0.9393528936964665,0.9003080641952329,0.9137394609872325,0.9232305344372862
2024-11-20,0.727944,0.810987,0.720161,0.810697,0.938072735550233,0.8917736771290202,0.9096985801642038,0.9210021476167459
2024-11-21,0.832074,0.832074,0.764733,0.798973,0.9366886585795838,0.8829355174024469,0.9053564005499213,0.9185857288520579
2024-11-22,0.717108,0.929215,0.700155,0.88618,0.9361860848623741,0.883244515745071,0.9046043848420813,0.9179440312510271
2024-11-25,0.722164,0.78752,0.712004,0.758272,0.9344157954607585,0.8713423713883975,0.8988658599463134,0.9147822088500166
2024-11-26,0.787062,0.872381,0.753519,0.816504,0.9332425437646316,0.8661196693514073,0.8956359830856737,0.9128361057044717
2024-11-27,0.831229,0.863597,0.785388,0.863597,0.9325495532794114,0.8658794151274637,0.8943795523764316,0.9118610739083436
2024-11-29,0.833669,0.880183,0.789518,0.880183,0.9320284930477755,0.8672416613058005,0.8938228248322578,0.9112337853160991
2024-12-02,0.843638,0.928579,0.69112,0.858389,0.9312957617736682,0.8663985507052481,0.8924332630741301,0.9101873539237011
2024-12-03,0.868001,0.887249,0.769549,0.827175,0.9302597342933332,0.8626629744476054,0.8898741155025955,0.9085435449351129
2024-12-04,1.106773,1.106773,0.791715,0.798222,0.928945925991907,0.8565257387859287,0.8862799148946506,0.9063589598868929
2024-12-05,0.587349,0.816916,0.587349,0.816906,0.9278311008576591,0.852752430330126,0.8835593692125074,0.9045876141465583
2024-12-06,0.75948,0.866829,0.583402,0.856792,0.9271242441327072,0.8531371512510664,0.8825096684590757,0.903641166341676
2024-12-09,0.705553,0.944621,0.675442,0.763497,0.9254961123502923,0.84459999398906,0.8778425049900924,0.9008660343349102
2024-12-10,0.869675,0.930325,0.758639,0.849423,0.9247391659587471,0.8450593278948638,0.8767280145983241,0.8998473603876842
2024-12-11,0.819349,0.819349,0.74256,0.795933,0.9234575125661227,0.8403806300001149,0.8735595826532917,0.8977896502809974
2024-12-12,0.751737,0.882559,0.662667,0.882559,0.9230505621923305,0.8443976176191516,0.8739125009806136,0.8974880532457301
2024-12-13,0.685185,0.901757,0.653327,0.85745,0.922397820279969,0.8456407016554228,0.8732669127068641,0.896695220508191
2024-12-16,0.840279,0.929056,0.81118,0.887895,0.9220545086353922,0.8496649205453826,0.8738405631889479,0.8965209587159495
2024-12-17,0.899398,0.914949,0.73601,0.813762,0.9209769712360351,0.8462455947791556,0.8714845411031068,0.8948821674542475
2024-12-18,0.910338,0.923185,0.665947,0.847198,0.9202428521192586,0.8463363000382836,0.8705321277265143,0.8939379265145595
2024-12-19,1.123298,1.123298,0.962145,1.065324,0.9216864456305097,0.867192271463209,0.8781710246784157,0.8973317101479346
2024-12-20,1.200498,1.219285,0.977151,1.00123,0.92247792378344,0.8799577694190939,0.8829968668478896,0.8993891020261933
2024-12-23,0.77672,1.155772,0.77412,0.91896,0.9224429195666893,0.8836722675696563,0.8844071857950312,0.899776644560328
2024-12-24,2.034343,2.034343,0.955512,0.963687,0.9228533084267223,0.8912927182773082,0.8875161981167947,0.9010421961531928
2024-12-26,0.756029,0.909368,0.74095,0.7873,0.9215045192881479,0.8813886498699455,0.8835861511318224,0.898789875437288
2024-12-27,0.888469,0.892358,0.833101,0.873192,0.9210237977031912,0.8806080165489982,0.883178537361947,0.8982829868147675
2024-12-30,1.253834,1.288687,0.89081,0.932233,0.9211353320544032,0.8855246816395699,0.8851022417791256,0.898955264303584
2024-12-31,0.739342,0.808082,0.725867,0.808082,0.9200104232777425,0.878149188150087,0.8820818401407284,0.897155793723315
2025-01-02,0.847637,1.054988,0.773443,1.05471,0.9213507175734864,0.8949645035643644,0.8888515718999156,0.9002756789961206
2025-01-03,0.684275,0.866459,0.531682,0.847195,0.9206128497369344,0.890415027034425,0.8872179808450169,0.8992245764417419
2025-01-06,0.663705,0.928985,0.625259,0.82603,0.9196717268539798,0.884283119697813,0.884818452184428,0.89777517888844
2025-01-07,0.748512,0.930644,0.671022,0.78145,0.9182963862882686,0.8744894892504023,0.8807647873928818,0.89547170999956
2025-01-08,1.056696,1.075198,0.92718,0.964747,0.9187585814495793,0.8830854426551259,0.8840582074951218,0.8968434979203609
2025-01-10,1.158609,1.158609,0.928621,1.00327,0.919599491086897,0.8945315909736854,0.888733179750215,0.8989509534070864
2025-01-13,1.023363,1.167172,0.950774,1.002523,0.9204246006283209,0.9048164870714297,0.8931955256423635,0.9010018850227877
2025-01-14,0.920188,0.920188,0.780156,0.811238,0.9193381667912232,0.895904250207484,0.8899815050289375,0.8992243823490691
2025-01-15,0.933127,0.991243,0.796993,0.844931,0.9185977969724051,0.8910496549496284,0.8882148185572144,0.8981492658669094
2025-01-16,0.666196,0.890912,0.666196,0.890847,0.9183216696393464,0.8910303544782352,0.8883180413588923,0.8980046665428122
2025-01-17,0.658598,0.697701,0.569533,0.697701,0.9161264390956713,0.8726180350041176,0.8808428632663867,0.8940382573043406
2025-01-21,0.634717,0.82283,0.634436,0.763741,0.9146101660698437,0.862248793575154,0.8762506333343716,0.8914581135953438
2025-01-22,1.00563,1.00563,0.651772,0.765854,0.9131300052134274,0.853068337044187,0.8719213535957688,0.888970903425139
2025-01-23,0.762315,0.858643,0.713831,0.780026,0.9118055872511047,0.8461119239923597,0.868317614239072,0.8868135786048392
2025-01-24,0.661107,0.767083,0.658664,0.766898,0.9103637207112927,0.8385677407549921,0.8643403744649908,0.8844390126918721
2025-01-27,1.067682,1.082794,0.87955,0.911164,0.9103716836892898,0.8454816702068976,0.8661765950742069,0.8849682203613399
2025-01-28,0.844683,0.89962,0.737472,0.745892,0.9087350699212371,0.8359969397110025,0.8614595521301203,0.8822142357997292
2025-01-29,1.035676,1.035676,0.711332,0.73111,0.9069676562901801,0.8260077073575737,0.8563478049877626,0.8792220727145861
2025-01-30,0.805579,0.807068,0.554728,0.698627,0.9048946149340589,0.8138762114187571,0.8501626753803994,0.8756459326608319
2025-01-31,0.864913,0.879968,0.68023,0.879963,0.9046465391635707,0.8201701912836373,0.8513313155615602,0.8757314191427956
2025-02-03,0.999273,1.028187,0.908928,0.946128,0.9050592900176646,0.832166173066148,0.8550488325983617,0.8771254108429383
2025-02-04,0.860422,0.912922,0.788419,0.844076,0.9044524911120162,0.8333004422979434,0.8546185254376417,0.8764709670638702
2025-02-05,0.737887,0.818812,0.711131,0.802711,0.903440137966623,0.8303871620790917,0.852582936204793,0.8750103736566648
2025-02-06,0.733357,0.791733,0.662558,0.78823,0.9022937684346168,0.8263721942620353,0.8500592916477423,0.8732919504159388
2025-02-07,0.806758,0.820442,0.743676,0.797328,0.9012493329278047,0.8236060805227939,0.8479913978576348,0.871787713774039
2025-02-10,0.868186,0.868186,0.717539,0.781988,0.9000626529981748,0.8196424538063374,0.8454030293141981,0.8700095016200976
2025-02-11,0.994581,1.007489,0.795437,0.835176,0.8994170146598844,0.8211218391581148,0.8450019693410923,0.8693197293107887
2025-02-12,0.83049,0.904139,0.823056,0.85851,0.8990099796881443,0.8246826163811515,0.8455316960335985,0.8691056752650306
2025-02-13,0.787581,0.938679,0.757392,0.937753,0.8993954823778145,0.8354512243448513,0.849148217757771,0.8704650282300794
2025-02-14,0.669264,0.724245,0.619331,0.716363,0.897574263647687,0.8241094886929607,0.8439409543162898,0.8674135029185928
2025-02-18,0.692532,0.760762,0.637185,0.758292,0.8961883704770632,0.8178411564364882,0.8405821717940823,0.8652526810786206
2025-02-19,1.248279,1.248279,0.862892,0.905242,0.8962784563429631,0.8261650462996798,0.8431178513315694,0.8660445487800341
2025-02-20,0.793817,0.793817,0.720671,0.778416,0.8951056955833316,0.8216175180806626,0.8405805238283706,0.8643093299923107
2025-02-21,0.778053,0.895241,0.728475,0.89464,0.8951010617964328,0.8285720401682186,0.8427005032860815,0.8649099373191956
2025-02-24,1.008712,1.087745,0.975466,1.002856,0.8961732502362693,0.8451705125331501,0.8489811110003528,0.8676415425207957
2025-02-25,1.052371,1.052371,0.922885,0.940266,0.8966119840647641,0.854227225625231,0.8525609105689664,0.8690796505896908
2025-02-26,0.883562,0.952666,0.757846,0.919714,0.8968418548700898,0.8604640612799709,0.855194365056458,0.8700823109740534
2025-02-27,0.840376,0.91908,0.682533,0.8308,0.8961847219858103,0.8576389125866403,0.8542377232895381,0.8693044434300128
2025-02-28,1.03079,1.03079,0.76949,0.931133,0.8965324660456531,0.8646383494831508,0.8572532243370071,0.8705287712828839
2025-03-03,0.855233,0.946864,0.811077,0.945213,0.8970168494680844,0.8723121257228507,0.8607026273041833,0.8720076669010446
2025-03-04,1.140948,1.153185,0.89865,0.9172,0.8972176768365612,0.8765871613682935,0.8629182105471566,0.8729025645861724
2025-03-05,0.89373,0.918989,0.599477,0.754867,0.8958012521914213,0.8649947650475036,0.8586809081727582,0.8705652266735749
2025-03-06,1.15562,1.15562,0.874267,0.956356,0.8964037869954867,0.8736958350429794,0.8625113039306893,0.8722640538681576
2025-03-07,1.02844,1.02844,0.858597,0.916376,0.8966025154830938,0.8777606126579338,0.8646236449530152,0.8731375577519565
2025-03-10,0.955631,0.976261,0.814884,0.923035,0.8968655252792819,0.8820724590714639,0.8669142863274069,0.8741256259152841
2025-03-11,0.648622,0.952878,0.648622,0.921142,0.8971070822416771,0.8857933677313246,0.8690408633341752,0.8750566432238923
2025-03-12,0.627761,0.976012,0.62612,0.909281,0.8972282157517102,0.8880302850902461,0.8706189079093055,0.8757343532590628
2025-03-13,0.881808,1.089024,0.818807,1.047987,0.8987283031571658,0.9032642579387941,0.8775745193638426,0.8791452967588833
2025-03-14,0.829339,0.994937,0.798563,0.970747,0.8994449071058507,0.909691185754147,0.881228342133888,0.8809591918725688
2025-03-17,0.836958,1.158813,0.81809,0.892869,0.8993794751943497,0.9080890728251806,0.8816848385207944,0.8811950296572704
2025-03-18,1.261272,1.261272,0.759815,0.780897,0.8982005450929134,0.8959755420799252,0.877732374265077,0.8792089300600967
2025-03-19,0.811604,0.873345,0.725611,0.871925,0.8979390968830336,0.8936850142627895,0.8775046340978191,0.8790646938212829
2025-03-20,0.949076,0.963306,0.82333,0.883871,0.8977991158195209,0.8927503462377618,0.8777542955057478,0.8791598682010595
2025-03-21,0.887413,0.903473,0.811807,0.852754,0.8973509057118639,0.8889411704055941,0.8767738917604243,0.8786369797218306
2025-03-24,0.781172,0.805927,0.687226,0.791078,0.8962934638639847,0.8796208684622041,0.8734132685541331,0.8769031385392201
2025-03-25,0.790073,0.817313,0.633554,0.789281,0.8952286632285221,0.8710170714658038,0.8701139639049514,0.8751680466869582
2025-03-26,0.85645,0.988074,0.795238,0.962519,0.8958982188182881,0.8797315408500129,0.8737376908106396,0.8768977685347412
2025-03-27,1.285659,1.285659,0.904953,0.981028,0.8967452813176087,0.8893788226738212,0.8779451539161047,0.8789597533162314
2025-03-28,0.910523,1.136089,0.910523,1.020843,0.8979800844885777,0.9018992205144096,0.883548991017434,0.8817693225574942
2025-03-31,1.134261,1.160845,0.94045,0.972268,0.8987192677274973,0.9086010090368468,0.8870281678402797,0.8835613755761577
2025-04-01,0.74118,0.91207,0.718723,0.909846,0.8988299814814525,0.9087195796047661,0.8879229847877197,0.884081863188511
2025-04-02,0.967206,1.029017,0.856037,0.962027,0.8994588075363634,0.9137964767852645,0.8908290245999659,0.8856253312441841
2025-04-03,1.15864,1.2758,1.062489,1.161061,0.9020618144265489,0.9373454789961917,0.9014263569685947,0.8910795029027151
2025-04-04,1.304209,1.608534,1.202853,1.202853,0.9050547615466827,0.962631909567983,0.913247009636493,0.8972532355185029
2025-04-07,1.418925,1.418925,1.092867,1.255124,0.9085380375511933,0.9904882991329369,0.9266539504350618,0.9043397853102157
2025-04-08,1.001701,1.231416,0.988977,1.231342,0.9117500172770521,1.013426746834562,0.9386025013983927,0.9108150766902114
2025-04-09,1.206742,1.206742,0.998484,1.065166,0.9132765444683252,1.0183542947550799,0.9435657758533578,0.913871530617138
2025-04-10,0.860959,1.38217,0.860959,1.18274,0.9159577728815756,1.034010076206977,0.9529451571924418,0.9191956587237293
2025-04-11,1.376329,1.376329,0.708832,0.78,0.9146049592210624,1.0098186403777412,0.9461629941652872,0.9164393090460318
2025-04-14,1.428875,1.428875,1.00963,1.030723,0.9157603626118976,1.0118095317703373,0.949479072825472,0.9187023524312589
2025-04-15,0.886625,1.055516,0.764161,1.029212,0.9168892346257096,1.0134669096969717,0.9526058542832966,0.9208906622841052
2025-04-16,1.130537,1.139483,0.906436,1.03378,0.9180523268184886,1.0154014897258317,0.9557891541153242,0.9231260947141229
2025-04-17,0.921825,1.161639,0.900042,0.918281,0.9180546021735285,1.0061519192757524,0.9543182461108016,0.9230301522445363
2025-04-21,0.930367,1.054719,0.89185,1.026463,0.9191332926991651,1.008086307916157,0.9571474521456721,0.9250783274476149
2025-04-22,0.996643,0.996643,0.803255,0.865327,0.9185979067021585,0.9944901833527136,0.9535466501007438,0.9238951328446918
2025-04-23,0.707125,0.912415,0.69822,0.907374,0.9184862260384554,0.9861934039857885,0.9517359579399303,0.9235679816992524
2025-04-24,0.840643,1.028807,0.819781,1.019312,0.9194894675704111,0.989347555987142,0.954385998805031,0.9254639028537226
2025-04-25,0.736501,0.819324,0.665162,0.813324,0.9184330947587652,0.9725834077978903,0.9488541557146377,0.9232433107180054
2025-04-28,0.74962,0.905429,0.747792,0.849822,0.917750397298479,0.9608918451504722,0.944970541765044,0.9217894233770547
2025-04-29,0.796814,1.009451,0.759904,0.885285,0.9174273585193896,0.9536911932313796,0.9426299322840619,0.9210665635082022
2025-04-30,0.935907,0.959918,0.764655,0.821861,0.9164764494793957,0.941135936733153,0.9378938957239026,0.9191020969040793
2025-05-01,0.906136,0.906136,0.779618,0.839617,0.9157116788378097,0.9314674665680908,0.9340398998131613,0.9175281345891471
2025-05-02,0.779677,0.850047,0.758169,0.846309,0.9150211049190256,0.9233571364187488,0.9305994723695079,0.9161178546962927
2025-05-05,0.893153,0.990972,0.830095,0.923813,0.9151085864621198,0.9234005519979156,0.9303333361981546,0.9162702338112176
2025-05-06,0.917317,0.970105,0.835363,0.916979,0.9151271975420987,0.9227889756171618,0.9298096367394034,0.9162842687852529
2025-05-07,0.84432,0.855488,0.605903,0.802566,0.9140071856262569,0.9113391684155273,0.9248196902006033,0.9140324218786142
2025-05-08,0.820303,0.888837,0.734436,0.818534,0.913057203679727,0.9025005809473818,0.9206516239182266,0.9121413640196318
2025-05-09,0.688546,0.756468,0.678615,0.754564,0.9114801568769436,0.8884113827619169,0.9141383837645707,0.9090210201776588
2025-05-12,0.786312,0.855162,0.725401,0.855162,0.9109197772065263,0.8852447748798296,0.9118255844012542,0.9079545049266161
2025-05-13,0.900874,0.912849,0.716548,0.772624,0.9095436998213867,0.8745189867960362,0.9063666987384599,0.9052746929478712
2025-05-14,0.599347,0.715918,0.599347,0.697244,0.9074312649972933,0.8576356547202233,0.8981658085918536,0.9011552732855371
2025-05-15,0.761181,0.829799,0.654208,0.694588,0.9053134215644845,0.8421073066516306,0.8901823651176632,0.897064832230378
2025-05-16,0.726257,0.736466,0.656919,0.705218,0.9033224223449373,0.8290702298276658,0.882928860603245,0.8932658850574993
2025-05-19,0.80157,1.008361,0.801406,0.907781,0.9033667863017041,0.8365664936536024,0.8839034543050786,0.8935533130761626
2025-05-20,0.750337,0.81669,0.691807,0.770741,0.902047126736513,0.8302973990199259,0.8794657109989971,0.8911213860845554
2025-05-21,1.035416,1.035416,0.759876,0.895265,0.9019796428883885,0.8364847895894568,0.8800852909598207,0.8912034378452572
2025-05-22,0.821179,0.945228,0.761885,0.94262,0.9023840245511906,0.8465929048666514,0.8825376324908081,0.8922215875908958
2025-05-23,1.015844,1.022227,0.877211,0.953171,0.9028893675904822,0.856743199641256,0.8853075684715607,0.8934285066485018
2025-05-27,0.716749,0.886156,0.707406,0.881727,0.9026787967686863,0.8591226091992317,0.8851671540216955,0.8931967936455611
2025-05-28,0.712091,0.875108,0.712091,0.804004,0.9016969579948686,0.8538732178469239,0.881984285236531,0.8914305997119857
2025-05-29,0.781792,0.797548,0.623528,0.757995,0.9002670877660639,0.8447419590043598,0.8771219603252945,0.888788310608778
2025-05-30,1.066891,1.06802,0.852025,0.858436,0.8998508580370483,0.846046153384897,0.8763891775674398,0.8881872747551389
2025-06-02,0.658307,0.846045,0.658127,0.845075,0.8993058246237444,0.8459536625863353,0.8751611706040108,0.8873335663441461
2025-06-03,0.792604,1.107924,0.759019,0.934932,0.8996603139309708,0.8544277899590653,0.8775051246979712,0.888276109584856
2025-06-04,0.794182,0.878563,0.78463,0.842807,0.8990946093147423,0.853321048058202,0.8761444139255017,0.8873757311772351
2025-06-05,0.802134,0.848999,0.724445,0.836926,0.8984760161872324,0.8517596149098018,0.8746064369088153,0.8863767265994681
2025-06-06,0.846103,0.870012,0.787423,0.869308,0.898185787170444,0.8534308896802969,0.874398655069254,0.88603873201334
2025-06-09,0.688181,0.842786,0.618241,0.842786,0.8976345455070565,0.8524170906631258,0.8731589431057538,0.8851822422705017
2025-06-10,0.776954,0.882018,0.76094,0.854895,0.8972092763975336,0.8526530820285424,0.8724427100427831,0.8845824948988086
2025-06-11,0.822631,0.826925,0.63362,0.785032,0.896093084592583,0.846212978978205,0.8690148390607131,0.8826111979701193
2025-06-12,0.828596,0.865518,0.758374,0.864472,0.8957784469349453,0.8479519333612331,0.8688366885093126,0.8822520059311071
2025-06-13,0.770866,0.892544,0.763448,0.891514,0.8957360146271349,0.8521007016125443,0.8697259948422807,0.8824354117542534
2025-06-16,0.856376,1.414993,0.856376,0.904143,0.8958196662228848,0.8570571109827781,0.8710756813190541,0.8828652649868425
2025-06-17,0.861665,0.955064,0.849953,0.940982,0.8962690426783785,0.8650499575558469,0.873817105581052,0.8840160914227466
2025-06-18,1.204679,1.204679,0.88322,1.06749,0.8979727337960065,0.8843299615981473,0.8814121210484617,0.8876492381272467
2025-06-20,0.789754,0.890336,0.789754,0.890277,0.8978961593303746,0.8848963462078475,0.8817597633602867,0.8877012730158161
2025-06-23,0.811001,1.000024,0.799729,0.98867,0.8987993816255947,0.8947795513309097,0.8859523216598834,0.8897006537481762
2025-06-24,0.756752,1.102456,0.753491,0.893565,0.898747298226335,0.8946638797755849,0.8862508580653782,0.8897771754561331
2025-06-25,0.582002,0.811981,0.582002,0.811981,0.8978839519753268,0.8867893197969577,0.883338314611834,0.8882366571302691
2025-06-26,0.739616,0.842807,0.722755,0.754041,0.8964526788213434,0.8741466226734379,0.8782678316858797,0.8855793173851153
2025-06-27,0.707979,0.79048,0.607238,0.749779,0.8949932392310813,0.8623020871807295,0.873229053972708,0.8828902021893704
2025-06-30,0.698235,0.887545,0.692833,0.813904,0.8941863811292795,0.8576927455444696,0.8709025812678959,0.8815241387796799
2025-07-01,0.863741,1.019905,0.806819,0.857782,0.8938241484812269,0.8577012459688058,0.8703880486691549,0.8810539974177061
2025-07-02,0.706438,0.823674,0.701959,0.823674,0.893126137053553,0.8544605558765386,0.8685561251919331,0.8799177598450783
2025-07-03,0.727525,0.772388,0.723331,0.770809,0.8919090511127217,0.8464937410311539,0.8647229045961711,0.8777571903431955
2025-07-07,0.812828,0.917001,0.78813,0.916781,0.892156533191202,0.8531877656948536,0.8667643985335761,0.8785299390492709
2025-07-08,0.76964,0.931342,0.675406,0.860985,0.8918463686818369,0.8539303594382008,0.866537755453828,0.8781825145136418
2025-07-09,0.780129,1.257795,0.751838,0.879443,0.8917229520780375,0.8563601347298008,0.8670438434752465,0.8782074746222825
2025-07-10,0.722337,0.81114,0.711957,0.752958,0.8903422062862163,0.8465123123745817,0.8625698888291584,0.8757272870059998
2025-07-11,0.847917,0.847917,0.775284,0.834719,0.88978874154705,0.8453891397674786,0.8614776971103679,0.8749152417187522
2025-07-14,0.824707,0.848084,0.76057,0.847399,0.8893669530739451,0.8455805550277188,0.8609255913413338,0.8743703656451136
2025-07-15,0.810781,1.007159,0.751494,0.807484,0.8885521973219656,0.8419523116917456,0.8588298426612815,0.8730458831570915
2025-07-16,0.967824,0.967824,0.748898,0.852107,0.8881895585426425,0.8429194248639602,0.8585662017726038,0.8726312518074462
2025-07-17,0.678048,0.841531,0.619198,0.841507,0.8877250554725664,0.8427849082102498,0.8578972134677958,0.8720149299894769
2025-07-18,0.714031,0.764464,0.633685,0.752988,0.886384388253934,0.8342328217140355,0.8537831266651371,0.8696579610787942
2025-07-21,0.641659,0.894493,0.598261,0.894493,0.8864650709578749,0.8399718863126987,0.8553795922861122,0.870149744027729
2025-07-22,0.787733,1.003226,0.787733,0.877794,0.8863787916448612,0.843573992378156,0.856258588667049,0.8703011154331205
2025-07-23,0.744168,0.856256,0.698805,0.806948,0.8855884355090915,0.8400858026278555,0.8543248400918706,0.869046598295831
2025-07-24,0.913663,0.913663,0.789294,0.890193,0.8856342520711901,0.8448579166632978,0.8557314345980718,0.8694653389236363
2025-07-25,0.808923,0.86631,0.744429,0.86631,0.8854419709560538,0.8469009722191742,0.8561462803001082,0.8694028569647524
2025-07-28,0.793351,0.851012,0.774898,0.846528,0.8850547672649488,0.8468654510554433,0.8557690928373588,0.8689498895001039
2025-07-29,0.846934,1.020195,0.81048,0.941994,0.8856213267946508,0.8559253128596868,0.8591504617456976,0.8703963075298048
2025-07-30,0.495322,0.90545,0.495322,0.90545,0.8858186270255498,0.8606419497301928,0.8609661299125331,0.8710904400539671
2025-07-31,0.876614,1.086999,0.843122,1.037823,0.8873311083486787,0.8775163354701745,0.8679016934453749,0.8743920749043835
2025-08-01,1.006289,1.076271,0.88485,0.91342,0.8875906993103834,0.8809357320920627,0.869686725074968,0.8751649051042967
2025-08-04,0.730433,0.911447,0.730433,0.906554,0.887779388869484,0.8833755671309138,0.8711325005622241,0.8757864713398552
2025-08-05,0.908545,0.973825,0.808476,0.857146,0.8874745790299867,0.8808775131184459,0.8705840103440977,0.8754173530955016
2025-08-06,0.785807,0.882149,0.747609,0.879984,0.8874000459053102,0.8807924166309749,0.8709526373894272,0.8755077817470759
2025-08-07,0.671881,0.779621,0.670604,0.775722,0.8862888215679439,0.8707857102851677,0.8672181025898418,0.8735318256728763
2025-08-08,0.713668,0.828258,0.684484,0.828223,0.8857110521991086,0.8667321188294375,0.8656888828804362,0.8726346212041065
2025-08-11,0.641553,0.839428,0.632963,0.839428,0.8852505243165304,0.8641317265599672,0.8646590443361054,0.8719770643485797
2025-08-12,0.85074,1.000275,0.85074,0.943371,0.8858288375074107,0.8716783240304465,0.8677457876954738,0.8733908056486078
2025-08-13,0.650829,0.743143,0.617265,0.739453,0.8843723615123121,0.8590854360275468,0.8627146979819258,0.8707385718733879
2025-08-14,0.775727,0.906363,0.707521,0.901045,0.8845382584126872,0.8630815849773043,0.8642178470806738,0.8713386991630238
2025-08-15,0.843283,0.854078,0.708912,0.75235,0.8832229523588296,0.8525357197413705,0.8598308726853533,0.8689824872984094
2025-08-18,0.806463,0.850371,0.756708,0.805606,0.8824506443751597,0.8480662226231448,0.8577044070898493,0.8677275073519063
2025-08-19,1.088664,1.088664,0.877153,0.912602,0.8827506578639641,0.8542124871352262,0.8598572538706395,0.86861611116672
2025-08-20,1.118828,1.131504,0.863044,0.874407,0.8826676363926809,0.8561357740747285,0.8604278321502222,0.8687307822327256
2025-08-21,0.972219,1.041796,0.919932,0.942375,0.8832617395131517,0.8643490336866592,0.8636414465757037,0.8701890835746519
2025-08-22,0.738629,1.073956,0.699418,0.835376,0.8827852644931203,0.8615896971450726,0.862532997690382,0.8694997155830746
2025-08-25,0.783319,0.869362,0.78084,0.866494,0.8826231623588604,0.8620567736074466,0.8626883311142887,0.8694401964626177
2025-08-26,0.85515,0.910353,0.807099,0.885781,0.8826545836289215,0.8643162237400708,0.8635939259725518,0.8697637767306847
2025-08-27,0.818693,0.860401,0.710517,0.746293,0.8812977519510218,0.8530759167172068,0.8589938896599028,0.8673188108548295
2025-08-28,0.924648,0.924648,0.771027,0.877542,0.8812603812848424,0.8554060198869967,0.859721266535985,0.8675212502438429
2025-08-29,0.831739,0.831739,0.6983,0.765247,0.8801060192820082,0.8468194465644256,0.8560163933384954,0.865496017565747
2025-09-02,0.987262,0.987262,0.844467,0.920983,0.8805127554085553,0.8538826421297184,0.8585641034036525,0.866594769693158
2025-09-03,0.881646,0.910119,0.793761,0.857683,0.8802855936631966,0.8542445809745072,0.8585295503289995,0.8664182990061647
2025-09-04,0.899704,1.004104,0.864024,0.943864,0.8809182146217718,0.8627797637388398,0.8618759993357054,0.8679518772436664
2025-09-05,0.898373,0.938002,0.684037,0.723133,0.8793482124862317,0.8494800719541884,0.8564350974009718,0.8650841767041879
2025-09-08,0.794134,0.86561,0.640564,0.797877,0.878537553655523,0.8445654936728371,0.8541387014244631,0.8637533415219267
2025-09-09,0.917654,1.054853,0.845353,0.847528,0.8782290008828312,0.8448476371325668,0.8538794582313469,0.8634320476304034
2025-09-10,0.780335,0.802697,0.594001,0.80269,0.8774773690332508,0.8408326240723224,0.8518720284967843,0.862229234806039
2025-09-11,0.967142,0.969491,0.778524,0.847666,0.8771807384956065,0.8414834217797202,0.8517070862027928,0.8619408539187907
2025-09-12,0.851816,0.875889,0.75804,0.803254,0.8764451490578393,0.837842524467366,0.8498069651752322,0.8607787379996067
2025-09-15,0.87156,0.922248,0.819726,0.869177,0.8763728291667165,0.8408267602323787,0.8505665743840467,0.8609450402174362
2025-09-16,0.880066,0.959046,0.719984,0.761622,0.8752310298715253,0.8332834497340569,0.8470785518591821,0.8589782473418435
2025-09-17,1.043215,1.129976,0.79747,1.071995,0.8771888803205649,0.8560178830927181,0.8558988047274495,0.8631964008598267
2025-09-18,0.794615,0.829618,0.729733,0.775068,0.8761727521581711,0.8483083704172212,0.8527289692479417,0.8614512840111173
2025-09-19,0.848723,0.848723,0.655768,0.749347,0.8749108043755027,0.8388834779965334,0.8486747743754735,0.859231397199016
2025-09-22,0.845805,0.845805,0.736998,0.824829,0.8744124779638062,0.8375449562825779,0.8477396459685922,0.8585501616109167
2025-09-23,0.649219,0.894683,0.649219,0.894652,0.8746138662427733,0.8429837223509038,0.8495793461266866,0.8592650494998094
2025-09-24,0.899311,0.904464,0.788144,0.857659,0.8744451611060292,0.8443813678412939,0.849896195298189,0.8592332465394171
2025-09-25,1.064689,1.064689,0.879251,0.895558,0.8746552391049742,0.8492553328087897,0.8516868543061032,0.8599525485881415
2025-09-26,0.697057,0.775249,0.697057,0.775063,0.8736642715516909,0.8421893963508098,0.8486819972744913,0.8582715674279803
2025-09-29,0.573361,0.777123,0.566899,0.777123,0.8727036618845099,0.8359925966983517,0.8458757620872563,0.8566646651026737
2025-09-30,0.977067,1.083399,0.828707,0.879007,0.8727663816667536,0.8400892065366039,0.8471750263191287,0.857107087575888
2025-10-01,0.728366,0.780331,0.697419,0.773521,0.8717788654312635,0.8337493773426417,0.8442866331301432,0.8554519175248804
2025-10-02,1.017479,1.017479,0.767059,0.792543,0.8709904488598081,0.8298249604528662,0.8422574710466082,0.8542061963857738
2025-10-03,0.701361,0.792181,0.66629,0.791281,0.8701973200154319,0.8261541070764028,0.8402583937506628,0.8529601528929862
2025-10-06,0.724129,0.734007,0.650705,0.731745,0.8688196849904027,0.8171627635453168,0.8360029665447545,0.8505598528356993
2025-10-07,0.628088,0.985564,0.594717,0.904519,0.8691749020551749,0.8254824051124295,0.8386898698175091,0.8516283507993488
2025-10-08,0.8113,0.8113,0.725892,0.751026,0.8679992910894517,0.8183913189112457,0.8352520710011362,0.8496362250409459
2025-10-09,0.781852,0.851508,0.777496,0.803462,0.8673571289890591,0.8169694790149367,0.8340054015501113,0.8487218839510262
2025-10-10,0.593136,0.960577,0.593136,0.958276,0.8682617943722526,0.8304272429182761,0.8388787583520677,0.8508912723876395
2025-10-13,0.548789,0.79679,0.548789,0.796745,0.8675501844780014,0.8272194102593926,0.837226454102967,0.8498190689740229
2025-10-14,0.918238,0.918238,0.78746,0.877649,0.8676506702045884,0.8320222283299267,0.838811651981282,0.8503701567171116
2025-10-15,0.643429,0.785407,0.605864,0.785407,0.8668323252274284,0.8275826827746956,0.8367173519035848,0.8490837575741985
2025-10-16,0.697245,0.906196,0.68731,0.906184,0.8672238841803893,0.8350685225104388,0.8394415341818755,0.8502144554440164
2025-10-17,0.79212,0.900417,0.751026,0.894634,0.8674966216512312,0.8407414251284923,0.8416059446061157,0.8510940503857191
2025-10-20,0.715611,0.866181,0.700031,0.86123,0.8674342672069404,0.8426927179733977,0.8423755154058759,0.8512947622592691
2025-10-21,1.015452,1.043716,0.824889,0.881436,0.8675735879312494,0.8463825543568837,0.8439072991154494,0.8518916184521549
2025-10-22,1.015474,1.016065,0.666487,0.828307,0.8671828756135255,0.8446610729895614,0.8432955226795494,0.8514245963045874
2025-10-23,0.668009,0.855864,0.649105,0.855864,0.8670702499855302,0.8457280184191269,0.8437884041430965,0.851512505288655
2025-10-24,0.748345,0.829839,0.688397,0.827957,0.8666810634185099,0.8440355404744482,0.8431675647649359,0.8510460596393746
2025-10-27,0.730128,0.786007,0.674856,0.78522,0.8658705055735496,0.8384340604292626,0.8408951112447424,0.849742573309882
2025-10-28,0.632002,0.778219,0.632002,0.764049,0.8648573562643601,0.831349768959809,0.8378815382547524,0.8480456708681021
2025-10-29,0.568185,0.811956,0.568063,0.811684,0.8643282681423267,0.8294768385826844,0.8368541838133896,0.8473256377816051
2025-10-30,0.75785,0.807201,0.665317,0.807201,0.8637598376135472,0.8273553301462383,0.8356913138599233,0.846531090498801
2025-10-31,0.71814,0.794519,0.706947,0.786879,0.862994854154706,0.8235004415608823,0.8337771054732597,0.8453498609839732
2025-11-03,0.755171,0.908049,0.710695,0.908041,0.8634430745113756,0.8315519233169888,0.8366894150625436,0.8465912696773599
2025-11-04,0.891327,0.908418,0.730053,0.823823,0.8630488449142475,0.8308158353820375,0.8361848497659732,0.8461404128520656
2025-11-05,0.853946,0.853946,0.728779,0.839496,0.8628144882484341,0.8316425177266054,0.8363146987947585,0.8460088403203416
2025-11-06,0.942919,0.945799,0.843667,0.892366,0.8631085331414845,0.8374257065145477,0.8385127890381013,0.8469268038783546
2025-11-07,0.985312,1.021098,0.899525,0.984714,0.8643185377868429,0.8514531630369717,0.8442461698601366,0.8496552632074961
2025-11-10,0.769212,0.869096,0.739309,0.833148,0.8640083831819987,0.8497098141763078,0.8438109475126803,0.8493283867083378
2025-11-11,0.995507,0.995507,0.636494,0.838069,0.8637502798667549,0.8486011652071356,0.8435857731004183,0.8491054285556974
2025-11-12,0.765717,0.823325,0.735914,0.79011,0.8630175407636032,0.8430305780445513,0.8414886839592254,0.8479372022476638
2025-11-13,0.863573,0.863573,0.77486,0.815151,0.8625412567759057,0.8403753801355464,0.8404558336078832,0.8472879705199873
2025-11-14,0.897317,0.922952,0.837624,0.905353,0.8629672442706727,0.8465637248845419,0.8430008205252212,0.848437773083948
2025-11-17,0.889729,0.962969,0.864909,0.961108,0.8639437692033028,0.8574727034669665,0.8476324746222713,0.850668866686246
2025-11-18,0.890514,0.925815,0.842773,0.912279,0.8644247167734193,0.8626923507558268,0.8501676324802214,0.8518888693261223
2025-11-19,0.800504,1.002178,0.800504,0.953841,0.8653144310343802,0.8713731744933672,0.8542332547358991,0.8539077233988723
2025-11-20,0.907924,1.205833,0.844414,1.010852,0.8667625660489635,0.8846568721606656,0.8603751663148834,0.8570155308563204
2025-11-21,0.910379,0.956962,0.817825,0.854806,0.8666435952425061,0.8818139319548879,0.8601567676358683,0.8569717777700566
2025-11-24,0.674586,0.882654,0.669865,0.881892,0.8667953206629787,0.8818213670068034,0.8610091296893637,0.8574652475171842
2025-11-25,1.051309,1.051309,0.85967,0.940885,0.8675325314026505,0.8874464749109173,0.8641415167603691,0.8591171238039726
2025-11-26,0.780773,0.844615,0.744522,0.843977,0.8672981480056092,0.8833065249194014,0.8633507513972174,0.8588173193722108
2025-11-28,0.542365,0.669603,0.542365,0.669603,0.8653310321050559,0.8629538082604108,0.8557528003620324,0.8550705011668205
2025-12-01,0.898935,0.915782,0.82761,0.906261,0.8657382954671946,0.8670783027118002,0.8577335140733252,0.8560841744110419
2025-12-02,0.837137,0.88711,0.754506,0.780156,0.8648867303381678,0.8587999881678192,0.8546912586194693,0.8545806462048826
2025-12-03,0.852737,0.863702,0.765019,0.852954,0.8647679967029621,0.8582432273899316,0.8546231308304705,0.8545484353889443
2025-12-04,0.764926,0.817264,0.747193,0.80684,0.8641915987258182,0.8533476819242238,0.8527492825626088,0.8536037138960939
2025-12-05,0.823295,0.855255,0.724476,0.764333,0.8631979808280489,0.8448700931695359,0.8492819773640752,0.8518359769872603
2025-12-08,0.934349,0.948241,0.773757,0.842743,0.8629944486805061,0.8446675128676753,0.8490255468792095,0.8516559180370176
2025-12-09,0.932168,0.934146,0.832702,0.861306,0.862977648196123,0.8462521306898014,0.8495071332761033,0.8518470087689578
2025-12-10,0.924297,0.949114,0.734786,0.879142,0.8631384875175546,0.8493844991955346,0.8506692849123345,0.8523875036448201
2025-12-11,0.852716,0.942528,0.786168,0.82701,0.862779000079569,0.8472535945102456,0.8497414698177331,0.8518849788201702
2025-12-12,0.809153,0.908204,0.734014,0.892113,0.8630708806757922,0.8515259188426032,0.8514030984523319,0.8526815732989788
2025-12-15,0.852935,0.901701,0.802763,0.891096,0.8633497375844907,0.8552944980004505,0.8529596828267503,0.8534422550158307
2025-12-16,1.109708,1.109708,0.85309,0.936624,0.8640788347229535,0.8630401648575505,0.8562406364413875,0.855089418282844
2025-12-17,1.206125,1.206125,0.85134,0.94698,0.8649037219396406,0.8710344348711172,0.8597990428554507,0.8569090337623917
2025-12-18,0.769819,0.847281,0.657832,0.847281,0.8647283714725795,0.8687722029786299,0.8593081392140605,0.856718379628483
2025-12-19,0.718711,0.853262,0.715771,0.853235,0.8646140095673798,0.8672924693616175,0.8590699768919404,0.8566494018140576
2025-12-22,0.759087,0.892562,0.712091,0.892562,0.8648920990244208,0.8696990913271777,0.8603833895628448,0.8573605423721951
2025-12-23,1.005586,1.005586,0.805556,0.817928,0.8644247945565161,0.8647685112007798,0.8587184723250861,0.8565796999489833
2025-12-24,0.80457,0.848989,0.779172,0.808636,0.8638696821728692,0.8594225577530865,0.8567544538025338,0.8556303197519738
2025-12-26,0.706983,0.844616,0.706983,0.844616,0.863678103245776,0.8580124093956497,0.856278436006356,0.8554122144103505
2025-12-29,0.794035,0.864537,0.775746,0.842394,0.8634663211239275,0.8565249418341593,0.8557339483198322,0.8551544279863832
2025-12-30,1.040494,1.077282,0.781235,0.831294,0.8631461985256795,0.8541219949928108,0.8547755189739564,0.8546819442638806
2025-12-31,1.063512,1.096372,0.860092,1.086987,0.8653734701821404,0.876299614517305,0.8638818515632131,0.859282044377467
2026-01-02,0.827792,0.8642,0.753537,0.826231,0.8649839928668952,0.8715311750394664,0.8624053475803419,0.8586275682511806
2026-01-05,0.720236,0.847596,0.718853,0.844022,0.8647754158234435,0.8689112536071363,0.861684431988956,0.8583383490778899
2026-01-06,0.750682,0.887621,0.742555,0.879862,0.8649255310888819,0.869954181835028,0.8623972777933107,0.8587645599872386
2026-01-07,0.640581,0.884693,0.63874,0.884693,0.8651222223218283,0.8713578788031207,0.8632716198406318,0.8592779944429368
2026-01-08,0.795442,0.829378,0.705975,0.828865,0.8647614539405166,0.8673109379647282,0.8619223406311953,0.8586757569292153
2026-01-09,0.640348,0.759806,0.636718,0.755989,0.8636791409659841,0.8567088486347542,0.8577680919789916,0.8566423558019041
2026-01-12,0.79258,0.924309,0.752333,0.923603,0.8642753982698052,0.863079720193349,0.8603498530778547,0.8579683091523614
2026-01-13,0.899916,0.950657,0.803739,0.879236,0.8644242599785633,0.8646184135082682,0.8610904862904879,0.858389451545384
2026-01-14,0.727554,0.886562,0.694876,0.882863,0.8646077300285279,0.8663559931741474,0.8619443103575276,0.8588740762672576
2026-01-15,0.713705,0.893424,0.713705,0.885224,0.8648128670431694,0.8681529462051809,0.8628572393631148,0.8593958569352328
2026-01-16,0.713847,0.797484,0.694751,0.756705,0.8637371668735856,0.8575388560904018,0.8586944064469142,0.8573623746196837
2026-01-20,0.719497,0.866484,0.719497,0.866472,0.8637643791435001,0.8583896317008397,0.8589994101156626,0.857542763241076
2026-01-21,0.987867,0.987867,0.691523,0.807774,0.8632072609430673,0.8535690953483788,0.8569905705032836,0.8565572431768963
2026-01-22,0.614738,0.823253,0.614738,0.761562,0.862195865311793,0.8448065148390094,0.8532482736208019,0.8546761492526013
2026-01-23,0.831364,0.885561,0.719887,0.879916,0.8623721850599344,0.8481502753305323,0.854294066812143,0.8551759482773023
2026-01-26,0.723001,0.913496,0.717732,0.912595,0.8628719145618257,0.854287868156196,0.8565803779175492,0.8563129592025042
2026-01-27,0.719172,0.845391,0.690634,0.773723,0.8619848606855885,0.8466150235698916,0.8533310689796061,0.854677514465821
2026-01-28,0.642306,0.851523,0.641765,0.738609,0.8607572401812543,0.8363287356108543,0.8488321643137392,0.8523791280407552
2026-01-29,0.806568,0.890265,0.799858,0.837261,0.860523446746615,0.8364175226955348,0.8483783931641808,0.8520797591686611
2026-01-30,0.967521,0.971907,0.824354,0.850426,0.8604229746396834,0.8377516633911982,0.8484586914714679,0.852047011462351
2026-02-02,0.954716,0.99975,0.779725,0.867521,0.8604936017576965,0.8405868383063222,0.8492062329823907,0.8523534270769578
2026-02-03,0.937475,0.937475,0.814412,0.902303,0.8609096156705552,0.8464645679914343,0.851288459139944,0.8533425275308795
2026-02-04,0.808238,1.220617,0.756985,0.927922,0.8615764055643805,0.8542224186589168,0.8542936960364168,0.8548193487678918
2026-02-05,0.866879,0.955687,0.844335,0.940136,0.8623580930712026,0.8624046645009247,0.8576600608977338,0.8565087874061513
2026-02-06,0.736619,0.881501,0.736619,0.862195,0.8623564702545737,0.8623846964532176,0.8578379016468423,0.8566213856753364
2026-02-09,1.010854,1.010854,0.750018,0.834934,0.8620836098540308,0.859770344410054,0.8569397094253974,0.8561919324936466
2026-02-10,1.013864,1.040463,0.856689,0.958132,0.8630393152286175,0.869138121132906,0.8609080345459701,0.8582105476917922
2026-02-11,0.747042,0.958913,0.69854,0.923591,0.863641819554701,0.8743241095964388,0.8633661900539713,0.8595052101137369
2026-02-12,0.846981,1.045957,0.846981,0.945411,0.8644554432407239,0.8810942896348732,0.8665836335812666,0.8612063148639599
2026-02-13,0.927726,0.927726,0.754328,0.893288,0.8647423343527565,0.882255595383933,0.8676308636369031,0.8618415957577429
2026-02-17,0.887477,0.931167,0.743095,0.931141,0.8654030175930276,0.8869113482045108,0.8701214572197696,0.8632138611882826
2026-02-18,0.892026,0.950284,0.732818,0.913073,0.8658773457761816,0.8894029340897954,0.8718058314464453,0.8642011708677225
2026-02-19,0.94611,0.952036,0.790705,0.934913,0.8665642677087569,0.8937372260812435,0.8742806223701141,0.8656014051079657
2026-02-20,0.818395,0.91587,0.734141,0.908934,0.8669858570847893,0.8951845378830299,0.8756395783555998,0.8664594762939466
2026-02-23,0.940582,0.970398,0.844664,0.887885,0.8671938087555874,0.8944893437989317,0.8761197909691056,0.866883744090106
2026-02-24,0.744003,0.871013,0.744003,0.847662,0.8669994623998104,0.890029596770462,0.8750037991663956,0.8665031154942624
2026-02-25,0.690339,0.778837,0.673454,0.778773,0.8661215871520511,0.8794337304113704,0.8712300423363408,0.864765885484475
2026-02-26,1.015309,1.015309,0.841594,0.843384,0.865895342503772,0.8760004227531446,0.8701380406760921,0.8643424818115151
2026-02-27,0.990673,0.990673,0.803229,0.853495,0.8657719560111972,0.873857049157607,0.8694853724142846,0.8641276801914851
2026-03-02,0.95474,0.95474,0.766892,0.889106,0.8660041355533743,0.8753093301902158,0.870254808790195,0.8646223003857131
2026-03-03,1.023513,1.036176,0.895934,0.959857,0.8669379949011019,0.8833614892197191,0.8737686202101873,0.8665081360216396
2026-03-04,0.857626,0.866122,0.757518,0.866122,0.8669298755488521,0.8817196331035554,0.8734687527509643,0.8665004897637854
2026-03-05,0.831953,0.909185,0.700685,0.907637,0.8673349215632914,0.8841879537603596,0.8748086840156323,0.8673150741248985
2026-03-06,0.991985,1.026879,0.846304,0.963862,0.8682953900054478,0.8917759581641349,0.87830097091698,0.8692268944392569
2026-03-09,1.100685,1.208443,0.936746,0.952088,0.8691291473188264,0.897519962148503,0.8811945799006279,0.8708677084107568
2026-03-10,0.897954,1.036275,0.793716,0.906799,0.8695039717236142,0.8984036800391219,0.8821986748064856,0.8715792191352962
2026-03-11,0.764218,0.944585,0.764218,0.933696,0.8701426983731304,0.9017648533687292,0.8842181777552509,0.8728092543999438
2026-03-12,1.095761,1.143374,0.886152,0.903714,0.8704767411753879,0.9019504863812312,0.8849827198040646,0.873421229560341
2026-03-13,0.865969,0.908931,0.812845,0.908931,0.8708593706164288,0.9026152972020663,0.8859218680470424,0.8741243933314233
2026-03-16,0.929151,0.997016,0.879025,0.994719,0.8720918047396484,0.9113870784209172,0.890188422241276,0.8765124053446625
2026-03-17,0.83523,1.014921,0.834437,1.010053,0.8734645529511942,0.9207838328570203,0.8948889939180887,0.8791567735556592
2026-03-18,1.26456,1.26456,0.939143,1.060061,0.8753212340163564,0.9340483249658754,0.9013663274899284,0.8827390354654482
2026-03-19,0.93479,0.942541,0.765702,0.891052,0.8754777590510195,0.9299534368738873,0.9009618440589509,0.8829036486245482
2026-03-20,0.967432,1.099719,0.904974,0.997714,0.876694040055487,0.936406823838279,0.9047560462527174,0.8851771209290126
2026-03-23,0.782063,0.94057,0.771433,0.940561,0.8773295321942384,0.9368024596632049,0.9061601620859442,0.8862738314056657
2026-03-24,1.031887,1.031887,0.784015,0.896014,0.8775154472967832,0.9329178444571854,0.9057622733766915,0.8864667060312961
2026-03-25,0.835525,0.91232,0.767572,0.911516,0.8778537612540291,0.9308795735565011,0.9059879097148604,0.8869627316544387
2026-03-26,0.995121,1.002845,0.891392,1.001707,0.8790861317888149,0.9376250427415962,0.9097415995299639,0.8892348953840538
2026-03-27,0.932006,1.025056,0.790958,0.994458,0.8802341105769859,0.9430377053376346,0.9130638113131025,0.8913185212180329
2026-03-30,1.175937,1.178453,1.005749,1.032413,0.88174832838219,0.9515496381626218,0.9177441716537652,0.8941124712929234
2026-03-31,1.133003,1.133003,0.978627,0.984877,0.8827744843186855,0.9547236726233245,0.9203768315889117,0.8959097886930635
2026-04-01,1.037315,1.070702,0.91309,0.972636,0.8836686287533255,0.9564296085639602,0.9224262107422877,0.8974291196100325
2026-04-02,1.129109,1.129109,0.931847,1.039255,0.8852167518503073,0.9643177410816782,0.927007731889649,0.9002375528850813
2026-04-06,0.919363,0.962987,0.871861,0.962981,0.8859905254637371,0.9641904324072327,0.9284184482861334,0.9014799973824065
2026-04-07,1.174483,1.217758,0.928423,0.941462,0.8865424804342472,0.9620258197970201,0.9289299601180497,0.9022717202065172
2026-04-08,1.06002,1.09093,0.968405,0.988058,0.8875525851065432,0.9645050750544467,0.931248706780087,0.9039704584202496
2026-04-09,1.92131,1.92131,0.901317,0.916828,0.8878438827671746,0.9599644012397375,0.9306831888671424,0.904225063204007
2026-04-10,0.77326,0.833488,0.745167,0.810181,0.8870711177645162,0.9456993154073815,0.9259576128331368,0.9023628045266999
2026-04-13,1.048004,1.048004,0.824535,0.841034,0.8866130369907399,0.935731190130488,0.9226272750749746,0.901148372753894
2026-04-14,0.687308,0.7272,0.559805,0.671229,0.8844699122445634,0.9105405053561558,0.9127685191896814,0.8965955138874803
2026-04-15,0.831278,0.913349,0.74774,0.749535,0.8831272763018314,0.8952066477031886,0.9063672047116547,0.8936834245035697
2026-04-16,0.806734,0.807441,0.561749,0.709783,0.8814024576321614,0.8775472526838373,0.8986580202131584,0.8900418319391427
2026-04-17,0.652863,0.731327,0.578883,0.669899,0.879297945615921,0.8577712286187099,0.8896870782440149,0.8856825679403477
2026-04-20,0.943661,0.996285,0.890558,0.892794,0.87943223471427,0.8611067306550233,0.8898089183128771,0.8858233883771726
2026-04-21,0.797973,0.961251,0.739343,0.943296,0.8800676950653719,0.8689342801164497,0.8919064509280584,0.8869614598944563
2026-04-22,0.725405,0.819989,0.692352,0.812322,0.8793936085473084,0.8635426343910735,0.8887854920681346,0.8854834507876354
2026-04-23,0.743032,0.909169,0.686797,0.909109,0.8796892840841511,0.8678822882585903,0.8895824923791882,0.8859512834453059
2026-04-24,0.73103,0.799128,0.713283,0.786988,0.878766883247493,0.8601780703292007,0.8855591789525533,0.883991614466191
2026-04-27,0.818925,0.890032,0.809902,0.824489,0.8782268048072194,0.8567791112502292,0.8831642699740219,0.882813344872801
2026-04-28,0.890485,0.94745,0.84227,0.856006,0.8780057022718242,0.8567054816073503,0.8820992397789622,0.8822825063604683
2026-04-29,0.853545,0.919798,0.778079,0.873461,0.8779604813536965,0.8583012452637931,0.8817604852778265,0.8821078230662016
2026-04-30,0.906942,0.907046,0.79035,0.794829,0.8771333024347543,0.8522562695243843,0.878351407423794,0.8803795295401382
2026-05-01,0.684977,0.760857,0.673375,0.759854,0.8759663442015727,0.8434560533792048,0.8737044502699197,0.8779928853908285
2026-05-04,0.727927,0.851256,0.652644,0.850872,0.8757166492343929,0.8441623340097567,0.8728090600632562,0.8774558381553665
2026-05-05,0.738036,0.906887,0.727568,0.804281,0.8750058467544486,0.8403641117231132,0.8701216851588148,0.8760068314592206
2026-05-06,0.625828,0.677761,0.597871,0.629442,0.8725624253937078,0.8202762915590072,0.860683266132979,0.871124359549137
2026-05-07,0.621155,0.788582,0.621155,0.788582,0.8717267992703873,0.8172577876010065,0.8578557655003132,0.8694898573798472
2026-05-08,0.700534,0.761275,0.676139,0.761275,0.870627776392075,0.8119260935437678,0.8540682845003009,0.8673469889168799
2026-05-11,0.707556,0.77998,0.596457,0.779823,0.869724246278721,0.808868656063409,0.8511567047159754,0.8656138406214962
2026-05-12,0.795275,0.985018,0.795275,0.858518,0.8696127413406243,0.813597165009751,0.8514453829624077,0.865473328926021
2026-05-13,0.691237,0.816212,0.652069,0.696094,0.8678861867004191,0.8024063873897747,0.8453531718658427,0.8621192828086741
2026-05-14,0.636898,0.758439,0.612917,0.70227,0.8662382644446935,0.7928695885907485,0.83974206708679,0.8589539504758291
2026-05-15,0.918409,0.943276,0.796958,0.924232,0.8668153165397712,0.8053802944392486,0.8430553977892689,0.8602465851198721
2026-05-18,0.910401,0.911084,0.76145,0.800215,0.8661526268229576,0.8048883616355107,0.8413753821896897,0.8590578408600726
2026-05-19,0.989686,1.045865,0.75799,0.835013,0.8658427797898933,0.8077573748130811,0.8411258770057802,0.8585817053974969
2026-05-20,0.782037,0.817194,0.632664,0.710951,0.8643015680506904,0.7985377200689782,0.8360209798682987,0.855658325092596
2026-05-21,0.72502,1.087795,0.720865,0.838623,0.8640460599108825,0.8023553657766945,0.8361230198734635,0.8553209919224456
2026-05-22,0.727513,0.856739,0.721039,0.856739,0.8639733528470925,0.8075347595122474,0.8369314896823473,0.855349071290318
2026-05-26,0.819944,0.841042,0.750984,0.799716,0.8633339762018478,0.8067901157491763,0.8354720587144121,0.8542474263142721
2026-05-27,0.823078,0.847461,0.728666,0.804863,0.8627521754436205,0.8066065809159214,0.8342717034707097,0.8532695168823063
2026-05-28,0.814065,0.842387,0.736,0.765787,0.8617873478272661,0.8027190017810718,0.8315860288247995,0.85153718981533
2026-05-29,0.656721,0.670144,0.488024,0.659756,0.8597770856598306,0.7891034778019221,0.8248475963218662,0.8477395424922541
2026-06-01,0.677294,0.743795,0.657514,0.737616,0.8585615524691855,0.7841999084874534,0.8214267494072832,0.8455588782844867
2026-06-02,0.792806,0.792806,0.6893,0.730054,0.8572828703550642,0.779043155298172,0.8178435043324878,0.8432716529719226
2026-06-03,0.834088,0.846767,0.747835,0.799912,0.8567120159236705,0.7810306643173938,0.8171403080841549,0.8424130459823796
2026-06-04,0.740436,0.901038,0.740436,0.812728,0.8562743640239325,0.7840494581919277,0.8169672763945802,0.8418252232896593
2026-06-05,0.928764,1.010389,0.85962,0.966826,0.8573743803023014,0.8014567478879346,0.8228440890849889,0.8443004861948145
2026-06-08,1.048452,1.048452,0.837747,0.92806,0.8580777198017809,0.8135142004700361,0.8269702032385187,0.8459590904285805
2026-06-09,0.873436,0.993689,0.808237,0.956077,0.8590528370176836,0.8270916099490803,0.8320332148762238,0.8481396430933611
2026-06-10,0.737287,0.92762,0.694879,0.927189,0.8597308087886519,0.8366246947158346,0.8357648142928426,0.8497049768934926
2026-06-11,0.934463,0.934463,0.82472,0.850343,0.8596373977559291,0.8379311999809932,0.836336507849986,0.8497176110144135
2026-06-12,0.777001,0.795637,0.714378,0.763699,0.8586827868329845,0.83086146664947,0.8334879781303788,0.8480142721824449
2026-06-15,0.845158,0.923988,0.823211,0.878013,0.858875127262507,0.83535208887333,0.8352340574193835,0.8486083063966539
2026-06-16,0.779938,0.976794,0.760783,0.827193,0.8585598822151189,0.8345750327901558,0.8349187218343096,0.8481842409234528
2026-06-17,0.848793,0.895408,0.746152,0.895408,0.8589265301532769,0.8403686487149028,0.8372908503898269,0.8491193648655626
2026-06-18,0.882131,0.944736,0.829236,0.941819,0.8597513308482692,0.8500305869325311,0.8413899935117944,0.8509550012048585
2026-06-22,0.65577,0.884427,0.65577,0.884151,0.8599941136258983,0.8532801500818138,0.8430668957270182,0.8516123477156533
2026-06-23,0.890735,0.930024,0.724291,0.930024,0.8606909284156904,0.86058908816926,0.8464769782475273,0.853165053701482
2026-06-24,0.881554,0.983352,0.808881,0.980835,0.8618863918145393,0.8720410797721877,0.8517459202770361,0.8556931714499675
2026-06-25,1.030253,1.030253,0.926032,0.978461,0.8630463381646434,0.8821763102700746,0.8567151390897013,0.8581242175598691
2026-06-26,0.96565,1.163183,0.815673,1.030094,0.86470850395405,0.8962637092919723,0.8635143101057915,0.8615295597864063
2026-06-29,0.818226,0.939508,0.804051,0.939508,0.865452777546547,0.9003822131689273,0.8664944548075252,0.8630736873153884
2026-06-30,0.774338,0.927995,0.770741,0.856813,0.8653668096107605,0.8962327642956961,0.8661147899131124,0.862949713309143
2026-07-01,0.835503,0.835503,0.723858,0.78164,0.8645337070275688,0.885319167696106,0.8628020530537747,0.8613396199762887
2026-07-02,0.600727,0.776016,0.590516,0.775707,0.8636498591964488,0.8748799136298102,0.859386560777156,0.8596439245312137
2026-07-06,0.796324,0.800678,0.691093,0.799284,0.8630094028860363,0.8676803028079235,0.8570295976094244,0.8584486785008927
2026-07-07,0.886217,1.013618,0.802053,0.867684,0.8630559162901553,0.8676806549214546,0.8574474173110156,0.8586315561543404
2026-07-08,0.867057,0.971884,0.857968,0.897996,0.8634035788146314,0.8705678306432209,0.8590375578086228,0.8594110500918782
2026-07-09,0.758525,0.844993,0.723319,0.844975,0.8632202098712022,0.8681304182010093,0.8584860849533826,0.8591251877138213
2026-07-10,0.7586,0.806654,0.646297,0.805893,0.8626497898724838,0.8622030450390085,0.8564236110336422,0.858071084986815
2026-07-13,0.77493,0.906478,0.76391,0.904668,0.8630678815155436,0.8662473264638648,0.8583155478558523,0.8589937961751949
2026-07-14,0.712431,0.874414,0.702093,0.867296,0.8631099523462347,0.8663472001339729,0.8586677224497404,0.8591581962509336
2026-07-15,0.80851,0.867477,0.806182,0.845953,0.862939236402491,0.8644048953593089,0.8581691058830839,0.8588967072162617
2026-07-16,0.957015,0.967148,0.843705,0.886644,0.8631751046969937,0.866522905325089,0.8592857683974728,0.8594461585585139
2026-07-17,0.929955,0.94264,0.820162,0.942624,0.8639656409686653,0.8737706286274615,0.86255393434267,0.8610932445276522
2026-07-20,0.981644,1.038458,0.888744,0.925935,0.8645822515062905,0.8787386639962746,0.865039466329232,0.8623772396855205
2026-07-21,0.972456,1.014428,0.839191,0.896565,0.8649004878097105,0.8804364102823438,0.8662757617673014,0.8630542250382824
2026-07-22,0.93087,0.942367,0.811617,0.942253,0.8656701645479223,0.8863237045411682,0.8692552613058385,0.8646225176117818
2026-07-23,0.779899,0.904379,0.749384,0.871755,0.8657307101743111,0.8849362088705807,0.869353290274237,0.864763754886796
2026-07-24,0.878714,0.977338,0.836104,0.977338,0.8668412304710842,0.8937363794543349,0.8735879847732866,0.8669929478593347
2026-07-27,0.907738,1.012565,0.901185,0.909495,0.8672656460882874,0.8952372004586839,0.8749961030174714,0.8678345726541994
2026-07-28,1.145409,1.145409,0.930614,0.934058,0.8679302466247223,0.8989344194626188,0.8773122558403157,0.869145927651146
2026-07-29,1.08836,1.110763,0.926933,0.983785,0.8690830302403967,0.9070154271328456,0.881487657572068,0.8714160082917173
2026-07-30,0.910452,0.919594,0.770736,0.887118,0.8692624826758156,0.9051204340725746,0.8817084553143398,0.8717269388205942
2026-07-31,0.904819,0.990109,0.904819,0.945327,0.870019343544713,0.9089496308275675,0.8842033002039735,0.8731843657746418
2026-08-03,0.752438,0.780924,0.730739,0.780871,0.8691322953502383,0.8967516659868469,0.880151053137151,0.8713563783335597
2026-08-04,0.654501,0.701132,0.632064,0.69636,0.8674131680333205,0.877666745416671,0.8729435608572628,0.8678911035150734
2026-08-05,0.736519,0.844092,0.664846,0.843803,0.8671782409882128,0.8744416268055595,0.8718007937648211,0.86741411136626
2026-08-06,0.9309,0.9309,0.775617,0.863224,0.867138895306738,0.8733732813955062,0.8714644489112987,0.8673311388639579
2026-08-07,0.710845,0.855553,0.697152,0.768972,0.8661621102788103,0.8634303022149817,0.867445137189287,0.8653834331438794
2026-08-10,0.772117,0.864808,0.768862,0.864808,0.8661486365446928,0.8635615115278407,0.8673417200446091,0.865372038428159
2026-08-11,0.769276,0.882672,0.688113,0.799317,0.8654836451362878,0.8574429866204273,0.8646740839644284,0.8640640178652251